{"type":"FeatureCollection","features":[{"type":"Feature","properties":{"nm":"甲府市","b":[138.5232,35.5018,138.6613,35.8758],"c":[138.58768,35.69717]},"geometry":{"type":"Polygon","coordinates":[[[138.60925,35.69113],[138.61122,35.69254],[138.6122,35.69284],[138.61571,35.69263],[138.61739,35.69281],[138.6199,35.69249],[138.62154,35.69287],[138.62238,35.6926],[138.62246,35.69293],[138.62135,35.69386],[138.62087,35.69482],[138.62187,35.69635],[138.62291,35.69712],[138.62428,35.69875],[138.62358,35.69964],[138.62343,35.70043],[138.62222,35.70095],[138.62223,35.70148],[138.62029,35.70267],[138.62052,35.70382],[138.62031,35.70443],[138.61927,35.70533],[138.61766,35.70623],[138.61744,35.70658],[138.61795,35.70736],[138.61764,35.70939],[138.61662,35.71053],[138.61685,35.71154],[138.61565,35.71293],[138.61599,35.71367],[138.61752,35.71444],[138.6186,35.71572],[138.62144,35.71746],[138.62039,35.71765],[138.61861,35.71943],[138.61657,35.71997],[138.61654,35.71939],[138.61567,35.71897],[138.61372,35.71841],[138.61287,35.71786],[138.6123,35.71784],[138.61201,35.71883],[138.6108,35.71944],[138.61026,35.72001],[138.60844,35.72011],[138.60691,35.7203],[138.60645,35.72057],[138.60577,35.72166],[138.60575,35.72229],[138.6037,35.72196],[138.60305,35.7226],[138.60139,35.72309],[138.60044,35.72423],[138.5995,35.72435],[138.5981,35.72525],[138.59749,35.72516],[138.59531,35.72571],[138.59489,35.72607],[138.59374,35.72733],[138.59375,35.72794],[138.59457,35.72912],[138.59561,35.73005],[138.59715,35.73206],[138.59722,35.73324],[138.59805,35.73471],[138.5982,35.73503],[138.59684,35.73642],[138.59599,35.73668],[138.59486,35.73766],[138.59555,35.73907],[138.59522,35.74054],[138.59316,35.74311],[138.59475,35.74334],[138.59539,35.74369],[138.59537,35.74457],[138.59589,35.74515],[138.59551,35.74626],[138.59535,35.74888],[138.59475,35.74999],[138.5946,35.75083],[138.59584,35.75169],[138.59635,35.75254],[138.59746,35.7537],[138.5986,35.75453],[138.59889,35.75516],[138.60012,35.75554],[138.60132,35.75677],[138.60389,35.75779],[138.60545,35.75916],[138.6059,35.76029],[138.60489,35.7626],[138.60641,35.76309],[138.60739,35.76388],[138.6082,35.76518],[138.60832,35.76651],[138.60947,35.76847],[138.60983,35.76943],[138.60996,35.77064],[138.61055,35.7717],[138.6113,35.77206],[138.61104,35.77353],[138.61129,35.77468],[138.61174,35.77521],[138.61296,35.77574],[138.61346,35.77639],[138.61501,35.77684],[138.61646,35.77769],[138.61678,35.77937],[138.61681,35.78052],[138.616,35.78292],[138.61485,35.78355],[138.61502,35.78515],[138.61442,35.7868],[138.6143,35.78804],[138.61298,35.7896],[138.61441,35.79132],[138.61528,35.79376],[138.61836,35.79446],[138.61931,35.79509],[138.61968,35.79682],[138.62013,35.79799],[138.62105,35.79873],[138.62262,35.79907],[138.62405,35.79784],[138.62495,35.79771],[138.62632,35.79842],[138.62681,35.79942],[138.62795,35.80087],[138.63073,35.80053],[138.63122,35.80132],[138.62972,35.80402],[138.63172,35.80403],[138.63443,35.80349],[138.63498,35.80354],[138.63571,35.80467],[138.63533,35.8064],[138.63622,35.8077],[138.63567,35.80828],[138.63563,35.80934],[138.63614,35.8109],[138.63693,35.81258],[138.63657,35.81323],[138.63464,35.81369],[138.63318,35.81422],[138.63132,35.81513],[138.63043,35.81605],[138.62992,35.81719],[138.63011,35.81862],[138.62914,35.81949],[138.62843,35.82059],[138.62849,35.82132],[138.62948,35.82109],[138.63046,35.82119],[138.63094,35.82296],[138.63101,35.82386],[138.63053,35.82433],[138.63162,35.82553],[138.63229,35.82578],[138.63248,35.82647],[138.63351,35.8269],[138.63459,35.82831],[138.63416,35.83033],[138.63352,35.83125],[138.63368,35.83254],[138.63438,35.83318],[138.63457,35.83397],[138.63594,35.83418],[138.63619,35.83461],[138.63556,35.8354],[138.63628,35.83622],[138.63576,35.83695],[138.63664,35.83737],[138.63666,35.83872],[138.63722,35.83899],[138.63797,35.8405],[138.63799,35.84376],[138.63828,35.84477],[138.63903,35.84617],[138.63868,35.84777],[138.63811,35.84849],[138.63819,35.8495],[138.63738,35.85081],[138.63569,35.85217],[138.63637,35.85293],[138.63789,35.85312],[138.639,35.85421],[138.63903,35.85458],[138.64209,35.85565],[138.64415,35.85913],[138.64535,35.85957],[138.6459,35.86011],[138.64812,35.86306],[138.64975,35.86331],[138.65059,35.86419],[138.65142,35.86455],[138.65234,35.86585],[138.65345,35.86654],[138.65434,35.8668],[138.65643,35.86889],[138.65888,35.86949],[138.65945,35.86986],[138.66085,35.87185],[138.6613,35.87276],[138.66118,35.87371],[138.66034,35.87367],[138.65891,35.87545],[138.6582,35.8758],[138.65607,35.87583],[138.65379,35.87498],[138.65252,35.87406],[138.64957,35.87338],[138.64849,35.87336],[138.64578,35.8737],[138.64377,35.87447],[138.64285,35.87465],[138.64222,35.87443],[138.64104,35.87333],[138.64004,35.87273],[138.63644,35.87182],[138.6359,35.87158],[138.63449,35.8701],[138.63134,35.8714],[138.62897,35.87305],[138.62826,35.87337],[138.62706,35.87243],[138.62464,35.87105],[138.62198,35.87027],[138.62152,35.87035],[138.62152,35.87034],[138.62078,35.8681],[138.62093,35.86612],[138.62122,35.8648],[138.62041,35.86281],[138.62042,35.86171],[138.61847,35.8603],[138.61698,35.85995],[138.61547,35.85901],[138.61401,35.85955],[138.61293,35.8597],[138.61133,35.86029],[138.60933,35.85991],[138.60906,35.8597],[138.60861,35.85816],[138.60723,35.85706],[138.60698,35.85628],[138.60701,35.85504],[138.60627,35.85376],[138.60513,35.85296],[138.6041,35.85154],[138.60451,35.85043],[138.60343,35.84819],[138.60222,35.84795],[138.59892,35.84821],[138.59733,35.84727],[138.59452,35.84789],[138.5932,35.84786],[138.59316,35.84681],[138.59141,35.84597],[138.59033,35.84406],[138.59007,35.84181],[138.58935,35.84037],[138.5892,35.8388],[138.5882,35.83806],[138.58737,35.83573],[138.58771,35.83514],[138.58621,35.83445],[138.58652,35.83323],[138.58591,35.83285],[138.58466,35.83083],[138.58285,35.83014],[138.58105,35.82982],[138.58069,35.82954],[138.58017,35.8279],[138.57974,35.82775],[138.57835,35.828],[138.57652,35.82882],[138.57351,35.82861],[138.57235,35.82866],[138.57107,35.82927],[138.5687,35.82998],[138.56768,35.83005],[138.56663,35.83053],[138.56548,35.82876],[138.56503,35.82847],[138.56326,35.82841],[138.56245,35.82859],[138.56106,35.82819],[138.5586,35.82829],[138.55661,35.82817],[138.5563,35.82663],[138.55554,35.82578],[138.55561,35.8245],[138.55538,35.82274],[138.55553,35.82049],[138.55685,35.8188],[138.5575,35.81767],[138.55833,35.81697],[138.55775,35.81654],[138.55621,35.81443],[138.55609,35.81301],[138.55575,35.81189],[138.55458,35.81104],[138.55358,35.81057],[138.55258,35.80929],[138.5512,35.80819],[138.54963,35.80739],[138.54842,35.80467],[138.54847,35.80379],[138.54929,35.8025],[138.54873,35.80174],[138.54822,35.80039],[138.54849,35.79902],[138.54864,35.79803],[138.54732,35.79714],[138.5481,35.7954],[138.54964,35.79424],[138.5498,35.79309],[138.55045,35.79196],[138.55009,35.79109],[138.54937,35.79035],[138.54855,35.78927],[138.54703,35.78858],[138.54602,35.78726],[138.54504,35.78571],[138.54482,35.78433],[138.5449,35.78212],[138.54434,35.77986],[138.54294,35.77747],[138.54245,35.77576],[138.5408,35.77388],[138.54026,35.77293],[138.54019,35.77273],[138.54017,35.77257],[138.54015,35.77241],[138.54015,35.77154],[138.54108,35.76982],[138.54089,35.76858],[138.54068,35.76703],[138.54058,35.76575],[138.54153,35.76268],[138.54277,35.76032],[138.54409,35.75992],[138.54469,35.75963],[138.54572,35.76005],[138.5476,35.76013],[138.5477,35.75914],[138.5508,35.75903],[138.55247,35.75948],[138.55457,35.75913],[138.55574,35.7594],[138.55569,35.75771],[138.55713,35.75716],[138.55768,35.75671],[138.55649,35.75608],[138.55434,35.75418],[138.55332,35.75358],[138.55323,35.75297],[138.55324,35.75195],[138.55392,35.75132],[138.5537,35.75026],[138.55395,35.74874],[138.55649,35.74789],[138.5584,35.74764],[138.55953,35.74724],[138.56067,35.74724],[138.56124,35.74706],[138.56252,35.74517],[138.56252,35.74398],[138.5634,35.74343],[138.56388,35.74313],[138.56503,35.74128],[138.56507,35.74095],[138.56513,35.74072],[138.56566,35.74011],[138.56546,35.74004],[138.56456,35.7399],[138.56399,35.73929],[138.56421,35.7382],[138.56285,35.73566],[138.56179,35.73627],[138.56068,35.73628],[138.56003,35.73595],[138.55972,35.73498],[138.56009,35.73458],[138.56122,35.73457],[138.56167,35.7335],[138.5602,35.73293],[138.55884,35.73213],[138.55614,35.73107],[138.55537,35.73029],[138.55398,35.73002],[138.55289,35.73028],[138.55228,35.7298],[138.55283,35.72863],[138.55174,35.72765],[138.54875,35.72587],[138.54864,35.72459],[138.54985,35.72413],[138.55019,35.72329],[138.54983,35.72167],[138.54883,35.72083],[138.54713,35.72146],[138.54618,35.72152],[138.54509,35.72098],[138.54412,35.71851],[138.54436,35.71796],[138.54398,35.7157],[138.54192,35.71454],[138.54236,35.71425],[138.54207,35.71371],[138.54109,35.71417],[138.5388,35.71402],[138.53676,35.71406],[138.53544,35.71426],[138.53488,35.71352],[138.53488,35.71299],[138.53414,35.71209],[138.53244,35.71173],[138.53128,35.71075],[138.53053,35.70893],[138.52941,35.70875],[138.52819,35.70734],[138.52617,35.70783],[138.52501,35.70772],[138.52436,35.70725],[138.5244,35.7064],[138.52516,35.70512],[138.52481,35.70394],[138.52339,35.70202],[138.52324,35.70109],[138.52401,35.69924],[138.524,35.69835],[138.52358,35.69706],[138.52382,35.69615],[138.52674,35.6944],[138.52723,35.69332],[138.52733,35.69268],[138.52839,35.69244],[138.52835,35.69206],[138.53161,35.68837],[138.53258,35.68689],[138.53326,35.68612],[138.53544,35.68189],[138.53586,35.68108],[138.53622,35.68024],[138.5356,35.67998],[138.53586,35.67898],[138.53466,35.67896],[138.53424,35.679],[138.53309,35.67885],[138.53347,35.67694],[138.53457,35.67672],[138.53496,35.6764],[138.53587,35.67573],[138.53576,35.67497],[138.53651,35.67387],[138.53674,35.6733],[138.53636,35.67208],[138.53402,35.67213],[138.5338,35.67106],[138.53308,35.67086],[138.53327,35.67012],[138.53253,35.6696],[138.53318,35.6692],[138.53332,35.66861],[138.53246,35.66805],[138.53284,35.66703],[138.53272,35.6665],[138.5317,35.66654],[138.53134,35.66599],[138.53127,35.66572],[138.53057,35.66395],[138.53054,35.66393],[138.53061,35.66316],[138.53134,35.66267],[138.53213,35.66185],[138.53295,35.66061],[138.53334,35.65911],[138.53609,35.65786],[138.53703,35.6574],[138.53694,35.657],[138.53791,35.65622],[138.53696,35.65665],[138.5363,35.65659],[138.53517,35.65763],[138.53431,35.65751],[138.53441,35.65676],[138.53487,35.65715],[138.53604,35.65651],[138.53595,35.65567],[138.53681,35.65605],[138.53671,35.65523],[138.53762,35.65486],[138.5386,35.65411],[138.53519,35.65385],[138.53358,35.65471],[138.53309,35.65436],[138.53365,35.65394],[138.53257,35.65304],[138.53292,35.65271],[138.53217,35.65249],[138.53291,35.65089],[138.53375,35.65089],[138.53449,35.65014],[138.53583,35.64977],[138.53617,35.64922],[138.53704,35.64877],[138.53686,35.64827],[138.53862,35.64724],[138.5388,35.64678],[138.53947,35.64636],[138.54229,35.64533],[138.54242,35.646],[138.54285,35.64736],[138.54288,35.64889],[138.54321,35.64919],[138.54276,35.64985],[138.54355,35.64944],[138.5435,35.65057],[138.54292,35.65088],[138.54311,35.65128],[138.54326,35.6516],[138.54476,35.6519],[138.54551,35.6506],[138.54627,35.65023],[138.54611,35.64981],[138.54691,35.64952],[138.54799,35.64856],[138.54761,35.64754],[138.5482,35.64762],[138.5522,35.64681],[138.55139,35.64547],[138.55055,35.64487],[138.55191,35.64478],[138.55359,35.64425],[138.55139,35.64274],[138.5492,35.64081],[138.54718,35.64269],[138.54659,35.64294],[138.54591,35.64255],[138.54551,35.64237],[138.54639,35.64026],[138.54743,35.63883],[138.54751,35.63713],[138.54807,35.63602],[138.54818,35.63497],[138.54767,35.63441],[138.54827,35.63386],[138.54983,35.63239],[138.5511,35.63235],[138.55144,35.63179],[138.55107,35.63111],[138.55107,35.6307],[138.55119,35.63043],[138.55253,35.62962],[138.55303,35.62917],[138.55321,35.62888],[138.55234,35.62779],[138.55183,35.6283],[138.55099,35.62847],[138.55009,35.62973],[138.54951,35.62953],[138.54785,35.62917],[138.54627,35.62805],[138.54617,35.62762],[138.54694,35.62752],[138.54733,35.62693],[138.54694,35.62648],[138.54754,35.6253],[138.54812,35.62375],[138.54769,35.62373],[138.54778,35.62222],[138.55097,35.62226],[138.55236,35.62154],[138.55244,35.62029],[138.55368,35.62033],[138.55387,35.61724],[138.55394,35.61564],[138.55427,35.6094],[138.55382,35.60895],[138.55416,35.60815],[138.55487,35.60655],[138.5555,35.60487],[138.55717,35.6047],[138.55769,35.60581],[138.55904,35.60592],[138.55918,35.60456],[138.55964,35.60323],[138.55919,35.60032],[138.56016,35.59877],[138.56014,35.5978],[138.55968,35.59713],[138.55894,35.59688],[138.55819,35.59621],[138.55756,35.59521],[138.55777,35.59445],[138.55729,35.59375],[138.55652,35.59347],[138.55596,35.59238],[138.55827,35.59222],[138.55959,35.5917],[138.56041,35.59257],[138.56255,35.59127],[138.56278,35.58986],[138.5626,35.58919],[138.56272,35.58797],[138.56253,35.58595],[138.56208,35.58532],[138.56117,35.58482],[138.55982,35.58378],[138.55961,35.58301],[138.56062,35.58159],[138.56211,35.58123],[138.56218,35.58157],[138.5638,35.58086],[138.56407,35.58038],[138.56646,35.57984],[138.56622,35.5794],[138.56702,35.57905],[138.56794,35.57943],[138.56919,35.57885],[138.56946,35.57814],[138.5703,35.57832],[138.57013,35.57684],[138.57115,35.57639],[138.5714,35.57567],[138.57216,35.57573],[138.57195,35.57474],[138.57347,35.57448],[138.57386,35.57362],[138.57454,35.57342],[138.57498,35.5726],[138.57567,35.57212],[138.57545,35.5712],[138.57618,35.57084],[138.57551,35.5704],[138.5753,35.56976],[138.57548,35.56805],[138.57627,35.56675],[138.57725,35.56628],[138.57761,35.56473],[138.57934,35.56276],[138.57871,35.56157],[138.57892,35.5591],[138.58007,35.55821],[138.58414,35.55777],[138.58431,35.55623],[138.58368,35.55442],[138.58394,35.55319],[138.58365,35.55158],[138.58429,35.55091],[138.58477,35.5512],[138.58786,35.55142],[138.58967,35.55121],[138.59033,35.55069],[138.59208,35.55016],[138.59329,35.54951],[138.59476,35.54983],[138.59535,35.54908],[138.59537,35.54812],[138.5965,35.5455],[138.59642,35.54302],[138.59534,35.54288],[138.59457,35.54176],[138.59465,35.54051],[138.59422,35.53977],[138.59276,35.53909],[138.59077,35.53722],[138.58996,35.5368],[138.58986,35.53539],[138.58928,35.53455],[138.58935,35.53331],[138.58987,35.53272],[138.58984,35.53213],[138.58889,35.53126],[138.58904,35.52934],[138.58895,35.52805],[138.58977,35.52704],[138.59058,35.52672],[138.59154,35.52566],[138.59278,35.52505],[138.59298,35.5242],[138.59276,35.52336],[138.59443,35.52191],[138.59577,35.51966],[138.59465,35.51857],[138.59459,35.5185],[138.59459,35.5182],[138.59466,35.51797],[138.59507,35.51709],[138.59509,35.51694],[138.59511,35.51678],[138.59512,35.51646],[138.59509,35.51621],[138.59504,35.51596],[138.595,35.51574],[138.59496,35.51543],[138.59493,35.51529],[138.59491,35.51518],[138.59488,35.51505],[138.59488,35.51483],[138.59498,35.51441],[138.59505,35.51412],[138.59513,35.51379],[138.59529,35.51304],[138.5954,35.51277],[138.59554,35.51251],[138.59568,35.51229],[138.59573,35.51219],[138.59582,35.51205],[138.59586,35.51199],[138.59593,35.51191],[138.59598,35.51186],[138.59604,35.51182],[138.59642,35.51164],[138.59659,35.51151],[138.59662,35.51148],[138.5967,35.51138],[138.59685,35.51121],[138.597,35.51111],[138.59715,35.51103],[138.59758,35.51081],[138.59806,35.5106],[138.59821,35.51054],[138.59864,35.51036],[138.59915,35.51021],[138.59933,35.51017],[138.59953,35.51004],[138.59987,35.50969],[138.60006,35.50947],[138.60023,35.5093],[138.6004,35.50911],[138.60047,35.50896],[138.60051,35.50885],[138.60053,35.50869],[138.60052,35.50862],[138.60048,35.5084],[138.60046,35.5083],[138.60047,35.50822],[138.60051,35.50809],[138.6006,35.50791],[138.60065,35.50781],[138.60078,35.50762],[138.60096,35.50739],[138.60106,35.50725],[138.60119,35.50705],[138.6013,35.50681],[138.60134,35.5067],[138.60145,35.5065],[138.60155,35.50628],[138.60183,35.50548],[138.60195,35.50527],[138.60207,35.50509],[138.60218,35.50495],[138.60231,35.5048],[138.60233,35.50473],[138.60411,35.50447],[138.60657,35.5044],[138.60831,35.50422],[138.60975,35.5038],[138.61173,35.50383],[138.61206,35.50339],[138.6131,35.50314],[138.61373,35.5026],[138.61508,35.50198],[138.61593,35.5021],[138.61688,35.50184],[138.61874,35.50221],[138.62039,35.50219],[138.62104,35.50239],[138.62175,35.50358],[138.62407,35.50443],[138.62433,35.50566],[138.62584,35.50638],[138.62668,35.50722],[138.62692,35.50733],[138.62887,35.50767],[138.62944,35.50815],[138.63021,35.50852],[138.63153,35.50927],[138.63187,35.50971],[138.63214,35.51064],[138.6324,35.51119],[138.6331,35.51146],[138.63396,35.51165],[138.63537,35.51262],[138.63617,35.51314],[138.63667,35.5134],[138.63923,35.51287],[138.64114,35.51353],[138.64159,35.51354],[138.64482,35.51316],[138.64487,35.51326],[138.64523,35.51339],[138.64593,35.51403],[138.64645,35.51439],[138.64669,35.51452],[138.64691,35.51456],[138.64841,35.51533],[138.64871,35.51549],[138.64933,35.5157],[138.64962,35.51579],[138.65044,35.51627],[138.65025,35.51746],[138.65055,35.51973],[138.6503,35.5207],[138.64931,35.52206],[138.64673,35.52315],[138.64372,35.52499],[138.64202,35.52648],[138.6417,35.52901],[138.6411,35.53054],[138.6406,35.5309],[138.63999,35.53372],[138.63839,35.53476],[138.63695,35.53466],[138.63637,35.53516],[138.63559,35.53514],[138.63374,35.53467],[138.63194,35.53486],[138.63175,35.53689],[138.63124,35.53766],[138.63089,35.53912],[138.63003,35.53941],[138.62949,35.54041],[138.62817,35.54143],[138.62714,35.5427],[138.6253,35.54457],[138.6232,35.54555],[138.62188,35.54571],[138.62083,35.54677],[138.61957,35.54718],[138.61809,35.5473],[138.6161,35.5487],[138.6172,35.54927],[138.61865,35.54961],[138.61912,35.55055],[138.61976,35.55117],[138.62105,35.55139],[138.62159,35.55307],[138.62355,35.55518],[138.62458,35.55697],[138.62391,35.55761],[138.62441,35.55894],[138.62457,35.56153],[138.62349,35.56248],[138.62276,35.56355],[138.62135,35.56467],[138.62032,35.5668],[138.6194,35.5679],[138.61915,35.56926],[138.61916,35.57056],[138.61892,35.57101],[138.61748,35.57202],[138.61814,35.57307],[138.61805,35.57363],[138.61701,35.57518],[138.61557,35.57615],[138.61341,35.57651],[138.6124,35.57717],[138.61225,35.57794],[138.61138,35.57839],[138.60886,35.57837],[138.60842,35.57863],[138.60662,35.57847],[138.60553,35.57784],[138.60485,35.57784],[138.6031,35.57949],[138.60218,35.57956],[138.60162,35.57956],[138.59878,35.58069],[138.59805,35.58079],[138.5967,35.58263],[138.59559,35.58247],[138.59519,35.58326],[138.5947,35.58319],[138.59456,35.58391],[138.59361,35.5847],[138.59316,35.58546],[138.59286,35.58501],[138.59247,35.58605],[138.59053,35.58805],[138.58965,35.58835],[138.58903,35.58891],[138.58561,35.58962],[138.58512,35.59009],[138.58535,35.59279],[138.585,35.59403],[138.58584,35.59487],[138.58753,35.59487],[138.58797,35.59568],[138.59011,35.59325],[138.59026,35.59271],[138.59103,35.59201],[138.59231,35.59267],[138.592,35.59345],[138.59248,35.59362],[138.59219,35.59631],[138.59355,35.59649],[138.59381,35.59695],[138.5957,35.59755],[138.59685,35.5976],[138.5973,35.59843],[138.59817,35.59856],[138.59885,35.59997],[138.60011,35.59981],[138.60053,35.60053],[138.6014,35.60125],[138.60258,35.6015],[138.60312,35.60137],[138.60477,35.60276],[138.60724,35.60346],[138.6083,35.60325],[138.60872,35.60503],[138.60699,35.60697],[138.60702,35.60861],[138.60615,35.61035],[138.60743,35.61381],[138.60765,35.6158],[138.60788,35.61762],[138.60736,35.61823],[138.60688,35.61752],[138.6057,35.61684],[138.60552,35.61706],[138.60416,35.6165],[138.60268,35.61816],[138.60211,35.61781],[138.60158,35.6175],[138.59877,35.618],[138.59828,35.61625],[138.59746,35.61606],[138.59464,35.61631],[138.59618,35.61919],[138.59803,35.62188],[138.59846,35.62284],[138.5983,35.62471],[138.59755,35.6252],[138.59751,35.62692],[138.59728,35.62709],[138.59726,35.62782],[138.59852,35.62788],[138.59869,35.62881],[138.59823,35.62969],[138.59791,35.63024],[138.59755,35.63147],[138.59779,35.63323],[138.59843,35.6343],[138.60013,35.6363],[138.60106,35.63672],[138.60295,35.63689],[138.60565,35.63738],[138.60697,35.63792],[138.60822,35.63908],[138.60949,35.64041],[138.61035,35.64112],[138.61323,35.64209],[138.61661,35.64331],[138.61881,35.6446],[138.62173,35.6469],[138.62424,35.64779],[138.62477,35.6477],[138.62781,35.64882],[138.62951,35.64956],[138.63217,35.65068],[138.6356,35.65352],[138.63557,35.654],[138.63413,35.654],[138.63352,35.65333],[138.63191,35.65323],[138.63082,35.65401],[138.63059,35.65597],[138.63118,35.6571],[138.63025,35.65687],[138.62567,35.65726],[138.6222,35.65778],[138.62288,35.66052],[138.62447,35.66001],[138.62528,35.65943],[138.62623,35.6595],[138.62778,35.65903],[138.62768,35.66304],[138.62732,35.66504],[138.62648,35.66711],[138.62637,35.66871],[138.62571,35.66919],[138.62288,35.67026],[138.62239,35.6706],[138.62213,35.67183],[138.62138,35.67312],[138.62042,35.67403],[138.61995,35.67537],[138.61893,35.67686],[138.61872,35.67823],[138.61958,35.67962],[138.61919,35.68114],[138.61797,35.68169],[138.61673,35.68294],[138.61369,35.68734],[138.61249,35.6876],[138.61109,35.68906],[138.61035,35.69056],[138.60925,35.69113]],[[138.56224,35.66884],[138.56283,35.6687],[138.56357,35.66852],[138.56224,35.66884]],[[138.56817,35.67108],[138.56814,35.67101],[138.56765,35.67121],[138.56817,35.67108]],[[138.57925,35.64425],[138.57833,35.64346],[138.57837,35.6435],[138.57925,35.64425]],[[138.5948,35.66713],[138.59479,35.66739],[138.59481,35.66712],[138.5948,35.66713]],[[138.59591,35.66516],[138.596,35.66483],[138.5959,35.6648],[138.59591,35.66516]],[[138.58935,35.639],[138.5856,35.6375],[138.58877,35.63877],[138.58935,35.639]],[[138.55443,35.63138],[138.55494,35.63089],[138.55417,35.6313],[138.55443,35.63138]],[[138.56655,35.61546],[138.56683,35.61504],[138.56654,35.61482],[138.56655,35.61546]],[[138.54184,35.6518],[138.5418,35.65167],[138.54178,35.65182],[138.54184,35.6518]]]}},{"type":"Feature","properties":{"nm":"山梨市","b":[138.5932,35.6606,138.8136,35.9098],"c":[138.69757,35.7971]},"geometry":{"type":"MultiPolygon","coordinates":[[[[138.66623,35.66219],[138.66769,35.66173],[138.66944,35.66243],[138.67137,35.66251],[138.67414,35.66212],[138.67553,35.66178],[138.67818,35.66092],[138.67984,35.66064],[138.68214,35.66063],[138.68485,35.66086],[138.68657,35.66106],[138.68846,35.66157],[138.68906,35.66176],[138.69185,35.66255],[138.69519,35.66313],[138.69848,35.66322],[138.70125,35.66333],[138.70515,35.66335],[138.70653,35.66317],[138.70781,35.66315],[138.70848,35.66599],[138.70733,35.66696],[138.70824,35.66825],[138.70649,35.66894],[138.70681,35.66982],[138.7079,35.66994],[138.70696,35.67068],[138.70349,35.67124],[138.70373,35.67221],[138.7003,35.67276],[138.70067,35.67426],[138.70053,35.67525],[138.70092,35.6754],[138.701,35.67569],[138.70355,35.67732],[138.70399,35.67812],[138.70653,35.67983],[138.7078,35.68068],[138.71119,35.68322],[138.71247,35.68393],[138.71274,35.68447],[138.71384,35.68489],[138.71617,35.68652],[138.71626,35.68743],[138.71708,35.68953],[138.71196,35.69087],[138.71287,35.69306],[138.71312,35.69427],[138.71118,35.69486],[138.71114,35.6955],[138.7117,35.69678],[138.71177,35.69787],[138.71088,35.69784],[138.7119,35.70118],[138.71211,35.70229],[138.71234,35.70315],[138.71348,35.70855],[138.71243,35.70902],[138.71099,35.70902],[138.71032,35.70789],[138.70982,35.70636],[138.70876,35.70658],[138.70883,35.70695],[138.70779,35.70693],[138.70574,35.70734],[138.70659,35.70821],[138.70679,35.70879],[138.70629,35.70889],[138.7062,35.71016],[138.70683,35.71085],[138.70528,35.71123],[138.7038,35.71111],[138.702,35.71215],[138.70254,35.71267],[138.70382,35.71444],[138.70585,35.71672],[138.70603,35.71824],[138.70589,35.71917],[138.70674,35.7215],[138.70626,35.72216],[138.70659,35.72299],[138.70773,35.72329],[138.70898,35.72528],[138.71013,35.72583],[138.71004,35.72649],[138.71119,35.72736],[138.71183,35.72743],[138.71077,35.72865],[138.71024,35.73015],[138.7103,35.73342],[138.71055,35.73428],[138.7114,35.73476],[138.71289,35.73503],[138.71429,35.73584],[138.71487,35.73669],[138.71657,35.73832],[138.71731,35.73937],[138.71692,35.73962],[138.71811,35.74006],[138.71877,35.74088],[138.72048,35.74213],[138.72108,35.74333],[138.72145,35.74426],[138.72164,35.74574],[138.72152,35.74729],[138.72116,35.7473],[138.72083,35.74848],[138.72122,35.75],[138.7219,35.7518],[138.7222,35.75171],[138.72287,35.75266],[138.72301,35.75283],[138.72341,35.75316],[138.72525,35.75406],[138.7268,35.75386],[138.72868,35.75612],[138.72975,35.7557],[138.73054,35.75694],[138.73123,35.75703],[138.73229,35.75743],[138.73121,35.75864],[138.73215,35.75892],[138.73253,35.75937],[138.73297,35.75858],[138.73437,35.75745],[138.73529,35.75604],[138.73682,35.75512],[138.73741,35.75691],[138.73713,35.7591],[138.73757,35.76073],[138.73865,35.76101],[138.73913,35.76142],[138.74007,35.7614],[138.74017,35.7627],[138.74112,35.76383],[138.74185,35.76413],[138.74218,35.76507],[138.74221,35.76615],[138.74185,35.7665],[138.7422,35.7676],[138.74321,35.76824],[138.74309,35.76907],[138.74367,35.76991],[138.74375,35.77095],[138.74311,35.77151],[138.74332,35.77336],[138.74425,35.77319],[138.74505,35.77497],[138.74614,35.77586],[138.74502,35.77628],[138.74545,35.77732],[138.74479,35.77822],[138.74287,35.77823],[138.74116,35.77765],[138.7404,35.77764],[138.74028,35.7783],[138.74122,35.77899],[138.74084,35.77954],[138.74095,35.7806],[138.74003,35.7814],[138.73936,35.78381],[138.74206,35.78529],[138.74178,35.78576],[138.74318,35.78656],[138.74219,35.7879],[138.74028,35.7886],[138.74084,35.78914],[138.74621,35.78912],[138.74774,35.78855],[138.74987,35.78852],[138.7521,35.78877],[138.75398,35.78819],[138.75554,35.78824],[138.75935,35.78859],[138.76014,35.78893],[138.76119,35.79026],[138.76406,35.79025],[138.76529,35.7905],[138.76687,35.79011],[138.768,35.79035],[138.76883,35.79004],[138.7709,35.79027],[138.77402,35.78882],[138.7749,35.78786],[138.7765,35.78656],[138.77873,35.78597],[138.78115,35.78593],[138.78187,35.78573],[138.78376,35.78566],[138.78424,35.78611],[138.78688,35.78689],[138.78688,35.78735],[138.78617,35.78743],[138.78567,35.7884],[138.78491,35.78878],[138.78518,35.78938],[138.78612,35.78988],[138.78655,35.79053],[138.78537,35.79101],[138.78531,35.79202],[138.78447,35.79375],[138.78598,35.79514],[138.78576,35.79577],[138.78465,35.79685],[138.78507,35.79744],[138.78596,35.79791],[138.78528,35.79928],[138.78524,35.80161],[138.78438,35.80387],[138.78498,35.80587],[138.78612,35.8076],[138.78617,35.80852],[138.78403,35.80949],[138.78314,35.81153],[138.78502,35.81237],[138.78458,35.81341],[138.78472,35.81478],[138.78417,35.81657],[138.78646,35.81736],[138.78679,35.81868],[138.78612,35.82026],[138.78678,35.82098],[138.78669,35.82213],[138.78594,35.82335],[138.78599,35.824],[138.78462,35.82541],[138.78529,35.82666],[138.78653,35.828],[138.78652,35.82993],[138.78772,35.83044],[138.78811,35.83215],[138.78789,35.83285],[138.78883,35.83462],[138.78924,35.83505],[138.79324,35.83682],[138.79504,35.83688],[138.79599,35.83745],[138.79693,35.8377],[138.79688,35.83937],[138.79912,35.84086],[138.80095,35.84035],[138.8026,35.84064],[138.80325,35.84184],[138.80322,35.84247],[138.80267,35.84349],[138.80298,35.8446],[138.80281,35.8451],[138.80379,35.84509],[138.80459,35.84632],[138.8048,35.84784],[138.80533,35.84864],[138.80447,35.84949],[138.80461,35.85063],[138.80427,35.85179],[138.80482,35.85236],[138.80543,35.85418],[138.80622,35.85473],[138.80717,35.85584],[138.80813,35.85627],[138.80909,35.85813],[138.8097,35.85898],[138.81185,35.86046],[138.81235,35.86132],[138.8136,35.86233],[138.81305,35.86328],[138.81008,35.86603],[138.81004,35.86709],[138.80933,35.86797],[138.8085,35.86985],[138.8072,35.86997],[138.80522,35.86971],[138.80184,35.87051],[138.79949,35.87153],[138.79675,35.87233],[138.79557,35.87302],[138.79307,35.87506],[138.79207,35.87549],[138.79212,35.87839],[138.79202,35.87956],[138.79267,35.88129],[138.7932,35.88196],[138.7922,35.88271],[138.79175,35.88472],[138.79199,35.88681],[138.79153,35.8887],[138.79138,35.89049],[138.79075,35.89209],[138.78927,35.89338],[138.78634,35.89514],[138.78532,35.89551],[138.78447,35.89617],[138.7822,35.89714],[138.78129,35.89882],[138.77903,35.89988],[138.77759,35.90023],[138.77572,35.90008],[138.7718,35.90042],[138.76953,35.89984],[138.76854,35.89978],[138.76751,35.89928],[138.76579,35.89893],[138.76491,35.89945],[138.76212,35.90028],[138.76024,35.90133],[138.75908,35.90155],[138.75828,35.90223],[138.75704,35.90258],[138.75438,35.9027],[138.75302,35.9025],[138.75031,35.90168],[138.74942,35.90167],[138.74734,35.90275],[138.74551,35.90303],[138.74282,35.90396],[138.73977,35.90559],[138.73849,35.90583],[138.73766,35.90574],[138.73677,35.90468],[138.73485,35.90391],[138.73372,35.90409],[138.73247,35.90498],[138.73168,35.90595],[138.72843,35.90937],[138.72691,35.90922],[138.72445,35.9081],[138.72245,35.90813],[138.72192,35.90798],[138.71937,35.90814],[138.71797,35.90896],[138.71681,35.90938],[138.71592,35.90933],[138.71358,35.90873],[138.71205,35.90944],[138.70772,35.9098],[138.70739,35.90868],[138.70669,35.90793],[138.70621,35.90694],[138.70526,35.90593],[138.70306,35.90484],[138.70172,35.9034],[138.70001,35.9031],[138.69919,35.90121],[138.69811,35.90054],[138.69691,35.89924],[138.69649,35.8991],[138.69334,35.89946],[138.69319,35.89847],[138.69232,35.89703],[138.69197,35.89586],[138.69004,35.89529],[138.68909,35.89428],[138.68784,35.89394],[138.68562,35.89391],[138.68511,35.89238],[138.68536,35.89114],[138.68519,35.89044],[138.68551,35.88981],[138.68365,35.88863],[138.68345,35.88809],[138.68386,35.88685],[138.68366,35.88579],[138.68275,35.88363],[138.68244,35.88127],[138.6807,35.8794],[138.67983,35.8774],[138.6796,35.87576],[138.67837,35.87378],[138.67736,35.87233],[138.67615,35.86988],[138.67391,35.87068],[138.67134,35.87081],[138.67079,35.87085],[138.66883,35.87162],[138.66825,35.87224],[138.66601,35.87378],[138.66533,35.87391],[138.66314,35.87314],[138.66228,35.87321],[138.66118,35.87371],[138.6613,35.87276],[138.66085,35.87185],[138.65945,35.86986],[138.65888,35.86949],[138.65643,35.86889],[138.65434,35.8668],[138.65345,35.86654],[138.65234,35.86585],[138.65142,35.86455],[138.65059,35.86419],[138.64975,35.86331],[138.64812,35.86306],[138.6459,35.86011],[138.64535,35.85957],[138.64415,35.85913],[138.64209,35.85565],[138.63903,35.85458],[138.639,35.85421],[138.63789,35.85312],[138.63637,35.85293],[138.63569,35.85217],[138.63738,35.85081],[138.63819,35.8495],[138.63811,35.84849],[138.63868,35.84777],[138.63903,35.84617],[138.63828,35.84477],[138.63799,35.84376],[138.63797,35.8405],[138.63722,35.83899],[138.63666,35.83872],[138.63664,35.83737],[138.63576,35.83695],[138.63628,35.83622],[138.63556,35.8354],[138.63619,35.83461],[138.63594,35.83418],[138.63457,35.83397],[138.63438,35.83318],[138.63368,35.83254],[138.63352,35.83125],[138.63416,35.83033],[138.63459,35.82831],[138.63351,35.8269],[138.63248,35.82647],[138.63229,35.82578],[138.63162,35.82553],[138.63053,35.82433],[138.63101,35.82386],[138.63094,35.82296],[138.63046,35.82119],[138.62948,35.82109],[138.62849,35.82132],[138.62843,35.82059],[138.62914,35.81949],[138.63011,35.81862],[138.62992,35.81719],[138.63043,35.81605],[138.63132,35.81513],[138.63318,35.81422],[138.63464,35.81369],[138.63657,35.81323],[138.63693,35.81258],[138.63614,35.8109],[138.63563,35.80934],[138.63567,35.80828],[138.63622,35.8077],[138.63533,35.8064],[138.63571,35.80467],[138.63498,35.80354],[138.63443,35.80349],[138.63172,35.80403],[138.62972,35.80402],[138.63122,35.80132],[138.63073,35.80053],[138.62795,35.80087],[138.62681,35.79942],[138.62632,35.79842],[138.62495,35.79771],[138.62405,35.79784],[138.62262,35.79907],[138.62105,35.79873],[138.62013,35.79799],[138.61968,35.79682],[138.61931,35.79509],[138.61836,35.79446],[138.61528,35.79376],[138.61441,35.79132],[138.61298,35.7896],[138.6143,35.78804],[138.61442,35.7868],[138.61502,35.78515],[138.61485,35.78355],[138.616,35.78292],[138.61681,35.78052],[138.61678,35.77937],[138.61646,35.77769],[138.61501,35.77684],[138.61346,35.77639],[138.61296,35.77574],[138.61174,35.77521],[138.61129,35.77468],[138.61104,35.77353],[138.6113,35.77206],[138.61055,35.7717],[138.60996,35.77064],[138.60983,35.76943],[138.60947,35.76847],[138.60832,35.76651],[138.6082,35.76518],[138.60739,35.76388],[138.60641,35.76309],[138.60489,35.7626],[138.6059,35.76029],[138.60545,35.75916],[138.60389,35.75779],[138.60132,35.75677],[138.60012,35.75554],[138.59889,35.75516],[138.5986,35.75453],[138.59746,35.7537],[138.59635,35.75254],[138.59584,35.75169],[138.5946,35.75083],[138.59475,35.74999],[138.59535,35.74888],[138.59551,35.74626],[138.59589,35.74515],[138.59537,35.74457],[138.59539,35.74369],[138.59475,35.74334],[138.59316,35.74311],[138.59522,35.74054],[138.59555,35.73907],[138.59486,35.73766],[138.59599,35.73668],[138.59684,35.73642],[138.5982,35.73503],[138.59805,35.73471],[138.59722,35.73324],[138.59715,35.73206],[138.59561,35.73005],[138.59457,35.72912],[138.59375,35.72794],[138.59374,35.72733],[138.59489,35.72607],[138.59531,35.72571],[138.59749,35.72516],[138.5981,35.72525],[138.5995,35.72435],[138.60044,35.72423],[138.60139,35.72309],[138.60305,35.7226],[138.6037,35.72196],[138.60575,35.72229],[138.60577,35.72166],[138.60645,35.72057],[138.60691,35.7203],[138.60844,35.72011],[138.61026,35.72001],[138.6108,35.71944],[138.61201,35.71883],[138.6123,35.71784],[138.61287,35.71786],[138.61372,35.71841],[138.61567,35.71897],[138.61654,35.71939],[138.61657,35.71997],[138.61861,35.71943],[138.62039,35.71765],[138.62144,35.71746],[138.6186,35.71572],[138.61752,35.71444],[138.61599,35.71367],[138.61565,35.71293],[138.61685,35.71154],[138.61747,35.71137],[138.61843,35.71201],[138.62195,35.71262],[138.62473,35.71317],[138.62629,35.71366],[138.6295,35.7142],[138.63059,35.71401],[138.63147,35.71377],[138.63202,35.71371],[138.63333,35.71289],[138.63301,35.71217],[138.63234,35.71152],[138.6315,35.71051],[138.6312,35.70991],[138.62725,35.7101],[138.62505,35.70959],[138.62416,35.70909],[138.62422,35.70783],[138.62546,35.70647],[138.62657,35.70577],[138.62687,35.70557],[138.62707,35.70386],[138.62792,35.70282],[138.62941,35.70099],[138.63086,35.70022],[138.63159,35.69968],[138.63199,35.69908],[138.63294,35.69872],[138.63336,35.69854],[138.6337,35.69845],[138.63457,35.69819],[138.63486,35.69807],[138.63542,35.69759],[138.63555,35.69739],[138.63738,35.69524],[138.63957,35.69434],[138.6406,35.69341],[138.64099,35.69313],[138.64188,35.69122],[138.64278,35.69061],[138.64523,35.68984],[138.6456,35.68967],[138.64711,35.68913],[138.64807,35.68931],[138.64802,35.68813],[138.64751,35.68764],[138.64462,35.68655],[138.6428,35.68498],[138.64303,35.68468],[138.64341,35.68444],[138.64421,35.68357],[138.64612,35.6822],[138.64706,35.68214],[138.64763,35.68217],[138.64939,35.68172],[138.65156,35.68108],[138.65249,35.68106],[138.65265,35.68056],[138.65175,35.67917],[138.6516,35.67869],[138.65222,35.6782],[138.65307,35.67902],[138.65355,35.67989],[138.65487,35.68076],[138.65603,35.67963],[138.65605,35.67907],[138.65613,35.67857],[138.65714,35.67816],[138.65787,35.67776],[138.65932,35.67758],[138.66088,35.67688],[138.66135,35.67637],[138.66167,35.67762],[138.66205,35.67732],[138.66349,35.67656],[138.66461,35.67644],[138.66795,35.67475],[138.66892,35.67453],[138.67018,35.67458],[138.67167,35.67409],[138.67074,35.67215],[138.66934,35.66961],[138.6681,35.66663],[138.6678,35.66591],[138.66571,35.6622],[138.66623,35.66219]],[[138.69487,35.67373],[138.69399,35.67314],[138.69398,35.67324],[138.69487,35.67373]],[[138.70229,35.69351],[138.70305,35.69318],[138.70301,35.69303],[138.70229,35.69351]],[[138.66799,35.72464],[138.6674,35.72453],[138.66792,35.72485],[138.66799,35.72464]],[[138.68381,35.72973],[138.68457,35.73006],[138.68511,35.73022],[138.68496,35.73017],[138.68381,35.72973]],[[138.66351,35.68785],[138.66306,35.68761],[138.66308,35.68778],[138.66351,35.68785]],[[138.71228,35.74424],[138.7124,35.74471],[138.71248,35.74447],[138.71228,35.74424]],[[138.70865,35.74896],[138.70849,35.74909],[138.70844,35.74916],[138.70865,35.74896]],[[138.70669,35.75976],[138.70692,35.76005],[138.70688,35.75975],[138.70669,35.75976]],[[138.70919,35.75646],[138.70989,35.75682],[138.70927,35.75638],[138.70919,35.75646]],[[138.72145,35.77661],[138.72349,35.7754],[138.72344,35.77542],[138.72145,35.77661]],[[138.71787,35.76029],[138.71784,35.76026],[138.71289,35.75891],[138.71787,35.76029]],[[138.70628,35.74497],[138.70524,35.74568],[138.70535,35.74572],[138.7067,35.74463],[138.70628,35.74497]],[[138.69173,35.7369],[138.69133,35.73775],[138.69146,35.7379],[138.69173,35.7369]],[[138.68591,35.74217],[138.68587,35.74213],[138.68557,35.74228],[138.68591,35.74217]],[[138.68597,35.74103],[138.68585,35.74085],[138.68583,35.74133],[138.68597,35.74103]],[[138.68431,35.74083],[138.68361,35.74122],[138.68457,35.74078],[138.68431,35.74083]],[[138.67064,35.73904],[138.67047,35.73837],[138.67059,35.73917],[138.67064,35.73904]],[[138.65813,35.7602],[138.6574,35.75966],[138.65816,35.76041],[138.65813,35.7602]],[[138.65079,35.75337],[138.65074,35.75352],[138.6514,35.75409],[138.65079,35.75337]],[[138.6226,35.75794],[138.62035,35.75865],[138.62326,35.75776],[138.6226,35.75794]],[[138.7402,35.7779],[138.74019,35.77793],[138.74018,35.77901],[138.7402,35.7779]],[[138.64324,35.70474],[138.64181,35.70619],[138.64303,35.70591],[138.64657,35.70445],[138.64721,35.70293],[138.64866,35.70243],[138.64892,35.70222],[138.649,35.70164],[138.64838,35.70095],[138.64897,35.70078],[138.64828,35.69956],[138.6478,35.6992],[138.64509,35.70136],[138.64497,35.70196],[138.64511,35.70207],[138.64571,35.70184],[138.64656,35.70244],[138.64555,35.70359],[138.64469,35.70399],[138.64324,35.70474]],[[138.63154,35.70373],[138.63137,35.70481],[138.632,35.70577],[138.63303,35.70463],[138.63422,35.70407],[138.63622,35.70128],[138.63821,35.69989],[138.63946,35.6983],[138.63815,35.69669],[138.63589,35.69871],[138.63461,35.70055],[138.63432,35.70125],[138.63388,35.70159],[138.63322,35.7028],[138.63234,35.70337],[138.63154,35.70373]],[[138.64774,35.69483],[138.64907,35.69429],[138.64855,35.69393],[138.64837,35.69211],[138.64738,35.69122],[138.64508,35.69368],[138.64434,35.69397],[138.64342,35.6957],[138.6445,35.69625],[138.64634,35.69612],[138.64678,35.69613],[138.64774,35.69483]]],[[[138.65078,35.67724],[138.65166,35.67682],[138.65225,35.67751],[138.6511,35.67797],[138.65078,35.67724]]],[[[138.709,35.74871],[138.70898,35.74873],[138.70875,35.74891],[138.709,35.74871]]]]}},{"type":"Feature","properties":{"nm":"韮崎市","b":[138.297,35.6623,138.5205,35.7737],"c":[138.41211,35.71777]},"geometry":{"type":"Polygon","coordinates":[[[138.46784,35.69881],[138.46791,35.69967],[138.46744,35.7009],[138.46707,35.70117],[138.46614,35.70302],[138.466,35.70388],[138.4667,35.70494],[138.46648,35.70548],[138.4669,35.70649],[138.4675,35.70721],[138.46741,35.70787],[138.46832,35.70893],[138.4683,35.70936],[138.46916,35.71087],[138.46877,35.71093],[138.46858,35.7122],[138.46921,35.71225],[138.47072,35.71337],[138.47265,35.71588],[138.47456,35.71856],[138.4788,35.71699],[138.48004,35.71757],[138.48024,35.71865],[138.48095,35.71974],[138.48197,35.71845],[138.48201,35.71823],[138.48207,35.71806],[138.4817,35.71749],[138.48224,35.71757],[138.48193,35.71663],[138.48186,35.71657],[138.48161,35.71613],[138.48204,35.71569],[138.48252,35.71579],[138.48253,35.71568],[138.48212,35.71545],[138.4819,35.71513],[138.48247,35.71469],[138.48287,35.71405],[138.48199,35.71382],[138.48187,35.71354],[138.48149,35.71338],[138.48195,35.71342],[138.48216,35.71371],[138.48249,35.71375],[138.4831,35.71387],[138.48339,35.71341],[138.48383,35.7108],[138.48394,35.70999],[138.48396,35.71004],[138.48499,35.71115],[138.48522,35.71145],[138.48615,35.71239],[138.4869,35.71305],[138.48896,35.71455],[138.48962,35.71484],[138.48993,35.71501],[138.49023,35.71565],[138.4909,35.7169],[138.49145,35.71712],[138.49156,35.71716],[138.49185,35.71747],[138.49208,35.71778],[138.49218,35.71838],[138.49339,35.71942],[138.49426,35.71991],[138.49454,35.72004],[138.495,35.72053],[138.49565,35.72133],[138.49618,35.72119],[138.49803,35.72015],[138.49828,35.72088],[138.50159,35.72191],[138.50178,35.72225],[138.50209,35.7226],[138.50362,35.72384],[138.50449,35.72437],[138.50473,35.72458],[138.50524,35.72509],[138.50579,35.7255],[138.50789,35.72667],[138.50922,35.72749],[138.50945,35.72747],[138.51049,35.72732],[138.51145,35.72922],[138.51209,35.72989],[138.51154,35.73084],[138.51214,35.73149],[138.51117,35.73263],[138.51144,35.73345],[138.51125,35.73431],[138.51164,35.73566],[138.51116,35.73715],[138.51064,35.73737],[138.5105,35.73792],[138.51061,35.73834],[138.51082,35.73851],[138.5111,35.73881],[138.51149,35.73977],[138.51203,35.74137],[138.51236,35.7423],[138.51224,35.743],[138.5129,35.74379],[138.51338,35.74406],[138.51379,35.7443],[138.51445,35.74479],[138.51465,35.7452],[138.51472,35.74547],[138.51539,35.74617],[138.51566,35.74649],[138.51568,35.74653],[138.5157,35.74659],[138.51575,35.74694],[138.51582,35.74724],[138.51604,35.74785],[138.51609,35.74854],[138.51635,35.74876],[138.51656,35.74902],[138.51647,35.74937],[138.51658,35.74969],[138.51688,35.75004],[138.51716,35.75043],[138.51738,35.75119],[138.51891,35.75205],[138.5188,35.75315],[138.51704,35.75444],[138.51617,35.75477],[138.51581,35.75622],[138.51643,35.75697],[138.5179,35.75734],[138.51845,35.75814],[138.51817,35.75865],[138.51845,35.75983],[138.51814,35.76088],[138.51956,35.7627],[138.52025,35.76354],[138.52048,35.7649],[138.5199,35.76552],[138.51943,35.76725],[138.51882,35.7679],[138.51773,35.76862],[138.51588,35.7693],[138.51458,35.77082],[138.51219,35.77131],[138.51036,35.77112],[138.50718,35.77049],[138.50546,35.7706],[138.50462,35.77088],[138.50454,35.77038],[138.50271,35.7704],[138.50215,35.76975],[138.5005,35.76979],[138.49871,35.77038],[138.49742,35.77024],[138.49588,35.76971],[138.49375,35.76848],[138.4918,35.768],[138.49115,35.76762],[138.49096,35.76754],[138.49,35.76724],[138.48897,35.7667],[138.48881,35.76645],[138.4888,35.76627],[138.48876,35.76621],[138.48837,35.76579],[138.48831,35.76559],[138.48836,35.76543],[138.48836,35.76536],[138.48828,35.76526],[138.48804,35.76515],[138.48734,35.7644],[138.48763,35.76394],[138.48776,35.76365],[138.48772,35.76323],[138.48762,35.76293],[138.48769,35.7628],[138.48786,35.76245],[138.48772,35.76213],[138.48765,35.76204],[138.48641,35.7611],[138.48618,35.76083],[138.48615,35.76061],[138.48596,35.76049],[138.48562,35.76024],[138.48542,35.7602],[138.48508,35.76014],[138.48454,35.7598],[138.48442,35.75962],[138.484,35.75886],[138.48321,35.75826],[138.48312,35.75806],[138.48298,35.75769],[138.48286,35.75757],[138.48245,35.75744],[138.48181,35.75722],[138.48169,35.75695],[138.48128,35.75675],[138.48116,35.75659],[138.48107,35.75643],[138.48092,35.75629],[138.48039,35.75605],[138.47986,35.75559],[138.47948,35.75511],[138.47937,35.75502],[138.47909,35.75489],[138.47866,35.75485],[138.4784,35.75486],[138.47812,35.75485],[138.47769,35.75441],[138.47741,35.75399],[138.47633,35.7529],[138.47589,35.75267],[138.47494,35.75254],[138.47388,35.752],[138.4719,35.75177],[138.46887,35.75103],[138.46672,35.74986],[138.46306,35.74754],[138.462,35.74746],[138.46193,35.74743],[138.46024,35.74687],[138.45973,35.74676],[138.45859,35.7467],[138.45791,35.7464],[138.4574,35.74612],[138.45699,35.74589],[138.45679,35.74476],[138.45648,35.74411],[138.45557,35.7431],[138.45465,35.74229],[138.45396,35.74178],[138.45393,35.74158],[138.45377,35.74084],[138.45281,35.7398],[138.4519,35.7391],[138.45154,35.7389],[138.45096,35.73857],[138.45096,35.73825],[138.45056,35.73749],[138.45084,35.73642],[138.45126,35.73498],[138.45083,35.73425],[138.45066,35.73403],[138.44988,35.73523],[138.44964,35.73553],[138.44941,35.73581],[138.44908,35.73639],[138.44885,35.73672],[138.44863,35.73694],[138.4479,35.73791],[138.44635,35.74017],[138.44596,35.74083],[138.44352,35.74519],[138.44113,35.74757],[138.44089,35.74781],[138.44043,35.74797],[138.43982,35.74824],[138.43898,35.74876],[138.43813,35.7484],[138.43752,35.74914],[138.43719,35.74983],[138.43691,35.75018],[138.43588,35.75176],[138.43607,35.75186],[138.4353,35.75353],[138.43594,35.75477],[138.43491,35.75726],[138.43443,35.75782],[138.43359,35.75892],[138.43288,35.76018],[138.43187,35.76118],[138.43133,35.76183],[138.43086,35.76245],[138.42972,35.76384],[138.42731,35.76706],[138.42709,35.76806],[138.42281,35.76959],[138.41881,35.77349],[138.4186,35.7737],[138.41802,35.77361],[138.41769,35.77341],[138.41748,35.77325],[138.41729,35.77267],[138.4171,35.77262],[138.41681,35.77211],[138.41665,35.7719],[138.41646,35.7717],[138.41585,35.77149],[138.41541,35.77137],[138.41326,35.77009],[138.41291,35.76964],[138.41216,35.76925],[138.41203,35.76907],[138.41184,35.76863],[138.41143,35.7686],[138.4112,35.76857],[138.41041,35.76849],[138.41025,35.76835],[138.41001,35.76794],[138.40939,35.76669],[138.40907,35.76635],[138.40645,35.76586],[138.40481,35.76592],[138.40353,35.76576],[138.40322,35.76682],[138.40253,35.76872],[138.40219,35.76954],[138.40197,35.76995],[138.40061,35.77241],[138.40028,35.77298],[138.39302,35.77306],[138.38938,35.77172],[138.38696,35.77118],[138.38679,35.77153],[138.38372,35.77083],[138.38261,35.77055],[138.37668,35.76942],[138.37476,35.76911],[138.37299,35.76839],[138.37194,35.76762],[138.3719,35.76729],[138.37133,35.76656],[138.37064,35.76657],[138.36883,35.7671],[138.36864,35.76713],[138.36735,35.7668],[138.36771,35.76603],[138.36749,35.76557],[138.36662,35.7656],[138.36648,35.765],[138.36713,35.76485],[138.36689,35.7636],[138.36725,35.76324],[138.36857,35.7634],[138.36894,35.76216],[138.36938,35.76185],[138.37126,35.76132],[138.37225,35.76123],[138.37254,35.76046],[138.3722,35.75846],[138.37252,35.7575],[138.37406,35.75557],[138.37518,35.75437],[138.37747,35.75299],[138.37862,35.75245],[138.37976,35.75143],[138.38123,35.74959],[138.38166,35.74867],[138.38098,35.74836],[138.37913,35.7496],[138.37704,35.75007],[138.37458,35.75098],[138.37185,35.75127],[138.36895,35.75141],[138.368,35.75119],[138.3658,35.74993],[138.36422,35.74976],[138.36206,35.75029],[138.36126,35.75004],[138.36015,35.74931],[138.35956,35.7492],[138.35721,35.74997],[138.35551,35.74787],[138.35367,35.74666],[138.35183,35.74603],[138.35005,35.74622],[138.3484,35.746],[138.3473,35.74644],[138.34564,35.74618],[138.34471,35.74624],[138.34321,35.74668],[138.34326,35.74605],[138.3443,35.74059],[138.34435,35.73973],[138.34325,35.73752],[138.34244,35.73678],[138.3415,35.73664],[138.34086,35.73533],[138.34029,35.73493],[138.33999,35.73408],[138.34006,35.73278],[138.3385,35.73129],[138.33649,35.72917],[138.33524,35.72813],[138.33467,35.72737],[138.33385,35.72399],[138.33344,35.7219],[138.33266,35.71917],[138.32948,35.71768],[138.32676,35.71657],[138.32328,35.71355],[138.32296,35.71314],[138.32096,35.71167],[138.3188,35.71053],[138.31419,35.70979],[138.312,35.70982],[138.30965,35.71024],[138.30803,35.71067],[138.30728,35.71126],[138.30703,35.71191],[138.30629,35.71207],[138.30477,35.71197],[138.30284,35.71242],[138.30135,35.71302],[138.2992,35.71279],[138.29702,35.71036],[138.29754,35.70944],[138.29892,35.70883],[138.30025,35.70709],[138.30162,35.70614],[138.30394,35.70376],[138.3049,35.70305],[138.30544,35.7017],[138.30688,35.70014],[138.30875,35.69851],[138.30992,35.69668],[138.31152,35.69586],[138.31088,35.69478],[138.31058,35.69367],[138.31145,35.69265],[138.31128,35.69188],[138.31163,35.69086],[138.31273,35.68961],[138.31413,35.68871],[138.31512,35.6874],[138.31554,35.68496],[138.31609,35.68428],[138.31599,35.68232],[138.31615,35.68091],[138.31717,35.67951],[138.31895,35.67905],[138.32094,35.67798],[138.3222,35.6764],[138.32855,35.67407],[138.32985,35.67343],[138.33455,35.67276],[138.33711,35.67202],[138.34064,35.67239],[138.34216,35.67308],[138.34471,35.67318],[138.34624,35.67356],[138.34857,35.67481],[138.3491,35.67494],[138.35045,35.67452],[138.3515,35.67459],[138.3525,35.67494],[138.35418,35.67623],[138.35452,35.67686],[138.35397,35.67892],[138.3546,35.68083],[138.35596,35.68251],[138.3565,35.68353],[138.35802,35.68346],[138.36005,35.68378],[138.36067,35.68425],[138.36409,35.68451],[138.36666,35.68413],[138.369,35.6841],[138.37045,35.68392],[138.37189,35.68363],[138.37759,35.68064],[138.38012,35.67925],[138.37971,35.67748],[138.3817,35.67793],[138.38346,35.67815],[138.38546,35.67886],[138.38717,35.67963],[138.3875,35.67952],[138.38901,35.67603],[138.38986,35.67493],[138.39117,35.67405],[138.39237,35.67393],[138.39321,35.67424],[138.39437,35.67419],[138.39572,35.67294],[138.39843,35.67166],[138.39937,35.67163],[138.40076,35.67318],[138.4012,35.67341],[138.40211,35.67353],[138.40512,35.6731],[138.40624,35.6732],[138.40882,35.67401],[138.41011,35.67373],[138.41553,35.67191],[138.4159,35.67149],[138.41583,35.66977],[138.41759,35.66918],[138.41822,35.66828],[138.42089,35.66745],[138.42229,35.66518],[138.42723,35.66496],[138.42863,35.66522],[138.42955,35.66512],[138.43162,35.66234],[138.43288,35.66297],[138.43582,35.66382],[138.44029,35.66477],[138.44288,35.6654],[138.44761,35.66551],[138.45119,35.66633],[138.45145,35.66639],[138.45272,35.66731],[138.45529,35.66794],[138.45612,35.66854],[138.45923,35.67046],[138.46485,35.67203],[138.46768,35.67245],[138.46986,35.67265],[138.47287,35.6726],[138.47573,35.67242],[138.47848,35.67276],[138.48505,35.67598],[138.4856,35.67674],[138.48323,35.67792],[138.48034,35.67975],[138.47995,35.68003],[138.47467,35.68521],[138.47288,35.68725],[138.46895,35.68979],[138.4722,35.69148],[138.47059,35.69425],[138.46889,35.69741],[138.46776,35.69845],[138.46784,35.69881]],[[138.46884,35.73838],[138.46881,35.74009],[138.46899,35.73852],[138.47057,35.73851],[138.46884,35.73838]],[[138.45587,35.725],[138.45562,35.72507],[138.4556,35.72527],[138.45587,35.725]]]}},{"type":"Feature","properties":{"nm":"南アルプス市","b":[138.1802,35.5627,138.5111,35.7538],"c":[138.35412,35.6507]},"geometry":{"type":"Polygon","coordinates":[[[138.45119,35.66633],[138.44761,35.66551],[138.44288,35.6654],[138.44029,35.66477],[138.43582,35.66382],[138.43288,35.66297],[138.43162,35.66234],[138.42955,35.66512],[138.42863,35.66522],[138.42723,35.66496],[138.42229,35.66518],[138.42089,35.66745],[138.41822,35.66828],[138.41759,35.66918],[138.41583,35.66977],[138.4159,35.67149],[138.41553,35.67191],[138.41011,35.67373],[138.40882,35.67401],[138.40624,35.6732],[138.40512,35.6731],[138.40211,35.67353],[138.4012,35.67341],[138.40076,35.67318],[138.39937,35.67163],[138.39843,35.67166],[138.39572,35.67294],[138.39437,35.67419],[138.39321,35.67424],[138.39237,35.67393],[138.39117,35.67405],[138.38986,35.67493],[138.38901,35.67603],[138.3875,35.67952],[138.38717,35.67963],[138.38546,35.67886],[138.38346,35.67815],[138.3817,35.67793],[138.37971,35.67748],[138.38012,35.67925],[138.37759,35.68064],[138.37189,35.68363],[138.37045,35.68392],[138.369,35.6841],[138.36666,35.68413],[138.36409,35.68451],[138.36067,35.68425],[138.36005,35.68378],[138.35802,35.68346],[138.3565,35.68353],[138.35596,35.68251],[138.3546,35.68083],[138.35397,35.67892],[138.35452,35.67686],[138.35418,35.67623],[138.3525,35.67494],[138.3515,35.67459],[138.35045,35.67452],[138.3491,35.67494],[138.34857,35.67481],[138.34624,35.67356],[138.34471,35.67318],[138.34216,35.67308],[138.34064,35.67239],[138.33711,35.67202],[138.33455,35.67276],[138.32985,35.67343],[138.32855,35.67407],[138.3222,35.6764],[138.32094,35.67798],[138.31895,35.67905],[138.31717,35.67951],[138.31615,35.68091],[138.31599,35.68232],[138.31609,35.68428],[138.31554,35.68496],[138.31512,35.6874],[138.31413,35.68871],[138.31273,35.68961],[138.31163,35.69086],[138.31128,35.69188],[138.31145,35.69265],[138.31058,35.69367],[138.31088,35.69478],[138.31152,35.69586],[138.30992,35.69668],[138.30875,35.69851],[138.30688,35.70014],[138.30544,35.7017],[138.3049,35.70305],[138.30394,35.70376],[138.30162,35.70614],[138.30025,35.70709],[138.29892,35.70883],[138.29754,35.70944],[138.29702,35.71036],[138.29681,35.71028],[138.29437,35.71096],[138.29313,35.71103],[138.29022,35.71042],[138.28905,35.70992],[138.28742,35.70979],[138.28686,35.71007],[138.28583,35.71002],[138.28452,35.71025],[138.28358,35.71085],[138.28287,35.71193],[138.28207,35.7125],[138.28039,35.71283],[138.27708,35.71438],[138.27566,35.71595],[138.27476,35.71625],[138.27313,35.71736],[138.27189,35.7179],[138.27134,35.71873],[138.26756,35.71964],[138.26637,35.72113],[138.26482,35.72266],[138.26406,35.72447],[138.26353,35.72678],[138.26207,35.72787],[138.25928,35.72888],[138.25653,35.72907],[138.25464,35.7303],[138.25267,35.73056],[138.25057,35.73049],[138.24796,35.73102],[138.24551,35.73194],[138.24384,35.73155],[138.24162,35.73176],[138.24129,35.73272],[138.24047,35.73346],[138.23922,35.73421],[138.23876,35.73489],[138.23699,35.73608],[138.2344,35.73802],[138.23488,35.73997],[138.2347,35.74144],[138.23413,35.74227],[138.23435,35.74555],[138.23348,35.7461],[138.23092,35.74844],[138.22991,35.75027],[138.23003,35.75183],[138.22931,35.75335],[138.22814,35.75377],[138.22726,35.75344],[138.22555,35.75196],[138.22344,35.7509],[138.22207,35.75045],[138.22152,35.74964],[138.22072,35.74923],[138.22076,35.74785],[138.22002,35.7463],[138.21908,35.74536],[138.2176,35.74508],[138.21587,35.74391],[138.21277,35.74146],[138.21263,35.74066],[138.21049,35.73858],[138.20887,35.73785],[138.2079,35.73701],[138.20695,35.73558],[138.20459,35.73476],[138.20287,35.73481],[138.20031,35.73296],[138.19964,35.73116],[138.19829,35.72933],[138.1975,35.72729],[138.19569,35.72606],[138.19439,35.72562],[138.193,35.72553],[138.19164,35.72507],[138.19011,35.72388],[138.18775,35.72294],[138.18633,35.72178],[138.18629,35.72079],[138.18588,35.72012],[138.18371,35.71997],[138.18335,35.71909],[138.18201,35.71831],[138.18131,35.71662],[138.1805,35.7155],[138.18021,35.71422],[138.18058,35.71172],[138.18096,35.71122],[138.18183,35.7109],[138.1822,35.70968],[138.18341,35.70814],[138.18651,35.70529],[138.18698,35.70433],[138.18841,35.70346],[138.19123,35.702],[138.19259,35.69968],[138.1927,35.69864],[138.19369,35.69711],[138.19376,35.69605],[138.19409,35.69566],[138.19385,35.69314],[138.19351,35.69206],[138.19378,35.69089],[138.1936,35.68968],[138.19376,35.68834],[138.19316,35.68727],[138.1913,35.68548],[138.19188,35.68479],[138.19261,35.6829],[138.19225,35.6824],[138.19334,35.6808],[138.1925,35.67878],[138.19265,35.677],[138.19359,35.67645],[138.19435,35.67485],[138.1944,35.67375],[138.19368,35.67271],[138.19356,35.67202],[138.19645,35.67027],[138.19871,35.66956],[138.20089,35.66749],[138.20249,35.66633],[138.20328,35.66481],[138.2054,35.66411],[138.20581,35.66285],[138.20691,35.66174],[138.20761,35.65993],[138.2082,35.65621],[138.20805,35.65563],[138.20869,35.65529],[138.21019,35.65281],[138.21133,35.65172],[138.21206,35.65151],[138.21275,35.65072],[138.21416,35.64997],[138.21496,35.64917],[138.21716,35.64739],[138.21795,35.64513],[138.21869,35.6445],[138.2199,35.64438],[138.22116,35.64496],[138.22246,35.64529],[138.22451,35.64544],[138.22631,35.64577],[138.22709,35.64566],[138.22845,35.64603],[138.22865,35.64643],[138.22921,35.64814],[138.22982,35.64866],[138.23276,35.64872],[138.23404,35.6495],[138.23579,35.6505],[138.23687,35.65047],[138.23765,35.65017],[138.23861,35.65015],[138.23956,35.65037],[138.24039,35.65046],[138.24136,35.65037],[138.24221,35.64991],[138.24296,35.64988],[138.24359,35.64932],[138.24699,35.64817],[138.24804,35.64803],[138.24971,35.64696],[138.25112,35.64643],[138.25226,35.64632],[138.25518,35.64554],[138.25705,35.64607],[138.25855,35.64613],[138.26023,35.64655],[138.26352,35.64615],[138.26513,35.64558],[138.26637,35.64499],[138.26797,35.64472],[138.26925,35.64435],[138.27102,35.6445],[138.27298,35.64451],[138.27348,35.64429],[138.27462,35.64433],[138.27478,35.64484],[138.27514,35.64499],[138.27578,35.64495],[138.27676,35.64461],[138.27774,35.6435],[138.27882,35.6441],[138.28091,35.6447],[138.28252,35.64503],[138.28477,35.6461],[138.28541,35.64628],[138.28684,35.64564],[138.28794,35.6457],[138.28851,35.64581],[138.29013,35.64572],[138.29202,35.64534],[138.29309,35.64537],[138.29357,35.64498],[138.29444,35.64509],[138.29531,35.64564],[138.29674,35.64521],[138.29808,35.64484],[138.29879,35.64489],[138.29948,35.64448],[138.30003,35.64394],[138.30078,35.64387],[138.3013,35.64404],[138.30239,35.64424],[138.30324,35.64363],[138.30399,35.64329],[138.30524,35.64396],[138.30613,35.64425],[138.30627,35.64425],[138.30798,35.64388],[138.30848,35.64413],[138.30992,35.64412],[138.3111,35.64353],[138.3114,35.64226],[138.31222,35.64019],[138.31357,35.63915],[138.31485,35.63743],[138.31579,35.63668],[138.31553,35.6352],[138.31478,35.63445],[138.31464,35.63448],[138.3134,35.63532],[138.31204,35.63564],[138.31163,35.6351],[138.31182,35.63456],[138.31333,35.63356],[138.31313,35.63221],[138.31192,35.63211],[138.31147,35.63179],[138.31198,35.62992],[138.31319,35.62897],[138.31333,35.62875],[138.31285,35.62834],[138.31318,35.62786],[138.31398,35.6266],[138.31483,35.62601],[138.31483,35.625],[138.31457,35.62374],[138.31547,35.62213],[138.31518,35.6211],[138.31437,35.61961],[138.31417,35.61809],[138.31297,35.61757],[138.31142,35.61707],[138.31017,35.61673],[138.31044,35.61554],[138.31077,35.61547],[138.31204,35.61522],[138.3127,35.61445],[138.31299,35.61361],[138.31263,35.61262],[138.31244,35.61251],[138.3119,35.61258],[138.31055,35.61238],[138.31015,35.61169],[138.31065,35.61047],[138.31173,35.61006],[138.31297,35.60884],[138.31288,35.60846],[138.31265,35.60843],[138.31213,35.60846],[138.31097,35.6079],[138.30955,35.60852],[138.30872,35.60773],[138.30868,35.60681],[138.30957,35.60545],[138.31047,35.60471],[138.31207,35.60359],[138.31212,35.60305],[138.31063,35.60299],[138.3102,35.60291],[138.31012,35.60228],[138.31028,35.60187],[138.31069,35.60151],[138.31219,35.60112],[138.31224,35.60055],[138.31375,35.60021],[138.31377,35.60057],[138.31395,35.6012],[138.31413,35.60208],[138.31492,35.60277],[138.31563,35.60319],[138.31677,35.60321],[138.31769,35.60366],[138.31878,35.60508],[138.32017,35.60565],[138.32069,35.60621],[138.32225,35.60712],[138.32267,35.60773],[138.32342,35.60807],[138.32597,35.60846],[138.3265,35.60855],[138.32814,35.6098],[138.32952,35.60901],[138.32963,35.60847],[138.3307,35.60797],[138.33249,35.60663],[138.33288,35.60595],[138.33364,35.60543],[138.33423,35.60504],[138.33474,35.60437],[138.33552,35.60416],[138.3359,35.60416],[138.33543,35.60278],[138.3346,35.59959],[138.33454,35.59912],[138.33484,35.59828],[138.33574,35.59731],[138.33629,35.59641],[138.33703,35.59579],[138.33735,35.5948],[138.33763,35.59438],[138.33782,35.59316],[138.33858,35.59149],[138.3388,35.59121],[138.34024,35.59166],[138.34088,35.59164],[138.34199,35.59159],[138.34219,35.59158],[138.34307,35.59154],[138.34398,35.59124],[138.34563,35.59005],[138.34677,35.58994],[138.34792,35.59015],[138.34846,35.59033],[138.34916,35.59046],[138.35011,35.59137],[138.351,35.59173],[138.35197,35.59154],[138.35358,35.59192],[138.35551,35.59133],[138.35612,35.59025],[138.35613,35.58874],[138.35656,35.58786],[138.35833,35.58748],[138.35946,35.58742],[138.35985,35.58726],[138.3601,35.58715],[138.36026,35.58709],[138.3615,35.58699],[138.36161,35.58695],[138.36186,35.58683],[138.36211,35.58672],[138.36244,35.5866],[138.36265,35.58654],[138.36273,35.58653],[138.3631,35.58652],[138.36465,35.58663],[138.3653,35.58666],[138.36564,35.58662],[138.36584,35.58658],[138.36605,35.58652],[138.36635,35.58645],[138.36663,35.58642],[138.36693,35.58643],[138.36736,35.58645],[138.36803,35.58646],[138.36847,35.58648],[138.36896,35.5865],[138.3691,35.58655],[138.3691,35.58657],[138.36899,35.58675],[138.36887,35.5869],[138.36878,35.587],[138.36851,35.58728],[138.36846,35.58733],[138.36839,35.58744],[138.36833,35.58764],[138.36832,35.58777],[138.36836,35.58792],[138.36875,35.58856],[138.36895,35.58878],[138.36905,35.58888],[138.36914,35.589],[138.36914,35.58928],[138.3691,35.58948],[138.36915,35.59018],[138.36927,35.59059],[138.36936,35.59074],[138.36956,35.59083],[138.36981,35.59092],[138.37008,35.59104],[138.37042,35.59124],[138.37062,35.59141],[138.37093,35.59171],[138.37118,35.59196],[138.37125,35.59202],[138.37151,35.59219],[138.37172,35.59231],[138.37223,35.59255],[138.37244,35.59262],[138.37274,35.59271],[138.37359,35.59295],[138.37379,35.59301],[138.3741,35.59313],[138.37431,35.59323],[138.3748,35.59346],[138.37514,35.59357],[138.37544,35.59361],[138.37596,35.59371],[138.37614,35.59378],[138.37632,35.59386],[138.37655,35.59401],[138.37684,35.59425],[138.37716,35.59451],[138.37735,35.59463],[138.37742,35.59467],[138.3776,35.59472],[138.37781,35.59465],[138.37792,35.59459],[138.37827,35.59437],[138.37884,35.59411],[138.37923,35.59388],[138.37955,35.59367],[138.37969,35.59356],[138.37994,35.59331],[138.38024,35.593],[138.38039,35.59286],[138.38084,35.59247],[138.38131,35.59218],[138.38207,35.59183],[138.38248,35.59167],[138.38273,35.59158],[138.38295,35.59146],[138.38305,35.59139],[138.3833,35.59115],[138.38344,35.59106],[138.3836,35.59104],[138.38379,35.59103],[138.38403,35.59101],[138.385,35.59091],[138.3856,35.59089],[138.386,35.59089],[138.38624,35.59091],[138.38647,35.59095],[138.38697,35.59108],[138.3872,35.59114],[138.38744,35.59119],[138.38788,35.59126],[138.38851,35.59135],[138.38894,35.59139],[138.38921,35.59139],[138.38935,35.59137],[138.3904,35.5912],[138.39071,35.59116],[138.39101,35.59113],[138.39157,35.5911],[138.39209,35.59109],[138.39233,35.59108],[138.39265,35.59101],[138.39274,35.59098],[138.39297,35.59086],[138.39321,35.59074],[138.39349,35.59065],[138.39371,35.59062],[138.39407,35.5906],[138.39458,35.59061],[138.39497,35.59061],[138.39543,35.59063],[138.39577,35.59068],[138.39587,35.59069],[138.396,35.59066],[138.39625,35.59055],[138.39676,35.59027],[138.39681,35.59025],[138.39694,35.5902],[138.39709,35.59018],[138.39757,35.59015],[138.39778,35.59014],[138.39804,35.59021],[138.39835,35.59029],[138.39849,35.59032],[138.39899,35.59041],[138.39933,35.59045],[138.39954,35.59044],[138.40103,35.59026],[138.40111,35.59023],[138.40121,35.59016],[138.4013,35.5901],[138.40137,35.59009],[138.40144,35.59009],[138.40162,35.59014],[138.40195,35.5903],[138.40212,35.59035],[138.40241,35.59035],[138.40256,35.59035],[138.40305,35.59034],[138.40319,35.59036],[138.40334,35.5904],[138.40387,35.59066],[138.40404,35.59075],[138.40455,35.59097],[138.40533,35.59127],[138.40566,35.59139],[138.40579,35.59146],[138.4059,35.59155],[138.40595,35.59161],[138.40634,35.59227],[138.40719,35.59321],[138.4075,35.5936],[138.4077,35.59386],[138.40817,35.59427],[138.4084,35.59436],[138.40878,35.59446],[138.40898,35.5945],[138.41108,35.59495],[138.41269,35.59457],[138.41325,35.59267],[138.41394,35.59216],[138.4136,35.59116],[138.41264,35.58984],[138.41287,35.58822],[138.41394,35.58712],[138.41677,35.58657],[138.41887,35.5867],[138.4202,35.58768],[138.42152,35.58497],[138.42131,35.58311],[138.42156,35.58166],[138.4227,35.58139],[138.42374,35.58039],[138.42422,35.58049],[138.42687,35.57959],[138.42831,35.57937],[138.43002,35.57984],[138.43114,35.57984],[138.43443,35.57867],[138.43523,35.57823],[138.43679,35.57827],[138.43798,35.57808],[138.43923,35.57866],[138.44102,35.57894],[138.442,35.57884],[138.44474,35.57962],[138.44528,35.57942],[138.44603,35.57973],[138.44697,35.57965],[138.44915,35.58025],[138.44994,35.58058],[138.45165,35.58109],[138.45358,35.58107],[138.45483,35.5813],[138.45751,35.58042],[138.45921,35.57906],[138.45943,35.57847],[138.46197,35.57806],[138.4643,35.57822],[138.46474,35.57806],[138.4657,35.57808],[138.46851,35.57628],[138.46932,35.57509],[138.4709,35.57445],[138.47173,35.57443],[138.47189,35.57389],[138.47268,35.57397],[138.47322,35.57348],[138.47356,35.57256],[138.47388,35.57291],[138.47484,35.57283],[138.47505,35.57095],[138.47518,35.56993],[138.47476,35.56872],[138.47503,35.56858],[138.47455,35.5675],[138.47491,35.56692],[138.47478,35.56625],[138.47609,35.56434],[138.47619,35.56379],[138.47787,35.56273],[138.47975,35.56543],[138.48132,35.56699],[138.48335,35.5681],[138.48564,35.56886],[138.48722,35.56952],[138.49026,35.57097],[138.49246,35.5719],[138.49582,35.57404],[138.49633,35.57444],[138.49686,35.57492],[138.49724,35.57575],[138.49759,35.57697],[138.49673,35.57755],[138.49721,35.57807],[138.49776,35.57892],[138.49856,35.58011],[138.49974,35.58276],[138.50016,35.58353],[138.5003,35.58371],[138.5005,35.5839],[138.50153,35.58432],[138.50207,35.58479],[138.50361,35.58405],[138.50463,35.58559],[138.5053,35.58656],[138.50567,35.5871],[138.50608,35.58773],[138.5081,35.59099],[138.50872,35.59232],[138.50918,35.59401],[138.51012,35.597],[138.51014,35.59887],[138.50953,35.60246],[138.50893,35.60411],[138.50815,35.60621],[138.50682,35.60978],[138.50671,35.61109],[138.50683,35.62141],[138.5068,35.62281],[138.50982,35.62279],[138.51026,35.62328],[138.51108,35.62334],[138.51093,35.62342],[138.51054,35.62635],[138.5102,35.62639],[138.50986,35.62881],[138.50997,35.62985],[138.5097,35.63349],[138.50879,35.63333],[138.50829,35.63396],[138.50559,35.63382],[138.50515,35.63721],[138.50419,35.64473],[138.50386,35.64871],[138.50313,35.6522],[138.50136,35.65826],[138.50044,35.66178],[138.49981,35.66482],[138.49869,35.66832],[138.49761,35.67129],[138.49689,35.67282],[138.4937,35.67487],[138.49144,35.67585],[138.48938,35.67642],[138.48743,35.67656],[138.48642,35.67649],[138.4856,35.67674],[138.48505,35.67598],[138.47848,35.67276],[138.47573,35.67242],[138.47287,35.6726],[138.46986,35.67265],[138.46768,35.67245],[138.46485,35.67203],[138.45923,35.67046],[138.45612,35.66854],[138.45529,35.66794],[138.45272,35.66731],[138.45145,35.66639],[138.45119,35.66633]],[[138.42282,35.64557],[138.42242,35.64571],[138.42298,35.6462],[138.42282,35.64557]],[[138.50405,35.62692],[138.50413,35.62666],[138.504,35.62693],[138.50405,35.62692]],[[138.42094,35.62319],[138.42048,35.623],[138.4196,35.6227],[138.42094,35.62319]],[[138.43068,35.6165],[138.43087,35.61616],[138.43076,35.61627],[138.43068,35.6165]],[[138.40816,35.61051],[138.40823,35.60984],[138.40818,35.61018],[138.40816,35.61051]],[[138.41012,35.59708],[138.41017,35.59688],[138.40937,35.59665],[138.41012,35.59708]]]}},{"type":"Feature","properties":{"nm":"北杜市","b":[138.1852,35.7098,138.6215,35.9719],"c":[138.39373,35.83728]},"geometry":{"type":"MultiPolygon","coordinates":[[[[138.43898,35.74876],[138.43982,35.74824],[138.43996,35.74817],[138.44089,35.74781],[138.44113,35.74757],[138.44305,35.74566],[138.44352,35.74519],[138.44635,35.74017],[138.4479,35.73791],[138.44863,35.73694],[138.44885,35.73672],[138.44908,35.73639],[138.44941,35.73581],[138.44964,35.73553],[138.44988,35.73523],[138.45066,35.73403],[138.45083,35.73425],[138.45126,35.73498],[138.45084,35.73642],[138.45056,35.73749],[138.45096,35.73825],[138.45096,35.73857],[138.45154,35.7389],[138.4519,35.7391],[138.45281,35.7398],[138.45377,35.74084],[138.45393,35.74158],[138.45396,35.74178],[138.45465,35.74229],[138.45557,35.7431],[138.45648,35.74411],[138.45679,35.74476],[138.45699,35.74589],[138.4574,35.74612],[138.45791,35.7464],[138.45859,35.7467],[138.45973,35.74676],[138.46024,35.74687],[138.46193,35.74743],[138.462,35.74746],[138.46306,35.74754],[138.46672,35.74986],[138.46887,35.75103],[138.4719,35.75177],[138.47388,35.752],[138.47494,35.75254],[138.47589,35.75267],[138.47633,35.7529],[138.47741,35.75399],[138.47769,35.75441],[138.47812,35.75485],[138.4784,35.75486],[138.47866,35.75485],[138.47909,35.75489],[138.47937,35.75502],[138.47948,35.75511],[138.47986,35.75559],[138.48039,35.75605],[138.48092,35.75629],[138.48107,35.75643],[138.48116,35.75659],[138.48128,35.75675],[138.48169,35.75695],[138.48181,35.75722],[138.48245,35.75744],[138.48286,35.75757],[138.48298,35.75769],[138.48312,35.75806],[138.48321,35.75826],[138.484,35.75886],[138.48442,35.75962],[138.48454,35.7598],[138.48508,35.76014],[138.48542,35.7602],[138.48562,35.76024],[138.48596,35.76049],[138.48615,35.76061],[138.48618,35.76083],[138.48641,35.7611],[138.48765,35.76204],[138.48772,35.76213],[138.48786,35.76245],[138.48769,35.7628],[138.48762,35.76293],[138.48772,35.76323],[138.48776,35.76365],[138.48763,35.76394],[138.48734,35.7644],[138.48804,35.76515],[138.48828,35.76526],[138.48836,35.76536],[138.48836,35.76543],[138.48831,35.76559],[138.48837,35.76579],[138.48876,35.76621],[138.4888,35.76627],[138.48881,35.76645],[138.48897,35.7667],[138.49,35.76724],[138.49096,35.76754],[138.49115,35.76762],[138.4918,35.768],[138.49375,35.76848],[138.49588,35.76971],[138.49742,35.77024],[138.49871,35.77038],[138.5005,35.76979],[138.50177,35.77087],[138.50206,35.77128],[138.50247,35.77153],[138.50253,35.77304],[138.50257,35.77333],[138.50292,35.77437],[138.50297,35.77447],[138.5034,35.77515],[138.50356,35.77615],[138.50404,35.77644],[138.50418,35.77645],[138.50442,35.77645],[138.50459,35.77644],[138.50555,35.77708],[138.50558,35.77719],[138.50704,35.77899],[138.50822,35.78072],[138.50853,35.78146],[138.51021,35.78363],[138.51146,35.78566],[138.51214,35.78823],[138.51232,35.78863],[138.51317,35.79375],[138.51381,35.79476],[138.51365,35.79572],[138.51366,35.7964],[138.51407,35.79741],[138.51408,35.79756],[138.51366,35.79858],[138.51348,35.79883],[138.51274,35.7997],[138.51263,35.79986],[138.51225,35.80047],[138.51214,35.80067],[138.51207,35.80083],[138.51199,35.80099],[138.51214,35.80158],[138.51227,35.80169],[138.51418,35.80226],[138.51462,35.80238],[138.51723,35.80259],[138.51891,35.80257],[138.51909,35.80266],[138.52027,35.80384],[138.52161,35.80436],[138.52183,35.80441],[138.52266,35.80456],[138.52288,35.8046],[138.52428,35.80551],[138.5244,35.8056],[138.52568,35.80668],[138.52701,35.8072],[138.52784,35.80698],[138.52898,35.80662],[138.52918,35.80612],[138.53065,35.80554],[138.53071,35.80547],[138.53187,35.8053],[138.53207,35.80526],[138.53403,35.80363],[138.53425,35.8036],[138.53581,35.80316],[138.53648,35.80241],[138.53861,35.80178],[138.53933,35.80214],[138.54069,35.80174],[138.54086,35.80175],[138.54128,35.80198],[138.54337,35.8019],[138.54353,35.80165],[138.54409,35.8011],[138.54435,35.80099],[138.54482,35.8005],[138.54502,35.80044],[138.54538,35.80042],[138.54571,35.80038],[138.54642,35.80059],[138.54659,35.80062],[138.54794,35.80036],[138.54805,35.80034],[138.54822,35.80039],[138.54873,35.80174],[138.54929,35.8025],[138.54847,35.80379],[138.54842,35.80467],[138.54963,35.80739],[138.5512,35.80819],[138.55258,35.80929],[138.55358,35.81057],[138.55458,35.81104],[138.55575,35.81189],[138.55609,35.81301],[138.55621,35.81443],[138.55775,35.81654],[138.55833,35.81697],[138.5575,35.81767],[138.55685,35.8188],[138.55553,35.82049],[138.55538,35.82274],[138.55561,35.8245],[138.55554,35.82578],[138.5563,35.82663],[138.55661,35.82817],[138.5586,35.82829],[138.56106,35.82819],[138.56245,35.82859],[138.56326,35.82841],[138.56503,35.82847],[138.56548,35.82876],[138.56663,35.83053],[138.56768,35.83005],[138.5687,35.82998],[138.57107,35.82927],[138.57235,35.82866],[138.57351,35.82861],[138.57652,35.82882],[138.57835,35.828],[138.57974,35.82775],[138.58017,35.8279],[138.58069,35.82954],[138.58105,35.82982],[138.58285,35.83014],[138.58466,35.83083],[138.58591,35.83285],[138.58652,35.83323],[138.58621,35.83445],[138.58771,35.83514],[138.58737,35.83573],[138.5882,35.83806],[138.5892,35.8388],[138.58935,35.84037],[138.59007,35.84181],[138.59033,35.84406],[138.59141,35.84597],[138.59316,35.84681],[138.5932,35.84786],[138.59452,35.84789],[138.59733,35.84727],[138.59892,35.84821],[138.60222,35.84795],[138.60343,35.84819],[138.60451,35.85043],[138.6041,35.85154],[138.60513,35.85296],[138.60627,35.85376],[138.60701,35.85504],[138.60698,35.85628],[138.60723,35.85706],[138.60861,35.85816],[138.60906,35.8597],[138.60933,35.85991],[138.61133,35.86029],[138.61293,35.8597],[138.61401,35.85955],[138.61547,35.85901],[138.61698,35.85995],[138.61847,35.8603],[138.62042,35.86171],[138.62041,35.86281],[138.62122,35.8648],[138.62093,35.86612],[138.62078,35.8681],[138.62152,35.87034],[138.62072,35.87026],[138.62152,35.87035],[138.61941,35.87084],[138.61787,35.87098],[138.61522,35.87224],[138.61386,35.87269],[138.61223,35.87288],[138.61082,35.87369],[138.61017,35.87512],[138.60774,35.87729],[138.60673,35.87851],[138.60691,35.87946],[138.60658,35.87995],[138.60659,35.88124],[138.60612,35.88219],[138.60647,35.88379],[138.60592,35.88505],[138.60616,35.88565],[138.60618,35.88948],[138.60597,35.89013],[138.60592,35.89218],[138.60522,35.8937],[138.60558,35.8944],[138.60794,35.89603],[138.60734,35.89673],[138.60721,35.8977],[138.60768,35.89848],[138.60733,35.89955],[138.60812,35.90015],[138.60848,35.90148],[138.60904,35.90215],[138.60916,35.90303],[138.60976,35.90407],[138.61083,35.90447],[138.61193,35.90694],[138.61247,35.90869],[138.61234,35.90952],[138.61028,35.90888],[138.60887,35.90877],[138.60771,35.90821],[138.60558,35.90866],[138.60397,35.90925],[138.60234,35.91009],[138.60117,35.91142],[138.60137,35.91259],[138.60121,35.91322],[138.60036,35.91384],[138.59897,35.91411],[138.59762,35.91497],[138.59721,35.9155],[138.59694,35.91678],[138.59544,35.91744],[138.59398,35.91755],[138.59225,35.91849],[138.59131,35.91971],[138.59062,35.91958],[138.58913,35.91783],[138.58787,35.91776],[138.58573,35.91843],[138.58438,35.91807],[138.58291,35.91804],[138.58096,35.91699],[138.58053,35.91519],[138.579,35.91287],[138.57752,35.91221],[138.57663,35.91144],[138.57445,35.91231],[138.57358,35.91209],[138.57231,35.91216],[138.57066,35.91323],[138.56892,35.91407],[138.56915,35.91476],[138.56653,35.91638],[138.5652,35.91663],[138.56423,35.91735],[138.56252,35.91682],[138.559,35.91645],[138.55841,35.91599],[138.55636,35.9164],[138.55712,35.9175],[138.55701,35.91804],[138.5563,35.91876],[138.55477,35.91918],[138.55359,35.91882],[138.552,35.9172],[138.54989,35.91638],[138.54681,35.91626],[138.54634,35.91597],[138.54552,35.91474],[138.54309,35.91486],[138.54217,35.91475],[138.54015,35.91377],[138.5394,35.9144],[138.53561,35.91471],[138.53426,35.91528],[138.53176,35.91572],[138.53069,35.91568],[138.52971,35.91462],[138.52907,35.91463],[138.52822,35.91545],[138.52579,35.91654],[138.52533,35.91701],[138.5232,35.91792],[138.52213,35.91858],[138.51944,35.9188],[138.51791,35.91916],[138.51664,35.92],[138.51498,35.92009],[138.51403,35.9205],[138.51258,35.92031],[138.51191,35.92159],[138.51075,35.92249],[138.50905,35.92189],[138.50873,35.92112],[138.50714,35.92025],[138.50559,35.9189],[138.50484,35.91782],[138.50449,35.91623],[138.50456,35.91557],[138.50354,35.9145],[138.50331,35.91326],[138.50264,35.91223],[138.50164,35.91192],[138.50009,35.91255],[138.49877,35.91218],[138.49748,35.91142],[138.49513,35.91163],[138.49478,35.91082],[138.49575,35.90885],[138.49592,35.90739],[138.4957,35.90645],[138.49587,35.90501],[138.49548,35.90375],[138.49459,35.90206],[138.49288,35.89988],[138.49128,35.89859],[138.49013,35.89641],[138.48977,35.8965],[138.48791,35.89616],[138.48712,35.89653],[138.48619,35.89757],[138.48433,35.89851],[138.48314,35.89869],[138.48207,35.89855],[138.48125,35.89784],[138.47995,35.8982],[138.47936,35.89811],[138.47863,35.89742],[138.47688,35.89729],[138.47622,35.89698],[138.47484,35.89729],[138.47286,35.89679],[138.47233,35.89639],[138.47141,35.89646],[138.47102,35.89705],[138.46944,35.89791],[138.46879,35.89928],[138.46621,35.90005],[138.46531,35.90089],[138.46407,35.90147],[138.46366,35.90211],[138.46218,35.90291],[138.46096,35.90321],[138.46067,35.90356],[138.45951,35.90382],[138.45685,35.90347],[138.45625,35.90272],[138.45603,35.90131],[138.45639,35.9009],[138.45535,35.90009],[138.45538,35.89965],[138.45414,35.89933],[138.45451,35.90001],[138.45413,35.90179],[138.45439,35.90265],[138.45392,35.90391],[138.45287,35.90566],[138.45167,35.90621],[138.45117,35.90812],[138.44997,35.90927],[138.45044,35.91022],[138.44951,35.91148],[138.44865,35.91216],[138.44893,35.91312],[138.44736,35.91418],[138.44645,35.91454],[138.44607,35.91571],[138.44553,35.9162],[138.44527,35.917],[138.44408,35.91811],[138.44539,35.91893],[138.44557,35.92023],[138.44464,35.92131],[138.44451,35.9224],[138.44518,35.92302],[138.44607,35.92309],[138.44735,35.92366],[138.44691,35.92488],[138.44845,35.92536],[138.44809,35.92613],[138.44855,35.92703],[138.44871,35.92806],[138.44845,35.92885],[138.44748,35.92927],[138.44988,35.93115],[138.45019,35.93228],[138.45168,35.93297],[138.45229,35.93386],[138.45304,35.93547],[138.45317,35.93666],[138.45359,35.9367],[138.45391,35.93783],[138.45445,35.93838],[138.45426,35.9394],[138.45384,35.93998],[138.45223,35.94093],[138.4518,35.94155],[138.45224,35.94204],[138.45157,35.94266],[138.45101,35.94444],[138.44984,35.94566],[138.44865,35.94591],[138.44814,35.94648],[138.44648,35.94708],[138.44523,35.94911],[138.44457,35.94939],[138.44392,35.95024],[138.44221,35.9505],[138.4413,35.95135],[138.44061,35.95164],[138.43686,35.95388],[138.43543,35.95448],[138.43252,35.95599],[138.42883,35.95752],[138.42603,35.95832],[138.42491,35.95853],[138.42393,35.95907],[138.42145,35.95941],[138.41964,35.95984],[138.41765,35.95896],[138.41562,35.95935],[138.41443,35.95934],[138.41215,35.96025],[138.41072,35.96116],[138.40978,35.96249],[138.40881,35.9629],[138.40493,35.96355],[138.40388,35.96417],[138.40119,35.9651],[138.39896,35.96482],[138.39671,35.9655],[138.39578,35.96603],[138.39279,35.96671],[138.39213,35.96672],[138.3903,35.96756],[138.38752,35.96817],[138.38488,35.96941],[138.382,35.97162],[138.38125,35.9719],[138.37804,35.97171],[138.3748,35.97166],[138.37305,35.97179],[138.37008,35.97068],[138.37021,35.96976],[138.3694,35.9685],[138.36925,35.96726],[138.36854,35.96671],[138.36437,35.96481],[138.36272,35.96327],[138.36184,35.96281],[138.36079,35.96019],[138.36085,35.95934],[138.36154,35.95847],[138.36036,35.95744],[138.35959,35.9558],[138.35956,35.95293],[138.35994,35.95113],[138.35943,35.9505],[138.35785,35.95093],[138.35631,35.95065],[138.3551,35.95002],[138.35413,35.9491],[138.35239,35.94837],[138.35163,35.94737],[138.35076,35.9467],[138.34849,35.94432],[138.34509,35.94162],[138.34554,35.9388],[138.34571,35.93474],[138.34556,35.93395],[138.34418,35.93215],[138.34401,35.93058],[138.34371,35.92954],[138.34286,35.92784],[138.34229,35.92632],[138.34168,35.92561],[138.33984,35.92508],[138.33864,35.92423],[138.33839,35.92365],[138.3374,35.92267],[138.33736,35.92154],[138.33645,35.9206],[138.33537,35.92048],[138.33284,35.91675],[138.33128,35.91417],[138.33085,35.91145],[138.33012,35.90981],[138.3287,35.90802],[138.32849,35.90705],[138.32718,35.90517],[138.32644,35.90361],[138.32579,35.90308],[138.32399,35.90233],[138.32285,35.90133],[138.32179,35.89979],[138.32042,35.89876],[138.31857,35.89656],[138.31483,35.89308],[138.31404,35.89213],[138.31267,35.89104],[138.31103,35.89017],[138.307,35.88698],[138.30632,35.88445],[138.3048,35.88205],[138.30407,35.88148],[138.30291,35.87944],[138.30187,35.87843],[138.30121,35.87693],[138.29993,35.87577],[138.29892,35.87461],[138.29821,35.87348],[138.29662,35.87146],[138.29616,35.87035],[138.29473,35.86937],[138.29295,35.86719],[138.29228,35.86667],[138.29024,35.86575],[138.28897,35.86385],[138.28716,35.86257],[138.28599,35.8615],[138.2847,35.86086],[138.28406,35.86021],[138.28388,35.85944],[138.28137,35.85964],[138.27976,35.86005],[138.27841,35.86084],[138.27725,35.86196],[138.27497,35.86375],[138.27346,35.86459],[138.2725,35.8654],[138.26784,35.87049],[138.26742,35.87211],[138.26577,35.87474],[138.26429,35.87608],[138.26063,35.87833],[138.25881,35.87902],[138.25541,35.88137],[138.25321,35.88279],[138.25195,35.88466],[138.25024,35.88557],[138.24865,35.88596],[138.24748,35.88555],[138.24616,35.88545],[138.24511,35.88494],[138.24243,35.88471],[138.24095,35.8842],[138.24016,35.88357],[138.23878,35.88304],[138.23801,35.88221],[138.23673,35.88026],[138.23275,35.87649],[138.23224,35.87564],[138.23195,35.87366],[138.23099,35.87213],[138.22978,35.86943],[138.22913,35.86657],[138.22838,35.86277],[138.22768,35.85968],[138.22692,35.85832],[138.22679,35.85753],[138.2254,35.85657],[138.22395,35.85613],[138.22244,35.85386],[138.22232,35.85243],[138.22012,35.84913],[138.21897,35.84694],[138.21771,35.84606],[138.21621,35.84554],[138.21551,35.84489],[138.21544,35.8438],[138.21427,35.84289],[138.21362,35.84179],[138.21338,35.83969],[138.21268,35.83897],[138.21226,35.838],[138.21216,35.83639],[138.20931,35.83341],[138.20768,35.83205],[138.20676,35.83153],[138.20553,35.82978],[138.20527,35.8289],[138.20434,35.82736],[138.20382,35.82532],[138.20483,35.82476],[138.20512,35.82417],[138.20408,35.82317],[138.20345,35.82327],[138.20352,35.82261],[138.20407,35.82227],[138.20456,35.82069],[138.2058,35.81959],[138.205,35.8187],[138.20593,35.81828],[138.20593,35.81661],[138.20561,35.81574],[138.20317,35.81401],[138.20181,35.81218],[138.20111,35.81187],[138.19917,35.81232],[138.19867,35.81184],[138.19716,35.8078],[138.19542,35.80568],[138.19451,35.8054],[138.19385,35.80592],[138.19318,35.80571],[138.19356,35.80485],[138.19312,35.80391],[138.1916,35.80394],[138.19022,35.80312],[138.18996,35.80243],[138.18827,35.80069],[138.18758,35.79978],[138.18732,35.79859],[138.18625,35.79738],[138.1864,35.79675],[138.18613,35.79572],[138.18546,35.79559],[138.18601,35.79367],[138.18524,35.79174],[138.18519,35.79097],[138.18581,35.79024],[138.18864,35.78837],[138.18947,35.7875],[138.19055,35.78514],[138.19114,35.78446],[138.19265,35.78368],[138.19551,35.78273],[138.19931,35.78113],[138.20068,35.78078],[138.20202,35.78083],[138.20325,35.78113],[138.20605,35.78272],[138.20883,35.78075],[138.21002,35.779],[138.21008,35.77792],[138.21041,35.77726],[138.21161,35.77657],[138.21198,35.77588],[138.21363,35.77499],[138.21502,35.77484],[138.21537,35.7744],[138.21583,35.77275],[138.21742,35.77144],[138.2211,35.77098],[138.22145,35.77069],[138.22257,35.76832],[138.22378,35.76745],[138.22432,35.76664],[138.2247,35.76579],[138.2256,35.76558],[138.22737,35.76551],[138.22831,35.76528],[138.22875,35.7647],[138.22976,35.76429],[138.23202,35.76375],[138.23345,35.76265],[138.2349,35.76004],[138.23594,35.75862],[138.23679,35.7579],[138.23451,35.7572],[138.2333,35.75615],[138.23298,35.7556],[138.23128,35.75515],[138.22962,35.75331],[138.22931,35.75335],[138.23003,35.75183],[138.22991,35.75027],[138.23092,35.74844],[138.23348,35.7461],[138.23435,35.74555],[138.23413,35.74227],[138.2347,35.74144],[138.23488,35.73997],[138.2344,35.73802],[138.23699,35.73608],[138.23876,35.73489],[138.23922,35.73421],[138.24047,35.73346],[138.24129,35.73272],[138.24162,35.73176],[138.24384,35.73155],[138.24551,35.73194],[138.24796,35.73102],[138.25057,35.73049],[138.25267,35.73056],[138.25464,35.7303],[138.25653,35.72907],[138.25928,35.72888],[138.26207,35.72787],[138.26353,35.72678],[138.26406,35.72447],[138.26482,35.72266],[138.26637,35.72113],[138.26756,35.71964],[138.27134,35.71873],[138.27189,35.7179],[138.27313,35.71736],[138.27476,35.71625],[138.27566,35.71595],[138.27708,35.71438],[138.28039,35.71283],[138.28207,35.7125],[138.28287,35.71193],[138.28358,35.71085],[138.28452,35.71025],[138.28583,35.71002],[138.28686,35.71007],[138.28742,35.70979],[138.28905,35.70992],[138.29022,35.71042],[138.29313,35.71103],[138.29437,35.71096],[138.29681,35.71028],[138.29702,35.71036],[138.2992,35.71279],[138.30135,35.71302],[138.30284,35.71242],[138.30477,35.71197],[138.30629,35.71207],[138.30703,35.71191],[138.30728,35.71126],[138.30803,35.71067],[138.30965,35.71024],[138.312,35.70982],[138.31419,35.70979],[138.3188,35.71053],[138.32096,35.71167],[138.32296,35.71314],[138.32328,35.71355],[138.32676,35.71657],[138.32948,35.71768],[138.33266,35.71917],[138.33344,35.7219],[138.33385,35.72399],[138.33467,35.72737],[138.33524,35.72813],[138.33649,35.72917],[138.3385,35.73129],[138.34006,35.73278],[138.33999,35.73408],[138.34029,35.73493],[138.34086,35.73533],[138.3415,35.73664],[138.34244,35.73678],[138.34325,35.73752],[138.34435,35.73973],[138.3443,35.74059],[138.34326,35.74605],[138.34321,35.74668],[138.34471,35.74624],[138.34564,35.74618],[138.3473,35.74644],[138.3484,35.746],[138.35005,35.74622],[138.35183,35.74603],[138.35367,35.74666],[138.35551,35.74787],[138.35721,35.74997],[138.35956,35.7492],[138.36015,35.74931],[138.36126,35.75004],[138.36206,35.75029],[138.36422,35.74976],[138.3658,35.74993],[138.368,35.75119],[138.36895,35.75141],[138.37185,35.75127],[138.37458,35.75098],[138.37704,35.75007],[138.37913,35.7496],[138.38098,35.74836],[138.38166,35.74867],[138.38123,35.74959],[138.37976,35.75143],[138.37862,35.75245],[138.37747,35.75299],[138.37518,35.75437],[138.37406,35.75557],[138.37252,35.7575],[138.3722,35.75846],[138.37254,35.76046],[138.37225,35.76123],[138.37126,35.76132],[138.36938,35.76185],[138.36894,35.76216],[138.36857,35.7634],[138.36725,35.76324],[138.36689,35.7636],[138.36713,35.76485],[138.36648,35.765],[138.36662,35.7656],[138.36749,35.76557],[138.36771,35.76603],[138.36735,35.7668],[138.36864,35.76713],[138.36883,35.7671],[138.37064,35.76657],[138.37133,35.76656],[138.3719,35.76729],[138.37194,35.76762],[138.37299,35.76839],[138.37476,35.76911],[138.37668,35.76942],[138.38261,35.77055],[138.38372,35.77083],[138.38679,35.77153],[138.38696,35.77118],[138.38938,35.77172],[138.39302,35.77306],[138.40028,35.77298],[138.40013,35.77326],[138.40061,35.77241],[138.40197,35.76995],[138.40219,35.76954],[138.40253,35.76872],[138.40322,35.76682],[138.40353,35.76576],[138.40481,35.76592],[138.40602,35.76596],[138.40645,35.76586],[138.40907,35.76635],[138.40939,35.76669],[138.41001,35.76794],[138.41025,35.76835],[138.41041,35.76849],[138.4112,35.76857],[138.41143,35.7686],[138.41184,35.76863],[138.41203,35.76907],[138.41216,35.76925],[138.41291,35.76964],[138.41326,35.77009],[138.41541,35.77137],[138.41585,35.77149],[138.41646,35.7717],[138.41665,35.7719],[138.41681,35.77211],[138.4171,35.77262],[138.41729,35.77267],[138.41748,35.77325],[138.41769,35.77341],[138.41802,35.77361],[138.41843,35.77384],[138.4186,35.7737],[138.41881,35.77349],[138.42281,35.76959],[138.42709,35.76806],[138.42731,35.76706],[138.42972,35.76384],[138.43086,35.76245],[138.43133,35.76183],[138.43187,35.76118],[138.43288,35.76018],[138.43359,35.75892],[138.43443,35.75782],[138.43491,35.75726],[138.43594,35.75477],[138.4353,35.75353],[138.43607,35.75186],[138.43588,35.75176],[138.43691,35.75018],[138.43719,35.74983],[138.43752,35.74914],[138.43813,35.7484],[138.43898,35.74876]],[[138.43806,35.76335],[138.43859,35.76347],[138.43841,35.76335],[138.43806,35.76335]],[[138.43622,35.77343],[138.43599,35.77357],[138.43623,35.77344],[138.43622,35.77343]],[[138.44604,35.7696],[138.44602,35.76982],[138.44633,35.76934],[138.44604,35.7696]],[[138.44197,35.77352],[138.44197,35.77363],[138.44201,35.7735],[138.44197,35.77352]],[[138.44589,35.77187],[138.44624,35.77181],[138.44579,35.77113],[138.44589,35.77187]],[[138.44752,35.75545],[138.44749,35.75546],[138.44758,35.75551],[138.44752,35.75545]],[[138.44587,35.80118],[138.44599,35.80116],[138.44587,35.80116],[138.44587,35.80118]],[[138.43216,35.78306],[138.43196,35.78227],[138.43236,35.78387],[138.43216,35.78306]],[[138.46813,35.78383],[138.46819,35.78373],[138.46811,35.78367],[138.46813,35.78383]],[[138.45298,35.75603],[138.45311,35.75611],[138.45305,35.75599],[138.45298,35.75603]],[[138.41253,35.77838],[138.41202,35.77858],[138.41192,35.77864],[138.41253,35.77838]],[[138.39843,35.77801],[138.39829,35.77787],[138.39824,35.77796],[138.39843,35.77801]],[[138.3926,35.83175],[138.39185,35.83201],[138.39243,35.83221],[138.3926,35.83175]],[[138.3768,35.81342],[138.37636,35.81263],[138.37647,35.81289],[138.3768,35.81342]],[[138.34003,35.82334],[138.33971,35.82343],[138.33987,35.8237],[138.34003,35.82334]],[[138.33287,35.83208],[138.33298,35.83234],[138.3333,35.83259],[138.33287,35.83208]]],[[[138.3755,35.77462],[138.37511,35.77455],[138.37518,35.77456],[138.3755,35.77462]]]]}},{"type":"Feature","properties":{"nm":"甲斐市","b":[138.466,35.6289,138.5657,35.8072],"c":[138.51846,35.71704]},"geometry":{"type":"Polygon","coordinates":[[[138.50044,35.66178],[138.50136,35.65826],[138.50313,35.6522],[138.50386,35.64871],[138.50419,35.64473],[138.50515,35.63721],[138.50559,35.63382],[138.50829,35.63396],[138.50879,35.63333],[138.5097,35.63349],[138.51105,35.63386],[138.51117,35.63302],[138.5128,35.63324],[138.51292,35.63272],[138.5143,35.63289],[138.51605,35.63232],[138.51687,35.63236],[138.51862,35.63204],[138.52031,35.63144],[138.52178,35.63111],[138.52339,35.63091],[138.52418,35.63114],[138.52448,35.63043],[138.52536,35.63068],[138.52596,35.62929],[138.5268,35.62953],[138.5271,35.62886],[138.52875,35.62932],[138.5286,35.62966],[138.52985,35.63001],[138.52848,35.63229],[138.53118,35.63171],[138.53162,35.63186],[138.53302,35.63158],[138.53468,35.6316],[138.53341,35.63194],[138.53295,35.63255],[138.53201,35.63337],[138.53154,35.6337],[138.52992,35.63542],[138.52898,35.63688],[138.52778,35.63797],[138.52911,35.63894],[138.53032,35.63956],[138.5316,35.64117],[138.53251,35.64201],[138.53454,35.64274],[138.53522,35.64368],[138.53553,35.64599],[138.53713,35.64538],[138.53803,35.64556],[138.53808,35.6461],[138.53821,35.64705],[138.5388,35.64678],[138.53862,35.64724],[138.53686,35.64827],[138.53704,35.64877],[138.53617,35.64922],[138.53583,35.64977],[138.53449,35.65014],[138.53375,35.65089],[138.53291,35.65089],[138.53217,35.65249],[138.53292,35.65271],[138.53257,35.65304],[138.53365,35.65394],[138.53309,35.65436],[138.53358,35.65471],[138.53519,35.65385],[138.5386,35.65411],[138.53762,35.65486],[138.53671,35.65523],[138.53681,35.65605],[138.53595,35.65567],[138.53604,35.65651],[138.53487,35.65715],[138.53441,35.65676],[138.53431,35.65751],[138.53517,35.65763],[138.5363,35.65659],[138.53696,35.65665],[138.53791,35.65622],[138.53694,35.657],[138.53703,35.6574],[138.53609,35.65786],[138.53334,35.65911],[138.53295,35.66061],[138.53213,35.66185],[138.53134,35.66267],[138.53061,35.66316],[138.53054,35.66393],[138.53057,35.66395],[138.53127,35.66572],[138.53134,35.66599],[138.5317,35.66654],[138.53272,35.6665],[138.53284,35.66703],[138.53246,35.66805],[138.53332,35.66861],[138.53318,35.6692],[138.53253,35.6696],[138.53327,35.67012],[138.53308,35.67086],[138.5338,35.67106],[138.53402,35.67213],[138.53636,35.67208],[138.53674,35.6733],[138.53651,35.67387],[138.53576,35.67497],[138.53587,35.67573],[138.53496,35.6764],[138.53457,35.67672],[138.53347,35.67694],[138.53309,35.67885],[138.53424,35.679],[138.53466,35.67896],[138.53586,35.67898],[138.5356,35.67998],[138.53622,35.68024],[138.53586,35.68108],[138.53544,35.68189],[138.53326,35.68612],[138.53258,35.68689],[138.53161,35.68837],[138.52835,35.69206],[138.52839,35.69244],[138.52733,35.69268],[138.52723,35.69332],[138.52674,35.6944],[138.52382,35.69615],[138.52358,35.69706],[138.524,35.69835],[138.52401,35.69924],[138.52324,35.70109],[138.52339,35.70202],[138.52481,35.70394],[138.52516,35.70512],[138.5244,35.7064],[138.52436,35.70725],[138.52501,35.70772],[138.52617,35.70783],[138.52819,35.70734],[138.52941,35.70875],[138.53053,35.70893],[138.53128,35.71075],[138.53244,35.71173],[138.53414,35.71209],[138.53488,35.71299],[138.53488,35.71352],[138.53544,35.71426],[138.53676,35.71406],[138.5388,35.71402],[138.54109,35.71417],[138.54207,35.71371],[138.54236,35.71425],[138.54192,35.71454],[138.54398,35.7157],[138.54436,35.71796],[138.54412,35.71851],[138.54509,35.72098],[138.54618,35.72152],[138.54713,35.72146],[138.54883,35.72083],[138.54983,35.72167],[138.55019,35.72329],[138.54985,35.72413],[138.54864,35.72459],[138.54875,35.72587],[138.55174,35.72765],[138.55283,35.72863],[138.55228,35.7298],[138.55289,35.73028],[138.55398,35.73002],[138.55537,35.73029],[138.55614,35.73107],[138.55884,35.73213],[138.5602,35.73293],[138.56167,35.7335],[138.56122,35.73457],[138.56009,35.73458],[138.55972,35.73498],[138.56003,35.73595],[138.56068,35.73628],[138.56179,35.73627],[138.56285,35.73566],[138.56421,35.7382],[138.56399,35.73929],[138.56456,35.7399],[138.56546,35.74004],[138.56566,35.74011],[138.56513,35.74072],[138.56507,35.74095],[138.56503,35.74128],[138.56388,35.74313],[138.5634,35.74343],[138.56252,35.74398],[138.56252,35.74517],[138.56124,35.74706],[138.56067,35.74724],[138.55953,35.74724],[138.5584,35.74764],[138.55649,35.74789],[138.55395,35.74874],[138.5537,35.75026],[138.55392,35.75132],[138.55324,35.75195],[138.55323,35.75297],[138.55332,35.75358],[138.55434,35.75418],[138.55649,35.75608],[138.55768,35.75671],[138.55713,35.75716],[138.55569,35.75771],[138.55574,35.7594],[138.55457,35.75913],[138.55247,35.75948],[138.5508,35.75903],[138.5477,35.75914],[138.5476,35.76013],[138.54572,35.76005],[138.54469,35.75963],[138.54409,35.75992],[138.54277,35.76032],[138.54153,35.76268],[138.54058,35.76575],[138.54068,35.76703],[138.54089,35.76858],[138.54108,35.76982],[138.54015,35.77154],[138.54015,35.77241],[138.53968,35.77197],[138.54017,35.77257],[138.54019,35.77273],[138.53953,35.77308],[138.54026,35.77293],[138.5408,35.77388],[138.54245,35.77576],[138.54294,35.77747],[138.54434,35.77986],[138.5449,35.78212],[138.54482,35.78433],[138.54504,35.78571],[138.54602,35.78726],[138.54703,35.78858],[138.54855,35.78927],[138.54937,35.79035],[138.55009,35.79109],[138.55045,35.79196],[138.5498,35.79309],[138.54964,35.79424],[138.5481,35.7954],[138.54732,35.79714],[138.54864,35.79803],[138.54849,35.79902],[138.54822,35.80039],[138.54805,35.80034],[138.54794,35.80036],[138.54659,35.80062],[138.54642,35.80059],[138.54571,35.80038],[138.54538,35.80042],[138.54502,35.80044],[138.54482,35.8005],[138.54435,35.80099],[138.54409,35.8011],[138.54353,35.80165],[138.54337,35.8019],[138.54128,35.80198],[138.54086,35.80175],[138.54069,35.80174],[138.53933,35.80214],[138.53861,35.80178],[138.53648,35.80241],[138.53581,35.80316],[138.53425,35.8036],[138.53403,35.80363],[138.53207,35.80526],[138.53187,35.8053],[138.53071,35.80547],[138.53065,35.80554],[138.52918,35.80612],[138.52898,35.80662],[138.52784,35.80698],[138.52701,35.8072],[138.52568,35.80668],[138.5244,35.8056],[138.52428,35.80551],[138.52288,35.8046],[138.52266,35.80456],[138.52183,35.80441],[138.52161,35.80436],[138.52027,35.80384],[138.51909,35.80266],[138.51891,35.80257],[138.51723,35.80259],[138.51462,35.80238],[138.51418,35.80226],[138.51227,35.80169],[138.51214,35.80158],[138.51199,35.80099],[138.51207,35.80083],[138.51214,35.80067],[138.51225,35.80047],[138.51263,35.79986],[138.51274,35.7997],[138.51348,35.79883],[138.51366,35.79858],[138.51408,35.79756],[138.51407,35.79741],[138.51366,35.7964],[138.51365,35.79572],[138.51381,35.79476],[138.51317,35.79375],[138.51232,35.78863],[138.51214,35.78823],[138.51146,35.78566],[138.51021,35.78363],[138.50853,35.78146],[138.50822,35.78072],[138.50704,35.77899],[138.50558,35.77719],[138.50555,35.77708],[138.50459,35.77644],[138.50442,35.77645],[138.50418,35.77645],[138.50404,35.77644],[138.50356,35.77615],[138.5034,35.77515],[138.50297,35.77447],[138.50292,35.77437],[138.50257,35.77333],[138.50253,35.77304],[138.50247,35.77153],[138.50206,35.77128],[138.50177,35.77087],[138.5005,35.76979],[138.50215,35.76975],[138.50271,35.7704],[138.50454,35.77038],[138.50462,35.77088],[138.50546,35.7706],[138.50718,35.77049],[138.51036,35.77112],[138.51219,35.77131],[138.51458,35.77082],[138.51588,35.7693],[138.51773,35.76862],[138.51882,35.7679],[138.51943,35.76725],[138.5199,35.76552],[138.52048,35.7649],[138.52025,35.76354],[138.51956,35.7627],[138.51814,35.76088],[138.51845,35.75983],[138.51817,35.75865],[138.51845,35.75814],[138.5179,35.75734],[138.51643,35.75697],[138.51581,35.75622],[138.51617,35.75477],[138.51704,35.75444],[138.5188,35.75315],[138.51891,35.75205],[138.51738,35.75119],[138.51716,35.75043],[138.51688,35.75004],[138.51658,35.74969],[138.51647,35.74937],[138.51656,35.74902],[138.51635,35.74876],[138.51609,35.74854],[138.51604,35.74785],[138.51582,35.74724],[138.51575,35.74694],[138.5157,35.74659],[138.51568,35.74653],[138.51566,35.74649],[138.51539,35.74617],[138.51472,35.74547],[138.51465,35.7452],[138.51445,35.74479],[138.51379,35.7443],[138.51338,35.74406],[138.5129,35.74379],[138.51224,35.743],[138.51236,35.7423],[138.51203,35.74137],[138.51149,35.73977],[138.5111,35.73881],[138.51082,35.73851],[138.51061,35.73834],[138.5105,35.73792],[138.51064,35.73737],[138.51116,35.73715],[138.51164,35.73566],[138.51125,35.73431],[138.51144,35.73345],[138.51117,35.73263],[138.51214,35.73149],[138.51154,35.73084],[138.51209,35.72989],[138.51145,35.72922],[138.51049,35.72732],[138.50945,35.72747],[138.50922,35.72749],[138.50789,35.72667],[138.50579,35.7255],[138.50524,35.72509],[138.50473,35.72458],[138.50449,35.72437],[138.50362,35.72384],[138.50209,35.7226],[138.50178,35.72225],[138.50159,35.72191],[138.49828,35.72088],[138.49803,35.72015],[138.49618,35.72119],[138.49565,35.72133],[138.495,35.72053],[138.49454,35.72004],[138.49426,35.71991],[138.49339,35.71942],[138.49218,35.71838],[138.49208,35.71778],[138.49185,35.71747],[138.49156,35.71716],[138.49145,35.71712],[138.4909,35.7169],[138.49023,35.71565],[138.48993,35.71501],[138.48962,35.71484],[138.48896,35.71455],[138.4869,35.71305],[138.48615,35.71239],[138.48522,35.71145],[138.48499,35.71115],[138.48396,35.71004],[138.48394,35.70999],[138.48383,35.7108],[138.48339,35.71341],[138.4831,35.71387],[138.48249,35.71375],[138.48216,35.71371],[138.48195,35.71342],[138.48149,35.71338],[138.48187,35.71354],[138.48199,35.71382],[138.48287,35.71405],[138.48247,35.71469],[138.4819,35.71513],[138.48212,35.71545],[138.48253,35.71568],[138.48252,35.71579],[138.48204,35.71569],[138.48161,35.71613],[138.48186,35.71657],[138.48193,35.71663],[138.48224,35.71757],[138.4817,35.71749],[138.48207,35.71806],[138.48201,35.71823],[138.48197,35.71845],[138.48095,35.71974],[138.48024,35.71865],[138.48004,35.71757],[138.4788,35.71699],[138.47456,35.71856],[138.47265,35.71588],[138.47072,35.71337],[138.46921,35.71225],[138.46858,35.7122],[138.46877,35.71093],[138.46916,35.71087],[138.4683,35.70936],[138.46832,35.70893],[138.46741,35.70787],[138.4675,35.70721],[138.4669,35.70649],[138.46648,35.70548],[138.4667,35.70494],[138.466,35.70388],[138.46614,35.70302],[138.46707,35.70117],[138.46744,35.7009],[138.46791,35.69967],[138.46784,35.69881],[138.46776,35.69845],[138.46889,35.69741],[138.47059,35.69425],[138.4722,35.69148],[138.46895,35.68979],[138.47288,35.68725],[138.47467,35.68521],[138.47995,35.68003],[138.48034,35.67975],[138.48323,35.67792],[138.4856,35.67674],[138.48642,35.67649],[138.48743,35.67656],[138.48938,35.67642],[138.49144,35.67585],[138.4937,35.67487],[138.49689,35.67282],[138.49761,35.67129],[138.49869,35.66832],[138.49981,35.66482],[138.50044,35.66178]],[[138.52586,35.73073],[138.52603,35.73285],[138.52609,35.73326],[138.52586,35.73073]],[[138.53981,35.741],[138.54087,35.74207],[138.54088,35.74184],[138.53981,35.741]],[[138.53229,35.76805],[138.53307,35.76832],[138.53275,35.76817],[138.53229,35.76805]]]}},{"type":"Feature","properties":{"nm":"笛吹市","b":[138.585,35.5163,138.7934,35.7142],"c":[138.68059,35.59983]},"geometry":{"type":"MultiPolygon","coordinates":[[[[138.62951,35.64956],[138.62781,35.64882],[138.62477,35.6477],[138.62424,35.64779],[138.62173,35.6469],[138.61881,35.6446],[138.61661,35.64331],[138.61323,35.64209],[138.61035,35.64112],[138.60949,35.64041],[138.60822,35.63908],[138.60697,35.63792],[138.60565,35.63738],[138.60295,35.63689],[138.60106,35.63672],[138.60013,35.6363],[138.59843,35.6343],[138.59779,35.63323],[138.59755,35.63147],[138.59791,35.63024],[138.59823,35.62969],[138.59869,35.62881],[138.59852,35.62788],[138.59726,35.62782],[138.59728,35.62709],[138.59751,35.62692],[138.59755,35.6252],[138.5983,35.62471],[138.59846,35.62284],[138.59803,35.62188],[138.59618,35.61919],[138.59464,35.61631],[138.59746,35.61606],[138.59828,35.61625],[138.59877,35.618],[138.60158,35.6175],[138.60211,35.61781],[138.60268,35.61816],[138.60416,35.6165],[138.60552,35.61706],[138.6057,35.61684],[138.60688,35.61752],[138.60736,35.61823],[138.60788,35.61762],[138.60765,35.6158],[138.60743,35.61381],[138.60615,35.61035],[138.60702,35.60861],[138.60699,35.60697],[138.60872,35.60503],[138.6083,35.60325],[138.60724,35.60346],[138.60477,35.60276],[138.60312,35.60137],[138.60258,35.6015],[138.6014,35.60125],[138.60053,35.60053],[138.60011,35.59981],[138.59885,35.59997],[138.59817,35.59856],[138.5973,35.59843],[138.59685,35.5976],[138.5957,35.59755],[138.59381,35.59695],[138.59355,35.59649],[138.59219,35.59631],[138.59248,35.59362],[138.592,35.59345],[138.59231,35.59267],[138.59103,35.59201],[138.59026,35.59271],[138.59011,35.59325],[138.58797,35.59568],[138.58753,35.59487],[138.58584,35.59487],[138.585,35.59403],[138.58535,35.59279],[138.58512,35.59009],[138.58561,35.58962],[138.58903,35.58891],[138.58965,35.58835],[138.59053,35.58805],[138.59247,35.58605],[138.59286,35.58501],[138.59316,35.58546],[138.59361,35.5847],[138.59456,35.58391],[138.5947,35.58319],[138.59519,35.58326],[138.59559,35.58247],[138.5967,35.58263],[138.59805,35.58079],[138.59878,35.58069],[138.60162,35.57956],[138.60218,35.57956],[138.6031,35.57949],[138.60485,35.57784],[138.60553,35.57784],[138.60662,35.57847],[138.60842,35.57863],[138.60886,35.57837],[138.61138,35.57839],[138.61225,35.57794],[138.6124,35.57717],[138.61341,35.57651],[138.61557,35.57615],[138.61701,35.57518],[138.61805,35.57363],[138.61814,35.57307],[138.61748,35.57202],[138.61892,35.57101],[138.61916,35.57056],[138.61915,35.56926],[138.6194,35.5679],[138.62032,35.5668],[138.62135,35.56467],[138.62276,35.56355],[138.62349,35.56248],[138.62457,35.56153],[138.62441,35.55894],[138.62391,35.55761],[138.62458,35.55697],[138.62355,35.55518],[138.62159,35.55307],[138.62105,35.55139],[138.61976,35.55117],[138.61912,35.55055],[138.61865,35.54961],[138.6172,35.54927],[138.6161,35.5487],[138.61809,35.5473],[138.61957,35.54718],[138.62083,35.54677],[138.62188,35.54571],[138.6232,35.54555],[138.6253,35.54457],[138.62714,35.5427],[138.62817,35.54143],[138.62949,35.54041],[138.63003,35.53941],[138.63089,35.53912],[138.63124,35.53766],[138.63175,35.53689],[138.63194,35.53486],[138.63374,35.53467],[138.63559,35.53514],[138.63637,35.53516],[138.63695,35.53466],[138.63839,35.53476],[138.63999,35.53372],[138.6406,35.5309],[138.6411,35.53054],[138.6417,35.52901],[138.64202,35.52648],[138.64372,35.52499],[138.64673,35.52315],[138.64931,35.52206],[138.6503,35.5207],[138.65055,35.51973],[138.65025,35.51746],[138.65044,35.51627],[138.65196,35.51653],[138.6531,35.51648],[138.65606,35.51692],[138.65891,35.51694],[138.6598,35.51737],[138.66166,35.51772],[138.66238,35.51749],[138.66458,35.51816],[138.66645,35.51828],[138.66949,35.51948],[138.67122,35.51992],[138.67281,35.52012],[138.67383,35.5205],[138.67674,35.51983],[138.67799,35.52068],[138.67957,35.52132],[138.68014,35.52287],[138.68161,35.52363],[138.68314,35.5239],[138.68352,35.52475],[138.6834,35.52559],[138.6841,35.52773],[138.68615,35.52852],[138.68717,35.52863],[138.6904,35.53002],[138.69148,35.53066],[138.69226,35.53152],[138.69312,35.53202],[138.69363,35.53324],[138.69466,35.53381],[138.69602,35.53469],[138.69813,35.53541],[138.70128,35.53503],[138.70332,35.53594],[138.70426,35.53601],[138.70648,35.5369],[138.70744,35.53714],[138.70823,35.53797],[138.70939,35.53828],[138.71256,35.53853],[138.71477,35.53902],[138.71702,35.54022],[138.71958,35.54109],[138.72079,35.54136],[138.72184,35.54133],[138.72307,35.54164],[138.72441,35.5424],[138.72668,35.54324],[138.72827,35.54513],[138.73029,35.54577],[138.73099,35.54633],[138.73369,35.54733],[138.73547,35.54776],[138.73787,35.54754],[138.73882,35.54798],[138.73995,35.54895],[138.74095,35.54953],[138.74185,35.55038],[138.74407,35.55127],[138.74687,35.55121],[138.74942,35.55205],[138.74946,35.55207],[138.75246,35.5533],[138.75474,35.55357],[138.75614,35.55347],[138.75889,35.5535],[138.76109,35.55453],[138.76123,35.55522],[138.76302,35.55591],[138.76387,35.5567],[138.76535,35.55924],[138.76765,35.56004],[138.76855,35.56051],[138.76967,35.56071],[138.77084,35.55968],[138.77199,35.55902],[138.77304,35.55875],[138.77547,35.55954],[138.77649,35.55928],[138.77793,35.55948],[138.77897,35.55941],[138.77943,35.55908],[138.78175,35.55872],[138.78249,35.55823],[138.78519,35.55853],[138.78676,35.5595],[138.78862,35.55954],[138.79162,35.56049],[138.79157,35.56295],[138.79076,35.56428],[138.79179,35.56531],[138.79168,35.56614],[138.79267,35.56789],[138.79344,35.56975],[138.7921,35.57111],[138.78985,35.57206],[138.78959,35.57288],[138.78685,35.57472],[138.7882,35.57731],[138.78846,35.57986],[138.78882,35.58029],[138.78732,35.58127],[138.78666,35.58226],[138.78593,35.5826],[138.7855,35.58364],[138.78524,35.58513],[138.78472,35.58536],[138.78381,35.5848],[138.7825,35.58471],[138.78118,35.58488],[138.77956,35.58431],[138.77859,35.58421],[138.77768,35.58475],[138.77653,35.58494],[138.77568,35.58567],[138.77264,35.58674],[138.77291,35.58803],[138.77275,35.58917],[138.77398,35.59102],[138.77423,35.593],[138.77304,35.59414],[138.77125,35.59657],[138.77141,35.59971],[138.76941,35.60071],[138.76889,35.60168],[138.76873,35.6027],[138.76779,35.60393],[138.76713,35.60532],[138.76675,35.60566],[138.76652,35.60596],[138.76744,35.60895],[138.76703,35.61059],[138.76731,35.61182],[138.76705,35.61441],[138.76719,35.61524],[138.76633,35.61756],[138.76661,35.61882],[138.76487,35.62159],[138.76481,35.62275],[138.76167,35.6221],[138.76032,35.621],[138.75788,35.62017],[138.75663,35.62021],[138.75526,35.62061],[138.75379,35.6215],[138.75295,35.62057],[138.75296,35.6198],[138.75235,35.62019],[138.75124,35.62264],[138.75148,35.62445],[138.75057,35.62505],[138.74866,35.62503],[138.74658,35.62564],[138.74486,35.62659],[138.74203,35.62694],[138.74124,35.62675],[138.74182,35.62761],[138.74264,35.62802],[138.7431,35.62864],[138.74002,35.63119],[138.74012,35.63177],[138.73928,35.63299],[138.73882,35.63327],[138.73891,35.63493],[138.73831,35.63628],[138.73485,35.63677],[138.73146,35.63707],[138.73016,35.63815],[138.72927,35.63854],[138.72676,35.63662],[138.72737,35.63912],[138.72626,35.63994],[138.72531,35.64015],[138.72327,35.63927],[138.72377,35.63827],[138.72167,35.63987],[138.72166,35.64044],[138.72079,35.64167],[138.72134,35.64186],[138.72084,35.64239],[138.72039,35.64359],[138.71958,35.64456],[138.71982,35.645],[138.71945,35.64567],[138.71901,35.64585],[138.7178,35.64769],[138.71778,35.64807],[138.71674,35.6477],[138.71667,35.64825],[138.71597,35.64818],[138.7167,35.64713],[138.71628,35.64668],[138.71634,35.64575],[138.7176,35.64375],[138.72038,35.64111],[138.71978,35.64048],[138.7185,35.64129],[138.71748,35.64271],[138.71773,35.64317],[138.71628,35.64421],[138.71459,35.64514],[138.71378,35.64518],[138.71092,35.64694],[138.71157,35.6474],[138.71175,35.64865],[138.71028,35.64984],[138.70998,35.65031],[138.70995,35.65063],[138.71092,35.65111],[138.71201,35.65064],[138.71234,35.65019],[138.71332,35.64982],[138.71298,35.65041],[138.71328,35.65085],[138.71399,35.65043],[138.71339,35.64979],[138.71467,35.6491],[138.7145,35.65036],[138.71396,35.65146],[138.713,35.65267],[138.71214,35.65222],[138.7118,35.65247],[138.71243,35.6533],[138.71307,35.65263],[138.71384,35.65277],[138.71334,35.65374],[138.71328,35.65459],[138.71197,35.65477],[138.71248,35.65547],[138.71335,35.65489],[138.71362,35.65577],[138.71374,35.65743],[138.71416,35.65749],[138.71415,35.65848],[138.71446,35.65943],[138.71392,35.65963],[138.71466,35.6615],[138.71434,35.66279],[138.71044,35.66318],[138.70781,35.66315],[138.70653,35.66317],[138.70515,35.66335],[138.70125,35.66333],[138.69848,35.66322],[138.69519,35.66313],[138.69185,35.66255],[138.68906,35.66176],[138.68846,35.66157],[138.68657,35.66106],[138.68485,35.66086],[138.68214,35.66063],[138.67984,35.66064],[138.67818,35.66092],[138.67553,35.66178],[138.67414,35.66212],[138.67137,35.66251],[138.66944,35.66243],[138.66769,35.66173],[138.66623,35.66219],[138.66571,35.6622],[138.6678,35.66591],[138.6681,35.66663],[138.66934,35.66961],[138.67074,35.67215],[138.67167,35.67409],[138.67018,35.67458],[138.66892,35.67453],[138.66795,35.67475],[138.66461,35.67644],[138.66349,35.67656],[138.66205,35.67732],[138.66167,35.67762],[138.66135,35.67637],[138.66088,35.67688],[138.65932,35.67758],[138.65787,35.67776],[138.65714,35.67816],[138.65613,35.67857],[138.65605,35.67907],[138.65603,35.67963],[138.65487,35.68076],[138.65355,35.67989],[138.65307,35.67902],[138.65222,35.6782],[138.6516,35.67869],[138.65175,35.67917],[138.65265,35.68056],[138.65249,35.68106],[138.65156,35.68108],[138.64939,35.68172],[138.64763,35.68217],[138.64706,35.68214],[138.64612,35.6822],[138.64421,35.68357],[138.64341,35.68444],[138.64303,35.68468],[138.6428,35.68498],[138.64462,35.68655],[138.64751,35.68764],[138.64802,35.68813],[138.64807,35.68931],[138.64711,35.68913],[138.6456,35.68967],[138.64523,35.68984],[138.64278,35.69061],[138.64188,35.69122],[138.64099,35.69313],[138.6406,35.69341],[138.63957,35.69434],[138.63738,35.69524],[138.63555,35.69739],[138.63542,35.69759],[138.63486,35.69807],[138.63457,35.69819],[138.6337,35.69845],[138.63336,35.69854],[138.63294,35.69872],[138.63199,35.69908],[138.63159,35.69968],[138.63086,35.70022],[138.62941,35.70099],[138.62792,35.70282],[138.62707,35.70386],[138.62687,35.70557],[138.62657,35.70577],[138.62546,35.70647],[138.62422,35.70783],[138.62416,35.70909],[138.62505,35.70959],[138.62725,35.7101],[138.6312,35.70991],[138.6315,35.71051],[138.63234,35.71152],[138.63301,35.71217],[138.63333,35.71289],[138.63202,35.71371],[138.63147,35.71377],[138.63059,35.71401],[138.6295,35.7142],[138.62629,35.71366],[138.62473,35.71317],[138.62195,35.71262],[138.61843,35.71201],[138.61747,35.71137],[138.61685,35.71154],[138.61662,35.71053],[138.61764,35.70939],[138.61795,35.70736],[138.61744,35.70658],[138.61766,35.70623],[138.61927,35.70533],[138.62031,35.70443],[138.62052,35.70382],[138.62029,35.70267],[138.62223,35.70148],[138.62222,35.70095],[138.62343,35.70043],[138.62358,35.69964],[138.62428,35.69875],[138.62291,35.69712],[138.62187,35.69635],[138.62087,35.69482],[138.62135,35.69386],[138.62246,35.69293],[138.62238,35.6926],[138.62154,35.69287],[138.6199,35.69249],[138.61739,35.69281],[138.61571,35.69263],[138.6122,35.69284],[138.61122,35.69254],[138.60925,35.69113],[138.61035,35.69056],[138.61109,35.68906],[138.61249,35.6876],[138.61369,35.68734],[138.61673,35.68294],[138.61797,35.68169],[138.61919,35.68114],[138.61958,35.67962],[138.61872,35.67823],[138.61893,35.67686],[138.61995,35.67537],[138.62042,35.67403],[138.62138,35.67312],[138.62213,35.67183],[138.62239,35.6706],[138.62288,35.67026],[138.62571,35.66919],[138.62637,35.66871],[138.62648,35.66711],[138.62732,35.66504],[138.62768,35.66304],[138.62778,35.65903],[138.62623,35.6595],[138.62528,35.65943],[138.62447,35.66001],[138.62288,35.66052],[138.6222,35.65778],[138.62567,35.65726],[138.63025,35.65687],[138.63118,35.6571],[138.63059,35.65597],[138.63082,35.65401],[138.63191,35.65323],[138.63352,35.65333],[138.63413,35.654],[138.63557,35.654],[138.6356,35.65352],[138.63217,35.65068],[138.62951,35.64956]],[[138.69185,35.62869],[138.69162,35.62912],[138.69207,35.62866],[138.69185,35.62869]],[[138.69308,35.6285],[138.6951,35.6285],[138.69434,35.62849],[138.69308,35.6285]],[[138.69872,35.63161],[138.69831,35.62975],[138.69809,35.62895],[138.69872,35.63161]],[[138.69527,35.64035],[138.69548,35.63969],[138.6954,35.63967],[138.69527,35.64035]],[[138.70537,35.64493],[138.70604,35.64522],[138.70593,35.64516],[138.70537,35.64493]],[[138.71169,35.65112],[138.71134,35.6513],[138.7119,35.65197],[138.7127,35.65144],[138.7122,35.65064],[138.71169,35.65112]],[[138.6511,35.67797],[138.65225,35.67751],[138.65166,35.67682],[138.65078,35.67724],[138.6511,35.67797]]],[[[138.64634,35.69612],[138.6445,35.69625],[138.64342,35.6957],[138.64434,35.69397],[138.64508,35.69368],[138.64738,35.69122],[138.64837,35.69211],[138.64855,35.69393],[138.64907,35.69429],[138.64774,35.69483],[138.64678,35.69613],[138.64634,35.69612]]],[[[138.63234,35.70337],[138.63322,35.7028],[138.63388,35.70159],[138.63432,35.70125],[138.63461,35.70055],[138.63589,35.69871],[138.63815,35.69669],[138.63946,35.6983],[138.63821,35.69989],[138.63622,35.70128],[138.63422,35.70407],[138.63303,35.70463],[138.632,35.70577],[138.63137,35.70481],[138.63154,35.70373],[138.63234,35.70337]]],[[[138.64469,35.70399],[138.64555,35.70359],[138.64656,35.70244],[138.64571,35.70184],[138.64511,35.70207],[138.64497,35.70196],[138.64509,35.70136],[138.6478,35.6992],[138.64828,35.69956],[138.64897,35.70078],[138.64838,35.70095],[138.649,35.70164],[138.64892,35.70222],[138.64866,35.70243],[138.64721,35.70293],[138.64657,35.70445],[138.64303,35.70591],[138.64181,35.70619],[138.64324,35.70474],[138.64469,35.70399]]]]}},{"type":"Feature","properties":{"nm":"甲州市","b":[138.7003,35.6049,138.8699,35.8676],"c":[138.79183,35.72657]},"geometry":{"type":"MultiPolygon","coordinates":[[[[138.71234,35.70315],[138.71211,35.70229],[138.7119,35.70118],[138.71088,35.69784],[138.71177,35.69787],[138.7117,35.69678],[138.71114,35.6955],[138.71118,35.69486],[138.71312,35.69427],[138.71287,35.69306],[138.71196,35.69087],[138.71708,35.68953],[138.71626,35.68743],[138.71617,35.68652],[138.71384,35.68489],[138.71274,35.68447],[138.71247,35.68393],[138.71119,35.68322],[138.7078,35.68068],[138.70653,35.67983],[138.70399,35.67812],[138.70355,35.67732],[138.701,35.67569],[138.70092,35.6754],[138.70053,35.67525],[138.70067,35.67426],[138.7003,35.67276],[138.70373,35.67221],[138.70349,35.67124],[138.70696,35.67068],[138.7079,35.66994],[138.70681,35.66982],[138.70649,35.66894],[138.70824,35.66825],[138.70733,35.66696],[138.70848,35.66599],[138.70781,35.66315],[138.71044,35.66318],[138.71434,35.66279],[138.71466,35.6615],[138.71392,35.65963],[138.71446,35.65943],[138.71415,35.65848],[138.71416,35.65749],[138.71374,35.65743],[138.71362,35.65577],[138.71335,35.65489],[138.71248,35.65547],[138.71197,35.65477],[138.71328,35.65459],[138.71334,35.65374],[138.71384,35.65277],[138.71307,35.65263],[138.71243,35.6533],[138.7118,35.65247],[138.71214,35.65222],[138.713,35.65267],[138.71396,35.65146],[138.7145,35.65036],[138.71467,35.6491],[138.71339,35.64979],[138.71399,35.65043],[138.71328,35.65085],[138.71298,35.65041],[138.71332,35.64982],[138.71234,35.65019],[138.71201,35.65064],[138.71092,35.65111],[138.70995,35.65063],[138.70998,35.65031],[138.71028,35.64984],[138.71175,35.64865],[138.71157,35.6474],[138.71092,35.64694],[138.71378,35.64518],[138.71459,35.64514],[138.71628,35.64421],[138.71773,35.64317],[138.71748,35.64271],[138.7185,35.64129],[138.71978,35.64048],[138.72038,35.64111],[138.7176,35.64375],[138.71634,35.64575],[138.71628,35.64668],[138.7167,35.64713],[138.71597,35.64818],[138.71667,35.64825],[138.71674,35.6477],[138.71778,35.64807],[138.7178,35.64769],[138.71901,35.64585],[138.71945,35.64567],[138.71982,35.645],[138.71958,35.64456],[138.72039,35.64359],[138.72084,35.64239],[138.72134,35.64186],[138.72079,35.64167],[138.72166,35.64044],[138.72167,35.63987],[138.72377,35.63827],[138.72327,35.63927],[138.72531,35.64015],[138.72626,35.63994],[138.72737,35.63912],[138.72676,35.63662],[138.72927,35.63854],[138.73016,35.63815],[138.73146,35.63707],[138.73485,35.63677],[138.73831,35.63628],[138.73891,35.63493],[138.73882,35.63327],[138.73928,35.63299],[138.74012,35.63177],[138.74002,35.63119],[138.7431,35.62864],[138.74264,35.62802],[138.74182,35.62761],[138.74124,35.62675],[138.74203,35.62694],[138.74486,35.62659],[138.74658,35.62564],[138.74866,35.62503],[138.75057,35.62505],[138.75148,35.62445],[138.75124,35.62264],[138.75235,35.62019],[138.75296,35.6198],[138.75295,35.62057],[138.75379,35.6215],[138.75526,35.62061],[138.75663,35.62021],[138.75788,35.62017],[138.76032,35.621],[138.76167,35.6221],[138.76481,35.62275],[138.76487,35.62159],[138.76661,35.61882],[138.76633,35.61756],[138.76719,35.61524],[138.76705,35.61441],[138.76731,35.61182],[138.76703,35.61059],[138.76744,35.60895],[138.76652,35.60596],[138.76675,35.60566],[138.76713,35.60532],[138.76885,35.60515],[138.77026,35.60601],[138.77089,35.60602],[138.77183,35.60538],[138.77429,35.60494],[138.77541,35.60503],[138.77625,35.60591],[138.77568,35.60723],[138.77624,35.60845],[138.77761,35.60858],[138.77924,35.60951],[138.77931,35.61123],[138.77982,35.61249],[138.7818,35.61564],[138.78287,35.61598],[138.78485,35.61728],[138.78579,35.61763],[138.78726,35.61788],[138.78862,35.61772],[138.79066,35.61719],[138.79396,35.61731],[138.79396,35.61798],[138.79455,35.6186],[138.79673,35.61892],[138.79787,35.61954],[138.79852,35.62029],[138.80002,35.62026],[138.80077,35.62047],[138.80326,35.62262],[138.80337,35.62332],[138.80398,35.62337],[138.80598,35.62301],[138.80643,35.62312],[138.81023,35.62159],[138.81154,35.62142],[138.81252,35.62191],[138.81441,35.62207],[138.81521,35.62268],[138.81614,35.62429],[138.81643,35.6252],[138.81711,35.62626],[138.81814,35.62738],[138.81896,35.62872],[138.8198,35.62949],[138.82141,35.62981],[138.82256,35.63043],[138.82671,35.62998],[138.82967,35.62904],[138.8309,35.63135],[138.83102,35.63193],[138.83173,35.63276],[138.83194,35.63377],[138.83158,35.63508],[138.83296,35.6354],[138.83379,35.63531],[138.83476,35.63564],[138.83603,35.63684],[138.83686,35.63697],[138.83772,35.63825],[138.83861,35.6386],[138.83988,35.63943],[138.84061,35.64034],[138.84127,35.64054],[138.84481,35.64055],[138.84614,35.64193],[138.84608,35.6445],[138.84669,35.646],[138.84777,35.64667],[138.8482,35.6476],[138.8496,35.64871],[138.85068,35.64912],[138.85109,35.64983],[138.85059,35.65086],[138.85068,35.6524],[138.84994,35.65248],[138.84888,35.65387],[138.84839,35.6552],[138.84843,35.65635],[138.84884,35.65834],[138.84925,35.65942],[138.85053,35.6608],[138.84945,35.66204],[138.84919,35.6635],[138.84849,35.66393],[138.84837,35.66447],[138.84873,35.66553],[138.84859,35.66665],[138.84755,35.66841],[138.84707,35.67074],[138.84713,35.67159],[138.84728,35.67307],[138.8486,35.67503],[138.84887,35.67575],[138.85002,35.67707],[138.85025,35.67935],[138.85152,35.68047],[138.85268,35.68198],[138.85387,35.68259],[138.85659,35.6833],[138.85764,35.68345],[138.85849,35.6854],[138.85811,35.68695],[138.85758,35.68697],[138.8585,35.68712],[138.85966,35.68838],[138.85965,35.68916],[138.8595,35.68931],[138.8589,35.68991],[138.85817,35.69177],[138.85857,35.69233],[138.8587,35.69294],[138.85849,35.69442],[138.85792,35.69597],[138.85743,35.69744],[138.85628,35.698],[138.85643,35.69916],[138.85598,35.69957],[138.85528,35.70093],[138.8551,35.70214],[138.85549,35.70288],[138.85611,35.70514],[138.85692,35.70584],[138.85616,35.70984],[138.85615,35.71102],[138.85654,35.71331],[138.85536,35.71411],[138.85518,35.71553],[138.85642,35.71695],[138.85591,35.71827],[138.85611,35.71896],[138.85595,35.71963],[138.85641,35.72117],[138.85708,35.72259],[138.85764,35.72348],[138.85853,35.72426],[138.85843,35.72533],[138.85973,35.72618],[138.8595,35.72736],[138.86,35.7297],[138.85953,35.73076],[138.85645,35.73216],[138.8555,35.73303],[138.85419,35.7333],[138.85353,35.73569],[138.85268,35.73713],[138.85133,35.73847],[138.85151,35.73916],[138.85242,35.74056],[138.85238,35.74089],[138.85187,35.74133],[138.85132,35.7415],[138.85022,35.74311],[138.84907,35.74391],[138.84841,35.74427],[138.84821,35.74497],[138.84648,35.7459],[138.84568,35.74656],[138.84555,35.7473],[138.84567,35.74809],[138.84532,35.74899],[138.8431,35.74953],[138.84198,35.74971],[138.84033,35.75076],[138.83897,35.75144],[138.83755,35.75137],[138.83707,35.75218],[138.83614,35.75283],[138.83496,35.7532],[138.83352,35.75245],[138.8309,35.75377],[138.82993,35.75474],[138.82897,35.75474],[138.8279,35.75521],[138.82693,35.75737],[138.82624,35.75855],[138.82535,35.75907],[138.82257,35.76246],[138.82084,35.76408],[138.81925,35.76537],[138.81876,35.76619],[138.81917,35.76702],[138.81846,35.76903],[138.81942,35.77023],[138.81972,35.77151],[138.81851,35.7728],[138.81771,35.77396],[138.81739,35.77507],[138.81625,35.77564],[138.81698,35.7765],[138.81894,35.77695],[138.82212,35.77716],[138.82319,35.77688],[138.82638,35.7774],[138.82763,35.777],[138.8294,35.77695],[138.83076,35.7775],[138.83193,35.77724],[138.83286,35.77666],[138.83434,35.77663],[138.83536,35.77696],[138.83631,35.77681],[138.83764,35.77697],[138.83854,35.77673],[138.8408,35.7777],[138.84374,35.7769],[138.8454,35.77585],[138.84658,35.77609],[138.84781,35.77739],[138.84871,35.7775],[138.84961,35.7772],[138.85016,35.77742],[138.85146,35.77735],[138.85243,35.77856],[138.85308,35.77876],[138.85462,35.77851],[138.85756,35.77946],[138.85897,35.77922],[138.86048,35.7795],[138.86232,35.77937],[138.86306,35.77961],[138.86564,35.78229],[138.86679,35.78289],[138.86796,35.783],[138.86779,35.78414],[138.86854,35.78496],[138.86802,35.78599],[138.86686,35.78635],[138.86672,35.78776],[138.86743,35.78878],[138.86895,35.78915],[138.86921,35.78956],[138.86917,35.79122],[138.86877,35.79172],[138.86987,35.79206],[138.86955,35.79324],[138.86966,35.79431],[138.8692,35.79519],[138.86804,35.7949],[138.86649,35.79501],[138.86583,35.79531],[138.86515,35.79729],[138.86508,35.79947],[138.86451,35.79988],[138.86341,35.7998],[138.86353,35.80054],[138.86282,35.80202],[138.86314,35.80322],[138.86309,35.80407],[138.86386,35.80591],[138.86331,35.80644],[138.86248,35.80644],[138.86139,35.80552],[138.86055,35.80607],[138.85837,35.80693],[138.85668,35.80682],[138.8562,35.80848],[138.8551,35.80845],[138.85531,35.80946],[138.8561,35.80973],[138.85634,35.81024],[138.85594,35.81085],[138.85739,35.81079],[138.85877,35.81222],[138.8579,35.81357],[138.8583,35.81411],[138.85839,35.815],[138.85964,35.81502],[138.85994,35.81581],[138.85974,35.81684],[138.85889,35.81684],[138.85865,35.81738],[138.85779,35.81732],[138.85896,35.81855],[138.85857,35.81912],[138.85679,35.81858],[138.85624,35.81892],[138.85626,35.81999],[138.85502,35.82016],[138.85442,35.82066],[138.85375,35.82177],[138.85227,35.82241],[138.8516,35.8224],[138.85115,35.82412],[138.85222,35.82635],[138.85194,35.82792],[138.85306,35.82885],[138.85516,35.82981],[138.85639,35.82998],[138.85736,35.83049],[138.85865,35.83078],[138.85937,35.83152],[138.86108,35.83167],[138.86105,35.8324],[138.86054,35.83377],[138.86007,35.83431],[138.86017,35.83523],[138.86067,35.83558],[138.86149,35.83694],[138.8622,35.83705],[138.86273,35.83845],[138.86374,35.83904],[138.86404,35.83972],[138.86535,35.84122],[138.86528,35.84263],[138.86384,35.8438],[138.86296,35.84429],[138.86398,35.84542],[138.86405,35.84603],[138.86242,35.84715],[138.86244,35.84828],[138.86316,35.84924],[138.86311,35.85109],[138.86339,35.85248],[138.86411,35.85406],[138.86426,35.85542],[138.86352,35.85734],[138.86254,35.85904],[138.86083,35.85771],[138.85898,35.85759],[138.85756,35.85897],[138.8576,35.85981],[138.85699,35.86033],[138.85724,35.8615],[138.85687,35.86498],[138.85507,35.86539],[138.85376,35.86541],[138.85068,35.86608],[138.84973,35.86683],[138.84848,35.86724],[138.84585,35.8676],[138.84508,35.86743],[138.84353,35.86623],[138.84085,35.86505],[138.8395,35.86479],[138.83802,35.86477],[138.83615,35.86396],[138.83445,35.86273],[138.83262,35.8628],[138.83093,35.86357],[138.83066,35.86509],[138.82976,35.86581],[138.82796,35.86637],[138.82601,35.86593],[138.82487,35.86634],[138.82224,35.86525],[138.81995,35.86592],[138.81897,35.86577],[138.81592,35.86419],[138.81466,35.863],[138.8136,35.86233],[138.81235,35.86132],[138.81185,35.86046],[138.8097,35.85898],[138.80909,35.85813],[138.80813,35.85627],[138.80717,35.85584],[138.80622,35.85473],[138.80543,35.85418],[138.80482,35.85236],[138.80427,35.85179],[138.80461,35.85063],[138.80447,35.84949],[138.80533,35.84864],[138.8048,35.84784],[138.80459,35.84632],[138.80379,35.84509],[138.80281,35.8451],[138.80298,35.8446],[138.80267,35.84349],[138.80322,35.84247],[138.80325,35.84184],[138.8026,35.84064],[138.80095,35.84035],[138.79912,35.84086],[138.79688,35.83937],[138.79693,35.8377],[138.79599,35.83745],[138.79504,35.83688],[138.79324,35.83682],[138.78924,35.83505],[138.78883,35.83462],[138.78789,35.83285],[138.78811,35.83215],[138.78772,35.83044],[138.78652,35.82993],[138.78653,35.828],[138.78529,35.82666],[138.78462,35.82541],[138.78599,35.824],[138.78594,35.82335],[138.78669,35.82213],[138.78678,35.82098],[138.78612,35.82026],[138.78679,35.81868],[138.78646,35.81736],[138.78417,35.81657],[138.78472,35.81478],[138.78458,35.81341],[138.78502,35.81237],[138.78314,35.81153],[138.78403,35.80949],[138.78617,35.80852],[138.78612,35.8076],[138.78498,35.80587],[138.78438,35.80387],[138.78524,35.80161],[138.78528,35.79928],[138.78596,35.79791],[138.78507,35.79744],[138.78465,35.79685],[138.78576,35.79577],[138.78598,35.79514],[138.78447,35.79375],[138.78531,35.79202],[138.78537,35.79101],[138.78655,35.79053],[138.78612,35.78988],[138.78518,35.78938],[138.78491,35.78878],[138.78567,35.7884],[138.78617,35.78743],[138.78688,35.78735],[138.78688,35.78689],[138.78424,35.78611],[138.78376,35.78566],[138.78187,35.78573],[138.78115,35.78593],[138.77873,35.78597],[138.7765,35.78656],[138.7749,35.78786],[138.77402,35.78882],[138.7709,35.79027],[138.76883,35.79004],[138.768,35.79035],[138.76687,35.79011],[138.76529,35.7905],[138.76406,35.79025],[138.76119,35.79026],[138.76014,35.78893],[138.75935,35.78859],[138.75554,35.78824],[138.75398,35.78819],[138.7521,35.78877],[138.74987,35.78852],[138.74774,35.78855],[138.74621,35.78912],[138.74084,35.78914],[138.74028,35.7886],[138.74219,35.7879],[138.74318,35.78656],[138.74178,35.78576],[138.74206,35.78529],[138.73936,35.78381],[138.74003,35.7814],[138.74095,35.7806],[138.74084,35.77954],[138.74122,35.77899],[138.74028,35.7783],[138.7404,35.77764],[138.74116,35.77765],[138.74287,35.77823],[138.74479,35.77822],[138.74545,35.77732],[138.74502,35.77628],[138.74614,35.77586],[138.74505,35.77497],[138.74425,35.77319],[138.74332,35.77336],[138.74311,35.77151],[138.74375,35.77095],[138.74367,35.76991],[138.74309,35.76907],[138.74321,35.76824],[138.7422,35.7676],[138.74185,35.7665],[138.74221,35.76615],[138.74218,35.76507],[138.74185,35.76413],[138.74112,35.76383],[138.74017,35.7627],[138.74007,35.7614],[138.73913,35.76142],[138.73865,35.76101],[138.73757,35.76073],[138.73713,35.7591],[138.73741,35.75691],[138.73682,35.75512],[138.73529,35.75604],[138.73437,35.75745],[138.73297,35.75858],[138.73253,35.75937],[138.73215,35.75892],[138.73121,35.75864],[138.73229,35.75743],[138.73123,35.75703],[138.73054,35.75694],[138.72975,35.7557],[138.72868,35.75612],[138.7268,35.75386],[138.72525,35.75406],[138.72341,35.75316],[138.72301,35.75283],[138.72287,35.75266],[138.7222,35.75171],[138.7219,35.7518],[138.72122,35.75],[138.72083,35.74848],[138.72116,35.7473],[138.72152,35.74729],[138.72164,35.74574],[138.72145,35.74426],[138.72108,35.74333],[138.72048,35.74213],[138.71877,35.74088],[138.71811,35.74006],[138.71692,35.73962],[138.71731,35.73937],[138.71657,35.73832],[138.71487,35.73669],[138.71429,35.73584],[138.71289,35.73503],[138.7114,35.73476],[138.71055,35.73428],[138.7103,35.73342],[138.71024,35.73015],[138.71077,35.72865],[138.71183,35.72743],[138.71119,35.72736],[138.71004,35.72649],[138.71013,35.72583],[138.70898,35.72528],[138.70773,35.72329],[138.70659,35.72299],[138.70626,35.72216],[138.70674,35.7215],[138.70589,35.71917],[138.70603,35.71824],[138.70585,35.71672],[138.70382,35.71444],[138.70254,35.71267],[138.702,35.71215],[138.7038,35.71111],[138.70528,35.71123],[138.70683,35.71085],[138.7062,35.71016],[138.70629,35.70889],[138.70679,35.70879],[138.70659,35.70821],[138.70574,35.70734],[138.70779,35.70693],[138.70883,35.70695],[138.70876,35.70658],[138.70982,35.70636],[138.71032,35.70789],[138.71099,35.70902],[138.71243,35.70902],[138.71348,35.70855],[138.71234,35.70315]],[[138.72925,35.70362],[138.72871,35.70257],[138.72869,35.70258],[138.72925,35.70362]],[[138.72159,35.70119],[138.72128,35.70094],[138.72112,35.70082],[138.72159,35.70119]],[[138.73998,35.68031],[138.73929,35.67983],[138.73901,35.67968],[138.73998,35.68031]],[[138.73901,35.67968],[138.73877,35.67961],[138.73834,35.67953],[138.73901,35.67968]],[[138.78901,35.68146],[138.78836,35.6812],[138.78888,35.68146],[138.78901,35.68146]],[[138.76752,35.7485],[138.76806,35.74861],[138.76912,35.74868],[138.76752,35.7485]],[[138.77879,35.75169],[138.77821,35.75138],[138.77771,35.75145],[138.77879,35.75169]],[[138.77495,35.64024],[138.77491,35.64031],[138.77559,35.64086],[138.77495,35.64024]]],[[[138.73464,35.683],[138.73513,35.6834],[138.73486,35.68318],[138.73464,35.683]]],[[[138.71169,35.65112],[138.7122,35.65064],[138.7127,35.65144],[138.7119,35.65197],[138.71134,35.6513],[138.71169,35.65112]]]]}},{"type":"Feature","properties":{"nm":"中央市","b":[138.4958,35.5453,138.5843,35.6235],"c":[138.54103,35.58418]},"geometry":{"type":"Polygon","coordinates":[[[138.54674,35.57444],[138.54566,35.57357],[138.54487,35.57325],[138.54434,35.57249],[138.54406,35.57152],[138.54316,35.57083],[138.54368,35.56916],[138.54281,35.56852],[138.54137,35.56808],[138.54099,35.56759],[138.53985,35.56697],[138.53928,35.56523],[138.54095,35.56298],[138.54142,35.56081],[138.54034,35.55965],[138.54071,35.55848],[138.54051,35.55743],[138.53953,35.55691],[138.53816,35.55553],[138.5373,35.55502],[138.53778,35.55468],[138.53894,35.5543],[138.53944,35.55402],[138.53966,35.55378],[138.53988,35.5535],[138.54087,35.55259],[138.54102,35.55221],[138.541,35.55184],[138.54265,35.55173],[138.54375,35.55166],[138.54441,35.55171],[138.54577,35.55157],[138.54652,35.5514],[138.54717,35.55126],[138.54756,35.55112],[138.54787,35.55092],[138.54814,35.55075],[138.54919,35.55031],[138.54993,35.5499],[138.55083,35.54966],[138.55384,35.5489],[138.55436,35.54874],[138.55451,35.54862],[138.55488,35.54801],[138.55625,35.54767],[138.55817,35.5468],[138.55858,35.54673],[138.55887,35.54669],[138.5593,35.54662],[138.56014,35.54656],[138.5618,35.54623],[138.56217,35.54615],[138.56252,35.54621],[138.56391,35.5468],[138.56574,35.5469],[138.56595,35.54689],[138.56649,35.54671],[138.56658,35.54659],[138.56669,35.54636],[138.56681,35.54609],[138.56692,35.54583],[138.5671,35.54529],[138.56731,35.54553],[138.56744,35.54569],[138.56776,35.54596],[138.56812,35.54616],[138.56844,35.54644],[138.56858,35.54654],[138.56919,35.54668],[138.57001,35.54627],[138.57082,35.54621],[138.57157,35.54622],[138.57198,35.54604],[138.5722,35.54595],[138.57257,35.54585],[138.57315,35.54589],[138.57347,35.54603],[138.57385,35.54701],[138.57341,35.54806],[138.57339,35.54811],[138.57322,35.54862],[138.57348,35.5497],[138.57435,35.55054],[138.57606,35.55047],[138.57673,35.55059],[138.57793,35.55073],[138.57839,35.55064],[138.57891,35.55062],[138.57937,35.55075],[138.57945,35.55078],[138.58069,35.55135],[138.58198,35.55154],[138.58253,35.55158],[138.58365,35.55158],[138.58394,35.55319],[138.58368,35.55442],[138.58431,35.55623],[138.58414,35.55777],[138.58007,35.55821],[138.57892,35.5591],[138.57871,35.56157],[138.57934,35.56276],[138.57761,35.56473],[138.57725,35.56628],[138.57627,35.56675],[138.57548,35.56805],[138.5753,35.56976],[138.57551,35.5704],[138.57618,35.57084],[138.57545,35.5712],[138.57567,35.57212],[138.57498,35.5726],[138.57454,35.57342],[138.57386,35.57362],[138.57347,35.57448],[138.57195,35.57474],[138.57216,35.57573],[138.5714,35.57567],[138.57115,35.57639],[138.57013,35.57684],[138.5703,35.57832],[138.56946,35.57814],[138.56919,35.57885],[138.56794,35.57943],[138.56702,35.57905],[138.56622,35.5794],[138.56646,35.57984],[138.56407,35.58038],[138.5638,35.58086],[138.56218,35.58157],[138.56211,35.58123],[138.56062,35.58159],[138.55961,35.58301],[138.55982,35.58378],[138.56117,35.58482],[138.56208,35.58532],[138.56253,35.58595],[138.56272,35.58797],[138.5626,35.58919],[138.56278,35.58986],[138.56255,35.59127],[138.56041,35.59257],[138.55959,35.5917],[138.55827,35.59222],[138.55596,35.59238],[138.55652,35.59347],[138.55729,35.59375],[138.55777,35.59445],[138.55756,35.59521],[138.55819,35.59621],[138.55894,35.59688],[138.55968,35.59713],[138.56014,35.5978],[138.56016,35.59877],[138.55919,35.60032],[138.55964,35.60323],[138.55918,35.60456],[138.55904,35.60592],[138.55769,35.60581],[138.55717,35.6047],[138.5555,35.60487],[138.55487,35.60655],[138.55416,35.60815],[138.55382,35.60895],[138.55427,35.6094],[138.55394,35.61564],[138.55387,35.61724],[138.55015,35.6171],[138.55007,35.61697],[138.54543,35.6168],[138.5451,35.61692],[138.54462,35.61701],[138.54347,35.61874],[138.54244,35.61857],[138.54068,35.61822],[138.53956,35.61829],[138.53726,35.61857],[138.5354,35.61823],[138.53328,35.61685],[138.53405,35.6154],[138.53446,35.6134],[138.53512,35.61295],[138.53463,35.61169],[138.5349,35.60909],[138.53461,35.60823],[138.53193,35.60975],[138.53136,35.60928],[138.53027,35.6092],[138.53022,35.60961],[138.5293,35.60953],[138.52924,35.60918],[138.52833,35.60921],[138.52824,35.61052],[138.52754,35.61042],[138.52756,35.61222],[138.52719,35.61226],[138.52623,35.61345],[138.52639,35.61398],[138.52427,35.61439],[138.52493,35.6111],[138.52401,35.61062],[138.52367,35.60995],[138.52095,35.60998],[138.52061,35.60991],[138.51986,35.61089],[138.51872,35.61384],[138.51806,35.61381],[138.51804,35.61512],[138.51774,35.61901],[138.51734,35.61922],[138.51672,35.62075],[138.51598,35.62266],[138.51591,35.62347],[138.51124,35.62324],[138.51108,35.62334],[138.51026,35.62328],[138.50982,35.62279],[138.5068,35.62281],[138.50683,35.62141],[138.50671,35.61109],[138.50682,35.60978],[138.50815,35.60621],[138.50893,35.60411],[138.50953,35.60246],[138.51014,35.59887],[138.51012,35.597],[138.50918,35.59401],[138.50872,35.59232],[138.5081,35.59099],[138.50608,35.58773],[138.50567,35.5871],[138.5053,35.58656],[138.50463,35.58559],[138.50361,35.58405],[138.50207,35.58479],[138.50153,35.58432],[138.5003,35.58371],[138.50016,35.58353],[138.49974,35.58276],[138.49856,35.58011],[138.49776,35.57892],[138.49721,35.57807],[138.49673,35.57755],[138.49759,35.57697],[138.49724,35.57575],[138.49686,35.57492],[138.49633,35.57444],[138.49582,35.57404],[138.49773,35.57178],[138.4987,35.57237],[138.50205,35.574],[138.5046,35.57461],[138.50618,35.57462],[138.50918,35.5745],[138.51205,35.57441],[138.51368,35.57447],[138.51665,35.57495],[138.51782,35.57413],[138.51863,35.57361],[138.52008,35.57306],[138.51977,35.57277],[138.52062,35.57248],[138.52312,35.57236],[138.52415,35.57316],[138.52531,35.57594],[138.52442,35.57724],[138.53034,35.58088],[138.53325,35.58272],[138.53385,35.5831],[138.53498,35.58163],[138.53562,35.58174],[138.53665,35.5807],[138.53782,35.58065],[138.53847,35.58025],[138.53983,35.58006],[138.53996,35.57968],[138.53891,35.579],[138.53906,35.57857],[138.54014,35.57835],[138.54173,35.57679],[138.54307,35.57717],[138.54406,35.57656],[138.54687,35.57897],[138.54647,35.57799],[138.54688,35.577],[138.54713,35.57533],[138.54674,35.57444]]]}},{"type":"Feature","properties":{"nm":"市川三郷町","b":[138.4453,35.4682,138.5965,35.5831],"c":[138.51306,35.53242]},"geometry":{"type":"Polygon","coordinates":[[[138.48722,35.56952],[138.48564,35.56886],[138.48335,35.5681],[138.48132,35.56699],[138.47975,35.56543],[138.47787,35.56273],[138.47722,35.56152],[138.47672,35.5598],[138.47589,35.55641],[138.47576,35.55572],[138.47485,35.55392],[138.47361,35.55205],[138.47109,35.54899],[138.47001,35.54728],[138.46799,35.54543],[138.46669,35.54417],[138.46573,35.54285],[138.46569,35.5428],[138.46694,35.54139],[138.46714,35.54065],[138.46745,35.54106],[138.46936,35.54078],[138.47047,35.54149],[138.47052,35.54089],[138.46982,35.54021],[138.46921,35.54024],[138.46823,35.53954],[138.46745,35.53966],[138.46703,35.54036],[138.46586,35.53967],[138.46652,35.53907],[138.46718,35.53539],[138.46542,35.53539],[138.46464,35.53631],[138.4628,35.53641],[138.46117,35.53592],[138.46082,35.53646],[138.45965,35.53609],[138.45908,35.5364],[138.45914,35.53753],[138.45849,35.53856],[138.4573,35.53808],[138.45553,35.53762],[138.45352,35.53691],[138.45222,35.53569],[138.45171,35.53459],[138.45111,35.53186],[138.45083,35.52947],[138.45084,35.5282],[138.4512,35.52629],[138.45178,35.5243],[138.45333,35.52159],[138.45406,35.52225],[138.45512,35.52277],[138.45571,35.52272],[138.45712,35.52149],[138.45867,35.52099],[138.45863,35.52053],[138.45942,35.52037],[138.45936,35.51997],[138.46051,35.52002],[138.46276,35.52062],[138.46507,35.52053],[138.46592,35.52031],[138.46849,35.51891],[138.4696,35.5177],[138.46771,35.5164],[138.46754,35.51516],[138.46787,35.51421],[138.46806,35.51272],[138.46771,35.51178],[138.46563,35.51021],[138.46532,35.50885],[138.4647,35.50856],[138.46396,35.50723],[138.46242,35.50634],[138.46104,35.50518],[138.45946,35.50459],[138.45914,35.50416],[138.45633,35.5034],[138.4543,35.50228],[138.45341,35.50221],[138.45068,35.50267],[138.44735,35.50238],[138.44723,35.50137],[138.44728,35.49927],[138.44926,35.49636],[138.45018,35.49551],[138.45172,35.49444],[138.45312,35.49325],[138.45417,35.4919],[138.45574,35.48906],[138.45566,35.4879],[138.45441,35.48485],[138.45346,35.48406],[138.45185,35.48317],[138.44966,35.4815],[138.44826,35.48022],[138.44727,35.47879],[138.4467,35.47757],[138.44654,35.47654],[138.44638,35.47319],[138.44616,35.47224],[138.4453,35.47058],[138.44545,35.46993],[138.44686,35.46868],[138.44795,35.4682],[138.44803,35.46825],[138.44847,35.46852],[138.44901,35.46867],[138.44931,35.46874],[138.44943,35.46878],[138.44989,35.4689],[138.45048,35.46921],[138.45087,35.46934],[138.45129,35.46931],[138.45171,35.46958],[138.4522,35.46993],[138.45259,35.47021],[138.453,35.47046],[138.45333,35.47065],[138.45363,35.47081],[138.45356,35.4716],[138.4535,35.4722],[138.45556,35.47318],[138.45568,35.47344],[138.45517,35.47503],[138.45741,35.47666],[138.45929,35.47744],[138.46007,35.4769],[138.46082,35.47684],[138.46158,35.47753],[138.46152,35.47914],[138.46248,35.48096],[138.46448,35.48151],[138.46508,35.4819],[138.46462,35.4828],[138.46371,35.48357],[138.4641,35.48389],[138.46577,35.48429],[138.46675,35.48429],[138.4681,35.48485],[138.46958,35.48514],[138.47066,35.48488],[138.47218,35.48489],[138.47397,35.48429],[138.47846,35.48445],[138.47848,35.48457],[138.47849,35.48466],[138.4785,35.48469],[138.47875,35.48521],[138.47911,35.48553],[138.47927,35.48569],[138.47966,35.48627],[138.47981,35.4865],[138.48025,35.48659],[138.48036,35.48662],[138.48085,35.4868],[138.4818,35.48733],[138.48197,35.48784],[138.48196,35.48806],[138.48193,35.48822],[138.48191,35.48846],[138.4821,35.48895],[138.48332,35.48997],[138.48404,35.49088],[138.48451,35.49201],[138.48675,35.49136],[138.48828,35.49224],[138.48931,35.49193],[138.48952,35.49249],[138.49272,35.49318],[138.4927,35.49398],[138.49435,35.49447],[138.49522,35.49502],[138.49685,35.49436],[138.49851,35.49737],[138.49893,35.49877],[138.49709,35.50257],[138.49688,35.50374],[138.49721,35.50526],[138.49697,35.5061],[138.49731,35.50678],[138.49781,35.50677],[138.50088,35.50662],[138.50119,35.50688],[138.50182,35.50771],[138.50239,35.50864],[138.50243,35.50869],[138.50275,35.50908],[138.50283,35.50912],[138.50299,35.50912],[138.50315,35.50905],[138.50388,35.50873],[138.50397,35.50872],[138.5044,35.50881],[138.50454,35.50903],[138.50484,35.50936],[138.50549,35.51006],[138.50578,35.51013],[138.50586,35.5101],[138.50595,35.50987],[138.50593,35.50972],[138.50571,35.50954],[138.50546,35.50937],[138.50548,35.50929],[138.50559,35.50928],[138.50658,35.50981],[138.50706,35.51015],[138.50799,35.50997],[138.5091,35.51021],[138.50941,35.51025],[138.50952,35.51023],[138.51021,35.51],[138.51065,35.50998],[138.51109,35.50989],[138.51163,35.50983],[138.51191,35.50975],[138.51213,35.5096],[138.51248,35.50927],[138.51262,35.50917],[138.51307,35.50905],[138.51374,35.50901],[138.51506,35.50894],[138.51574,35.50897],[138.5161,35.50903],[138.51619,35.50898],[138.51634,35.5088],[138.5167,35.50866],[138.51929,35.50793],[138.51978,35.50768],[138.52092,35.50749],[138.5216,35.50804],[138.52363,35.5089],[138.52438,35.51104],[138.52473,35.51311],[138.52551,35.51386],[138.52587,35.51463],[138.52692,35.51481],[138.52855,35.5162],[138.52951,35.51648],[138.53131,35.51771],[138.53278,35.51746],[138.5338,35.51766],[138.53454,35.51786],[138.53465,35.51791],[138.53488,35.51807],[138.53542,35.51865],[138.53569,35.5196],[138.53547,35.51872],[138.53678,35.51872],[138.53773,35.51914],[138.53916,35.51854],[138.54256,35.5183],[138.54407,35.51709],[138.54648,35.51663],[138.54881,35.51661],[138.55121,35.51557],[138.55301,35.51502],[138.55676,35.5146],[138.55807,35.51549],[138.55967,35.51544],[138.5624,35.51594],[138.5643,35.51616],[138.56664,35.51694],[138.56783,35.51717],[138.56923,35.51701],[138.57018,35.51692],[138.57181,35.51737],[138.57469,35.51769],[138.57659,35.51748],[138.57887,35.5167],[138.58107,35.51735],[138.58217,35.51741],[138.58264,35.51736],[138.58309,35.51727],[138.58368,35.5175],[138.58485,35.5176],[138.58535,35.51768],[138.58568,35.51772],[138.58647,35.51736],[138.58743,35.51717],[138.58789,35.51721],[138.58841,35.51757],[138.58897,35.51753],[138.58997,35.51745],[138.59052,35.51757],[138.59097,35.51768],[138.59291,35.51815],[138.59362,35.51853],[138.59465,35.51857],[138.59577,35.51966],[138.59443,35.52191],[138.59276,35.52336],[138.59298,35.5242],[138.59278,35.52505],[138.59154,35.52566],[138.59058,35.52672],[138.58977,35.52704],[138.58895,35.52805],[138.58904,35.52934],[138.58889,35.53126],[138.58984,35.53213],[138.58987,35.53272],[138.58935,35.53331],[138.58928,35.53455],[138.58986,35.53539],[138.58996,35.5368],[138.59077,35.53722],[138.59276,35.53909],[138.59422,35.53977],[138.59465,35.54051],[138.59457,35.54176],[138.59534,35.54288],[138.59642,35.54302],[138.5965,35.5455],[138.59537,35.54812],[138.59535,35.54908],[138.59476,35.54983],[138.59329,35.54951],[138.59208,35.55016],[138.59033,35.55069],[138.58967,35.55121],[138.58786,35.55142],[138.58477,35.5512],[138.58429,35.55091],[138.58365,35.55158],[138.58253,35.55158],[138.58198,35.55154],[138.58069,35.55135],[138.57945,35.55078],[138.57937,35.55075],[138.57891,35.55062],[138.57839,35.55064],[138.57793,35.55073],[138.57673,35.55059],[138.57606,35.55047],[138.57435,35.55054],[138.57348,35.5497],[138.57322,35.54862],[138.57339,35.54811],[138.57341,35.54806],[138.57385,35.54701],[138.57347,35.54603],[138.57315,35.54589],[138.57257,35.54585],[138.5722,35.54595],[138.57198,35.54604],[138.57157,35.54622],[138.57082,35.54621],[138.57001,35.54627],[138.56919,35.54668],[138.56858,35.54654],[138.56844,35.54644],[138.56812,35.54616],[138.56776,35.54596],[138.56744,35.54569],[138.56731,35.54553],[138.5671,35.54529],[138.56692,35.54583],[138.56681,35.54609],[138.56669,35.54636],[138.56649,35.54671],[138.56595,35.54689],[138.56574,35.5469],[138.56391,35.5468],[138.56252,35.54621],[138.56217,35.54615],[138.5618,35.54623],[138.56014,35.54656],[138.5593,35.54662],[138.55887,35.54669],[138.55858,35.54673],[138.55817,35.5468],[138.55625,35.54767],[138.55488,35.54801],[138.55451,35.54862],[138.55436,35.54874],[138.55384,35.5489],[138.55083,35.54966],[138.54993,35.5499],[138.54919,35.55031],[138.54814,35.55075],[138.54787,35.55092],[138.54756,35.55112],[138.54717,35.55126],[138.54652,35.5514],[138.54577,35.55157],[138.54441,35.55171],[138.54375,35.55166],[138.54265,35.55173],[138.541,35.55184],[138.54102,35.55221],[138.54087,35.55259],[138.53988,35.5535],[138.53966,35.55378],[138.53944,35.55402],[138.53894,35.5543],[138.53778,35.55468],[138.5373,35.55502],[138.53816,35.55553],[138.53953,35.55691],[138.54051,35.55743],[138.54071,35.55848],[138.54034,35.55965],[138.54142,35.56081],[138.54095,35.56298],[138.53928,35.56523],[138.53985,35.56697],[138.54099,35.56759],[138.54137,35.56808],[138.54281,35.56852],[138.54368,35.56916],[138.54316,35.57083],[138.54406,35.57152],[138.54434,35.57249],[138.54487,35.57325],[138.54566,35.57357],[138.54674,35.57444],[138.54713,35.57533],[138.54688,35.577],[138.54647,35.57799],[138.54687,35.57897],[138.54406,35.57656],[138.54307,35.57717],[138.54173,35.57679],[138.54014,35.57835],[138.53906,35.57857],[138.53891,35.579],[138.53996,35.57968],[138.53983,35.58006],[138.53847,35.58025],[138.53782,35.58065],[138.53665,35.5807],[138.53562,35.58174],[138.53498,35.58163],[138.53385,35.5831],[138.53325,35.58272],[138.53034,35.58088],[138.52442,35.57724],[138.52531,35.57594],[138.52415,35.57316],[138.52312,35.57236],[138.52062,35.57248],[138.51977,35.57277],[138.52008,35.57306],[138.51863,35.57361],[138.51782,35.57413],[138.51665,35.57495],[138.51368,35.57447],[138.51205,35.57441],[138.50918,35.5745],[138.50618,35.57462],[138.5046,35.57461],[138.50205,35.574],[138.4987,35.57237],[138.49773,35.57178],[138.49582,35.57404],[138.49246,35.5719],[138.49026,35.57097],[138.48722,35.56952]],[[138.52658,35.55148],[138.52711,35.55029],[138.52647,35.55144],[138.52658,35.55148]],[[138.53465,35.55589],[138.53443,35.55587],[138.53405,35.55584],[138.53465,35.55589]]]}},{"type":"Feature","properties":{"nm":"富士川町","b":[138.3209,35.4783,138.4779,35.5949],"c":[138.40264,35.54333]},"geometry":{"type":"Polygon","coordinates":[[[138.42131,35.58311],[138.42152,35.58497],[138.4202,35.58768],[138.41887,35.5867],[138.41677,35.58657],[138.41394,35.58712],[138.41287,35.58822],[138.41264,35.58984],[138.4136,35.59116],[138.41394,35.59216],[138.41325,35.59267],[138.41269,35.59457],[138.41108,35.59495],[138.40898,35.5945],[138.40878,35.59446],[138.4084,35.59436],[138.40817,35.59427],[138.4077,35.59386],[138.4075,35.5936],[138.40719,35.59321],[138.40634,35.59227],[138.40595,35.59161],[138.4059,35.59155],[138.40579,35.59146],[138.40566,35.59139],[138.40533,35.59127],[138.40455,35.59097],[138.40404,35.59075],[138.40387,35.59066],[138.40334,35.5904],[138.40319,35.59036],[138.40305,35.59034],[138.40256,35.59035],[138.40241,35.59035],[138.40212,35.59035],[138.40195,35.5903],[138.40162,35.59014],[138.40144,35.59009],[138.40137,35.59009],[138.4013,35.5901],[138.40121,35.59016],[138.40111,35.59023],[138.40103,35.59026],[138.39954,35.59044],[138.39933,35.59045],[138.39899,35.59041],[138.39849,35.59032],[138.39835,35.59029],[138.39804,35.59021],[138.39778,35.59014],[138.39757,35.59015],[138.39709,35.59018],[138.39694,35.5902],[138.39681,35.59025],[138.39676,35.59027],[138.39625,35.59055],[138.396,35.59066],[138.39587,35.59069],[138.39577,35.59068],[138.39543,35.59063],[138.39497,35.59061],[138.39458,35.59061],[138.39407,35.5906],[138.39371,35.59062],[138.39349,35.59065],[138.39321,35.59074],[138.39297,35.59086],[138.39274,35.59098],[138.39265,35.59101],[138.39233,35.59108],[138.39209,35.59109],[138.39157,35.5911],[138.39101,35.59113],[138.39071,35.59116],[138.3904,35.5912],[138.38935,35.59137],[138.38921,35.59139],[138.38894,35.59139],[138.38851,35.59135],[138.38788,35.59126],[138.38744,35.59119],[138.3872,35.59114],[138.38697,35.59108],[138.38647,35.59095],[138.38624,35.59091],[138.386,35.59089],[138.3856,35.59089],[138.385,35.59091],[138.38403,35.59101],[138.38379,35.59103],[138.3836,35.59104],[138.38344,35.59106],[138.3833,35.59115],[138.38305,35.59139],[138.38295,35.59146],[138.38273,35.59158],[138.38248,35.59167],[138.38207,35.59183],[138.38131,35.59218],[138.38084,35.59247],[138.38039,35.59286],[138.38024,35.593],[138.37994,35.59331],[138.37969,35.59356],[138.37955,35.59367],[138.37923,35.59388],[138.37884,35.59411],[138.37827,35.59437],[138.37792,35.59459],[138.37781,35.59465],[138.3776,35.59472],[138.37742,35.59467],[138.37735,35.59463],[138.37716,35.59451],[138.37684,35.59425],[138.37655,35.59401],[138.37632,35.59386],[138.37614,35.59378],[138.37596,35.59371],[138.37544,35.59361],[138.37514,35.59357],[138.3748,35.59346],[138.37431,35.59323],[138.3741,35.59313],[138.37379,35.59301],[138.37359,35.59295],[138.37274,35.59271],[138.37244,35.59262],[138.37223,35.59255],[138.37172,35.59231],[138.37151,35.59219],[138.37125,35.59202],[138.37118,35.59196],[138.37093,35.59171],[138.37062,35.59141],[138.37042,35.59124],[138.37008,35.59104],[138.36981,35.59092],[138.36956,35.59083],[138.36936,35.59074],[138.36927,35.59059],[138.36915,35.59018],[138.3691,35.58948],[138.36914,35.58928],[138.36914,35.589],[138.36905,35.58888],[138.36895,35.58878],[138.36875,35.58856],[138.36836,35.58792],[138.36832,35.58777],[138.36833,35.58764],[138.36839,35.58744],[138.36846,35.58733],[138.36851,35.58728],[138.36878,35.587],[138.36887,35.5869],[138.36899,35.58675],[138.3691,35.58657],[138.3691,35.58655],[138.36896,35.5865],[138.36847,35.58648],[138.36803,35.58646],[138.36736,35.58645],[138.36693,35.58643],[138.36663,35.58642],[138.36635,35.58645],[138.36605,35.58652],[138.36584,35.58658],[138.36564,35.58662],[138.3653,35.58666],[138.36465,35.58663],[138.3631,35.58652],[138.36273,35.58653],[138.36265,35.58654],[138.36244,35.5866],[138.36211,35.58672],[138.36186,35.58683],[138.36161,35.58695],[138.3615,35.58699],[138.36026,35.58709],[138.3601,35.58715],[138.35985,35.58726],[138.35946,35.58742],[138.35833,35.58748],[138.35656,35.58786],[138.35613,35.58874],[138.35612,35.59025],[138.35551,35.59133],[138.35358,35.59192],[138.35197,35.59154],[138.351,35.59173],[138.35011,35.59137],[138.34916,35.59046],[138.34846,35.59033],[138.34853,35.59008],[138.34861,35.58966],[138.34866,35.5895],[138.34872,35.58928],[138.34867,35.58908],[138.34856,35.58894],[138.34811,35.58843],[138.34736,35.58768],[138.34719,35.58748],[138.347,35.58718],[138.34693,35.58708],[138.34672,35.58685],[138.3463,35.58651],[138.34595,35.58634],[138.34573,35.58624],[138.34536,35.58606],[138.34526,35.586],[138.34523,35.58596],[138.34521,35.58587],[138.34517,35.58561],[138.34513,35.58553],[138.34498,35.58535],[138.34494,35.58529],[138.3449,35.58519],[138.34486,35.58505],[138.34484,35.58496],[138.34482,35.58493],[138.34467,35.58476],[138.34366,35.58411],[138.34269,35.58481],[138.34225,35.58521],[138.34196,35.58533],[138.34181,35.58532],[138.34159,35.58517],[138.34094,35.5842],[138.34087,35.58383],[138.34071,35.58379],[138.34056,35.58385],[138.34037,35.584],[138.33994,35.58429],[138.33975,35.58432],[138.3396,35.58428],[138.33941,35.58415],[138.33891,35.58406],[138.33846,35.58406],[138.33788,35.58381],[138.33751,35.5835],[138.33739,35.58334],[138.33742,35.58313],[138.33755,35.5829],[138.33766,35.58249],[138.33723,35.5821],[138.33623,35.58277],[138.33538,35.58265],[138.33524,35.58256],[138.33508,35.58227],[138.33501,35.58205],[138.33505,35.58182],[138.33524,35.58158],[138.3353,35.58149],[138.3353,35.58133],[138.3351,35.58101],[138.33504,35.58068],[138.33451,35.58039],[138.33441,35.5803],[138.33402,35.5799],[138.33391,35.57972],[138.33365,35.57961],[138.3333,35.5796],[138.33302,35.57946],[138.33279,35.57884],[138.33282,35.57851],[138.33324,35.57807],[138.33261,35.57726],[138.33254,35.57699],[138.33214,35.57663],[138.33189,35.57658],[138.3318,35.57646],[138.33178,35.57633],[138.3318,35.57627],[138.33208,35.57587],[138.33201,35.57569],[138.33172,35.57547],[138.33144,35.5751],[138.33103,35.5751],[138.33088,35.5751],[138.33083,35.57482],[138.33067,35.5746],[138.33057,35.57423],[138.33028,35.57413],[138.33023,35.57405],[138.33041,35.57372],[138.33052,35.57351],[138.33038,35.57309],[138.33019,35.57282],[138.3302,35.57243],[138.33016,35.57203],[138.33038,35.57173],[138.33028,35.57157],[138.3296,35.57154],[138.32946,35.57149],[138.32929,35.57121],[138.32889,35.57078],[138.32877,35.57039],[138.32868,35.57031],[138.32829,35.57005],[138.32822,35.56965],[138.32842,35.56926],[138.32869,35.56866],[138.32834,35.56848],[138.32761,35.56833],[138.32744,35.56827],[138.32721,35.56809],[138.32698,35.56808],[138.32666,35.56813],[138.32663,35.56811],[138.3266,35.56804],[138.32663,35.56786],[138.32656,35.56768],[138.32602,35.56736],[138.32579,35.56748],[138.32568,35.56783],[138.32564,35.56797],[138.32542,35.56842],[138.32494,35.56851],[138.32493,35.56847],[138.32491,35.56821],[138.32497,35.56796],[138.32498,35.56789],[138.32497,35.56779],[138.32492,35.56772],[138.32441,35.5676],[138.32428,35.56755],[138.32407,35.5674],[138.32395,35.56726],[138.32391,35.5672],[138.3239,35.56711],[138.32396,35.56697],[138.324,35.56666],[138.32399,35.56652],[138.32388,35.56642],[138.32365,35.56638],[138.323,35.56622],[138.32289,35.56611],[138.32288,35.56603],[138.32291,35.56592],[138.32298,35.56571],[138.32308,35.5655],[138.32305,35.56543],[138.32284,35.56526],[138.32273,35.56518],[138.32258,35.5651],[138.32217,35.56503],[138.32125,35.56506],[138.32098,35.56499],[138.32094,35.56491],[138.32186,35.5635],[138.32205,35.56268],[138.32364,35.56164],[138.32461,35.5615],[138.32455,35.55861],[138.32487,35.55697],[138.3257,35.5563],[138.32559,35.554],[138.32499,35.55326],[138.32517,35.55191],[138.32608,35.55004],[138.32622,35.54885],[138.32687,35.54881],[138.32865,35.54944],[138.32955,35.55008],[138.33101,35.55062],[138.33152,35.55144],[138.33253,35.55195],[138.33398,35.55132],[138.33633,35.55129],[138.33731,35.5511],[138.33836,35.55038],[138.33959,35.55033],[138.34091,35.55086],[138.3441,35.55032],[138.34577,35.54979],[138.34673,35.54986],[138.3498,35.54789],[138.3511,35.54836],[138.35343,35.54787],[138.3555,35.54812],[138.35581,35.54711],[138.35558,35.54554],[138.35588,35.54443],[138.35548,35.54196],[138.35583,35.54097],[138.35499,35.53953],[138.35477,35.53867],[138.35507,35.53795],[138.35352,35.5361],[138.35274,35.53564],[138.35304,35.53502],[138.35414,35.53404],[138.35364,35.53246],[138.35339,35.53103],[138.3545,35.52859],[138.3548,35.52723],[138.35427,35.52514],[138.35473,35.52431],[138.3547,35.52348],[138.35404,35.52276],[138.35362,35.52177],[138.35412,35.52143],[138.35463,35.52044],[138.35565,35.5198],[138.35639,35.51874],[138.3579,35.51764],[138.35801,35.51651],[138.3587,35.51553],[138.35934,35.5136],[138.35934,35.51301],[138.35875,35.51167],[138.35969,35.51048],[138.35979,35.50937],[138.36022,35.50798],[138.36111,35.50659],[138.36094,35.50541],[138.36107,35.50375],[138.36319,35.50216],[138.36529,35.5017],[138.36763,35.49949],[138.36843,35.4993],[138.36965,35.49681],[138.36972,35.49585],[138.36947,35.49476],[138.36972,35.49349],[138.36975,35.49188],[138.37028,35.49126],[138.36963,35.49053],[138.36995,35.48829],[138.37087,35.48724],[138.37138,35.48624],[138.37514,35.4861],[138.37676,35.48638],[138.37887,35.48453],[138.37947,35.48349],[138.38072,35.4819],[138.3823,35.48137],[138.38361,35.48022],[138.38365,35.4794],[138.38447,35.47835],[138.38564,35.4786],[138.38866,35.48092],[138.38929,35.48121],[138.39146,35.48152],[138.3932,35.48197],[138.39509,35.48337],[138.39461,35.48431],[138.39502,35.48513],[138.39609,35.48627],[138.39621,35.48723],[138.39698,35.48827],[138.39801,35.48867],[138.3988,35.4896],[138.40056,35.49001],[138.40239,35.4893],[138.40406,35.48897],[138.40536,35.48993],[138.40654,35.49033],[138.40769,35.49022],[138.40869,35.49103],[138.40992,35.49164],[138.4109,35.49274],[138.41346,35.49396],[138.41381,35.49438],[138.41411,35.49566],[138.41526,35.49676],[138.41624,35.49733],[138.41682,35.49686],[138.41731,35.49586],[138.41802,35.4967],[138.41861,35.49811],[138.41965,35.49818],[138.42052,35.49883],[138.42147,35.49897],[138.42197,35.49937],[138.42421,35.49956],[138.42482,35.49985],[138.426,35.49976],[138.42608,35.50005],[138.42765,35.49984],[138.42808,35.49951],[138.42861,35.49788],[138.42917,35.49674],[138.43011,35.49581],[138.43096,35.49559],[138.43137,35.49613],[138.43235,35.49649],[138.43317,35.49725],[138.43526,35.49656],[138.43613,35.49606],[138.43679,35.495],[138.4382,35.4948],[138.44013,35.4941],[138.44124,35.49407],[138.44272,35.49434],[138.44313,35.49531],[138.44439,35.49621],[138.44508,35.49729],[138.44526,35.49812],[138.44728,35.49927],[138.44723,35.50137],[138.44735,35.50238],[138.45068,35.50267],[138.45341,35.50221],[138.4543,35.50228],[138.45633,35.5034],[138.45914,35.50416],[138.45946,35.50459],[138.46104,35.50518],[138.46242,35.50634],[138.46396,35.50723],[138.4647,35.50856],[138.46532,35.50885],[138.46563,35.51021],[138.46771,35.51178],[138.46806,35.51272],[138.46787,35.51421],[138.46754,35.51516],[138.46771,35.5164],[138.4696,35.5177],[138.46849,35.51891],[138.46592,35.52031],[138.46507,35.52053],[138.46276,35.52062],[138.46051,35.52002],[138.45936,35.51997],[138.45942,35.52037],[138.45863,35.52053],[138.45867,35.52099],[138.45712,35.52149],[138.45571,35.52272],[138.45512,35.52277],[138.45406,35.52225],[138.45333,35.52159],[138.45178,35.5243],[138.4512,35.52629],[138.45084,35.5282],[138.45083,35.52947],[138.45111,35.53186],[138.45171,35.53459],[138.45222,35.53569],[138.45352,35.53691],[138.45553,35.53762],[138.4573,35.53808],[138.45849,35.53856],[138.45914,35.53753],[138.45908,35.5364],[138.45965,35.53609],[138.46082,35.53646],[138.46117,35.53592],[138.4628,35.53641],[138.46464,35.53631],[138.46542,35.53539],[138.46718,35.53539],[138.46652,35.53907],[138.46586,35.53967],[138.46703,35.54036],[138.46745,35.53966],[138.46823,35.53954],[138.46921,35.54024],[138.46982,35.54021],[138.47052,35.54089],[138.47047,35.54149],[138.46936,35.54078],[138.46745,35.54106],[138.46714,35.54065],[138.46694,35.54139],[138.46569,35.5428],[138.46573,35.54285],[138.46669,35.54417],[138.46799,35.54543],[138.47001,35.54728],[138.47109,35.54899],[138.47361,35.55205],[138.47485,35.55392],[138.47576,35.55572],[138.47589,35.55641],[138.47672,35.5598],[138.47722,35.56152],[138.47787,35.56273],[138.47619,35.56379],[138.47609,35.56434],[138.47478,35.56625],[138.47491,35.56692],[138.47455,35.5675],[138.47503,35.56858],[138.47476,35.56872],[138.47518,35.56993],[138.47505,35.57095],[138.47484,35.57283],[138.47388,35.57291],[138.47356,35.57256],[138.47322,35.57348],[138.47268,35.57397],[138.47189,35.57389],[138.47173,35.57443],[138.4709,35.57445],[138.46932,35.57509],[138.46851,35.57628],[138.4657,35.57808],[138.46474,35.57806],[138.4643,35.57822],[138.46197,35.57806],[138.45943,35.57847],[138.45921,35.57906],[138.45751,35.58042],[138.45483,35.5813],[138.45358,35.58107],[138.45165,35.58109],[138.44994,35.58058],[138.44915,35.58025],[138.44697,35.57965],[138.44603,35.57973],[138.44528,35.57942],[138.44474,35.57962],[138.442,35.57884],[138.44102,35.57894],[138.43923,35.57866],[138.43798,35.57808],[138.43679,35.57827],[138.43523,35.57823],[138.43443,35.57867],[138.43114,35.57984],[138.43002,35.57984],[138.42831,35.57937],[138.42687,35.57959],[138.42422,35.58049],[138.42374,35.58039],[138.4227,35.58139],[138.42156,35.58166],[138.42131,35.58311]]]}},{"type":"Feature","properties":{"nm":"昭和町","b":[138.5097,35.6082,138.5539,35.6519],"c":[138.53367,35.62796]},"geometry":{"type":"Polygon","coordinates":[[[138.54718,35.64269],[138.5492,35.64081],[138.55139,35.64274],[138.55359,35.64425],[138.55191,35.64478],[138.55055,35.64487],[138.55139,35.64547],[138.5522,35.64681],[138.5482,35.64762],[138.54761,35.64754],[138.54799,35.64856],[138.54691,35.64952],[138.54611,35.64981],[138.54627,35.65023],[138.54551,35.6506],[138.54476,35.6519],[138.54326,35.6516],[138.54311,35.65128],[138.54292,35.65088],[138.5435,35.65057],[138.54355,35.64944],[138.54276,35.64985],[138.54321,35.64919],[138.54288,35.64889],[138.54285,35.64736],[138.54242,35.646],[138.54229,35.64533],[138.53947,35.64636],[138.5388,35.64678],[138.53821,35.64705],[138.53808,35.6461],[138.53803,35.64556],[138.53713,35.64538],[138.53553,35.64599],[138.53522,35.64368],[138.53454,35.64274],[138.53251,35.64201],[138.5316,35.64117],[138.53032,35.63956],[138.52911,35.63894],[138.52778,35.63797],[138.52898,35.63688],[138.52992,35.63542],[138.53154,35.6337],[138.53201,35.63337],[138.53295,35.63255],[138.53341,35.63194],[138.53468,35.6316],[138.53302,35.63158],[138.53162,35.63186],[138.53118,35.63171],[138.52848,35.63229],[138.52985,35.63001],[138.5286,35.62966],[138.52875,35.62932],[138.5271,35.62886],[138.5268,35.62953],[138.52596,35.62929],[138.52536,35.63068],[138.52448,35.63043],[138.52418,35.63114],[138.52339,35.63091],[138.52178,35.63111],[138.52031,35.63144],[138.51862,35.63204],[138.51687,35.63236],[138.51605,35.63232],[138.5143,35.63289],[138.51292,35.63272],[138.5128,35.63324],[138.51117,35.63302],[138.51105,35.63386],[138.5097,35.63349],[138.50997,35.62985],[138.50986,35.62881],[138.5102,35.62639],[138.51054,35.62635],[138.51093,35.62342],[138.51108,35.62334],[138.51124,35.62324],[138.51591,35.62347],[138.51598,35.62266],[138.51672,35.62075],[138.51734,35.61922],[138.51774,35.61901],[138.51804,35.61512],[138.51806,35.61381],[138.51872,35.61384],[138.51986,35.61089],[138.52061,35.60991],[138.52095,35.60998],[138.52367,35.60995],[138.52401,35.61062],[138.52493,35.6111],[138.52427,35.61439],[138.52639,35.61398],[138.52623,35.61345],[138.52719,35.61226],[138.52756,35.61222],[138.52754,35.61042],[138.52824,35.61052],[138.52833,35.60921],[138.52924,35.60918],[138.5293,35.60953],[138.53022,35.60961],[138.53027,35.6092],[138.53136,35.60928],[138.53193,35.60975],[138.53461,35.60823],[138.5349,35.60909],[138.53463,35.61169],[138.53512,35.61295],[138.53446,35.6134],[138.53405,35.6154],[138.53328,35.61685],[138.5354,35.61823],[138.53726,35.61857],[138.53956,35.61829],[138.54068,35.61822],[138.54244,35.61857],[138.54347,35.61874],[138.54462,35.61701],[138.5451,35.61692],[138.54543,35.6168],[138.55007,35.61697],[138.55015,35.6171],[138.55387,35.61724],[138.55368,35.62033],[138.55244,35.62029],[138.55236,35.62154],[138.55097,35.62226],[138.54778,35.62222],[138.54769,35.62373],[138.54812,35.62375],[138.54754,35.6253],[138.54694,35.62648],[138.54733,35.62693],[138.54694,35.62752],[138.54617,35.62762],[138.54627,35.62805],[138.54785,35.62917],[138.54951,35.62953],[138.55009,35.62973],[138.55099,35.62847],[138.55183,35.6283],[138.55234,35.62779],[138.55321,35.62888],[138.55303,35.62917],[138.55253,35.62962],[138.55119,35.63043],[138.55107,35.6307],[138.55107,35.63111],[138.55144,35.63179],[138.5511,35.63235],[138.54983,35.63239],[138.54827,35.63386],[138.54767,35.63441],[138.54818,35.63497],[138.54807,35.63602],[138.54751,35.63713],[138.54743,35.63883],[138.54639,35.64026],[138.54551,35.64237],[138.54591,35.64255],[138.54659,35.64294],[138.54718,35.64269]]]}}]}