{"type":"FeatureCollection","features":[{"type":"Feature","properties":{"nm":"若狭町","b":[135.7908,35.6019,135.7921,35.6033],"c":[135.79139,35.60257]},"geometry":{"type":"Polygon","coordinates":[[[135.79188,35.60192],[135.79208,35.60233],[135.79155,35.60327],[135.79109,35.60327],[135.79075,35.603],[135.79089,35.60228],[135.79125,35.60192],[135.79188,35.60192]]]}},{"type":"Feature","properties":{"nm":"福井市","b":[135.965,35.9205,136.4671,36.173],"c":[136.21814,36.04245]},"geometry":{"type":"MultiPolygon","coordinates":[[[[136.21362,36.1128],[136.21358,36.11276],[136.21396,36.11309],[136.21362,36.1128]]],[[[136.02861,36.08389],[136.02817,36.08317],[136.02856,36.08347],[136.0289,36.08318],[136.02836,36.08214],[136.02754,36.08139],[136.02667,36.08013],[136.0265,36.07965],[136.02661,36.07905],[136.02609,36.07791],[136.02596,36.07722],[136.02506,36.07683],[136.02487,36.07637],[136.02436,36.07591],[136.02426,36.07557],[136.02463,36.07534],[136.02462,36.07432],[136.02547,36.07408],[136.02621,36.07322],[136.02628,36.07262],[136.02575,36.07175],[136.02534,36.07192],[136.02541,36.07135],[136.02484,36.0707],[136.02363,36.07072],[136.02257,36.07134],[136.02257,36.07168],[136.02221,36.07147],[136.02193,36.07175],[136.02169,36.07121],[136.02138,36.07146],[136.02127,36.07071],[136.02096,36.07039],[136.02071,36.06922],[136.02131,36.06865],[136.021,36.06845],[136.02042,36.06755],[136.01967,36.06595],[136.01896,36.06483],[136.01924,36.06482],[136.01884,36.064],[136.01935,36.06439],[136.02018,36.06392],[136.01953,36.06307],[136.02026,36.06283],[136.01983,36.06245],[136.01976,36.06193],[136.02017,36.06171],[136.01959,36.06111],[136.01972,36.06069],[136.0195,36.06012],[136.01972,36.05948],[136.0195,36.05895],[136.01897,36.05849],[136.01864,36.05847],[136.01871,36.05792],[136.01835,36.05729],[136.01891,36.05706],[136.01867,36.05615],[136.01775,36.05551],[136.01772,36.0552],[136.01695,36.05457],[136.0168,36.05355],[136.01627,36.05318],[136.01577,36.05313],[136.01519,36.05236],[136.01508,36.05141],[136.01546,36.05147],[136.01593,36.05115],[136.01665,36.05108],[136.01699,36.05077],[136.01674,36.05041],[136.01681,36.04975],[136.01649,36.04915],[136.01608,36.0488],[136.01524,36.04885],[136.01466,36.04851],[136.01414,36.0484],[136.01411,36.0478],[136.01373,36.04744],[136.01207,36.04697],[136.01177,36.04736],[136.01152,36.04691],[136.01218,36.04644],[136.01212,36.04572],[136.01137,36.04552],[136.00903,36.04459],[136.00843,36.04374],[136.00871,36.04362],[136.00925,36.04438],[136.01115,36.04516],[136.01159,36.04445],[136.01121,36.0443],[136.01124,36.04274],[136.01047,36.04273],[136.01048,36.04022],[136.01115,36.04022],[136.01116,36.03923],[136.00993,36.03923],[136.00993,36.04323],[136.00966,36.04325],[136.00966,36.03691],[136.01214,36.03687],[136.01222,36.03593],[136.01174,36.03498],[136.01082,36.03385],[136.00989,36.0324],[136.00892,36.03132],[136.00813,36.03108],[136.00736,36.03066],[136.00698,36.0303],[136.00507,36.02952],[136.00328,36.02777],[136.00293,36.02708],[136.00238,36.02674],[136.00187,36.02587],[136.00102,36.02508],[136.00043,36.02391],[135.99951,36.02331],[135.99912,36.02238],[135.99822,36.02125],[135.99806,36.02065],[135.9982,36.02019],[135.99798,36.02005],[135.99754,36.01912],[135.99658,36.01836],[135.99608,36.01827],[135.99542,36.01792],[135.99486,36.0171],[135.99447,36.01692],[135.9939,36.01618],[135.99226,36.01501],[135.99227,36.01486],[135.99123,36.0139],[135.99126,36.01365],[135.99049,36.01282],[135.98968,36.01236],[135.98915,36.01241],[135.98867,36.01214],[135.98855,36.01183],[135.98717,36.01055],[135.98677,36.01029],[135.98572,36.00913],[135.98548,36.00881],[135.98448,36.00849],[135.98295,36.00878],[135.98236,36.00871],[135.9819,36.0084],[135.98157,36.00777],[135.98045,36.0065],[135.97986,36.00569],[135.97939,36.00535],[135.97895,36.00497],[135.97619,36.00409],[135.97593,36.00412],[135.97564,36.00461],[135.9752,36.00485],[135.97439,36.00455],[135.97399,36.00489],[135.9738,36.00375],[135.9735,36.00375],[135.97331,36.00325],[135.97295,36.00335],[135.97287,36.00232],[135.97225,36.00209],[135.97197,36.00143],[135.97125,36.00138],[135.97032,36.00097],[135.96952,36.00148],[135.96784,36.00132],[135.96805,36.0007],[135.9677,36.00022],[135.96775,35.99973],[135.96727,35.99918],[135.9676,35.99891],[135.96657,35.99838],[135.96663,35.99865],[135.96586,35.99838],[135.9659,35.99783],[135.96538,35.99799],[135.96503,35.99774],[135.96547,35.99698],[135.96544,35.99666],[135.96627,35.99588],[135.96699,35.99539],[135.96681,35.995],[135.9671,35.99456],[135.96809,35.99391],[135.96864,35.99331],[135.96922,35.99241],[135.96994,35.99176],[135.97042,35.99193],[135.97082,35.99163],[135.97198,35.99117],[135.97347,35.99124],[135.97412,35.99062],[135.9751,35.99013],[135.97564,35.98975],[135.97587,35.98978],[135.97664,35.99011],[135.97737,35.9898],[135.97771,35.98997],[135.97861,35.98929],[135.9791,35.98918],[135.97963,35.98898],[135.98047,35.98907],[135.9815,35.98893],[135.98241,35.9889],[135.98231,35.98802],[135.98335,35.98816],[135.9845,35.98807],[135.98529,35.98813],[135.98607,35.98804],[135.98556,35.98757],[135.9856,35.98718],[135.98525,35.98705],[135.98464,35.98672],[135.9845,35.98643],[135.98477,35.98573],[135.9854,35.98559],[135.98511,35.98535],[135.98422,35.98509],[135.98423,35.98479],[135.98522,35.9848],[135.98579,35.98458],[135.98666,35.98408],[135.98707,35.984],[135.98763,35.98419],[135.98856,35.98414],[135.98931,35.98437],[135.98966,35.98442],[135.98977,35.98356],[135.99039,35.9829],[135.99076,35.98286],[135.99225,35.98281],[135.99322,35.98255],[135.99461,35.98285],[135.99544,35.98288],[135.99601,35.98269],[135.99657,35.98296],[135.9969,35.9834],[135.99752,35.98372],[135.99799,35.984],[135.99872,35.98443],[135.99959,35.98449],[136.00079,35.98454],[136.00113,35.98481],[136.00197,35.98598],[136.00246,35.98636],[136.00274,35.98643],[136.00523,35.98602],[136.00608,35.98629],[136.00706,35.98632],[136.00776,35.98674],[136.00858,35.98789],[136.00797,35.98809],[136.0073,35.98856],[136.006,35.98906],[136.00506,35.98967],[136.00438,35.99039],[136.00403,35.99114],[136.0041,35.99239],[136.00403,35.993],[136.00296,35.99595],[136.00248,35.99692],[136.00343,35.99734],[136.00372,35.9977],[136.00461,35.99955],[136.00438,35.9999],[136.00387,36.00014],[136.00388,36.00191],[136.0037,36.00311],[136.00333,36.00366],[136.00358,36.00467],[136.0036,36.00553],[136.00421,36.00589],[136.00483,36.00665],[136.00542,36.00687],[136.006,36.00707],[136.00601,36.00747],[136.00552,36.00795],[136.00577,36.00878],[136.0057,36.00982],[136.00588,36.01009],[136.00665,36.01027],[136.00867,36.01122],[136.00907,36.01129],[136.01033,36.01139],[136.01012,36.01202],[136.01031,36.01247],[136.01123,36.01324],[136.01171,36.01402],[136.01238,36.01436],[136.01303,36.0143],[136.01299,36.01403],[136.01262,36.01379],[136.01315,36.013],[136.01333,36.01266],[136.01411,36.01224],[136.01448,36.01224],[136.01607,36.01167],[136.01641,36.01122],[136.01667,36.01007],[136.01685,36.0098],[136.01743,36.00889],[136.01796,36.00871],[136.01856,36.0083],[136.01885,36.00798],[136.019,36.00722],[136.0208,36.00611],[136.02108,36.00609],[136.02142,36.00609],[136.02269,36.00541],[136.02299,36.005],[136.02357,36.00377],[136.02392,36.0035],[136.02428,36.00299],[136.02467,36.00145],[136.02523,36.00059],[136.02543,35.99973],[136.02626,35.99934],[136.02654,35.99911],[136.02679,35.99806],[136.02741,35.99706],[136.02801,35.99646],[136.02824,35.99619],[136.02816,35.99519],[136.02902,35.99571],[136.0294,35.99609],[136.02914,35.9968],[136.02963,35.99723],[136.03058,35.99879],[136.03074,35.99917],[136.0314,35.99924],[136.03167,35.9991],[136.03153,35.9987],[136.03169,35.99795],[136.03244,35.99782],[136.03242,35.99676],[136.03418,35.99786],[136.035,35.99839],[136.03552,35.99866],[136.03625,35.99869],[136.03676,35.9993],[136.03833,35.99969],[136.03836,35.9997],[136.03878,36.00029],[136.03984,36.00075],[136.04083,36.00118],[136.0422,36.0017],[136.04294,36.00161],[136.04343,36.00155],[136.04655,36.00345],[136.04675,36.00385],[136.04772,36.00459],[136.04745,36.00539],[136.0478,36.0058],[136.04808,36.00622],[136.04825,36.00664],[136.04868,36.00674],[136.04915,36.00666],[136.04962,36.00731],[136.05014,36.00757],[136.05047,36.00848],[136.05087,36.0097],[136.05104,36.0104],[136.051,36.01079],[136.0522,36.01168],[136.05243,36.01152],[136.05283,36.01112],[136.05318,36.01078],[136.05369,36.01085],[136.05443,36.01134],[136.05488,36.01131],[136.05559,36.01169],[136.05593,36.01197],[136.0561,36.01212],[136.05619,36.01243],[136.056,36.01315],[136.05543,36.014],[136.05518,36.01414],[136.05509,36.015],[136.05564,36.01603],[136.05555,36.01646],[136.05576,36.01692],[136.05625,36.01737],[136.05644,36.0179],[136.0556,36.01871],[136.05638,36.02037],[136.05683,36.02058],[136.05654,36.02104],[136.05706,36.02225],[136.05714,36.02301],[136.05686,36.024],[136.05712,36.02491],[136.05702,36.02633],[136.05717,36.02672],[136.05769,36.02705],[136.05836,36.02706],[136.05885,36.02735],[136.06009,36.02736],[136.06111,36.02714],[136.06135,36.02686],[136.0627,36.02658],[136.0643,36.02698],[136.06556,36.02676],[136.06575,36.02632],[136.06661,36.0263],[136.06732,36.02671],[136.06998,36.02646],[136.07008,36.02712],[136.06996,36.02757],[136.07015,36.02789],[136.07258,36.02845],[136.07262,36.02481],[136.07193,36.02442],[136.07195,36.02404],[136.07319,36.02277],[136.07377,36.02248],[136.07421,36.02276],[136.07477,36.0221],[136.07503,36.02143],[136.07563,36.0209],[136.07622,36.02077],[136.07811,36.02067],[136.07984,36.02022],[136.08026,36.02],[136.0814,36.01897],[136.08157,36.01872],[136.08169,36.0166],[136.08184,36.01623],[136.08215,36.01613],[136.08399,36.01608],[136.08832,36.01536],[136.08874,36.01522],[136.09027,36.01416],[136.09091,36.0138],[136.09122,36.01387],[136.0916,36.01394],[136.09229,36.01384],[136.09267,36.01372],[136.09284,36.01361],[136.09312,36.01355],[136.09371,36.01311],[136.09396,36.01284],[136.09421,36.01259],[136.09437,36.0124],[136.09436,36.01231],[136.09421,36.01158],[136.09426,36.01137],[136.09445,36.01106],[136.09457,36.01079],[136.09482,36.01059],[136.09555,36.00999],[136.09616,36.00968],[136.09665,36.0096],[136.09691,36.00956],[136.0973,36.00941],[136.09733,36.00935],[136.09733,36.0092],[136.09729,36.0086],[136.09741,36.00833],[136.09743,36.00799],[136.09695,36.00673],[136.09675,36.00627],[136.09668,36.00595],[136.09681,36.00521],[136.09684,36.00485],[136.09742,36.00486],[136.09765,36.00485],[136.09781,36.0048],[136.09817,36.00467],[136.09867,36.00425],[136.09904,36.00415],[136.09982,36.00405],[136.1003,36.00374],[136.10051,36.00361],[136.1007,36.00362],[136.10112,36.0037],[136.10127,36.00355],[136.10128,36.00335],[136.10132,36.00321],[136.10171,36.00298],[136.10277,36.00287],[136.10313,36.00333],[136.10353,36.00365],[136.10415,36.00377],[136.10494,36.00373],[136.10539,36.00358],[136.10549,36.00336],[136.10562,36.00326],[136.10583,36.00316],[136.10652,36.0029],[136.10683,36.00273],[136.10735,36.0026],[136.10794,36.00245],[136.10818,36.00236],[136.10822,36.00235],[136.10923,36.00192],[136.1095,36.00183],[136.1097,36.00185],[136.10987,36.00189],[136.11062,36.00207],[136.11222,36.00262],[136.11266,36.00277],[136.11329,36.0027],[136.11362,36.00268],[136.11404,36.00277],[136.11476,36.00279],[136.11562,36.00262],[136.11677,36.0024],[136.11756,36.00259],[136.11833,36.00206],[136.119,36.00165],[136.12104,36.00091],[136.12172,36.00114],[136.12251,36.00228],[136.12288,36.0025],[136.12474,36.00302],[136.12565,36.00287],[136.1261,36.003],[136.12876,36.003],[136.12923,36.00248],[136.13097,36.00215],[136.13078,36.00178],[136.13104,36.0013],[136.13227,36.00025],[136.13276,35.99924],[136.1335,35.9986],[136.13413,35.99775],[136.13486,35.99704],[136.1354,35.9967],[136.13544,35.9967],[136.1359,35.99632],[136.13627,35.99517],[136.13637,35.99378],[136.13651,35.9935],[136.13761,35.99293],[136.13857,35.99283],[136.14161,35.9922],[136.14647,35.99229],[136.1507,35.9923],[136.15509,35.99235],[136.1554,35.99143],[136.15558,35.99082],[136.15574,35.98918],[136.15638,35.98924],[136.15643,35.98957],[136.15573,35.99134],[136.15544,35.99242],[136.15554,35.99347],[136.15809,35.99363],[136.161,35.99388],[136.16133,35.99391],[136.16103,35.9945],[136.16021,35.99611],[136.15818,35.996],[136.15767,35.99597],[136.15744,35.99596],[136.15782,35.99684],[136.15865,35.99832],[136.15918,35.99827],[136.15921,35.99827],[136.16069,35.99813],[136.16047,35.997],[136.16304,35.99691],[136.16393,35.99656],[136.16459,35.99683],[136.16518,35.99645],[136.16608,35.99612],[136.16625,35.9962],[136.16674,35.99683],[136.16681,35.99691],[136.16692,35.99702],[136.16709,35.99712],[136.16717,35.99718],[136.16752,35.9975],[136.1679,35.99786],[136.16825,35.9979],[136.16879,35.99788],[136.16904,35.99786],[136.16915,35.99787],[136.16967,35.99809],[136.17004,35.99822],[136.17099,35.99842],[136.17194,35.99862],[136.17212,35.99874],[136.17227,35.99886],[136.17236,35.99897],[136.17254,35.9991],[136.17259,35.99911],[136.1729,35.99906],[136.17316,35.99906],[136.17339,35.99912],[136.17363,35.99918],[136.17414,35.99931],[136.17466,35.99953],[136.17488,35.9996],[136.17579,35.99984],[136.17644,35.9999],[136.17663,36.0001],[136.17666,36.00014],[136.17705,36.00018],[136.17757,36.00027],[136.17833,36.00009],[136.17923,35.99984],[136.18034,35.99957],[136.18064,35.99928],[136.18047,35.99853],[136.17967,35.99797],[136.17934,35.99688],[136.1796,35.99559],[136.17906,35.99477],[136.17942,35.99475],[136.17988,35.99434],[136.18059,35.99397],[136.18112,35.99312],[136.18202,35.99321],[136.18284,35.99295],[136.18316,35.99251],[136.18416,35.99212],[136.18513,35.9921],[136.18501,35.99053],[136.18535,35.99014],[136.18586,35.98998],[136.18657,35.98934],[136.18925,35.99072],[136.18944,35.99063],[136.19041,35.99031],[136.19054,35.99073],[136.19109,35.99056],[136.19163,35.99041],[136.19106,35.98979],[136.19195,35.9897],[136.1929,35.98958],[136.19369,35.9895],[136.19353,35.98921],[136.19384,35.98923],[136.19413,35.98985],[136.19429,35.99022],[136.19458,35.99087],[136.19492,35.99075],[136.19543,35.99055],[136.19616,35.99027],[136.19835,35.98939],[136.19953,35.98888],[136.20483,35.98661],[136.20563,35.98625],[136.20655,35.98579],[136.20639,35.98537],[136.2062,35.98496],[136.20592,35.98505],[136.20566,35.98512],[136.20486,35.98325],[136.20415,35.98156],[136.20473,35.98138],[136.20449,35.98081],[136.20509,35.98064],[136.20448,35.97917],[136.20515,35.97895],[136.20492,35.97852],[136.20444,35.97865],[136.20394,35.97798],[136.20434,35.9778],[136.20512,35.97749],[136.20479,35.9767],[136.20458,35.97634],[136.20434,35.97669],[136.20388,35.97718],[136.20376,35.97686],[136.20344,35.97618],[136.20276,35.97589],[136.20265,35.97588],[136.20185,35.97606],[136.20155,35.97583],[136.20141,35.97547],[136.20156,35.97518],[136.20166,35.97481],[136.20166,35.97471],[136.20165,35.97469],[136.20138,35.97436],[136.20126,35.97427],[136.20212,35.97394],[136.20257,35.97376],[136.20366,35.97343],[136.20428,35.9735],[136.20497,35.97274],[136.20536,35.97196],[136.20543,35.97157],[136.20551,35.97118],[136.20578,35.97105],[136.20666,35.97084],[136.20689,35.9708],[136.2074,35.97076],[136.2075,35.97105],[136.20761,35.97137],[136.20787,35.97223],[136.20772,35.97333],[136.20792,35.97367],[136.20822,35.97425],[136.20855,35.97439],[136.20864,35.97485],[136.20897,35.97555],[136.20886,35.976],[136.20925,35.9764],[136.20971,35.97724],[136.21007,35.97744],[136.21078,35.97748],[136.21179,35.97785],[136.2127,35.97811],[136.21321,35.97829],[136.21354,35.97843],[136.21364,35.97861],[136.21383,35.97892],[136.21466,35.97977],[136.21521,35.98048],[136.21527,35.98075],[136.2153,35.98161],[136.21517,35.98173],[136.21495,35.98299],[136.21527,35.98344],[136.21653,35.98368],[136.21735,35.98413],[136.21887,35.98459],[136.21921,35.98539],[136.21908,35.98616],[136.21939,35.98639],[136.21986,35.98788],[136.22149,35.98824],[136.22167,35.9887],[136.22214,35.98926],[136.22329,35.98963],[136.22386,35.99039],[136.22434,35.9903],[136.22516,35.98981],[136.22637,35.98952],[136.22743,35.98957],[136.22775,35.98973],[136.22833,35.98994],[136.22886,35.9902],[136.22938,35.99066],[136.22935,35.99097],[136.22987,35.99075],[136.23022,35.99061],[136.23228,35.99064],[136.23228,35.98986],[136.23279,35.98958],[136.23291,35.98925],[136.23359,35.98835],[136.23507,35.98791],[136.2364,35.98581],[136.23648,35.98521],[136.23793,35.98396],[136.2384,35.98387],[136.23873,35.98344],[136.23887,35.98343],[136.23954,35.98342],[136.24018,35.98338],[136.24245,35.98266],[136.2431,35.9822],[136.24385,35.98237],[136.24496,35.98199],[136.24739,35.98098],[136.24747,35.98101],[136.24904,35.98194],[136.25012,35.98164],[136.25087,35.98126],[136.2519,35.98039],[136.25328,35.98026],[136.25357,35.97993],[136.25436,35.97944],[136.25508,35.97961],[136.25608,35.98007],[136.25658,35.9799],[136.25701,35.98012],[136.25765,35.98016],[136.2584,35.97984],[136.25893,35.97981],[136.25935,35.98032],[136.26042,35.97992],[136.26068,35.97968],[136.2614,35.97947],[136.26192,35.97913],[136.26277,35.97893],[136.26314,35.97902],[136.26391,35.97954],[136.26462,35.97949],[136.26616,35.97884],[136.26665,35.97824],[136.2673,35.97793],[136.2681,35.97809],[136.26928,35.97803],[136.27022,35.97816],[136.2706,35.97838],[136.27131,35.97824],[136.2712,35.97703],[136.27134,35.97675],[136.2724,35.97563],[136.27308,35.97567],[136.27384,35.97505],[136.27434,35.97395],[136.27463,35.97238],[136.27478,35.97217],[136.27588,35.97196],[136.27685,35.97212],[136.27805,35.97202],[136.27887,35.97191],[136.27965,35.97164],[136.28002,35.97173],[136.28085,35.97158],[136.28241,35.97176],[136.28279,35.97192],[136.28381,35.97312],[136.28484,35.97372],[136.28545,35.97361],[136.28687,35.97271],[136.28743,35.97273],[136.28926,35.97348],[136.28993,35.97398],[136.29038,35.97406],[136.29171,35.97356],[136.2921,35.97302],[136.29352,35.97194],[136.2946,35.97141],[136.29615,35.97123],[136.29666,35.97105],[136.29719,35.97051],[136.29719,35.96965],[136.29728,35.96934],[136.29886,35.9691],[136.29932,35.9688],[136.30023,35.96857],[136.3013,35.96632],[136.30167,35.96568],[136.3021,35.9653],[136.30313,35.9645],[136.30435,35.96445],[136.30497,35.96472],[136.30607,35.96462],[136.30672,35.96486],[136.30743,35.96476],[136.30791,35.96517],[136.30867,35.96534],[136.30964,35.96533],[136.31022,35.96571],[136.31093,35.96579],[136.31139,35.96606],[136.31265,35.96608],[136.31319,35.96586],[136.31359,35.96508],[136.31532,35.96417],[136.31667,35.96437],[136.31778,35.96434],[136.31726,35.96337],[136.31748,35.96245],[136.31713,35.96188],[136.31794,35.96106],[136.31815,35.96054],[136.31809,35.95955],[136.31765,35.95806],[136.32008,35.95786],[136.32086,35.95738],[136.32168,35.95707],[136.32273,35.95693],[136.32298,35.95629],[136.32282,35.95568],[136.32292,35.95499],[136.3225,35.95375],[136.3229,35.95343],[136.32243,35.95269],[136.32302,35.95181],[136.32475,35.95187],[136.32532,35.95141],[136.32622,35.95147],[136.32689,35.95096],[136.32761,35.95075],[136.32785,35.95034],[136.32822,35.95036],[136.32896,35.95081],[136.32917,35.95176],[136.32971,35.95213],[136.33028,35.95181],[136.33256,35.95228],[136.333,35.95197],[136.33275,35.95157],[136.33313,35.95113],[136.33394,35.95128],[136.33435,35.95113],[136.3349,35.95131],[136.33626,35.95153],[136.33657,35.95118],[136.33623,35.95035],[136.33597,35.94939],[136.33604,35.94891],[136.33569,35.9483],[136.33489,35.94757],[136.33492,35.94673],[136.33447,35.94651],[136.33424,35.94598],[136.3336,35.94576],[136.33335,35.9455],[136.33297,35.9446],[136.33235,35.94414],[136.3321,35.94366],[136.33171,35.94344],[136.33127,35.9428],[136.33145,35.94213],[136.33143,35.94151],[136.33193,35.94055],[136.33312,35.9401],[136.33356,35.93955],[136.33404,35.93933],[136.33379,35.93812],[136.33328,35.93738],[136.33324,35.937],[136.33367,35.93564],[136.33408,35.9352],[136.33339,35.93414],[136.33387,35.93326],[136.3336,35.93276],[136.33381,35.93141],[136.33417,35.93078],[136.33409,35.93009],[136.33356,35.92968],[136.33373,35.92878],[136.33493,35.92852],[136.33787,35.92944],[136.33829,35.92944],[136.3391,35.93017],[136.3394,35.93103],[136.33947,35.93173],[136.33981,35.93198],[136.34061,35.93203],[136.34157,35.93273],[136.34193,35.93274],[136.34236,35.93192],[136.34352,35.93134],[136.34401,35.93141],[136.34462,35.93186],[136.34534,35.93104],[136.34536,35.93104],[136.34539,35.93104],[136.34547,35.93107],[136.34558,35.93116],[136.34564,35.93123],[136.34566,35.93127],[136.34572,35.9314],[136.34574,35.93143],[136.34582,35.93152],[136.34591,35.93161],[136.34597,35.9317],[136.34637,35.93186],[136.34653,35.9319],[136.34687,35.93205],[136.34699,35.93215],[136.34706,35.93222],[136.34719,35.93235],[136.34727,35.93244],[136.34737,35.93257],[136.34739,35.93259],[136.34749,35.93263],[136.34752,35.93265],[136.34766,35.93276],[136.3477,35.93279],[136.34778,35.93281],[136.34796,35.93279],[136.34802,35.93281],[136.3481,35.93286],[136.34822,35.93297],[136.34835,35.93313],[136.34846,35.9332],[136.34874,35.93333],[136.34899,35.9335],[136.34907,35.9336],[136.34927,35.93376],[136.34951,35.93388],[136.3497,35.93393],[136.34985,35.93394],[136.35004,35.934],[136.35034,35.93432],[136.35037,35.93458],[136.35036,35.93467],[136.35037,35.9348],[136.35041,35.93489],[136.35056,35.93509],[136.3507,35.93525],[136.35084,35.93542],[136.35096,35.93552],[136.35108,35.93559],[136.35115,35.93568],[136.3512,35.93589],[136.3512,35.93598],[136.35119,35.93599],[136.35118,35.93602],[136.35112,35.93608],[136.35108,35.93611],[136.35085,35.93622],[136.35076,35.93626],[136.3506,35.93637],[136.35054,35.93644],[136.35046,35.93659],[136.35041,35.93671],[136.35037,35.93691],[136.35038,35.93715],[136.35038,35.93791],[136.35034,35.93819],[136.35043,35.93868],[136.35055,35.93896],[136.35064,35.93913],[136.35069,35.93925],[136.35082,35.93957],[136.35133,35.94024],[136.35172,35.94078],[136.35178,35.94085],[136.35192,35.94097],[136.35206,35.94107],[136.35222,35.94113],[136.35258,35.94127],[136.35262,35.94145],[136.35258,35.9417],[136.35259,35.94184],[136.35262,35.94192],[136.35274,35.94215],[136.35283,35.94227],[136.35336,35.9428],[136.35392,35.94326],[136.35416,35.94351],[136.35436,35.94368],[136.35467,35.94387],[136.355,35.94415],[136.35565,35.94509],[136.35671,35.94586],[136.35691,35.94615],[136.35745,35.94679],[136.35823,35.94747],[136.35908,35.94723],[136.36043,35.94727],[136.36138,35.94759],[136.36205,35.94752],[136.36255,35.94766],[136.36374,35.94764],[136.3644,35.94777],[136.36491,35.94807],[136.3661,35.94815],[136.36696,35.94797],[136.36716,35.94847],[136.36774,35.94875],[136.36982,35.94862],[136.37051,35.94899],[136.37221,35.94917],[136.37347,35.95002],[136.37393,35.95051],[136.37483,35.95062],[136.37552,35.95136],[136.37653,35.95182],[136.37837,35.95137],[136.38014,35.95126],[136.38131,35.95167],[136.3827,35.95118],[136.38358,35.95139],[136.38429,35.9512],[136.38579,35.95189],[136.38625,35.95225],[136.38662,35.95227],[136.3877,35.95253],[136.3898,35.95217],[136.39097,35.95151],[136.39122,35.95109],[136.39259,35.95068],[136.3934,35.95007],[136.39438,35.9505],[136.39497,35.95054],[136.3954,35.95053],[136.39583,35.95016],[136.39735,35.94969],[136.39804,35.9494],[136.39905,35.94867],[136.40027,35.94813],[136.40133,35.94821],[136.40208,35.94837],[136.4027,35.94827],[136.40308,35.948],[136.40406,35.9479],[136.40491,35.94842],[136.4054,35.94859],[136.40634,35.94823],[136.40685,35.94878],[136.40725,35.94893],[136.40781,35.94854],[136.4085,35.94838],[136.4093,35.94757],[136.4096,35.94708],[136.41114,35.94628],[136.41179,35.94616],[136.41278,35.94563],[136.41295,35.94483],[136.41342,35.94442],[136.41377,35.94382],[136.41471,35.94384],[136.41605,35.94344],[136.41681,35.94305],[136.41737,35.94296],[136.4181,35.94211],[136.41864,35.94164],[136.41859,35.94098],[136.41904,35.94077],[136.41996,35.94071],[136.42133,35.94087],[136.42164,35.94005],[136.42242,35.9394],[136.42277,35.9387],[136.42353,35.93855],[136.42392,35.9387],[136.42509,35.93837],[136.42588,35.93863],[136.4267,35.93797],[136.42757,35.93819],[136.42835,35.93819],[136.42913,35.93851],[136.42982,35.93803],[136.43059,35.93798],[136.43152,35.93752],[136.43196,35.937],[136.43346,35.93632],[136.4346,35.93604],[136.43504,35.93618],[136.43535,35.93611],[136.43556,35.93604],[136.43575,35.93595],[136.43594,35.9358],[136.43621,35.93544],[136.4363,35.93524],[136.43632,35.93515],[136.43633,35.93513],[136.43641,35.93506],[136.4367,35.93486],[136.4367,35.93479],[136.43668,35.93472],[136.43668,35.93428],[136.43676,35.93418],[136.43688,35.9341],[136.43708,35.93399],[136.4372,35.9339],[136.43732,35.93381],[136.43762,35.93353],[136.43779,35.93342],[136.438,35.93336],[136.43823,35.9333],[136.43831,35.93327],[136.43845,35.93322],[136.43856,35.93315],[136.43879,35.93296],[136.43902,35.93279],[136.43918,35.93268],[136.43921,35.93266],[136.43926,35.93256],[136.43935,35.93249],[136.43974,35.93233],[136.43979,35.93224],[136.43984,35.93189],[136.43979,35.93156],[136.43978,35.93151],[136.43974,35.9314],[136.43964,35.9312],[136.43963,35.93107],[136.43963,35.93086],[136.43959,35.93076],[136.43947,35.93053],[136.43951,35.9297],[136.43954,35.9295],[136.43941,35.92865],[136.43939,35.92834],[136.43937,35.92805],[136.43933,35.92782],[136.4393,35.92765],[136.43932,35.9275],[136.43942,35.92739],[136.43966,35.92726],[136.44003,35.92713],[136.44031,35.92704],[136.4405,35.92697],[136.44062,35.92692],[136.44093,35.92669],[136.44108,35.92657],[136.44149,35.92637],[136.44219,35.92607],[136.4424,35.92601],[136.44355,35.92571],[136.44368,35.92568],[136.44406,35.92558],[136.44423,35.92553],[136.44437,35.92541],[136.44432,35.92521],[136.4442,35.92484],[136.44414,35.92469],[136.44421,35.92452],[136.44423,35.92448],[136.44424,35.92435],[136.44422,35.92423],[136.44423,35.92418],[136.44427,35.92416],[136.4448,35.92416],[136.44491,35.92412],[136.44496,35.92407],[136.44503,35.9239],[136.44511,35.92378],[136.44524,35.92365],[136.44529,35.92361],[136.44541,35.92354],[136.44565,35.92343],[136.44591,35.92329],[136.44623,35.92307],[136.44632,35.92306],[136.44642,35.92307],[136.44651,35.9231],[136.44669,35.9232],[136.44689,35.92325],[136.44706,35.92328],[136.44728,35.92336],[136.44747,35.92345],[136.44757,35.92353],[136.44762,35.92357],[136.44773,35.92364],[136.44778,35.92365],[136.44786,35.92367],[136.44799,35.92365],[136.44817,35.92362],[136.44845,35.92356],[136.44864,35.92351],[136.44899,35.92339],[136.44909,35.92339],[136.44934,35.9234],[136.44964,35.9234],[136.44985,35.92338],[136.44996,35.92336],[136.45017,35.92329],[136.45042,35.92323],[136.45054,35.9232],[136.45069,35.92317],[136.45081,35.92313],[136.45153,35.92268],[136.45175,35.92255],[136.45184,35.92245],[136.45188,35.92239],[136.45197,35.92172],[136.45204,35.92165],[136.45217,35.92158],[136.45228,35.9215],[136.45236,35.92145],[136.4524,35.92143],[136.45272,35.92133],[136.45291,35.92127],[136.4534,35.92108],[136.45354,35.92102],[136.45369,35.92098],[136.45387,35.92095],[136.45406,35.92096],[136.4542,35.92098],[136.45448,35.92102],[136.45465,35.92093],[136.45475,35.92087],[136.45485,35.92086],[136.45501,35.92081],[136.45505,35.92079],[136.45521,35.92077],[136.45527,35.92077],[136.45545,35.92081],[136.45552,35.92082],[136.45561,35.92082],[136.45566,35.92081],[136.45582,35.92076],[136.45618,35.92055],[136.45637,35.92052],[136.45652,35.92051],[136.45676,35.92054],[136.45684,35.92056],[136.45704,35.92064],[136.45727,35.92079],[136.45762,35.92101],[136.45772,35.92107],[136.45797,35.92123],[136.45806,35.92127],[136.45842,35.92144],[136.45851,35.92147],[136.45869,35.92149],[136.45883,35.92147],[136.45897,35.92144],[136.45908,35.92145],[136.45912,35.92145],[136.45926,35.92137],[136.45937,35.92127],[136.45976,35.92094],[136.45991,35.92084],[136.45998,35.9208],[136.4603,35.92065],[136.46065,35.92058],[136.4615,35.9212],[136.46229,35.92155],[136.46263,35.92155],[136.46427,35.92119],[136.46655,35.9211],[136.4671,35.92132],[136.46712,35.9216],[136.46657,35.9225],[136.46487,35.92435],[136.46466,35.92486],[136.46326,35.9261],[136.46233,35.92667],[136.46134,35.92707],[136.46068,35.92705],[136.45859,35.92753],[136.4579,35.92775],[136.45691,35.92845],[136.45565,35.92861],[136.4545,35.92913],[136.45414,35.92944],[136.45345,35.93084],[136.45351,35.93152],[136.45459,35.93176],[136.45558,35.93167],[136.45725,35.93118],[136.45771,35.93142],[136.45813,35.93217],[136.46003,35.93253],[136.46079,35.93279],[136.46244,35.93259],[136.46349,35.93259],[136.46411,35.93282],[136.46439,35.93311],[136.46385,35.93356],[136.46344,35.9343],[136.46321,35.93556],[136.46269,35.93597],[136.46223,35.93746],[136.46144,35.93885],[136.46206,35.93989],[136.46213,35.94028],[136.46158,35.94068],[136.4613,35.94149],[136.46188,35.94419],[136.46185,35.94476],[136.46246,35.94566],[136.46306,35.94613],[136.46322,35.94698],[136.46389,35.94766],[136.4646,35.9489],[136.46535,35.94973],[136.46543,35.95043],[136.46447,35.95202],[136.46356,35.95259],[136.46321,35.95295],[136.46217,35.95348],[136.46105,35.95353],[136.46023,35.95371],[136.45853,35.95455],[136.4568,35.95466],[136.45599,35.95499],[136.4557,35.95526],[136.45538,35.95599],[136.45542,35.95636],[136.45543,35.95682],[136.45529,35.95718],[136.45522,35.95739],[136.45446,35.95916],[136.45437,35.9595],[136.45442,35.95981],[136.45451,35.96037],[136.45487,35.96188],[136.45507,35.96224],[136.45523,35.96243],[136.45558,35.96288],[136.45587,35.9637],[136.45586,35.9649],[136.45587,35.96506],[136.45587,35.96509],[136.45616,35.96547],[136.45639,35.96583],[136.457,35.96669],[136.4571,35.96708],[136.45704,35.96751],[136.45688,35.96771],[136.45662,35.96798],[136.45622,35.96851],[136.45582,35.96944],[136.45529,35.97021],[136.45483,35.9705],[136.45339,35.97149],[136.45305,35.97176],[136.45287,35.97248],[136.45244,35.97361],[136.45205,35.97401],[136.45226,35.97539],[136.45229,35.97725],[136.45245,35.97871],[136.45221,35.97966],[136.45153,35.98033],[136.45036,35.98088],[136.4499,35.98112],[136.44946,35.98177],[136.44907,35.98288],[136.44869,35.98342],[136.44874,35.98401],[136.44869,35.98519],[136.44882,35.98559],[136.45104,35.98648],[136.4521,35.98681],[136.45292,35.98746],[136.4531,35.98832],[136.45378,35.98913],[136.4548,35.98958],[136.45514,35.98996],[136.45565,35.99103],[136.45617,35.99151],[136.45628,35.99206],[136.45496,35.99318],[136.45357,35.99462],[136.45224,35.99575],[136.45179,35.99626],[136.45144,35.99691],[136.45176,35.99813],[136.4523,35.99924],[136.45275,35.99983],[136.45402,36.00115],[136.4544,36.00141],[136.45475,36.00169],[136.45509,36.0019],[136.45378,36.00292],[136.45278,36.0038],[136.45248,36.0044],[136.45231,36.00535],[136.45244,36.00591],[136.45213,36.00631],[136.45142,36.00739],[136.45087,36.00807],[136.44979,36.00892],[136.44909,36.00974],[136.44881,36.0101],[136.44892,36.0105],[136.44939,36.01111],[136.4507,36.01243],[136.45045,36.01277],[136.45089,36.01256],[136.45136,36.01268],[136.45265,36.01306],[136.45297,36.01314],[136.4542,36.01366],[136.45538,36.01423],[136.45748,36.01578],[136.45775,36.01621],[136.45781,36.01641],[136.45697,36.01761],[136.45608,36.01793],[136.45544,36.01793],[136.45403,36.01824],[136.45299,36.01799],[136.45193,36.01827],[136.4514,36.01853],[136.45046,36.01939],[136.4494,36.02018],[136.44874,36.02048],[136.44731,36.02071],[136.44638,36.021],[136.44602,36.02121],[136.44529,36.02219],[136.44541,36.02266],[136.44533,36.02326],[136.44484,36.0242],[136.44464,36.02465],[136.44473,36.02503],[136.44475,36.02562],[136.44385,36.02613],[136.44276,36.02693],[136.44264,36.02777],[136.44219,36.02935],[136.44231,36.03042],[136.44218,36.03074],[136.44154,36.03138],[136.4413,36.03213],[136.44086,36.03238],[136.4397,36.03283],[136.43971,36.03371],[136.43951,36.03405],[136.43871,36.03482],[136.43806,36.03572],[136.43724,36.03637],[136.43683,36.03693],[136.43559,36.03829],[136.43524,36.03891],[136.43421,36.03989],[136.43323,36.04014],[136.4327,36.04037],[136.43258,36.04106],[136.43268,36.04155],[136.43283,36.04193],[136.43231,36.04291],[136.4321,36.04305],[136.43189,36.04328],[136.43133,36.04311],[136.43048,36.04279],[136.43016,36.04272],[136.4295,36.04274],[136.42903,36.04273],[136.42894,36.04266],[136.42858,36.04143],[136.42797,36.04082],[136.4277,36.04066],[136.42693,36.04054],[136.42646,36.04031],[136.42586,36.03984],[136.42578,36.03982],[136.42565,36.03982],[136.42546,36.03986],[136.42516,36.03997],[136.42469,36.04031],[136.42389,36.04047],[136.42326,36.04049],[136.42289,36.04039],[136.42242,36.04028],[136.4216,36.0403],[136.42151,36.04033],[136.42093,36.04079],[136.42067,36.04098],[136.42043,36.04106],[136.41994,36.04111],[136.41962,36.04116],[136.41891,36.04138],[136.41836,36.04138],[136.41761,36.04151],[136.41707,36.04167],[136.41626,36.04221],[136.41597,36.04217],[136.41568,36.04215],[136.41546,36.04209],[136.41443,36.04234],[136.41422,36.04237],[136.41355,36.04245],[136.41344,36.04246],[136.41326,36.04262],[136.41309,36.04275],[136.41285,36.04295],[136.4125,36.04317],[136.41199,36.04315],[136.41134,36.0433],[136.41122,36.04374],[136.41113,36.04386],[136.41075,36.0441],[136.41004,36.04454],[136.40981,36.04481],[136.40913,36.04495],[136.40887,36.04533],[136.40859,36.0456],[136.40851,36.04566],[136.40817,36.04574],[136.40796,36.04583],[136.40752,36.04602],[136.40703,36.04581],[136.40659,36.04584],[136.40649,36.04582],[136.40605,36.04574],[136.40555,36.04579],[136.40522,36.04596],[136.40464,36.04603],[136.40362,36.04615],[136.40262,36.04629],[136.40215,36.04659],[136.40176,36.0466],[136.4015,36.04663],[136.40106,36.04663],[136.39993,36.04679],[136.39873,36.04676],[136.39796,36.04668],[136.39768,36.04673],[136.39716,36.04678],[136.39635,36.047],[136.39586,36.04709],[136.39479,36.04689],[136.39419,36.0469],[136.39355,36.04708],[136.39296,36.04724],[136.39233,36.0475],[136.3914,36.04752],[136.3909,36.04766],[136.38864,36.04766],[136.38809,36.04753],[136.38728,36.04736],[136.38687,36.04729],[136.38568,36.04717],[136.38439,36.04702],[136.38397,36.04677],[136.38363,36.04652],[136.38354,36.04634],[136.38342,36.04615],[136.38322,36.04599],[136.38302,36.04586],[136.38204,36.04536],[136.38177,36.04503],[136.38089,36.0444],[136.38047,36.0442],[136.38002,36.044],[136.37915,36.04343],[136.3789,36.04316],[136.37832,36.04256],[136.37815,36.04231],[136.37786,36.04181],[136.37764,36.04165],[136.37699,36.04166],[136.37676,36.04144],[136.37645,36.04108],[136.37605,36.04026],[136.37584,36.03986],[136.3758,36.03955],[136.37552,36.03926],[136.3758,36.03917],[136.3752,36.03929],[136.37476,36.03918],[136.37403,36.03873],[136.37393,36.03864],[136.37358,36.03829],[136.37323,36.03818],[136.37284,36.03769],[136.3727,36.0375],[136.37203,36.03695],[136.3718,36.03682],[136.3718,36.03663],[136.37194,36.03637],[136.37185,36.03626],[136.37164,36.03614],[136.37135,36.03595],[136.37127,36.03586],[136.37113,36.03563],[136.37089,36.0354],[136.37053,36.03514],[136.37041,36.03501],[136.37023,36.03463],[136.37016,36.03442],[136.36996,36.03433],[136.36944,36.03414],[136.36873,36.03382],[136.36836,36.03354],[136.3681,36.03344],[136.36844,36.0327],[136.36797,36.03343],[136.36761,36.03345],[136.36705,36.03359],[136.36593,36.03423],[136.36572,36.03428],[136.36509,36.03426],[136.36444,36.03444],[136.3638,36.03451],[136.36331,36.03455],[136.36283,36.0343],[136.36242,36.03424],[136.36172,36.03433],[136.36154,36.03431],[136.361,36.03421],[136.36059,36.03406],[136.36017,36.03379],[136.36012,36.03377],[136.35979,36.03411],[136.35928,36.03471],[136.35887,36.03485],[136.35851,36.03513],[136.35833,36.03524],[136.35783,36.03559],[136.35778,36.03565],[136.35741,36.03584],[136.35663,36.03614],[136.35616,36.03605],[136.35595,36.03593],[136.35581,36.03593],[136.35476,36.03603],[136.35407,36.03626],[136.3537,36.03633],[136.35364,36.03629],[136.35347,36.03621],[136.35329,36.03611],[136.35314,36.03616],[136.35276,36.03634],[136.35186,36.03658],[136.35139,36.03665],[136.3511,36.03662],[136.35085,36.03657],[136.35048,36.03675],[136.35032,36.03694],[136.35022,36.03708],[136.34999,36.03712],[136.34982,36.0371],[136.34954,36.03705],[136.3495,36.03706],[136.34932,36.03718],[136.34907,36.03735],[136.34854,36.03736],[136.34804,36.03748],[136.348,36.0375],[136.34782,36.03777],[136.34755,36.03826],[136.34716,36.03859],[136.34668,36.03881],[136.34631,36.03905],[136.3462,36.03925],[136.34605,36.03964],[136.34609,36.03973],[136.34625,36.04033],[136.34632,36.04055],[136.3464,36.04081],[136.34631,36.04179],[136.34614,36.04185],[136.34589,36.04201],[136.34609,36.04247],[136.34598,36.04281],[136.34575,36.04304],[136.34569,36.04344],[136.34546,36.04391],[136.34526,36.04407],[136.34466,36.04432],[136.34456,36.04445],[136.34444,36.04478],[136.34432,36.04495],[136.34419,36.04534],[136.34386,36.04577],[136.34386,36.04582],[136.34418,36.04625],[136.34432,36.04682],[136.34422,36.04726],[136.34401,36.04747],[136.3434,36.04768],[136.34319,36.04778],[136.3431,36.04801],[136.34302,36.04813],[136.34299,36.0483],[136.34282,36.04895],[136.34256,36.04915],[136.34204,36.04968],[136.342,36.05021],[136.34193,36.05074],[136.34189,36.05083],[136.34161,36.05122],[136.34153,36.05134],[136.34107,36.05178],[136.34099,36.05219],[136.34079,36.05248],[136.34043,36.05322],[136.33959,36.05283],[136.33904,36.05265],[136.3386,36.05268],[136.33854,36.0527],[136.33821,36.05295],[136.33735,36.0527],[136.33712,36.05262],[136.3356,36.0526],[136.33538,36.05247],[136.33518,36.05234],[136.33498,36.05195],[136.33498,36.05179],[136.3347,36.05144],[136.33444,36.05129],[136.33395,36.05107],[136.33387,36.05097],[136.33367,36.05081],[136.33331,36.05065],[136.33273,36.05048],[136.33247,36.05044],[136.33184,36.05027],[136.33088,36.05012],[136.33082,36.05009],[136.33067,36.04973],[136.33053,36.04947],[136.33008,36.0491],[136.32971,36.04894],[136.32938,36.04867],[136.32862,36.04815],[136.32819,36.04842],[136.32793,36.04848],[136.32709,36.04867],[136.32567,36.04844],[136.32525,36.04847],[136.32506,36.04846],[136.32442,36.04837],[136.32438,36.04839],[136.32413,36.04876],[136.32379,36.04905],[136.32305,36.04886],[136.32286,36.04905],[136.32269,36.04921],[136.32227,36.04935],[136.32215,36.04939],[136.32208,36.04925],[136.32201,36.0492],[136.32172,36.04897],[136.32173,36.04884],[136.3217,36.04858],[136.32153,36.04818],[136.32132,36.04795],[136.32118,36.04789],[136.32075,36.04783],[136.32039,36.04779],[136.32027,36.04759],[136.32019,36.04741],[136.32016,36.0471],[136.31995,36.04691],[136.31982,36.04689],[136.31983,36.04626],[136.31954,36.04565],[136.32005,36.04412],[136.31907,36.0435],[136.31863,36.04244],[136.31853,36.04191],[136.31775,36.04155],[136.31729,36.04157],[136.31688,36.04131],[136.31589,36.04139],[136.31509,36.04119],[136.31465,36.04142],[136.3137,36.04105],[136.31372,36.04102],[136.31358,36.04124],[136.31319,36.04178],[136.31258,36.04216],[136.31091,36.04231],[136.31056,36.04235],[136.30981,36.04265],[136.30936,36.04295],[136.30909,36.04316],[136.30852,36.04352],[136.3077,36.04381],[136.30713,36.0442],[136.30557,36.04442],[136.30501,36.04431],[136.30444,36.04451],[136.30418,36.0449],[136.30366,36.04505],[136.30361,36.04508],[136.30296,36.04537],[136.30249,36.0453],[136.30186,36.04517],[136.30117,36.0455],[136.30105,36.04544],[136.30028,36.04553],[136.29922,36.04584],[136.2987,36.046],[136.29804,36.04614],[136.2974,36.04603],[136.29675,36.04713],[136.29671,36.0476],[136.29689,36.04783],[136.29686,36.04793],[136.29684,36.0481],[136.29686,36.04854],[136.29696,36.04873],[136.29724,36.04916],[136.29714,36.0494],[136.29682,36.04955],[136.29622,36.04957],[136.29538,36.04954],[136.29471,36.04963],[136.29354,36.04931],[136.29346,36.04948],[136.29294,36.05083],[136.29273,36.05151],[136.29213,36.0523],[136.29162,36.05273],[136.29148,36.05286],[136.29031,36.05385],[136.29005,36.05395],[136.28997,36.05397],[136.28882,36.0544],[136.28873,36.05468],[136.28851,36.05547],[136.28836,36.05598],[136.28763,36.05574],[136.28723,36.05561],[136.28654,36.05608],[136.28548,36.05572],[136.28533,36.05583],[136.28505,36.05609],[136.28494,36.05661],[136.28501,36.05689],[136.28469,36.05766],[136.28462,36.05782],[136.28467,36.05809],[136.28483,36.05836],[136.28537,36.05904],[136.28612,36.06002],[136.28652,36.06048],[136.28625,36.0608],[136.28614,36.06272],[136.28588,36.06306],[136.285,36.06284],[136.28441,36.0634],[136.28474,36.06423],[136.28458,36.06457],[136.28453,36.06536],[136.28476,36.06553],[136.2845,36.06576],[136.28465,36.06579],[136.28414,36.06682],[136.28376,36.0673],[136.28402,36.06846],[136.2846,36.06878],[136.28421,36.06917],[136.28402,36.06972],[136.28383,36.07093],[136.28366,36.07152],[136.28305,36.07248],[136.28243,36.07296],[136.28169,36.07305],[136.28134,36.07353],[136.28148,36.07408],[136.28105,36.07411],[136.2816,36.0741],[136.28198,36.0742],[136.28233,36.07474],[136.28275,36.07499],[136.28339,36.07549],[136.28394,36.07551],[136.28406,36.07555],[136.28445,36.07575],[136.28505,36.07612],[136.28576,36.07577],[136.28648,36.07576],[136.28755,36.07574],[136.28861,36.07573],[136.28885,36.07575],[136.28905,36.07582],[136.28995,36.07646],[136.2907,36.07701],[136.29068,36.0774],[136.29112,36.07766],[136.29119,36.07807],[136.29141,36.07812],[136.29171,36.07822],[136.29204,36.07846],[136.29258,36.07892],[136.29262,36.0794],[136.29289,36.08053],[136.29299,36.08079],[136.29363,36.08207],[136.29212,36.0824],[136.29194,36.0829],[136.28722,36.08268],[136.28711,36.08462],[136.28573,36.08456],[136.28565,36.08553],[136.2837,36.08544],[136.28302,36.0856],[136.28293,36.08637],[136.28341,36.08638],[136.28329,36.08834],[136.28281,36.08833],[136.28277,36.08902],[136.28275,36.08933],[136.28232,36.09005],[136.2822,36.0906],[136.28146,36.09072],[136.27971,36.09018],[136.27738,36.08943],[136.27883,36.0899],[136.2788,36.09038],[136.2788,36.09084],[136.27985,36.09099],[136.2797,36.09197],[136.27986,36.092],[136.28004,36.09235],[136.27996,36.093],[136.28029,36.09304],[136.28139,36.09314],[136.28133,36.09351],[136.28127,36.09408],[136.28332,36.09429],[136.28412,36.09448],[136.28433,36.09487],[136.28449,36.09491],[136.28468,36.09484],[136.28509,36.09465],[136.28631,36.09468],[136.28666,36.09468],[136.28808,36.09483],[136.28837,36.09495],[136.28851,36.09513],[136.28854,36.09523],[136.28854,36.09526],[136.28902,36.09798],[136.28803,36.0981],[136.2842,36.0985],[136.28232,36.0987],[136.28201,36.09874],[136.28122,36.10172],[136.28061,36.10343],[136.27947,36.10385],[136.27851,36.10402],[136.27749,36.1032],[136.27747,36.10319],[136.27625,36.10333],[136.27163,36.10391],[136.27037,36.10412],[136.27011,36.10419],[136.26846,36.10456],[136.26501,36.10525],[136.26425,36.10542],[136.26192,36.10527],[136.25906,36.10507],[136.25904,36.10474],[136.25833,36.10477],[136.25838,36.10571],[136.25799,36.10572],[136.25794,36.10479],[136.25733,36.10482],[136.25738,36.10575],[136.25679,36.10578],[136.25673,36.10483],[136.25645,36.10484],[136.25647,36.1064],[136.25579,36.10653],[136.25532,36.10662],[136.25531,36.10733],[136.25386,36.10762],[136.25424,36.10855],[136.25498,36.11098],[136.25561,36.11095],[136.25625,36.11256],[136.25598,36.11313],[136.25553,36.11343],[136.25525,36.11336],[136.25421,36.11454],[136.2541,36.11603],[136.25417,36.11845],[136.25461,36.11896],[136.25542,36.11908],[136.25543,36.12],[136.25475,36.12004],[136.25447,36.12029],[136.25439,36.12066],[136.25436,36.12088],[136.25412,36.12226],[136.25423,36.12378],[136.25404,36.12379],[136.25306,36.12381],[136.25305,36.12381],[136.25267,36.1238],[136.25265,36.12343],[136.25186,36.12331],[136.25105,36.12305],[136.25095,36.12245],[136.2506,36.12245],[136.25072,36.12148],[136.2495,36.1214],[136.2494,36.12072],[136.24886,36.12094],[136.2488,36.12067],[136.24841,36.12054],[136.24815,36.12046],[136.24809,36.11947],[136.24807,36.11923],[136.24798,36.11832],[136.24735,36.11827],[136.24704,36.11823],[136.24695,36.11819],[136.24587,36.11814],[136.24569,36.11818],[136.24565,36.11822],[136.2457,36.12002],[136.24576,36.12083],[136.24525,36.12083],[136.24445,36.1208],[136.24326,36.12065],[136.24269,36.12059],[136.24247,36.12056],[136.24231,36.12053],[136.24037,36.12003],[136.23982,36.11989],[136.23905,36.11968],[136.23874,36.12036],[136.23851,36.12027],[136.23825,36.1202],[136.23822,36.11946],[136.2373,36.11922],[136.23737,36.11883],[136.23726,36.11882],[136.23653,36.11877],[136.23564,36.11877],[136.23524,36.11872],[136.23399,36.11871],[136.23249,36.11912],[136.23085,36.11949],[136.23088,36.12072],[136.22915,36.12064],[136.22816,36.1207],[136.22729,36.12071],[136.22725,36.12071],[136.22701,36.12073],[136.22608,36.12077],[136.22527,36.12079],[136.22362,36.12082],[136.22113,36.12084],[136.21931,36.12091],[136.21896,36.12093],[136.21683,36.12101],[136.2166,36.12096],[136.21599,36.12083],[136.21574,36.12078],[136.21555,36.12074],[136.21403,36.12067],[136.20964,36.12051],[136.20679,36.12247],[136.20491,36.12199],[136.2035,36.12099],[136.20086,36.12129],[136.19999,36.12131],[136.19795,36.12177],[136.19557,36.12317],[136.19561,36.12292],[136.19415,36.1234],[136.19418,36.12384],[136.19338,36.12461],[136.19408,36.12453],[136.19401,36.12574],[136.19403,36.12614],[136.1941,36.12641],[136.19406,36.12662],[136.194,36.12683],[136.19386,36.12731],[136.19374,36.12741],[136.19283,36.12704],[136.19224,36.12827],[136.19192,36.12834],[136.19195,36.12907],[136.19188,36.12933],[136.19198,36.13026],[136.19174,36.13069],[136.18829,36.13078],[136.18802,36.13072],[136.1839,36.13243],[136.18236,36.13307],[136.18184,36.13328],[136.18146,36.13345],[136.18056,36.13346],[136.18037,36.13346],[136.17872,36.13366],[136.17798,36.13367],[136.17779,36.13545],[136.17748,36.13682],[136.17711,36.13765],[136.17658,36.1383],[136.17582,36.13891],[136.1748,36.13956],[136.17375,36.14001],[136.17253,36.14066],[136.16981,36.14231],[136.16633,36.14488],[136.16584,36.14533],[136.1656,36.14563],[136.16488,36.14694],[136.16471,36.14751],[136.16467,36.14772],[136.16429,36.14913],[136.16428,36.14916],[136.16388,36.15091],[136.16382,36.1517],[136.16381,36.15239],[136.16371,36.15357],[136.16353,36.15442],[136.16351,36.15449],[136.16307,36.15587],[136.16221,36.15805],[136.16151,36.15924],[136.16112,36.15979],[136.16027,36.16097],[136.1599,36.16151],[136.15887,36.16267],[136.15757,36.16362],[136.15651,36.16422],[136.15501,36.16496],[136.15475,36.16508],[136.15247,36.1661],[136.15148,36.16676],[136.1488,36.16502],[136.14912,36.16475],[136.1487,36.16431],[136.14908,36.16398],[136.14791,36.1639],[136.14798,36.16335],[136.14326,36.16334],[136.14325,36.1636],[136.1391,36.16336],[136.13915,36.16288],[136.13878,36.16285],[136.1382,36.16906],[136.14,36.16903],[136.13966,36.1704],[136.13942,36.17069],[136.13883,36.17205],[136.13811,36.1722],[136.13805,36.17137],[136.13819,36.17028],[136.13599,36.17008],[136.13614,36.16905],[136.13568,36.16884],[136.13513,36.16832],[136.13485,36.16851],[136.13402,36.16772],[136.13331,36.16819],[136.1321,36.167],[136.13365,36.16594],[136.12994,36.16217],[136.13046,36.16218],[136.13092,36.16063],[136.12973,36.16039],[136.13028,36.15856],[136.12966,36.15844],[136.12782,36.15807],[136.12776,36.1583],[136.12716,36.15829],[136.12536,36.1579],[136.12523,36.15831],[136.12505,36.15841],[136.12553,36.15897],[136.12729,36.16022],[136.12833,36.16145],[136.12809,36.16165],[136.12771,36.1613],[136.12707,36.16166],[136.12689,36.16149],[136.12545,36.16249],[136.12526,36.16337],[136.12392,36.16401],[136.12123,36.16513],[136.1191,36.16596],[136.11115,36.16857],[136.10799,36.16948],[136.1002,36.17297],[136.09495,36.16555],[136.0905,36.16048],[136.09544,36.15767],[136.09535,36.1568],[136.09482,36.15518],[136.09416,36.1541],[136.09355,36.15352],[136.09283,36.15253],[136.09178,36.15157],[136.09014,36.15029],[136.08903,36.14931],[136.08836,36.14843],[136.08741,36.14788],[136.08626,36.14676],[136.08438,36.14519],[136.08378,36.14451],[136.08307,36.14399],[136.08144,36.14259],[136.07916,36.14081],[136.07698,36.13884],[136.07564,36.13796],[136.07481,36.13757],[136.07319,36.13635],[136.07129,36.1348],[136.06933,36.13374],[136.06775,36.13235],[136.06704,36.13229],[136.06641,36.13263],[136.06616,36.13222],[136.06652,36.13193],[136.06521,36.13226],[136.06563,36.13246],[136.06505,36.13251],[136.06391,36.1319],[136.0639,36.13213],[136.06304,36.13183],[136.0622,36.13199],[136.06153,36.13235],[136.06092,36.13226],[136.06098,36.1319],[136.06066,36.13173],[136.06068,36.13212],[136.06028,36.13225],[136.05992,36.13179],[136.0608,36.1313],[136.06134,36.13136],[136.06177,36.13094],[136.06142,36.13071],[136.06186,36.13049],[136.06204,36.12989],[136.06149,36.12957],[136.06144,36.12927],[136.06053,36.12888],[136.06028,36.12931],[136.06115,36.12989],[136.06112,36.13003],[136.05959,36.12961],[136.05831,36.12945],[136.05804,36.12997],[136.05799,36.12956],[136.05686,36.12919],[136.0568,36.12898],[136.05636,36.12996],[136.05771,36.13039],[136.05906,36.13122],[136.05899,36.13129],[136.05764,36.13047],[136.05622,36.13002],[136.05622,36.12952],[136.0566,36.12907],[136.05671,36.12861],[136.05633,36.1282],[136.05574,36.12804],[136.05559,36.12875],[136.05505,36.12923],[136.05496,36.12888],[136.05458,36.12908],[136.055,36.12775],[136.05451,36.12755],[136.05431,36.12803],[136.05374,36.12817],[136.05359,36.12771],[136.05423,36.12726],[136.05366,36.12727],[136.05411,36.12665],[136.05462,36.12674],[136.05495,36.12561],[136.0542,36.12518],[136.05415,36.12486],[136.05338,36.12516],[136.05335,36.12489],[136.05426,36.12438],[136.05471,36.12383],[136.05456,36.123],[136.05388,36.1227],[136.05423,36.12198],[136.05431,36.12103],[136.05391,36.12087],[136.05353,36.12037],[136.05347,36.11994],[136.05314,36.11973],[136.05233,36.11966],[136.05237,36.11935],[136.05166,36.11899],[136.05072,36.11873],[136.05099,36.1185],[136.05012,36.11821],[136.04998,36.11796],[136.04953,36.11875],[136.04927,36.11813],[136.04972,36.11787],[136.04938,36.11746],[136.04948,36.11723],[136.04897,36.11702],[136.04848,36.11758],[136.04887,36.11681],[136.0484,36.11728],[136.04903,36.11637],[136.0493,36.1165],[136.04924,36.11592],[136.04893,36.1153],[136.04875,36.11532],[136.04881,36.1139],[136.04849,36.11399],[136.04828,36.11323],[136.04771,36.11348],[136.04733,36.11302],[136.04817,36.11206],[136.04748,36.11178],[136.04783,36.11146],[136.04826,36.11144],[136.04865,36.10989],[136.04815,36.10923],[136.04659,36.10809],[136.0456,36.10772],[136.04476,36.10754],[136.04269,36.1065],[136.04216,36.10557],[136.04142,36.10509],[136.04032,36.10472],[136.03917,36.10466],[136.03885,36.10518],[136.03843,36.10491],[136.0386,36.10453],[136.03792,36.10452],[136.03752,36.10508],[136.03707,36.10504],[136.03738,36.10419],[136.03703,36.10337],[136.0364,36.10318],[136.03616,36.10278],[136.03575,36.10243],[136.03506,36.10214],[136.03471,36.10281],[136.0346,36.10231],[136.03493,36.10211],[136.03491,36.10149],[136.03435,36.10091],[136.03452,36.10055],[136.03364,36.09976],[136.03372,36.09917],[136.03339,36.09875],[136.03337,36.09823],[136.03285,36.09765],[136.03212,36.09731],[136.03173,36.09695],[136.03109,36.09706],[136.03088,36.09679],[136.03069,36.09722],[136.02975,36.09719],[136.03021,36.09686],[136.03054,36.0963],[136.02984,36.09559],[136.02967,36.09581],[136.02894,36.09568],[136.02894,36.09535],[136.02836,36.09588],[136.0278,36.09589],[136.02763,36.09549],[136.02803,36.09558],[136.02774,36.09516],[136.02857,36.09495],[136.02922,36.09444],[136.02931,36.09412],[136.02967,36.09439],[136.03065,36.09361],[136.03093,36.09305],[136.03113,36.09138],[136.03057,36.09071],[136.0299,36.09065],[136.03068,36.09055],[136.03032,36.09007],[136.02979,36.09011],[136.0297,36.08984],[136.0307,36.08967],[136.03089,36.08896],[136.03053,36.08884],[136.03082,36.08853],[136.03057,36.08647],[136.03033,36.08593],[136.02964,36.085],[136.02898,36.08485],[136.02861,36.08389]],[[136.20384,36.05667],[136.20354,36.05632],[136.20372,36.05655],[136.20384,36.05667]],[[136.19134,36.00486],[136.19117,36.00483],[136.19206,36.00503],[136.19134,36.00486]],[[136.16234,36.11477],[136.16237,36.11463],[136.16203,36.11488],[136.16234,36.11477]],[[136.27364,36.04039],[136.2738,36.03999],[136.27392,36.03965],[136.27364,36.04039]],[[136.10793,36.14535],[136.10715,36.14549],[136.10786,36.14549],[136.10793,36.14535]],[[136.0959,36.14179],[136.09586,36.14196],[136.0959,36.14199],[136.0959,36.14179]],[[136.11048,36.12895],[136.11063,36.12887],[136.11017,36.12901],[136.11048,36.12895]],[[136.24432,36.1184],[136.24432,36.11841],[136.2447,36.11832],[136.24432,36.1184]],[[136.24945,36.11072],[136.25019,36.11076],[136.24847,36.11063],[136.24945,36.11072]],[[136.24404,36.10928],[136.24167,36.10861],[136.24181,36.10865],[136.24404,36.10928]],[[136.18004,36.09495],[136.18003,36.09526],[136.18005,36.09576],[136.18004,36.09495]],[[136.15853,36.13121],[136.15865,36.13117],[136.15848,36.13109],[136.15853,36.13121]],[[136.18413,36.03276],[136.18455,36.03217],[136.18442,36.03225],[136.18413,36.03276]],[[136.22868,36.00477],[136.22841,36.00446],[136.2287,36.00485],[136.22868,36.00477]],[[136.15032,36.1024],[136.14986,36.10298],[136.14967,36.10328],[136.15032,36.1024]],[[136.16258,36.06618],[136.15944,36.06574],[136.16163,36.06605],[136.16258,36.06618]],[[136.24731,36.08803],[136.24849,36.08868],[136.24742,36.08802],[136.24731,36.08803]],[[136.24726,36.08548],[136.24963,36.08559],[136.24726,36.08547],[136.24726,36.08548]],[[136.20638,35.99295],[136.20659,35.99381],[136.20633,35.99273],[136.2059,35.99102],[136.20638,35.99295]],[[136.23041,36.05208],[136.23007,36.05276],[136.23028,36.05246],[136.23041,36.05208]],[[136.16998,36.07922],[136.1707,36.0792],[136.17029,36.07914],[136.16998,36.07922]],[[136.22534,36.11309],[136.22489,36.11309],[136.22415,36.11315],[136.22534,36.11309]],[[136.24294,36.02316],[136.24292,36.02296],[136.24295,36.02367],[136.24294,36.02316]],[[136.17732,36.10403],[136.17727,36.1041],[136.17687,36.10472],[136.17732,36.10403]],[[136.22449,36.08781],[136.22414,36.08781],[136.22406,36.0881],[136.22449,36.08781]],[[136.16821,36.05722],[136.16814,36.0572],[136.16783,36.05781],[136.16821,36.05722]],[[136.15358,36.15547],[136.15375,36.15539],[136.15396,36.15517],[136.15358,36.15547]],[[136.20768,35.99366],[136.20743,35.99231],[136.20727,35.99181],[136.20768,35.99366]],[[136.16263,36.13761],[136.16232,36.13761],[136.16275,36.13781],[136.16263,36.13761]],[[136.18512,36.0343],[136.18514,36.03424],[136.18453,36.03432],[136.18512,36.0343]],[[136.1823,36.03557],[136.1823,36.03535],[136.18226,36.03564],[136.1823,36.03557]],[[136.19928,36.08826],[136.19928,36.08822],[136.19913,36.08791],[136.19928,36.08826]],[[136.32956,35.99365],[136.32937,35.9942],[136.32976,35.99359],[136.32956,35.99365]],[[136.23052,36.10031],[136.231,36.1003],[136.23097,36.1003],[136.23052,36.10031]],[[136.23106,36.08494],[136.22969,36.08769],[136.23122,36.08463],[136.23106,36.08494]],[[136.23137,36.0843],[136.23226,36.08434],[136.23139,36.08427],[136.23137,36.0843]],[[136.21957,36.00096],[136.21961,36.00121],[136.21981,36.00063],[136.21957,36.00096]],[[136.16599,36.01513],[136.16607,36.01526],[136.166,36.01514],[136.16599,36.01513]],[[136.18667,36.08022],[136.18713,36.08089],[136.18727,36.08108],[136.18667,36.08022]],[[136.07666,36.12345],[136.07461,36.1223],[136.07501,36.12254],[136.07666,36.12345]],[[136.34664,36.01792],[136.34704,36.01787],[136.34664,36.01785],[136.34664,36.01792]],[[136.32438,36.02043],[136.32399,36.02011],[136.32318,36.01954],[136.32438,36.02043]],[[136.32285,36.01946],[136.32226,36.01919],[136.32235,36.01942],[136.32285,36.01946]],[[136.38938,36.01758],[136.38952,36.01713],[136.38936,36.01691],[136.38938,36.01758]],[[136.35339,35.95137],[136.35319,35.95111],[136.35287,35.95078],[136.35339,35.95137]],[[136.36356,35.98808],[136.36369,35.98772],[136.36383,35.98659],[136.36356,35.98808]],[[136.11384,36.01883],[136.11372,36.01887],[136.11388,36.01899],[136.11384,36.01883]],[[136.11575,36.02215],[136.11547,36.02199],[136.11586,36.02242],[136.11575,36.02215]],[[136.11182,36.03152],[136.11175,36.03173],[136.11187,36.03155],[136.11182,36.03152]],[[136.17327,36.0347],[136.17448,36.03391],[136.17423,36.03401],[136.17327,36.0347]],[[136.16962,36.03953],[136.16979,36.04061],[136.16996,36.04115],[136.16962,36.03953]],[[136.14474,36.01611],[136.14472,36.01627],[136.14502,36.0161],[136.14474,36.01611]],[[136.15703,36.01818],[136.15641,36.01515],[136.15566,36.01158],[136.15703,36.01818]]],[[[136.19389,36.11244],[136.19395,36.11277],[136.19394,36.11275],[136.19389,36.11244]]],[[[136.05126,36.12596],[136.05056,36.12658],[136.05019,36.12657],[136.05019,36.12625],[136.0506,36.12592],[136.04983,36.12609],[136.04935,36.1259],[136.0496,36.12539],[136.05123,36.12488],[136.05153,36.12435],[136.05184,36.12459],[136.05199,36.12572],[136.05126,36.12596]]]]}},{"type":"Feature","properties":{"nm":"敦賀市","b":[135.9641,35.5263,136.1775,35.7659],"c":[136.08065,35.63729]},"geometry":{"type":"Polygon","coordinates":[[[136.06383,35.66822],[136.06364,35.66831],[136.06297,35.66821],[136.06224,35.66807],[136.06222,35.66547],[136.0625,35.66533],[136.06252,35.66481],[136.06176,35.66391],[136.05824,35.66433],[136.05801,35.66438],[136.05822,35.66427],[136.0625,35.66378],[136.0634,35.66388],[136.06494,35.66403],[136.06589,35.66412],[136.06636,35.66417],[136.06786,35.6643],[136.0679,35.66407],[136.06967,35.66363],[136.06981,35.66396],[136.07135,35.66361],[136.07121,35.66316],[136.07169,35.66307],[136.07183,35.663],[136.07205,35.66287],[136.0722,35.66275],[136.07229,35.66265],[136.07239,35.66249],[136.07241,35.66245],[136.07246,35.66233],[136.07236,35.66228],[136.07229,35.66226],[136.07219,35.66221],[136.07216,35.66215],[136.07227,35.66212],[136.07238,35.66211],[136.0725,35.66212],[136.07267,35.66124],[136.07266,35.66098],[136.07263,35.66092],[136.07255,35.66082],[136.07231,35.66076],[136.07223,35.66058],[136.07233,35.66034],[136.07211,35.66021],[136.07203,35.66032],[136.07201,35.66035],[136.07187,35.66058],[136.07183,35.66067],[136.07186,35.66077],[136.07169,35.66065],[136.07015,35.66028],[136.07005,35.66055],[136.06965,35.66046],[136.06942,35.6604],[136.06941,35.6601],[136.06569,35.6592],[136.06574,35.65906],[136.06567,35.65903],[136.06598,35.65836],[136.0652,35.65814],[136.06512,35.65836],[136.0651,35.65835],[136.06508,35.65837],[136.06506,35.65841],[136.06518,35.65863],[136.06479,35.65875],[136.06469,35.66056],[136.06437,35.66059],[136.06436,35.66122],[136.06435,35.66133],[136.05947,35.66085],[136.05946,35.66059],[136.05938,35.6598],[136.05943,35.65994],[136.05963,35.65994],[136.06023,35.65981],[136.06355,35.66016],[136.06362,35.65853],[136.0634,35.65846],[136.06217,35.65813],[136.05968,35.65745],[136.05956,35.65856],[136.05958,35.65862],[136.05958,35.65892],[136.05957,35.65925],[136.05954,35.65897],[136.0595,35.65862],[136.05948,35.65861],[136.0595,35.65856],[136.05963,35.65743],[136.05963,35.65706],[136.05958,35.65705],[136.05955,35.65704],[136.05952,35.65702],[136.0595,35.65698],[136.05949,35.65694],[136.05944,35.65674],[136.05943,35.6567],[136.05943,35.65661],[136.05949,35.65652],[136.0595,35.65649],[136.0595,35.65646],[136.05955,35.65639],[136.05957,35.65636],[136.05963,35.65628],[136.05965,35.65626],[136.05968,35.65623],[136.0597,35.65619],[136.05971,35.65615],[136.05974,35.65608],[136.05979,35.65606],[136.0598,35.65603],[136.05981,35.65599],[136.05984,35.65596],[136.05992,35.65584],[136.06002,35.65565],[136.05978,35.65548],[136.05948,35.65543],[136.05929,35.65581],[136.05917,35.65608],[136.05906,35.65644],[136.05904,35.65663],[136.05897,35.65664],[136.05896,35.65664],[136.05897,35.65666],[136.05896,35.65667],[136.05902,35.6568],[136.05891,35.65679],[136.05881,35.65751],[136.05882,35.65761],[136.05875,35.65761],[136.05884,35.65701],[136.0586,35.65703],[136.05849,35.65703],[136.05833,35.657],[136.05828,35.65698],[136.05816,35.65692],[136.05809,35.65689],[136.05794,35.65685],[136.05786,35.65682],[136.05767,35.65678],[136.05753,35.65701],[136.05761,35.65676],[136.05751,35.65672],[136.05721,35.65668],[136.05683,35.65663],[136.05675,35.65693],[136.05678,35.65673],[136.0568,35.65663],[136.05648,35.65659],[136.05634,35.65656],[136.05604,35.65654],[136.05597,35.65663],[136.05597,35.65686],[136.05594,35.65664],[136.05595,35.65657],[136.05582,35.65656],[136.05566,35.65658],[136.05548,35.6566],[136.05532,35.65707],[136.05525,35.65707],[136.05523,35.65662],[136.05512,35.65663],[136.05494,35.65663],[136.05478,35.6566],[136.0547,35.65658],[136.05453,35.65655],[136.05434,35.65653],[136.05416,35.65653],[136.05371,35.65655],[136.05335,35.65658],[136.05259,35.6566],[136.05211,35.65663],[136.05161,35.65666],[136.05133,35.65668],[136.05065,35.65674],[136.05026,35.65678],[136.0499,35.65681],[136.04917,35.65685],[136.04886,35.65688],[136.04847,35.65693],[136.04757,35.65707],[136.04632,35.6574],[136.04611,35.65747],[136.04592,35.65754],[136.04582,35.65758],[136.0455,35.65774],[136.04532,35.65783],[136.04468,35.65821],[136.04453,35.65833],[136.04425,35.65853],[136.04463,35.65911],[136.04461,35.65914],[136.04436,35.65879],[136.04404,35.65836],[136.04373,35.65854],[136.04425,35.65933],[136.04422,35.65945],[136.04362,35.65972],[136.04342,35.6598],[136.04333,35.65984],[136.04327,35.65989],[136.04325,35.65992],[136.04323,35.65993],[136.04321,35.65994],[136.0432,35.65994],[136.04339,35.66031],[136.04344,35.66043],[136.04354,35.6606],[136.04367,35.66096],[136.04355,35.66103],[136.04366,35.66112],[136.04372,35.66128],[136.04378,35.66144],[136.04381,35.66153],[136.04393,35.66181],[136.04399,35.66191],[136.04415,35.66209],[136.04429,35.66217],[136.04435,35.66217],[136.0444,35.66218],[136.04443,35.66221],[136.04444,35.66226],[136.04446,35.66227],[136.04452,35.66229],[136.04468,35.66238],[136.04477,35.66243],[136.04487,35.66246],[136.04496,35.66252],[136.04504,35.66257],[136.04511,35.66261],[136.04524,35.66265],[136.04527,35.66271],[136.0453,35.66276],[136.04523,35.66277],[136.04525,35.66293],[136.04529,35.66296],[136.04529,35.66297],[136.04527,35.66304],[136.04538,35.66312],[136.04542,35.66315],[136.0455,35.66334],[136.04552,35.66344],[136.04551,35.6635],[136.04544,35.66353],[136.04534,35.66356],[136.04526,35.66359],[136.04524,35.6636],[136.04521,35.66365],[136.04523,35.66373],[136.04527,35.66383],[136.04521,35.66384],[136.04513,35.66385],[136.04503,35.6639],[136.04482,35.664],[136.04469,35.66405],[136.04431,35.66423],[136.04425,35.66428],[136.04422,35.66429],[136.04412,35.66427],[136.04403,35.66433],[136.04401,35.66438],[136.04403,35.66444],[136.04411,35.66452],[136.04411,35.66453],[136.04412,35.66459],[136.0441,35.66462],[136.04401,35.66471],[136.04387,35.66478],[136.04379,35.66479],[136.04376,35.66481],[136.04372,35.66486],[136.04364,35.6649],[136.0435,35.66502],[136.04342,35.66508],[136.04335,35.66521],[136.04332,35.66528],[136.04326,35.66537],[136.04319,35.66546],[136.04306,35.66557],[136.04297,35.66571],[136.04284,35.66606],[136.04278,35.66614],[136.04269,35.66633],[136.04271,35.66643],[136.04271,35.66649],[136.04267,35.66661],[136.04264,35.66667],[136.04256,35.66679],[136.04242,35.66697],[136.04228,35.66712],[136.04222,35.66724],[136.04221,35.66729],[136.04219,35.66738],[136.0422,35.66742],[136.04225,35.66749],[136.04225,35.66758],[136.0422,35.66778],[136.0422,35.66784],[136.04221,35.66794],[136.04222,35.66799],[136.04224,35.66807],[136.04224,35.66809],[136.04228,35.66813],[136.04231,35.66816],[136.04246,35.66832],[136.04254,35.66839],[136.04257,35.6685],[136.04258,35.66857],[136.04259,35.66858],[136.04262,35.66859],[136.04268,35.66858],[136.04268,35.66868],[136.04273,35.66874],[136.04275,35.66877],[136.04277,35.66881],[136.04277,35.66886],[136.04275,35.6689],[136.0427,35.66902],[136.04268,35.66906],[136.04265,35.66911],[136.04262,35.66915],[136.04259,35.6692],[136.04261,35.66925],[136.0427,35.6694],[136.04271,35.66947],[136.04271,35.66951],[136.0425,35.66969],[136.04243,35.66976],[136.0424,35.66981],[136.04237,35.66985],[136.04222,35.66997],[136.04214,35.67002],[136.04211,35.67005],[136.04206,35.67012],[136.04203,35.67018],[136.04196,35.67029],[136.04195,35.67032],[136.04195,35.67039],[136.04193,35.67043],[136.04179,35.67051],[136.0417,35.67059],[136.04163,35.67063],[136.04143,35.67069],[136.04138,35.67071],[136.04123,35.67075],[136.04108,35.67076],[136.04084,35.67082],[136.04077,35.67085],[136.04058,35.67093],[136.04045,35.67097],[136.04033,35.67102],[136.04013,35.67112],[136.04003,35.67116],[136.0399,35.6712],[136.03965,35.67128],[136.03967,35.6715],[136.03955,35.67131],[136.03939,35.67137],[136.03928,35.67143],[136.0389,35.6716],[136.03887,35.67162],[136.03858,35.67174],[136.03856,35.67175],[136.03844,35.6718],[136.03794,35.67203],[136.03785,35.6721],[136.03777,35.67217],[136.03774,35.67226],[136.03772,35.67241],[136.03769,35.67249],[136.03767,35.67254],[136.03756,35.67276],[136.03749,35.67285],[136.03734,35.67297],[136.03696,35.67323],[136.03685,35.67332],[136.03675,35.67343],[136.03666,35.67396],[136.03662,35.67427],[136.0366,35.67434],[136.03657,35.67448],[136.03654,35.67464],[136.03651,35.67476],[136.03649,35.67481],[136.03647,35.6749],[136.03639,35.67502],[136.03634,35.67514],[136.03633,35.67526],[136.03633,35.67535],[136.03632,35.6754],[136.03626,35.67554],[136.03626,35.67572],[136.03623,35.67578],[136.03604,35.6759],[136.03593,35.6759],[136.03586,35.67592],[136.03582,35.67595],[136.0357,35.67597],[136.03552,35.67597],[136.03539,35.67595],[136.03531,35.67591],[136.03522,35.67581],[136.03517,35.6757],[136.03512,35.67559],[136.03504,35.67549],[136.03494,35.67544],[136.03482,35.6754],[136.03468,35.67538],[136.03453,35.67536],[136.03434,35.67539],[136.03421,35.67543],[136.03411,35.67547],[136.03378,35.67548],[136.0337,35.67555],[136.03367,35.67559],[136.03357,35.67567],[136.03351,35.67568],[136.03336,35.67568],[136.03343,35.6758],[136.03331,35.67568],[136.03316,35.67558],[136.03309,35.67551],[136.03301,35.6755],[136.03307,35.67558],[136.03314,35.67565],[136.03324,35.67571],[136.03328,35.67575],[136.03335,35.67583],[136.03335,35.67585],[136.03324,35.67587],[136.03301,35.67584],[136.03292,35.67586],[136.03282,35.67591],[136.0328,35.67592],[136.03265,35.67594],[136.03267,35.67612],[136.03251,35.67599],[136.03215,35.67618],[136.03195,35.67628],[136.03136,35.67667],[136.03125,35.67673],[136.031,35.67686],[136.03107,35.6771],[136.03088,35.67693],[136.03028,35.67735],[136.03018,35.6774],[136.03005,35.67743],[136.02982,35.67789],[136.03025,35.67832],[136.02979,35.67791],[136.02939,35.67822],[136.02984,35.67853],[136.02936,35.67824],[136.02862,35.67884],[136.02833,35.67874],[136.02816,35.6789],[136.02798,35.67895],[136.02785,35.67894],[136.02745,35.67888],[136.02722,35.67889],[136.02707,35.67895],[136.02667,35.67918],[136.02648,35.67933],[136.02616,35.67961],[136.02589,35.6799],[136.02575,35.68008],[136.02545,35.68063],[136.02553,35.68061],[136.02547,35.68066],[136.02545,35.68066],[136.02538,35.68082],[136.02545,35.68111],[136.02526,35.68119],[136.02527,35.68126],[136.02528,35.6814],[136.0253,35.6815],[136.02533,35.68159],[136.02537,35.68166],[136.02542,35.68175],[136.02541,35.68184],[136.02545,35.68207],[136.02548,35.6821],[136.02556,35.68212],[136.0256,35.68213],[136.02569,35.68218],[136.02568,35.68225],[136.02567,35.68229],[136.02546,35.68231],[136.02552,35.6829],[136.02569,35.68292],[136.02539,35.68293],[136.02547,35.683],[136.02557,35.68299],[136.02559,35.68301],[136.02559,35.68304],[136.02556,35.6831],[136.02555,35.68313],[136.02554,35.68315],[136.02554,35.68322],[136.02554,35.68326],[136.02568,35.6834],[136.02557,35.68354],[136.02557,35.68363],[136.02559,35.68373],[136.02561,35.68377],[136.02567,35.68387],[136.02586,35.68386],[136.02591,35.68393],[136.02588,35.68398],[136.02586,35.68402],[136.02582,35.68406],[136.0258,35.68411],[136.0259,35.68424],[136.02593,35.68429],[136.02594,35.68432],[136.02597,35.68434],[136.026,35.68467],[136.02607,35.68477],[136.02611,35.68482],[136.0262,35.68487],[136.02622,35.68489],[136.02623,35.68497],[136.02632,35.68535],[136.02661,35.68539],[136.02642,35.68559],[136.02645,35.68561],[136.02652,35.68565],[136.02685,35.68577],[136.02672,35.68585],[136.02689,35.68614],[136.02701,35.68608],[136.027,35.68617],[136.027,35.68619],[136.02699,35.68626],[136.02698,35.68637],[136.02702,35.68643],[136.02727,35.68644],[136.02717,35.68649],[136.02724,35.68663],[136.02733,35.68672],[136.02739,35.68677],[136.02751,35.68675],[136.02751,35.68691],[136.02766,35.68709],[136.02773,35.68709],[136.02778,35.68723],[136.02783,35.68732],[136.0279,35.68741],[136.02869,35.68835],[136.02856,35.68845],[136.02965,35.68915],[136.0302,35.6897],[136.03011,35.68987],[136.03134,35.69156],[136.03266,35.69249],[136.03372,35.69281],[136.03415,35.69321],[136.0356,35.69404],[136.03733,35.69454],[136.03823,35.69457],[136.03907,35.6942],[136.03919,35.69391],[136.03912,35.69386],[136.03911,35.69378],[136.0391,35.69368],[136.0392,35.69355],[136.03925,35.69351],[136.03941,35.69342],[136.03957,35.6933],[136.03962,35.69325],[136.03965,35.69313],[136.03966,35.693],[136.03969,35.69276],[136.0397,35.6927],[136.03975,35.69255],[136.03982,35.69243],[136.03984,35.6924],[136.03984,35.69233],[136.03984,35.69229],[136.03981,35.69223],[136.03978,35.69221],[136.03971,35.69219],[136.03957,35.69215],[136.03955,35.69212],[136.03954,35.69208],[136.03957,35.69195],[136.03954,35.69192],[136.03954,35.69189],[136.03964,35.69182],[136.03975,35.69184],[136.03984,35.69185],[136.03992,35.69184],[136.03994,35.69183],[136.04002,35.69174],[136.04007,35.69167],[136.04012,35.69162],[136.04016,35.69161],[136.04034,35.69165],[136.04043,35.6917],[136.04057,35.69169],[136.04062,35.69169],[136.04073,35.6917],[136.041,35.69171],[136.04111,35.69171],[136.04123,35.69164],[136.04128,35.69162],[136.04142,35.69164],[136.04145,35.69163],[136.04158,35.69153],[136.04168,35.69146],[136.04172,35.69143],[136.04176,35.6914],[136.04184,35.69141],[136.04192,35.69144],[136.04203,35.69148],[136.04211,35.69151],[136.04222,35.69154],[136.04264,35.69157],[136.04295,35.69155],[136.04326,35.69153],[136.04331,35.69151],[136.04336,35.69142],[136.0434,35.69128],[136.04343,35.69121],[136.04348,35.69115],[136.04356,35.6911],[136.04383,35.69106],[136.04408,35.69111],[136.04431,35.69136],[136.04433,35.6914],[136.04435,35.69146],[136.04438,35.69153],[136.04437,35.69158],[136.04435,35.69161],[136.04432,35.69175],[136.04436,35.69181],[136.04439,35.69186],[136.04439,35.69187],[136.04428,35.69194],[136.04422,35.692],[136.04418,35.69208],[136.04413,35.69214],[136.04408,35.69219],[136.04405,35.69226],[136.04406,35.69236],[136.04408,35.69245],[136.04409,35.69246],[136.04414,35.69247],[136.04416,35.69248],[136.04418,35.6925],[136.0442,35.69256],[136.04419,35.69257],[136.04414,35.69255],[136.04412,35.69256],[136.04412,35.6926],[136.04422,35.69267],[136.04426,35.69269],[136.04422,35.69278],[136.04418,35.69288],[136.04423,35.69303],[136.04424,35.69311],[136.0442,35.69333],[136.04422,35.69345],[136.04426,35.69359],[136.0443,35.69372],[136.04437,35.69391],[136.04443,35.69402],[136.04447,35.69413],[136.0445,35.69422],[136.04453,35.69425],[136.0446,35.69429],[136.04467,35.69434],[136.04468,35.69442],[136.04469,35.69447],[136.0447,35.69453],[136.04474,35.69458],[136.04486,35.69467],[136.04491,35.69472],[136.04493,35.69482],[136.04494,35.69487],[136.04496,35.69498],[136.04496,35.6951],[136.04494,35.69517],[136.04492,35.69527],[136.04488,35.69534],[136.04482,35.6954],[136.0448,35.69545],[136.0448,35.69553],[136.0448,35.69576],[136.04477,35.6958],[136.04469,35.69593],[136.04459,35.69609],[136.04454,35.69622],[136.04442,35.69665],[136.04434,35.69728],[136.04435,35.6974],[136.04434,35.6975],[136.04431,35.69759],[136.04432,35.69766],[136.04435,35.69775],[136.04433,35.69779],[136.04432,35.69781],[136.04425,35.69786],[136.04419,35.6979],[136.04408,35.69798],[136.04398,35.69805],[136.04392,35.69808],[136.04388,35.69812],[136.04386,35.69818],[136.04384,35.69829],[136.04375,35.6983],[136.04338,35.69836],[136.0432,35.69839],[136.04306,35.69842],[136.043,35.69843],[136.04292,35.69844],[136.0428,35.69842],[136.04262,35.6984],[136.04237,35.69838],[136.04194,35.69824],[136.04161,35.6982],[136.04154,35.6982],[136.04128,35.69831],[136.04118,35.69838],[136.04108,35.69846],[136.04099,35.69853],[136.04093,35.69862],[136.04089,35.6987],[136.04085,35.69879],[136.04075,35.6989],[136.0407,35.69898],[136.04068,35.69905],[136.0407,35.69911],[136.04072,35.69918],[136.04073,35.69926],[136.04075,35.69935],[136.04077,35.69946],[136.04086,35.69966],[136.04097,35.69977],[136.04101,35.69984],[136.04106,35.69993],[136.0411,35.69997],[136.04118,35.70006],[136.04127,35.70031],[136.04128,35.7004],[136.04124,35.70055],[136.04121,35.70062],[136.04121,35.70069],[136.04124,35.70077],[136.04134,35.70089],[136.04135,35.70108],[136.04134,35.70119],[136.04137,35.70125],[136.04139,35.70132],[136.04142,35.70137],[136.04145,35.70139],[136.04147,35.7014],[136.04151,35.7014],[136.04157,35.7014],[136.04158,35.70141],[136.04159,35.70142],[136.04157,35.70146],[136.04149,35.70146],[136.04149,35.70147],[136.04151,35.70148],[136.04154,35.7015],[136.04156,35.70152],[136.04156,35.70153],[136.04154,35.70153],[136.0415,35.70153],[136.04149,35.70154],[136.04154,35.70161],[136.04156,35.70164],[136.04158,35.70168],[136.04155,35.70171],[136.04146,35.70169],[136.04141,35.7017],[136.04137,35.70171],[136.04135,35.70175],[136.04134,35.7018],[136.04138,35.70192],[136.04139,35.70202],[136.04143,35.70203],[136.04147,35.70207],[136.04147,35.70212],[136.04149,35.70219],[136.04151,35.70228],[136.04152,35.70233],[136.04152,35.70245],[136.04156,35.70248],[136.0416,35.70249],[136.0416,35.7025],[136.04161,35.70257],[136.04162,35.70264],[136.04165,35.70274],[136.04169,35.70285],[136.0417,35.70288],[136.04174,35.70292],[136.04189,35.70295],[136.04196,35.70296],[136.04209,35.70299],[136.04216,35.70308],[136.04216,35.70314],[136.04222,35.70334],[136.04226,35.70342],[136.0423,35.70344],[136.04236,35.70351],[136.04239,35.70367],[136.04249,35.70368],[136.0425,35.70373],[136.04251,35.7038],[136.04254,35.70384],[136.04169,35.70406],[136.04257,35.70389],[136.04267,35.70423],[136.04409,35.70483],[136.04438,35.70539],[136.0435,35.70608],[136.04226,35.7058],[136.04085,35.70667],[136.03884,35.70816],[136.03846,35.70858],[136.03804,35.7096],[136.03807,35.71034],[136.03853,35.71092],[136.03933,35.71247],[136.03975,35.7123],[136.04001,35.71302],[136.03967,35.71324],[136.03988,35.71397],[136.03887,35.7157],[136.03724,35.71667],[136.03716,35.7166],[136.03721,35.7167],[136.0371,35.71677],[136.03698,35.71686],[136.03691,35.71692],[136.03672,35.7171],[136.03663,35.7172],[136.03648,35.71737],[136.03616,35.71776],[136.03608,35.71786],[136.03603,35.71802],[136.03601,35.71814],[136.036,35.71822],[136.03594,35.71857],[136.03591,35.71876],[136.0359,35.71883],[136.03589,35.71897],[136.03592,35.71909],[136.03596,35.71925],[136.03599,35.71935],[136.03605,35.71948],[136.0361,35.7196],[136.03613,35.71977],[136.03609,35.71984],[136.03601,35.71995],[136.03594,35.72008],[136.0359,35.7202],[136.03568,35.72087],[136.0357,35.72093],[136.03571,35.72102],[136.0357,35.72114],[136.03569,35.72117],[136.03571,35.72122],[136.03572,35.72124],[136.03578,35.72129],[136.03586,35.72134],[136.03589,35.72137],[136.03594,35.72144],[136.03597,35.72156],[136.03595,35.72162],[136.03598,35.72186],[136.03601,35.72198],[136.03606,35.7222],[136.03609,35.7223],[136.03612,35.72238],[136.03618,35.72275],[136.03638,35.72318],[136.03644,35.72328],[136.03655,35.7234],[136.0366,35.72344],[136.03663,35.72345],[136.03667,35.72347],[136.03675,35.72353],[136.03679,35.7236],[136.03695,35.72385],[136.03728,35.7243],[136.03734,35.72433],[136.03744,35.72438],[136.03772,35.72463],[136.03792,35.7247],[136.03809,35.72479],[136.03836,35.72516],[136.03841,35.72523],[136.03848,35.72589],[136.03828,35.72614],[136.03827,35.72618],[136.03831,35.72687],[136.03655,35.72936],[136.03604,35.72984],[136.03485,35.73058],[136.0342,35.73124],[136.03397,35.73224],[136.03283,35.73368],[136.03234,35.73395],[136.03099,35.73395],[136.03067,35.73411],[136.0303,35.73478],[136.03024,35.73503],[136.0303,35.73551],[136.03029,35.73557],[136.03027,35.73559],[136.02986,35.73598],[136.02966,35.73609],[136.02956,35.73605],[136.02957,35.73613],[136.02914,35.7362],[136.02911,35.73654],[136.02908,35.73656],[136.02891,35.73643],[136.02886,35.73645],[136.0288,35.73648],[136.02871,35.73656],[136.0286,35.7366],[136.02851,35.73667],[136.02862,35.73676],[136.02839,35.73698],[136.02823,35.73694],[136.02817,35.73696],[136.02831,35.73708],[136.02812,35.73708],[136.02821,35.73722],[136.02817,35.73734],[136.02804,35.73751],[136.02822,35.73753],[136.0282,35.73766],[136.02812,35.73784],[136.02831,35.73784],[136.02816,35.73792],[136.02818,35.73838],[136.02846,35.73838],[136.02831,35.73841],[136.02853,35.73919],[136.02804,35.73927],[136.02811,35.73952],[136.02809,35.73957],[136.02806,35.73968],[136.02811,35.73985],[136.0282,35.73996],[136.02826,35.74013],[136.02824,35.7403],[136.02822,35.74052],[136.02819,35.74063],[136.02813,35.74082],[136.02801,35.74104],[136.0279,35.74117],[136.02779,35.74122],[136.02772,35.74121],[136.02765,35.74118],[136.02774,35.74131],[136.02775,35.74137],[136.02741,35.74157],[136.02733,35.74163],[136.02711,35.74185],[136.02706,35.74198],[136.02706,35.7421],[136.02705,35.74216],[136.02704,35.74222],[136.02695,35.74232],[136.02688,35.74238],[136.02674,35.74243],[136.02645,35.74247],[136.02635,35.74249],[136.02621,35.74252],[136.02604,35.74263],[136.02583,35.74275],[136.0257,35.74285],[136.02536,35.74291],[136.02504,35.74294],[136.02497,35.74295],[136.02489,35.74297],[136.02522,35.74341],[136.02487,35.74297],[136.02482,35.74299],[136.0245,35.74321],[136.02374,35.74398],[136.02371,35.74405],[136.02366,35.74412],[136.0236,35.74417],[136.02353,35.74418],[136.02349,35.74418],[136.02338,35.74423],[136.02322,35.74436],[136.02319,35.74447],[136.02316,35.74451],[136.02308,35.74458],[136.02305,35.74461],[136.02299,35.74464],[136.02287,35.74467],[136.02249,35.74532],[136.02295,35.74677],[136.02268,35.74751],[136.0232,35.74741],[136.02262,35.74799],[136.02197,35.74891],[136.02249,35.74924],[136.02277,35.74893],[136.02311,35.74913],[136.02283,35.74944],[136.02413,35.75005],[136.0258,35.7487],[136.02722,35.74729],[136.02776,35.74693],[136.02806,35.74636],[136.029,35.74532],[136.02921,35.74487],[136.03001,35.74412],[136.03063,35.74376],[136.03129,35.74317],[136.03286,35.74242],[136.03295,35.74196],[136.03411,35.74151],[136.03542,35.73966],[136.03582,35.73941],[136.0366,35.73922],[136.0371,35.73892],[136.03767,35.73888],[136.03738,35.73978],[136.03698,35.73984],[136.03627,35.74049],[136.03635,35.74129],[136.03605,35.74202],[136.03512,35.74297],[136.03463,35.74436],[136.03362,35.74531],[136.03295,35.74691],[136.03268,35.74882],[136.03276,35.7492],[136.03245,35.75063],[136.03185,35.75153],[136.03179,35.75188],[136.03088,35.75251],[136.03038,35.75316],[136.03005,35.75305],[136.02944,35.75346],[136.02903,35.75344],[136.0288,35.75374],[136.02822,35.75372],[136.02636,35.75461],[136.02551,35.75554],[136.0245,35.75708],[136.02379,35.75848],[136.02335,35.75988],[136.02393,35.76027],[136.02317,35.76051],[136.02261,35.76097],[136.02189,35.76187],[136.02008,35.76348],[136.01924,35.76392],[136.01794,35.76406],[136.01713,35.7638],[136.01673,35.76353],[136.01599,35.76165],[136.01619,35.76163],[136.0162,35.76102],[136.01578,35.76026],[136.015,35.75985],[136.01379,35.75958],[136.01337,35.75873],[136.01283,35.75827],[136.01184,35.75805],[136.01124,35.75818],[136.01033,35.7577],[136.01044,35.75744],[136.01013,35.75697],[136.00964,35.75685],[136.00906,35.75507],[136.00944,35.75494],[136.00962,35.75452],[136.00901,35.7537],[136.0071,35.75234],[136.00584,35.75152],[136.00496,35.75136],[136.00466,35.75115],[136.00226,35.75005],[136.00054,35.75],[136.00003,35.75022],[135.99883,35.74968],[135.99751,35.74943],[135.99693,35.7496],[135.99537,35.74868],[135.99469,35.74848],[135.99455,35.74867],[135.99404,35.74847],[135.99385,35.74876],[135.99344,35.74853],[135.99356,35.74775],[135.99311,35.74724],[135.99291,35.74672],[135.99167,35.74614],[135.99169,35.74583],[135.99126,35.74497],[135.99012,35.74456],[135.9887,35.74299],[135.98819,35.74274],[135.98801,35.74209],[135.98755,35.74199],[135.98476,35.73989],[135.98153,35.73793],[135.98112,35.73756],[135.98398,35.73927],[135.9848,35.73908],[135.98344,35.73681],[135.98408,35.73605],[135.98368,35.73553],[135.98295,35.73493],[135.98246,35.73433],[135.98075,35.73309],[135.98023,35.73289],[135.9797,35.73292],[135.97908,35.73325],[135.9787,35.73254],[135.97789,35.73219],[135.97594,35.73231],[135.97606,35.73299],[135.97508,35.7332],[135.97533,35.73455],[135.9762,35.73445],[135.97621,35.73459],[135.97514,35.73472],[135.97461,35.7351],[135.97422,35.73511],[135.97397,35.73559],[135.97341,35.73505],[135.97208,35.73457],[135.97104,35.73525],[135.97005,35.73521],[135.96919,35.73543],[135.96868,35.73522],[135.96791,35.73571],[135.96766,35.73508],[135.96833,35.73444],[135.96839,35.73406],[135.96807,35.73332],[135.96761,35.73271],[135.96699,35.73243],[135.96677,35.73261],[135.96587,35.7325],[135.96532,35.73163],[135.96506,35.73168],[135.96481,35.73127],[135.96468,35.73168],[135.96408,35.73074],[135.96467,35.73071],[135.96463,35.73013],[135.96571,35.72945],[135.96714,35.72751],[135.96727,35.72698],[135.9674,35.72674],[135.96785,35.72611],[135.96831,35.72546],[135.96877,35.72472],[135.96894,35.72486],[135.96937,35.72522],[135.96986,35.72482],[135.97033,35.72477],[135.97075,35.72484],[135.97125,35.72497],[135.97201,35.72505],[135.97309,35.72537],[135.97377,35.72526],[135.97444,35.72514],[135.97468,35.72486],[135.97491,35.72475],[135.97555,35.72489],[135.97587,35.72492],[135.97644,35.72459],[135.9767,35.72454],[135.9771,35.72459],[135.97765,35.72465],[135.97824,35.72479],[135.97923,35.72474],[135.97957,35.72443],[135.9801,35.72447],[135.98094,35.72448],[135.98218,35.72454],[135.98268,35.72474],[135.98294,35.72476],[135.98384,35.72444],[135.98443,35.72439],[135.98463,35.72444],[135.98533,35.72432],[135.98578,35.72429],[135.98608,35.72456],[135.9862,35.72482],[135.98645,35.72529],[135.98697,35.72532],[135.98712,35.72533],[135.98793,35.72556],[135.9883,35.72566],[135.98886,35.72596],[135.98925,35.72621],[135.98951,35.7262],[135.99016,35.72604],[135.99057,35.72629],[135.99128,35.72678],[135.9932,35.72703],[135.99346,35.72695],[135.99463,35.72635],[135.99505,35.72605],[135.99578,35.72621],[135.99713,35.72692],[135.99796,35.72719],[135.99851,35.72775],[135.99976,35.7279],[136.00251,35.72852],[136.00317,35.72876],[136.0039,35.72943],[136.0046,35.73004],[136.00542,35.72999],[136.00603,35.72971],[136.00665,35.72995],[136.0067,35.72996],[136.00708,35.72978],[136.00741,35.72948],[136.00785,35.72867],[136.00884,35.7283],[136.00947,35.72805],[136.01007,35.72706],[136.01016,35.7265],[136.01037,35.72616],[136.01117,35.72545],[136.01241,35.72502],[136.01269,35.7237],[136.01272,35.72255],[136.01257,35.72219],[136.01251,35.7212],[136.01303,35.72059],[136.01288,35.7187],[136.01301,35.71822],[136.01349,35.71732],[136.01291,35.71663],[136.01213,35.71528],[136.01155,35.71227],[136.01162,35.71184],[136.01134,35.71085],[136.01096,35.71032],[136.01025,35.70988],[136.0103,35.70925],[136.01044,35.70899],[136.01073,35.7088],[136.01081,35.7085],[136.01108,35.70805],[136.01192,35.70772],[136.01215,35.70737],[136.01211,35.70692],[136.01121,35.70567],[136.0109,35.70485],[136.01056,35.70408],[136.01058,35.70302],[136.01026,35.70138],[136.01046,35.70105],[136.01076,35.70077],[136.01102,35.69924],[136.01116,35.69891],[136.01178,35.69829],[136.01186,35.6978],[136.01255,35.69739],[136.01263,35.6973],[136.01146,35.69628],[136.0109,35.69535],[136.01083,35.69473],[136.01106,35.69425],[136.01091,35.69391],[136.0107,35.69353],[136.01137,35.69179],[136.01168,35.69083],[136.01132,35.69022],[136.01176,35.68988],[136.01198,35.68952],[136.01172,35.68867],[136.01088,35.6877],[136.01153,35.68648],[136.01167,35.68599],[136.01277,35.68443],[136.01257,35.68382],[136.0119,35.68344],[136.0114,35.68261],[136.01122,35.6814],[136.01086,35.68075],[136.0105,35.6805],[136.01025,35.6803],[136.01023,35.67974],[136.00962,35.67924],[136.00915,35.67844],[136.00906,35.67776],[136.00975,35.67689],[136.00998,35.67657],[136.01051,35.67603],[136.01053,35.67584],[136.00986,35.67484],[136.00961,35.67436],[136.00955,35.67391],[136.00987,35.67353],[136.00996,35.67324],[136.00967,35.67225],[136.00938,35.67065],[136.00953,35.66982],[136.00995,35.66938],[136.01117,35.66915],[136.0118,35.66868],[136.01222,35.66805],[136.01337,35.6676],[136.01351,35.66743],[136.01361,35.66698],[136.01321,35.66611],[136.01312,35.66525],[136.01287,35.66496],[136.01171,35.66424],[136.01077,35.66289],[136.01041,35.66249],[136.0094,35.66208],[136.00851,35.6614],[136.00798,35.66069],[136.00817,35.66001],[136.00773,35.65992],[136.00712,35.65941],[136.00648,35.65832],[136.00502,35.65799],[136.00439,35.65749],[136.00375,35.65623],[136.00322,35.65569],[136.0017,35.65472],[136.00104,35.65432],[136.00026,35.65414],[135.99886,35.65396],[135.99869,35.65387],[135.99822,35.65239],[135.99841,35.65201],[135.99877,35.65166],[135.99912,35.65042],[135.99944,35.64996],[136.00001,35.64866],[136.00129,35.64709],[136.00296,35.64664],[136.00387,35.64617],[136.00424,35.64552],[136.00421,35.64486],[136.00382,35.64427],[136.00431,35.64324],[136.00465,35.64197],[136.00509,35.63918],[136.0055,35.63822],[136.00569,35.63717],[136.00607,35.63637],[136.00639,35.6361],[136.0066,35.63578],[136.00724,35.63538],[136.00742,35.63486],[136.00801,35.63438],[136.00854,35.63383],[136.00859,35.63344],[136.00834,35.63299],[136.00889,35.63229],[136.00911,35.63163],[136.0091,35.6316],[136.00859,35.63103],[136.00801,35.62988],[136.00734,35.62898],[136.0069,35.62765],[136.00734,35.62747],[136.00756,35.62709],[136.00747,35.62637],[136.00764,35.62578],[136.00754,35.62531],[136.007,35.62412],[136.00651,35.62339],[136.00645,35.62297],[136.00661,35.62168],[136.0072,35.62081],[136.0073,35.62022],[136.00695,35.61964],[136.00675,35.61889],[136.00725,35.61806],[136.0073,35.61774],[136.007,35.61678],[136.00672,35.6165],[136.00606,35.61634],[136.00589,35.6161],[136.00611,35.61473],[136.00616,35.61383],[136.00685,35.61331],[136.00714,35.61293],[136.00724,35.61204],[136.0079,35.6115],[136.00851,35.61044],[136.00931,35.61006],[136.00939,35.6092],[136.0084,35.60785],[136.00815,35.60653],[136.0079,35.60589],[136.0077,35.60189],[136.00779,35.60079],[136.0075,35.60025],[136.00754,35.59986],[136.00722,35.59915],[136.00706,35.59786],[136.00672,35.59734],[136.00504,35.59665],[136.00451,35.5962],[136.00449,35.59567],[136.00449,35.59554],[136.00515,35.5947],[136.00529,35.59419],[136.00537,35.5936],[136.00622,35.59302],[136.00666,35.59241],[136.00686,35.5914],[136.00686,35.59086],[136.00711,35.59016],[136.0081,35.58883],[136.00926,35.5865],[136.00937,35.58583],[136.01052,35.58571],[136.01121,35.58581],[136.0116,35.58556],[136.01185,35.58492],[136.01322,35.58537],[136.01352,35.5858],[136.01419,35.58598],[136.01517,35.5863],[136.01632,35.58616],[136.01696,35.58631],[136.0173,35.58659],[136.01895,35.58709],[136.0199,35.58675],[136.02023,35.58649],[136.02076,35.58638],[136.02232,35.5864],[136.0229,35.58621],[136.02375,35.58624],[136.02457,35.58691],[136.02506,35.58736],[136.02566,35.58697],[136.02628,35.5861],[136.02633,35.58459],[136.02656,35.58371],[136.02702,35.58283],[136.02702,35.58238],[136.02666,35.58136],[136.02622,35.58091],[136.02752,35.58042],[136.02856,35.57929],[136.02911,35.57801],[136.02952,35.57614],[136.02947,35.57492],[136.02927,35.57445],[136.02968,35.57323],[136.02968,35.57231],[136.02916,35.57161],[136.02932,35.57082],[136.02932,35.56985],[136.02957,35.56933],[136.02955,35.56891],[136.02918,35.5685],[136.02872,35.56834],[136.02833,35.56757],[136.02822,35.56627],[136.02716,35.56543],[136.02698,35.56483],[136.02602,35.56408],[136.02522,35.56375],[136.02473,35.56332],[136.02432,35.56215],[136.0235,35.56116],[136.02286,35.55879],[136.02278,35.55816],[136.02308,35.55746],[136.023,35.5557],[136.0235,35.55469],[136.02428,35.55333],[136.0246,35.55224],[136.02495,35.5516],[136.02506,35.55077],[136.02478,35.54944],[136.02442,35.54849],[136.02428,35.54687],[136.02382,35.54629],[136.02387,35.54561],[136.02445,35.54473],[136.02472,35.5438],[136.02495,35.54354],[136.02695,35.54285],[136.02767,35.54234],[136.02715,35.54079],[136.02731,35.53972],[136.02673,35.53817],[136.02662,35.53693],[136.02683,35.53619],[136.02742,35.53537],[136.02728,35.53355],[136.02667,35.53247],[136.02645,35.52958],[136.02791,35.52909],[136.02983,35.5294],[136.03085,35.52978],[136.03272,35.53012],[136.03348,35.53016],[136.03662,35.53072],[136.03719,35.5309],[136.03821,35.53146],[136.03928,35.53162],[136.04049,35.53232],[136.04118,35.53236],[136.04187,35.5311],[136.04272,35.5309],[136.04426,35.53092],[136.04538,35.53076],[136.04634,35.53033],[136.04664,35.5315],[136.04662,35.53209],[136.04751,35.53374],[136.04806,35.53457],[136.04833,35.53477],[136.04941,35.53457],[136.05146,35.53439],[136.05344,35.53332],[136.05393,35.53332],[136.05489,35.53373],[136.05592,35.53364],[136.05649,35.53291],[136.05707,35.53274],[136.05756,35.53224],[136.05872,35.53205],[136.05957,35.53224],[136.06069,35.53185],[136.06119,35.53102],[136.06173,35.52904],[136.06195,35.52854],[136.06237,35.52822],[136.06377,35.52818],[136.06468,35.52806],[136.06528,35.52836],[136.06547,35.52802],[136.06657,35.52701],[136.06852,35.52637],[136.06957,35.52632],[136.07025,35.52657],[136.07193,35.52766],[136.07284,35.52903],[136.07408,35.52975],[136.07534,35.52991],[136.07709,35.53065],[136.07754,35.5313],[136.07757,35.5316],[136.07724,35.53263],[136.0771,35.53378],[136.07683,35.5344],[136.07763,35.53506],[136.07933,35.53551],[136.07969,35.53585],[136.08031,35.53817],[136.08065,35.53905],[136.08145,35.53936],[136.08178,35.54013],[136.08274,35.54055],[136.08345,35.5404],[136.08434,35.54004],[136.08556,35.5397],[136.0868,35.53918],[136.08854,35.53895],[136.08944,35.53811],[136.09079,35.53748],[136.09145,35.5374],[136.09271,35.53757],[136.09329,35.5375],[136.09381,35.53707],[136.0945,35.53604],[136.09499,35.53554],[136.09749,35.5339],[136.09796,35.53383],[136.09914,35.5341],[136.09985,35.53365],[136.10019,35.53254],[136.10042,35.53211],[136.10114,35.53193],[136.10182,35.53139],[136.10295,35.53074],[136.10397,35.53031],[136.10515,35.52877],[136.10627,35.52896],[136.10652,35.52925],[136.10719,35.53065],[136.10666,35.53181],[136.10639,35.53209],[136.10609,35.53281],[136.1064,35.53422],[136.10672,35.53465],[136.10675,35.53551],[136.10599,35.53706],[136.10607,35.53783],[136.10587,35.53812],[136.10601,35.53857],[136.10701,35.53927],[136.10791,35.54008],[136.10819,35.54112],[136.10864,35.542],[136.1091,35.54263],[136.10896,35.54312],[136.1093,35.54369],[136.10921,35.5443],[136.10941,35.5449],[136.1093,35.54545],[136.109,35.54583],[136.10809,35.5465],[136.10792,35.54729],[136.1082,35.54826],[136.1085,35.54859],[136.10902,35.54984],[136.10847,35.55017],[136.10824,35.55119],[136.10691,35.55313],[136.10622,35.55371],[136.10587,35.55473],[136.10535,35.55552],[136.10615,35.55621],[136.10672,35.55695],[136.1075,35.55748],[136.10869,35.55779],[136.10879,35.55801],[136.10869,35.55894],[136.10885,35.55919],[136.11011,35.55939],[136.11052,35.56006],[136.11031,35.56103],[136.11045,35.56132],[136.1105,35.56265],[136.11075,35.56335],[136.10996,35.5647],[136.10962,35.56569],[136.10897,35.56703],[136.1079,35.5684],[136.10808,35.56863],[136.10895,35.56912],[136.10999,35.5693],[136.11044,35.57031],[136.11099,35.57097],[136.11145,35.57204],[136.11115,35.57299],[136.11227,35.57333],[136.11291,35.57409],[136.11272,35.57443],[136.1128,35.57522],[136.11234,35.57565],[136.11209,35.57684],[136.11217,35.57779],[136.11212,35.57857],[136.1124,35.57932],[136.11215,35.58011],[136.11265,35.58107],[136.11304,35.58216],[136.11359,35.58281],[136.11408,35.58302],[136.1154,35.58299],[136.1167,35.58202],[136.117,35.58157],[136.11732,35.58067],[136.11721,35.58026],[136.11661,35.57945],[136.11657,35.57909],[136.11715,35.5783],[136.11808,35.57747],[136.1191,35.5769],[136.11996,35.57686],[136.12125,35.57623],[136.12212,35.57618],[136.12343,35.57628],[136.12416,35.57613],[136.12492,35.57608],[136.12631,35.57554],[136.12718,35.57563],[136.12785,35.57583],[136.12892,35.57545],[136.12983,35.57534],[136.13143,35.5748],[136.13278,35.5746],[136.13433,35.57508],[136.13586,35.57584],[136.13626,35.57583],[136.13739,35.57531],[136.13833,35.57563],[136.13911,35.5756],[136.13986,35.57495],[136.14194,35.57378],[136.14239,35.57303],[136.14256,35.57225],[136.14303,35.57148],[136.14342,35.57113],[136.14466,35.57063],[136.14554,35.57054],[136.14648,35.5709],[136.14708,35.57188],[136.14753,35.57212],[136.14799,35.57203],[136.14911,35.57138],[136.14948,35.57138],[136.14982,35.57235],[136.15028,35.57291],[136.15092,35.57289],[136.15387,35.57244],[136.15439,35.57174],[136.15484,35.57154],[136.15661,35.57148],[136.15752,35.57125],[136.15942,35.57187],[136.16024,35.57184],[136.16118,35.57158],[136.16248,35.57147],[136.16331,35.57106],[136.16389,35.56951],[136.16444,35.56883],[136.16574,35.56694],[136.16638,35.5662],[136.16688,35.56537],[136.16768,35.56534],[136.16809,35.5655],[136.16881,35.56542],[136.16981,35.56594],[136.16988,35.56661],[136.16933,35.56742],[136.16917,35.56794],[136.16969,35.5687],[136.16938,35.56965],[136.17027,35.57104],[136.17032,35.57133],[136.16995,35.57165],[136.1697,35.57238],[136.16948,35.57427],[136.17064,35.57564],[136.17019,35.57638],[136.16904,35.57728],[136.16852,35.5775],[136.16779,35.57877],[136.16768,35.57944],[136.1677,35.58048],[136.16674,35.58144],[136.1664,35.58237],[136.16712,35.58343],[136.16817,35.58475],[136.16908,35.58545],[136.17065,35.5865],[136.1717,35.58756],[136.17255,35.58877],[136.17265,35.59022],[136.17313,35.59074],[136.17374,35.59108],[136.17529,35.59225],[136.17558,35.59267],[136.17584,35.59373],[136.17723,35.59468],[136.17749,35.59539],[136.17674,35.5966],[136.17684,35.5971],[136.17682,35.59817],[136.17667,35.59847],[136.17584,35.59935],[136.17475,35.60161],[136.17448,35.60246],[136.17447,35.60329],[136.17429,35.6036],[136.17344,35.60425],[136.17318,35.60465],[136.17312,35.60531],[136.17233,35.60668],[136.1716,35.60725],[136.1713,35.60803],[136.1709,35.60846],[136.17073,35.61035],[136.1704,35.61206],[136.17022,35.61257],[136.16964,35.61334],[136.16869,35.6141],[136.16835,35.61452],[136.16765,35.61626],[136.16717,35.61803],[136.16687,35.6186],[136.16527,35.61889],[136.16435,35.61995],[136.16425,35.62099],[136.16379,35.62194],[136.16309,35.62253],[136.16244,35.62401],[136.16164,35.62423],[136.16083,35.62497],[136.15977,35.62524],[136.15977,35.62584],[136.16024,35.62678],[136.16017,35.62739],[136.15945,35.62911],[136.15849,35.62988],[136.15943,35.63106],[136.15967,35.63235],[136.15959,35.6341],[136.1598,35.63485],[136.15867,35.63536],[136.15824,35.63587],[136.15859,35.63761],[136.1584,35.63865],[136.15782,35.63993],[136.15735,35.64045],[136.15734,35.64117],[136.15695,35.64139],[136.1555,35.64181],[136.15484,35.64249],[136.15463,35.64323],[136.15412,35.64368],[136.15398,35.64422],[136.15427,35.64608],[136.15417,35.64631],[136.15304,35.64624],[136.15174,35.64798],[136.15132,35.64872],[136.15125,35.64959],[136.15249,35.65077],[136.15113,35.65118],[136.1509,35.65176],[136.15117,35.653],[136.15065,35.6534],[136.15,35.65475],[136.15035,35.6551],[136.1512,35.65553],[136.15085,35.65643],[136.15054,35.65784],[136.15045,35.65867],[136.14997,35.65958],[136.14915,35.66044],[136.14912,35.66103],[136.14844,35.66212],[136.1475,35.66267],[136.14578,35.66305],[136.14402,35.66374],[136.14264,35.66397],[136.14059,35.66392],[136.13992,35.66426],[136.13926,35.66502],[136.13817,35.66503],[136.13744,35.66515],[136.13673,35.66548],[136.13612,35.66595],[136.13541,35.66736],[136.13493,35.66755],[136.13471,35.66792],[136.13448,35.66986],[136.13506,35.67039],[136.13553,35.67102],[136.13608,35.67147],[136.13619,35.67225],[136.13662,35.67266],[136.13769,35.67305],[136.13791,35.67384],[136.13797,35.67494],[136.13834,35.67535],[136.13914,35.6759],[136.13978,35.67699],[136.13959,35.67766],[136.13999,35.6783],[136.14162,35.67898],[136.14232,35.67911],[136.14259,35.67942],[136.14295,35.68028],[136.1429,35.68062],[136.14327,35.68159],[136.1435,35.68315],[136.14442,35.68392],[136.14454,35.6843],[136.14519,35.68467],[136.14575,35.68625],[136.14624,35.68703],[136.14664,35.68719],[136.14799,35.68735],[136.14827,35.68754],[136.14882,35.68833],[136.14897,35.68876],[136.14883,35.68924],[136.14908,35.69005],[136.15024,35.69125],[136.15027,35.69161],[136.15,35.69254],[136.15022,35.69382],[136.1497,35.69477],[136.14968,35.69531],[136.15054,35.69707],[136.15035,35.69777],[136.14974,35.69854],[136.14887,35.69909],[136.14817,35.6992],[136.14762,35.69906],[136.14725,35.69919],[136.14698,35.69969],[136.14687,35.70039],[136.14617,35.70088],[136.14565,35.7018],[136.14555,35.70204],[136.1453,35.70261],[136.14537,35.70288],[136.14562,35.70309],[136.14634,35.70289],[136.14673,35.70287],[136.14764,35.70319],[136.14829,35.70349],[136.14857,35.70425],[136.14904,35.70464],[136.149,35.70552],[136.14903,35.70588],[136.14921,35.70658],[136.14858,35.7078],[136.14843,35.70833],[136.14839,35.70886],[136.14876,35.70974],[136.14879,35.70997],[136.1487,35.71091],[136.14794,35.71172],[136.14729,35.71221],[136.14643,35.71273],[136.14586,35.71347],[136.14439,35.7139],[136.14389,35.71408],[136.14353,35.71446],[136.14315,35.71525],[136.14262,35.7161],[136.14155,35.71657],[136.14088,35.71681],[136.14053,35.71693],[136.13944,35.71743],[136.13887,35.7182],[136.13808,35.71887],[136.13627,35.71942],[136.1353,35.72013],[136.1348,35.72097],[136.13404,35.72142],[136.13288,35.72226],[136.1323,35.72252],[136.13188,35.723],[136.13189,35.72329],[136.13274,35.724],[136.1334,35.72488],[136.1334,35.72531],[136.13305,35.72576],[136.13352,35.72657],[136.13348,35.72747],[136.13375,35.72841],[136.13349,35.72886],[136.13269,35.7291],[136.13248,35.73042],[136.13272,35.73216],[136.1333,35.73327],[136.13332,35.73397],[136.13309,35.73462],[136.13263,35.73539],[136.1328,35.73636],[136.13247,35.73746],[136.13163,35.73854],[136.13129,35.73912],[136.13085,35.74071],[136.13004,35.74128],[136.12859,35.74152],[136.12785,35.74183],[136.12703,35.74239],[136.12662,35.74293],[136.12638,35.74399],[136.12575,35.74445],[136.12542,35.74527],[136.12554,35.74597],[136.12448,35.74652],[136.12353,35.74853],[136.12255,35.74868],[136.12235,35.74888],[136.12208,35.7499],[136.12163,35.74997],[136.12089,35.75054],[136.12032,35.75065],[136.1196,35.75135],[136.11869,35.75156],[136.11855,35.75179],[136.11903,35.75257],[136.11882,35.7538],[136.11845,35.75407],[136.1186,35.75515],[136.11774,35.75589],[136.11742,35.75643],[136.11749,35.75801],[136.11682,35.75854],[136.11579,35.75913],[136.11562,35.7598],[136.11564,35.7607],[136.11519,35.76224],[136.1144,35.76368],[136.11385,35.76433],[136.11333,35.76466],[136.11282,35.76543],[136.11257,35.76558],[136.11207,35.76583],[136.11077,35.76593],[136.10826,35.76526],[136.10734,35.76523],[136.10193,35.7657],[136.10127,35.76568],[136.09889,35.76523],[136.09839,35.76534],[136.09847,35.76469],[136.09935,35.76305],[136.09942,35.76271],[136.09929,35.76159],[136.09942,35.76111],[136.10067,35.75963],[136.10116,35.75882],[136.10152,35.75783],[136.10177,35.75617],[136.10174,35.75367],[136.10141,35.75267],[136.10052,35.75133],[136.10034,35.75086],[136.09985,35.74873],[136.09974,35.74798],[136.10012,35.74727],[136.09994,35.74654],[136.09883,35.74537],[136.09758,35.74434],[136.09767,35.74395],[136.09737,35.7441],[136.09664,35.743],[136.09546,35.74198],[136.09494,35.74177],[136.09338,35.74164],[136.09275,35.74185],[136.09226,35.74143],[136.09177,35.74211],[136.09116,35.74215],[136.0909,35.74167],[136.09045,35.74132],[136.08964,35.74128],[136.08848,35.74147],[136.08772,35.74066],[136.08764,35.74033],[136.08828,35.73996],[136.08758,35.7398],[136.08749,35.73956],[136.08595,35.73938],[136.08675,35.73891],[136.08635,35.73864],[136.08689,35.73817],[136.08829,35.7386],[136.08891,35.73832],[136.08913,35.73769],[136.09029,35.73765],[136.09094,35.73726],[136.092,35.7374],[136.0925,35.73706],[136.0925,35.73681],[136.09312,35.73664],[136.09387,35.73689],[136.09477,35.73697],[136.09558,35.73682],[136.09647,35.73603],[136.09733,35.73473],[136.0975,35.73407],[136.09743,35.73291],[136.09711,35.73174],[136.0967,35.73076],[136.09613,35.73003],[136.09617,35.7297],[136.09757,35.72833],[136.09826,35.72703],[136.09852,35.72674],[136.09888,35.72586],[136.09881,35.72567],[136.09734,35.72366],[136.09735,35.72353],[136.09645,35.72264],[136.09608,35.7225],[136.09534,35.72146],[136.09538,35.72062],[136.09456,35.71974],[136.09423,35.71928],[136.0927,35.7178],[136.09217,35.71707],[136.09096,35.71671],[136.09123,35.71604],[136.09187,35.71582],[136.09167,35.71521],[136.09132,35.71525],[136.0913,35.71328],[136.09216,35.71233],[136.09251,35.71121],[136.09169,35.71045],[136.09143,35.71008],[136.09055,35.70956],[136.08974,35.7087],[136.08898,35.70853],[136.08835,35.70811],[136.08685,35.70734],[136.08633,35.70749],[136.08503,35.70739],[136.08433,35.70734],[136.08377,35.70681],[136.08375,35.70636],[136.08343,35.70557],[136.08309,35.70524],[136.08134,35.70452],[136.0802,35.7047],[136.08018,35.70486],[136.07909,35.70472],[136.07897,35.70408],[136.07864,35.70381],[136.07851,35.70373],[136.07847,35.70379],[136.07844,35.7038],[136.07838,35.70382],[136.07832,35.70381],[136.07833,35.70377],[136.07832,35.70375],[136.07823,35.70377],[136.07818,35.70378],[136.07811,35.70375],[136.0781,35.70372],[136.07811,35.70369],[136.07816,35.70368],[136.07821,35.70364],[136.07819,35.70362],[136.07812,35.70363],[136.07808,35.70362],[136.07807,35.7036],[136.0781,35.70357],[136.07811,35.70352],[136.07808,35.70352],[136.07803,35.7035],[136.07804,35.70347],[136.07819,35.70344],[136.07821,35.70341],[136.07821,35.70339],[136.07819,35.70337],[136.07818,35.70336],[136.07816,35.70331],[136.07817,35.70331],[136.07823,35.70329],[136.07818,35.70322],[136.07818,35.70321],[136.07829,35.70315],[136.07833,35.70317],[136.0787,35.70259],[136.07869,35.70254],[136.0787,35.70243],[136.07872,35.70236],[136.07882,35.70215],[136.0789,35.70209],[136.07901,35.70205],[136.07926,35.70195],[136.08013,35.70123],[136.08024,35.70113],[136.08033,35.70098],[136.08037,35.70085],[136.08045,35.70061],[136.08052,35.70046],[136.08057,35.70038],[136.08068,35.70023],[136.08088,35.70004],[136.08095,35.7],[136.08107,35.69994],[136.08124,35.69991],[136.08129,35.6999],[136.08142,35.69986],[136.0815,35.6998],[136.08156,35.69948],[136.08151,35.69913],[136.08139,35.69884],[136.08126,35.69849],[136.08106,35.69803],[136.08097,35.69788],[136.08089,35.6978],[136.08082,35.69776],[136.08065,35.69768],[136.08052,35.6976],[136.0804,35.69748],[136.0802,35.69737],[136.08011,35.69736],[136.08008,35.69735],[136.08001,35.69731],[136.08,35.69728],[136.08001,35.69725],[136.08005,35.69723],[136.08021,35.69725],[136.08013,35.69722],[136.08013,35.69717],[136.08015,35.69714],[136.08011,35.69709],[136.0801,35.69705],[136.0801,35.69702],[136.08014,35.69699],[136.08022,35.69698],[136.08055,35.69657],[136.08057,35.69642],[136.08056,35.69629],[136.08053,35.69619],[136.08051,35.69607],[136.08047,35.69596],[136.08044,35.69587],[136.08041,35.69574],[136.08043,35.69567],[136.08045,35.69562],[136.08049,35.69555],[136.0806,35.69543],[136.08069,35.69532],[136.08076,35.69522],[136.08079,35.69519],[136.0809,35.69507],[136.08115,35.69475],[136.08121,35.69459],[136.08121,35.69454],[136.08123,35.69445],[136.08125,35.69436],[136.08126,35.69428],[136.08129,35.6942],[136.08126,35.69378],[136.08124,35.69354],[136.08114,35.69328],[136.08106,35.69313],[136.08094,35.69301],[136.08087,35.69297],[136.08079,35.6929],[136.08077,35.69285],[136.08074,35.69281],[136.08071,35.69278],[136.08068,35.69277],[136.08053,35.69274],[136.0805,35.69274],[136.08036,35.69278],[136.08032,35.69277],[136.0803,35.69274],[136.08031,35.69265],[136.08033,35.69264],[136.08042,35.69267],[136.08045,35.69266],[136.08046,35.69265],[136.08056,35.69261],[136.08057,35.69263],[136.08057,35.6927],[136.08058,35.69271],[136.08062,35.69271],[136.08069,35.6927],[136.08076,35.69267],[136.0808,35.69265],[136.08101,35.6925],[136.0811,35.69233],[136.08115,35.69224],[136.08121,35.69213],[136.08122,35.6921],[136.08125,35.69191],[136.08126,35.69179],[136.08124,35.69167],[136.08122,35.69159],[136.08121,35.69155],[136.0812,35.69142],[136.08119,35.69135],[136.08117,35.69126],[136.08114,35.69117],[136.08115,35.69112],[136.08118,35.6911],[136.08124,35.6911],[136.08127,35.69111],[136.08126,35.69094],[136.08128,35.69086],[136.08129,35.69084],[136.08131,35.69078],[136.08131,35.69077],[136.08133,35.69075],[136.08132,35.69074],[136.08132,35.69061],[136.08133,35.69051],[136.08137,35.69034],[136.0814,35.69023],[136.08146,35.68998],[136.08147,35.68995],[136.08147,35.68986],[136.08148,35.68978],[136.08149,35.68966],[136.08149,35.68954],[136.08148,35.68952],[136.08147,35.68946],[136.08143,35.68933],[136.08142,35.68927],[136.08158,35.68912],[136.08162,35.68908],[136.08167,35.68903],[136.0817,35.689],[136.08176,35.68895],[136.08185,35.68892],[136.08191,35.68889],[136.08201,35.68884],[136.08216,35.68875],[136.08227,35.68869],[136.08252,35.68861],[136.08251,35.68853],[136.08286,35.68842],[136.08297,35.68834],[136.08302,35.68831],[136.08318,35.68817],[136.08332,35.68802],[136.08338,35.68792],[136.08344,35.68779],[136.08351,35.68764],[136.08353,35.6876],[136.08357,35.68755],[136.08361,35.68751],[136.08348,35.68738],[136.08372,35.68747],[136.08381,35.68743],[136.08385,35.68743],[136.08395,35.68742],[136.08401,35.68742],[136.08413,35.68743],[136.08425,35.68744],[136.0845,35.68744],[136.08464,35.68744],[136.08479,35.68741],[136.08522,35.68716],[136.08528,35.68713],[136.08549,35.68699],[136.08555,35.68695],[136.08557,35.68693],[136.08532,35.6867],[136.08528,35.68658],[136.08564,35.68684],[136.08566,35.68683],[136.08572,35.68683],[136.08581,35.68687],[136.08576,35.68682],[136.08574,35.68679],[136.08575,35.68674],[136.08578,35.68667],[136.0858,35.68665],[136.08585,35.68662],[136.0859,35.68655],[136.08596,35.68638],[136.08598,35.68629],[136.086,35.68622],[136.08599,35.68615],[136.086,35.68611],[136.08603,35.68606],[136.08611,35.68603],[136.08611,35.68601],[136.08605,35.68602],[136.08604,35.68598],[136.08567,35.6857],[136.08542,35.68562],[136.0861,35.68562],[136.08614,35.68548],[136.08615,35.6854],[136.08616,35.68515],[136.08615,35.68494],[136.08613,35.6848],[136.08611,35.68472],[136.08606,35.68452],[136.08604,35.68445],[136.08589,35.68402],[136.08568,35.68361],[136.08545,35.68323],[136.08541,35.68316],[136.08537,35.68309],[136.08529,35.683],[136.08481,35.6826],[136.08466,35.68249],[136.08459,35.68245],[136.08444,35.68239],[136.08417,35.68252],[136.08392,35.68264],[136.0831,35.68311],[136.08411,35.6824],[136.08409,35.68238],[136.08378,35.68257],[136.08345,35.68236],[136.08336,35.68227],[136.08331,35.68219],[136.08328,35.68215],[136.08307,35.68185],[136.08276,35.68159],[136.08261,35.68148],[136.0825,35.68142],[136.08234,35.68136],[136.08226,35.68133],[136.08213,35.6813],[136.08176,35.68126],[136.08159,35.68125],[136.08149,35.6812],[136.08143,35.68118],[136.08133,35.68114],[136.08047,35.68046],[136.07986,35.68036],[136.07924,35.68051],[136.07906,35.68012],[136.07867,35.68013],[136.07862,35.68065],[136.07841,35.68047],[136.07758,35.68038],[136.0774,35.67972],[136.07654,35.67993],[136.07564,35.67989],[136.07552,35.67937],[136.07552,35.67943],[136.07397,35.67951],[136.0717,35.67952],[136.06177,35.67951],[136.06177,35.67942],[136.0698,35.67942],[136.0707,35.67939],[136.07069,35.679],[136.07058,35.67901],[136.07055,35.67902],[136.07054,35.67902],[136.07051,35.67901],[136.07049,35.67899],[136.07049,35.67898],[136.07049,35.67896],[136.0705,35.67895],[136.07052,35.67893],[136.07054,35.67893],[136.07057,35.67893],[136.07059,35.67895],[136.07069,35.67861],[136.07059,35.67857],[136.07057,35.67858],[136.07056,35.67858],[136.07054,35.67858],[136.07053,35.67858],[136.07051,35.67858],[136.07049,35.67855],[136.07051,35.67851],[136.07051,35.6785],[136.07054,35.6785],[136.07056,35.6785],[136.07058,35.6785],[136.07058,35.67851],[136.07059,35.67851],[136.07059,35.67852],[136.07088,35.67805],[136.07357,35.67842],[136.07364,35.67807],[136.07429,35.67806],[136.07429,35.6741],[136.07429,35.6735],[136.07428,35.67101],[136.07428,35.67071],[136.07428,35.66913],[136.07428,35.66804],[136.07422,35.66743],[136.07409,35.66743],[136.0739,35.66749],[136.07379,35.66751],[136.07355,35.66756],[136.07345,35.66757],[136.07341,35.66759],[136.07336,35.66759],[136.0733,35.66759],[136.0733,35.66761],[136.07329,35.66765],[136.07317,35.66771],[136.0731,35.66772],[136.07303,35.66773],[136.07297,35.66771],[136.07293,35.66769],[136.07291,35.66764],[136.07291,35.66757],[136.07291,35.66749],[136.07293,35.66746],[136.07297,35.66744],[136.07295,35.66739],[136.07296,35.66737],[136.07299,35.6673],[136.07298,35.66728],[136.07296,35.66724],[136.07295,35.66719],[136.07298,35.66709],[136.07299,35.66705],[136.07293,35.66703],[136.07289,35.66704],[136.07284,35.66705],[136.07274,35.66696],[136.07266,35.66672],[136.07246,35.66655],[136.07149,35.66588],[136.0713,35.66578],[136.0709,35.66562],[136.07031,35.66544],[136.07002,35.66546],[136.07002,35.66591],[136.06661,35.66591],[136.0666,35.66822],[136.06383,35.66822]],[[136.07772,35.66004],[136.07739,35.65992],[136.07733,35.66007],[136.07772,35.66004]],[[136.07743,35.65782],[136.0776,35.65702],[136.07752,35.65706],[136.07743,35.65782]],[[136.0784,35.64719],[136.07788,35.64703],[136.07816,35.64713],[136.0784,35.64719]],[[136.07669,35.64582],[136.07681,35.64588],[136.07646,35.64568],[136.07669,35.64582]],[[136.07418,35.64254],[136.07384,35.64165],[136.07408,35.64233],[136.07418,35.64254]],[[136.07417,35.63776],[136.07441,35.63741],[136.07428,35.63723],[136.07417,35.63776]],[[136.0747,35.63455],[136.07492,35.63373],[136.07486,35.63365],[136.0747,35.63455]],[[136.0388,35.65426],[136.03845,35.65442],[136.03868,35.65464],[136.0388,35.65426]],[[136.04063,35.65601],[136.04045,35.65624],[136.0407,35.656],[136.04063,35.65601]],[[136.01261,35.63403],[136.01266,35.63401],[136.01251,35.63398],[136.01261,35.63403]],[[136.08687,35.67648],[136.08705,35.67585],[136.0869,35.6759],[136.08687,35.67648]],[[136.09332,35.7077],[136.09357,35.70809],[136.0934,35.70746],[136.09332,35.7077]],[[136.09548,35.6521],[136.09538,35.6515],[136.0954,35.65175],[136.09548,35.6521]],[[136.09658,35.64964],[136.09658,35.64973],[136.09657,35.64933],[136.09633,35.64868],[136.09658,35.64964]],[[136.09297,35.64544],[136.09253,35.64551],[136.09203,35.64565],[136.09297,35.64544]],[[136.0692,35.63261],[136.06901,35.63216],[136.06904,35.63264],[136.0692,35.63261]],[[136.07406,35.62696],[136.07423,35.62722],[136.07368,35.62621],[136.07406,35.62696]],[[136.06832,35.61748],[136.06847,35.61735],[136.06758,35.61775],[136.06832,35.61748]],[[136.08457,35.61507],[136.08513,35.61481],[136.08423,35.6152],[136.08457,35.61507]],[[136.10303,35.5823],[136.10321,35.58247],[136.10354,35.58273],[136.10303,35.5823]],[[136.12292,35.59733],[136.12247,35.59733],[136.12223,35.5974],[136.12292,35.59733]],[[136.05467,35.62572],[136.05456,35.62545],[136.05461,35.62572],[136.05467,35.62572]],[[136.05124,35.62584],[136.0514,35.62629],[136.05144,35.62627],[136.05124,35.62584]],[[136.0523,35.63012],[136.05287,35.63068],[136.05369,35.63148],[136.0523,35.63012]]]}},{"type":"Feature","properties":{"nm":"小浜市","b":[135.5887,35.3846,135.8603,35.5773],"c":[135.74811,35.46877]},"geometry":{"type":"Polygon","coordinates":[[[135.74459,35.49979],[135.74437,35.50145],[135.74412,35.50181],[135.74265,35.50235],[135.74232,35.50263],[135.74162,35.50322],[135.74102,35.5034],[135.74061,35.50267],[135.73924,35.50318],[135.7395,35.50377],[135.73814,35.50407],[135.73765,35.50321],[135.73665,35.5036],[135.73627,35.50295],[135.73725,35.50256],[135.73618,35.50073],[135.73499,35.50119],[135.73465,35.50061],[135.73403,35.50081],[135.73707,35.49962],[135.7387,35.49898],[135.7393,35.5],[135.74099,35.49935],[135.74082,35.49904],[135.74037,35.49832],[135.74032,35.49754],[135.73992,35.49693],[135.73938,35.49624],[135.73774,35.49449],[135.7369,35.49357],[135.73609,35.49305],[135.73554,35.49284],[135.73472,35.49309],[135.73404,35.49325],[135.73393,35.49305],[135.73304,35.4935],[135.73222,35.49467],[135.73143,35.495],[135.73074,35.49515],[135.72966,35.49498],[135.72994,35.49455],[135.72931,35.49376],[135.72897,35.49357],[135.72906,35.49327],[135.72797,35.49229],[135.7271,35.49173],[135.72619,35.49183],[135.72526,35.49172],[135.72505,35.492],[135.72337,35.49203],[135.7234,35.49181],[135.72257,35.49173],[135.72183,35.49182],[135.72098,35.49221],[135.72051,35.49162],[135.72003,35.49147],[135.72,35.49111],[135.72035,35.48974],[135.72007,35.48978],[135.72078,35.4892],[135.72093,35.48851],[135.72077,35.48804],[135.71943,35.48718],[135.71916,35.48728],[135.71931,35.48628],[135.71978,35.48577],[135.71973,35.48514],[135.71907,35.48446],[135.71767,35.48374],[135.71718,35.48399],[135.71652,35.48361],[135.71579,35.48354],[135.71544,35.48367],[135.71394,35.48324],[135.71292,35.48318],[135.71174,35.48345],[135.7107,35.48417],[135.71044,35.48456],[135.71064,35.48502],[135.711,35.48505],[135.71108,35.48541],[135.71049,35.48553],[135.71011,35.48685],[135.70975,35.48711],[135.70913,35.48794],[135.70853,35.48835],[135.70811,35.48889],[135.70813,35.48928],[135.70774,35.48983],[135.70731,35.48981],[135.70705,35.4895],[135.70625,35.48943],[135.70582,35.48906],[135.70455,35.48875],[135.70368,35.48912],[135.70342,35.48908],[135.70218,35.48949],[135.70172,35.48989],[135.70161,35.49034],[135.7022,35.49114],[135.70174,35.49151],[135.70123,35.49248],[135.70133,35.49318],[135.70104,35.49354],[135.70143,35.49396],[135.70105,35.49449],[135.7007,35.49459],[135.70066,35.49391],[135.70083,35.49363],[135.70044,35.49298],[135.69991,35.49286],[135.69975,35.49253],[135.69861,35.49168],[135.69703,35.49131],[135.69667,35.49138],[135.69587,35.49105],[135.69592,35.49072],[135.69552,35.49053],[135.69564,35.49008],[135.69531,35.48978],[135.69522,35.48933],[135.69395,35.48879],[135.69341,35.48876],[135.69294,35.48835],[135.69244,35.48822],[135.69175,35.48772],[135.69078,35.48763],[135.69019,35.48788],[135.68976,35.48778],[135.6892,35.48819],[135.68897,35.48803],[135.6881,35.48796],[135.68745,35.48768],[135.68616,35.48748],[135.68456,35.48746],[135.68429,35.48768],[135.68373,35.48737],[135.68345,35.48762],[135.68324,35.48738],[135.68277,35.48763],[135.68173,35.48721],[135.68036,35.48718],[135.68015,35.48737],[135.67914,35.48762],[135.67832,35.48736],[135.67695,35.48733],[135.67663,35.48753],[135.67533,35.48757],[135.67409,35.48785],[135.6728,35.48802],[135.67177,35.48852],[135.67147,35.48839],[135.67167,35.48944],[135.67205,35.4899],[135.67231,35.49066],[135.67199,35.49124],[135.67146,35.49094],[135.6712,35.49106],[135.67054,35.49048],[135.67011,35.49032],[135.66887,35.48926],[135.66774,35.48942],[135.6671,35.48965],[135.66622,35.48974],[135.6651,35.49031],[135.66535,35.49078],[135.66527,35.49159],[135.66542,35.49231],[135.66508,35.49217],[135.6644,35.49237],[135.66395,35.49275],[135.66396,35.49325],[135.66362,35.49364],[135.66316,35.49378],[135.66241,35.49366],[135.66168,35.49331],[135.66167,35.49266],[135.66129,35.49235],[135.66057,35.49225],[135.66019,35.49175],[135.66052,35.4913],[135.65996,35.48994],[135.66021,35.48932],[135.65995,35.48847],[135.6589,35.4876],[135.65794,35.48723],[135.6577,35.48684],[135.65842,35.48641],[135.6582,35.48542],[135.65789,35.48509],[135.65681,35.48463],[135.65589,35.48369],[135.65626,35.48292],[135.65537,35.48252],[135.6567,35.48206],[135.65618,35.48208],[135.65525,35.48242],[135.65432,35.48201],[135.65458,35.48156],[135.65457,35.48108],[135.65429,35.48054],[135.65377,35.48017],[135.65267,35.47995],[135.65171,35.48001],[135.65098,35.47914],[135.65007,35.47885],[135.64926,35.47887],[135.64812,35.4794],[135.64818,35.47825],[135.64705,35.4783],[135.64564,35.47858],[135.64467,35.47864],[135.64469,35.47845],[135.64483,35.47698],[135.64505,35.47657],[135.64487,35.47579],[135.64475,35.47563],[135.64479,35.47508],[135.64504,35.47451],[135.64521,35.47424],[135.64555,35.47389],[135.64583,35.47356],[135.64585,35.47353],[135.64617,35.47333],[135.64685,35.47249],[135.64674,35.47197],[135.64692,35.47163],[135.64645,35.47048],[135.64636,35.46988],[135.64686,35.46923],[135.64706,35.46873],[135.64745,35.46841],[135.64751,35.46808],[135.64718,35.46742],[135.64759,35.46679],[135.64759,35.46605],[135.64793,35.46587],[135.64847,35.46509],[135.64676,35.46412],[135.64633,35.46411],[135.64554,35.46341],[135.64449,35.46327],[135.64384,35.46295],[135.64263,35.46283],[135.64184,35.46159],[135.64139,35.46146],[135.64123,35.46061],[135.64138,35.46],[135.64098,35.45954],[135.64077,35.45869],[135.6413,35.45723],[135.64127,35.45644],[135.64169,35.45605],[135.64241,35.45585],[135.64263,35.4556],[135.64384,35.45521],[135.64415,35.45441],[135.64654,35.45271],[135.64705,35.45155],[135.64722,35.45014],[135.64614,35.44994],[135.64558,35.44969],[135.64474,35.44958],[135.64428,35.44846],[135.64279,35.44795],[135.64223,35.44789],[135.64163,35.44761],[135.64013,35.44767],[135.63933,35.44674],[135.63862,35.44677],[135.63839,35.44726],[135.63779,35.4471],[135.63644,35.44707],[135.63582,35.44674],[135.63506,35.4461],[135.63439,35.44575],[135.6338,35.4457],[135.63325,35.44529],[135.63262,35.44521],[135.63183,35.4446],[135.63049,35.44494],[135.63022,35.44521],[135.62929,35.44522],[135.62863,35.44547],[135.62716,35.44583],[135.62669,35.44554],[135.6263,35.4456],[135.62441,35.44531],[135.62384,35.44533],[135.6233,35.44563],[135.62222,35.44528],[135.62198,35.44465],[135.62138,35.44415],[135.62086,35.44348],[135.62053,35.44272],[135.62065,35.44207],[135.62108,35.44155],[135.62073,35.44101],[135.61961,35.44108],[135.61893,35.44131],[135.6183,35.44134],[135.61761,35.44021],[135.61562,35.44007],[135.61422,35.44053],[135.6137,35.44088],[135.61278,35.44113],[135.61209,35.44095],[135.61189,35.44117],[135.61045,35.44148],[135.60876,35.44115],[135.60872,35.44075],[135.60738,35.44039],[135.60653,35.44047],[135.6062,35.43974],[135.60499,35.43924],[135.60471,35.43894],[135.60422,35.43795],[135.60358,35.43774],[135.60296,35.43729],[135.60249,35.43664],[135.6021,35.43643],[135.60087,35.43639],[135.60058,35.43598],[135.60069,35.43546],[135.59957,35.43456],[135.59907,35.43431],[135.5974,35.43405],[135.59567,35.43432],[135.59481,35.43414],[135.59377,35.43419],[135.59287,35.43455],[135.59216,35.4343],[135.59142,35.43326],[135.58975,35.43328],[135.58915,35.43299],[135.5888,35.43261],[135.58883,35.4325],[135.58899,35.43214],[135.58896,35.43195],[135.5888,35.43127],[135.58873,35.43088],[135.58873,35.43045],[135.58866,35.43012],[135.58908,35.42993],[135.58921,35.4299],[135.58964,35.42978],[135.59047,35.42918],[135.59091,35.42882],[135.59115,35.42857],[135.5913,35.42828],[135.59152,35.42814],[135.59198,35.42809],[135.59227,35.428],[135.59258,35.42782],[135.59284,35.4275],[135.59305,35.42728],[135.59381,35.42675],[135.59557,35.42565],[135.59568,35.42552],[135.59625,35.42548],[135.59668,35.42547],[135.59726,35.42553],[135.59744,35.42542],[135.59773,35.42527],[135.59807,35.425],[135.59842,35.42452],[135.59839,35.42437],[135.59823,35.42382],[135.59818,35.42361],[135.59801,35.4229],[135.59809,35.4221],[135.59845,35.42133],[135.59854,35.42106],[135.59843,35.42076],[135.59849,35.42037],[135.59868,35.42003],[135.59868,35.41983],[135.59863,35.41938],[135.59878,35.41887],[135.59908,35.41883],[135.60008,35.41847],[135.60051,35.41826],[135.60071,35.41815],[135.60094,35.41798],[135.60106,35.41795],[135.60154,35.41801],[135.60189,35.41789],[135.60246,35.41757],[135.60262,35.4175],[135.603,35.41744],[135.60323,35.41744],[135.60364,35.41747],[135.60374,35.41743],[135.60379,35.41728],[135.60399,35.41675],[135.60432,35.4162],[135.60446,35.41588],[135.60449,35.41582],[135.60455,35.41582],[135.60473,35.41587],[135.60519,35.4159],[135.60588,35.41588],[135.60622,35.41595],[135.60632,35.41598],[135.60652,35.4161],[135.60682,35.41616],[135.607,35.4162],[135.60741,35.41631],[135.60811,35.41674],[135.60825,35.41689],[135.60904,35.41719],[135.60941,35.41707],[135.60955,35.41704],[135.61012,35.41705],[135.61024,35.41704],[135.61068,35.41661],[135.61119,35.41617],[135.61141,35.41608],[135.61182,35.41602],[135.61193,35.41603],[135.61226,35.41613],[135.61231,35.41614],[135.61268,35.41596],[135.61372,35.41593],[135.61382,35.41578],[135.61382,35.41553],[135.61373,35.41529],[135.6137,35.41515],[135.61402,35.41492],[135.61442,35.41464],[135.61465,35.41449],[135.615,35.41441],[135.61531,35.41442],[135.61539,35.41444],[135.61549,35.41447],[135.61647,35.41589],[135.61671,35.41612],[135.61779,35.41655],[135.61815,35.41682],[135.61907,35.41703],[135.61959,35.41808],[135.61977,35.41886],[135.62022,35.41945],[135.61977,35.42063],[135.6213,35.42222],[135.62141,35.42213],[135.62171,35.4218],[135.62192,35.42157],[135.62242,35.42142],[135.62265,35.42149],[135.62282,35.42156],[135.62304,35.42159],[135.62341,35.42162],[135.62358,35.42165],[135.62404,35.42167],[135.62482,35.42157],[135.62523,35.4214],[135.62568,35.42138],[135.626,35.42127],[135.6262,35.42122],[135.62714,35.42121],[135.62763,35.42126],[135.62839,35.42146],[135.62874,35.42174],[135.62967,35.42237],[135.62995,35.42262],[135.62992,35.42319],[135.62986,35.42363],[135.62996,35.42384],[135.63017,35.42416],[135.63032,35.42447],[135.63046,35.42465],[135.63074,35.4248],[135.63082,35.42496],[135.63088,35.42506],[135.63105,35.42529],[135.63133,35.42558],[135.63169,35.42583],[135.63183,35.42598],[135.63185,35.42615],[135.63185,35.42624],[135.63198,35.42641],[135.63213,35.42656],[135.63259,35.42673],[135.63274,35.4267],[135.63284,35.42664],[135.63299,35.42648],[135.63322,35.42636],[135.63365,35.4262],[135.63379,35.4262],[135.63394,35.42627],[135.6342,35.42636],[135.63426,35.42636],[135.63458,35.42616],[135.63504,35.4259],[135.63517,35.42589],[135.63576,35.42593],[135.63594,35.426],[135.63601,35.42605],[135.63626,35.42606],[135.63635,35.42601],[135.6367,35.42582],[135.63707,35.42568],[135.63722,35.42547],[135.63729,35.42537],[135.63779,35.425],[135.63786,35.42465],[135.6383,35.42461],[135.63887,35.42478],[135.63911,35.42508],[135.63924,35.42518],[135.63932,35.42516],[135.64008,35.42478],[135.64047,35.42469],[135.64103,35.4245],[135.64126,35.4242],[135.6413,35.42359],[135.64141,35.42342],[135.64167,35.423],[135.64172,35.42262],[135.64179,35.42222],[135.64198,35.42154],[135.64218,35.42134],[135.64213,35.42068],[135.64222,35.42039],[135.64231,35.42006],[135.6424,35.41984],[135.6426,35.41952],[135.64271,35.41918],[135.64285,35.4187],[135.6431,35.41819],[135.64335,35.41761],[135.64364,35.41699],[135.64359,35.41661],[135.64455,35.41671],[135.64504,35.41713],[135.64605,35.41738],[135.64738,35.41704],[135.64811,35.41723],[135.64937,35.41646],[135.64993,35.41592],[135.65094,35.41601],[135.65161,35.41594],[135.6526,35.41616],[135.65355,35.41579],[135.65416,35.41583],[135.65465,35.41558],[135.65537,35.4148],[135.65642,35.41401],[135.65688,35.41347],[135.65704,35.413],[135.65712,35.4129],[135.65741,35.41305],[135.65749,35.4131],[135.65767,35.41316],[135.65786,35.41348],[135.65821,35.41349],[135.65845,35.41342],[135.65861,35.41346],[135.6591,35.41361],[135.6596,35.41351],[135.66003,35.41348],[135.66018,35.41345],[135.66073,35.41356],[135.66095,35.41361],[135.6611,35.41357],[135.6612,35.41352],[135.66123,35.41346],[135.66115,35.41331],[135.66113,35.41289],[135.66123,35.41271],[135.66189,35.41229],[135.66245,35.41213],[135.66254,35.4121],[135.66269,35.41197],[135.66311,35.41144],[135.66335,35.41129],[135.66347,35.41126],[135.66377,35.41124],[135.66419,35.41121],[135.66448,35.41109],[135.66496,35.41085],[135.66533,35.41065],[135.66574,35.41033],[135.66604,35.41024],[135.66653,35.41037],[135.66678,35.41037],[135.66711,35.41048],[135.66789,35.41059],[135.66787,35.41078],[135.66793,35.41147],[135.66788,35.41172],[135.66813,35.41266],[135.6684,35.41303],[135.66851,35.41314],[135.66895,35.41343],[135.66922,35.41371],[135.66934,35.41398],[135.66939,35.41432],[135.66945,35.41481],[135.66962,35.41511],[135.66982,35.41535],[135.67017,35.41564],[135.67062,35.416],[135.67109,35.41661],[135.67123,35.41677],[135.67176,35.41734],[135.67266,35.41786],[135.67279,35.41784],[135.67322,35.41784],[135.67405,35.41776],[135.67427,35.41773],[135.67467,35.41775],[135.67478,35.41777],[135.67627,35.41787],[135.67641,35.41795],[135.67664,35.41808],[135.67729,35.41803],[135.67754,35.418],[135.67812,35.41803],[135.67842,35.41812],[135.67903,35.41833],[135.67926,35.41842],[135.67959,35.41847],[135.6798,35.41849],[135.68055,35.41852],[135.68135,35.41862],[135.68202,35.41865],[135.68177,35.41681],[135.68221,35.41585],[135.68262,35.41546],[135.68309,35.4155],[135.68358,35.41546],[135.68427,35.41537],[135.68483,35.41516],[135.68548,35.41485],[135.68608,35.41443],[135.68651,35.41405],[135.6869,35.41395],[135.68708,35.41381],[135.68742,35.41354],[135.68825,35.41302],[135.68862,35.41292],[135.6889,35.41291],[135.68949,35.41293],[135.69009,35.41271],[135.69131,35.4114],[135.6914,35.41136],[135.69155,35.41129],[135.69182,35.41127],[135.6924,35.41129],[135.69265,35.41117],[135.69293,35.41096],[135.69315,35.41054],[135.69325,35.41041],[135.69357,35.41033],[135.6943,35.41066],[135.69467,35.41072],[135.69526,35.41052],[135.69561,35.41039],[135.6964,35.41012],[135.69711,35.41012],[135.6982,35.41018],[135.69879,35.4101],[135.69931,35.41007],[135.69961,35.41009],[135.6998,35.41004],[135.70026,35.4099],[135.70053,35.40978],[135.70081,35.40963],[135.70114,35.40956],[135.70148,35.40955],[135.70177,35.40942],[135.70225,35.40938],[135.70288,35.40967],[135.7032,35.40994],[135.70381,35.41036],[135.70408,35.41045],[135.70453,35.41072],[135.70461,35.41079],[135.70472,35.41083],[135.70479,35.41079],[135.70513,35.41056],[135.70527,35.41051],[135.70667,35.41031],[135.70731,35.41023],[135.70738,35.4102],[135.70766,35.41003],[135.70838,35.40968],[135.70847,35.40957],[135.70869,35.40945],[135.70965,35.40952],[135.70986,35.40952],[135.71168,35.40938],[135.71259,35.40904],[135.71292,35.40914],[135.71349,35.40959],[135.71377,35.4099],[135.71422,35.41096],[135.7144,35.41181],[135.71498,35.41209],[135.7159,35.41314],[135.71642,35.4135],[135.71692,35.41364],[135.71786,35.41379],[135.71864,35.41407],[135.71917,35.41469],[135.71986,35.4149],[135.72058,35.4148],[135.72201,35.41413],[135.72253,35.41411],[135.72288,35.41409],[135.72349,35.41411],[135.72455,35.41399],[135.72487,35.41392],[135.72567,35.41385],[135.72589,35.41382],[135.72629,35.41377],[135.72663,35.41376],[135.72723,35.41379],[135.72768,35.4138],[135.72785,35.41395],[135.72801,35.4142],[135.72808,35.41439],[135.7284,35.41501],[135.72864,35.41518],[135.72888,35.41542],[135.72901,35.41566],[135.72902,35.41599],[135.72901,35.41651],[135.72945,35.41708],[135.72989,35.4176],[135.72996,35.41778],[135.72999,35.41819],[135.73015,35.41846],[135.73103,35.41834],[135.73188,35.41825],[135.73307,35.41824],[135.73356,35.41799],[135.73388,35.41754],[135.73438,35.41722],[135.73493,35.41683],[135.73525,35.4166],[135.7357,35.41625],[135.73583,35.41611],[135.73613,35.41585],[135.73672,35.41585],[135.73713,35.41587],[135.73723,35.41589],[135.73756,35.41604],[135.73785,35.41622],[135.7382,35.41629],[135.73939,35.41695],[135.74009,35.41677],[135.74112,35.41653],[135.74203,35.41627],[135.74241,35.41619],[135.74249,35.41621],[135.74267,35.41613],[135.74276,35.41601],[135.74284,35.41584],[135.74365,35.41524],[135.74433,35.41482],[135.74456,35.41461],[135.74474,35.41457],[135.74505,35.41461],[135.7453,35.41458],[135.74641,35.41432],[135.74658,35.41449],[135.74692,35.41474],[135.74709,35.41477],[135.74726,35.4147],[135.7475,35.41464],[135.74773,35.41453],[135.7489,35.41393],[135.74948,35.41385],[135.74965,35.41382],[135.75002,35.41373],[135.75017,35.41366],[135.75043,35.41362],[135.75112,35.41368],[135.75173,35.41348],[135.75204,35.41342],[135.75226,35.41347],[135.75233,35.41345],[135.75268,35.41321],[135.75283,35.41312],[135.75344,35.41298],[135.75403,35.41274],[135.75438,35.41266],[135.75457,35.41265],[135.7547,35.41259],[135.75493,35.41245],[135.75525,35.41239],[135.75553,35.41228],[135.75574,35.41202],[135.7561,35.41146],[135.75628,35.41134],[135.75667,35.41091],[135.75683,35.41058],[135.75692,35.41048],[135.75732,35.41024],[135.75794,35.40985],[135.75899,35.40968],[135.75978,35.40981],[135.76004,35.40991],[135.76016,35.40994],[135.76022,35.4099],[135.76043,35.40959],[135.76061,35.40917],[135.7611,35.40867],[135.76142,35.4082],[135.7616,35.40806],[135.76187,35.4079],[135.76202,35.40762],[135.76207,35.40717],[135.76221,35.40696],[135.7629,35.40616],[135.76308,35.40569],[135.76316,35.40547],[135.76342,35.40514],[135.76347,35.40511],[135.76435,35.4048],[135.7654,35.40461],[135.76566,35.40453],[135.76597,35.40453],[135.76637,35.40451],[135.76709,35.40423],[135.76726,35.40409],[135.76786,35.40406],[135.76802,35.40381],[135.76808,35.4037],[135.76828,35.40341],[135.76889,35.40263],[135.76919,35.40246],[135.7693,35.40241],[135.76989,35.40142],[135.76994,35.40131],[135.77008,35.40089],[135.77006,35.40078],[135.76994,35.40056],[135.76962,35.4003],[135.76946,35.40013],[135.76942,35.39996],[135.76944,35.39987],[135.76957,35.39957],[135.76962,35.3992],[135.76966,35.39878],[135.76959,35.3983],[135.76966,35.39803],[135.7698,35.39753],[135.76984,35.3974],[135.77019,35.39704],[135.77049,35.39693],[135.77075,35.39679],[135.77089,35.39674],[135.77161,35.39653],[135.7719,35.39544],[135.7721,35.39519],[135.77309,35.39429],[135.77355,35.39385],[135.77368,35.3936],[135.77411,35.39363],[135.77458,35.3937],[135.77525,35.39364],[135.77547,35.39364],[135.77563,35.39366],[135.77608,35.39399],[135.77625,35.39409],[135.77679,35.39432],[135.77741,35.39423],[135.77818,35.39371],[135.77878,35.3934],[135.77912,35.39316],[135.77958,35.39266],[135.77972,35.39256],[135.78008,35.39239],[135.78022,35.39234],[135.78188,35.39202],[135.78219,35.39191],[135.78248,35.39184],[135.78337,35.39178],[135.7843,35.39175],[135.78448,35.39168],[135.78478,35.39162],[135.7851,35.3916],[135.78558,35.39144],[135.78571,35.39135],[135.78616,35.39097],[135.78655,35.3907],[135.78717,35.39047],[135.78863,35.38977],[135.78896,35.38919],[135.78901,35.38883],[135.78906,35.38799],[135.78931,35.38738],[135.79021,35.3869],[135.79056,35.38672],[135.79086,35.38656],[135.79157,35.38676],[135.79437,35.38727],[135.79599,35.38713],[135.79721,35.38652],[135.79846,35.3855],[135.79898,35.38487],[135.80087,35.38496],[135.80178,35.38511],[135.80272,35.38508],[135.80441,35.38456],[135.80531,35.38464],[135.80648,35.38495],[135.80739,35.38555],[135.80792,35.38722],[135.80863,35.38854],[135.80912,35.39],[135.81009,35.39171],[135.80979,35.39202],[135.80873,35.39263],[135.80801,35.39386],[135.80789,35.39437],[135.80818,35.39584],[135.80845,35.39654],[135.8094,35.39823],[135.80931,35.39966],[135.80995,35.40034],[135.80997,35.40122],[135.8102,35.40167],[135.81047,35.40319],[135.81033,35.40394],[135.81047,35.40544],[135.81069,35.40632],[135.81063,35.40777],[135.81044,35.4086],[135.81074,35.40959],[135.81132,35.41057],[135.81204,35.41122],[135.8126,35.41225],[135.81359,35.41331],[135.81449,35.41308],[135.81486,35.41326],[135.81569,35.4131],[135.81649,35.41278],[135.81745,35.41283],[135.81828,35.41264],[135.81938,35.41263],[135.81971,35.41282],[135.82104,35.41322],[135.82215,35.41376],[135.82462,35.41471],[135.82552,35.41437],[135.82638,35.41468],[135.82714,35.41467],[135.82797,35.4141],[135.8298,35.41346],[135.83135,35.4128],[135.83203,35.41225],[135.83269,35.41247],[135.83325,35.41214],[135.83423,35.41191],[135.83511,35.41199],[135.83554,35.41182],[135.83668,35.41207],[135.83713,35.41265],[135.8378,35.4138],[135.83905,35.41425],[135.84005,35.41388],[135.84027,35.41347],[135.84141,35.41302],[135.84244,35.41292],[135.84353,35.4131],[135.84411,35.41297],[135.84526,35.41191],[135.8457,35.41172],[135.8459,35.41132],[135.84703,35.41145],[135.84764,35.41113],[135.84873,35.41103],[135.84964,35.41045],[135.85148,35.41063],[135.85214,35.41039],[135.8526,35.41055],[135.85334,35.41119],[135.85324,35.41162],[135.8535,35.41284],[135.85362,35.41403],[135.85463,35.41521],[135.85564,35.41599],[135.85648,35.41707],[135.85762,35.41771],[135.85793,35.4184],[135.85763,35.41891],[135.85809,35.42033],[135.85791,35.42229],[135.85857,35.42308],[135.85857,35.42425],[135.85873,35.4246],[135.85868,35.4254],[135.85884,35.42631],[135.85949,35.42706],[135.85986,35.42806],[135.86032,35.42857],[135.85987,35.42977],[135.8593,35.43049],[135.85923,35.43185],[135.85878,35.43254],[135.85738,35.43289],[135.85692,35.43315],[135.85587,35.43517],[135.85518,35.43617],[135.85505,35.43678],[135.85372,35.43747],[135.85348,35.43775],[135.85274,35.43797],[135.85218,35.43838],[135.85126,35.43981],[135.85076,35.44024],[135.84969,35.44143],[135.84928,35.44211],[135.84847,35.44221],[135.84743,35.44183],[135.84683,35.44187],[135.84575,35.44233],[135.84536,35.44218],[135.84361,35.44246],[135.84283,35.44251],[135.84259,35.44237],[135.84214,35.44157],[135.84155,35.44131],[135.83971,35.44206],[135.83909,35.4422],[135.8384,35.44264],[135.83577,35.44344],[135.8349,35.44454],[135.83462,35.44475],[135.83309,35.44525],[135.83194,35.44635],[135.83029,35.44749],[135.82947,35.44828],[135.82809,35.44868],[135.8277,35.44888],[135.82666,35.44913],[135.82543,35.4496],[135.82439,35.44979],[135.82299,35.44981],[135.8222,35.45017],[135.82085,35.45048],[135.82007,35.45076],[135.81873,35.45155],[135.81758,35.45315],[135.81738,35.45406],[135.81682,35.45505],[135.81675,35.45576],[135.81579,35.45661],[135.81529,35.45651],[135.81562,35.45675],[135.81535,35.45697],[135.81527,35.45729],[135.81527,35.45743],[135.81545,35.45872],[135.81549,35.45881],[135.81559,35.45925],[135.81554,35.4596],[135.81541,35.45989],[135.8153,35.46021],[135.81528,35.46057],[135.81525,35.46102],[135.81531,35.46119],[135.81558,35.46176],[135.81551,35.46216],[135.81516,35.46266],[135.81498,35.46295],[135.81443,35.46363],[135.81386,35.46385],[135.813,35.46422],[135.81219,35.46467],[135.81118,35.46489],[135.81091,35.46507],[135.81069,35.46527],[135.81036,35.46568],[135.81025,35.46585],[135.80996,35.4664],[135.81008,35.46767],[135.81027,35.46861],[135.80992,35.46946],[135.80961,35.46969],[135.80971,35.47003],[135.81059,35.47024],[135.81094,35.47137],[135.81244,35.47434],[135.81204,35.47551],[135.81076,35.47607],[135.81007,35.47652],[135.80847,35.47694],[135.80609,35.47783],[135.80543,35.47804],[135.80401,35.47877],[135.80262,35.4795],[135.80145,35.48045],[135.80035,35.48089],[135.8,35.48117],[135.79878,35.48286],[135.79924,35.48347],[135.79879,35.48372],[135.79925,35.48437],[135.79881,35.48461],[135.79893,35.48477],[135.79792,35.48538],[135.79727,35.48578],[135.79757,35.4864],[135.79629,35.48833],[135.79655,35.48882],[135.7969,35.48953],[135.79705,35.48977],[135.79767,35.49001],[135.79836,35.49014],[135.79945,35.4901],[135.80016,35.48992],[135.80088,35.48991],[135.80149,35.49014],[135.80235,35.49071],[135.80317,35.49093],[135.80384,35.49101],[135.80429,35.49087],[135.80532,35.49072],[135.80587,35.49065],[135.80623,35.4907],[135.80711,35.49031],[135.80815,35.49029],[135.81019,35.48964],[135.81042,35.48956],[135.81134,35.48935],[135.81207,35.48899],[135.8124,35.4885],[135.8128,35.48749],[135.8133,35.48743],[135.81431,35.48735],[135.81468,35.48738],[135.81495,35.48684],[135.81536,35.48651],[135.81595,35.48567],[135.81627,35.48507],[135.8163,35.48399],[135.81698,35.48402],[135.81712,35.48399],[135.81873,35.4829],[135.81972,35.48211],[135.82263,35.48016],[135.82238,35.47964],[135.82279,35.47946],[135.82305,35.47933],[135.82347,35.47924],[135.8251,35.47921],[135.82601,35.4793],[135.82708,35.48009],[135.82731,35.48034],[135.82798,35.48093],[135.82902,35.48158],[135.82989,35.48154],[135.83155,35.48223],[135.83201,35.48235],[135.83242,35.48234],[135.83288,35.48247],[135.83369,35.48282],[135.83423,35.48299],[135.8352,35.48333],[135.83634,35.48293],[135.83655,35.48269],[135.83679,35.48252],[135.83772,35.4826],[135.83914,35.4832],[135.83984,35.4836],[135.84062,35.48377],[135.84139,35.48413],[135.84317,35.4843],[135.84379,35.48559],[135.84445,35.48614],[135.84461,35.48669],[135.84437,35.48858],[135.84436,35.4899],[135.84375,35.4911],[135.84361,35.49206],[135.84261,35.49344],[135.84236,35.49471],[135.84242,35.49564],[135.8429,35.49643],[135.84316,35.49722],[135.84363,35.49748],[135.84404,35.49827],[135.84407,35.49884],[135.84472,35.49965],[135.8447,35.50006],[135.84498,35.5007],[135.84538,35.50205],[135.84522,35.5026],[135.84475,35.50318],[135.84366,35.50405],[135.84369,35.50471],[135.8429,35.50551],[135.84264,35.50635],[135.84174,35.50718],[135.84097,35.50749],[135.84102,35.5083],[135.84145,35.50863],[135.8418,35.50932],[135.84226,35.50979],[135.84217,35.51027],[135.84183,35.51094],[135.84172,35.51154],[135.84143,35.51311],[135.84139,35.51321],[135.84042,35.51382],[135.83938,35.5143],[135.83868,35.51487],[135.83734,35.51575],[135.83713,35.51641],[135.83681,35.5167],[135.83636,35.51776],[135.83535,35.51898],[135.83528,35.51928],[135.83469,35.52002],[135.83382,35.52069],[135.83294,35.52193],[135.83225,35.52255],[135.83288,35.52358],[135.83386,35.52451],[135.83441,35.52462],[135.83553,35.52644],[135.83613,35.52696],[135.8369,35.52738],[135.83786,35.52762],[135.83835,35.52799],[135.83889,35.52871],[135.84,35.52968],[135.84146,35.53046],[135.84184,35.53085],[135.84199,35.53144],[135.84188,35.53194],[135.84209,35.53264],[135.84254,35.53298],[135.84276,35.53365],[135.84393,35.53377],[135.84464,35.53465],[135.84544,35.53517],[135.84676,35.5355],[135.84745,35.53584],[135.84824,35.53593],[135.84894,35.53662],[135.84949,35.53747],[135.84947,35.53806],[135.85036,35.54036],[135.85123,35.54099],[135.85098,35.54125],[135.85077,35.54167],[135.8507,35.54182],[135.85047,35.54227],[135.85036,35.54284],[135.85006,35.54324],[135.84942,35.54386],[135.84894,35.54454],[135.84862,35.54513],[135.84822,35.54547],[135.84706,35.54585],[135.84669,35.54586],[135.84595,35.54618],[135.84573,35.54636],[135.84547,35.54673],[135.84549,35.54688],[135.84566,35.54712],[135.84549,35.54738],[135.84507,35.54831],[135.84434,35.54896],[135.84422,35.54916],[135.84395,35.54921],[135.84339,35.5493],[135.84234,35.54955],[135.84109,35.54969],[135.84074,35.54973],[135.84027,35.54988],[135.83968,35.54995],[135.83921,35.55013],[135.83916,35.55057],[135.83863,35.55135],[135.83814,35.55182],[135.83722,35.55238],[135.83681,35.55249],[135.83631,35.55311],[135.83608,35.5535],[135.83591,35.55379],[135.83578,35.55391],[135.8352,35.55417],[135.83446,35.55422],[135.8337,35.55435],[135.83354,35.55447],[135.83305,35.55511],[135.83261,35.55542],[135.83167,35.55589],[135.83116,35.55628],[135.83052,35.55646],[135.82951,35.55705],[135.82923,35.55736],[135.82884,35.55763],[135.82866,35.55771],[135.82813,35.55779],[135.82775,35.55796],[135.82731,35.55845],[135.82706,35.55845],[135.82681,35.55845],[135.82639,35.5586],[135.82603,35.55866],[135.82505,35.55865],[135.82492,35.55889],[135.82433,35.55911],[135.82388,35.55921],[135.82358,35.55932],[135.82302,35.55944],[135.82206,35.55973],[135.82136,35.56034],[135.82115,35.56122],[135.82104,35.56155],[135.82073,35.56178],[135.82067,35.56185],[135.82055,35.56238],[135.82036,35.56324],[135.82033,35.56386],[135.82001,35.56448],[135.81944,35.56474],[135.81933,35.56481],[135.81912,35.56555],[135.81901,35.56611],[135.81843,35.5663],[135.81797,35.56647],[135.81638,35.5668],[135.81509,35.56695],[135.81468,35.56704],[135.81427,35.56729],[135.81368,35.56813],[135.81353,35.5683],[135.8132,35.5684],[135.81311,35.56932],[135.81369,35.56996],[135.81508,35.5717],[135.81442,35.57181],[135.81444,35.57227],[135.81307,35.57296],[135.81327,35.57332],[135.81294,35.57357],[135.81311,35.57443],[135.81227,35.57496],[135.81179,35.57578],[135.81194,35.57609],[135.81158,35.5773],[135.8107,35.57684],[135.81087,35.57642],[135.81035,35.57593],[135.81081,35.57608],[135.81074,35.57574],[135.81103,35.57472],[135.81132,35.57436],[135.81089,35.57347],[135.8109,35.5731],[135.81052,35.57254],[135.81069,35.57243],[135.81009,35.57153],[135.80914,35.57127],[135.80902,35.57091],[135.80838,35.5704],[135.80788,35.56978],[135.80731,35.56991],[135.80627,35.56977],[135.8056,35.56952],[135.80476,35.56982],[135.80382,35.57056],[135.80355,35.57103],[135.80347,35.57162],[135.80192,35.57173],[135.80159,35.57166],[135.80147,35.57129],[135.80218,35.571],[135.80283,35.57103],[135.80315,35.57028],[135.80346,35.57002],[135.8039,35.57003],[135.80405,35.56914],[135.80339,35.56879],[135.8032,35.56843],[135.80341,35.56777],[135.80393,35.56698],[135.80403,35.56651],[135.80375,35.56615],[135.80398,35.56506],[135.80436,35.56459],[135.80526,35.56442],[135.80705,35.56462],[135.80857,35.56496],[135.80916,35.56493],[135.80976,35.56432],[135.81069,35.56383],[135.81194,35.56417],[135.81261,35.5638],[135.8132,35.56301],[135.81356,35.56152],[135.81355,35.5609],[135.81326,35.56025],[135.81225,35.55937],[135.8116,35.55932],[135.81197,35.55884],[135.81367,35.55817],[135.81443,35.55772],[135.81492,35.55703],[135.81573,35.55687],[135.8171,35.55699],[135.81801,35.5572],[135.81873,35.55677],[135.8192,35.55589],[135.82011,35.55541],[135.82093,35.55529],[135.82153,35.55458],[135.82173,35.55353],[135.82108,35.55231],[135.82118,35.55144],[135.82182,35.55102],[135.8227,35.55111],[135.82287,35.5514],[135.8234,35.55163],[135.82442,35.55263],[135.82527,35.55242],[135.82612,35.5518],[135.82636,35.55103],[135.82513,35.55006],[135.82483,35.54949],[135.82489,35.54824],[135.82551,35.5472],[135.82542,35.54656],[135.82588,35.54645],[135.82581,35.54606],[135.82632,35.54601],[135.82738,35.54638],[135.82771,35.54678],[135.82869,35.5465],[135.82921,35.54571],[135.82935,35.54505],[135.82913,35.54454],[135.82875,35.54441],[135.82847,35.54374],[135.82793,35.54353],[135.82729,35.54355],[135.82712,35.54296],[135.82676,35.54277],[135.82654,35.54222],[135.82674,35.54161],[135.82684,35.54189],[135.82794,35.54229],[135.82985,35.54271],[135.83103,35.54246],[135.83154,35.54113],[135.83135,35.5408],[135.83183,35.53987],[135.83206,35.5397],[135.83185,35.53902],[135.83255,35.53844],[135.83293,35.53832],[135.8331,35.53888],[135.83411,35.53862],[135.83438,35.53795],[135.83417,35.53689],[135.8338,35.5361],[135.83318,35.53548],[135.83187,35.53554],[135.83148,35.53521],[135.83047,35.53478],[135.82919,35.53459],[135.82853,35.53432],[135.8283,35.53387],[135.82764,35.53346],[135.82713,35.53335],[135.82602,35.53363],[135.82413,35.53386],[135.8236,35.53361],[135.82231,35.53349],[135.82175,35.53361],[135.82108,35.53403],[135.82092,35.53461],[135.82118,35.53581],[135.821,35.53611],[135.82006,35.53652],[135.81881,35.53676],[135.81857,35.5371],[135.81724,35.53744],[135.81749,35.53682],[135.81724,35.53647],[135.81614,35.53632],[135.81588,35.53647],[135.81426,35.53683],[135.81402,35.53736],[135.81307,35.53774],[135.81283,35.53759],[135.81239,35.53751],[135.81261,35.53695],[135.81289,35.53678],[135.81264,35.53589],[135.8132,35.53597],[135.8133,35.53573],[135.81508,35.53475],[135.81549,35.53361],[135.81594,35.53341],[135.81633,35.53298],[135.81642,35.53247],[135.81579,35.53124],[135.81534,35.53115],[135.81536,35.53077],[135.81505,35.5305],[135.81528,35.52976],[135.81489,35.52925],[135.81422,35.52908],[135.81368,35.52938],[135.81273,35.52906],[135.81319,35.52817],[135.81259,35.52754],[135.81197,35.52745],[135.81142,35.52798],[135.81053,35.52841],[135.80995,35.52838],[135.8085,35.5275],[135.80705,35.52761],[135.80635,35.52818],[135.80691,35.52889],[135.80667,35.52907],[135.80703,35.52975],[135.80625,35.52987],[135.80613,35.53069],[135.80567,35.53192],[135.80513,35.53239],[135.80497,35.53305],[135.80461,35.53302],[135.80452,35.53266],[135.80409,35.53247],[135.80387,35.5321],[135.80386,35.53083],[135.8036,35.53038],[135.80276,35.5297],[135.80228,35.52955],[135.80167,35.52897],[135.80062,35.52874],[135.79978,35.52815],[135.79995,35.52753],[135.80041,35.52705],[135.80014,35.52634],[135.79994,35.52624],[135.80016,35.52574],[135.79973,35.5254],[135.79876,35.52495],[135.79815,35.525],[135.79717,35.5258],[135.79635,35.52603],[135.7961,35.52635],[135.79592,35.52737],[135.79587,35.52872],[135.79542,35.53045],[135.79547,35.531],[135.79496,35.53083],[135.79413,35.53089],[135.79314,35.53059],[135.79268,35.53066],[135.79228,35.53],[135.79108,35.53049],[135.79089,35.53025],[135.79001,35.5305],[135.78851,35.53145],[135.78781,35.53223],[135.78795,35.53277],[135.78763,35.53315],[135.78683,35.53307],[135.78588,35.53472],[135.78556,35.53593],[135.78575,35.53699],[135.78665,35.53707],[135.78779,35.53705],[135.78882,35.53723],[135.78896,35.53762],[135.7894,35.5377],[135.7892,35.53853],[135.78925,35.53924],[135.78958,35.54003],[135.79016,35.5406],[135.79064,35.54084],[135.79195,35.54047],[135.7925,35.54044],[135.79371,35.54114],[135.79342,35.54118],[135.79332,35.54163],[135.79249,35.54187],[135.79197,35.54168],[135.79211,35.54145],[135.79107,35.5414],[135.79022,35.5418],[135.78965,35.54178],[135.78885,35.54113],[135.78841,35.54107],[135.78737,35.5416],[135.78667,35.54177],[135.78574,35.54247],[135.78521,35.5427],[135.78484,35.54329],[135.78409,35.54384],[135.78388,35.5445],[135.78282,35.54478],[135.78292,35.54512],[135.78236,35.54534],[135.78216,35.54572],[135.78231,35.54619],[135.78211,35.54677],[135.78213,35.5475],[135.78174,35.5475],[135.78149,35.54784],[135.78123,35.5489],[135.7807,35.54921],[135.78009,35.54979],[135.77968,35.55043],[135.77923,35.55057],[135.77875,35.54971],[135.77763,35.54959],[135.77707,35.54981],[135.77574,35.54937],[135.77576,35.54953],[135.77402,35.55012],[135.77348,35.55062],[135.77304,35.55158],[135.77246,35.55167],[135.77037,35.55335],[135.77017,35.55392],[135.76919,35.55463],[135.76895,35.55456],[135.76786,35.55495],[135.76705,35.55589],[135.76667,35.55614],[135.76645,35.55669],[135.76583,35.55725],[135.76525,35.55721],[135.76489,35.55669],[135.76443,35.55649],[135.7642,35.55607],[135.76416,35.5554],[135.76379,35.5547],[135.76407,35.55422],[135.76413,35.55346],[135.76459,35.55265],[135.76514,35.5525],[135.76532,35.55214],[135.76507,35.55142],[135.76398,35.55098],[135.76439,35.55071],[135.76632,35.55105],[135.76671,35.5507],[135.76704,35.55003],[135.76706,35.54948],[135.76811,35.54961],[135.76861,35.54926],[135.76881,35.54881],[135.76859,35.54864],[135.76894,35.54799],[135.77006,35.5478],[135.77092,35.54776],[135.77113,35.54756],[135.77134,35.54662],[135.77108,35.54587],[135.77052,35.54513],[135.77013,35.54484],[135.76971,35.54447],[135.76996,35.5439],[135.76945,35.54346],[135.76837,35.54282],[135.76771,35.5427],[135.76709,35.54331],[135.76662,35.54348],[135.76524,35.54328],[135.76483,35.54353],[135.765,35.5441],[135.76472,35.5446],[135.7647,35.54478],[135.76343,35.54503],[135.7631,35.54425],[135.76106,35.54447],[135.76094,35.54412],[135.7604,35.54387],[135.76029,35.54311],[135.75942,35.54291],[135.75882,35.54257],[135.75837,35.54273],[135.75763,35.54336],[135.75716,35.54335],[135.75711,35.54458],[135.75629,35.54433],[135.75552,35.54518],[135.75469,35.54563],[135.7539,35.54591],[135.75371,35.54652],[135.75407,35.54657],[135.75417,35.54737],[135.75462,35.54753],[135.75513,35.54738],[135.75566,35.54747],[135.75582,35.54773],[135.75529,35.54769],[135.756,35.54859],[135.75488,35.54916],[135.75463,35.54964],[135.75299,35.54941],[135.75259,35.54988],[135.7527,35.55061],[135.75347,35.55104],[135.75393,35.55201],[135.75442,35.55242],[135.75442,35.55277],[135.75341,35.55312],[135.75285,35.55289],[135.75177,35.5531],[135.75088,35.55384],[135.75004,35.55495],[135.75022,35.55597],[135.75173,35.55722],[135.75262,35.55773],[135.75274,35.55839],[135.7524,35.55937],[135.75199,35.55904],[135.75154,35.55936],[135.75115,35.56032],[135.75153,35.56128],[135.751,35.56203],[135.75102,35.56269],[135.75125,35.56271],[135.75139,35.56331],[135.75116,35.56374],[135.7507,35.56409],[135.75052,35.56503],[135.75087,35.56539],[135.75021,35.56619],[135.74978,35.56609],[135.74976,35.56652],[135.74906,35.56627],[135.74899,35.56652],[135.74782,35.56599],[135.74758,35.56627],[135.74643,35.56573],[135.74585,35.56566],[135.74607,35.56526],[135.74542,35.56435],[135.7447,35.56419],[135.7439,35.56463],[135.74304,35.56549],[135.74311,35.56619],[135.74235,35.56686],[135.74214,35.56682],[135.74159,35.56799],[135.74101,35.5679],[135.74088,35.56827],[135.74131,35.56892],[135.74143,35.56951],[135.74123,35.5703],[135.7404,35.57053],[135.73962,35.57045],[135.73849,35.57],[135.73777,35.57013],[135.73709,35.57045],[135.73663,35.57092],[135.73609,35.57079],[135.73569,35.57138],[135.73572,35.57094],[135.73455,35.57099],[135.73435,35.57062],[135.73331,35.57088],[135.73326,35.57065],[135.73262,35.57077],[135.73206,35.57038],[135.73122,35.57026],[135.72911,35.56953],[135.72869,35.56912],[135.72757,35.56896],[135.72728,35.56913],[135.72678,35.56896],[135.7263,35.5695],[135.72569,35.56951],[135.72566,35.56927],[135.72502,35.56918],[135.72475,35.56883],[135.72377,35.56866],[135.72346,35.56917],[135.72267,35.56902],[135.72225,35.56923],[135.72198,35.56901],[135.72155,35.56824],[135.72112,35.56824],[135.72026,35.56908],[135.71979,35.56896],[135.71931,35.56944],[135.71947,35.56985],[135.71887,35.56987],[135.7189,35.57036],[135.71846,35.57047],[135.7179,35.57019],[135.71777,35.56965],[135.71727,35.56961],[135.71707,35.57005],[135.71657,35.5699],[135.7161,35.5695],[135.71565,35.57006],[135.71439,35.56971],[135.71448,35.56945],[135.71381,35.56881],[135.71378,35.56913],[135.71325,35.56843],[135.71275,35.56808],[135.71281,35.56707],[135.71233,35.56764],[135.71177,35.56736],[135.71202,35.56667],[135.71186,35.56657],[135.71207,35.56593],[135.712,35.5656],[135.71238,35.56532],[135.71252,35.56457],[135.71176,35.56419],[135.71161,35.56385],[135.71119,35.56367],[135.7106,35.56379],[135.7097,35.56355],[135.70777,35.56377],[135.70785,35.56423],[135.70751,35.56426],[135.70654,35.56318],[135.70611,35.56244],[135.70562,35.56203],[135.70498,35.56201],[135.70533,35.5617],[135.70512,35.56125],[135.70446,35.56057],[135.70459,35.56038],[135.70433,35.55973],[135.70393,35.55937],[135.70368,35.5587],[135.70366,35.5581],[135.70326,35.55763],[135.70234,35.5572],[135.70191,35.55655],[135.70076,35.55591],[135.70055,35.55559],[135.70005,35.5555],[135.70059,35.55605],[135.69992,35.55613],[135.6998,35.55508],[135.69887,35.55464],[135.69767,35.55341],[135.69714,35.55337],[135.69692,35.55382],[135.69605,35.55299],[135.69602,35.55231],[135.6951,35.55155],[135.69477,35.55176],[135.69412,35.55132],[135.69316,35.55119],[135.69286,35.55056],[135.69297,35.55025],[135.69205,35.54992],[135.69199,35.54962],[135.69143,35.54987],[135.69073,35.5495],[135.6905,35.55003],[135.68953,35.55019],[135.68919,35.54958],[135.6894,35.5491],[135.68997,35.54879],[135.68958,35.54812],[135.68957,35.54778],[135.68899,35.54741],[135.68847,35.5464],[135.68874,35.54581],[135.68858,35.54562],[135.68957,35.54441],[135.69038,35.54401],[135.69094,35.54394],[135.69169,35.54361],[135.69227,35.54371],[135.69303,35.54352],[135.69366,35.54275],[135.6944,35.54259],[135.69522,35.54357],[135.69714,35.54434],[135.69781,35.54438],[135.69893,35.54418],[135.69932,35.54401],[135.70068,35.54424],[135.702,35.54417],[135.70281,35.5443],[135.70324,35.54416],[135.70433,35.54337],[135.70525,35.5431],[135.7064,35.5431],[135.70772,35.54251],[135.70881,35.54243],[135.70954,35.54282],[135.71055,35.54264],[135.71231,35.54274],[135.71326,35.54231],[135.71389,35.54189],[135.71567,35.54157],[135.7169,35.5406],[135.71741,35.53982],[135.71786,35.53892],[135.7183,35.53738],[135.7184,35.53537],[135.71829,35.53453],[135.71815,35.53418],[135.71769,35.53399],[135.71777,35.53319],[135.71747,35.5323],[135.7171,35.53196],[135.71638,35.53182],[135.71601,35.53137],[135.71606,35.53058],[135.7166,35.53041],[135.71672,35.52982],[135.71704,35.52937],[135.71759,35.52904],[135.71771,35.52809],[135.71801,35.52691],[135.71787,35.52645],[135.71731,35.52633],[135.71676,35.52574],[135.7167,35.52511],[135.71723,35.52471],[135.71738,35.52408],[135.71794,35.5239],[135.71807,35.52344],[135.71753,35.52331],[135.71741,35.52232],[135.71714,35.52187],[135.71658,35.5215],[135.71612,35.52145],[135.716,35.52077],[135.71699,35.52081],[135.71832,35.5198],[135.71921,35.52032],[135.71941,35.5207],[135.72002,35.52094],[135.72096,35.52109],[135.72181,35.52102],[135.72215,35.52147],[135.72304,35.52181],[135.72382,35.52177],[135.72473,35.52151],[135.7255,35.52165],[135.72582,35.52151],[135.72685,35.52151],[135.72783,35.52216],[135.72793,35.52272],[135.72873,35.52329],[135.72949,35.52356],[135.73084,35.5242],[135.73062,35.52465],[135.7319,35.52539],[135.73249,35.52555],[135.73396,35.52543],[135.73462,35.5257],[135.73414,35.52596],[135.73456,35.5265],[135.73524,35.52682],[135.7353,35.52771],[135.73504,35.52834],[135.73461,35.52827],[135.73445,35.52883],[135.73476,35.53023],[135.73496,35.5307],[135.73582,35.5316],[135.73594,35.53233],[135.73579,35.53265],[135.73583,35.53372],[135.73602,35.53426],[135.73695,35.53517],[135.73845,35.53578],[135.74015,35.53624],[135.74144,35.53623],[135.74212,35.53645],[135.74251,35.53684],[135.74372,35.53688],[135.74441,35.53658],[135.74515,35.53684],[135.74582,35.53683],[135.74669,35.53651],[135.74709,35.53614],[135.74713,35.53567],[135.74673,35.53462],[135.74714,35.53352],[135.74737,35.53322],[135.74801,35.5331],[135.74867,35.53315],[135.74907,35.53367],[135.74893,35.53463],[135.7493,35.53522],[135.75042,35.53545],[135.7505,35.53585],[135.75024,35.53669],[135.75029,35.53734],[135.75102,35.5378],[135.75178,35.53786],[135.75308,35.53775],[135.75375,35.53783],[135.75479,35.5375],[135.75616,35.53683],[135.75735,35.53781],[135.75753,35.53836],[135.75799,35.53871],[135.7592,35.53868],[135.76023,35.53821],[135.76117,35.53836],[135.76242,35.53805],[135.76339,35.53757],[135.7644,35.53628],[135.76476,35.53545],[135.76503,35.53399],[135.76471,35.53387],[135.7643,35.53253],[135.76371,35.5322],[135.76376,35.53155],[135.7632,35.53086],[135.76247,35.53049],[135.76166,35.53049],[135.76039,35.53017],[135.76022,35.53032],[135.75945,35.53024],[135.75753,35.53179],[135.75661,35.53218],[135.75598,35.53259],[135.75581,35.53318],[135.75544,35.53368],[135.75516,35.5337],[135.75521,35.53291],[135.75467,35.533],[135.75448,35.53229],[135.75503,35.5322],[135.75477,35.53198],[135.75366,35.53208],[135.75299,35.53192],[135.75223,35.53193],[135.75135,35.53117],[135.75094,35.52993],[135.75086,35.52851],[135.75095,35.5264],[135.75112,35.5238],[135.75111,35.52234],[135.75084,35.51854],[135.7507,35.51749],[135.75017,35.51752],[135.74995,35.51641],[135.74916,35.51654],[135.7491,35.51625],[135.75014,35.516],[135.74996,35.51558],[135.74929,35.51402],[135.74878,35.51394],[135.74853,35.51341],[135.74809,35.51351],[135.74762,35.51231],[135.74727,35.51155],[135.74666,35.51058],[135.74629,35.50962],[135.74542,35.50878],[135.74474,35.50769],[135.74575,35.50692],[135.74703,35.5062],[135.74825,35.50558],[135.74788,35.50508],[135.74759,35.50468],[135.74669,35.50528],[135.74415,35.50681],[135.74403,35.50662],[135.74689,35.50485],[135.74743,35.50447],[135.74726,35.50412],[135.74531,35.50538],[135.74284,35.5069],[135.74232,35.50602],[135.7422,35.5053],[135.74169,35.50458],[135.74299,35.50359],[135.74426,35.50314],[135.7454,35.50301],[135.747,35.50301],[135.74689,35.50255],[135.7468,35.50223],[135.74528,35.50224],[135.74407,35.50239],[135.74272,35.50305],[135.74077,35.50466],[135.73687,35.5055],[135.73686,35.50543],[135.74084,35.50455],[135.7427,35.50302],[135.74406,35.50236],[135.74547,35.50209],[135.74533,35.50085],[135.7455,35.49952],[135.74506,35.49948],[135.74465,35.49944],[135.74459,35.49979]],[[135.75627,35.50356],[135.75631,35.50348],[135.75629,35.50351],[135.75627,35.50356]],[[135.75456,35.5172],[135.75451,35.51729],[135.7546,35.51716],[135.75456,35.5172]],[[135.75726,35.51443],[135.75829,35.51457],[135.7573,35.51442],[135.75726,35.51443]],[[135.78361,35.52674],[135.78377,35.52676],[135.78242,35.52638],[135.78361,35.52674]],[[135.78921,35.47775],[135.78909,35.47776],[135.78958,35.47821],[135.78921,35.47775]],[[135.81139,35.45398],[135.81012,35.45181],[135.81105,35.45344],[135.81139,35.45398]],[[135.78035,35.47518],[135.78035,35.47505],[135.77998,35.47543],[135.78035,35.47518]],[[135.73096,35.4601],[135.73086,35.46021],[135.73138,35.46024],[135.73096,35.4601]]]}},{"type":"Feature","properties":{"nm":"大野市","b":[136.4158,35.7504,136.8325,36.0863],"c":[136.61692,35.90836]},"geometry":{"type":"MultiPolygon","coordinates":[[[[136.48649,36.02581],[136.48435,36.02567],[136.48307,36.02583],[136.48162,36.02599],[136.48063,36.02612],[136.4804,36.02615],[136.47972,36.02625],[136.47859,36.02663],[136.47785,36.02722],[136.47677,36.02807],[136.47519,36.02885],[136.47452,36.02886],[136.47223,36.02853],[136.47136,36.02817],[136.47091,36.02784],[136.46982,36.02667],[136.46923,36.02565],[136.46815,36.02278],[136.46756,36.02051],[136.46732,36.0184],[136.46578,36.01813],[136.46452,36.01732],[136.46377,36.01696],[136.463,36.01685],[136.46159,36.01683],[136.46047,36.01695],[136.45914,36.01645],[136.45781,36.01641],[136.45775,36.01621],[136.45748,36.01578],[136.45538,36.01423],[136.4542,36.01366],[136.45297,36.01314],[136.45265,36.01306],[136.45136,36.01268],[136.45089,36.01256],[136.4507,36.01243],[136.44939,36.01111],[136.44892,36.0105],[136.44881,36.0101],[136.44909,36.00974],[136.44979,36.00892],[136.45087,36.00807],[136.45142,36.00739],[136.45213,36.00631],[136.45244,36.00591],[136.45231,36.00535],[136.45248,36.0044],[136.45278,36.0038],[136.45378,36.00292],[136.45509,36.0019],[136.45475,36.00169],[136.4544,36.00141],[136.45402,36.00115],[136.45275,35.99983],[136.4523,35.99924],[136.45176,35.99813],[136.45144,35.99691],[136.45179,35.99626],[136.45224,35.99575],[136.45357,35.99462],[136.45496,35.99318],[136.45628,35.99206],[136.45617,35.99151],[136.45565,35.99103],[136.45514,35.98996],[136.4548,35.98958],[136.45378,35.98913],[136.4531,35.98832],[136.45292,35.98746],[136.4521,35.98681],[136.45104,35.98648],[136.44882,35.98559],[136.44869,35.98519],[136.44874,35.98401],[136.44869,35.98342],[136.44907,35.98288],[136.44946,35.98177],[136.4499,35.98112],[136.45036,35.98088],[136.45153,35.98033],[136.45221,35.97966],[136.45245,35.97871],[136.45229,35.97725],[136.45226,35.97539],[136.45205,35.97401],[136.45244,35.97361],[136.45287,35.97248],[136.45305,35.97176],[136.45339,35.97149],[136.45483,35.9705],[136.45529,35.97021],[136.45582,35.96944],[136.45622,35.96851],[136.45662,35.96798],[136.45688,35.96771],[136.45704,35.96751],[136.4571,35.96708],[136.457,35.96669],[136.45639,35.96583],[136.45616,35.96547],[136.45587,35.96509],[136.45587,35.96506],[136.45586,35.9649],[136.45587,35.9637],[136.45558,35.96288],[136.45523,35.96243],[136.45507,35.96224],[136.45487,35.96188],[136.45451,35.96037],[136.45442,35.95981],[136.45437,35.9595],[136.45517,35.95752],[136.45522,35.95739],[136.45529,35.95718],[136.45543,35.95682],[136.45542,35.95636],[136.45538,35.95599],[136.4557,35.95526],[136.45599,35.95499],[136.4568,35.95466],[136.45853,35.95455],[136.46023,35.95371],[136.46105,35.95353],[136.46217,35.95348],[136.46321,35.95295],[136.46356,35.95259],[136.46447,35.95202],[136.46543,35.95043],[136.46535,35.94973],[136.4646,35.9489],[136.46389,35.94766],[136.46322,35.94698],[136.46306,35.94613],[136.46246,35.94566],[136.46185,35.94476],[136.46188,35.94419],[136.4613,35.94149],[136.46158,35.94068],[136.46213,35.94028],[136.46206,35.93989],[136.46144,35.93885],[136.46223,35.93746],[136.46269,35.93597],[136.46321,35.93556],[136.46344,35.9343],[136.46385,35.93356],[136.46439,35.93311],[136.46411,35.93282],[136.46349,35.93259],[136.46244,35.93259],[136.46079,35.93279],[136.46003,35.93253],[136.45813,35.93217],[136.45771,35.93142],[136.45725,35.93118],[136.45558,35.93167],[136.45459,35.93176],[136.45351,35.93152],[136.45345,35.93084],[136.45414,35.92944],[136.4545,35.92913],[136.45565,35.92861],[136.45691,35.92845],[136.4579,35.92775],[136.45859,35.92753],[136.46068,35.92705],[136.46134,35.92707],[136.46233,35.92667],[136.46326,35.9261],[136.46466,35.92486],[136.46487,35.92435],[136.46657,35.9225],[136.46712,35.9216],[136.4671,35.92132],[136.46655,35.9211],[136.46427,35.92119],[136.46263,35.92155],[136.46229,35.92155],[136.4615,35.9212],[136.46065,35.92058],[136.4604,35.9203],[136.46,35.91972],[136.46044,35.91867],[136.46013,35.91776],[136.45959,35.91735],[136.45919,35.91715],[136.45831,35.91675],[136.45744,35.91512],[136.45638,35.91407],[136.4556,35.91347],[136.45493,35.91323],[136.45409,35.91314],[136.45225,35.91304],[136.45119,35.9128],[136.45076,35.91296],[136.45011,35.91315],[136.44957,35.91231],[136.4486,35.91113],[136.44741,35.91044],[136.44625,35.91016],[136.44546,35.91007],[136.44488,35.91001],[136.44358,35.91012],[136.44306,35.91001],[136.44254,35.90966],[136.44186,35.90949],[136.43969,35.90914],[136.43912,35.90897],[136.43874,35.90853],[136.4387,35.90666],[136.43859,35.9056],[136.43816,35.90411],[136.43823,35.90347],[136.4383,35.90319],[136.43862,35.9026],[136.43798,35.90158],[136.43737,35.90093],[136.43629,35.90074],[136.43574,35.90035],[136.43507,35.89931],[136.43358,35.89766],[136.4328,35.8967],[136.43252,35.89636],[136.43222,35.89527],[136.43198,35.89408],[136.43177,35.89235],[136.43197,35.89133],[136.43207,35.89074],[136.43236,35.88952],[136.43256,35.88913],[136.43287,35.88873],[136.43402,35.88852],[136.43482,35.88809],[136.43559,35.88711],[136.43599,35.88621],[136.43624,35.88604],[136.43705,35.88615],[136.43885,35.88614],[136.43928,35.88584],[136.43953,35.8844],[136.43938,35.88363],[136.43915,35.88302],[136.43908,35.88216],[136.43918,35.88083],[136.4396,35.87948],[136.43989,35.87809],[136.43933,35.87724],[136.43757,35.87618],[136.43709,35.87559],[136.43668,35.87468],[136.43659,35.87383],[136.43636,35.87356],[136.43528,35.87332],[136.43451,35.87303],[136.43407,35.87258],[136.43323,35.87229],[136.43319,35.8719],[136.43408,35.87098],[136.43511,35.86967],[136.43531,35.86905],[136.43519,35.86808],[136.43489,35.86717],[136.43438,35.86644],[136.43373,35.86559],[136.43182,35.86384],[136.43057,35.86371],[136.42941,35.86331],[136.42914,35.86301],[136.42924,35.86248],[136.42964,35.86132],[136.42948,35.86079],[136.42882,35.86027],[136.42766,35.85897],[136.42784,35.85834],[136.42856,35.85722],[136.42915,35.85653],[136.42977,35.8549],[136.43012,35.85457],[136.43069,35.85436],[136.43147,35.85415],[136.43171,35.85394],[136.43182,35.85313],[136.43212,35.85266],[136.43338,35.85171],[136.43476,35.85106],[136.43647,35.85025],[136.43612,35.84964],[136.43554,35.8496],[136.43378,35.84979],[136.43302,35.84996],[136.43231,35.85069],[136.43154,35.85066],[136.43109,35.8503],[136.43105,35.84982],[136.43141,35.84898],[136.43168,35.84869],[136.43161,35.84758],[136.43134,35.84676],[136.43121,35.84648],[136.43077,35.84592],[136.43044,35.84515],[136.42953,35.84325],[136.42911,35.84162],[136.42866,35.84082],[136.42898,35.83998],[136.42898,35.83943],[136.42833,35.83778],[136.4275,35.83664],[136.42706,35.83623],[136.42552,35.83618],[136.42535,35.83604],[136.42453,35.83494],[136.42412,35.83471],[136.42362,35.83415],[136.42338,35.83293],[136.42347,35.83243],[136.42391,35.83158],[136.42418,35.83075],[136.42433,35.8291],[136.42456,35.82883],[136.42472,35.82796],[136.42592,35.8269],[136.42656,35.82536],[136.42708,35.82465],[136.42774,35.82411],[136.42831,35.82331],[136.42752,35.82331],[136.42643,35.82305],[136.42481,35.82209],[136.4242,35.82136],[136.42272,35.82067],[136.42258,35.82026],[136.42251,35.81827],[136.42289,35.81639],[136.42288,35.81537],[136.42322,35.81447],[136.42322,35.81312],[136.42407,35.81262],[136.42477,35.81236],[136.42568,35.81175],[136.42659,35.81011],[136.42701,35.80979],[136.42849,35.8093],[136.43018,35.80836],[136.4305,35.80791],[136.43187,35.8074],[136.43272,35.80731],[136.43306,35.80662],[136.43328,35.80573],[136.43326,35.80523],[136.43273,35.80395],[136.43177,35.8035],[136.43108,35.80253],[136.43114,35.80167],[136.43068,35.80063],[136.43091,35.79962],[136.43103,35.7981],[136.43051,35.79723],[136.42971,35.79633],[136.42881,35.79592],[136.42784,35.79481],[136.42699,35.79436],[136.42624,35.79381],[136.42411,35.79389],[136.42315,35.79349],[136.42262,35.79309],[136.42196,35.79177],[136.42106,35.79084],[136.42035,35.78943],[136.41997,35.78751],[136.41948,35.78683],[136.41783,35.78619],[136.41742,35.78594],[136.41602,35.78468],[136.41634,35.78401],[136.41592,35.78259],[136.41582,35.7823],[136.41626,35.78214],[136.41703,35.7822],[136.41832,35.78245],[136.41901,35.7823],[136.42016,35.78149],[136.42168,35.78066],[136.42322,35.78005],[136.42362,35.77945],[136.42398,35.77853],[136.42428,35.77821],[136.42596,35.77788],[136.42693,35.7775],[136.42922,35.7764],[136.42986,35.77604],[136.43066,35.77501],[136.43478,35.77439],[136.43531,35.77436],[136.43661,35.77491],[136.43723,35.77487],[136.43821,35.77446],[136.43878,35.77445],[136.43963,35.77465],[136.44073,35.7752],[136.44137,35.77515],[136.44302,35.77466],[136.44398,35.77371],[136.44517,35.77341],[136.44581,35.77298],[136.44649,35.77406],[136.44696,35.77436],[136.44853,35.77483],[136.44938,35.77553],[136.44973,35.77565],[136.45061,35.77635],[136.45152,35.77656],[136.45323,35.77649],[136.45389,35.77661],[136.45498,35.77762],[136.45784,35.77876],[136.45909,35.77913],[136.46033,35.77917],[136.46173,35.77868],[136.46195,35.77796],[136.46322,35.77672],[136.46374,35.77605],[136.46458,35.77544],[136.46524,35.77472],[136.46604,35.77446],[136.46673,35.77407],[136.46742,35.77329],[136.46885,35.77291],[136.47059,35.77297],[136.47448,35.77287],[136.47521,35.77353],[136.4774,35.77418],[136.4783,35.77413],[136.47887,35.77385],[136.48091,35.77382],[136.48243,35.77428],[136.48255,35.77482],[136.48295,35.77498],[136.48411,35.775],[136.48455,35.77622],[136.48519,35.77667],[136.48569,35.77631],[136.48564,35.77593],[136.48476,35.77473],[136.4849,35.77426],[136.48545,35.77367],[136.48666,35.77262],[136.48871,35.77166],[136.4894,35.77118],[136.48984,35.77069],[136.49164,35.76918],[136.49257,35.76772],[136.4931,35.76721],[136.49467,35.76669],[136.49609,35.76583],[136.49634,35.76559],[136.49659,35.76489],[136.4971,35.76397],[136.49741,35.76315],[136.49707,35.76074],[136.49872,35.75869],[136.49892,35.75716],[136.49961,35.75563],[136.50059,35.75444],[136.50153,35.75306],[136.50259,35.75169],[136.50322,35.75105],[136.504,35.75064],[136.50542,35.75038],[136.50622,35.75047],[136.50738,35.75189],[136.50805,35.75289],[136.50805,35.75413],[136.50741,35.75509],[136.50748,35.75586],[136.50803,35.75694],[136.50847,35.75735],[136.50963,35.75768],[136.51058,35.75828],[136.51202,35.75859],[136.51226,35.75898],[136.51253,35.76053],[136.51302,35.76174],[136.51323,35.76262],[136.51305,35.76426],[136.5132,35.76484],[136.51405,35.76657],[136.51391,35.76712],[136.51329,35.76793],[136.51327,35.76892],[136.51293,35.76982],[136.51196,35.7716],[136.51205,35.77207],[136.51253,35.77247],[136.51286,35.77311],[136.5131,35.77487],[136.51371,35.77575],[136.51442,35.77645],[136.51658,35.77777],[136.51766,35.77853],[136.51856,35.77955],[136.51886,35.7801],[136.51974,35.78254],[136.52027,35.78345],[136.52146,35.78438],[136.52194,35.78489],[136.52247,35.78602],[136.52279,35.78726],[136.52292,35.78824],[136.52538,35.78793],[136.52598,35.78736],[136.52781,35.78663],[136.52966,35.78576],[136.53041,35.78457],[136.53091,35.78398],[136.53151,35.7838],[136.53239,35.78373],[136.53316,35.78344],[136.53507,35.78232],[136.53648,35.78093],[136.53777,35.78102],[136.53871,35.78096],[136.54037,35.7804],[136.54227,35.77993],[136.54428,35.77897],[136.54547,35.77877],[136.54725,35.77963],[136.54783,35.78005],[136.54967,35.78083],[136.55082,35.78108],[136.55132,35.78088],[136.55275,35.78071],[136.55372,35.78071],[136.55562,35.78094],[136.55625,35.78078],[136.55809,35.78002],[136.55934,35.77933],[136.55993,35.77937],[136.56152,35.77873],[136.56204,35.77866],[136.56328,35.77923],[136.56455,35.77956],[136.56573,35.77971],[136.56729,35.77926],[136.56863,35.77778],[136.56918,35.77744],[136.56989,35.77738],[136.57113,35.77756],[136.5719,35.77788],[136.57308,35.7786],[136.57494,35.78048],[136.57623,35.78127],[136.57711,35.78158],[136.57796,35.78159],[136.57855,35.78143],[136.58031,35.78159],[136.58099,35.78225],[136.58245,35.78327],[136.58467,35.78355],[136.58594,35.78423],[136.58569,35.78497],[136.58546,35.7865],[136.58496,35.78727],[136.58487,35.78797],[136.5852,35.78943],[136.5858,35.79042],[136.5858,35.79097],[136.58605,35.79147],[136.58731,35.79255],[136.58814,35.79359],[136.58844,35.79415],[136.58972,35.79555],[136.58993,35.79556],[136.59173,35.79507],[136.59355,35.79488],[136.59421,35.79495],[136.59537,35.79532],[136.59755,35.79728],[136.59907,35.79849],[136.59971,35.79858],[136.60061,35.79804],[136.60152,35.79707],[136.60257,35.79645],[136.60321,35.79632],[136.60291,35.79534],[136.6033,35.79449],[136.60363,35.79424],[136.60451,35.79402],[136.60501,35.79375],[136.60674,35.79222],[136.60788,35.79218],[136.60942,35.79238],[136.60976,35.79013],[136.61051,35.78937],[136.61186,35.7886],[136.61253,35.78858],[136.61368,35.78871],[136.61458,35.78899],[136.61602,35.78884],[136.61795,35.78841],[136.62028,35.78825],[136.62128,35.78796],[136.62161,35.78773],[136.62202,35.78706],[136.62457,35.78903],[136.62597,35.78948],[136.62654,35.78979],[136.62763,35.79085],[136.62761,35.79131],[136.62707,35.79209],[136.62697,35.79277],[136.62613,35.79512],[136.62633,35.79636],[136.62669,35.79652],[136.62794,35.79607],[136.63009,35.79568],[136.63224,35.79577],[136.63535,35.79647],[136.63783,35.79737],[136.63818,35.79765],[136.63982,35.80188],[136.64072,35.80347],[136.64202,35.8049],[136.64286,35.80557],[136.64448,35.8066],[136.64512,35.80684],[136.64519,35.8071],[136.6457,35.80656],[136.64629,35.80622],[136.64698,35.80509],[136.64763,35.80466],[136.6488,35.80358],[136.64931,35.80301],[136.6495,35.80219],[136.6505,35.8005],[136.65121,35.79967],[136.65178,35.79946],[136.65253,35.7987],[136.65275,35.79811],[136.65306,35.79779],[136.65291,35.79661],[136.65236,35.79565],[136.65239,35.79451],[136.65268,35.79389],[136.65262,35.79347],[136.65322,35.79293],[136.65315,35.79216],[136.65271,35.79108],[136.65289,35.79043],[136.65327,35.78996],[136.65402,35.78855],[136.65395,35.78765],[136.65374,35.78726],[136.65446,35.78571],[136.65496,35.78553],[136.65554,35.78555],[136.65622,35.78452],[136.65792,35.78346],[136.65918,35.78346],[136.66007,35.78325],[136.66029,35.78354],[136.66095,35.78371],[136.66193,35.78444],[136.66311,35.78477],[136.66361,35.78506],[136.66473,35.78518],[136.66622,35.78513],[136.6663,35.78539],[136.66742,35.78679],[136.66761,35.78729],[136.66827,35.7879],[136.66838,35.7885],[136.66956,35.78912],[136.67163,35.79042],[136.67252,35.79156],[136.67322,35.79153],[136.67465,35.79122],[136.67485,35.79201],[136.67519,35.79247],[136.67593,35.79269],[136.67715,35.79323],[136.67749,35.79225],[136.67811,35.79176],[136.67858,35.79163],[136.67895,35.79128],[136.67963,35.79098],[136.68008,35.79056],[136.68065,35.79046],[136.68125,35.78993],[136.68218,35.78958],[136.68295,35.78946],[136.68562,35.78945],[136.68659,35.78975],[136.68745,35.78948],[136.68856,35.78986],[136.68913,35.78966],[136.68985,35.78919],[136.69091,35.78997],[136.69148,35.79018],[136.6919,35.79064],[136.69273,35.79094],[136.69329,35.79098],[136.69417,35.7908],[136.69481,35.79153],[136.69528,35.79187],[136.69707,35.79379],[136.69825,35.79416],[136.70021,35.79415],[136.70083,35.79388],[136.70266,35.79236],[136.70309,35.79216],[136.70397,35.79216],[136.70448,35.79198],[136.70509,35.79139],[136.70557,35.79145],[136.70637,35.79198],[136.70714,35.79189],[136.70813,35.79157],[136.7092,35.79173],[136.71009,35.79219],[136.71042,35.79284],[136.71128,35.79357],[136.71192,35.79464],[136.71286,35.79522],[136.71356,35.79536],[136.71468,35.79616],[136.7167,35.79651],[136.71721,35.79689],[136.71764,35.7976],[136.71851,35.79796],[136.71913,35.79855],[136.71962,35.79951],[136.72062,35.8003],[136.72129,35.80289],[136.72226,35.8035],[136.72291,35.80461],[136.72285,35.80568],[136.72226,35.80677],[136.72261,35.8078],[136.72286,35.8081],[136.72364,35.80822],[136.7247,35.80814],[136.72577,35.8075],[136.72733,35.80733],[136.72835,35.80748],[136.72924,35.80713],[136.7311,35.80696],[136.73176,35.80668],[136.73234,35.80664],[136.73346,35.80585],[136.73433,35.80549],[136.73587,35.80498],[136.73599,35.80439],[136.73627,35.80407],[136.73675,35.80401],[136.73768,35.80353],[136.73814,35.80269],[136.73888,35.80251],[136.7396,35.80215],[136.74017,35.80149],[136.74089,35.80107],[136.74159,35.80128],[136.74339,35.80227],[136.74382,35.80288],[136.74439,35.80321],[136.74507,35.80392],[136.74559,35.80424],[136.74754,35.80513],[136.74885,35.80567],[136.74953,35.80604],[136.7507,35.80687],[136.7523,35.80743],[136.75308,35.80837],[136.75383,35.80849],[136.75415,35.80906],[136.75534,35.80962],[136.75665,35.80944],[136.75748,35.80962],[136.75877,35.80953],[136.75973,35.81007],[136.76087,35.81038],[136.76191,35.81055],[136.76298,35.81047],[136.76364,35.81057],[136.76497,35.80999],[136.7651,35.80959],[136.7657,35.80908],[136.76662,35.80905],[136.76704,35.80876],[136.76786,35.80866],[136.76874,35.80837],[136.76936,35.80778],[136.77069,35.80707],[136.77154,35.80675],[136.77266,35.80672],[136.77295,35.80686],[136.774,35.80678],[136.77421,35.80655],[136.77378,35.80521],[136.77414,35.80458],[136.77421,35.80409],[136.77382,35.80335],[136.77371,35.80277],[136.77406,35.80233],[136.7743,35.80143],[136.774,35.80036],[136.7743,35.79995],[136.77563,35.79913],[136.77596,35.79864],[136.77717,35.79889],[136.77781,35.79876],[136.77957,35.79871],[136.78057,35.79887],[136.78218,35.79946],[136.78299,35.79829],[136.78341,35.79804],[136.78447,35.79847],[136.78569,35.7987],[136.78714,35.79865],[136.78757,35.79849],[136.78799,35.79892],[136.7887,35.79912],[136.7895,35.79958],[136.78958,35.80014],[136.79003,35.8013],[136.78986,35.80164],[136.78993,35.80221],[136.79055,35.80296],[136.79094,35.80424],[136.79197,35.80535],[136.79246,35.80613],[136.79261,35.80694],[136.79352,35.8071],[136.79485,35.80825],[136.79566,35.80858],[136.79593,35.80898],[136.79589,35.80944],[136.79531,35.81121],[136.79565,35.81156],[136.79625,35.8126],[136.7967,35.81373],[136.79667,35.81434],[136.79705,35.81528],[136.79696,35.81573],[136.79734,35.81638],[136.79809,35.81685],[136.79855,35.81789],[136.79785,35.8184],[136.7979,35.81921],[136.79774,35.81955],[136.79835,35.82081],[136.79837,35.82161],[136.79816,35.82208],[136.79808,35.82316],[136.79785,35.82381],[136.79854,35.82516],[136.79825,35.82569],[136.79821,35.82619],[136.79743,35.82717],[136.79705,35.82827],[136.79778,35.82873],[136.79809,35.82911],[136.79857,35.82923],[136.79921,35.8308],[136.79954,35.83134],[136.79945,35.83228],[136.79924,35.83271],[136.79921,35.83386],[136.79966,35.83432],[136.79981,35.83482],[136.79955,35.83525],[136.79985,35.83629],[136.79985,35.83718],[136.80009,35.83766],[136.8014,35.83966],[136.8018,35.84176],[136.80167,35.84302],[136.80223,35.84377],[136.80253,35.84388],[136.80303,35.84364],[136.80425,35.84354],[136.80583,35.84291],[136.80636,35.8429],[136.80722,35.84319],[136.8081,35.84328],[136.8092,35.84264],[136.80953,35.84259],[136.81065,35.84302],[136.81179,35.84239],[136.81267,35.84281],[136.81354,35.84267],[136.81542,35.84252],[136.81653,35.84298],[136.81726,35.84368],[136.81795,35.84411],[136.81909,35.84401],[136.82008,35.84382],[136.82116,35.844],[136.82201,35.84453],[136.82533,35.84549],[136.82634,35.84618],[136.82729,35.84774],[136.82732,35.848],[136.82868,35.84878],[136.82887,35.8493],[136.83029,35.85083],[136.8304,35.8514],[136.83104,35.85186],[136.83118,35.85214],[136.83103,35.85276],[136.8311,35.85352],[136.83172,35.85402],[136.83191,35.8544],[136.83154,35.85501],[136.8315,35.85586],[136.832,35.85693],[136.83248,35.85728],[136.83219,35.85833],[136.8317,35.85896],[136.83235,35.85936],[136.83209,35.86007],[136.83209,35.86064],[136.8317,35.86104],[136.83154,35.86153],[136.83081,35.86205],[136.83075,35.86277],[136.83033,35.86324],[136.83014,35.86391],[136.83027,35.8643],[136.8301,35.86497],[136.83007,35.86592],[136.82933,35.86707],[136.82836,35.86791],[136.82755,35.86933],[136.8269,35.86941],[136.82576,35.87015],[136.82582,35.8709],[136.82559,35.87136],[136.82568,35.8717],[136.82634,35.87245],[136.82601,35.87439],[136.82536,35.87474],[136.82485,35.87474],[136.82414,35.87507],[136.82408,35.8755],[136.82331,35.87682],[136.82293,35.87769],[136.82213,35.87831],[136.82028,35.87926],[136.81958,35.8801],[136.81953,35.88073],[136.81891,35.88165],[136.82031,35.88216],[136.82086,35.88294],[136.82127,35.88397],[136.82232,35.885],[136.82284,35.88605],[136.82291,35.88667],[136.82265,35.88825],[136.82277,35.88902],[136.82258,35.89013],[136.82278,35.89087],[136.82356,35.89193],[136.82372,35.89261],[136.82354,35.89317],[136.82263,35.89396],[136.82227,35.89553],[136.82236,35.89615],[136.82214,35.89653],[136.82115,35.89726],[136.82088,35.89778],[136.82121,35.89862],[136.82011,35.89963],[136.81963,35.89971],[136.81928,35.90013],[136.81892,35.90107],[136.81855,35.90139],[136.81757,35.90165],[136.81651,35.90151],[136.81623,35.90207],[136.81562,35.90277],[136.8155,35.9034],[136.81565,35.90399],[136.81643,35.90486],[136.81658,35.90523],[136.81654,35.90599],[136.81565,35.90623],[136.81577,35.90657],[136.81505,35.90687],[136.81444,35.90732],[136.81476,35.90843],[136.81468,35.90929],[136.81446,35.90975],[136.81382,35.9103],[136.81375,35.91064],[136.8133,35.9111],[136.81259,35.91144],[136.81224,35.91181],[136.81177,35.91265],[136.81043,35.91273],[136.80991,35.91265],[136.80857,35.91308],[136.80809,35.9131],[136.80747,35.91259],[136.80617,35.91267],[136.80526,35.91423],[136.80454,35.91455],[136.80396,35.9154],[136.80286,35.91563],[136.8019,35.91699],[136.80092,35.91793],[136.79995,35.91831],[136.79946,35.91831],[136.79872,35.91856],[136.7991,35.91892],[136.79937,35.92],[136.79884,35.92062],[136.79805,35.92082],[136.79744,35.92074],[136.79653,35.92088],[136.79612,35.9212],[136.79547,35.92088],[136.79468,35.92095],[136.79409,35.92159],[136.79358,35.92157],[136.79313,35.92092],[136.7927,35.92078],[136.7918,35.92079],[136.79148,35.9206],[136.7907,35.92068],[136.79003,35.92103],[136.78931,35.92114],[136.78839,35.92173],[136.78647,35.92214],[136.78576,35.92271],[136.7849,35.92371],[136.78448,35.92498],[136.78397,35.9254],[136.78367,35.92603],[136.78353,35.92677],[136.78363,35.92767],[136.78437,35.92824],[136.785,35.92899],[136.78528,35.92966],[136.78599,35.93057],[136.78586,35.93126],[136.786,35.9317],[136.78645,35.93224],[136.7868,35.93361],[136.78764,35.93407],[136.78775,35.93494],[136.78844,35.93546],[136.78872,35.936],[136.78941,35.93666],[136.78989,35.93764],[136.79215,35.93904],[136.79232,35.93975],[136.79281,35.94051],[136.79344,35.94087],[136.79354,35.94209],[136.79336,35.9432],[136.79311,35.94385],[136.79348,35.94584],[136.79249,35.94624],[136.79226,35.94655],[136.79136,35.94674],[136.79095,35.94717],[136.78967,35.94789],[136.78906,35.94871],[136.78855,35.94874],[136.78664,35.94912],[136.7861,35.9488],[136.78496,35.94851],[136.78437,35.94875],[136.78364,35.94929],[136.78163,35.94991],[136.78071,35.95045],[136.77905,35.95058],[136.77846,35.9505],[136.77755,35.94979],[136.777,35.94967],[136.77587,35.9499],[136.77437,35.95002],[136.77285,35.95025],[136.77186,35.9502],[136.77126,35.95044],[136.77045,35.95048],[136.76926,35.95084],[136.76924,35.95172],[136.76823,35.95187],[136.76745,35.9525],[136.76657,35.95286],[136.76573,35.95305],[136.76408,35.95326],[136.76227,35.95429],[136.75904,35.95495],[136.75856,35.95539],[136.75783,35.95565],[136.75569,35.95557],[136.75451,35.95599],[136.75341,35.95626],[136.75256,35.95667],[136.75127,35.95777],[136.75032,35.95919],[136.74966,35.96002],[136.74966,35.96082],[136.74908,35.96215],[136.74892,35.96331],[136.74905,35.96423],[136.7496,35.96472],[136.74974,35.96541],[136.7502,35.96634],[136.7506,35.96685],[136.75121,35.96725],[136.75238,35.96776],[136.75299,35.96785],[136.75342,35.96814],[136.7535,35.96849],[136.75306,35.96931],[136.75309,35.97054],[136.75297,35.97142],[136.75252,35.97245],[136.75249,35.97329],[136.75287,35.97445],[136.75281,35.97639],[136.75327,35.97758],[136.75328,35.97857],[136.75234,35.98143],[136.752,35.98204],[136.75228,35.98281],[136.75279,35.98311],[136.75259,35.98392],[136.7526,35.98448],[136.75191,35.98585],[136.75202,35.98666],[136.75152,35.98722],[136.7519,35.98745],[136.75236,35.9883],[136.75231,35.98856],[136.75148,35.98946],[136.75114,35.9902],[136.75036,35.99037],[136.74993,35.9908],[136.74951,35.99083],[136.74824,35.99048],[136.74788,35.99087],[136.74668,35.99133],[136.74553,35.99146],[136.74482,35.99138],[136.74432,35.99165],[136.74324,35.99159],[136.74126,35.99209],[136.74026,35.99266],[136.73936,35.99289],[136.73788,35.99292],[136.73719,35.99333],[136.73654,35.99323],[136.73512,35.99324],[136.73406,35.99355],[136.73365,35.99391],[136.73204,35.99414],[136.73028,35.99457],[136.7288,35.99484],[136.72736,35.99554],[136.72663,35.99579],[136.72807,35.99715],[136.72835,35.9976],[136.72888,35.99922],[136.72947,36.00147],[136.72925,36.00313],[136.72894,36.00419],[136.72898,36.00577],[136.72832,36.00689],[136.72827,36.00743],[136.72898,36.00836],[136.72887,36.00915],[136.72909,36.00964],[136.72984,36.01023],[136.7311,36.01217],[136.73227,36.01292],[136.73224,36.01348],[136.73132,36.016],[136.73091,36.01728],[136.73114,36.01821],[136.73189,36.01887],[136.73317,36.01958],[136.73375,36.02013],[136.73433,36.02094],[136.73433,36.02146],[136.73323,36.02334],[136.73297,36.02492],[136.73298,36.02672],[136.73309,36.02729],[136.73388,36.02885],[136.73504,36.03039],[136.73561,36.03227],[136.73563,36.03299],[136.73543,36.03516],[136.73558,36.03592],[136.73528,36.03806],[136.73574,36.03971],[136.73548,36.04092],[136.73472,36.04218],[136.73484,36.04268],[136.73591,36.04388],[136.73521,36.04638],[136.73544,36.04771],[136.73469,36.04832],[136.73353,36.0486],[136.73276,36.04894],[136.73321,36.04923],[136.73416,36.04955],[136.73539,36.05045],[136.73582,36.05135],[136.73738,36.0524],[136.73848,36.05324],[136.73983,36.05354],[136.74043,36.0542],[136.74054,36.05479],[136.74033,36.05636],[136.73993,36.05695],[136.74055,36.05718],[136.74181,36.05707],[136.74223,36.05735],[136.74257,36.05811],[136.7447,36.06016],[136.74523,36.06035],[136.7464,36.06053],[136.74824,36.06156],[136.74918,36.06163],[136.75,36.06125],[136.75124,36.06145],[136.75275,36.06246],[136.75355,36.06365],[136.75432,36.06454],[136.75509,36.06503],[136.75688,36.06532],[136.75759,36.06564],[136.75817,36.0666],[136.75875,36.06701],[136.76015,36.06716],[136.76109,36.06709],[136.76224,36.0672],[136.76416,36.06773],[136.76479,36.0686],[136.7648,36.06991],[136.76446,36.07085],[136.76408,36.0725],[136.76384,36.07451],[136.76323,36.07505],[136.76205,36.07589],[136.76153,36.07606],[136.76109,36.07663],[136.7604,36.07834],[136.76068,36.07921],[136.7606,36.07995],[136.76029,36.08039],[136.75947,36.08078],[136.75837,36.08087],[136.7579,36.08107],[136.7571,36.08186],[136.75619,36.08355],[136.75559,36.08528],[136.75515,36.08592],[136.75427,36.08633],[136.75322,36.0861],[136.75105,36.08578],[136.7506,36.08582],[136.74838,36.08541],[136.74672,36.08537],[136.74517,36.08493],[136.74447,36.08438],[136.74408,36.0839],[136.74365,36.08289],[136.74279,36.08198],[136.74197,36.08173],[136.73994,36.08137],[136.73962,36.08117],[136.73889,36.08033],[136.73852,36.08025],[136.73775,36.08045],[136.73604,36.08061],[136.73481,36.08063],[136.73438,36.08049],[136.73226,36.0803],[136.73181,36.08053],[136.73036,36.08152],[136.72955,36.08167],[136.72876,36.08156],[136.72823,36.08131],[136.72701,36.08108],[136.72666,36.08118],[136.725,36.08217],[136.72447,36.08221],[136.72327,36.08191],[136.72138,36.08196],[136.71991,36.08218],[136.71811,36.08156],[136.71748,36.08153],[136.7155,36.08185],[136.71467,36.08176],[136.71368,36.08089],[136.71306,36.0808],[136.7115,36.08102],[136.7111,36.08094],[136.71037,36.08026],[136.70911,36.07978],[136.70754,36.07976],[136.70615,36.07895],[136.70521,36.0779],[136.70389,36.07733],[136.70236,36.07658],[136.70205,36.07621],[136.70175,36.07518],[136.70066,36.07438],[136.69951,36.07389],[136.69715,36.07358],[136.69577,36.07428],[136.69459,36.07387],[136.69382,36.07304],[136.69331,36.07218],[136.69229,36.0715],[136.69102,36.07217],[136.6904,36.07298],[136.68996,36.07311],[136.68924,36.07306],[136.68881,36.07276],[136.68704,36.07218],[136.68591,36.07204],[136.68515,36.07132],[136.68435,36.07113],[136.68294,36.07125],[136.68224,36.07103],[136.68144,36.07098],[136.68084,36.07117],[136.68034,36.07092],[136.67879,36.0705],[136.67804,36.07018],[136.67776,36.06987],[136.6777,36.06903],[136.67713,36.06835],[136.67615,36.06787],[136.67508,36.06783],[136.67411,36.06711],[136.67303,36.06796],[136.67159,36.06867],[136.67112,36.06914],[136.67048,36.06929],[136.66922,36.06807],[136.66842,36.0677],[136.66665,36.06816],[136.6659,36.06787],[136.66503,36.06786],[136.66395,36.06753],[136.66213,36.0675],[136.66178,36.06786],[136.66122,36.06808],[136.65972,36.06848],[136.65881,36.0689],[136.65841,36.06962],[136.65748,36.06947],[136.65689,36.06952],[136.65466,36.06826],[136.65346,36.06793],[136.65213,36.06783],[136.65033,36.06748],[136.64941,36.06718],[136.64803,36.06623],[136.64673,36.0655],[136.64614,36.06486],[136.64519,36.06452],[136.64384,36.06419],[136.64217,36.06407],[136.64112,36.06349],[136.64077,36.06345],[136.63925,36.06247],[136.63885,36.0624],[136.63721,36.06168],[136.63696,36.06103],[136.6369,36.06019],[136.63572,36.05964],[136.63482,36.05898],[136.63487,36.05856],[136.63423,36.05798],[136.63443,36.05724],[136.63487,36.05671],[136.63475,36.0565],[136.63291,36.05529],[136.63268,36.05457],[136.63196,36.05387],[136.63067,36.05345],[136.62913,36.05348],[136.62833,36.05321],[136.6274,36.05262],[136.62565,36.05199],[136.62505,36.0514],[136.62546,36.05078],[136.62528,36.04992],[136.62377,36.04884],[136.62255,36.04766],[136.62168,36.04618],[136.621,36.04603],[136.61968,36.04605],[136.61917,36.04593],[136.6184,36.04526],[136.61805,36.04513],[136.61628,36.04496],[136.61477,36.04447],[136.61378,36.04427],[136.61263,36.04338],[136.61242,36.0428],[136.61232,36.04187],[136.6118,36.04037],[136.61133,36.03948],[136.61037,36.03851],[136.6101,36.03846],[136.60963,36.03858],[136.6083,36.03861],[136.60596,36.03838],[136.60496,36.03813],[136.60401,36.03856],[136.60191,36.03835],[136.60125,36.0385],[136.60007,36.03839],[136.5994,36.03823],[136.59707,36.03714],[136.59607,36.03682],[136.59446,36.03559],[136.59364,36.03525],[136.5927,36.03519],[136.5921,36.035],[136.59164,36.03448],[136.59116,36.03429],[136.5904,36.03388],[136.58939,36.03362],[136.58817,36.03284],[136.58709,36.03156],[136.58636,36.03044],[136.58475,36.02918],[136.58384,36.02864],[136.5826,36.02841],[136.58237,36.02827],[136.58166,36.02699],[136.58119,36.02642],[136.57962,36.02497],[136.57857,36.02414],[136.57718,36.0233],[136.57663,36.02332],[136.57601,36.02333],[136.57591,36.02333],[136.5755,36.02335],[136.5742,36.02336],[136.57376,36.02334],[136.57346,36.0232],[136.57335,36.02308],[136.57296,36.02274],[136.5727,36.02247],[136.57229,36.02198],[136.5719,36.02161],[136.5711,36.0205],[136.57055,36.01947],[136.57009,36.01903],[136.56995,36.01896],[136.56974,36.01888],[136.5693,36.01854],[136.56919,36.01838],[136.56896,36.01797],[136.56886,36.01773],[136.56872,36.01734],[136.56839,36.01602],[136.56832,36.01565],[136.56815,36.01431],[136.56801,36.01343],[136.56797,36.01293],[136.56804,36.01153],[136.56798,36.01105],[136.56787,36.01084],[136.56758,36.01051],[136.56744,36.01043],[136.56664,36.01016],[136.56589,36.00998],[136.56486,36.00996],[136.56455,36.00999],[136.56384,36.00973],[136.56359,36.00941],[136.56327,36.00916],[136.56274,36.00897],[136.56236,36.0089],[136.56197,36.00885],[136.56155,36.00884],[136.56137,36.00885],[136.56107,36.00901],[136.55987,36.01028],[136.55963,36.01056],[136.5594,36.01072],[136.55907,36.01082],[136.55894,36.01081],[136.5587,36.01075],[136.5584,36.01067],[136.55785,36.01066],[136.55715,36.01068],[136.55654,36.01077],[136.55614,36.01087],[136.55527,36.01114],[136.55475,36.01136],[136.55448,36.01146],[136.55386,36.01165],[136.55268,36.01192],[136.55206,36.01192],[136.55117,36.01173],[136.55089,36.01159],[136.55044,36.01132],[136.55012,36.01085],[136.54998,36.00997],[136.54975,36.00972],[136.5481,36.00906],[136.54569,36.00863],[136.54415,36.00754],[136.54382,36.00683],[136.54387,36.00677],[136.54338,36.00703],[136.5431,36.00727],[136.54215,36.00819],[136.54138,36.00908],[136.54098,36.00945],[136.54058,36.00982],[136.53947,36.01046],[136.53805,36.01136],[136.53599,36.01263],[136.53514,36.01316],[136.53304,36.01423],[136.53088,36.01513],[136.53015,36.01536],[136.52914,36.01562],[136.52812,36.01604],[136.52624,36.01693],[136.52367,36.01808],[136.52129,36.01941],[136.52032,36.02002],[136.51855,36.021],[136.51769,36.02166],[136.51711,36.02191],[136.51634,36.02191],[136.51634,36.02158],[136.51691,36.0208],[136.51704,36.01991],[136.51688,36.01898],[136.51656,36.01823],[136.51601,36.01758],[136.51402,36.01848],[136.51301,36.01845],[136.512,36.0183],[136.51111,36.01844],[136.51037,36.0192],[136.50921,36.01942],[136.508,36.01938],[136.50706,36.01909],[136.50583,36.01922],[136.50504,36.01957],[136.50364,36.0195],[136.50311,36.01957],[136.50255,36.01991],[136.50136,36.02121],[136.50074,36.02172],[136.50001,36.02187],[136.4996,36.02192],[136.49845,36.02254],[136.49755,36.02335],[136.49695,36.02426],[136.49658,36.02509],[136.49625,36.02525],[136.49421,36.0255],[136.49355,36.02528],[136.49136,36.02586],[136.49049,36.02597],[136.48831,36.02603],[136.48649,36.02581]],[[136.48594,35.97853],[136.48593,35.97845],[136.48584,35.97856],[136.48594,35.97853]],[[136.49432,35.99288],[136.49375,35.9928],[136.49371,35.99295],[136.49432,35.99288]],[[136.49612,35.99272],[136.49629,35.99268],[136.49615,35.99267],[136.49612,35.99272]],[[136.50476,35.97362],[136.50471,35.9715],[136.50472,35.97252],[136.50476,35.97362]],[[136.49926,36.0103],[136.49791,36.00991],[136.49947,36.01039],[136.49926,36.0103]],[[136.48665,36.00482],[136.48619,36.00471],[136.48665,36.00488],[136.48665,36.00482]],[[136.52697,35.97304],[136.52895,35.97159],[136.52753,35.97261],[136.52697,35.97304]],[[136.50414,35.96186],[136.50416,35.9617],[136.50363,35.9617],[136.50414,35.96186]],[[136.52665,35.95485],[136.52782,35.95491],[136.52108,35.95449],[136.52665,35.95485]],[[136.51505,35.94786],[136.51436,35.94828],[136.51408,35.94854],[136.51505,35.94786]],[[136.49973,35.92431],[136.50019,35.92422],[136.49964,35.92424],[136.49973,35.92431]],[[136.515,35.92649],[136.51481,35.92628],[136.5145,35.92629],[136.515,35.92649]],[[136.49281,35.95397],[136.49246,35.95391],[136.4917,35.95379],[136.49281,35.95397]],[[136.48832,35.94584],[136.48866,35.94545],[136.48812,35.94596],[136.48832,35.94584]],[[136.46007,35.9859],[136.46009,35.98605],[136.46021,35.98612],[136.46007,35.9859]],[[136.48252,35.97206],[136.482,35.97233],[136.48184,35.97243],[136.48252,35.97206]],[[136.52932,35.99293],[136.52931,35.99287],[136.5286,35.99289],[136.52932,35.99293]],[[136.51965,35.99481],[136.51908,35.99442],[136.51936,35.99468],[136.51965,35.99481]],[[136.6021,35.98827],[136.60225,35.98856],[136.60269,35.98896],[136.6021,35.98827]],[[136.57608,35.9959],[136.57581,35.99585],[136.57618,35.99607],[136.57608,35.9959]],[[136.56712,35.99556],[136.56737,35.99516],[136.56701,35.99536],[136.56712,35.99556]],[[136.56282,35.98402],[136.56232,35.9837],[136.56226,35.9838],[136.56282,35.98402]],[[136.56978,35.99183],[136.56974,35.99132],[136.56969,35.99179],[136.56978,35.99183]],[[136.58707,35.98352],[136.58655,35.98353],[136.58691,35.9836],[136.58707,35.98352]],[[136.57043,35.98472],[136.57029,35.98493],[136.57073,35.98496],[136.57043,35.98472]],[[136.57769,35.9695],[136.57742,35.96925],[136.57659,35.96862],[136.57769,35.9695]],[[136.73672,35.86059],[136.73662,35.86051],[136.73668,35.86061],[136.73672,35.86059]]],[[[136.52466,35.98655],[136.51889,35.9851],[136.52226,35.98594],[136.52466,35.98655]]]]}},{"type":"Feature","properties":{"nm":"勝山市","b":[136.3883,36.0068,136.6588,36.1591],"c":[136.52164,36.08442]},"geometry":{"type":"MultiPolygon","coordinates":[[[[136.49399,36.06184],[136.49322,36.06296],[136.49328,36.06287],[136.49399,36.06184]]],[[[136.49176,36.06509],[136.49131,36.06575],[136.49167,36.06521],[136.49176,36.06509]]],[[[136.43879,36.0752],[136.43868,36.07301],[136.43948,36.07043],[136.43959,36.06978],[136.4389,36.06804],[136.43864,36.06766],[136.43863,36.06721],[136.43821,36.06641],[136.4382,36.06519],[136.43718,36.0642],[136.43671,36.0632],[136.43608,36.06226],[136.43604,36.06179],[136.43542,36.06127],[136.43438,36.06075],[136.4344,36.059],[136.43405,36.05872],[136.43311,36.05863],[136.43257,36.0579],[136.43274,36.0569],[136.43248,36.0562],[136.43272,36.0548],[136.43246,36.05437],[136.43286,36.05378],[136.43327,36.05275],[136.43308,36.05179],[136.43329,36.05129],[136.43375,36.05095],[136.43536,36.0504],[136.43565,36.05018],[136.43512,36.04983],[136.43436,36.048],[136.43368,36.04696],[136.43327,36.0461],[136.43276,36.04581],[136.43277,36.04513],[136.4319,36.04327],[136.4321,36.04305],[136.43231,36.04291],[136.43283,36.04193],[136.43268,36.04155],[136.43258,36.04106],[136.4327,36.04037],[136.43323,36.04014],[136.43421,36.03989],[136.43524,36.03891],[136.43559,36.03829],[136.43683,36.03693],[136.43724,36.03637],[136.43806,36.03572],[136.43871,36.03482],[136.43951,36.03405],[136.43971,36.03371],[136.4397,36.03283],[136.44086,36.03238],[136.4413,36.03213],[136.44154,36.03138],[136.44218,36.03074],[136.44231,36.03042],[136.44219,36.02935],[136.44264,36.02777],[136.44276,36.02693],[136.44385,36.02613],[136.44475,36.02562],[136.44473,36.02503],[136.44464,36.02465],[136.44484,36.0242],[136.44533,36.02326],[136.44541,36.02266],[136.44529,36.02219],[136.44602,36.02121],[136.44638,36.021],[136.44731,36.02071],[136.44874,36.02048],[136.4494,36.02018],[136.45046,36.01939],[136.4514,36.01853],[136.45193,36.01827],[136.45299,36.01799],[136.45403,36.01824],[136.45544,36.01793],[136.45608,36.01793],[136.45697,36.01761],[136.45781,36.01641],[136.45914,36.01645],[136.46047,36.01695],[136.46159,36.01683],[136.463,36.01685],[136.46377,36.01696],[136.46452,36.01732],[136.46578,36.01813],[136.46732,36.0184],[136.46756,36.02051],[136.46815,36.02278],[136.46923,36.02565],[136.46982,36.02667],[136.47091,36.02784],[136.47136,36.02817],[136.47223,36.02853],[136.47452,36.02886],[136.47519,36.02885],[136.47677,36.02807],[136.47785,36.02722],[136.47859,36.02663],[136.47972,36.02625],[136.4804,36.02615],[136.48063,36.02612],[136.48162,36.02599],[136.48307,36.02583],[136.48435,36.02567],[136.48649,36.02581],[136.48831,36.02603],[136.49049,36.02597],[136.49136,36.02586],[136.49355,36.02528],[136.49421,36.0255],[136.49625,36.02525],[136.49658,36.02509],[136.49695,36.02426],[136.49755,36.02335],[136.49845,36.02254],[136.4996,36.02192],[136.50001,36.02187],[136.50074,36.02172],[136.50136,36.02121],[136.50255,36.01991],[136.50311,36.01957],[136.50364,36.0195],[136.50504,36.01957],[136.50583,36.01922],[136.50706,36.01909],[136.508,36.01938],[136.50921,36.01942],[136.51037,36.0192],[136.51111,36.01844],[136.512,36.0183],[136.51301,36.01845],[136.51402,36.01848],[136.51601,36.01758],[136.51656,36.01823],[136.51688,36.01898],[136.51704,36.01991],[136.51691,36.0208],[136.51634,36.02158],[136.51634,36.02191],[136.51711,36.02191],[136.51769,36.02166],[136.51855,36.021],[136.52032,36.02002],[136.52129,36.01941],[136.52367,36.01808],[136.52624,36.01693],[136.52812,36.01604],[136.52914,36.01562],[136.53015,36.01536],[136.53088,36.01513],[136.53304,36.01423],[136.53514,36.01316],[136.53599,36.01263],[136.53805,36.01136],[136.53947,36.01046],[136.54058,36.00982],[136.54098,36.00945],[136.54138,36.00908],[136.54215,36.00819],[136.5431,36.00727],[136.54338,36.00703],[136.54382,36.00683],[136.54415,36.00754],[136.54569,36.00863],[136.5481,36.00906],[136.54975,36.00972],[136.54998,36.00997],[136.55012,36.01085],[136.55044,36.01132],[136.55089,36.01159],[136.55117,36.01173],[136.55206,36.01192],[136.55268,36.01192],[136.55386,36.01165],[136.55448,36.01146],[136.55475,36.01136],[136.55527,36.01114],[136.55614,36.01087],[136.55654,36.01077],[136.55715,36.01068],[136.55785,36.01066],[136.5584,36.01067],[136.5587,36.01075],[136.55894,36.01081],[136.55907,36.01082],[136.5594,36.01072],[136.55963,36.01056],[136.55987,36.01028],[136.56107,36.00901],[136.56137,36.00885],[136.56155,36.00884],[136.56197,36.00885],[136.56236,36.0089],[136.56274,36.00897],[136.56327,36.00916],[136.56359,36.00941],[136.56384,36.00973],[136.56455,36.00999],[136.56486,36.00996],[136.56589,36.00998],[136.56664,36.01016],[136.56744,36.01043],[136.56758,36.01051],[136.56787,36.01084],[136.56798,36.01105],[136.56804,36.01153],[136.56797,36.01293],[136.56801,36.01343],[136.56815,36.01431],[136.56832,36.01565],[136.56839,36.01602],[136.56872,36.01734],[136.56886,36.01773],[136.56896,36.01797],[136.56919,36.01838],[136.5693,36.01854],[136.56974,36.01888],[136.56995,36.01896],[136.57009,36.01903],[136.57055,36.01947],[136.5711,36.0205],[136.5719,36.02161],[136.57229,36.02198],[136.5727,36.02247],[136.57296,36.02274],[136.57335,36.02308],[136.57346,36.0232],[136.57376,36.02334],[136.5742,36.02336],[136.5755,36.02335],[136.57591,36.02333],[136.57663,36.02332],[136.57718,36.0233],[136.57857,36.02414],[136.57962,36.02497],[136.58119,36.02642],[136.58166,36.02699],[136.58237,36.02827],[136.5826,36.02841],[136.58384,36.02864],[136.58475,36.02918],[136.58636,36.03044],[136.58709,36.03156],[136.58817,36.03284],[136.58939,36.03362],[136.5904,36.03388],[136.59116,36.03429],[136.59164,36.03448],[136.5921,36.035],[136.5927,36.03519],[136.59364,36.03525],[136.59446,36.03559],[136.59607,36.03682],[136.59707,36.03714],[136.5994,36.03823],[136.60007,36.03839],[136.60125,36.0385],[136.60191,36.03835],[136.60401,36.03856],[136.60496,36.03813],[136.60596,36.03838],[136.6083,36.03861],[136.60963,36.03858],[136.6101,36.03846],[136.61037,36.03851],[136.61133,36.03948],[136.6118,36.04037],[136.61232,36.04187],[136.61242,36.0428],[136.61263,36.04338],[136.61378,36.04427],[136.61477,36.04447],[136.61628,36.04496],[136.61805,36.04513],[136.6184,36.04526],[136.61917,36.04593],[136.61968,36.04605],[136.621,36.04603],[136.62168,36.04618],[136.62255,36.04766],[136.62377,36.04884],[136.62528,36.04992],[136.62546,36.05078],[136.62505,36.0514],[136.62565,36.05199],[136.6274,36.05262],[136.62833,36.05321],[136.62913,36.05348],[136.63067,36.05345],[136.63196,36.05387],[136.63268,36.05457],[136.63291,36.05529],[136.63475,36.0565],[136.63487,36.05671],[136.63443,36.05724],[136.63423,36.05798],[136.63487,36.05856],[136.63482,36.05898],[136.63572,36.05964],[136.6369,36.06019],[136.63696,36.06103],[136.63721,36.06168],[136.63885,36.0624],[136.63925,36.06247],[136.64077,36.06345],[136.64112,36.06349],[136.64217,36.06407],[136.64384,36.06419],[136.64519,36.06452],[136.64614,36.06486],[136.64673,36.0655],[136.64803,36.06623],[136.64941,36.06718],[136.65033,36.06748],[136.65213,36.06783],[136.65346,36.06793],[136.65466,36.06826],[136.65689,36.06952],[136.65748,36.06947],[136.65841,36.06962],[136.65882,36.07068],[136.65866,36.07142],[136.65804,36.07268],[136.65792,36.07338],[136.65756,36.07387],[136.65748,36.07457],[136.65712,36.07497],[136.65544,36.07555],[136.65477,36.07767],[136.65541,36.07869],[136.65626,36.07948],[136.65632,36.08034],[136.65612,36.0809],[136.65668,36.08199],[136.65704,36.08321],[136.65669,36.08427],[136.65456,36.08503],[136.65437,36.08538],[136.65316,36.08641],[136.65328,36.087],[136.65248,36.08876],[136.65169,36.08926],[136.65144,36.09015],[136.65168,36.09121],[136.65134,36.09203],[136.65047,36.09252],[136.64895,36.09283],[136.64661,36.09394],[136.64643,36.09426],[136.64542,36.09471],[136.64479,36.09545],[136.64416,36.09644],[136.64347,36.09705],[136.64247,36.09742],[136.64201,36.09795],[136.64086,36.09824],[136.64042,36.09867],[136.63967,36.09898],[136.63919,36.09901],[136.63774,36.09862],[136.63742,36.09835],[136.63618,36.0983],[136.63509,36.09895],[136.63386,36.09898],[136.6323,36.09928],[136.63171,36.09971],[136.63126,36.10043],[136.63078,36.1009],[136.62992,36.10134],[136.62932,36.10215],[136.62941,36.10254],[136.62833,36.1028],[136.62712,36.10373],[136.62587,36.10385],[136.62502,36.10414],[136.62438,36.10479],[136.62296,36.10554],[136.62236,36.10629],[136.62091,36.10655],[136.61986,36.10664],[136.61847,36.10646],[136.61741,36.10662],[136.61688,36.10732],[136.61647,36.10757],[136.6148,36.10802],[136.61427,36.10883],[136.61396,36.10959],[136.61325,36.11074],[136.61313,36.11153],[136.61202,36.11149],[136.61163,36.11187],[136.61123,36.1127],[136.61161,36.11318],[136.61197,36.11327],[136.61267,36.11453],[136.61247,36.11531],[136.6123,36.11633],[136.61195,36.11687],[136.61121,36.11687],[136.61022,36.11768],[136.60977,36.11833],[136.60842,36.11867],[136.60796,36.11939],[136.60648,36.11993],[136.60552,36.12058],[136.60556,36.12135],[136.60423,36.12216],[136.60417,36.1227],[136.60453,36.12381],[136.60462,36.12464],[136.60407,36.12538],[136.60371,36.12558],[136.60286,36.12662],[136.60298,36.12741],[136.60325,36.12788],[136.60248,36.12867],[136.60141,36.12961],[136.59982,36.13047],[136.59932,36.13042],[136.5982,36.1307],[136.59682,36.1307],[136.59635,36.13144],[136.5958,36.13189],[136.59506,36.13189],[136.59412,36.13151],[136.593,36.13142],[136.59167,36.13111],[136.59058,36.13101],[136.58968,36.13158],[136.58856,36.13246],[136.58742,36.13248],[136.58653,36.13318],[136.58676,36.13392],[136.58613,36.13444],[136.5857,36.13504],[136.58548,36.13597],[136.5822,36.13622],[136.58111,36.1365],[136.58036,36.1368],[136.58006,36.13712],[136.58013,36.13765],[136.57937,36.13839],[136.57869,36.13848],[136.57812,36.13947],[136.57736,36.14131],[136.5763,36.14224],[136.57468,36.14228],[136.57403,36.14287],[136.5726,36.14316],[136.57201,36.14355],[136.5709,36.14341],[136.56879,36.14447],[136.56829,36.14447],[136.56755,36.14422],[136.5656,36.14405],[136.56479,36.14434],[136.56305,36.14468],[136.56311,36.14571],[136.56294,36.14614],[136.56211,36.14731],[136.56224,36.14776],[136.56206,36.14841],[136.56132,36.14997],[136.56047,36.15129],[136.56027,36.1526],[136.55995,36.15308],[136.55834,36.15324],[136.55777,36.1528],[136.55681,36.15299],[136.5554,36.15294],[136.55454,36.15314],[136.55377,36.15384],[136.55251,36.15429],[136.55234,36.15451],[136.55173,36.15476],[136.55078,36.15446],[136.5491,36.15467],[136.54795,36.15411],[136.54754,36.15365],[136.54643,36.15302],[136.54504,36.153],[136.54181,36.15364],[136.54146,36.15367],[136.53987,36.1534],[136.53826,36.15241],[136.53812,36.1514],[136.53776,36.15092],[136.53751,36.15028],[136.53611,36.14998],[136.53557,36.14979],[136.53528,36.14946],[136.53401,36.14944],[136.5336,36.14857],[136.53302,36.14824],[136.53285,36.1476],[136.53146,36.14745],[136.53074,36.14755],[136.53036,36.14838],[136.52989,36.14895],[136.52864,36.14889],[136.52803,36.14859],[136.52642,36.14835],[136.52516,36.14982],[136.52445,36.1503],[136.52319,36.15068],[136.52149,36.15136],[136.52061,36.15098],[136.52004,36.15046],[136.5191,36.15015],[136.51843,36.14956],[136.5174,36.14937],[136.51521,36.14851],[136.51443,36.14854],[136.51295,36.14725],[136.51221,36.14689],[136.51159,36.14626],[136.51098,36.14623],[136.50969,36.14639],[136.5088,36.14664],[136.50645,36.14658],[136.50532,36.14679],[136.50484,36.1471],[136.50416,36.14839],[136.5042,36.14906],[136.50403,36.14941],[136.5028,36.14983],[136.50178,36.1497],[136.50084,36.15007],[136.49958,36.14978],[136.49898,36.14982],[136.49821,36.14962],[136.49667,36.14972],[136.49633,36.15007],[136.49592,36.15098],[136.49524,36.15195],[136.4948,36.15305],[136.495,36.15372],[136.49371,36.15596],[136.49334,36.15645],[136.4926,36.15693],[136.49223,36.15736],[136.49165,36.15847],[136.49114,36.15848],[136.48954,36.15906],[136.48855,36.15904],[136.48721,36.15857],[136.48606,36.15756],[136.4852,36.15728],[136.48406,36.15734],[136.48295,36.15679],[136.48277,36.15582],[136.48098,36.15413],[136.47907,36.15275],[136.47717,36.15164],[136.4768,36.15071],[136.47562,36.14911],[136.47547,36.1483],[136.47476,36.14796],[136.47406,36.14658],[136.47329,36.14686],[136.47156,36.14648],[136.47064,36.14589],[136.46802,36.14263],[136.46757,36.1422],[136.46637,36.14187],[136.46533,36.14059],[136.46521,36.14004],[136.46477,36.13941],[136.46438,36.13795],[136.46403,36.13765],[136.46301,36.13746],[136.46139,36.13672],[136.46082,36.1366],[136.45991,36.13683],[136.4588,36.1368],[136.45701,36.13658],[136.4563,36.13635],[136.4553,36.13717],[136.45338,36.138],[136.45166,36.13823],[136.45121,36.13879],[136.44972,36.14003],[136.44855,36.14075],[136.44684,36.14001],[136.44546,36.13988],[136.44507,36.13959],[136.44414,36.1392],[136.44249,36.1383],[136.4421,36.13801],[136.44201,36.13749],[136.44171,36.13729],[136.44039,36.13731],[136.4401,36.13689],[136.43997,36.13564],[136.43959,36.13479],[136.43867,36.13441],[136.43775,36.13375],[136.43718,36.13375],[136.43631,36.13403],[136.43589,36.13412],[136.43535,36.13436],[136.43462,36.13434],[136.434,36.1343],[136.43315,36.13358],[136.43254,36.13327],[136.43126,36.13334],[136.43082,36.13324],[136.43012,36.13293],[136.42924,36.13217],[136.42894,36.13217],[136.4283,36.13262],[136.42717,36.13309],[136.42627,36.13316],[136.42591,36.13334],[136.42545,36.13363],[136.42469,36.13329],[136.42409,36.13319],[136.42291,36.13304],[136.42232,36.13287],[136.42121,36.13264],[136.4193,36.13222],[136.41818,36.13157],[136.41609,36.13129],[136.41324,36.13031],[136.41241,36.12993],[136.4093,36.12891],[136.40829,36.12884],[136.40707,36.12828],[136.40624,36.12842],[136.40385,36.12805],[136.40335,36.12794],[136.40231,36.12798],[136.40192,36.12744],[136.40149,36.12721],[136.40097,36.12629],[136.4002,36.12594],[136.40001,36.12544],[136.3992,36.12483],[136.39886,36.12479],[136.39796,36.12514],[136.39603,36.12508],[136.39539,36.12473],[136.39483,36.1251],[136.39372,36.12519],[136.39329,36.12512],[136.39264,36.12497],[136.39218,36.12375],[136.39185,36.12321],[136.39162,36.12206],[136.39164,36.12193],[136.39117,36.12058],[136.39119,36.12031],[136.39154,36.11977],[136.39152,36.11896],[136.39117,36.11775],[136.39113,36.11723],[136.39115,36.11633],[136.39274,36.1155],[136.39368,36.11484],[136.39515,36.11432],[136.39692,36.11358],[136.39753,36.11311],[136.39827,36.11221],[136.39882,36.11171],[136.39882,36.11126],[136.39852,36.11006],[136.39823,36.10935],[136.39834,36.10865],[136.39867,36.10826],[136.39899,36.10777],[136.39952,36.10666],[136.39993,36.10633],[136.40124,36.10612],[136.40198,36.10557],[136.40242,36.10541],[136.40268,36.10468],[136.40215,36.10349],[136.40218,36.10309],[136.40288,36.10149],[136.40282,36.10099],[136.40355,36.09987],[136.40416,36.09926],[136.40412,36.09917],[136.40318,36.09865],[136.40199,36.09821],[136.4006,36.09748],[136.40019,36.0969],[136.39964,36.09648],[136.39864,36.09621],[136.39837,36.09531],[136.39722,36.09425],[136.39658,36.09382],[136.39581,36.09279],[136.39562,36.09213],[136.39466,36.09175],[136.39328,36.09152],[136.3929,36.09125],[136.39274,36.09083],[136.39087,36.09065],[136.38924,36.09073],[136.38843,36.0909],[136.38834,36.09063],[136.38832,36.08771],[136.38981,36.08752],[136.39159,36.08708],[136.39214,36.08685],[136.39342,36.08627],[136.39422,36.08577],[136.39594,36.08507],[136.39679,36.08471],[136.39736,36.08453],[136.39789,36.08436],[136.39911,36.08392],[136.40025,36.08364],[136.40238,36.08308],[136.40418,36.08245],[136.40485,36.08229],[136.40653,36.08158],[136.40793,36.08097],[136.40964,36.08035],[136.41231,36.07988],[136.41612,36.0791],[136.42005,36.07844],[136.42204,36.07793],[136.42475,36.07731],[136.42963,36.07624],[136.43073,36.07604],[136.43266,36.07606],[136.43409,36.07588],[136.43415,36.07587],[136.4377,36.07529],[136.43879,36.0752]],[[136.49747,36.05612],[136.49636,36.05839],[136.49707,36.05701],[136.49747,36.05612]],[[136.49433,36.06125],[136.49399,36.06184],[136.49438,36.06128],[136.49433,36.06125]],[[136.49482,36.07096],[136.49496,36.07115],[136.49516,36.07136],[136.49482,36.07096]],[[136.49964,36.07506],[136.4997,36.07508],[136.50027,36.07496],[136.49964,36.07506]],[[136.51,36.07014],[136.51073,36.07025],[136.50984,36.07011],[136.51,36.07014]],[[136.59538,36.0728],[136.59487,36.07388],[136.59587,36.07193],[136.59538,36.0728]],[[136.51506,36.04908],[136.51502,36.04915],[136.51508,36.04926],[136.51506,36.04908]],[[136.4476,36.07427],[136.44651,36.07447],[136.44745,36.07439],[136.4476,36.07427]],[[136.48557,36.07544],[136.4867,36.07525],[136.48266,36.07591],[136.48557,36.07544]],[[136.46089,36.07924],[136.46281,36.07843],[136.46126,36.07904],[136.46089,36.079],[136.46089,36.07924]],[[136.50287,36.10008],[136.50463,36.10025],[136.50541,36.10032],[136.50287,36.10008]],[[136.5375,36.09646],[136.53719,36.09558],[136.53735,36.09624],[136.5375,36.09646]],[[136.56734,36.10767],[136.56746,36.10756],[136.56752,36.10733],[136.56734,36.10767]],[[136.47597,36.03853],[136.47584,36.0394],[136.47586,36.03934],[136.47597,36.03853]],[[136.46248,36.06317],[136.46282,36.06289],[136.46347,36.06219],[136.46331,36.06235],[136.46248,36.06317]],[[136.46771,36.06093],[136.46793,36.06091],[136.46855,36.06066],[136.46771,36.06093]]],[[[136.48734,36.06813],[136.48657,36.06837],[136.48623,36.06848],[136.48681,36.06829],[136.48734,36.06813]]]]}},{"type":"Feature","properties":{"nm":"鯖江市","b":[136.1239,35.9264,136.3366,36.0003],"c":[136.21824,35.95935]},"geometry":{"type":"Polygon","coordinates":[[[136.1831,35.93047],[136.18612,35.93055],[136.18979,35.93056],[136.19052,35.93044],[136.19119,35.93049],[136.19857,35.93066],[136.20071,35.93085],[136.20091,35.93085],[136.20087,35.92891],[136.20112,35.92891],[136.20149,35.92888],[136.2039,35.929],[136.20616,35.929],[136.20898,35.92944],[136.21055,35.92898],[136.21329,35.92903],[136.21544,35.92926],[136.21677,35.92946],[136.21672,35.93036],[136.21736,35.93038],[136.21745,35.93131],[136.21784,35.93164],[136.21778,35.93216],[136.21802,35.93271],[136.21911,35.93302],[136.21979,35.93213],[136.22043,35.93191],[136.22198,35.93202],[136.22257,35.93172],[136.22367,35.93066],[136.22469,35.93082],[136.22474,35.93104],[136.22572,35.93244],[136.22592,35.9338],[136.2257,35.93442],[136.22605,35.93517],[136.22552,35.93574],[136.22568,35.93691],[136.22592,35.93744],[136.22562,35.93824],[136.22635,35.93862],[136.22825,35.93918],[136.23076,35.94034],[136.23196,35.94079],[136.23204,35.94086],[136.23243,35.94124],[136.23342,35.94232],[136.23423,35.94334],[136.23501,35.9438],[136.23541,35.9446],[136.23576,35.94476],[136.23645,35.94504],[136.2368,35.94458],[136.23682,35.94444],[136.24041,35.94446],[136.2404,35.94481],[136.24038,35.94528],[136.24038,35.94557],[136.24036,35.94607],[136.24037,35.94659],[136.24035,35.94679],[136.24035,35.94683],[136.24035,35.94842],[136.24145,35.94842],[136.24149,35.94842],[136.24522,35.94845],[136.24891,35.94872],[136.24886,35.9438],[136.24995,35.94301],[136.25111,35.94166],[136.25133,35.94154],[136.25138,35.94153],[136.25335,35.94287],[136.25408,35.94285],[136.25449,35.94305],[136.25534,35.94313],[136.25649,35.94252],[136.25787,35.94208],[136.25922,35.94184],[136.26075,35.94131],[136.26155,35.94091],[136.26356,35.94117],[136.26439,35.94081],[136.26536,35.94076],[136.26612,35.94085],[136.26634,35.94083],[136.26671,35.94072],[136.26691,35.94066],[136.26729,35.94061],[136.26752,35.94064],[136.26777,35.94066],[136.2681,35.9408],[136.26839,35.94091],[136.26887,35.941],[136.269,35.94103],[136.26947,35.94125],[136.26962,35.94132],[136.2706,35.94141],[136.27065,35.94142],[136.27068,35.94141],[136.27095,35.94138],[136.27177,35.94165],[136.27229,35.94171],[136.2725,35.94171],[136.27287,35.94164],[136.27341,35.94158],[136.27363,35.94159],[136.27376,35.94161],[136.27485,35.9416],[136.27566,35.94105],[136.27623,35.941],[136.27691,35.94089],[136.27722,35.94094],[136.27735,35.94101],[136.27758,35.94111],[136.27902,35.94139],[136.28003,35.94122],[136.28072,35.94144],[136.28192,35.94162],[136.2824,35.94223],[136.2826,35.94234],[136.28347,35.94275],[136.28371,35.94287],[136.28466,35.94329],[136.28492,35.9433],[136.28517,35.94326],[136.28551,35.94322],[136.28588,35.94322],[136.28635,35.94338],[136.28689,35.94364],[136.28735,35.94387],[136.2875,35.94392],[136.28785,35.94401],[136.28814,35.94436],[136.28913,35.94505],[136.28949,35.94516],[136.29077,35.94467],[136.2927,35.94421],[136.2939,35.94409],[136.29519,35.94363],[136.29543,35.94357],[136.2959,35.94351],[136.29621,35.94307],[136.29643,35.94299],[136.29745,35.9433],[136.29841,35.94381],[136.29863,35.94424],[136.29957,35.94447],[136.30023,35.94432],[136.30066,35.94426],[136.30088,35.94396],[136.30115,35.9438],[136.30153,35.9438],[136.30172,35.94381],[136.30197,35.94371],[136.30228,35.94335],[136.30343,35.94273],[136.30383,35.94276],[136.30456,35.94318],[136.30465,35.94326],[136.30529,35.94286],[136.30622,35.94287],[136.30742,35.94254],[136.30937,35.94244],[136.30955,35.9423],[136.31011,35.94128],[136.30975,35.94093],[136.31008,35.94023],[136.31065,35.94006],[136.31106,35.93978],[136.31148,35.93946],[136.31269,35.93919],[136.31318,35.93832],[136.31403,35.93764],[136.31411,35.93752],[136.31414,35.93715],[136.31435,35.9371],[136.31506,35.93721],[136.31568,35.93748],[136.31666,35.93752],[136.31709,35.93751],[136.31725,35.93628],[136.3178,35.93617],[136.31881,35.93566],[136.31966,35.93518],[136.31964,35.9348],[136.31974,35.93428],[136.32018,35.93389],[136.32169,35.93323],[136.32208,35.93284],[136.32235,35.93247],[136.32396,35.93014],[136.32417,35.92969],[136.32456,35.92959],[136.32527,35.92946],[136.3267,35.92894],[136.32716,35.92891],[136.3278,35.92909],[136.32884,35.92904],[136.33,35.92857],[136.3306,35.92847],[136.33174,35.92868],[136.33247,35.92861],[136.33373,35.92878],[136.33356,35.92968],[136.33409,35.93009],[136.33417,35.93078],[136.33381,35.93141],[136.3336,35.93276],[136.33387,35.93326],[136.33339,35.93414],[136.33408,35.9352],[136.33367,35.93564],[136.33324,35.937],[136.33328,35.93738],[136.33379,35.93812],[136.33404,35.93933],[136.33356,35.93955],[136.33312,35.9401],[136.33193,35.94055],[136.33143,35.94151],[136.33145,35.94213],[136.33127,35.9428],[136.33171,35.94344],[136.3321,35.94366],[136.33235,35.94414],[136.33297,35.9446],[136.33335,35.9455],[136.3336,35.94576],[136.33424,35.94598],[136.33447,35.94651],[136.33492,35.94673],[136.33489,35.94757],[136.33569,35.9483],[136.33604,35.94891],[136.33597,35.94939],[136.33623,35.95035],[136.33657,35.95118],[136.33626,35.95153],[136.3349,35.95131],[136.33435,35.95113],[136.33394,35.95128],[136.33313,35.95113],[136.33275,35.95157],[136.333,35.95197],[136.33256,35.95228],[136.33028,35.95181],[136.32971,35.95213],[136.32917,35.95176],[136.32896,35.95081],[136.32822,35.95036],[136.32785,35.95034],[136.32761,35.95075],[136.32689,35.95096],[136.32622,35.95147],[136.32532,35.95141],[136.32475,35.95187],[136.32302,35.95181],[136.32243,35.95269],[136.3229,35.95343],[136.3225,35.95375],[136.32292,35.95499],[136.32282,35.95568],[136.32298,35.95629],[136.32273,35.95693],[136.32168,35.95707],[136.32086,35.95738],[136.32008,35.95786],[136.31765,35.95806],[136.31809,35.95955],[136.31815,35.96054],[136.31794,35.96106],[136.31713,35.96188],[136.31748,35.96245],[136.31726,35.96337],[136.31778,35.96434],[136.31667,35.96437],[136.31532,35.96417],[136.31359,35.96508],[136.31319,35.96586],[136.31265,35.96608],[136.31139,35.96606],[136.31093,35.96579],[136.31022,35.96571],[136.30964,35.96533],[136.30867,35.96534],[136.30791,35.96517],[136.30743,35.96476],[136.30672,35.96486],[136.30607,35.96462],[136.30497,35.96472],[136.30435,35.96445],[136.30313,35.9645],[136.3021,35.9653],[136.30167,35.96568],[136.3013,35.96632],[136.30023,35.96857],[136.29932,35.9688],[136.29886,35.9691],[136.29728,35.96934],[136.29719,35.96965],[136.29719,35.97051],[136.29666,35.97105],[136.29615,35.97123],[136.2946,35.97141],[136.29352,35.97194],[136.2921,35.97302],[136.29171,35.97356],[136.29038,35.97406],[136.28993,35.97398],[136.28926,35.97348],[136.28743,35.97273],[136.28687,35.97271],[136.28545,35.97361],[136.28484,35.97372],[136.28381,35.97312],[136.28279,35.97192],[136.28241,35.97176],[136.28085,35.97158],[136.28002,35.97173],[136.27965,35.97164],[136.27887,35.97191],[136.27805,35.97202],[136.27685,35.97212],[136.27588,35.97196],[136.27478,35.97217],[136.27463,35.97238],[136.27434,35.97395],[136.27384,35.97505],[136.27308,35.97567],[136.2724,35.97563],[136.27134,35.97675],[136.2712,35.97703],[136.27131,35.97824],[136.2706,35.97838],[136.27022,35.97816],[136.26928,35.97803],[136.2681,35.97809],[136.2673,35.97793],[136.26665,35.97824],[136.26616,35.97884],[136.26462,35.97949],[136.26391,35.97954],[136.26314,35.97902],[136.26277,35.97893],[136.26192,35.97913],[136.2614,35.97947],[136.26068,35.97968],[136.26042,35.97992],[136.25935,35.98032],[136.25893,35.97981],[136.2584,35.97984],[136.25765,35.98016],[136.25701,35.98012],[136.25658,35.9799],[136.25608,35.98007],[136.25508,35.97961],[136.25436,35.97944],[136.25357,35.97993],[136.25328,35.98026],[136.2519,35.98039],[136.25087,35.98126],[136.25012,35.98164],[136.24904,35.98194],[136.24747,35.98101],[136.24739,35.98098],[136.24496,35.98199],[136.24385,35.98237],[136.2431,35.9822],[136.24245,35.98266],[136.24018,35.98338],[136.23954,35.98342],[136.23887,35.98343],[136.23873,35.98344],[136.2384,35.98387],[136.23793,35.98396],[136.23648,35.98521],[136.2364,35.98581],[136.23507,35.98791],[136.23359,35.98835],[136.23291,35.98925],[136.23279,35.98958],[136.23228,35.98986],[136.23228,35.99064],[136.23022,35.99061],[136.22987,35.99075],[136.22935,35.99097],[136.22938,35.99066],[136.22886,35.9902],[136.22833,35.98994],[136.22775,35.98973],[136.22743,35.98957],[136.22637,35.98952],[136.22516,35.98981],[136.22434,35.9903],[136.22386,35.99039],[136.22329,35.98963],[136.22214,35.98926],[136.22167,35.9887],[136.22149,35.98824],[136.21986,35.98788],[136.21939,35.98639],[136.21908,35.98616],[136.21921,35.98539],[136.21887,35.98459],[136.21735,35.98413],[136.21653,35.98368],[136.21527,35.98344],[136.21495,35.98299],[136.21517,35.98173],[136.2153,35.98161],[136.21527,35.98075],[136.21521,35.98048],[136.21466,35.97977],[136.21383,35.97892],[136.21364,35.97861],[136.21354,35.97843],[136.21334,35.97833],[136.21321,35.97829],[136.2127,35.97811],[136.21179,35.97785],[136.21078,35.97748],[136.21007,35.97744],[136.20971,35.97724],[136.20925,35.9764],[136.20886,35.976],[136.20897,35.97555],[136.20864,35.97485],[136.20855,35.97439],[136.20822,35.97425],[136.20792,35.97367],[136.20772,35.97333],[136.20787,35.97223],[136.20761,35.97137],[136.2075,35.97105],[136.2074,35.97076],[136.20713,35.97078],[136.20689,35.9708],[136.20666,35.97084],[136.20578,35.97105],[136.20551,35.97118],[136.20543,35.97157],[136.20536,35.97196],[136.20497,35.97274],[136.20428,35.9735],[136.20366,35.97343],[136.20257,35.97376],[136.20212,35.97394],[136.20126,35.97427],[136.20138,35.97436],[136.20165,35.97469],[136.20166,35.97471],[136.20166,35.97481],[136.20156,35.97518],[136.20141,35.97547],[136.20155,35.97583],[136.20185,35.97606],[136.20265,35.97588],[136.20276,35.97589],[136.20344,35.97618],[136.20376,35.97686],[136.20388,35.97718],[136.20434,35.97669],[136.20458,35.97634],[136.20479,35.9767],[136.20512,35.97749],[136.20434,35.9778],[136.20394,35.97798],[136.20444,35.97865],[136.20492,35.97852],[136.20515,35.97895],[136.20448,35.97917],[136.20509,35.98064],[136.20449,35.98081],[136.20473,35.98138],[136.20415,35.98156],[136.20486,35.98325],[136.20566,35.98512],[136.20592,35.98505],[136.2062,35.98496],[136.20639,35.98537],[136.20655,35.98579],[136.20563,35.98625],[136.20483,35.98661],[136.19953,35.98888],[136.19835,35.98939],[136.19616,35.99027],[136.19543,35.99055],[136.19492,35.99075],[136.19458,35.99087],[136.19429,35.99022],[136.19413,35.98985],[136.19384,35.98923],[136.19353,35.98921],[136.19369,35.9895],[136.1929,35.98958],[136.19195,35.9897],[136.19106,35.98979],[136.19163,35.99041],[136.19109,35.99056],[136.19054,35.99073],[136.19041,35.99031],[136.18944,35.99063],[136.18925,35.99072],[136.18657,35.98934],[136.18586,35.98998],[136.18535,35.99014],[136.18501,35.99053],[136.18513,35.9921],[136.18416,35.99212],[136.18316,35.99251],[136.18284,35.99295],[136.18202,35.99321],[136.18112,35.99312],[136.18059,35.99397],[136.17988,35.99434],[136.17942,35.99475],[136.17906,35.99477],[136.1796,35.99559],[136.17934,35.99688],[136.17967,35.99797],[136.18047,35.99853],[136.18064,35.99928],[136.18034,35.99957],[136.17923,35.99984],[136.17833,36.00009],[136.17757,36.00027],[136.17705,36.00018],[136.17666,36.00014],[136.17663,36.0001],[136.17644,35.9999],[136.17579,35.99984],[136.17488,35.9996],[136.17466,35.99953],[136.17414,35.99931],[136.17363,35.99918],[136.17339,35.99912],[136.17316,35.99906],[136.1729,35.99906],[136.17259,35.99911],[136.17254,35.9991],[136.17236,35.99897],[136.17227,35.99886],[136.17212,35.99874],[136.17194,35.99862],[136.17099,35.99842],[136.17004,35.99822],[136.16967,35.99809],[136.16915,35.99787],[136.16904,35.99786],[136.16879,35.99788],[136.16825,35.9979],[136.1679,35.99786],[136.16752,35.9975],[136.16717,35.99718],[136.16709,35.99712],[136.16692,35.99702],[136.16681,35.99691],[136.16674,35.99683],[136.16625,35.9962],[136.16608,35.99612],[136.16518,35.99645],[136.16459,35.99683],[136.16393,35.99656],[136.16304,35.99691],[136.16047,35.997],[136.16069,35.99813],[136.15921,35.99827],[136.15918,35.99827],[136.15865,35.99832],[136.15782,35.99684],[136.15744,35.99596],[136.15767,35.99597],[136.15818,35.996],[136.16021,35.99611],[136.16103,35.9945],[136.16133,35.99391],[136.161,35.99388],[136.15809,35.99363],[136.15554,35.99347],[136.15544,35.99242],[136.15573,35.99134],[136.15643,35.98957],[136.15638,35.98924],[136.15574,35.98918],[136.15577,35.98789],[136.15546,35.98669],[136.1538,35.9832],[136.1532,35.98275],[136.14902,35.98053],[136.14879,35.98037],[136.1482,35.9797],[136.14701,35.97687],[136.14558,35.97676],[136.14527,35.97661],[136.14532,35.97625],[136.14608,35.97632],[136.14601,35.97572],[136.14506,35.97484],[136.14378,35.97438],[136.14306,35.97437],[136.14356,35.97386],[136.14199,35.97257],[136.14122,35.97159],[136.14005,35.97153],[136.13796,35.97158],[136.13807,35.97066],[136.13867,35.97046],[136.13881,35.96993],[136.13851,35.96985],[136.13898,35.96911],[136.13812,35.9687],[136.13862,35.9681],[136.13738,35.96802],[136.1371,35.96615],[136.13754,35.96561],[136.13833,35.96564],[136.13833,35.96464],[136.13876,35.96408],[136.13856,35.96374],[136.13838,35.96281],[136.13819,35.96246],[136.13787,35.96171],[136.13708,35.96116],[136.13634,35.96088],[136.13636,35.96042],[136.13577,35.95989],[136.13589,35.95907],[136.13553,35.95891],[136.13522,35.95861],[136.13467,35.95819],[136.13393,35.95782],[136.13337,35.95737],[136.13274,35.95686],[136.13246,35.95662],[136.13207,35.95616],[136.13189,35.95556],[136.13161,35.95491],[136.13148,35.95463],[136.13142,35.95412],[136.1316,35.95365],[136.13124,35.95312],[136.13103,35.95304],[136.13075,35.95262],[136.13054,35.95245],[136.13024,35.95224],[136.12993,35.95205],[136.12979,35.95186],[136.12965,35.95146],[136.12955,35.95138],[136.12918,35.95088],[136.12923,35.95046],[136.12909,35.9495],[136.12909,35.94917],[136.12886,35.94846],[136.1288,35.94844],[136.12851,35.94816],[136.12827,35.94766],[136.12766,35.94686],[136.12747,35.94677],[136.12737,35.94677],[136.1271,35.94688],[136.12686,35.94702],[136.12662,35.94702],[136.12631,35.94688],[136.12593,35.94662],[136.12553,35.94638],[136.1249,35.94612],[136.12476,35.94607],[136.1246,35.946],[136.12458,35.94596],[136.12456,35.94594],[136.12439,35.94559],[136.1242,35.94444],[136.12433,35.94391],[136.12434,35.94359],[136.12432,35.9435],[136.12424,35.9433],[136.12416,35.94318],[136.12394,35.94285],[136.12393,35.94268],[136.12409,35.94255],[136.12422,35.94237],[136.12424,35.94222],[136.12422,35.94189],[136.12435,35.9416],[136.12446,35.94116],[136.12442,35.9409],[136.12447,35.94078],[136.12454,35.94072],[136.12541,35.94068],[136.12559,35.94063],[136.12598,35.94039],[136.12612,35.94033],[136.1264,35.94027],[136.12641,35.94027],[136.12649,35.94019],[136.12659,35.93998],[136.12662,35.93978],[136.1268,35.93945],[136.12698,35.93902],[136.127,35.93897],[136.12717,35.93867],[136.12735,35.93851],[136.12751,35.93837],[136.12767,35.93818],[136.12803,35.93777],[136.12861,35.93743],[136.12886,35.93734],[136.12908,35.93721],[136.12934,35.93703],[136.12943,35.93692],[136.12955,35.9367],[136.12987,35.93622],[136.13058,35.9358],[136.1308,35.93549],[136.13135,35.93463],[136.1326,35.93311],[136.13352,35.93309],[136.13437,35.93284],[136.13457,35.93272],[136.13458,35.93271],[136.13566,35.93267],[136.13613,35.93278],[136.13708,35.93365],[136.13868,35.93466],[136.13934,35.93575],[136.1399,35.93721],[136.1402,35.93767],[136.14091,35.93771],[136.14292,35.93822],[136.14396,35.93748],[136.14457,35.93716],[136.14542,35.9369],[136.14672,35.93687],[136.14748,35.93679],[136.14827,35.9364],[136.14872,35.93652],[136.14948,35.93672],[136.15036,35.93775],[136.15078,35.9375],[136.15024,35.93655],[136.15005,35.93629],[136.15092,35.93631],[136.15108,35.93602],[136.15312,35.93608],[136.15358,35.93608],[136.15591,35.93612],[136.15596,35.93603],[136.15599,35.93603],[136.15705,35.93604],[136.15724,35.93607],[136.15896,35.93611],[136.16074,35.93608],[136.16068,35.93947],[136.16079,35.94022],[136.16199,35.94022],[136.16315,35.94011],[136.16583,35.94014],[136.16612,35.94015],[136.16629,35.93731],[136.16635,35.93708],[136.16782,35.93707],[136.16838,35.93647],[136.16895,35.93616],[136.17526,35.93652],[136.17529,35.93603],[136.17543,35.93368],[136.17535,35.93307],[136.17537,35.93146],[136.17553,35.92969],[136.17554,35.9295],[136.17568,35.9268],[136.17565,35.92644],[136.17848,35.92665],[136.17843,35.92711],[136.17901,35.92773],[136.17907,35.9295],[136.1785,35.92945],[136.17891,35.92893],[136.17895,35.92867],[136.17761,35.92835],[136.17643,35.92859],[136.17648,35.92948],[136.17729,35.93],[136.17779,35.92967],[136.17785,35.93035],[136.17906,35.93037],[136.1831,35.93047]],[[136.18944,35.95038],[136.18924,35.94959],[136.18911,35.94962],[136.18944,35.95038]],[[136.1831,35.95127],[136.18328,35.95158],[136.18322,35.95124],[136.1831,35.95127]],[[136.19653,35.95101],[136.19661,35.95076],[136.19633,35.95076],[136.19653,35.95101]],[[136.18424,35.95878],[136.18396,35.95872],[136.18418,35.95879],[136.18424,35.95878]],[[136.17564,35.96287],[136.17612,35.96287],[136.17564,35.96273],[136.17564,35.96287]],[[136.23585,35.95802],[136.236,35.95793],[136.23549,35.95785],[136.23585,35.95802]],[[136.29617,35.9505],[136.29591,35.94992],[136.29595,35.9501],[136.29617,35.9505]]]}},{"type":"Feature","properties":{"nm":"あわら市","b":[136.1666,36.1745,136.3322,36.2966],"c":[136.25153,36.22776]},"geometry":{"type":"MultiPolygon","coordinates":[[[[136.22909,36.1967],[136.22916,36.19556],[136.22929,36.19547],[136.22937,36.19545],[136.2297,36.19537],[136.23049,36.19519],[136.23034,36.19424],[136.23121,36.19428],[136.23331,36.19435],[136.23342,36.19371],[136.23346,36.1935],[136.23347,36.19338],[136.23537,36.19335],[136.23621,36.19327],[136.23653,36.19324],[136.23626,36.19244],[136.23607,36.1921],[136.236,36.19198],[136.2373,36.19142],[136.23647,36.19056],[136.23637,36.19026],[136.23574,36.19015],[136.23546,36.19009],[136.23554,36.18922],[136.23577,36.18851],[136.23637,36.18724],[136.23676,36.18516],[136.23705,36.18364],[136.23744,36.18365],[136.2375,36.18367],[136.23808,36.18372],[136.23973,36.18384],[136.23908,36.18467],[136.24202,36.18407],[136.24252,36.18409],[136.24387,36.18437],[136.2488,36.18501],[136.25103,36.18519],[136.25123,36.18521],[136.25162,36.18523],[136.25162,36.18385],[136.2517,36.18378],[136.25507,36.18376],[136.25506,36.1835],[136.25531,36.18345],[136.25606,36.1833],[136.25663,36.1832],[136.25634,36.18279],[136.25685,36.18277],[136.25661,36.18172],[136.25828,36.18161],[136.25833,36.18085],[136.25844,36.17992],[136.25849,36.17977],[136.25891,36.1791],[136.25964,36.17949],[136.26179,36.17946],[136.26176,36.17915],[136.2624,36.17913],[136.26234,36.17831],[136.26519,36.17827],[136.26832,36.17832],[136.26862,36.17744],[136.26982,36.17742],[136.27029,36.17736],[136.27167,36.17733],[136.27202,36.17723],[136.2726,36.17796],[136.27298,36.17814],[136.27363,36.1784],[136.27423,36.17903],[136.27457,36.17995],[136.27478,36.1802],[136.27485,36.18025],[136.27519,36.18027],[136.27551,36.17974],[136.27579,36.17937],[136.27578,36.17863],[136.27604,36.17826],[136.27666,36.17782],[136.27727,36.17781],[136.27983,36.17885],[136.28017,36.17846],[136.28023,36.17766],[136.28048,36.17731],[136.2807,36.1765],[136.28147,36.17648],[136.2822,36.17586],[136.28332,36.17538],[136.28422,36.17531],[136.2846,36.17471],[136.28519,36.17454],[136.28577,36.17494],[136.28648,36.17511],[136.2868,36.17559],[136.28752,36.17563],[136.28837,36.1761],[136.28898,36.17631],[136.28992,36.17632],[136.29099,36.17666],[136.29172,36.1769],[136.29277,36.17747],[136.29359,36.17804],[136.29391,36.17807],[136.29455,36.17822],[136.29469,36.17848],[136.29473,36.17866],[136.29534,36.17882],[136.2956,36.17883],[136.29664,36.17901],[136.29707,36.17922],[136.29726,36.17933],[136.29806,36.18015],[136.2984,36.18029],[136.29883,36.18068],[136.29897,36.18092],[136.29899,36.18101],[136.29905,36.18134],[136.29956,36.18166],[136.30078,36.18255],[136.30177,36.18329],[136.30182,36.18344],[136.30189,36.18383],[136.30201,36.18398],[136.30245,36.18395],[136.30384,36.18363],[136.30447,36.18391],[136.30487,36.18434],[136.30518,36.185],[136.30503,36.18591],[136.30513,36.1861],[136.30522,36.18631],[136.3057,36.18724],[136.30576,36.18791],[136.3057,36.18837],[136.30626,36.18873],[136.30686,36.18919],[136.30717,36.18949],[136.30765,36.19029],[136.30802,36.19019],[136.30872,36.19004],[136.30947,36.19008],[136.30988,36.18985],[136.31092,36.19002],[136.31145,36.19039],[136.31195,36.19057],[136.31252,36.19062],[136.3131,36.19102],[136.31423,36.19141],[136.31453,36.19165],[136.31536,36.19277],[136.31706,36.19325],[136.31816,36.19442],[136.31852,36.19507],[136.31883,36.19555],[136.31893,36.19749],[136.31939,36.19823],[136.32043,36.19905],[136.32081,36.19919],[136.32122,36.19932],[136.32204,36.19907],[136.32356,36.19901],[136.32407,36.19884],[136.32471,36.19942],[136.32532,36.19963],[136.32596,36.2003],[136.32629,36.20043],[136.32778,36.20062],[136.32818,36.20122],[136.32932,36.20196],[136.32924,36.20251],[136.32889,36.20327],[136.32861,36.20548],[136.32827,36.20698],[136.32833,36.2076],[136.32786,36.20872],[136.32765,36.21007],[136.32822,36.2104],[136.32854,36.21139],[136.32904,36.21218],[136.32986,36.21322],[136.3299,36.21358],[136.32962,36.21495],[136.33005,36.21613],[136.33102,36.21691],[136.33136,36.21743],[136.33091,36.21851],[136.33015,36.21931],[136.32968,36.22049],[136.32869,36.22144],[136.32905,36.22195],[136.32883,36.22317],[136.32886,36.22428],[136.32897,36.22456],[136.3297,36.22498],[136.32989,36.22573],[136.33073,36.22716],[136.33181,36.22834],[136.33206,36.22875],[136.33223,36.22966],[136.33194,36.22993],[136.33101,36.22991],[136.32952,36.23],[136.32843,36.23033],[136.32756,36.23081],[136.32723,36.23177],[136.32693,36.23213],[136.32609,36.23225],[136.32401,36.2317],[136.32338,36.23163],[136.32258,36.23183],[136.32197,36.23257],[136.32112,36.23305],[136.32038,36.2331],[136.31975,36.23369],[136.31906,36.23363],[136.31856,36.23401],[136.31712,36.23464],[136.31652,36.23532],[136.31591,36.23733],[136.31511,36.23788],[136.31574,36.23885],[136.31657,36.23956],[136.31743,36.24047],[136.31761,36.2409],[136.31724,36.24218],[136.31708,36.24307],[136.31643,36.24327],[136.31617,36.24401],[136.31551,36.2447],[136.31531,36.24523],[136.31531,36.24584],[136.31306,36.24666],[136.31252,36.24653],[136.31088,36.24665],[136.30995,36.24717],[136.30864,36.24673],[136.30808,36.24756],[136.30638,36.24909],[136.30451,36.25099],[136.3037,36.25245],[136.30321,36.25309],[136.30317,36.2536],[136.30373,36.25476],[136.30332,36.25554],[136.30318,36.25627],[136.30215,36.2571],[136.30196,36.25797],[136.30133,36.25817],[136.30057,36.25813],[136.30026,36.25779],[136.29961,36.2579],[136.29897,36.25779],[136.29867,36.25804],[136.29839,36.25873],[136.29777,36.25893],[136.29649,36.25889],[136.2962,36.25954],[136.29536,36.26034],[136.2947,36.2602],[136.29321,36.26154],[136.29247,36.262],[136.29144,36.26198],[136.29045,36.26216],[136.2878,36.26145],[136.28594,36.26165],[136.28531,36.26189],[136.28507,36.2635],[136.28452,36.26394],[136.28354,36.26419],[136.28307,36.26556],[136.28271,36.26589],[136.28233,36.26576],[136.28132,36.26499],[136.28057,36.26443],[136.27956,36.26451],[136.27861,36.26503],[136.27784,36.26474],[136.27711,36.26467],[136.27568,36.26601],[136.27417,36.26611],[136.27364,36.26567],[136.27267,36.26618],[136.27217,36.26674],[136.2716,36.26659],[136.27125,36.26624],[136.27001,36.26636],[136.26909,36.26634],[136.26851,36.26586],[136.26803,36.26474],[136.26726,36.26466],[136.26687,36.26493],[136.26671,36.26555],[136.26615,36.2656],[136.26495,36.26585],[136.26426,36.26661],[136.26465,36.2673],[136.26571,36.26815],[136.26577,36.26865],[136.26509,36.26893],[136.26347,36.26926],[136.26332,36.26964],[136.26362,36.27048],[136.26362,36.2714],[136.26254,36.27262],[136.26223,36.27208],[136.26128,36.27273],[136.26097,36.27316],[136.26174,36.27401],[136.26124,36.2743],[136.26169,36.27468],[136.26256,36.27492],[136.26344,36.27567],[136.26411,36.27652],[136.26422,36.27806],[136.26406,36.27849],[136.26259,36.27953],[136.26257,36.27993],[136.26171,36.28067],[136.26118,36.28],[136.26036,36.27929],[136.25975,36.279],[136.25886,36.27891],[136.25802,36.27897],[136.25665,36.27926],[136.2558,36.27967],[136.25629,36.28023],[136.25732,36.28223],[136.25739,36.28285],[136.25684,36.28445],[136.25651,36.28471],[136.25618,36.2846],[136.25586,36.28488],[136.25634,36.28598],[136.25699,36.28719],[136.25739,36.28795],[136.25796,36.28847],[136.25779,36.28895],[136.25742,36.28924],[136.25581,36.28965],[136.25558,36.29002],[136.25556,36.29058],[136.25421,36.29078],[136.25346,36.29039],[136.25324,36.29058],[136.25207,36.29084],[136.25062,36.29144],[136.24843,36.29241],[136.24763,36.29285],[136.24667,36.29327],[136.24644,36.29364],[136.24574,36.29405],[136.24481,36.29422],[136.24479,36.29443],[136.24412,36.29456],[136.24349,36.29487],[136.24334,36.29545],[136.24306,36.29537],[136.24275,36.29611],[136.24235,36.29656],[136.24282,36.29542],[136.24273,36.2948],[136.24289,36.29445],[136.24267,36.2939],[136.24194,36.29314],[136.24092,36.29226],[136.23997,36.29128],[136.2389,36.29046],[136.2365,36.2884],[136.2341,36.28673],[136.23267,36.28566],[136.22976,36.28393],[136.22865,36.28315],[136.22696,36.28181],[136.22572,36.281],[136.22456,36.28053],[136.22314,36.27951],[136.22229,36.27884],[136.22121,36.27827],[136.22012,36.27756],[136.21765,36.27627],[136.21636,36.27537],[136.21528,36.27471],[136.21363,36.27397],[136.21085,36.27236],[136.21007,36.27198],[136.20775,36.27056],[136.20673,36.27011],[136.20267,36.26791],[136.20152,36.2674],[136.20013,36.26653],[136.20065,36.26572],[136.19983,36.26641],[136.19892,36.26587],[136.19827,36.26564],[136.1952,36.26389],[136.19465,36.26372],[136.19294,36.26265],[136.19162,36.262],[136.19091,36.26183],[136.18999,36.2611],[136.189,36.26091],[136.18803,36.26022],[136.18773,36.26001],[136.18685,36.25982],[136.1865,36.25947],[136.18554,36.25887],[136.18427,36.25824],[136.18474,36.25763],[136.18537,36.25648],[136.18424,36.25602],[136.18409,36.25579],[136.18429,36.25499],[136.18476,36.25463],[136.18378,36.25374],[136.18406,36.25354],[136.18319,36.25277],[136.18349,36.25254],[136.18304,36.25214],[136.18305,36.25156],[136.1813,36.25053],[136.18279,36.24944],[136.18447,36.2482],[136.1846,36.24858],[136.18455,36.24862],[136.1844,36.24992],[136.18564,36.25001],[136.1857,36.24908],[136.18801,36.25005],[136.18852,36.24968],[136.189,36.24959],[136.18928,36.24978],[136.18923,36.25024],[136.18956,36.25043],[136.19043,36.25094],[136.1908,36.25096],[136.19099,36.25159],[136.19105,36.25161],[136.1911,36.25161],[136.1914,36.25161],[136.19158,36.25162],[136.19174,36.25173],[136.19369,36.25014],[136.19451,36.25084],[136.19462,36.25075],[136.1955,36.25145],[136.19577,36.25075],[136.19649,36.2499],[136.19769,36.24906],[136.19799,36.24881],[136.19837,36.24848],[136.19894,36.2477],[136.19989,36.24666],[136.20039,36.24616],[136.20014,36.24638],[136.19848,36.24566],[136.19714,36.24456],[136.19638,36.24365],[136.19568,36.24309],[136.19533,36.24228],[136.19461,36.24188],[136.1943,36.24155],[136.19489,36.24029],[136.19402,36.24],[136.19474,36.23851],[136.19579,36.23885],[136.1964,36.23836],[136.19658,36.2376],[136.19606,36.2375],[136.19616,36.23576],[136.1959,36.23489],[136.19532,36.2342],[136.19464,36.23342],[136.19409,36.23388],[136.19331,36.23422],[136.1906,36.23423],[136.19027,36.23356],[136.18957,36.2341],[136.18881,36.23383],[136.18857,36.23307],[136.18898,36.23176],[136.1889,36.23093],[136.18801,36.23055],[136.18656,36.23008],[136.18667,36.23109],[136.1865,36.23162],[136.18606,36.23222],[136.18515,36.23307],[136.18466,36.23326],[136.18389,36.23327],[136.18404,36.2325],[136.18381,36.23193],[136.18411,36.23144],[136.18343,36.23139],[136.18123,36.23168],[136.18103,36.23147],[136.18123,36.23082],[136.18213,36.22957],[136.18245,36.22933],[136.18279,36.22868],[136.18441,36.2288],[136.18433,36.22814],[136.18495,36.22839],[136.18464,36.22608],[136.1841,36.22611],[136.18375,36.22287],[136.18194,36.22311],[136.18205,36.224],[136.18065,36.22352],[136.17684,36.2224],[136.17495,36.22182],[136.1757,36.22018],[136.17536,36.22008],[136.17513,36.21881],[136.17496,36.21837],[136.17469,36.21862],[136.17423,36.21863],[136.17399,36.21809],[136.17403,36.21762],[136.17409,36.21735],[136.17412,36.21725],[136.17353,36.21703],[136.17287,36.2167],[136.17241,36.21652],[136.17168,36.21643],[136.17012,36.21645],[136.16967,36.21643],[136.16919,36.21619],[136.16823,36.21543],[136.16802,36.21521],[136.16766,36.2147],[136.1673,36.21391],[136.16713,36.2134],[136.16688,36.2126],[136.16679,36.21213],[136.16672,36.21157],[136.16669,36.21128],[136.16666,36.21084],[136.16664,36.2101],[136.16662,36.20941],[136.16786,36.20935],[136.16838,36.21182],[136.16892,36.21213],[136.16952,36.21216],[136.17309,36.21175],[136.17329,36.21156],[136.17444,36.21141],[136.17572,36.21124],[136.17547,36.21013],[136.17658,36.20981],[136.17588,36.20872],[136.17633,36.20821],[136.17616,36.20758],[136.1751,36.20778],[136.17466,36.20617],[136.17418,36.20638],[136.17288,36.20658],[136.17271,36.20551],[136.17261,36.20457],[136.17263,36.20383],[136.17307,36.20352],[136.17295,36.20305],[136.17384,36.2029],[136.1732,36.20051],[136.17276,36.1987],[136.17625,36.19811],[136.17603,36.19728],[136.17823,36.19689],[136.17781,36.19524],[136.17876,36.19499],[136.17845,36.19433],[136.17958,36.19405],[136.18035,36.19412],[136.18041,36.19325],[136.18275,36.19344],[136.18282,36.19273],[136.18401,36.19275],[136.18606,36.19279],[136.18757,36.19287],[136.18856,36.19292],[136.18884,36.19291],[136.18933,36.19292],[136.18999,36.19292],[136.19026,36.19287],[136.1906,36.19266],[136.19045,36.1908],[136.1904,36.19017],[136.19039,36.18993],[136.19105,36.18959],[136.19354,36.18911],[136.19523,36.18892],[136.19527,36.18928],[136.19613,36.1895],[136.19615,36.19026],[136.19674,36.19027],[136.19698,36.1913],[136.19715,36.19133],[136.21074,36.19207],[136.21088,36.19024],[136.21176,36.19027],[136.2118,36.18975],[136.21255,36.18981],[136.21258,36.18916],[136.21307,36.18919],[136.2131,36.1887],[136.2146,36.18889],[136.21449,36.1893],[136.21518,36.18942],[136.21502,36.19009],[136.21597,36.19022],[136.21547,36.19238],[136.21661,36.19257],[136.21668,36.19238],[136.21767,36.19252],[136.21861,36.19196],[136.21871,36.19215],[136.21899,36.19267],[136.21926,36.19323],[136.21936,36.19355],[136.21948,36.19362],[136.22028,36.19365],[136.22126,36.19368],[136.22237,36.1938],[136.22311,36.19417],[136.22332,36.19518],[136.22341,36.196],[136.22338,36.19632],[136.22337,36.19645],[136.22337,36.1966],[136.2243,36.19661],[136.22493,36.19662],[136.22521,36.19676],[136.22909,36.1967]],[[136.23794,36.21557],[136.2376,36.21576],[136.23791,36.21582],[136.23794,36.21557]],[[136.21385,36.22103],[136.21339,36.22103],[136.21386,36.22112],[136.21385,36.22103]],[[136.22153,36.22372],[136.22144,36.22346],[136.22124,36.22382],[136.22153,36.22372]],[[136.23864,36.20002],[136.23833,36.20012],[136.23909,36.20006],[136.23864,36.20002]],[[136.26275,36.18887],[136.26289,36.18842],[136.26294,36.18823],[136.26275,36.18887]],[[136.27318,36.18874],[136.2727,36.18893],[136.27318,36.18892],[136.27322,36.1899],[136.27318,36.18874]],[[136.27253,36.18635],[136.27264,36.18799],[136.27268,36.18854],[136.27253,36.18635]],[[136.25449,36.23616],[136.25421,36.23622],[136.25302,36.23648],[136.25449,36.23616]],[[136.2352,36.21927],[136.23459,36.21936],[136.23413,36.21948],[136.2352,36.21927]],[[136.22528,36.22517],[136.22496,36.22524],[136.22535,36.2253],[136.22528,36.22517]],[[136.21997,36.23472],[136.21958,36.23538],[136.21955,36.23544],[136.21997,36.23472]],[[136.21884,36.23973],[136.21896,36.24011],[136.21953,36.24111],[136.21884,36.23973]],[[136.20524,36.22061],[136.2051,36.2205],[136.20508,36.22061],[136.20524,36.22061]],[[136.20668,36.20806],[136.20689,36.20829],[136.207,36.20841],[136.20668,36.20806]],[[136.20862,36.19819],[136.20745,36.19813],[136.20856,36.19819],[136.20862,36.19819]],[[136.20282,36.2203],[136.20242,36.2202],[136.20238,36.22031],[136.20282,36.2203]],[[136.18569,36.22182],[136.18616,36.22183],[136.18617,36.2216],[136.18569,36.22182]]],[[[136.22114,36.22388],[136.22088,36.22424],[136.22085,36.22428],[136.22114,36.22388]]]]}},{"type":"Feature","properties":{"nm":"越前市","b":[136.0187,35.8081,136.3343,35.9487],"c":[136.17707,35.88948]},"geometry":{"type":"MultiPolygon","coordinates":[[[[136.20112,35.92891],[136.20087,35.92891],[136.20091,35.93085],[136.20071,35.93085],[136.19857,35.93066],[136.19119,35.93049],[136.19052,35.93044],[136.18979,35.93056],[136.18612,35.93055],[136.1831,35.93047],[136.17906,35.93037],[136.17785,35.93035],[136.17779,35.92967],[136.17729,35.93],[136.17648,35.92948],[136.17643,35.92859],[136.17761,35.92835],[136.17895,35.92867],[136.17891,35.92893],[136.1785,35.92945],[136.17907,35.9295],[136.17901,35.92773],[136.17843,35.92711],[136.17848,35.92665],[136.17565,35.92644],[136.17568,35.9268],[136.17554,35.9295],[136.17553,35.92969],[136.17537,35.93146],[136.17535,35.93307],[136.17543,35.93368],[136.17529,35.93603],[136.17526,35.93652],[136.16895,35.93616],[136.16838,35.93647],[136.16782,35.93707],[136.16635,35.93708],[136.16629,35.93731],[136.16612,35.94015],[136.16583,35.94014],[136.16315,35.94011],[136.16199,35.94022],[136.16079,35.94022],[136.16068,35.93947],[136.16074,35.93608],[136.15896,35.93611],[136.15724,35.93607],[136.15705,35.93604],[136.15599,35.93603],[136.15596,35.93603],[136.15591,35.93612],[136.15358,35.93608],[136.15312,35.93608],[136.15108,35.93602],[136.15092,35.93631],[136.15005,35.93629],[136.15024,35.93655],[136.15078,35.9375],[136.15036,35.93775],[136.14948,35.93672],[136.14872,35.93652],[136.14827,35.9364],[136.14748,35.93679],[136.14672,35.93687],[136.14542,35.9369],[136.14457,35.93716],[136.14396,35.93748],[136.14292,35.93822],[136.14091,35.93771],[136.1402,35.93767],[136.1399,35.93721],[136.13934,35.93575],[136.13868,35.93466],[136.13708,35.93365],[136.13613,35.93278],[136.13566,35.93267],[136.13458,35.93271],[136.13429,35.93217],[136.13388,35.93127],[136.1329,35.93081],[136.13263,35.93048],[136.13282,35.9298],[136.13235,35.9273],[136.13208,35.92647],[136.13237,35.9262],[136.13298,35.92602],[136.13301,35.92566],[136.13291,35.92506],[136.1327,35.92502],[136.13205,35.92494],[136.13176,35.9249],[136.13072,35.92468],[136.13046,35.92479],[136.12994,35.9249],[136.12853,35.92479],[136.12849,35.92466],[136.12847,35.92447],[136.12836,35.92386],[136.1282,35.92274],[136.12851,35.92192],[136.12879,35.92143],[136.12884,35.92081],[136.12879,35.92033],[136.12848,35.91962],[136.1276,35.91869],[136.12665,35.91793],[136.12543,35.91671],[136.1243,35.91634],[136.12333,35.91554],[136.12297,35.91549],[136.12252,35.91553],[136.12071,35.91619],[136.11894,35.91696],[136.11881,35.91694],[136.11857,35.9168],[136.11783,35.91635],[136.11718,35.91579],[136.11685,35.91506],[136.11685,35.91491],[136.11687,35.91428],[136.11703,35.91391],[136.11721,35.91355],[136.11681,35.91298],[136.1167,35.91241],[136.11664,35.91182],[136.11683,35.91102],[136.11491,35.91101],[136.11312,35.91123],[136.11255,35.91141],[136.11186,35.91217],[136.11167,35.91258],[136.11104,35.91303],[136.11049,35.91316],[136.1096,35.91295],[136.10926,35.91267],[136.10854,35.91254],[136.1078,35.91156],[136.10643,35.91074],[136.10559,35.9116],[136.10485,35.9117],[136.1037,35.91226],[136.10325,35.91222],[136.10323,35.91222],[136.10274,35.91193],[136.10224,35.91147],[136.10124,35.91078],[136.10086,35.91057],[136.10021,35.91033],[136.09981,35.91036],[136.09962,35.91039],[136.09921,35.91042],[136.09818,35.91048],[136.09796,35.91051],[136.09606,35.91023],[136.09551,35.91024],[136.09391,35.91066],[136.09382,35.91072],[136.0937,35.91076],[136.09334,35.91097],[136.0931,35.91116],[136.09274,35.9116],[136.09259,35.91186],[136.09254,35.91261],[136.09259,35.91298],[136.09261,35.91344],[136.09266,35.91411],[136.09282,35.91462],[136.09276,35.91534],[136.09276,35.91552],[136.09318,35.91639],[136.0931,35.91679],[136.09293,35.91719],[136.09272,35.91744],[136.0927,35.91746],[136.09259,35.91757],[136.09175,35.91822],[136.09118,35.919],[136.09084,35.91995],[136.08991,35.92073],[136.08871,35.9226],[136.08804,35.9231],[136.08745,35.92199],[136.08686,35.92146],[136.08577,35.9208],[136.08525,35.92072],[136.08483,35.92093],[136.08431,35.92163],[136.08444,35.92207],[136.08541,35.92282],[136.08532,35.92307],[136.0838,35.92372],[136.08282,35.92397],[136.08151,35.9248],[136.08109,35.92535],[136.07993,35.92577],[136.07942,35.92625],[136.07841,35.92618],[136.07815,35.92529],[136.07682,35.92482],[136.07665,35.92459],[136.07697,35.92418],[136.07692,35.92385],[136.07589,35.92351],[136.07545,35.92318],[136.07495,35.92342],[136.07442,35.9234],[136.07409,35.9227],[136.0742,35.92217],[136.07346,35.92177],[136.07363,35.92154],[136.07346,35.92088],[136.07316,35.92054],[136.07339,35.92032],[136.07319,35.91972],[136.07246,35.91899],[136.07122,35.91836],[136.07035,35.9183],[136.06998,35.91788],[136.06915,35.91732],[136.06771,35.91781],[136.06712,35.91777],[136.06628,35.91743],[136.06535,35.91776],[136.06447,35.91825],[136.06381,35.91802],[136.06271,35.91735],[136.06143,35.91707],[136.06075,35.91727],[136.05985,35.91761],[136.05946,35.91806],[136.05821,35.9182],[136.05832,35.91901],[136.05768,35.9191],[136.05634,35.91946],[136.0556,35.91821],[136.05524,35.91801],[136.05407,35.9177],[136.05115,35.91748],[136.04972,35.91743],[136.04825,35.9172],[136.04714,35.91636],[136.04622,35.9152],[136.04585,35.91456],[136.04556,35.9143],[136.04504,35.91417],[136.04493,35.91394],[136.04458,35.91346],[136.04416,35.91302],[136.04388,35.91268],[136.04398,35.91196],[136.04407,35.91145],[136.04402,35.91114],[136.04391,35.91084],[136.04335,35.90978],[136.04327,35.90942],[136.04338,35.909],[136.0436,35.90876],[136.04389,35.90856],[136.04376,35.90763],[136.04354,35.90618],[136.04331,35.90559],[136.04278,35.90514],[136.04254,35.90462],[136.0424,35.90402],[136.04235,35.90395],[136.04125,35.90364],[136.041,35.9036],[136.04033,35.90381],[136.04001,35.90387],[136.03942,35.90359],[136.03833,35.9034],[136.03769,35.9036],[136.03716,35.90377],[136.03679,35.90355],[136.03574,35.90324],[136.03465,35.90264],[136.03339,35.90215],[136.03191,35.9013],[136.02895,35.90033],[136.02834,35.9001],[136.02772,35.90016],[136.02757,35.90024],[136.02714,35.90072],[136.02646,35.90152],[136.02602,35.90223],[136.02599,35.9026],[136.02584,35.90267],[136.02544,35.90258],[136.02524,35.90239],[136.02515,35.90237],[136.02505,35.9022],[136.02455,35.90123],[136.02398,35.90038],[136.02393,35.89993],[136.02418,35.89904],[136.02405,35.8987],[136.02359,35.89736],[136.02323,35.89678],[136.02307,35.89626],[136.02312,35.89596],[136.02263,35.89567],[136.02191,35.89546],[136.02167,35.89527],[136.02092,35.89488],[136.02004,35.8946],[136.01985,35.89417],[136.01985,35.89393],[136.0201,35.89322],[136.02044,35.89292],[136.02047,35.89193],[136.02038,35.8914],[136.02031,35.89034],[136.02048,35.88936],[136.02049,35.88892],[136.01995,35.88848],[136.01949,35.88833],[136.01865,35.88814],[136.01883,35.88749],[136.01943,35.8864],[136.01946,35.88586],[136.01939,35.88572],[136.01885,35.88507],[136.01928,35.8848],[136.01986,35.88422],[136.01983,35.88364],[136.01899,35.88293],[136.01906,35.88255],[136.0191,35.88143],[136.01942,35.88078],[136.0191,35.87999],[136.0193,35.87962],[136.01964,35.87899],[136.01971,35.87884],[136.02,35.87806],[136.02027,35.87668],[136.02049,35.87653],[136.02138,35.87647],[136.02169,35.87541],[136.02175,35.87473],[136.02307,35.87411],[136.02475,35.87357],[136.02664,35.87313],[136.02798,35.87271],[136.02931,35.87252],[136.03001,35.87181],[136.03145,35.87111],[136.03274,35.8708],[136.0339,35.87082],[136.03489,35.8704],[136.03577,35.8695],[136.03609,35.86869],[136.03735,35.8683],[136.03826,35.86745],[136.03933,35.86726],[136.04063,35.86654],[136.04088,35.86561],[136.04162,35.86397],[136.04177,35.86308],[136.04184,35.86275],[136.04233,35.86199],[136.04263,35.86179],[136.04374,35.86178],[136.0444,35.86126],[136.04453,35.86079],[136.0449,35.86052],[136.04574,35.86036],[136.04694,35.86057],[136.04793,35.85988],[136.04862,35.85975],[136.04932,35.85978],[136.05024,35.86015],[136.05156,35.86015],[136.05381,35.86078],[136.05435,35.86084],[136.05582,35.8605],[136.05633,35.86021],[136.05664,35.85948],[136.05554,35.85788],[136.05529,35.85729],[136.05436,35.85608],[136.05399,35.85528],[136.05436,35.85456],[136.05443,35.85378],[136.05431,35.85249],[136.05503,35.85044],[136.0556,35.84954],[136.05587,35.84893],[136.05605,35.84872],[136.05647,35.84804],[136.05704,35.84745],[136.0577,35.84815],[136.05815,35.84853],[136.05878,35.84891],[136.05983,35.84902],[136.06057,35.849],[136.0613,35.84883],[136.06183,35.84866],[136.06323,35.84785],[136.06367,35.84812],[136.06468,35.84847],[136.06509,35.84851],[136.06596,35.8485],[136.06615,35.84842],[136.06633,35.84834],[136.06659,35.84818],[136.06671,35.84811],[136.06722,35.84827],[136.06785,35.84865],[136.06862,35.84857],[136.06888,35.84814],[136.06972,35.84832],[136.0714,35.84882],[136.07205,35.84904],[136.0734,35.84952],[136.07578,35.84983],[136.07659,35.84996],[136.07713,35.84987],[136.07764,35.84947],[136.07833,35.8486],[136.07879,35.84821],[136.07938,35.84799],[136.07957,35.84784],[136.0799,35.84713],[136.07968,35.84629],[136.07971,35.84572],[136.08049,35.84544],[136.08117,35.84468],[136.08162,35.84424],[136.0821,35.8436],[136.08257,35.84337],[136.08488,35.84274],[136.08521,35.84274],[136.08641,35.84296],[136.08821,35.84316],[136.09007,35.84386],[136.0908,35.84401],[136.09163,35.84396],[136.09283,35.84372],[136.09408,35.84359],[136.09545,35.84368],[136.09686,35.84433],[136.09716,35.8444],[136.09817,35.84435],[136.09903,35.84428],[136.10159,35.84287],[136.10188,35.84265],[136.10268,35.84167],[136.10327,35.84157],[136.10378,35.84166],[136.10457,35.84152],[136.10503,35.84151],[136.10639,35.84225],[136.10719,35.84238],[136.10797,35.84342],[136.10848,35.84408],[136.10853,35.84409],[136.10901,35.84403],[136.10955,35.8442],[136.11027,35.84467],[136.11046,35.84482],[136.11103,35.84488],[136.1116,35.84495],[136.11356,35.84582],[136.11402,35.84601],[136.11465,35.84662],[136.1152,35.84691],[136.11555,35.84688],[136.1158,35.84683],[136.11587,35.84679],[136.11616,35.84658],[136.11646,35.84645],[136.11726,35.84617],[136.11757,35.84617],[136.11802,35.84597],[136.11859,35.84585],[136.11884,35.84567],[136.11892,35.84572],[136.11888,35.84568],[136.11948,35.84533],[136.11993,35.84479],[136.12082,35.84406],[136.12107,35.84406],[136.1223,35.84433],[136.12326,35.84426],[136.12489,35.8433],[136.1261,35.84325],[136.1271,35.84283],[136.12749,35.84172],[136.12789,35.84138],[136.12926,35.84085],[136.12801,35.83877],[136.12845,35.83762],[136.12874,35.83595],[136.1293,35.83474],[136.12979,35.83336],[136.12984,35.83294],[136.1294,35.83236],[136.13028,35.83137],[136.13039,35.83037],[136.13089,35.82997],[136.13092,35.82973],[136.1315,35.82873],[136.13176,35.82789],[136.13151,35.82689],[136.13129,35.82642],[136.13064,35.82565],[136.12986,35.8248],[136.12993,35.82434],[136.13003,35.82425],[136.13021,35.82417],[136.13036,35.82414],[136.13048,35.8241],[136.13053,35.82406],[136.1306,35.82385],[136.13064,35.82357],[136.13067,35.82344],[136.13071,35.82329],[136.13081,35.82277],[136.13086,35.82255],[136.13089,35.82249],[136.13091,35.8224],[136.13093,35.8223],[136.13098,35.82208],[136.13107,35.82194],[136.1311,35.82189],[136.13114,35.82176],[136.13115,35.82169],[136.13117,35.8215],[136.13118,35.8214],[136.13122,35.82121],[136.13138,35.82096],[136.13148,35.82081],[136.13157,35.82066],[136.13167,35.82053],[136.13177,35.82046],[136.13194,35.82032],[136.13203,35.82024],[136.13221,35.82007],[136.13232,35.81996],[136.13236,35.81985],[136.13236,35.81981],[136.13237,35.81966],[136.13237,35.81959],[136.13239,35.81943],[136.13239,35.81935],[136.13235,35.81918],[136.13232,35.81907],[136.1323,35.81896],[136.13232,35.81822],[136.13232,35.81807],[136.13231,35.81798],[136.13229,35.81793],[136.13225,35.81785],[136.13225,35.81731],[136.13231,35.81716],[136.1324,35.81701],[136.13245,35.81695],[136.13264,35.81683],[136.13289,35.8167],[136.13294,35.81666],[136.13315,35.81653],[136.13336,35.81639],[136.1334,35.81635],[136.13349,35.81624],[136.13367,35.81598],[136.13382,35.81578],[136.13396,35.81559],[136.13402,35.81547],[136.134,35.81528],[136.13401,35.81524],[136.13406,35.81498],[136.13402,35.81458],[136.13405,35.81445],[136.13409,35.81436],[136.13418,35.81423],[136.13432,35.81407],[136.13449,35.81382],[136.1345,35.81372],[136.13466,35.81302],[136.13467,35.81281],[136.13468,35.81251],[136.1347,35.8124],[136.13505,35.81188],[136.13502,35.81167],[136.13497,35.81148],[136.13486,35.81121],[136.13478,35.81106],[136.13467,35.81089],[136.13457,35.81073],[136.13448,35.81059],[136.13438,35.81048],[136.13431,35.81043],[136.13429,35.81038],[136.13429,35.81032],[136.1344,35.81013],[136.13446,35.81008],[136.13459,35.81002],[136.13526,35.80988],[136.13611,35.80934],[136.13746,35.80903],[136.13836,35.80817],[136.13869,35.80807],[136.13876,35.80814],[136.13906,35.80847],[136.13909,35.80851],[136.13928,35.80866],[136.13945,35.80901],[136.13952,35.80924],[136.13959,35.80941],[136.13966,35.80946],[136.13971,35.80949],[136.13986,35.80957],[136.14007,35.80968],[136.14018,35.80977],[136.14023,35.80982],[136.14029,35.80992],[136.14032,35.80997],[136.1404,35.81006],[136.14053,35.81015],[136.14075,35.81023],[136.14097,35.81028],[136.14112,35.81032],[136.14128,35.81043],[136.14141,35.81057],[136.14153,35.81071],[136.14161,35.81076],[136.14178,35.81092],[136.14187,35.81106],[136.14201,35.81131],[136.14214,35.81152],[136.14226,35.81166],[136.14236,35.81178],[136.1424,35.81183],[136.14247,35.81196],[136.14259,35.81214],[136.14282,35.81234],[136.14349,35.81231],[136.14374,35.8123],[136.14387,35.81229],[136.14416,35.81231],[136.14432,35.81231],[136.14463,35.81234],[136.14485,35.81238],[136.14507,35.81245],[136.14534,35.81256],[136.14581,35.81277],[136.146,35.81287],[136.14616,35.81297],[136.14638,35.81317],[136.1465,35.81327],[136.14661,35.81333],[136.14672,35.8134],[136.14678,35.8136],[136.14683,35.81377],[136.14689,35.81397],[136.14697,35.81416],[136.14707,35.81431],[136.14713,35.81436],[136.14729,35.81443],[136.14776,35.81458],[136.14793,35.81463],[136.14833,35.81477],[136.14841,35.81481],[136.14933,35.81495],[136.15068,35.81602],[136.15139,35.81618],[136.15278,35.81666],[136.15333,35.81693],[136.15331,35.81705],[136.15329,35.81723],[136.15331,35.81749],[136.15317,35.81849],[136.15324,35.8191],[136.15348,35.81988],[136.15381,35.82049],[136.15409,35.82077],[136.15427,35.82095],[136.15492,35.82161],[136.15518,35.82204],[136.15549,35.82252],[136.1557,35.82316],[136.15579,35.82341],[136.15595,35.82383],[136.15618,35.82444],[136.15635,35.82494],[136.15644,35.82532],[136.15647,35.82578],[136.15753,35.82617],[136.15797,35.8263],[136.15834,35.82702],[136.15841,35.82749],[136.15835,35.82834],[136.15851,35.82916],[136.15891,35.82952],[136.15917,35.83004],[136.1595,35.83095],[136.15946,35.83125],[136.15859,35.83194],[136.15801,35.83276],[136.1588,35.83387],[136.15957,35.83437],[136.16046,35.83451],[136.16086,35.83517],[136.16163,35.83518],[136.16291,35.83552],[136.16337,35.83608],[136.16413,35.83631],[136.16606,35.83719],[136.16633,35.83757],[136.16651,35.83831],[136.16802,35.83915],[136.16944,35.84042],[136.17072,35.84136],[136.17111,35.84189],[136.1716,35.84207],[136.17234,35.84274],[136.17274,35.84331],[136.17236,35.8434],[136.173,35.84326],[136.17345,35.84325],[136.17383,35.84324],[136.17402,35.84332],[136.17455,35.84369],[136.1749,35.84398],[136.17507,35.84501],[136.17525,35.84569],[136.17529,35.84652],[136.17503,35.84711],[136.17512,35.84746],[136.17518,35.84769],[136.17525,35.84825],[136.17554,35.8484],[136.17576,35.84879],[136.17579,35.849],[136.17584,35.84947],[136.1758,35.84974],[136.17537,35.85005],[136.17492,35.85032],[136.17538,35.85105],[136.17675,35.85164],[136.17656,35.8519],[136.17722,35.85257],[136.17741,35.85299],[136.17787,35.85325],[136.17851,35.85359],[136.17929,35.85432],[136.17948,35.85445],[136.18052,35.85487],[136.18093,35.85513],[136.18088,35.85583],[136.18087,35.85607],[136.1809,35.85645],[136.18093,35.85659],[136.18088,35.85694],[136.18131,35.85715],[136.18185,35.85619],[136.18204,35.85627],[136.18304,35.85669],[136.185,35.85721],[136.18712,35.8575],[136.18748,35.85745],[136.18902,35.85796],[136.19055,35.85821],[136.19179,35.85769],[136.19292,35.85773],[136.19414,35.85801],[136.19465,35.858],[136.19626,35.85743],[136.19714,35.85793],[136.19819,35.85833],[136.19959,35.85865],[136.20124,35.85867],[136.20181,35.85909],[136.20465,35.85961],[136.20625,35.86004],[136.20769,35.85915],[136.20844,35.85792],[136.20894,35.85734],[136.20995,35.85684],[136.211,35.85673],[136.21193,35.85716],[136.21341,35.85768],[136.21382,35.85771],[136.21426,35.8573],[136.21488,35.85707],[136.21558,35.85704],[136.2164,35.85661],[136.21835,35.85592],[136.22111,35.85617],[136.22377,35.85572],[136.22446,35.85493],[136.22606,35.85386],[136.2273,35.85382],[136.22872,35.85341],[136.23037,35.85332],[136.23107,35.85273],[136.23234,35.8519],[136.23288,35.85128],[136.23314,35.85074],[136.2341,35.84978],[136.23465,35.84965],[136.23537,35.84953],[136.23712,35.84868],[136.23847,35.84776],[136.23977,35.84649],[136.24082,35.84576],[136.24274,35.84487],[136.24404,35.84456],[136.24487,35.84474],[136.24681,35.84569],[136.24759,35.84564],[136.24907,35.84538],[136.24947,35.84517],[136.25044,35.84354],[136.25108,35.84318],[136.25199,35.8424],[136.2526,35.84228],[136.25401,35.84229],[136.2548,35.84267],[136.25571,35.84254],[136.25604,35.84216],[136.25724,35.84267],[136.25779,35.84297],[136.25834,35.84325],[136.25881,35.84322],[136.25921,35.84328],[136.25963,35.84394],[136.25982,35.84417],[136.26048,35.84441],[136.26081,35.84449],[136.26119,35.84455],[136.26138,35.8446],[136.26172,35.84496],[136.26206,35.84535],[136.26215,35.84571],[136.26256,35.84624],[136.26365,35.84737],[136.26402,35.84768],[136.26474,35.84784],[136.2655,35.84801],[136.26618,35.84864],[136.26651,35.84988],[136.26662,35.85016],[136.26721,35.85073],[136.26766,35.85092],[136.26775,35.85102],[136.26781,35.85109],[136.26795,35.85172],[136.26809,35.85195],[136.26828,35.85253],[136.26847,35.85279],[136.26896,35.8533],[136.26937,35.85395],[136.27005,35.85467],[136.27069,35.85527],[136.2708,35.85545],[136.27106,35.85595],[136.2718,35.85647],[136.27252,35.85717],[136.27281,35.85807],[136.27279,35.859],[136.27323,35.86062],[136.27417,35.8615],[136.27468,35.86165],[136.27498,35.8626],[136.2752,35.86311],[136.27552,35.86342],[136.27609,35.86353],[136.27675,35.86402],[136.2771,35.86447],[136.27731,35.86545],[136.27933,35.86564],[136.282,35.86486],[136.28295,35.86464],[136.284,35.86467],[136.28554,35.86444],[136.28605,35.86491],[136.28672,35.86578],[136.28708,35.86648],[136.28782,35.86682],[136.28988,35.86627],[136.29106,35.86619],[136.29191,35.86659],[136.29341,35.86672],[136.29414,35.86694],[136.2945,35.86722],[136.29516,35.8684],[136.29581,35.8689],[136.29622,35.87001],[136.29842,35.87163],[136.29896,35.87279],[136.29939,35.87329],[136.30076,35.8736],[136.30134,35.87363],[136.30366,35.87405],[136.30383,35.8742],[136.30464,35.87585],[136.30536,35.87679],[136.30602,35.87744],[136.30638,35.87809],[136.30618,35.87859],[136.3058,35.87893],[136.30482,35.8803],[136.30596,35.8809],[136.30685,35.8815],[136.30717,35.88203],[136.30723,35.88234],[136.30719,35.88242],[136.30676,35.88343],[136.30688,35.88384],[136.30735,35.88425],[136.30787,35.88468],[136.30938,35.88576],[136.31004,35.88618],[136.31067,35.88659],[136.31125,35.88711],[136.31183,35.88772],[136.31186,35.88782],[136.31235,35.88858],[136.31234,35.88861],[136.31119,35.89027],[136.31126,35.89096],[136.31175,35.89172],[136.31223,35.89292],[136.31097,35.8935],[136.30897,35.89523],[136.30876,35.89632],[136.30893,35.89672],[136.31013,35.89775],[136.31042,35.89885],[136.31056,35.90042],[136.31073,35.90129],[136.31162,35.90255],[136.31198,35.9039],[136.31258,35.90446],[136.31327,35.90487],[136.31336,35.90539],[136.31466,35.9056],[136.31512,35.90613],[136.31593,35.9068],[136.31514,35.90766],[136.31536,35.90887],[136.31521,35.91095],[136.31393,35.91273],[136.31245,35.91286],[136.31166,35.9134],[136.30993,35.91386],[136.30971,35.91443],[136.31064,35.91521],[136.31108,35.9162],[136.31078,35.91703],[136.31084,35.91749],[136.31127,35.9178],[136.31191,35.91821],[136.31213,35.91841],[136.31223,35.91851],[136.31278,35.91906],[136.31336,35.92025],[136.31354,35.92036],[136.31489,35.92076],[136.31719,35.92113],[136.31916,35.92113],[136.31993,35.92089],[136.32108,35.92045],[136.32257,35.9201],[136.32433,35.91983],[136.32614,35.92077],[136.32778,35.9211],[136.32873,35.92142],[136.33052,35.92277],[136.331,35.9232],[136.33128,35.92327],[136.33193,35.9234],[136.33289,35.92401],[136.33353,35.92457],[136.33365,35.92518],[136.33366,35.92625],[136.33427,35.92736],[136.33391,35.92834],[136.33373,35.92878],[136.33247,35.92861],[136.33174,35.92868],[136.3306,35.92847],[136.33,35.92857],[136.32884,35.92904],[136.3278,35.92909],[136.32716,35.92891],[136.3267,35.92894],[136.32527,35.92946],[136.32456,35.92959],[136.32417,35.92969],[136.32396,35.93014],[136.32235,35.93247],[136.32208,35.93284],[136.32169,35.93323],[136.32018,35.93389],[136.31974,35.93428],[136.31964,35.9348],[136.31966,35.93518],[136.31881,35.93566],[136.3178,35.93617],[136.31725,35.93628],[136.31709,35.93751],[136.31666,35.93752],[136.31568,35.93748],[136.31506,35.93721],[136.31435,35.9371],[136.31414,35.93715],[136.31411,35.93752],[136.31403,35.93764],[136.31318,35.93832],[136.31269,35.93919],[136.31148,35.93946],[136.31106,35.93978],[136.31065,35.94006],[136.31008,35.94023],[136.30975,35.94093],[136.31011,35.94128],[136.30955,35.9423],[136.30937,35.94244],[136.30742,35.94254],[136.30622,35.94287],[136.30529,35.94286],[136.30465,35.94326],[136.30456,35.94318],[136.30383,35.94276],[136.30343,35.94273],[136.30228,35.94335],[136.30197,35.94371],[136.30172,35.94381],[136.30158,35.9438],[136.30153,35.9438],[136.30115,35.9438],[136.30088,35.94396],[136.30066,35.94426],[136.30023,35.94432],[136.29957,35.94447],[136.29863,35.94424],[136.29841,35.94381],[136.29745,35.9433],[136.29643,35.94299],[136.29621,35.94307],[136.2959,35.94351],[136.29543,35.94357],[136.29519,35.94363],[136.2939,35.94409],[136.2927,35.94421],[136.29077,35.94467],[136.28949,35.94516],[136.28913,35.94505],[136.28814,35.94436],[136.28785,35.94401],[136.2875,35.94392],[136.28735,35.94387],[136.28689,35.94364],[136.28635,35.94338],[136.28588,35.94322],[136.28551,35.94322],[136.28517,35.94326],[136.28492,35.9433],[136.28466,35.94329],[136.28371,35.94287],[136.28347,35.94275],[136.2826,35.94234],[136.2824,35.94223],[136.28192,35.94162],[136.28072,35.94144],[136.28003,35.94122],[136.27902,35.94139],[136.27758,35.94111],[136.27735,35.94101],[136.27722,35.94094],[136.27691,35.94089],[136.27623,35.941],[136.27566,35.94105],[136.27485,35.9416],[136.27376,35.94161],[136.27363,35.94159],[136.27341,35.94158],[136.27287,35.94164],[136.2725,35.94171],[136.27229,35.94171],[136.27177,35.94165],[136.27095,35.94138],[136.27068,35.94141],[136.27065,35.94142],[136.2706,35.94141],[136.26962,35.94132],[136.26947,35.94125],[136.269,35.94103],[136.26887,35.941],[136.26839,35.94091],[136.2681,35.9408],[136.26777,35.94066],[136.26752,35.94064],[136.26729,35.94061],[136.26691,35.94066],[136.26671,35.94072],[136.26634,35.94083],[136.26612,35.94085],[136.26536,35.94076],[136.26439,35.94081],[136.26356,35.94117],[136.26155,35.94091],[136.26075,35.94131],[136.25922,35.94184],[136.25787,35.94208],[136.25649,35.94252],[136.25534,35.94313],[136.25449,35.94305],[136.25408,35.94285],[136.25335,35.94287],[136.25138,35.94153],[136.25133,35.94154],[136.25111,35.94166],[136.24995,35.94301],[136.24886,35.9438],[136.24891,35.94872],[136.24522,35.94845],[136.24149,35.94842],[136.24145,35.94842],[136.24035,35.94842],[136.24035,35.94683],[136.24035,35.94679],[136.24037,35.94659],[136.24036,35.94607],[136.24038,35.94557],[136.24038,35.94528],[136.2404,35.94481],[136.24041,35.94446],[136.23682,35.94444],[136.2368,35.94458],[136.23645,35.94504],[136.23576,35.94476],[136.23541,35.9446],[136.23501,35.9438],[136.23423,35.94334],[136.23342,35.94232],[136.23243,35.94124],[136.23204,35.94086],[136.23196,35.94079],[136.23076,35.94034],[136.22825,35.93918],[136.22635,35.93862],[136.22562,35.93824],[136.22592,35.93744],[136.22568,35.93691],[136.22552,35.93574],[136.22605,35.93517],[136.2257,35.93442],[136.22592,35.9338],[136.22572,35.93244],[136.22474,35.93104],[136.22469,35.93082],[136.22367,35.93066],[136.22257,35.93172],[136.22198,35.93202],[136.22043,35.93191],[136.21979,35.93213],[136.21911,35.93302],[136.21802,35.93271],[136.21778,35.93216],[136.21784,35.93164],[136.21745,35.93131],[136.21736,35.93038],[136.21672,35.93036],[136.21677,35.92946],[136.21544,35.92926],[136.21329,35.92903],[136.21055,35.92898],[136.20898,35.92944],[136.20616,35.929],[136.2039,35.929],[136.20149,35.92888],[136.20112,35.92891]],[[136.16141,35.87702],[136.16145,35.8767],[136.16113,35.87698],[136.16141,35.87702]],[[136.16138,35.87932],[136.16137,35.87917],[136.16101,35.87949],[136.16138,35.87932]],[[136.1427,35.90066],[136.14163,35.90063],[136.14305,35.90072],[136.1427,35.90066]],[[136.12736,35.86079],[136.12731,35.86073],[136.12727,35.86088],[136.12736,35.86079]],[[136.18349,35.89882],[136.18328,35.89876],[136.18237,35.8989],[136.18349,35.89882]],[[136.18603,35.90323],[136.1861,35.90303],[136.18587,35.90354],[136.18603,35.90323]],[[136.18536,35.90069],[136.18586,35.9003],[136.18553,35.90038],[136.18536,35.90069]],[[136.09108,35.8935],[136.09045,35.89341],[136.09078,35.89347],[136.09108,35.8935]],[[136.13575,35.90818],[136.13574,35.90823],[136.1362,35.90805],[136.13575,35.90818]],[[136.15504,35.9124],[136.15475,35.91103],[136.15437,35.90942],[136.15504,35.9124]],[[136.2676,35.89117],[136.26742,35.89134],[136.26769,35.89117],[136.2676,35.89117]],[[136.25869,35.87286],[136.25844,35.8729],[136.25831,35.87315],[136.25869,35.87286]],[[136.22331,35.89814],[136.22241,35.89831],[136.22212,35.89841],[136.22331,35.89814]],[[136.05517,35.88314],[136.05497,35.88326],[136.05469,35.88354],[136.05517,35.88314]],[[136.04871,35.88568],[136.0488,35.88551],[136.04873,35.88551],[136.04871,35.88568]],[[136.05085,35.87184],[136.05088,35.8717],[136.0508,35.87163],[136.05085,35.87184]],[[136.03889,35.8804],[136.03887,35.88042],[136.03916,35.88052],[136.03889,35.8804]],[[136.05893,35.87628],[136.05893,35.87655],[136.05904,35.87549],[136.05893,35.87628]],[[136.24644,35.92084],[136.24665,35.92141],[136.24659,35.92123],[136.24644,35.92084]],[[136.25381,35.9135],[136.25354,35.91399],[136.25477,35.91186],[136.25381,35.9135]],[[136.26787,35.9184],[136.26811,35.91827],[136.26768,35.9182],[136.26787,35.9184]],[[136.26811,35.91827],[136.27073,35.91684],[136.2714,35.91647],[136.26811,35.91827]]],[[[136.14296,35.83325],[136.14285,35.83326],[136.14269,35.83327],[136.14296,35.83325]]],[[[136.24007,35.91058],[136.24009,35.9077],[136.24007,35.91062],[136.24007,35.91058]]],[[[136.24856,35.93085],[136.24642,35.93083],[136.24691,35.93083],[136.24856,35.93085]]]]}},{"type":"Feature","properties":{"nm":"坂井市","b":[136.1002,36.1018,136.4404,36.2582],"c":[136.25586,36.16391]},"geometry":{"type":"MultiPolygon","coordinates":[[[[136.15333,36.20818],[136.15267,36.20772],[136.15239,36.20767],[136.15147,36.20894],[136.1513,36.20938],[136.15061,36.21024],[136.15065,36.21052],[136.14945,36.21145],[136.14935,36.2111],[136.14966,36.20997],[136.14961,36.20935],[136.14982,36.20853],[136.14995,36.20711],[136.14896,36.20693],[136.14561,36.20633],[136.14556,36.20654],[136.14446,36.20846],[136.14234,36.21189],[136.14109,36.21311],[136.14045,36.21422],[136.14061,36.21426],[136.14016,36.21512],[136.13978,36.21542],[136.13999,36.21605],[136.13944,36.21642],[136.13968,36.21695],[136.13934,36.21712],[136.13853,36.21683],[136.13816,36.21687],[136.13741,36.21747],[136.13609,36.21797],[136.13528,36.21804],[136.13502,36.21789],[136.13351,36.21796],[136.13185,36.21768],[136.13149,36.21718],[136.13181,36.21693],[136.13231,36.21601],[136.13244,36.21527],[136.13231,36.21415],[136.12745,36.20908],[136.12608,36.20721],[136.12235,36.20199],[136.11948,36.20333],[136.11945,36.2033],[136.12232,36.20195],[136.12184,36.20128],[136.1185,36.20052],[136.11877,36.20048],[136.12179,36.20116],[136.12283,36.20067],[136.12248,36.20032],[136.12287,36.20014],[136.12307,36.20056],[136.12419,36.20004],[136.12384,36.19968],[136.12422,36.1995],[136.1244,36.19978],[136.12486,36.19973],[136.12657,36.19893],[136.12625,36.19847],[136.12303,36.19775],[136.12385,36.19776],[136.1263,36.19831],[136.12687,36.19902],[136.12697,36.19954],[136.12752,36.19982],[136.1279,36.20035],[136.12781,36.20055],[136.12881,36.20198],[136.12865,36.20205],[136.12803,36.20116],[136.12721,36.20155],[136.12875,36.20368],[136.12969,36.20324],[136.13109,36.2052],[136.13225,36.20466],[136.13261,36.20466],[136.13215,36.20417],[136.13258,36.20332],[136.13305,36.20277],[136.13309,36.20245],[136.1327,36.20205],[136.12845,36.19609],[136.12725,36.19445],[136.12779,36.19433],[136.12729,36.19357],[136.12967,36.19245],[136.12898,36.19127],[136.12847,36.19068],[136.1273,36.19026],[136.12505,36.19132],[136.12377,36.19087],[136.12267,36.19008],[136.1212,36.18982],[136.12047,36.18956],[136.11938,36.18851],[136.11889,36.18745],[136.1181,36.18667],[136.11782,36.1861],[136.117,36.18517],[136.11649,36.1844],[136.11542,36.18331],[136.11504,36.18257],[136.11379,36.18083],[136.11351,36.17989],[136.11289,36.17943],[136.11152,36.17764],[136.11176,36.17747],[136.11223,36.17651],[136.11203,36.17629],[136.11109,36.1771],[136.11173,36.17602],[136.11156,36.17514],[136.1111,36.17448],[136.11059,36.17349],[136.10992,36.17281],[136.10947,36.17281],[136.10776,36.17359],[136.11093,36.17804],[136.1131,36.18112],[136.11385,36.18214],[136.1149,36.18375],[136.11771,36.18757],[136.11963,36.19022],[136.11864,36.19076],[136.11494,36.19249],[136.11441,36.19268],[136.11374,36.19781],[136.11304,36.20279],[136.11272,36.20532],[136.11248,36.2053],[136.11387,36.19537],[136.11423,36.1926],[136.10762,36.18332],[136.10516,36.17982],[136.10233,36.17584],[136.1002,36.17297],[136.10799,36.16948],[136.11115,36.16857],[136.1191,36.16596],[136.12123,36.16513],[136.12392,36.16401],[136.12526,36.16337],[136.12545,36.16249],[136.12689,36.16149],[136.12707,36.16166],[136.12771,36.1613],[136.12809,36.16165],[136.12833,36.16145],[136.12729,36.16022],[136.12553,36.15897],[136.12505,36.15841],[136.12523,36.15831],[136.12536,36.1579],[136.12716,36.15829],[136.12776,36.1583],[136.12782,36.15807],[136.12966,36.15844],[136.13028,36.15856],[136.12973,36.16039],[136.13092,36.16063],[136.13046,36.16218],[136.12994,36.16217],[136.13365,36.16594],[136.1321,36.167],[136.13331,36.16819],[136.13402,36.16772],[136.13485,36.16851],[136.13513,36.16832],[136.13568,36.16884],[136.13614,36.16905],[136.13599,36.17008],[136.13819,36.17028],[136.13805,36.17137],[136.13811,36.1722],[136.13883,36.17205],[136.13942,36.17069],[136.13966,36.1704],[136.14,36.16903],[136.1382,36.16906],[136.13878,36.16285],[136.13915,36.16288],[136.1391,36.16336],[136.14325,36.1636],[136.14326,36.16334],[136.14798,36.16335],[136.14791,36.1639],[136.14908,36.16398],[136.1487,36.16431],[136.14912,36.16475],[136.1488,36.16502],[136.15148,36.16676],[136.15247,36.1661],[136.15475,36.16508],[136.15501,36.16496],[136.15651,36.16422],[136.15757,36.16362],[136.15887,36.16267],[136.1599,36.16151],[136.16027,36.16097],[136.16112,36.15979],[136.16151,36.15924],[136.16221,36.15805],[136.16307,36.15587],[136.16351,36.15449],[136.16353,36.15442],[136.16371,36.15357],[136.16381,36.15239],[136.16382,36.1517],[136.16388,36.15091],[136.16428,36.14916],[136.16463,36.14927],[136.16429,36.14913],[136.16467,36.14772],[136.16471,36.14751],[136.16488,36.14694],[136.1656,36.14563],[136.16584,36.14533],[136.16633,36.14488],[136.16981,36.14231],[136.17253,36.14066],[136.17375,36.14001],[136.1748,36.13956],[136.17582,36.13891],[136.17658,36.1383],[136.17711,36.13765],[136.17748,36.13682],[136.17779,36.13545],[136.17798,36.13367],[136.17872,36.13366],[136.18037,36.13346],[136.18056,36.13346],[136.18146,36.13345],[136.18184,36.13328],[136.18236,36.13307],[136.1839,36.13243],[136.18802,36.13072],[136.18829,36.13078],[136.19174,36.13069],[136.19198,36.13026],[136.19188,36.12933],[136.19195,36.12907],[136.19192,36.12834],[136.19224,36.12827],[136.19283,36.12704],[136.19374,36.12741],[136.19386,36.12731],[136.19419,36.12746],[136.19386,36.12731],[136.194,36.12683],[136.19406,36.12662],[136.1941,36.12641],[136.19403,36.12614],[136.19401,36.12574],[136.19408,36.12453],[136.19338,36.12461],[136.19418,36.12384],[136.19415,36.1234],[136.19561,36.12292],[136.19557,36.12317],[136.19795,36.12177],[136.19999,36.12131],[136.20086,36.12129],[136.2035,36.12099],[136.20491,36.12199],[136.20679,36.12247],[136.20964,36.12051],[136.21403,36.12067],[136.21555,36.12074],[136.21574,36.12078],[136.21599,36.12083],[136.2166,36.12096],[136.21683,36.12101],[136.21896,36.12093],[136.21931,36.12091],[136.22113,36.12084],[136.22362,36.12082],[136.22527,36.12079],[136.22608,36.12077],[136.22701,36.12073],[136.22725,36.12071],[136.22729,36.12071],[136.22816,36.1207],[136.22915,36.12064],[136.23088,36.12072],[136.23085,36.11949],[136.23249,36.11912],[136.23399,36.11871],[136.23524,36.11872],[136.23564,36.11877],[136.23653,36.11877],[136.23726,36.11882],[136.23737,36.11883],[136.2373,36.11922],[136.23822,36.11946],[136.23825,36.1202],[136.23851,36.12027],[136.23874,36.12036],[136.23905,36.11968],[136.23982,36.11989],[136.24037,36.12003],[136.24231,36.12053],[136.24247,36.12056],[136.24269,36.12059],[136.24326,36.12065],[136.24445,36.1208],[136.24525,36.12083],[136.24572,36.12083],[136.24576,36.12083],[136.2457,36.12002],[136.24565,36.11822],[136.24569,36.11818],[136.24587,36.11814],[136.24695,36.11819],[136.24704,36.11823],[136.24735,36.11827],[136.24798,36.11832],[136.24807,36.11923],[136.24809,36.11947],[136.24815,36.12046],[136.24841,36.12054],[136.2488,36.12067],[136.24886,36.12094],[136.2494,36.12072],[136.2495,36.1214],[136.25072,36.12148],[136.2506,36.12245],[136.25095,36.12245],[136.25105,36.12305],[136.25186,36.12331],[136.25265,36.12343],[136.25267,36.1238],[136.25305,36.12381],[136.25306,36.12381],[136.25404,36.12379],[136.25423,36.12378],[136.25412,36.12226],[136.25436,36.12088],[136.25439,36.12066],[136.25447,36.12029],[136.25475,36.12004],[136.25543,36.12],[136.25542,36.11908],[136.25461,36.11896],[136.25417,36.11845],[136.2541,36.11603],[136.25421,36.11454],[136.25525,36.11336],[136.25553,36.11343],[136.25598,36.11313],[136.25625,36.11256],[136.25561,36.11095],[136.25498,36.11098],[136.25424,36.10855],[136.25386,36.10762],[136.25531,36.10733],[136.25532,36.10662],[136.25579,36.10653],[136.25647,36.1064],[136.25645,36.10484],[136.25673,36.10483],[136.25679,36.10578],[136.25738,36.10575],[136.25733,36.10482],[136.25794,36.10479],[136.25799,36.10572],[136.25838,36.10571],[136.25833,36.10477],[136.25904,36.10474],[136.25906,36.10507],[136.26192,36.10527],[136.26425,36.10542],[136.26501,36.10525],[136.26846,36.10456],[136.27011,36.10419],[136.27235,36.10649],[136.27314,36.10723],[136.27334,36.10726],[136.27393,36.10727],[136.27481,36.10906],[136.27495,36.1091],[136.27548,36.10913],[136.27528,36.10996],[136.27503,36.11094],[136.27525,36.11101],[136.27542,36.11104],[136.2775,36.11136],[136.27764,36.11163],[136.27829,36.1117],[136.27907,36.11162],[136.27916,36.11183],[136.27983,36.1119],[136.28011,36.1119],[136.28043,36.11187],[136.28033,36.11258],[136.28057,36.11262],[136.28054,36.11307],[136.2805,36.11432],[136.28133,36.1152],[136.28124,36.11624],[136.28103,36.11736],[136.2806,36.11907],[136.28056,36.11919],[136.27994,36.12119],[136.28036,36.12106],[136.28097,36.12089],[136.28414,36.11999],[136.2852,36.11969],[136.28521,36.11957],[136.28522,36.11957],[136.28488,36.11879],[136.28457,36.11796],[136.28513,36.1178],[136.2848,36.11686],[136.28495,36.11676],[136.28473,36.11625],[136.28485,36.11588],[136.28479,36.11571],[136.28448,36.11491],[136.28491,36.11466],[136.28462,36.11383],[136.28401,36.11266],[136.28401,36.11235],[136.28404,36.11188],[136.28407,36.11121],[136.2853,36.11116],[136.28719,36.11117],[136.28726,36.11189],[136.28732,36.11234],[136.28679,36.11258],[136.28686,36.11277],[136.28642,36.11298],[136.28636,36.11305],[136.28658,36.11344],[136.28683,36.11391],[136.28651,36.11403],[136.28678,36.11457],[136.28705,36.11505],[136.28709,36.11513],[136.28892,36.11452],[136.28933,36.11538],[136.28991,36.11518],[136.29016,36.11568],[136.29037,36.11604],[136.29041,36.11611],[136.29233,36.1155],[136.29192,36.11454],[136.29261,36.1143],[136.29264,36.11426],[136.29228,36.11347],[136.29288,36.11334],[136.2939,36.11311],[136.2942,36.11339],[136.29436,36.11372],[136.29572,36.11329],[136.29616,36.11303],[136.29624,36.11299],[136.29689,36.11269],[136.2969,36.11268],[136.29701,36.1126],[136.29736,36.11231],[136.29822,36.11187],[136.29861,36.11156],[136.29862,36.11128],[136.29765,36.1098],[136.29757,36.1098],[136.29722,36.10979],[136.29717,36.10972],[136.29718,36.10958],[136.29752,36.10867],[136.29685,36.10865],[136.29617,36.10757],[136.29774,36.1071],[136.29906,36.10697],[136.30007,36.10659],[136.30296,36.10551],[136.30498,36.10469],[136.30594,36.10411],[136.30781,36.10394],[136.31189,36.10342],[136.31214,36.10401],[136.31256,36.10396],[136.31365,36.10384],[136.31491,36.10371],[136.31497,36.10369],[136.3154,36.10262],[136.31817,36.1028],[136.31916,36.10289],[136.31918,36.10256],[136.31918,36.10204],[136.31915,36.10183],[136.31915,36.10181],[136.32161,36.10248],[136.323,36.10258],[136.32292,36.1033],[136.32283,36.10381],[136.32273,36.10415],[136.3225,36.10494],[136.32259,36.10498],[136.32281,36.10501],[136.32286,36.10505],[136.32307,36.10508],[136.32317,36.10514],[136.32322,36.10523],[136.32322,36.10539],[136.32253,36.106],[136.32334,36.10644],[136.32445,36.10784],[136.32515,36.1082],[136.32533,36.10854],[136.32623,36.10905],[136.32689,36.10973],[136.32776,36.10983],[136.3282,36.10988],[136.32943,36.1101],[136.33148,36.11079],[136.33187,36.11133],[136.3322,36.11152],[136.33287,36.11165],[136.33307,36.11162],[136.33358,36.11153],[136.33507,36.11219],[136.33568,36.11236],[136.33627,36.11238],[136.33652,36.11233],[136.33724,36.11211],[136.33794,36.11158],[136.33827,36.11136],[136.33891,36.11094],[136.34009,36.11107],[136.34047,36.11116],[136.34205,36.11115],[136.34263,36.11103],[136.34337,36.11081],[136.34376,36.11118],[136.34567,36.11355],[136.34594,36.11376],[136.34769,36.11332],[136.3483,36.1139],[136.34902,36.11413],[136.34997,36.11523],[136.35094,36.11518],[136.35181,36.11546],[136.35325,36.11538],[136.35399,36.11618],[136.35464,36.11628],[136.35554,36.11684],[136.35558,36.11716],[136.3562,36.11797],[136.35636,36.11912],[136.35655,36.11954],[136.3574,36.12066],[136.35807,36.12085],[136.35847,36.12119],[136.35871,36.12206],[136.35916,36.12289],[136.35964,36.12347],[136.3597,36.12397],[136.36,36.12426],[136.3604,36.12548],[136.36007,36.12633],[136.36011,36.12727],[136.36046,36.1276],[136.36152,36.12817],[136.36188,36.12868],[136.36303,36.12837],[136.36421,36.1288],[136.36483,36.12861],[136.36598,36.12868],[136.36711,36.12933],[136.36807,36.12937],[136.36942,36.12927],[136.37125,36.1299],[136.37175,36.12989],[136.37224,36.12909],[136.37288,36.12887],[136.37348,36.12836],[136.37374,36.12776],[136.37433,36.12698],[136.37503,36.12649],[136.37563,36.12589],[136.37738,36.1261],[136.37798,36.12595],[136.37864,36.12619],[136.3794,36.12627],[136.37987,36.12652],[136.38147,36.12673],[136.3825,36.1266],[136.3838,36.12682],[136.38587,36.12662],[136.38689,36.12561],[136.38737,36.12554],[136.38839,36.12564],[136.38954,36.1255],[136.39105,36.12471],[136.39253,36.12495],[136.39264,36.12497],[136.39329,36.12512],[136.39372,36.12519],[136.39483,36.1251],[136.39539,36.12473],[136.39603,36.12508],[136.39796,36.12514],[136.39886,36.12479],[136.3992,36.12483],[136.40001,36.12544],[136.4002,36.12594],[136.40097,36.12629],[136.40149,36.12721],[136.40192,36.12744],[136.40231,36.12798],[136.40335,36.12794],[136.40385,36.12805],[136.40624,36.12842],[136.40707,36.12828],[136.40829,36.12884],[136.4093,36.12891],[136.41241,36.12993],[136.41324,36.13031],[136.41609,36.13129],[136.41818,36.13157],[136.4193,36.13222],[136.42121,36.13264],[136.42232,36.13287],[136.42291,36.13304],[136.42409,36.13319],[136.42469,36.13329],[136.42545,36.13363],[136.42591,36.13334],[136.42627,36.13316],[136.42717,36.13309],[136.4283,36.13262],[136.42894,36.13217],[136.42924,36.13217],[136.43012,36.13293],[136.43082,36.13324],[136.43126,36.13334],[136.43254,36.13327],[136.43315,36.13358],[136.434,36.1343],[136.43462,36.13434],[136.43535,36.13436],[136.43589,36.13412],[136.43631,36.13403],[136.43718,36.13375],[136.43775,36.13375],[136.43867,36.13441],[136.43959,36.13479],[136.43997,36.13564],[136.4401,36.13689],[136.44039,36.13731],[136.43949,36.13817],[136.43892,36.13977],[136.43857,36.1401],[136.43867,36.14125],[136.43859,36.14175],[136.43785,36.14229],[136.4343,36.14293],[136.43167,36.14346],[136.43128,36.14424],[136.43038,36.14526],[136.42976,36.14615],[136.42827,36.14691],[136.42772,36.14732],[136.42751,36.14828],[136.42675,36.14928],[136.42664,36.14961],[136.42681,36.15072],[136.42676,36.15112],[136.4255,36.15283],[136.4247,36.15362],[136.42439,36.15447],[136.42374,36.1547],[136.42241,36.15483],[136.42071,36.15472],[136.41985,36.1549],[136.41924,36.15537],[136.4171,36.15561],[136.41674,36.15586],[136.41516,36.15653],[136.41433,36.15657],[136.41351,36.15795],[136.41287,36.15946],[136.41255,36.15975],[136.41126,36.16035],[136.4119,36.16136],[136.41199,36.16222],[136.41238,36.16329],[136.41217,36.1641],[136.41267,36.16492],[136.4133,36.16676],[136.41289,36.16791],[136.41234,36.16899],[136.41169,36.16976],[136.41044,36.17004],[136.40997,36.17053],[136.40929,36.17221],[136.4076,36.17175],[136.40689,36.17141],[136.40584,36.17065],[136.40526,36.17036],[136.40455,36.1703],[136.40131,36.17058],[136.39782,36.17071],[136.39613,36.1701],[136.39555,36.16954],[136.39435,36.16888],[136.39252,36.16837],[136.39086,36.16761],[136.38995,36.16741],[136.38883,36.16764],[136.38656,36.1673],[136.3856,36.16777],[136.38424,36.16802],[136.38333,36.16841],[136.38228,36.16849],[136.38093,36.16882],[136.37927,36.16828],[136.37883,36.16859],[136.37693,36.16921],[136.37587,36.16937],[136.37473,36.16981],[136.37378,36.17007],[136.37328,36.17008],[136.37201,36.16978],[136.3711,36.16993],[136.3687,36.16989],[136.36794,36.16908],[136.36732,36.16875],[136.3672,36.16781],[136.36673,36.16701],[136.36569,36.16606],[136.36466,36.16591],[136.36343,36.16594],[136.36056,36.16562],[136.35977,36.1654],[136.35809,36.16532],[136.35749,36.1657],[136.35616,36.16728],[136.35549,36.16838],[136.35494,36.16896],[136.35411,36.1693],[136.35308,36.16943],[136.35129,36.16939],[136.35024,36.17008],[136.34882,36.17055],[136.34779,36.1714],[136.34623,36.17228],[136.34421,36.17288],[136.34241,36.17441],[136.34173,36.17562],[136.34154,36.17708],[136.34104,36.17791],[136.34052,36.17911],[136.33932,36.18011],[136.33921,36.18148],[136.33871,36.18211],[136.3377,36.18379],[136.33739,36.18402],[136.33602,36.18448],[136.33546,36.18528],[136.33586,36.18671],[136.33679,36.18848],[136.33684,36.19101],[136.33642,36.19236],[136.33628,36.19398],[136.33599,36.19461],[136.33481,36.19495],[136.33399,36.19494],[136.3331,36.19534],[136.33235,36.19645],[136.33214,36.19716],[136.33246,36.1979],[136.33223,36.1993],[136.33161,36.20072],[136.32932,36.20196],[136.32818,36.20122],[136.32778,36.20062],[136.32629,36.20043],[136.32596,36.2003],[136.32532,36.19963],[136.32471,36.19942],[136.32407,36.19884],[136.32356,36.19901],[136.32204,36.19907],[136.32122,36.19932],[136.32081,36.19919],[136.32043,36.19905],[136.31939,36.19823],[136.31893,36.19749],[136.31883,36.19555],[136.31852,36.19507],[136.31816,36.19442],[136.31706,36.19325],[136.31536,36.19277],[136.31453,36.19165],[136.31423,36.19141],[136.3131,36.19102],[136.31252,36.19062],[136.31195,36.19057],[136.31145,36.19039],[136.31092,36.19002],[136.30988,36.18985],[136.30947,36.19008],[136.30872,36.19004],[136.30802,36.19019],[136.30765,36.19029],[136.30717,36.18949],[136.30686,36.18919],[136.30626,36.18873],[136.3057,36.18837],[136.30576,36.18791],[136.3057,36.18724],[136.30522,36.18631],[136.30513,36.1861],[136.30503,36.18591],[136.30518,36.185],[136.30487,36.18434],[136.30447,36.18391],[136.30384,36.18363],[136.30245,36.18395],[136.30201,36.18398],[136.30189,36.18383],[136.30182,36.18344],[136.30177,36.18329],[136.30078,36.18255],[136.29956,36.18166],[136.29905,36.18134],[136.29899,36.18101],[136.29897,36.18092],[136.29883,36.18068],[136.2984,36.18029],[136.29806,36.18015],[136.29726,36.17933],[136.29707,36.17922],[136.29664,36.17901],[136.2956,36.17883],[136.29534,36.17882],[136.29473,36.17866],[136.29469,36.17848],[136.29455,36.17822],[136.29391,36.17807],[136.29359,36.17804],[136.29277,36.17747],[136.29172,36.1769],[136.29099,36.17666],[136.28992,36.17632],[136.28898,36.17631],[136.28837,36.1761],[136.28752,36.17563],[136.2868,36.17559],[136.28648,36.17511],[136.28577,36.17494],[136.28519,36.17454],[136.2846,36.17471],[136.28422,36.17531],[136.28332,36.17538],[136.2822,36.17586],[136.28147,36.17648],[136.2807,36.1765],[136.28048,36.17731],[136.28023,36.17766],[136.28017,36.17846],[136.27983,36.17885],[136.27727,36.17781],[136.27666,36.17782],[136.27604,36.17826],[136.27578,36.17863],[136.27579,36.17937],[136.27551,36.17974],[136.27519,36.18027],[136.27485,36.18025],[136.27478,36.1802],[136.27457,36.17995],[136.27423,36.17903],[136.27363,36.1784],[136.27298,36.17814],[136.2726,36.17796],[136.27202,36.17723],[136.27167,36.17733],[136.27029,36.17736],[136.26982,36.17742],[136.26862,36.17744],[136.26832,36.17832],[136.26519,36.17827],[136.26234,36.17831],[136.2624,36.17913],[136.26176,36.17915],[136.26179,36.17946],[136.25964,36.17949],[136.25891,36.1791],[136.25849,36.17977],[136.25844,36.17992],[136.25833,36.18085],[136.25828,36.18161],[136.25661,36.18172],[136.25685,36.18277],[136.25634,36.18279],[136.25663,36.1832],[136.25606,36.1833],[136.25531,36.18345],[136.25506,36.1835],[136.25507,36.18376],[136.2517,36.18378],[136.25162,36.18385],[136.25162,36.18523],[136.25123,36.18521],[136.25103,36.18519],[136.2488,36.18501],[136.24387,36.18437],[136.24252,36.18409],[136.24202,36.18407],[136.23908,36.18467],[136.23973,36.18384],[136.23808,36.18372],[136.2375,36.18367],[136.23744,36.18365],[136.23705,36.18364],[136.23676,36.18516],[136.23637,36.18724],[136.23577,36.18851],[136.23554,36.18922],[136.23546,36.19009],[136.23574,36.19015],[136.23637,36.19026],[136.23647,36.19056],[136.2373,36.19142],[136.236,36.19198],[136.23607,36.1921],[136.23626,36.19244],[136.23653,36.19324],[136.23621,36.19327],[136.23537,36.19335],[136.23347,36.19338],[136.23346,36.1935],[136.23342,36.19371],[136.23331,36.19435],[136.23121,36.19428],[136.23034,36.19424],[136.23049,36.19519],[136.2297,36.19537],[136.22937,36.19545],[136.22929,36.19547],[136.22916,36.19556],[136.22909,36.1967],[136.22521,36.19676],[136.22493,36.19662],[136.2243,36.19661],[136.22337,36.1966],[136.22337,36.19645],[136.22338,36.19632],[136.22341,36.196],[136.22332,36.19518],[136.22311,36.19417],[136.22237,36.1938],[136.22126,36.19368],[136.22028,36.19365],[136.21948,36.19362],[136.21936,36.19355],[136.21919,36.19301],[136.21899,36.19267],[136.21871,36.19215],[136.21837,36.19073],[136.21861,36.19196],[136.21767,36.19252],[136.21668,36.19238],[136.21661,36.19257],[136.21547,36.19238],[136.21597,36.19022],[136.21502,36.19009],[136.21518,36.18942],[136.21449,36.1893],[136.2146,36.18889],[136.2131,36.1887],[136.21307,36.18919],[136.21258,36.18916],[136.21255,36.18981],[136.2118,36.18975],[136.21176,36.19027],[136.21088,36.19024],[136.21074,36.19207],[136.19715,36.19133],[136.19698,36.1913],[136.19674,36.19027],[136.19615,36.19026],[136.19613,36.1895],[136.19527,36.18928],[136.19523,36.18892],[136.19354,36.18911],[136.19105,36.18959],[136.19039,36.18993],[136.1904,36.19006],[136.1904,36.19017],[136.19045,36.1908],[136.1906,36.19266],[136.19026,36.19287],[136.18999,36.19292],[136.18933,36.19292],[136.18884,36.19291],[136.18757,36.19287],[136.18606,36.19279],[136.18401,36.19275],[136.18282,36.19273],[136.18275,36.19344],[136.18041,36.19325],[136.18035,36.19412],[136.17958,36.19405],[136.17845,36.19433],[136.17876,36.19499],[136.17781,36.19524],[136.17786,36.19547],[136.17823,36.19689],[136.17603,36.19728],[136.17625,36.19811],[136.17276,36.1987],[136.1732,36.20051],[136.17336,36.20109],[136.17384,36.2029],[136.17295,36.20305],[136.17307,36.20352],[136.17263,36.20383],[136.17261,36.20457],[136.17271,36.20551],[136.17288,36.20658],[136.17418,36.20638],[136.17466,36.20617],[136.1751,36.20778],[136.17616,36.20758],[136.17633,36.20821],[136.17588,36.20872],[136.17658,36.20981],[136.17547,36.21013],[136.17572,36.21124],[136.17444,36.21141],[136.17329,36.21156],[136.17309,36.21175],[136.16952,36.21216],[136.16892,36.21213],[136.16838,36.21182],[136.16786,36.20935],[136.16662,36.20941],[136.16664,36.2101],[136.16666,36.21084],[136.16669,36.21128],[136.16672,36.21157],[136.16679,36.21213],[136.16688,36.2126],[136.16713,36.2134],[136.1673,36.21391],[136.16766,36.2147],[136.16802,36.21521],[136.16823,36.21543],[136.16919,36.21619],[136.16967,36.21643],[136.17012,36.21645],[136.17168,36.21643],[136.17241,36.21652],[136.17287,36.2167],[136.17353,36.21703],[136.17412,36.21725],[136.17409,36.21735],[136.17403,36.21762],[136.17399,36.21809],[136.17423,36.21863],[136.17469,36.21862],[136.17496,36.21837],[136.17513,36.21881],[136.17536,36.22008],[136.1757,36.22018],[136.17495,36.22182],[136.17684,36.2224],[136.18065,36.22352],[136.18205,36.224],[136.18194,36.22311],[136.18375,36.22287],[136.1841,36.22611],[136.18464,36.22608],[136.18495,36.22839],[136.18433,36.22814],[136.18441,36.2288],[136.18279,36.22868],[136.18245,36.22933],[136.18213,36.22957],[136.18123,36.23082],[136.18103,36.23147],[136.18123,36.23168],[136.18343,36.23139],[136.18411,36.23144],[136.18381,36.23193],[136.18404,36.2325],[136.18389,36.23327],[136.18466,36.23326],[136.18515,36.23307],[136.18606,36.23222],[136.1865,36.23162],[136.18667,36.23109],[136.18656,36.23008],[136.18801,36.23055],[136.1889,36.23093],[136.18898,36.23176],[136.18857,36.23307],[136.18881,36.23383],[136.18957,36.2341],[136.19027,36.23356],[136.1906,36.23423],[136.19331,36.23422],[136.19409,36.23388],[136.19464,36.23342],[136.19532,36.2342],[136.1959,36.23489],[136.19616,36.23576],[136.19606,36.2375],[136.19658,36.2376],[136.1964,36.23836],[136.19579,36.23885],[136.19474,36.23851],[136.19402,36.24],[136.19489,36.24029],[136.1943,36.24155],[136.19461,36.24188],[136.19533,36.24228],[136.19568,36.24309],[136.19638,36.24365],[136.19714,36.24456],[136.19848,36.24566],[136.20014,36.24638],[136.19989,36.24666],[136.19894,36.2477],[136.19837,36.24848],[136.19799,36.24881],[136.19769,36.24906],[136.19649,36.2499],[136.19577,36.25075],[136.1955,36.25145],[136.19462,36.25075],[136.19451,36.25084],[136.19369,36.25014],[136.19174,36.25173],[136.19158,36.25162],[136.1914,36.25161],[136.1911,36.25161],[136.19105,36.25161],[136.19099,36.25159],[136.1908,36.25096],[136.19043,36.25094],[136.18956,36.25043],[136.18923,36.25024],[136.18928,36.24978],[136.189,36.24959],[136.18852,36.24968],[136.18801,36.25005],[136.1857,36.24908],[136.18564,36.25001],[136.1844,36.24992],[136.18455,36.24862],[136.1846,36.24858],[136.18447,36.2482],[136.18279,36.24944],[136.1813,36.25053],[136.18305,36.25156],[136.18304,36.25214],[136.18349,36.25254],[136.18319,36.25277],[136.18406,36.25354],[136.18378,36.25374],[136.18476,36.25463],[136.18429,36.25499],[136.18409,36.25579],[136.18424,36.25602],[136.18537,36.25648],[136.18474,36.25763],[136.18427,36.25824],[136.17681,36.25454],[136.17349,36.25303],[136.17075,36.25198],[136.1685,36.25125],[136.16791,36.25124],[136.16679,36.25076],[136.16485,36.25035],[136.16294,36.25002],[136.16062,36.24977],[136.15863,36.24988],[136.15885,36.24974],[136.15886,36.24924],[136.15882,36.24925],[136.15878,36.24957],[136.15859,36.24974],[136.15861,36.25017],[136.1582,36.25039],[136.15776,36.25015],[136.15655,36.25101],[136.1557,36.25147],[136.15518,36.25234],[136.15474,36.25257],[136.15429,36.25333],[136.15349,36.25362],[136.15324,36.25318],[136.15268,36.25312],[136.15235,36.25286],[136.15141,36.2529],[136.15102,36.25247],[136.15052,36.25238],[136.14967,36.25249],[136.1492,36.25276],[136.14928,36.25306],[136.14901,36.25369],[136.14858,36.25407],[136.14906,36.25488],[136.14855,36.25548],[136.14875,36.25478],[136.14778,36.25505],[136.14764,36.25455],[136.14721,36.25521],[136.14728,36.25557],[136.14692,36.25557],[136.1467,36.25523],[136.14707,36.25466],[136.14751,36.25463],[136.14754,36.25391],[136.14715,36.25356],[136.14625,36.25337],[136.14588,36.25394],[136.14464,36.25369],[136.1458,36.25367],[136.14604,36.25346],[136.14603,36.25251],[136.1459,36.25199],[136.14523,36.25162],[136.14439,36.25168],[136.14456,36.2519],[136.14406,36.25228],[136.14376,36.25286],[136.14347,36.25272],[136.14307,36.25417],[136.14323,36.25289],[136.14268,36.25295],[136.14271,36.25267],[136.14187,36.25262],[136.14113,36.25291],[136.14092,36.25335],[136.14056,36.25327],[136.14063,36.25282],[136.14038,36.25225],[136.14,36.25191],[136.13977,36.25102],[136.13821,36.2505],[136.13726,36.25046],[136.13649,36.25047],[136.13504,36.2508],[136.1345,36.25129],[136.13359,36.25168],[136.13301,36.2515],[136.13216,36.25159],[136.1326,36.25132],[136.13224,36.25093],[136.13135,36.25079],[136.13086,36.25118],[136.13051,36.25095],[136.12986,36.2511],[136.12786,36.25049],[136.12688,36.2509],[136.12621,36.25105],[136.1257,36.25094],[136.12547,36.25063],[136.12486,36.25071],[136.12487,36.25045],[136.12435,36.25039],[136.12342,36.25002],[136.12323,36.24967],[136.1214,36.25041],[136.12096,36.25101],[136.12084,36.25159],[136.12098,36.25206],[136.12087,36.25342],[136.12049,36.25354],[136.12009,36.25306],[136.11983,36.25334],[136.11919,36.25344],[136.11901,36.25285],[136.11842,36.25303],[136.11745,36.25278],[136.11721,36.2511],[136.11679,36.25029],[136.11698,36.25002],[136.11779,36.25023],[136.11813,36.24993],[136.11876,36.25],[136.12026,36.25059],[136.12097,36.25054],[136.1232,36.24964],[136.12359,36.24939],[136.12406,36.24829],[136.12362,36.24821],[136.12419,36.24775],[136.12418,36.24746],[136.12478,36.24662],[136.12549,36.24621],[136.12625,36.24613],[136.12751,36.24527],[136.12784,36.24521],[136.12854,36.24445],[136.12832,36.24408],[136.12857,36.24351],[136.12907,36.24294],[136.12995,36.24275],[136.13085,36.24218],[136.13063,36.24179],[136.131,36.24109],[136.13139,36.24084],[136.13138,36.24031],[136.13112,36.23981],[136.13029,36.23907],[136.12883,36.23928],[136.12889,36.23886],[136.12777,36.23869],[136.12701,36.23899],[136.12736,36.23865],[136.12706,36.23854],[136.12601,36.23874],[136.12616,36.23833],[136.12544,36.23849],[136.12555,36.23799],[136.12515,36.23766],[136.12572,36.23753],[136.12506,36.23738],[136.12597,36.23705],[136.1258,36.23682],[136.12523,36.23687],[136.12603,36.23634],[136.12585,36.23599],[136.12685,36.23561],[136.12664,36.23545],[136.12718,36.23495],[136.12739,36.23451],[136.12857,36.23327],[136.12887,36.23325],[136.1294,36.23281],[136.12977,36.23286],[136.13002,36.23257],[136.1303,36.23275],[136.13123,36.23142],[136.13141,36.23047],[136.13208,36.23045],[136.13242,36.23013],[136.13284,36.23019],[136.13243,36.23012],[136.13247,36.22947],[136.13316,36.22847],[136.13261,36.22759],[136.13261,36.22622],[136.13207,36.22576],[136.13205,36.22527],[136.13164,36.22467],[136.13225,36.22477],[136.13243,36.22415],[136.13338,36.22448],[136.13354,36.2243],[136.13406,36.22411],[136.13437,36.22376],[136.13467,36.22307],[136.13481,36.22214],[136.13466,36.22125],[136.13448,36.22073],[136.13304,36.22052],[136.1323,36.22028],[136.13127,36.21977],[136.13107,36.21994],[136.12734,36.2178],[136.1274,36.21773],[136.13107,36.21984],[136.13128,36.21969],[136.13245,36.22028],[136.13346,36.22056],[136.13446,36.22067],[136.13729,36.22055],[136.13896,36.2201],[136.14062,36.21927],[136.14168,36.21851],[136.1423,36.21792],[136.14276,36.21729],[136.14381,36.2157],[136.14565,36.21436],[136.14731,36.21364],[136.14846,36.21303],[136.15058,36.2115],[136.15121,36.21091],[136.15219,36.20987],[136.15356,36.20845],[136.15333,36.20818]],[[136.19419,36.12746],[136.19552,36.12808],[136.19495,36.1278],[136.19419,36.12746]],[[136.1561,36.20483],[136.15244,36.20319],[136.15372,36.20377],[136.1561,36.20483]],[[136.1601,36.24392],[136.16369,36.2447],[136.1613,36.24418],[136.1601,36.24392]],[[136.14833,36.16956],[136.14846,36.16968],[136.14859,36.16952],[136.14833,36.16956]],[[136.148,36.17985],[136.14895,36.17934],[136.1489,36.1793],[136.148,36.17985]],[[136.14904,36.18599],[136.14888,36.18606],[136.14634,36.1873],[136.14904,36.18599]],[[136.1703,36.17382],[136.17024,36.17382],[136.16704,36.17392],[136.16851,36.17388],[136.1703,36.17382]],[[136.31364,36.10911],[136.31307,36.10934],[136.31328,36.10926],[136.31364,36.10911]],[[136.30327,36.11373],[136.30344,36.11414],[136.30352,36.11413],[136.30327,36.11373]],[[136.29204,36.11968],[136.29343,36.11921],[136.29471,36.11876],[136.29204,36.11968]],[[136.28854,36.12174],[136.28829,36.12211],[136.28862,36.12163],[136.28854,36.12174]],[[136.24521,36.12965],[136.24515,36.1297],[136.24514,36.13042],[136.24519,36.1298],[136.24521,36.12965]],[[136.26576,36.1169],[136.26515,36.11691],[136.26648,36.11694],[136.26666,36.11688],[136.26576,36.1169]],[[136.279,36.11395],[136.27917,36.11391],[136.27848,36.11368],[136.279,36.11395]],[[136.27079,36.1237],[136.27084,36.12374],[136.2706,36.12305],[136.27079,36.1237]],[[136.25964,36.12378],[136.26159,36.12378],[136.26227,36.12377],[136.25964,36.12378]],[[136.27287,36.14361],[136.2732,36.14363],[136.27326,36.14335],[136.27287,36.14361]],[[136.27166,36.13951],[136.27403,36.13988],[136.27142,36.13947],[136.27166,36.13951]],[[136.27403,36.13988],[136.27407,36.13989],[136.27482,36.13994],[136.27403,36.13988]],[[136.2566,36.14525],[136.25551,36.14536],[136.25681,36.14523],[136.2566,36.14525]],[[136.29708,36.13354],[136.2974,36.13349],[136.29746,36.13329],[136.29708,36.13354]],[[136.27093,36.14672],[136.27086,36.1471],[136.27103,36.14672],[136.27093,36.14672]],[[136.27234,36.14909],[136.27251,36.1491],[136.27236,36.1489],[136.27234,36.14909]],[[136.27278,36.14821],[136.2732,36.14832],[136.27323,36.14826],[136.27278,36.14821]],[[136.27326,36.14797],[136.27329,36.14792],[136.27338,36.14753],[136.27326,36.14797]],[[136.27345,36.15056],[136.27364,36.15047],[136.27338,36.15009],[136.27345,36.15056]],[[136.27338,36.15009],[136.27319,36.14908],[136.27313,36.14895],[136.27338,36.15009]],[[136.27493,36.14771],[136.27509,36.14757],[136.27467,36.14752],[136.27462,36.1477],[136.27493,36.14771]],[[136.26847,36.1553],[136.26842,36.15571],[136.26877,36.15555],[136.26847,36.1553]],[[136.26946,36.1551],[136.27068,36.15508],[136.26967,36.15508],[136.26946,36.1551]],[[136.27585,36.15495],[136.27589,36.1548],[136.27578,36.15385],[136.27585,36.15495]],[[136.27422,36.15767],[136.27316,36.15761],[136.2742,36.15771],[136.27422,36.15767]],[[136.2742,36.15771],[136.2742,36.15782],[136.27449,36.15785],[136.2742,36.15771]],[[136.26421,36.17326],[136.26438,36.17327],[136.26433,36.17284],[136.26421,36.17326]],[[136.29502,36.16224],[136.295,36.16244],[136.29508,36.16246],[136.29502,36.16224]],[[136.28809,36.14837],[136.28785,36.14987],[136.28801,36.14893],[136.28809,36.14837]],[[136.27302,36.14736],[136.27307,36.14652],[136.27301,36.14611],[136.27304,36.14652],[136.27302,36.14736]],[[136.25585,36.1789],[136.25618,36.17903],[136.2575,36.17953],[136.25585,36.1789]],[[136.20773,36.13981],[136.20659,36.14006],[136.20717,36.14001],[136.20773,36.13981]],[[136.22163,36.13231],[136.22198,36.13243],[136.22169,36.13227],[136.22163,36.13231]],[[136.20067,36.13482],[136.20041,36.13435],[136.20066,36.13498],[136.20067,36.13482]],[[136.20328,36.15031],[136.20333,36.15107],[136.20341,36.15106],[136.20328,36.15031]],[[136.19042,36.14333],[136.1898,36.14343],[136.18997,36.14344],[136.19042,36.14333]],[[136.17622,36.14365],[136.17638,36.14381],[136.17684,36.14373],[136.17622,36.14365]],[[136.17571,36.14826],[136.17409,36.14813],[136.17451,36.14817],[136.17571,36.14826]],[[136.17785,36.15574],[136.17791,36.15568],[136.17803,36.15377],[136.17785,36.15574]],[[136.17924,36.15692],[136.17942,36.15789],[136.1793,36.1569],[136.17861,36.15549],[136.17924,36.15692]],[[136.1771,36.16869],[136.17543,36.16857],[136.17659,36.16866],[136.1771,36.16869]],[[136.22891,36.12695],[136.22888,36.12712],[136.22897,36.12689],[136.22891,36.12695]],[[136.23154,36.12623],[136.23235,36.12604],[136.23388,36.12569],[136.23333,36.12581],[136.23154,36.12623]],[[136.23845,36.15941],[136.23947,36.15942],[136.23956,36.15942],[136.23845,36.15941]],[[136.2178,36.16151],[136.21826,36.1615],[136.21961,36.16142],[136.2178,36.16151]],[[136.1282,36.24903],[136.12821,36.24868],[136.12796,36.24794],[136.1282,36.24903]],[[136.27674,36.14171],[136.27696,36.14167],[136.27644,36.14173],[136.27674,36.14171]]],[[[136.26806,36.15837],[136.26809,36.15832],[136.26804,36.15841],[136.26806,36.15837]]],[[[136.23885,36.16133],[136.23864,36.16129],[136.23824,36.1612],[136.23885,36.16133]]],[[[136.13078,36.24741],[136.13103,36.24854],[136.13109,36.24884],[136.13078,36.24741]]]]}},{"type":"Feature","properties":{"nm":"永平寺町","b":[136.2701,36.0334,136.4396,36.1299],"c":[136.35484,36.07796]},"geometry":{"type":"MultiPolygon","coordinates":[[[[136.31913,36.10157],[136.31915,36.10183],[136.31918,36.10204],[136.31918,36.10256],[136.31916,36.10289],[136.31817,36.1028],[136.3154,36.10262],[136.31497,36.10369],[136.31491,36.10371],[136.31365,36.10384],[136.31256,36.10396],[136.31214,36.10401],[136.31189,36.10342],[136.30781,36.10394],[136.30594,36.10411],[136.30498,36.10469],[136.30296,36.10551],[136.30007,36.10659],[136.29906,36.10697],[136.29774,36.1071],[136.29617,36.10757],[136.29685,36.10865],[136.29752,36.10867],[136.29718,36.10958],[136.29717,36.10972],[136.29722,36.10979],[136.29757,36.1098],[136.29765,36.1098],[136.29862,36.11128],[136.29861,36.11156],[136.29822,36.11187],[136.29736,36.11231],[136.29701,36.1126],[136.2969,36.11268],[136.29689,36.11269],[136.29624,36.11299],[136.29616,36.11303],[136.29572,36.11329],[136.29436,36.11372],[136.2942,36.11339],[136.2939,36.11311],[136.29288,36.11334],[136.29228,36.11347],[136.29264,36.11426],[136.29261,36.1143],[136.29192,36.11454],[136.29233,36.1155],[136.29041,36.11611],[136.29037,36.11604],[136.29016,36.11568],[136.28991,36.11518],[136.28933,36.11538],[136.28892,36.11452],[136.28709,36.11513],[136.28705,36.11505],[136.28678,36.11457],[136.28651,36.11403],[136.28683,36.11391],[136.28658,36.11344],[136.28636,36.11305],[136.28642,36.11298],[136.28686,36.11277],[136.28679,36.11258],[136.28732,36.11234],[136.28726,36.11189],[136.28719,36.11117],[136.2853,36.11116],[136.28407,36.11121],[136.28404,36.11188],[136.28401,36.1121],[136.28401,36.11235],[136.28401,36.11266],[136.28462,36.11383],[136.28491,36.11466],[136.28448,36.11491],[136.28479,36.11571],[136.28485,36.11588],[136.28473,36.11625],[136.28495,36.11676],[136.2848,36.11686],[136.28513,36.1178],[136.28457,36.11796],[136.28488,36.11879],[136.28521,36.11957],[136.2852,36.11969],[136.28097,36.12089],[136.28036,36.12106],[136.27994,36.12119],[136.28056,36.11919],[136.2806,36.11907],[136.28103,36.11736],[136.28124,36.11624],[136.28133,36.1152],[136.2805,36.11432],[136.28054,36.11307],[136.28057,36.11262],[136.28033,36.11258],[136.28043,36.11187],[136.28011,36.1119],[136.27983,36.1119],[136.27916,36.11183],[136.27907,36.11162],[136.27829,36.1117],[136.27764,36.11163],[136.2775,36.11136],[136.27542,36.11104],[136.27525,36.11101],[136.27503,36.11094],[136.27528,36.10996],[136.27548,36.10913],[136.27495,36.1091],[136.27481,36.10906],[136.27393,36.10727],[136.27334,36.10726],[136.27314,36.10723],[136.27235,36.10649],[136.27011,36.10419],[136.27037,36.10412],[136.27163,36.10391],[136.27625,36.10333],[136.27747,36.10319],[136.27749,36.1032],[136.27842,36.10405],[136.2788,36.10463],[136.27851,36.10402],[136.27947,36.10385],[136.28061,36.10343],[136.28122,36.10172],[136.28201,36.09874],[136.28232,36.0987],[136.2842,36.0985],[136.28803,36.0981],[136.28902,36.09798],[136.28854,36.09526],[136.28902,36.09518],[136.28854,36.09523],[136.28851,36.09513],[136.28837,36.09495],[136.28808,36.09483],[136.28666,36.09468],[136.28631,36.09468],[136.28509,36.09465],[136.28468,36.09484],[136.28449,36.09491],[136.28433,36.09487],[136.28412,36.09448],[136.284,36.09436],[136.28332,36.09429],[136.28127,36.09408],[136.28133,36.09351],[136.28139,36.09314],[136.28029,36.09304],[136.27996,36.093],[136.28004,36.09235],[136.27986,36.092],[136.2797,36.09197],[136.27985,36.09099],[136.2788,36.09084],[136.2788,36.09038],[136.27883,36.0899],[136.27971,36.09018],[136.28146,36.09072],[136.2822,36.0906],[136.28232,36.09005],[136.28275,36.08933],[136.28277,36.08902],[136.28281,36.08833],[136.28329,36.08834],[136.28341,36.08638],[136.28293,36.08637],[136.28302,36.0856],[136.2837,36.08544],[136.28565,36.08553],[136.28573,36.08456],[136.28711,36.08462],[136.28722,36.08268],[136.29194,36.0829],[136.29212,36.0824],[136.29363,36.08207],[136.29299,36.08079],[136.29289,36.08053],[136.29262,36.0794],[136.29258,36.07892],[136.29204,36.07846],[136.29171,36.07822],[136.29141,36.07812],[136.29119,36.07807],[136.29112,36.07766],[136.29068,36.0774],[136.2907,36.07701],[136.28995,36.07646],[136.28905,36.07582],[136.28885,36.07575],[136.28861,36.07573],[136.28755,36.07574],[136.28648,36.07576],[136.28576,36.07577],[136.28505,36.07612],[136.28445,36.07575],[136.28406,36.07555],[136.28394,36.07551],[136.28339,36.07549],[136.28275,36.07499],[136.28233,36.07474],[136.28198,36.0742],[136.2816,36.0741],[136.28148,36.07408],[136.28134,36.07353],[136.28169,36.07305],[136.28243,36.07296],[136.28305,36.07248],[136.28366,36.07152],[136.28383,36.07093],[136.28402,36.06972],[136.28421,36.06917],[136.2846,36.06878],[136.28402,36.06846],[136.28376,36.0673],[136.28414,36.06682],[136.28465,36.06579],[136.28476,36.06553],[136.28453,36.06536],[136.28458,36.06457],[136.28474,36.06423],[136.28441,36.0634],[136.285,36.06284],[136.28588,36.06306],[136.28614,36.06272],[136.28625,36.0608],[136.28652,36.06048],[136.28612,36.06002],[136.28537,36.05904],[136.28483,36.05836],[136.28462,36.05782],[136.28469,36.05766],[136.28501,36.05689],[136.28494,36.05661],[136.28505,36.05609],[136.28533,36.05583],[136.28548,36.05572],[136.28654,36.05608],[136.28723,36.05561],[136.28763,36.05574],[136.28836,36.05598],[136.28851,36.05547],[136.28873,36.05468],[136.28882,36.0544],[136.28997,36.05397],[136.29005,36.05395],[136.29031,36.05385],[136.29148,36.05286],[136.29162,36.05273],[136.29213,36.0523],[136.29273,36.05151],[136.29294,36.05083],[136.29346,36.04948],[136.29354,36.04931],[136.29471,36.04963],[136.29538,36.04954],[136.29622,36.04957],[136.29682,36.04955],[136.29714,36.0494],[136.29724,36.04916],[136.29696,36.04873],[136.29686,36.04854],[136.29684,36.0481],[136.29686,36.04793],[136.29689,36.04783],[136.29671,36.0476],[136.29675,36.04713],[136.2974,36.04603],[136.29804,36.04614],[136.2987,36.046],[136.29922,36.04584],[136.30028,36.04553],[136.30105,36.04544],[136.30117,36.0455],[136.30186,36.04517],[136.30249,36.0453],[136.30296,36.04537],[136.30361,36.04508],[136.30418,36.0449],[136.30444,36.04451],[136.30501,36.04431],[136.30557,36.04442],[136.30713,36.0442],[136.3077,36.04381],[136.30852,36.04352],[136.30909,36.04316],[136.30936,36.04295],[136.30981,36.04265],[136.31056,36.04235],[136.31091,36.04231],[136.31258,36.04216],[136.31319,36.04178],[136.31358,36.04124],[136.3137,36.04105],[136.31465,36.04142],[136.31509,36.04119],[136.31589,36.04139],[136.31688,36.04131],[136.31729,36.04157],[136.31775,36.04155],[136.31853,36.04191],[136.31863,36.04244],[136.31907,36.0435],[136.32005,36.04412],[136.31954,36.04565],[136.31983,36.04626],[136.31982,36.04689],[136.31957,36.04694],[136.31995,36.04691],[136.32016,36.0471],[136.32019,36.04741],[136.32027,36.04759],[136.32039,36.04779],[136.32075,36.04783],[136.32118,36.04789],[136.32132,36.04795],[136.32153,36.04818],[136.3217,36.04858],[136.32173,36.04884],[136.32172,36.04897],[136.32201,36.0492],[136.32208,36.04925],[136.32215,36.04939],[136.32227,36.04935],[136.32269,36.04921],[136.32286,36.04905],[136.32305,36.04886],[136.32379,36.04905],[136.32413,36.04876],[136.32438,36.04839],[136.32442,36.04837],[136.32506,36.04846],[136.32525,36.04847],[136.32567,36.04844],[136.32709,36.04867],[136.32793,36.04848],[136.32819,36.04842],[136.32862,36.04815],[136.32938,36.04867],[136.32971,36.04894],[136.33008,36.0491],[136.33053,36.04947],[136.33067,36.04973],[136.33082,36.05009],[136.33088,36.05012],[136.33184,36.05027],[136.33247,36.05044],[136.33273,36.05048],[136.33331,36.05065],[136.33367,36.05081],[136.33387,36.05097],[136.33395,36.05107],[136.33444,36.05129],[136.3347,36.05144],[136.33498,36.05179],[136.33498,36.05195],[136.33518,36.05234],[136.33538,36.05247],[136.3356,36.0526],[136.33712,36.05262],[136.33735,36.0527],[136.33821,36.05295],[136.33854,36.0527],[136.3386,36.05268],[136.33904,36.05265],[136.33959,36.05283],[136.34043,36.05322],[136.34079,36.05248],[136.34099,36.05219],[136.34107,36.05178],[136.34153,36.05134],[136.34161,36.05122],[136.34189,36.05083],[136.34193,36.05074],[136.342,36.05021],[136.34204,36.04968],[136.34256,36.04915],[136.34282,36.04895],[136.34299,36.0483],[136.34302,36.04813],[136.3431,36.04801],[136.34319,36.04778],[136.3434,36.04768],[136.34401,36.04747],[136.34422,36.04726],[136.34432,36.04682],[136.34418,36.04625],[136.34386,36.04582],[136.34386,36.04577],[136.34419,36.04534],[136.34432,36.04495],[136.34444,36.04478],[136.34456,36.04445],[136.34466,36.04432],[136.34526,36.04407],[136.34546,36.04391],[136.34569,36.04344],[136.34575,36.04304],[136.34598,36.04281],[136.34609,36.04247],[136.34589,36.04201],[136.34614,36.04185],[136.34631,36.04179],[136.3464,36.04081],[136.34632,36.04055],[136.34625,36.04033],[136.34609,36.03973],[136.34605,36.03964],[136.3462,36.03925],[136.34631,36.03905],[136.34668,36.03881],[136.34716,36.03859],[136.34755,36.03826],[136.34782,36.03777],[136.34804,36.03748],[136.34854,36.03736],[136.34907,36.03735],[136.34932,36.03718],[136.3495,36.03706],[136.34954,36.03705],[136.34982,36.0371],[136.34999,36.03712],[136.35022,36.03708],[136.35032,36.03694],[136.35048,36.03675],[136.35085,36.03657],[136.3511,36.03662],[136.35139,36.03665],[136.35186,36.03658],[136.35276,36.03634],[136.35314,36.03616],[136.35329,36.03611],[136.35347,36.03621],[136.35364,36.03629],[136.3537,36.03633],[136.35407,36.03626],[136.35476,36.03603],[136.35581,36.03593],[136.35595,36.03593],[136.35616,36.03605],[136.35663,36.03614],[136.35741,36.03584],[136.35778,36.03565],[136.35783,36.03559],[136.35833,36.03524],[136.35851,36.03513],[136.35887,36.03485],[136.35928,36.03471],[136.35979,36.03411],[136.36012,36.03377],[136.36017,36.03379],[136.36059,36.03406],[136.361,36.03421],[136.36154,36.03431],[136.36172,36.03433],[136.36242,36.03424],[136.36283,36.0343],[136.36331,36.03455],[136.3638,36.03451],[136.36444,36.03444],[136.36509,36.03426],[136.36572,36.03428],[136.36593,36.03423],[136.36705,36.03359],[136.36761,36.03345],[136.3681,36.03344],[136.36836,36.03354],[136.36873,36.03382],[136.36944,36.03414],[136.36996,36.03433],[136.37016,36.03442],[136.37023,36.03463],[136.37041,36.03501],[136.37053,36.03514],[136.37089,36.0354],[136.37113,36.03563],[136.37127,36.03586],[136.37135,36.03595],[136.37164,36.03614],[136.37185,36.03626],[136.37194,36.03637],[136.3718,36.03663],[136.3718,36.03682],[136.37203,36.03695],[136.3727,36.0375],[136.37284,36.03769],[136.37323,36.03818],[136.37358,36.03829],[136.37393,36.03864],[136.37403,36.03873],[136.37476,36.03918],[136.3752,36.03929],[136.37552,36.03926],[136.3758,36.03955],[136.37584,36.03986],[136.37605,36.04026],[136.37645,36.04108],[136.37676,36.04144],[136.37699,36.04166],[136.37764,36.04165],[136.37786,36.04181],[136.37815,36.04231],[136.37832,36.04256],[136.3789,36.04316],[136.37915,36.04343],[136.38002,36.044],[136.38047,36.0442],[136.38089,36.0444],[136.38177,36.04503],[136.38204,36.04536],[136.38302,36.04586],[136.38322,36.04599],[136.38342,36.04615],[136.38354,36.04634],[136.38363,36.04652],[136.38397,36.04677],[136.38419,36.04705],[136.38439,36.04702],[136.38568,36.04717],[136.38687,36.04729],[136.38728,36.04736],[136.38809,36.04753],[136.38864,36.04766],[136.3909,36.04766],[136.3914,36.04752],[136.39233,36.0475],[136.39296,36.04724],[136.39355,36.04708],[136.39419,36.0469],[136.39479,36.04689],[136.39586,36.04709],[136.39635,36.047],[136.39716,36.04678],[136.39768,36.04673],[136.39796,36.04668],[136.39873,36.04676],[136.39993,36.04679],[136.40106,36.04663],[136.4015,36.04663],[136.40176,36.0466],[136.40215,36.04659],[136.40262,36.04629],[136.40362,36.04615],[136.40464,36.04603],[136.40522,36.04596],[136.40555,36.04579],[136.40605,36.04574],[136.40649,36.04582],[136.40659,36.04584],[136.40703,36.04581],[136.40752,36.04602],[136.40796,36.04583],[136.40817,36.04574],[136.40851,36.04566],[136.40859,36.0456],[136.40887,36.04533],[136.40913,36.04495],[136.40981,36.04481],[136.41004,36.04454],[136.41075,36.0441],[136.41113,36.04386],[136.41122,36.04374],[136.41134,36.0433],[136.41199,36.04315],[136.4125,36.04317],[136.41285,36.04295],[136.41309,36.04275],[136.41326,36.04262],[136.41344,36.04246],[136.41355,36.04245],[136.41422,36.04237],[136.41443,36.04234],[136.41546,36.04209],[136.41568,36.04215],[136.41597,36.04217],[136.41626,36.04221],[136.41707,36.04167],[136.41761,36.04151],[136.41836,36.04138],[136.41891,36.04138],[136.41962,36.04116],[136.41994,36.04111],[136.42043,36.04106],[136.42067,36.04098],[136.42093,36.04079],[136.42151,36.04033],[136.4216,36.0403],[136.42242,36.04028],[136.42289,36.04039],[136.42326,36.04049],[136.42389,36.04047],[136.42469,36.04031],[136.42516,36.03997],[136.42546,36.03986],[136.42565,36.03982],[136.42586,36.03984],[136.42646,36.04031],[136.42693,36.04054],[136.4277,36.04066],[136.42797,36.04082],[136.42858,36.04143],[136.42894,36.04266],[136.42903,36.04273],[136.4295,36.04274],[136.43016,36.04272],[136.43048,36.04279],[136.43133,36.04311],[136.43189,36.04328],[136.4319,36.04327],[136.43277,36.04513],[136.43276,36.04581],[136.43327,36.0461],[136.43368,36.04696],[136.43436,36.048],[136.43512,36.04983],[136.43565,36.05018],[136.43536,36.0504],[136.43375,36.05095],[136.43329,36.05129],[136.43308,36.05179],[136.43327,36.05275],[136.43286,36.05378],[136.43246,36.05437],[136.43272,36.0548],[136.43248,36.0562],[136.43274,36.0569],[136.43257,36.0579],[136.43311,36.05863],[136.43405,36.05872],[136.4344,36.059],[136.43438,36.06075],[136.43542,36.06127],[136.43604,36.06179],[136.43608,36.06226],[136.43671,36.0632],[136.43718,36.0642],[136.4382,36.06519],[136.43821,36.06641],[136.43863,36.06721],[136.43864,36.06766],[136.4389,36.06804],[136.43959,36.06978],[136.43948,36.07043],[136.43868,36.07301],[136.43879,36.0752],[136.4377,36.07529],[136.43415,36.07587],[136.43409,36.07588],[136.43266,36.07606],[136.43073,36.07604],[136.42963,36.07624],[136.42475,36.07731],[136.42204,36.07793],[136.42005,36.07844],[136.41612,36.0791],[136.41231,36.07988],[136.40964,36.08035],[136.40793,36.08097],[136.40653,36.08158],[136.40485,36.08229],[136.40418,36.08245],[136.40238,36.08308],[136.40025,36.08364],[136.39911,36.08392],[136.39736,36.08453],[136.39679,36.08471],[136.39594,36.08507],[136.39422,36.08577],[136.39342,36.08627],[136.39214,36.08685],[136.39159,36.08708],[136.38981,36.08752],[136.38832,36.08771],[136.38834,36.09063],[136.38843,36.0909],[136.38924,36.09073],[136.39087,36.09065],[136.39274,36.09083],[136.3929,36.09125],[136.39328,36.09152],[136.39466,36.09175],[136.39562,36.09213],[136.39581,36.09279],[136.39658,36.09382],[136.39722,36.09425],[136.39837,36.09531],[136.39864,36.09621],[136.39964,36.09648],[136.40019,36.0969],[136.4006,36.09748],[136.40199,36.09821],[136.40318,36.09865],[136.40412,36.09917],[136.40416,36.09926],[136.40355,36.09987],[136.40282,36.10099],[136.40288,36.10149],[136.40218,36.10309],[136.40215,36.10349],[136.40268,36.10468],[136.40242,36.10541],[136.40198,36.10557],[136.40124,36.10612],[136.39993,36.10633],[136.39952,36.10666],[136.39899,36.10777],[136.39867,36.10826],[136.39834,36.10865],[136.39823,36.10935],[136.39852,36.11006],[136.39882,36.11126],[136.39882,36.11171],[136.39827,36.11221],[136.39753,36.11311],[136.39692,36.11358],[136.39515,36.11432],[136.39368,36.11484],[136.39274,36.1155],[136.39115,36.11633],[136.39113,36.11723],[136.39117,36.11775],[136.39152,36.11896],[136.39154,36.11977],[136.39119,36.12031],[136.39117,36.12058],[136.39164,36.12193],[136.39162,36.12206],[136.39185,36.12321],[136.39218,36.12375],[136.39253,36.12495],[136.39105,36.12471],[136.38954,36.1255],[136.38839,36.12564],[136.38737,36.12554],[136.38689,36.12561],[136.38587,36.12662],[136.3838,36.12682],[136.3825,36.1266],[136.38147,36.12673],[136.37987,36.12652],[136.3794,36.12627],[136.37864,36.12619],[136.37798,36.12595],[136.37738,36.1261],[136.37563,36.12589],[136.37503,36.12649],[136.37433,36.12698],[136.37374,36.12776],[136.37348,36.12836],[136.37288,36.12887],[136.37224,36.12909],[136.37175,36.12989],[136.37125,36.1299],[136.36942,36.12927],[136.36807,36.12937],[136.36711,36.12933],[136.36598,36.12868],[136.36483,36.12861],[136.36421,36.1288],[136.36303,36.12837],[136.36188,36.12868],[136.36152,36.12817],[136.36046,36.1276],[136.36011,36.12727],[136.36007,36.12633],[136.3604,36.12548],[136.36,36.12426],[136.3597,36.12397],[136.35964,36.12347],[136.35916,36.12289],[136.35871,36.12206],[136.35847,36.12119],[136.35807,36.12085],[136.3574,36.12066],[136.35655,36.11954],[136.35636,36.11912],[136.3562,36.11797],[136.35558,36.11716],[136.35554,36.11684],[136.35464,36.11628],[136.35399,36.11618],[136.35325,36.11538],[136.35181,36.11546],[136.35094,36.11518],[136.34997,36.11523],[136.34902,36.11413],[136.3483,36.1139],[136.34769,36.11332],[136.34594,36.11376],[136.34567,36.11355],[136.34376,36.11118],[136.34337,36.11081],[136.34263,36.11103],[136.34205,36.11115],[136.34047,36.11116],[136.34009,36.11107],[136.33891,36.11094],[136.33827,36.11136],[136.33794,36.11158],[136.33724,36.11211],[136.33652,36.11233],[136.33627,36.11238],[136.33568,36.11236],[136.33507,36.11219],[136.33358,36.11153],[136.33307,36.11162],[136.33287,36.11165],[136.3322,36.11152],[136.33187,36.11133],[136.33148,36.11079],[136.32943,36.1101],[136.3282,36.10988],[136.32771,36.10962],[136.32776,36.10983],[136.32689,36.10973],[136.32623,36.10905],[136.32533,36.10854],[136.32515,36.1082],[136.32445,36.10784],[136.32334,36.10644],[136.32253,36.106],[136.32322,36.10539],[136.32322,36.10523],[136.32317,36.10514],[136.32307,36.10508],[136.32286,36.10505],[136.32281,36.10501],[136.32259,36.10498],[136.3225,36.10494],[136.32273,36.10415],[136.32278,36.10399],[136.32283,36.10381],[136.32292,36.1033],[136.323,36.10258],[136.32161,36.10248],[136.31915,36.10181],[136.31913,36.10157]],[[136.31913,36.10157],[136.3191,36.10145],[136.31893,36.10123],[136.31913,36.10157]],[[136.31231,36.06659],[136.31257,36.06656],[136.31243,36.06653],[136.31231,36.06659]],[[136.2935,36.09535],[136.29158,36.09519],[136.29056,36.09512],[136.2935,36.09535]],[[136.28903,36.10713],[136.29015,36.10697],[136.29043,36.10693],[136.28903,36.10713]],[[136.30168,36.08685],[136.30381,36.08704],[136.30166,36.0868],[136.30168,36.08685]],[[136.28237,36.09164],[136.28307,36.09181],[136.28366,36.09185],[136.28237,36.09164]],[[136.28665,36.09344],[136.28289,36.09316],[136.28403,36.09326],[136.28665,36.09344]],[[136.3199,36.09609],[136.31947,36.09584],[136.3188,36.09552],[136.3199,36.09609]],[[136.32154,36.09479],[136.32141,36.09469],[136.32093,36.09514],[136.32154,36.09479]],[[136.32768,36.08797],[136.32759,36.08779],[136.32737,36.08752],[136.32768,36.08797]],[[136.37104,36.08311],[136.3714,36.08243],[136.37103,36.08301],[136.37104,36.08311]],[[136.3618,36.06447],[136.36225,36.06394],[136.3617,36.06447],[136.3618,36.06447]],[[136.32113,36.09385],[136.32058,36.0941],[136.32066,36.09408],[136.32113,36.09385]],[[136.3281,36.06786],[136.32821,36.0687],[136.3282,36.06782],[136.3281,36.06786]],[[136.35602,36.05458],[136.35592,36.05476],[136.35632,36.05436],[136.35602,36.05458]],[[136.32351,36.08386],[136.32354,36.08388],[136.3237,36.08394],[136.32351,36.08386]],[[136.37964,36.08797],[136.37821,36.08821],[136.37899,36.08808],[136.37964,36.08797]]],[[[136.29578,36.0952],[136.29543,36.09518],[136.29468,36.09513],[136.29578,36.0952]]]]}},{"type":"Feature","properties":{"nm":"池田町","b":[136.256,35.7797,136.4606,35.9525],"c":[136.36811,35.86837]},"geometry":{"type":"Polygon","coordinates":[[[136.42535,35.83604],[136.42552,35.83618],[136.42706,35.83623],[136.4275,35.83664],[136.42833,35.83778],[136.42898,35.83943],[136.42898,35.83998],[136.42866,35.84082],[136.42911,35.84162],[136.42953,35.84325],[136.43044,35.84515],[136.43077,35.84592],[136.43121,35.84648],[136.43134,35.84676],[136.43161,35.84758],[136.43168,35.84869],[136.43141,35.84898],[136.43105,35.84982],[136.43109,35.8503],[136.43154,35.85066],[136.43231,35.85069],[136.43302,35.84996],[136.43378,35.84979],[136.43554,35.8496],[136.43612,35.84964],[136.43647,35.85025],[136.43476,35.85106],[136.43338,35.85171],[136.43212,35.85266],[136.43182,35.85313],[136.43171,35.85394],[136.43147,35.85415],[136.43069,35.85436],[136.43012,35.85457],[136.42977,35.8549],[136.42915,35.85653],[136.42856,35.85722],[136.42784,35.85834],[136.42766,35.85897],[136.42882,35.86027],[136.42948,35.86079],[136.42964,35.86132],[136.42924,35.86248],[136.42914,35.86301],[136.42941,35.86331],[136.43057,35.86371],[136.43182,35.86384],[136.43373,35.86559],[136.43489,35.86717],[136.43519,35.86808],[136.43531,35.86905],[136.43511,35.86967],[136.43408,35.87098],[136.43319,35.8719],[136.43323,35.87229],[136.43407,35.87258],[136.43451,35.87303],[136.43528,35.87332],[136.43636,35.87356],[136.43659,35.87383],[136.43668,35.87468],[136.43709,35.87559],[136.43757,35.87618],[136.43933,35.87724],[136.43989,35.87809],[136.4396,35.87948],[136.43918,35.88083],[136.43908,35.88216],[136.43915,35.88302],[136.43938,35.88363],[136.43953,35.8844],[136.43928,35.88584],[136.43885,35.88614],[136.43705,35.88615],[136.43624,35.88604],[136.43599,35.88621],[136.43559,35.88711],[136.43482,35.88809],[136.43402,35.88852],[136.43287,35.88873],[136.43256,35.88913],[136.43236,35.88952],[136.43207,35.89074],[136.43197,35.89133],[136.43177,35.89235],[136.43198,35.89408],[136.43222,35.89527],[136.43252,35.89636],[136.4328,35.8967],[136.43358,35.89766],[136.43507,35.89931],[136.43574,35.90035],[136.43629,35.90074],[136.43737,35.90093],[136.43798,35.90158],[136.43862,35.9026],[136.4383,35.90319],[136.43823,35.90347],[136.43816,35.90411],[136.43859,35.9056],[136.4387,35.90666],[136.43874,35.90853],[136.43912,35.90897],[136.43969,35.90914],[136.44186,35.90949],[136.44254,35.90966],[136.44306,35.91001],[136.44358,35.91012],[136.44488,35.91001],[136.44546,35.91007],[136.44625,35.91016],[136.44741,35.91044],[136.4486,35.91113],[136.44957,35.91231],[136.45011,35.91315],[136.45076,35.91296],[136.45119,35.9128],[136.45225,35.91304],[136.45409,35.91314],[136.45493,35.91323],[136.4556,35.91347],[136.45638,35.91407],[136.45744,35.91512],[136.45831,35.91675],[136.45919,35.91715],[136.45959,35.91735],[136.46013,35.91776],[136.46044,35.91867],[136.46,35.91972],[136.4604,35.9203],[136.46065,35.92058],[136.4603,35.92065],[136.45998,35.9208],[136.45991,35.92084],[136.45976,35.92094],[136.45937,35.92127],[136.45926,35.92137],[136.45912,35.92145],[136.45908,35.92145],[136.45897,35.92144],[136.45883,35.92147],[136.45869,35.92149],[136.45851,35.92147],[136.45842,35.92144],[136.45806,35.92127],[136.45797,35.92123],[136.45772,35.92107],[136.45762,35.92101],[136.45727,35.92079],[136.45704,35.92064],[136.45684,35.92056],[136.45676,35.92054],[136.45652,35.92051],[136.45637,35.92052],[136.45618,35.92055],[136.45582,35.92076],[136.45566,35.92081],[136.45561,35.92082],[136.45552,35.92082],[136.45545,35.92081],[136.45527,35.92077],[136.45521,35.92077],[136.45505,35.92079],[136.45501,35.92081],[136.45485,35.92086],[136.45475,35.92087],[136.45465,35.92093],[136.45448,35.92102],[136.4542,35.92098],[136.45406,35.92096],[136.45387,35.92095],[136.45369,35.92098],[136.45354,35.92102],[136.4534,35.92108],[136.45291,35.92127],[136.45272,35.92133],[136.4524,35.92143],[136.45236,35.92145],[136.45228,35.9215],[136.45217,35.92158],[136.45204,35.92165],[136.45197,35.92172],[136.45188,35.92239],[136.45184,35.92245],[136.45175,35.92255],[136.45153,35.92268],[136.45081,35.92313],[136.45069,35.92317],[136.45054,35.9232],[136.45042,35.92323],[136.45017,35.92329],[136.44996,35.92336],[136.44985,35.92338],[136.44964,35.9234],[136.44934,35.9234],[136.44909,35.92339],[136.44899,35.92339],[136.44864,35.92351],[136.44845,35.92356],[136.44817,35.92362],[136.44799,35.92365],[136.44786,35.92367],[136.44778,35.92365],[136.44773,35.92364],[136.44762,35.92357],[136.44757,35.92353],[136.44747,35.92345],[136.44728,35.92336],[136.44706,35.92328],[136.44689,35.92325],[136.44669,35.9232],[136.44651,35.9231],[136.44642,35.92307],[136.44632,35.92306],[136.44623,35.92307],[136.44591,35.92329],[136.44565,35.92343],[136.44541,35.92354],[136.44529,35.92361],[136.44524,35.92365],[136.44511,35.92378],[136.44503,35.9239],[136.44496,35.92407],[136.44491,35.92412],[136.4448,35.92416],[136.44427,35.92416],[136.44423,35.92418],[136.44422,35.92423],[136.44424,35.92435],[136.44423,35.92448],[136.44421,35.92452],[136.44414,35.92469],[136.4442,35.92484],[136.44432,35.92521],[136.44437,35.92541],[136.44423,35.92553],[136.44406,35.92558],[136.44368,35.92568],[136.44355,35.92571],[136.4424,35.92601],[136.44219,35.92607],[136.44149,35.92637],[136.44108,35.92657],[136.44093,35.92669],[136.44062,35.92692],[136.4405,35.92697],[136.44031,35.92704],[136.44003,35.92713],[136.43966,35.92726],[136.43942,35.92739],[136.43932,35.9275],[136.4393,35.92765],[136.43933,35.92782],[136.43937,35.92805],[136.43939,35.92834],[136.43941,35.92865],[136.43954,35.9295],[136.43951,35.9297],[136.43947,35.93053],[136.43959,35.93076],[136.43963,35.93086],[136.43963,35.93107],[136.43964,35.9312],[136.43974,35.9314],[136.43978,35.93151],[136.43979,35.93156],[136.43984,35.93189],[136.43979,35.93224],[136.43974,35.93233],[136.43935,35.93249],[136.43926,35.93256],[136.43921,35.93266],[136.43918,35.93268],[136.43902,35.93279],[136.43879,35.93296],[136.43856,35.93315],[136.43845,35.93322],[136.43831,35.93327],[136.43823,35.9333],[136.438,35.93336],[136.43779,35.93342],[136.43762,35.93353],[136.43732,35.93381],[136.4372,35.9339],[136.43708,35.93399],[136.43688,35.9341],[136.43676,35.93418],[136.43668,35.93428],[136.43668,35.93472],[136.4367,35.93479],[136.4367,35.93486],[136.43641,35.93506],[136.43633,35.93513],[136.43632,35.93515],[136.4363,35.93524],[136.43621,35.93544],[136.43594,35.9358],[136.43575,35.93595],[136.43556,35.93604],[136.43535,35.93611],[136.43504,35.93618],[136.4346,35.93604],[136.43346,35.93632],[136.43196,35.937],[136.43152,35.93752],[136.43059,35.93798],[136.42982,35.93803],[136.42913,35.93851],[136.42835,35.93819],[136.42757,35.93819],[136.4267,35.93797],[136.42588,35.93863],[136.42509,35.93837],[136.42392,35.9387],[136.42353,35.93855],[136.42277,35.9387],[136.42242,35.9394],[136.42164,35.94005],[136.42133,35.94087],[136.41996,35.94071],[136.41904,35.94077],[136.41859,35.94098],[136.41864,35.94164],[136.4181,35.94211],[136.41737,35.94296],[136.41681,35.94305],[136.41605,35.94344],[136.41471,35.94384],[136.41377,35.94382],[136.41342,35.94442],[136.41295,35.94483],[136.41278,35.94563],[136.41179,35.94616],[136.41114,35.94628],[136.4096,35.94708],[136.4093,35.94757],[136.4085,35.94838],[136.40781,35.94854],[136.40725,35.94893],[136.40685,35.94878],[136.40634,35.94823],[136.4054,35.94859],[136.40491,35.94842],[136.40406,35.9479],[136.40308,35.948],[136.4027,35.94827],[136.40208,35.94837],[136.40133,35.94821],[136.40027,35.94813],[136.39905,35.94867],[136.39804,35.9494],[136.39735,35.94969],[136.39583,35.95016],[136.3954,35.95053],[136.39497,35.95054],[136.39438,35.9505],[136.3934,35.95007],[136.39259,35.95068],[136.39122,35.95109],[136.39097,35.95151],[136.3898,35.95217],[136.3877,35.95253],[136.38662,35.95227],[136.38625,35.95225],[136.38579,35.95189],[136.38429,35.9512],[136.38358,35.95139],[136.3827,35.95118],[136.38131,35.95167],[136.38014,35.95126],[136.37837,35.95137],[136.37653,35.95182],[136.37552,35.95136],[136.37483,35.95062],[136.37393,35.95051],[136.37347,35.95002],[136.37221,35.94917],[136.37051,35.94899],[136.36982,35.94862],[136.36774,35.94875],[136.36716,35.94847],[136.36696,35.94797],[136.3661,35.94815],[136.36491,35.94807],[136.3644,35.94777],[136.36374,35.94764],[136.36255,35.94766],[136.36205,35.94752],[136.36138,35.94759],[136.36043,35.94727],[136.35908,35.94723],[136.35823,35.94747],[136.35745,35.94679],[136.35691,35.94615],[136.35671,35.94586],[136.35565,35.94509],[136.355,35.94415],[136.35467,35.94387],[136.35436,35.94368],[136.35416,35.94351],[136.35392,35.94326],[136.35336,35.9428],[136.35283,35.94227],[136.35274,35.94215],[136.35262,35.94192],[136.35259,35.94184],[136.35258,35.9417],[136.35262,35.94145],[136.35258,35.94127],[136.35222,35.94113],[136.35206,35.94107],[136.35192,35.94097],[136.35178,35.94085],[136.35172,35.94078],[136.35133,35.94024],[136.35082,35.93957],[136.35069,35.93925],[136.35064,35.93913],[136.35055,35.93896],[136.35043,35.93868],[136.35034,35.93819],[136.35038,35.93791],[136.35038,35.93715],[136.35037,35.93691],[136.35041,35.93671],[136.35046,35.93659],[136.35054,35.93644],[136.3506,35.93637],[136.35076,35.93626],[136.35085,35.93622],[136.35108,35.93611],[136.35112,35.93608],[136.35118,35.93602],[136.35119,35.93599],[136.3512,35.93598],[136.3512,35.93589],[136.35115,35.93568],[136.35108,35.93559],[136.35096,35.93552],[136.35084,35.93542],[136.3507,35.93525],[136.35056,35.93509],[136.35041,35.93489],[136.35037,35.9348],[136.35036,35.93467],[136.35037,35.93458],[136.35034,35.93432],[136.35004,35.934],[136.34985,35.93394],[136.3497,35.93393],[136.34951,35.93388],[136.34927,35.93376],[136.34907,35.9336],[136.34899,35.9335],[136.34874,35.93333],[136.34846,35.9332],[136.34835,35.93313],[136.34822,35.93297],[136.3481,35.93286],[136.34802,35.93281],[136.34796,35.93279],[136.34778,35.93281],[136.3477,35.93279],[136.34766,35.93276],[136.34752,35.93265],[136.34749,35.93263],[136.34739,35.93259],[136.34737,35.93257],[136.34727,35.93244],[136.34719,35.93235],[136.34706,35.93222],[136.34699,35.93215],[136.34687,35.93205],[136.34653,35.9319],[136.34637,35.93186],[136.34597,35.9317],[136.34591,35.93161],[136.34582,35.93152],[136.34574,35.93143],[136.34572,35.9314],[136.34566,35.93127],[136.34564,35.93123],[136.34558,35.93116],[136.34547,35.93107],[136.34539,35.93104],[136.34536,35.93104],[136.34534,35.93104],[136.34462,35.93186],[136.34401,35.93141],[136.34352,35.93134],[136.34236,35.93192],[136.34193,35.93274],[136.34157,35.93273],[136.34061,35.93203],[136.33981,35.93198],[136.33947,35.93173],[136.3394,35.93103],[136.3391,35.93017],[136.33829,35.92944],[136.33787,35.92944],[136.33493,35.92852],[136.33373,35.92878],[136.33391,35.92834],[136.33427,35.92736],[136.33366,35.92625],[136.33365,35.92518],[136.33353,35.92457],[136.33289,35.92401],[136.33193,35.9234],[136.33128,35.92327],[136.331,35.9232],[136.33052,35.92277],[136.32873,35.92142],[136.32778,35.9211],[136.32614,35.92077],[136.32433,35.91983],[136.32257,35.9201],[136.32108,35.92045],[136.31993,35.92089],[136.31916,35.92113],[136.31719,35.92113],[136.31489,35.92076],[136.31354,35.92036],[136.31336,35.92025],[136.31278,35.91906],[136.31223,35.91851],[136.31213,35.91841],[136.31191,35.91821],[136.31127,35.9178],[136.31084,35.91749],[136.31078,35.91703],[136.31108,35.9162],[136.31064,35.91521],[136.30971,35.91443],[136.30993,35.91386],[136.31166,35.9134],[136.31245,35.91286],[136.31393,35.91273],[136.31521,35.91095],[136.31536,35.90887],[136.31514,35.90766],[136.31593,35.9068],[136.31512,35.90613],[136.31466,35.9056],[136.31336,35.90539],[136.31327,35.90487],[136.31258,35.90446],[136.31198,35.9039],[136.31162,35.90255],[136.31073,35.90129],[136.31056,35.90042],[136.31042,35.89885],[136.31013,35.89775],[136.30893,35.89672],[136.30876,35.89632],[136.30897,35.89523],[136.31097,35.8935],[136.31223,35.89292],[136.31175,35.89172],[136.31126,35.89096],[136.31119,35.89027],[136.31234,35.88861],[136.31437,35.88835],[136.31235,35.88858],[136.31186,35.88782],[136.31183,35.88772],[136.31125,35.88711],[136.31067,35.88659],[136.31004,35.88618],[136.30938,35.88576],[136.30787,35.88468],[136.30735,35.88425],[136.30688,35.88384],[136.30676,35.88343],[136.30719,35.88242],[136.30723,35.88234],[136.30717,35.88203],[136.30685,35.8815],[136.30596,35.8809],[136.30482,35.8803],[136.3058,35.87893],[136.30618,35.87859],[136.30638,35.87809],[136.30602,35.87744],[136.30536,35.87679],[136.30464,35.87585],[136.30383,35.8742],[136.30366,35.87405],[136.30134,35.87363],[136.30076,35.8736],[136.29939,35.87329],[136.29896,35.87279],[136.29842,35.87163],[136.29622,35.87001],[136.29581,35.8689],[136.29516,35.8684],[136.2945,35.86722],[136.29414,35.86694],[136.29341,35.86672],[136.29191,35.86659],[136.29106,35.86619],[136.28988,35.86627],[136.28782,35.86682],[136.28708,35.86648],[136.28672,35.86578],[136.28605,35.86491],[136.28554,35.86444],[136.284,35.86467],[136.28295,35.86464],[136.282,35.86486],[136.27933,35.86564],[136.27731,35.86545],[136.2771,35.86447],[136.27675,35.86402],[136.27609,35.86353],[136.27552,35.86342],[136.2752,35.86311],[136.27498,35.8626],[136.27468,35.86165],[136.27417,35.8615],[136.27323,35.86062],[136.27279,35.859],[136.27281,35.85807],[136.27252,35.85717],[136.2718,35.85647],[136.27106,35.85595],[136.2708,35.85545],[136.27069,35.85527],[136.27005,35.85467],[136.26937,35.85395],[136.26896,35.8533],[136.26847,35.85279],[136.26828,35.85253],[136.26809,35.85195],[136.26795,35.85172],[136.26781,35.85109],[136.26775,35.85102],[136.26766,35.85092],[136.26721,35.85073],[136.26662,35.85016],[136.26651,35.84988],[136.26618,35.84864],[136.2655,35.84801],[136.26474,35.84784],[136.26402,35.84768],[136.26365,35.84737],[136.26256,35.84624],[136.26215,35.84571],[136.26206,35.84535],[136.26172,35.84496],[136.26138,35.8446],[136.26119,35.84455],[136.26081,35.84449],[136.26048,35.84441],[136.25982,35.84417],[136.25963,35.84394],[136.25921,35.84328],[136.25881,35.84322],[136.25834,35.84325],[136.25779,35.84297],[136.25724,35.84267],[136.25604,35.84216],[136.2565,35.8415],[136.25721,35.84096],[136.25733,35.8406],[136.2574,35.84041],[136.25799,35.83968],[136.25789,35.83915],[136.25821,35.83863],[136.25836,35.83826],[136.25927,35.83796],[136.25967,35.83785],[136.25984,35.83655],[136.25996,35.83571],[136.26021,35.83444],[136.26024,35.83419],[136.25953,35.83283],[136.25955,35.83238],[136.25996,35.83206],[136.26023,35.83141],[136.26011,35.83094],[136.25974,35.82989],[136.25951,35.82943],[136.2588,35.82905],[136.25848,35.82866],[136.25839,35.82812],[136.25822,35.82772],[136.25804,35.82745],[136.25828,35.82678],[136.25799,35.82633],[136.25791,35.82577],[136.25808,35.82514],[136.25815,35.82481],[136.25848,35.82426],[136.25852,35.82375],[136.25892,35.82353],[136.25894,35.82352],[136.25908,35.82347],[136.2594,35.82332],[136.26075,35.82354],[136.26106,35.82368],[136.2617,35.82391],[136.26218,35.82405],[136.26337,35.82386],[136.26408,35.82374],[136.26434,35.82378],[136.26476,35.82359],[136.26576,35.8233],[136.26626,35.8233],[136.26774,35.82247],[136.26806,35.82244],[136.27049,35.82333],[136.2715,35.82332],[136.27235,35.82379],[136.2732,35.82357],[136.27362,35.82327],[136.27441,35.82306],[136.27537,35.82228],[136.27638,35.8222],[136.27821,35.82235],[136.27987,35.82284],[136.28061,35.82244],[136.28239,35.82177],[136.28283,35.82148],[136.28496,35.82085],[136.28562,35.82048],[136.28617,35.82054],[136.28662,35.82156],[136.28792,35.82231],[136.28955,35.82221],[136.29034,35.82238],[136.29179,35.82308],[136.2932,35.82327],[136.29382,35.8237],[136.29453,35.82441],[136.29515,35.82469],[136.29723,35.82456],[136.29839,35.82438],[136.29837,35.82638],[136.2988,35.82725],[136.29914,35.82766],[136.30124,35.82901],[136.30141,35.82999],[136.30153,35.83033],[136.30167,35.83039],[136.30181,35.83024],[136.30175,35.82917],[136.30177,35.82881],[136.30227,35.82822],[136.30284,35.82773],[136.30305,35.82763],[136.3036,35.82726],[136.30441,35.82696],[136.30545,35.82633],[136.30566,35.8262],[136.30602,35.82537],[136.30724,35.8244],[136.30765,35.82433],[136.30849,35.82428],[136.30902,35.82423],[136.30976,35.82381],[136.31024,35.82362],[136.31101,35.82361],[136.31162,35.82295],[136.31209,35.82278],[136.31314,35.82217],[136.31342,35.82183],[136.31353,35.82089],[136.31361,35.82024],[136.3137,35.8201],[136.31375,35.81952],[136.31363,35.81898],[136.31415,35.81834],[136.31433,35.81799],[136.31456,35.8175],[136.31577,35.81748],[136.31636,35.81738],[136.31812,35.81775],[136.31851,35.81773],[136.3193,35.81803],[136.31968,35.81854],[136.32075,35.81932],[136.32096,35.81963],[136.32133,35.82078],[136.3218,35.82092],[136.32208,35.82128],[136.32364,35.82215],[136.32401,35.82278],[136.32491,35.82376],[136.32539,35.82395],[136.32576,35.8232],[136.32707,35.82246],[136.32784,35.82175],[136.32893,35.8215],[136.32951,35.8212],[136.33103,35.81993],[136.33138,35.81991],[136.33233,35.8205],[136.33263,35.82101],[136.33318,35.82112],[136.33363,35.82192],[136.33411,35.82227],[136.33489,35.82234],[136.33545,35.82202],[136.33629,35.82214],[136.33711,35.8224],[136.33745,35.82267],[136.33841,35.82254],[136.33903,35.82215],[136.34035,35.82268],[136.34099,35.82244],[136.34171,35.82189],[136.34206,35.82224],[136.34179,35.82177],[136.34197,35.82135],[136.34347,35.81909],[136.34379,35.8185],[136.34403,35.81849],[136.3447,35.81862],[136.34503,35.81831],[136.34534,35.81809],[136.34656,35.81682],[136.34655,35.81649],[136.34688,35.81556],[136.34738,35.81493],[136.3477,35.81478],[136.348,35.81421],[136.34833,35.8138],[136.34871,35.81352],[136.34931,35.81283],[136.34907,35.81232],[136.34861,35.81156],[136.34811,35.81119],[136.34771,35.8108],[136.3469,35.8095],[136.34668,35.80862],[136.34669,35.80768],[136.34631,35.8072],[136.34687,35.80609],[136.34718,35.80598],[136.34787,35.80537],[136.34843,35.80514],[136.34893,35.80546],[136.34952,35.8055],[136.35021,35.80518],[136.35098,35.80495],[136.35118,35.80404],[136.35208,35.80259],[136.35262,35.80189],[136.35307,35.80146],[136.3534,35.80108],[136.35345,35.80067],[136.35321,35.79985],[136.35286,35.79963],[136.35228,35.79866],[136.35221,35.79803],[136.35193,35.79781],[136.35135,35.7969],[136.35108,35.79627],[136.35068,35.79483],[136.35079,35.79475],[136.35132,35.79461],[136.3515,35.79437],[136.35217,35.79419],[136.35253,35.79373],[136.35243,35.7926],[136.35262,35.79228],[136.35248,35.79172],[136.35287,35.7911],[136.35334,35.79046],[136.35388,35.78944],[136.35391,35.78874],[136.35427,35.78756],[136.35453,35.78745],[136.35524,35.78724],[136.35589,35.78722],[136.35642,35.78694],[136.35675,35.78668],[136.35711,35.78658],[136.35791,35.7868],[136.35876,35.78669],[136.36003,35.78688],[136.3614,35.78748],[136.3625,35.78779],[136.36347,35.78779],[136.36552,35.7888],[136.36594,35.78947],[136.36774,35.7898],[136.36949,35.79091],[136.37027,35.79112],[136.37192,35.79192],[136.37276,35.79272],[136.37408,35.79322],[136.37582,35.79421],[136.37637,35.79512],[136.37728,35.79537],[136.37809,35.79526],[136.37891,35.79438],[136.38141,35.79402],[136.38263,35.79369],[136.38337,35.79307],[136.38434,35.79295],[136.38493,35.79304],[136.38549,35.79284],[136.38734,35.79259],[136.38838,35.79193],[136.38901,35.7917],[136.38961,35.79092],[136.3894,35.79054],[136.38951,35.78975],[136.38979,35.78945],[136.38961,35.78799],[136.39016,35.78816],[136.39086,35.78815],[136.39238,35.7883],[136.39477,35.7881],[136.39513,35.78821],[136.39586,35.78798],[136.3967,35.78796],[136.39834,35.78842],[136.39914,35.78886],[136.39999,35.78909],[136.40035,35.78892],[136.40077,35.78831],[136.4008,35.78746],[136.40142,35.78676],[136.40163,35.78597],[136.40253,35.78571],[136.40342,35.78521],[136.40364,35.78442],[136.40362,35.78385],[136.40468,35.78314],[136.40702,35.78244],[136.4074,35.78216],[136.40795,35.78211],[136.40853,35.78171],[136.40856,35.78066],[136.40881,35.78007],[136.40935,35.77974],[136.4099,35.78037],[136.41112,35.78156],[136.41354,35.78215],[136.41433,35.7825],[136.41592,35.78259],[136.41634,35.78401],[136.41602,35.78468],[136.41742,35.78594],[136.41783,35.78619],[136.41948,35.78683],[136.41997,35.78751],[136.42035,35.78943],[136.42106,35.79084],[136.42196,35.79177],[136.42262,35.79309],[136.42315,35.79349],[136.42411,35.79389],[136.42624,35.79381],[136.42699,35.79436],[136.42784,35.79481],[136.42881,35.79592],[136.42971,35.79633],[136.43051,35.79723],[136.43103,35.7981],[136.43091,35.79962],[136.43068,35.80063],[136.43114,35.80167],[136.43108,35.80253],[136.43177,35.8035],[136.43273,35.80395],[136.43326,35.80523],[136.43328,35.80573],[136.43306,35.80662],[136.43272,35.80731],[136.43187,35.8074],[136.4305,35.80791],[136.43018,35.80836],[136.42849,35.8093],[136.42701,35.80979],[136.42659,35.81011],[136.42568,35.81175],[136.42477,35.81236],[136.42407,35.81262],[136.42322,35.81312],[136.42322,35.81447],[136.42288,35.81537],[136.42289,35.81639],[136.42251,35.81827],[136.42258,35.82026],[136.42272,35.82067],[136.4242,35.82136],[136.42481,35.82209],[136.42643,35.82305],[136.42752,35.82331],[136.42831,35.82331],[136.42774,35.82411],[136.42708,35.82465],[136.42656,35.82536],[136.42592,35.8269],[136.42472,35.82796],[136.42456,35.82883],[136.42433,35.8291],[136.42418,35.83075],[136.42391,35.83158],[136.42347,35.83243],[136.42338,35.83293],[136.42362,35.83415],[136.42412,35.83471],[136.42453,35.83494],[136.42535,35.83604]],[[136.34133,35.87178],[136.34112,35.87218],[136.34099,35.87274],[136.34133,35.87178]],[[136.34212,35.87962],[136.34221,35.88008],[136.3425,35.88059],[136.34212,35.87962]],[[136.28899,35.85441],[136.28908,35.85477],[136.28917,35.85473],[136.28899,35.85441]]]}},{"type":"Feature","properties":{"nm":"南越前町","b":[136.0113,35.6586,136.3571,35.8788],"c":[136.21337,35.772]},"geometry":{"type":"MultiPolygon","coordinates":[[[[136.1595,35.83095],[136.15917,35.83004],[136.15891,35.82952],[136.15851,35.82916],[136.15835,35.82834],[136.15841,35.82749],[136.15834,35.82702],[136.15797,35.8263],[136.15753,35.82617],[136.15647,35.82578],[136.15644,35.82532],[136.15635,35.82494],[136.15618,35.82444],[136.15595,35.82383],[136.15579,35.82341],[136.1557,35.82316],[136.15549,35.82252],[136.15518,35.82204],[136.15492,35.82161],[136.15427,35.82095],[136.15409,35.82077],[136.15381,35.82049],[136.15348,35.81988],[136.15324,35.8191],[136.15317,35.81849],[136.15331,35.81749],[136.15329,35.81723],[136.15331,35.81705],[136.15333,35.81693],[136.15278,35.81666],[136.15139,35.81618],[136.15068,35.81602],[136.14933,35.81495],[136.14841,35.81481],[136.14833,35.81477],[136.14793,35.81463],[136.14776,35.81458],[136.14729,35.81443],[136.14713,35.81436],[136.14707,35.81431],[136.14697,35.81416],[136.14689,35.81397],[136.14683,35.81377],[136.14678,35.8136],[136.14672,35.8134],[136.14661,35.81333],[136.1465,35.81327],[136.14638,35.81317],[136.14616,35.81297],[136.146,35.81287],[136.14581,35.81277],[136.14534,35.81256],[136.14507,35.81245],[136.14485,35.81238],[136.14463,35.81234],[136.14432,35.81231],[136.14416,35.81231],[136.14387,35.81229],[136.14374,35.8123],[136.14349,35.81231],[136.14282,35.81234],[136.14259,35.81214],[136.14247,35.81196],[136.1424,35.81183],[136.14236,35.81178],[136.14226,35.81166],[136.14214,35.81152],[136.14201,35.81131],[136.14187,35.81106],[136.14178,35.81092],[136.14161,35.81076],[136.14153,35.81071],[136.14141,35.81057],[136.14128,35.81043],[136.14112,35.81032],[136.14097,35.81028],[136.14075,35.81023],[136.14053,35.81015],[136.1404,35.81006],[136.14032,35.80997],[136.14029,35.80992],[136.14023,35.80982],[136.14018,35.80977],[136.14007,35.80968],[136.13986,35.80957],[136.13971,35.80949],[136.13966,35.80946],[136.13959,35.80941],[136.13952,35.80924],[136.13945,35.80901],[136.13928,35.80866],[136.13909,35.80851],[136.13906,35.80847],[136.13876,35.80814],[136.13878,35.80723],[136.13869,35.80807],[136.13836,35.80817],[136.13746,35.80903],[136.13611,35.80934],[136.13526,35.80988],[136.13459,35.81002],[136.13446,35.81008],[136.1344,35.81013],[136.13429,35.81032],[136.13429,35.81038],[136.13431,35.81043],[136.13438,35.81048],[136.13448,35.81059],[136.13457,35.81073],[136.13467,35.81089],[136.13478,35.81106],[136.13486,35.81121],[136.13497,35.81148],[136.13502,35.81167],[136.13505,35.81188],[136.1347,35.8124],[136.13468,35.81251],[136.13467,35.81281],[136.13466,35.81302],[136.1345,35.81372],[136.13449,35.81382],[136.13432,35.81407],[136.13418,35.81423],[136.13409,35.81436],[136.13405,35.81445],[136.13402,35.81458],[136.13406,35.81498],[136.13401,35.81524],[136.134,35.81528],[136.13402,35.81547],[136.13396,35.81559],[136.13382,35.81578],[136.13367,35.81598],[136.13349,35.81624],[136.1334,35.81635],[136.13336,35.81639],[136.13315,35.81653],[136.13294,35.81666],[136.13289,35.8167],[136.13264,35.81683],[136.13245,35.81695],[136.1324,35.81701],[136.13231,35.81716],[136.13225,35.81731],[136.13225,35.81785],[136.13229,35.81793],[136.13231,35.81798],[136.13232,35.81807],[136.13232,35.81822],[136.1323,35.81896],[136.13232,35.81907],[136.13235,35.81918],[136.13239,35.81935],[136.13239,35.81943],[136.13237,35.81959],[136.13237,35.81966],[136.13236,35.81981],[136.13236,35.81985],[136.13232,35.81996],[136.13221,35.82007],[136.13203,35.82024],[136.13194,35.82032],[136.13177,35.82046],[136.13167,35.82053],[136.13157,35.82066],[136.13148,35.82081],[136.13138,35.82096],[136.13122,35.82121],[136.13118,35.8214],[136.13117,35.8215],[136.13115,35.82169],[136.13114,35.82176],[136.1311,35.82189],[136.13107,35.82194],[136.13098,35.82208],[136.13093,35.8223],[136.13091,35.8224],[136.13089,35.82249],[136.13086,35.82255],[136.13081,35.82277],[136.13071,35.82329],[136.13067,35.82344],[136.13064,35.82357],[136.1306,35.82385],[136.13053,35.82406],[136.13048,35.8241],[136.13036,35.82414],[136.13021,35.82417],[136.13003,35.82425],[136.12993,35.82434],[136.12986,35.8248],[136.13064,35.82565],[136.13129,35.82642],[136.13151,35.82689],[136.13176,35.82789],[136.1315,35.82873],[136.13092,35.82973],[136.13089,35.82997],[136.13039,35.83037],[136.13028,35.83137],[136.1294,35.83236],[136.12984,35.83294],[136.12979,35.83336],[136.1293,35.83474],[136.12874,35.83595],[136.12845,35.83762],[136.12801,35.83877],[136.12926,35.84085],[136.12789,35.84138],[136.12749,35.84172],[136.1271,35.84283],[136.1261,35.84325],[136.12489,35.8433],[136.12326,35.84426],[136.1223,35.84433],[136.12107,35.84406],[136.12082,35.84406],[136.11993,35.84479],[136.11948,35.84533],[136.11888,35.84568],[136.11884,35.84567],[136.11859,35.84585],[136.11802,35.84597],[136.11757,35.84617],[136.11726,35.84617],[136.11646,35.84645],[136.11616,35.84658],[136.11587,35.84679],[136.1158,35.84683],[136.11555,35.84688],[136.1152,35.84691],[136.11465,35.84662],[136.11402,35.84601],[136.11356,35.84582],[136.1116,35.84495],[136.11103,35.84488],[136.11046,35.84482],[136.11027,35.84467],[136.10955,35.8442],[136.10901,35.84403],[136.10853,35.84409],[136.10848,35.84408],[136.10797,35.84342],[136.10719,35.84238],[136.10639,35.84225],[136.10503,35.84151],[136.10457,35.84152],[136.10378,35.84166],[136.10327,35.84157],[136.10268,35.84167],[136.10188,35.84265],[136.10159,35.84287],[136.09903,35.84428],[136.09817,35.84435],[136.09716,35.8444],[136.09686,35.84433],[136.09545,35.84368],[136.09408,35.84359],[136.09283,35.84372],[136.09163,35.84396],[136.0908,35.84401],[136.09007,35.84386],[136.08821,35.84316],[136.08641,35.84296],[136.08521,35.84274],[136.08488,35.84274],[136.08257,35.84337],[136.0821,35.8436],[136.08162,35.84424],[136.08117,35.84468],[136.08049,35.84544],[136.07971,35.84572],[136.07968,35.84629],[136.0799,35.84713],[136.07938,35.84799],[136.07879,35.84821],[136.07833,35.8486],[136.07764,35.84947],[136.07713,35.84987],[136.07659,35.84996],[136.07578,35.84983],[136.0734,35.84952],[136.07205,35.84904],[136.0714,35.84882],[136.06972,35.84832],[136.06888,35.84814],[136.06862,35.84857],[136.06785,35.84865],[136.06722,35.84827],[136.06671,35.84811],[136.06659,35.84818],[136.06615,35.84842],[136.06596,35.8485],[136.06509,35.84851],[136.06468,35.84847],[136.06367,35.84812],[136.06323,35.84785],[136.06183,35.84866],[136.0613,35.84883],[136.06057,35.849],[136.05983,35.84902],[136.05878,35.84891],[136.05815,35.84853],[136.0577,35.84815],[136.05704,35.84745],[136.05647,35.84804],[136.05605,35.84872],[136.05587,35.84893],[136.0556,35.84954],[136.05503,35.85044],[136.05431,35.85249],[136.05443,35.85378],[136.05436,35.85456],[136.05399,35.85528],[136.05436,35.85608],[136.05529,35.85729],[136.05554,35.85788],[136.05664,35.85948],[136.05633,35.86021],[136.05582,35.8605],[136.05435,35.86084],[136.05381,35.86078],[136.05156,35.86015],[136.05024,35.86015],[136.04932,35.85978],[136.04862,35.85975],[136.04793,35.85988],[136.04694,35.86057],[136.04574,35.86036],[136.0449,35.86052],[136.04453,35.86079],[136.0444,35.86126],[136.04374,35.86178],[136.04263,35.86179],[136.04233,35.86199],[136.04184,35.86275],[136.04177,35.86308],[136.04162,35.86397],[136.04088,35.86561],[136.04063,35.86654],[136.03933,35.86726],[136.03826,35.86745],[136.03735,35.8683],[136.03609,35.86869],[136.03577,35.8695],[136.03489,35.8704],[136.0339,35.87082],[136.03274,35.8708],[136.03145,35.87111],[136.03001,35.87181],[136.02931,35.87252],[136.02798,35.87271],[136.02664,35.87313],[136.02475,35.87357],[136.02307,35.87411],[136.02175,35.87473],[136.02169,35.87541],[136.02138,35.87647],[136.02049,35.87653],[136.02027,35.87668],[136.02,35.87806],[136.01971,35.87884],[136.01969,35.87841],[136.01897,35.87726],[136.01866,35.87707],[136.01804,35.87674],[136.01699,35.87608],[136.01638,35.87571],[136.0152,35.87492],[136.01354,35.87336],[136.01326,35.87291],[136.0119,35.87247],[136.01135,35.87217],[136.01204,35.87145],[136.01301,35.87083],[136.01374,35.87011],[136.01454,35.86957],[136.01544,35.86875],[136.01614,35.86845],[136.01695,35.86792],[136.01858,35.86644],[136.02091,35.86525],[136.02277,35.86323],[136.02435,35.86242],[136.02563,35.86157],[136.02628,35.8607],[136.02667,35.8604],[136.02696,35.8599],[136.02793,35.85894],[136.02928,35.85779],[136.03234,35.85599],[136.03326,35.85519],[136.03444,35.85394],[136.03564,35.8525],[136.03575,35.85219],[136.03632,35.8519],[136.03662,35.85107],[136.03692,35.85105],[136.03805,35.85054],[136.03901,35.8493],[136.0384,35.85025],[136.03878,35.85063],[136.04054,35.84898],[136.04067,35.84904],[136.04114,35.84804],[136.04137,35.84815],[136.04223,35.84719],[136.04308,35.84476],[136.0434,35.84406],[136.04404,35.84383],[136.04403,35.84374],[136.04548,35.84315],[136.04553,35.843],[136.04664,35.84203],[136.04663,35.84153],[136.04635,35.84124],[136.04743,35.84026],[136.04869,35.83937],[136.04915,35.84001],[136.04955,35.8399],[136.05012,35.83942],[136.05015,35.83893],[136.05179,35.83769],[136.05244,35.83674],[136.05378,35.83571],[136.05442,35.83556],[136.05481,35.83494],[136.05535,35.83484],[136.05601,35.83427],[136.05615,35.83394],[136.05688,35.83361],[136.0574,35.83355],[136.05845,35.83294],[136.05928,35.83207],[136.05939,35.83179],[136.06,35.83151],[136.06086,35.83051],[136.06135,35.83003],[136.06091,35.82978],[136.06124,35.82965],[136.0618,35.8298],[136.06319,35.82916],[136.06467,35.82908],[136.06458,35.82855],[136.06563,35.82789],[136.06648,35.82736],[136.06755,35.82578],[136.06777,35.82532],[136.06877,35.8247],[136.06979,35.82492],[136.07038,35.82482],[136.07088,35.82435],[136.07167,35.8232],[136.0713,35.82288],[136.07192,35.8219],[136.07192,35.82154],[136.07295,35.82026],[136.07306,35.81921],[136.07365,35.81805],[136.07349,35.81742],[136.07378,35.81684],[136.07452,35.81678],[136.07544,35.81597],[136.07567,35.81556],[136.07602,35.81408],[136.07634,35.81312],[136.07612,35.8118],[136.07692,35.81061],[136.07819,35.80993],[136.07876,35.80927],[136.07947,35.80779],[136.08024,35.80584],[136.08103,35.80481],[136.08116,35.80484],[136.08222,35.80319],[136.08293,35.80226],[136.08401,35.80115],[136.08503,35.80034],[136.08713,35.79897],[136.08764,35.79843],[136.08826,35.79659],[136.0891,35.79515],[136.08952,35.79401],[136.08983,35.79218],[136.09,35.79172],[136.09082,35.79062],[136.09165,35.7897],[136.09265,35.78882],[136.09504,35.78555],[136.09526,35.78496],[136.09713,35.78303],[136.09879,35.78061],[136.09954,35.7798],[136.10022,35.77889],[136.1005,35.77811],[136.1004,35.77729],[136.09996,35.77566],[136.099,35.77404],[136.09881,35.77301],[136.09855,35.77319],[136.09834,35.77286],[136.09878,35.77267],[136.0984,35.76981],[136.09817,35.76922],[136.09749,35.76814],[136.09692,35.76817],[136.09675,35.76772],[136.09749,35.76725],[136.09818,35.76614],[136.09839,35.76534],[136.09889,35.76523],[136.10127,35.76568],[136.10193,35.7657],[136.10734,35.76523],[136.10826,35.76526],[136.11077,35.76593],[136.11207,35.76583],[136.11257,35.76558],[136.11282,35.76543],[136.11333,35.76466],[136.11385,35.76433],[136.1144,35.76368],[136.11519,35.76224],[136.11564,35.7607],[136.11562,35.7598],[136.11579,35.75913],[136.11682,35.75854],[136.11749,35.75801],[136.11742,35.75643],[136.11774,35.75589],[136.1186,35.75515],[136.11845,35.75407],[136.11882,35.7538],[136.11903,35.75257],[136.11855,35.75179],[136.11869,35.75156],[136.1196,35.75135],[136.12032,35.75065],[136.12089,35.75054],[136.12163,35.74997],[136.12208,35.7499],[136.12235,35.74888],[136.12255,35.74868],[136.12353,35.74853],[136.12448,35.74652],[136.12554,35.74597],[136.12542,35.74527],[136.12575,35.74445],[136.12638,35.74399],[136.12662,35.74293],[136.12703,35.74239],[136.12785,35.74183],[136.12859,35.74152],[136.13004,35.74128],[136.13085,35.74071],[136.13129,35.73912],[136.13163,35.73854],[136.13247,35.73746],[136.1328,35.73636],[136.13263,35.73539],[136.13309,35.73462],[136.13332,35.73397],[136.1333,35.73327],[136.13272,35.73216],[136.13248,35.73042],[136.13269,35.7291],[136.13349,35.72886],[136.13375,35.72841],[136.13348,35.72747],[136.13352,35.72657],[136.13305,35.72576],[136.1334,35.72531],[136.1334,35.72488],[136.13274,35.724],[136.13189,35.72329],[136.13188,35.723],[136.1323,35.72252],[136.13288,35.72226],[136.13404,35.72142],[136.1348,35.72097],[136.1353,35.72013],[136.13627,35.71942],[136.13808,35.71887],[136.13887,35.7182],[136.13944,35.71743],[136.14053,35.71693],[136.14088,35.71681],[136.14155,35.71657],[136.14262,35.7161],[136.14315,35.71525],[136.14353,35.71446],[136.14389,35.71408],[136.14439,35.7139],[136.14586,35.71347],[136.14643,35.71273],[136.14729,35.71221],[136.14794,35.71172],[136.1487,35.71091],[136.14879,35.70997],[136.14876,35.70974],[136.14839,35.70886],[136.14843,35.70833],[136.14858,35.7078],[136.14921,35.70658],[136.14903,35.70588],[136.149,35.70552],[136.14904,35.70464],[136.14857,35.70425],[136.14829,35.70349],[136.14764,35.70319],[136.14673,35.70287],[136.14634,35.70289],[136.14562,35.70309],[136.14537,35.70288],[136.1453,35.70261],[136.14555,35.70204],[136.14565,35.7018],[136.14617,35.70088],[136.14687,35.70039],[136.14698,35.69969],[136.14725,35.69919],[136.14762,35.69906],[136.14817,35.6992],[136.14887,35.69909],[136.14974,35.69854],[136.15035,35.69777],[136.15065,35.69807],[136.15233,35.69878],[136.15335,35.69876],[136.1543,35.69904],[136.15501,35.69977],[136.15556,35.70014],[136.15696,35.70032],[136.1574,35.70014],[136.15818,35.69932],[136.15874,35.69894],[136.16024,35.69843],[136.16133,35.69778],[136.16181,35.69641],[136.16226,35.69625],[136.1635,35.69615],[136.16478,35.69627],[136.1659,35.69669],[136.16616,35.697],[136.16624,35.69761],[136.16609,35.69797],[136.16629,35.69978],[136.16666,35.70082],[136.16688,35.70218],[136.16704,35.70249],[136.16796,35.70335],[136.16853,35.70254],[136.17039,35.70137],[136.17181,35.70176],[136.17295,35.70267],[136.17457,35.70374],[136.17601,35.70292],[136.17711,35.70272],[136.1784,35.70164],[136.1793,35.70177],[136.1802,35.7017],[136.18104,35.70146],[136.18149,35.70169],[136.18215,35.70242],[136.18245,35.70301],[136.1834,35.70347],[136.1853,35.70366],[136.18729,35.7032],[136.18952,35.70222],[136.19032,35.70259],[136.19107,35.70233],[136.1912,35.7016],[136.19184,35.70057],[136.19261,35.70064],[136.19335,35.7004],[136.19367,35.69999],[136.19393,35.69916],[136.19462,35.69824],[136.19528,35.69703],[136.19548,35.69622],[136.19562,35.69485],[136.19621,35.69426],[136.19685,35.69296],[136.19665,35.69215],[136.19785,35.6906],[136.19827,35.68965],[136.19918,35.68928],[136.2,35.68991],[136.20078,35.68983],[136.20128,35.6896],[136.20145,35.68873],[136.20195,35.68815],[136.20228,35.68738],[136.20321,35.6872],[136.2041,35.68665],[136.20447,35.68665],[136.20501,35.68702],[136.2064,35.68696],[136.2073,35.6874],[136.2083,35.68751],[136.2091,35.68669],[136.21003,35.6864],[136.21033,35.68595],[136.21025,35.68518],[136.21045,35.6844],[136.21143,35.68291],[136.21172,35.68236],[136.21273,35.68164],[136.21315,35.68247],[136.21362,35.68291],[136.21393,35.68345],[136.2155,35.68373],[136.21633,35.68431],[136.21711,35.68446],[136.21854,35.68448],[136.21922,35.68437],[136.22006,35.68341],[136.22148,35.68331],[136.22211,35.68308],[136.22279,35.68243],[136.22351,35.68131],[136.22411,35.68102],[136.22533,35.68074],[136.22579,35.68045],[136.22762,35.68039],[136.22869,35.68107],[136.22988,35.68162],[136.23058,35.68233],[136.23108,35.68258],[136.23228,35.68255],[136.23369,35.68236],[136.23439,35.68241],[136.23489,35.68141],[136.23679,35.68003],[136.23777,35.67922],[136.23997,35.67728],[136.2406,35.67679],[136.2415,35.67646],[136.24289,35.67566],[136.2443,35.67402],[136.24468,35.67372],[136.24525,35.67393],[136.24693,35.6753],[136.24759,35.67557],[136.24933,35.67605],[136.25048,35.67623],[136.25189,35.67475],[136.25443,35.67378],[136.25488,35.67345],[136.25559,35.67259],[136.2575,35.67117],[136.25785,35.67109],[136.25984,35.67162],[136.26135,35.67167],[136.26303,35.67137],[136.26449,35.67082],[136.26621,35.66977],[136.26905,35.66872],[136.27008,35.66804],[136.27028,35.66768],[136.2703,35.66697],[136.2713,35.666],[136.27171,35.6653],[136.2724,35.66539],[136.27389,35.66533],[136.27565,35.66434],[136.27643,35.6636],[136.27761,35.66323],[136.27923,35.66178],[136.28071,35.66107],[136.28016,35.66001],[136.2802,35.6594],[136.28086,35.65863],[136.2811,35.65931],[136.28151,35.65976],[136.28245,35.66035],[136.2828,35.66105],[136.28383,35.66193],[136.28418,35.66238],[136.28443,35.66304],[136.2848,35.66344],[136.28727,35.66453],[136.28912,35.66515],[136.29027,35.66563],[136.29099,35.66642],[136.29087,35.6668],[136.28982,35.66779],[136.28907,35.66909],[136.28867,35.6709],[136.28952,35.67183],[136.29052,35.67239],[136.29194,35.67292],[136.29212,35.67342],[136.29256,35.67389],[136.294,35.6746],[136.2947,35.67516],[136.29594,35.6757],[136.29685,35.67546],[136.29724,35.67575],[136.2975,35.67654],[136.29839,35.67735],[136.2989,35.67765],[136.29895,35.67882],[136.29805,35.67911],[136.29732,35.6796],[136.29641,35.67996],[136.29592,35.68034],[136.29512,35.68046],[136.29442,35.68099],[136.29396,35.68214],[136.29324,35.68308],[136.29219,35.68372],[136.29194,35.68401],[136.29199,35.68552],[136.29176,35.68641],[136.29085,35.68767],[136.29096,35.68801],[136.29154,35.68871],[136.29177,35.68948],[136.2918,35.69067],[136.29304,35.69131],[136.29502,35.69098],[136.29532,35.69107],[136.29604,35.69186],[136.29774,35.69184],[136.29815,35.69291],[136.29946,35.69376],[136.29985,35.69428],[136.30045,35.69539],[136.30095,35.69609],[136.30149,35.69731],[136.30286,35.69898],[136.30339,35.69931],[136.30409,35.70038],[136.3042,35.70092],[136.30475,35.70149],[136.30642,35.70101],[136.3069,35.70126],[136.30796,35.703],[136.3083,35.7032],[136.30922,35.70332],[136.30993,35.7042],[136.31081,35.70576],[136.31083,35.70625],[136.31037,35.70685],[136.31028,35.70723],[136.31068,35.70921],[136.31041,35.7106],[136.3106,35.7109],[136.31285,35.71284],[136.3142,35.71292],[136.31612,35.7133],[136.31681,35.71428],[136.31716,35.71448],[136.31868,35.7143],[136.32045,35.71483],[136.32196,35.71546],[136.3227,35.71562],[136.32313,35.71621],[136.32393,35.71679],[136.32346,35.71813],[136.32166,35.71936],[136.32086,35.72105],[136.32046,35.72285],[136.32066,35.72312],[136.32208,35.72418],[136.32351,35.72484],[136.32425,35.7262],[136.32523,35.7264],[136.3248,35.72703],[136.32473,35.72748],[136.32565,35.72907],[136.32646,35.73067],[136.3269,35.7313],[136.32687,35.73162],[136.32632,35.73204],[136.32573,35.73343],[136.32576,35.73461],[136.32547,35.73535],[136.32545,35.73607],[136.32525,35.73652],[136.32442,35.73762],[136.32431,35.73884],[136.32433,35.73995],[136.32405,35.74065],[136.32435,35.74112],[136.32478,35.74292],[136.3252,35.7434],[136.32497,35.74468],[136.3237,35.74531],[136.32265,35.74598],[136.3221,35.74618],[136.32121,35.74701],[136.32031,35.74712],[136.31953,35.74786],[136.31917,35.74867],[136.31947,35.74974],[136.31941,35.74998],[136.31841,35.751],[136.31948,35.75186],[136.31926,35.75251],[136.31978,35.75315],[136.31977,35.75401],[136.31993,35.75501],[136.31985,35.75627],[136.32028,35.75717],[136.3202,35.75836],[136.32075,35.75945],[136.32203,35.76117],[136.32197,35.76169],[136.32163,35.76261],[136.32182,35.76367],[136.32152,35.76495],[136.32166,35.76536],[136.32223,35.76584],[136.32336,35.76647],[136.32387,35.76688],[136.32473,35.7671],[136.32465,35.76744],[136.3239,35.76804],[136.32408,35.76964],[136.32486,35.77021],[136.32521,35.77116],[136.32636,35.77218],[136.32792,35.77509],[136.32937,35.77519],[136.33072,35.77559],[136.33301,35.77644],[136.33419,35.77634],[136.33526,35.77644],[136.33571,35.77635],[136.33598,35.77604],[136.33634,35.7752],[136.33646,35.77449],[136.33756,35.77537],[136.33914,35.77589],[136.34022,35.77578],[136.34166,35.77619],[136.34262,35.77569],[136.34294,35.77567],[136.34399,35.77626],[136.34562,35.77647],[136.34647,35.77614],[136.34787,35.77779],[136.34819,35.77977],[136.34833,35.77999],[136.34984,35.78094],[136.35088,35.78198],[136.35178,35.78242],[136.35239,35.78307],[136.35286,35.78328],[136.35393,35.78348],[136.35517,35.78418],[136.35588,35.78446],[136.35692,35.78577],[136.35711,35.78658],[136.35675,35.78668],[136.35642,35.78694],[136.35589,35.78722],[136.35524,35.78724],[136.35453,35.78745],[136.35427,35.78756],[136.35391,35.78874],[136.35388,35.78944],[136.35334,35.79046],[136.35287,35.7911],[136.35248,35.79172],[136.35262,35.79228],[136.35243,35.7926],[136.35253,35.79373],[136.35217,35.79419],[136.3515,35.79437],[136.35132,35.79461],[136.35079,35.79475],[136.35068,35.79483],[136.35108,35.79627],[136.35135,35.7969],[136.35193,35.79781],[136.35221,35.79803],[136.35228,35.79866],[136.35286,35.79963],[136.35321,35.79985],[136.35345,35.80067],[136.3534,35.80108],[136.35307,35.80146],[136.35262,35.80189],[136.35208,35.80259],[136.35118,35.80404],[136.35098,35.80495],[136.35021,35.80518],[136.34952,35.8055],[136.34893,35.80546],[136.34843,35.80514],[136.34787,35.80537],[136.34718,35.80598],[136.34687,35.80609],[136.34631,35.8072],[136.34669,35.80768],[136.34668,35.80862],[136.3469,35.8095],[136.34771,35.8108],[136.34811,35.81119],[136.34861,35.81156],[136.34907,35.81232],[136.34931,35.81283],[136.34871,35.81352],[136.34833,35.8138],[136.348,35.81421],[136.3477,35.81478],[136.34738,35.81493],[136.34688,35.81556],[136.34655,35.81649],[136.34656,35.81682],[136.34534,35.81809],[136.34503,35.81831],[136.3447,35.81862],[136.34403,35.81849],[136.34379,35.8185],[136.34347,35.81909],[136.34197,35.82135],[136.34179,35.82177],[136.34171,35.82189],[136.34099,35.82244],[136.34035,35.82268],[136.33903,35.82215],[136.33841,35.82254],[136.33745,35.82267],[136.33711,35.8224],[136.33629,35.82214],[136.33545,35.82202],[136.33489,35.82234],[136.33411,35.82227],[136.33363,35.82192],[136.33318,35.82112],[136.33263,35.82101],[136.33233,35.8205],[136.33138,35.81991],[136.33103,35.81993],[136.32951,35.8212],[136.32893,35.8215],[136.32784,35.82175],[136.32707,35.82246],[136.32576,35.8232],[136.32539,35.82395],[136.32491,35.82376],[136.32401,35.82278],[136.32364,35.82215],[136.32208,35.82128],[136.3218,35.82092],[136.32133,35.82078],[136.32096,35.81963],[136.32075,35.81932],[136.31968,35.81854],[136.3193,35.81803],[136.31851,35.81773],[136.31812,35.81775],[136.31636,35.81738],[136.31577,35.81748],[136.31456,35.8175],[136.31433,35.81799],[136.31415,35.81834],[136.31363,35.81898],[136.31375,35.81952],[136.3137,35.8201],[136.31361,35.82024],[136.31353,35.82089],[136.31342,35.82183],[136.31314,35.82217],[136.31209,35.82278],[136.31162,35.82295],[136.31101,35.82361],[136.31024,35.82362],[136.30976,35.82381],[136.30902,35.82423],[136.30849,35.82428],[136.30765,35.82433],[136.30724,35.8244],[136.30602,35.82537],[136.30566,35.8262],[136.30545,35.82633],[136.30441,35.82696],[136.3036,35.82726],[136.30305,35.82763],[136.30284,35.82773],[136.30227,35.82822],[136.30177,35.82881],[136.30175,35.82917],[136.30181,35.83024],[136.30167,35.83039],[136.30153,35.83033],[136.30141,35.82999],[136.30124,35.82901],[136.29914,35.82766],[136.2988,35.82725],[136.29837,35.82638],[136.29839,35.82438],[136.29723,35.82456],[136.29515,35.82469],[136.29453,35.82441],[136.29382,35.8237],[136.2932,35.82327],[136.29179,35.82308],[136.29034,35.82238],[136.28955,35.82221],[136.28792,35.82231],[136.28662,35.82156],[136.28617,35.82054],[136.28562,35.82048],[136.28496,35.82085],[136.28283,35.82148],[136.28239,35.82177],[136.28061,35.82244],[136.27987,35.82284],[136.27821,35.82235],[136.27638,35.8222],[136.27537,35.82228],[136.27441,35.82306],[136.27362,35.82327],[136.2732,35.82357],[136.27235,35.82379],[136.2715,35.82332],[136.27049,35.82333],[136.26806,35.82244],[136.26798,35.82233],[136.26774,35.82247],[136.26626,35.8233],[136.26576,35.8233],[136.26476,35.82359],[136.26434,35.82378],[136.26408,35.82374],[136.26337,35.82386],[136.26218,35.82405],[136.2617,35.82391],[136.26106,35.82368],[136.26075,35.82354],[136.2594,35.82332],[136.25908,35.82347],[136.25894,35.82352],[136.25892,35.82353],[136.25852,35.82375],[136.25848,35.82426],[136.25815,35.82481],[136.25808,35.82514],[136.25791,35.82577],[136.25799,35.82633],[136.25828,35.82678],[136.25804,35.82745],[136.25822,35.82772],[136.25839,35.82812],[136.25848,35.82866],[136.2588,35.82905],[136.25951,35.82943],[136.25974,35.82989],[136.26011,35.83094],[136.26023,35.83141],[136.25996,35.83206],[136.25955,35.83238],[136.25953,35.83283],[136.26024,35.83419],[136.26021,35.83444],[136.25996,35.83571],[136.25984,35.83655],[136.25967,35.83785],[136.25927,35.83796],[136.25836,35.83826],[136.25821,35.83863],[136.25789,35.83915],[136.25799,35.83968],[136.2574,35.84041],[136.25733,35.8406],[136.25721,35.84096],[136.2565,35.8415],[136.25604,35.84216],[136.25571,35.84254],[136.2548,35.84267],[136.25401,35.84229],[136.2526,35.84228],[136.25199,35.8424],[136.25108,35.84318],[136.25044,35.84354],[136.24947,35.84517],[136.24907,35.84538],[136.24759,35.84564],[136.24681,35.84569],[136.24487,35.84474],[136.24404,35.84456],[136.24274,35.84487],[136.24082,35.84576],[136.23977,35.84649],[136.23847,35.84776],[136.23712,35.84868],[136.23537,35.84953],[136.23465,35.84965],[136.2341,35.84978],[136.23314,35.85074],[136.23288,35.85128],[136.23234,35.8519],[136.23107,35.85273],[136.23037,35.85332],[136.22872,35.85341],[136.2273,35.85382],[136.22606,35.85386],[136.22446,35.85493],[136.22377,35.85572],[136.22111,35.85617],[136.21835,35.85592],[136.2164,35.85661],[136.21558,35.85704],[136.21488,35.85707],[136.21426,35.8573],[136.21382,35.85771],[136.21341,35.85768],[136.21193,35.85716],[136.211,35.85673],[136.20995,35.85684],[136.20894,35.85734],[136.20844,35.85792],[136.20769,35.85915],[136.20625,35.86004],[136.20465,35.85961],[136.20181,35.85909],[136.20124,35.85867],[136.19959,35.85865],[136.19819,35.85833],[136.19714,35.85793],[136.19626,35.85743],[136.19465,35.858],[136.19414,35.85801],[136.19292,35.85773],[136.19179,35.85769],[136.19055,35.85821],[136.18902,35.85796],[136.18748,35.85745],[136.18712,35.8575],[136.185,35.85721],[136.18304,35.85669],[136.18204,35.85627],[136.18185,35.85619],[136.18131,35.85715],[136.18088,35.85694],[136.18093,35.85659],[136.18087,35.85607],[136.18088,35.85583],[136.18093,35.85513],[136.18052,35.85487],[136.17948,35.85445],[136.17929,35.85432],[136.17851,35.85359],[136.17787,35.85325],[136.17741,35.85299],[136.17722,35.85257],[136.17656,35.8519],[136.17675,35.85164],[136.17686,35.85151],[136.17675,35.85162],[136.17538,35.85105],[136.17492,35.85032],[136.17537,35.85005],[136.1758,35.84974],[136.17584,35.84947],[136.17579,35.849],[136.17576,35.84879],[136.17554,35.8484],[136.17525,35.84825],[136.17518,35.84769],[136.17512,35.84746],[136.17503,35.84711],[136.17529,35.84652],[136.17525,35.84569],[136.17507,35.84501],[136.1749,35.84398],[136.17455,35.84369],[136.17402,35.84332],[136.17383,35.84324],[136.17345,35.84325],[136.173,35.84326],[136.17274,35.84331],[136.17234,35.84274],[136.1716,35.84207],[136.17111,35.84189],[136.17072,35.84136],[136.16944,35.84042],[136.16802,35.83915],[136.16651,35.83831],[136.16633,35.83757],[136.16606,35.83719],[136.16413,35.83631],[136.16337,35.83608],[136.16291,35.83552],[136.16163,35.83518],[136.16086,35.83517],[136.16046,35.83451],[136.15957,35.83437],[136.1588,35.83387],[136.15801,35.83276],[136.15859,35.83194],[136.15946,35.83125],[136.1595,35.83095]],[[136.19857,35.82784],[136.19884,35.82741],[136.19828,35.82828],[136.19857,35.82784]],[[136.1956,35.83035],[136.19542,35.83002],[136.19545,35.83028],[136.1956,35.83035]],[[136.19878,35.82449],[136.19889,35.82425],[136.19884,35.82424],[136.19878,35.82449]],[[136.22535,35.80136],[136.22419,35.8016],[136.22469,35.80151],[136.22535,35.80136]],[[136.19588,35.80049],[136.19591,35.79982],[136.19587,35.80028],[136.19588,35.80049]],[[136.19977,35.78398],[136.1997,35.78358],[136.19966,35.78396],[136.19977,35.78398]],[[136.1967,35.79764],[136.19692,35.79743],[136.1968,35.79753],[136.1967,35.79764]],[[136.29519,35.80454],[136.29585,35.80518],[136.29638,35.80566],[136.29519,35.80454]],[[136.19773,35.77667],[136.19737,35.77648],[136.19766,35.77675],[136.19773,35.77667]],[[136.20008,35.7673],[136.20014,35.76723],[136.19947,35.7677],[136.20008,35.7673]],[[136.20487,35.76261],[136.20183,35.76256],[136.2029,35.76259],[136.20487,35.76261]],[[136.18076,35.76268],[136.17999,35.76283],[136.18097,35.7627],[136.18076,35.76268]]],[[[136.24781,35.79953],[136.24766,35.79917],[136.24747,35.7987],[136.24781,35.79953]]]]}},{"type":"Feature","properties":{"nm":"越前町","b":[135.9577,35.8722,136.1558,36.0284],"c":[136.05631,35.95902]},"geometry":{"type":"MultiPolygon","coordinates":[[[[136.13796,35.97158],[136.14005,35.97153],[136.14122,35.97159],[136.14199,35.97257],[136.14356,35.97386],[136.14306,35.97437],[136.14378,35.97438],[136.14506,35.97484],[136.14601,35.97572],[136.14608,35.97632],[136.14532,35.97625],[136.14527,35.97661],[136.14558,35.97676],[136.14701,35.97687],[136.1482,35.9797],[136.14879,35.98037],[136.14902,35.98053],[136.1532,35.98275],[136.1538,35.9832],[136.15546,35.98669],[136.15577,35.98789],[136.15574,35.98918],[136.15558,35.99082],[136.1554,35.99143],[136.15509,35.99235],[136.1507,35.9923],[136.14647,35.99229],[136.14161,35.9922],[136.13857,35.99283],[136.13761,35.99293],[136.13651,35.9935],[136.13637,35.99378],[136.13627,35.99517],[136.1359,35.99632],[136.13544,35.9967],[136.1354,35.9967],[136.13486,35.99704],[136.13413,35.99775],[136.1335,35.9986],[136.13276,35.99924],[136.13227,36.00025],[136.13104,36.0013],[136.13078,36.00178],[136.13097,36.00215],[136.12923,36.00248],[136.12876,36.003],[136.1261,36.003],[136.12565,36.00287],[136.12474,36.00302],[136.12288,36.0025],[136.12251,36.00228],[136.12172,36.00114],[136.12104,36.00091],[136.119,36.00165],[136.11833,36.00206],[136.11756,36.00259],[136.11677,36.0024],[136.11562,36.00262],[136.11476,36.00279],[136.11404,36.00277],[136.11362,36.00268],[136.11329,36.0027],[136.11266,36.00277],[136.11222,36.00262],[136.11062,36.00207],[136.10987,36.00189],[136.1097,36.00185],[136.1095,36.00183],[136.10923,36.00192],[136.10822,36.00235],[136.10818,36.00236],[136.10794,36.00245],[136.10735,36.0026],[136.10683,36.00273],[136.10652,36.0029],[136.10583,36.00316],[136.10562,36.00326],[136.10549,36.00336],[136.10539,36.00358],[136.10494,36.00373],[136.10415,36.00377],[136.10353,36.00365],[136.10313,36.00333],[136.10277,36.00287],[136.10171,36.00298],[136.10132,36.00321],[136.10128,36.00335],[136.10127,36.00355],[136.10112,36.0037],[136.1007,36.00362],[136.10051,36.00361],[136.1003,36.00374],[136.09982,36.00405],[136.09904,36.00415],[136.09867,36.00425],[136.09817,36.00467],[136.09781,36.0048],[136.09765,36.00485],[136.09742,36.00486],[136.09684,36.00485],[136.09681,36.00521],[136.09668,36.00595],[136.09675,36.00627],[136.09695,36.00673],[136.09743,36.00799],[136.09741,36.00833],[136.09729,36.0086],[136.09733,36.0092],[136.09733,36.00935],[136.0973,36.00941],[136.09691,36.00956],[136.09665,36.0096],[136.09616,36.00968],[136.09555,36.00999],[136.09482,36.01059],[136.09457,36.01079],[136.09445,36.01106],[136.09426,36.01137],[136.09421,36.01158],[136.09436,36.01231],[136.09437,36.0124],[136.09421,36.01259],[136.09396,36.01284],[136.09371,36.01311],[136.09312,36.01355],[136.09284,36.01361],[136.09267,36.01372],[136.09229,36.01384],[136.0916,36.01394],[136.09122,36.01387],[136.09091,36.0138],[136.09027,36.01416],[136.08874,36.01522],[136.08832,36.01536],[136.08399,36.01608],[136.08215,36.01613],[136.08184,36.01623],[136.08169,36.0166],[136.08157,36.01872],[136.0814,36.01897],[136.08026,36.02],[136.07984,36.02022],[136.07811,36.02067],[136.07622,36.02077],[136.07563,36.0209],[136.07503,36.02143],[136.07477,36.0221],[136.07421,36.02276],[136.07377,36.02248],[136.07319,36.02277],[136.07195,36.02404],[136.07193,36.02442],[136.07262,36.02481],[136.07258,36.02845],[136.07015,36.02789],[136.06996,36.02757],[136.07008,36.02712],[136.06998,36.02646],[136.06732,36.02671],[136.06661,36.0263],[136.06575,36.02632],[136.06556,36.02676],[136.0643,36.02698],[136.0627,36.02658],[136.06135,36.02686],[136.06111,36.02714],[136.06009,36.02736],[136.05885,36.02735],[136.05836,36.02706],[136.05769,36.02705],[136.05717,36.02672],[136.05702,36.02633],[136.05712,36.02491],[136.05686,36.024],[136.05714,36.02301],[136.05706,36.02225],[136.05654,36.02104],[136.05683,36.02058],[136.05638,36.02037],[136.0556,36.01871],[136.05644,36.0179],[136.05625,36.01737],[136.05576,36.01692],[136.05555,36.01646],[136.05564,36.01603],[136.05509,36.015],[136.05518,36.01414],[136.05543,36.014],[136.056,36.01315],[136.05619,36.01243],[136.0561,36.01212],[136.05593,36.01197],[136.05559,36.01169],[136.05488,36.01131],[136.05443,36.01134],[136.05369,36.01085],[136.05318,36.01078],[136.05283,36.01112],[136.05243,36.01152],[136.0522,36.01168],[136.051,36.01079],[136.05104,36.0104],[136.05087,36.0097],[136.05047,36.00848],[136.05014,36.00757],[136.04962,36.00731],[136.04915,36.00666],[136.04868,36.00674],[136.04825,36.00664],[136.04808,36.00622],[136.0478,36.0058],[136.04745,36.00539],[136.04772,36.00459],[136.04675,36.00385],[136.04655,36.00345],[136.04343,36.00155],[136.04294,36.00161],[136.0422,36.0017],[136.04083,36.00118],[136.03984,36.00075],[136.03878,36.00029],[136.03836,35.9997],[136.03833,35.99969],[136.03676,35.9993],[136.03625,35.99869],[136.03552,35.99866],[136.035,35.99839],[136.03418,35.99786],[136.03242,35.99676],[136.03244,35.99782],[136.03169,35.99795],[136.03153,35.9987],[136.03167,35.9991],[136.0314,35.99924],[136.03074,35.99917],[136.03058,35.99879],[136.02963,35.99723],[136.02914,35.9968],[136.0294,35.99609],[136.02902,35.99571],[136.02816,35.99519],[136.02824,35.99619],[136.02801,35.99646],[136.02741,35.99706],[136.02679,35.99806],[136.02654,35.99911],[136.02626,35.99934],[136.02543,35.99973],[136.02523,36.00059],[136.02467,36.00145],[136.02428,36.00299],[136.02392,36.0035],[136.02357,36.00377],[136.02299,36.005],[136.02269,36.00541],[136.02142,36.00609],[136.02108,36.00609],[136.0208,36.00611],[136.019,36.00722],[136.01885,36.00798],[136.01856,36.0083],[136.01796,36.00871],[136.01743,36.00889],[136.01685,36.0098],[136.01667,36.01007],[136.01641,36.01122],[136.01607,36.01167],[136.01448,36.01224],[136.01411,36.01224],[136.01333,36.01266],[136.01315,36.013],[136.01262,36.01379],[136.01299,36.01403],[136.01303,36.0143],[136.01238,36.01436],[136.01171,36.01402],[136.01123,36.01324],[136.01031,36.01247],[136.01012,36.01202],[136.01033,36.01139],[136.00907,36.01129],[136.00867,36.01122],[136.00665,36.01027],[136.00588,36.01009],[136.0057,36.00982],[136.00577,36.00878],[136.00552,36.00795],[136.00601,36.00747],[136.006,36.00707],[136.00542,36.00687],[136.00483,36.00665],[136.00421,36.00589],[136.0036,36.00553],[136.00358,36.00467],[136.00333,36.00366],[136.0037,36.00311],[136.00388,36.00191],[136.00387,36.00014],[136.00438,35.9999],[136.00461,35.99955],[136.00372,35.9977],[136.00343,35.99734],[136.00248,35.99692],[136.00296,35.99595],[136.00403,35.993],[136.0041,35.99239],[136.00403,35.99114],[136.00438,35.99039],[136.00506,35.98967],[136.006,35.98906],[136.0073,35.98856],[136.00797,35.98809],[136.00858,35.98789],[136.00776,35.98674],[136.00706,35.98632],[136.00608,35.98629],[136.00523,35.98602],[136.00274,35.98643],[136.00246,35.98636],[136.00197,35.98598],[136.00113,35.98481],[136.00079,35.98454],[135.99959,35.98449],[135.99872,35.98443],[135.99799,35.984],[135.99752,35.98372],[135.9969,35.9834],[135.99657,35.98296],[135.99601,35.98269],[135.99544,35.98288],[135.99461,35.98285],[135.99322,35.98255],[135.99225,35.98281],[135.99076,35.98286],[135.99039,35.9829],[135.98977,35.98356],[135.98966,35.98442],[135.98931,35.98437],[135.98856,35.98414],[135.98763,35.98419],[135.98707,35.984],[135.98666,35.98408],[135.98579,35.98458],[135.98522,35.9848],[135.98423,35.98479],[135.98422,35.98509],[135.98511,35.98535],[135.9854,35.98559],[135.98477,35.98573],[135.9845,35.98643],[135.98464,35.98672],[135.98525,35.98705],[135.9856,35.98718],[135.98556,35.98757],[135.98607,35.98804],[135.98529,35.98813],[135.9845,35.98807],[135.98335,35.98816],[135.98231,35.98802],[135.98241,35.9889],[135.9815,35.98893],[135.98047,35.98907],[135.97963,35.98898],[135.9791,35.98918],[135.97861,35.98929],[135.97771,35.98997],[135.97737,35.9898],[135.97664,35.99011],[135.97587,35.98978],[135.97564,35.98975],[135.9751,35.99013],[135.97412,35.99062],[135.97347,35.99124],[135.97198,35.99117],[135.97082,35.99163],[135.97042,35.99193],[135.96994,35.99176],[135.96922,35.99241],[135.96864,35.99331],[135.96809,35.99391],[135.9671,35.99456],[135.96681,35.995],[135.96699,35.99539],[135.96627,35.99588],[135.96544,35.99666],[135.96547,35.99698],[135.96503,35.99774],[135.96376,35.99726],[135.96429,35.99674],[135.9639,35.99658],[135.96375,35.99555],[135.9642,35.99555],[135.96438,35.99489],[135.96381,35.99458],[135.9633,35.99457],[135.96342,35.99427],[135.96451,35.99396],[135.96462,35.99345],[135.96523,35.99265],[135.96535,35.99229],[135.96516,35.99175],[135.96375,35.99149],[135.96353,35.99178],[135.96296,35.99163],[135.96289,35.99137],[135.96299,35.99103],[135.96267,35.99082],[135.96244,35.99139],[135.96207,35.99103],[135.96257,35.99059],[135.96229,35.99047],[135.9618,35.9909],[135.96082,35.99052],[135.96074,35.98953],[135.96104,35.98965],[135.96209,35.9889],[135.96176,35.98864],[135.9617,35.98816],[135.96244,35.98782],[135.963,35.98699],[135.96267,35.98648],[135.9624,35.98655],[135.96191,35.986],[135.96145,35.98613],[135.96101,35.98549],[135.96032,35.98546],[135.96073,35.98495],[135.96011,35.98471],[135.9601,35.98434],[135.95973,35.98465],[135.95924,35.98458],[135.95933,35.98414],[135.95884,35.98395],[135.95907,35.98343],[135.95866,35.98351],[135.95819,35.98328],[135.95817,35.9829],[135.95848,35.98268],[135.95772,35.98246],[135.95812,35.98223],[135.95773,35.98183],[135.95803,35.98143],[135.95855,35.98127],[135.9586,35.98094],[135.95923,35.98084],[135.95918,35.98049],[135.95991,35.98003],[135.95992,35.97979],[135.95916,35.97981],[135.95941,35.97952],[135.96053,35.97929],[135.95994,35.97916],[135.96064,35.97896],[135.96012,35.97868],[135.96056,35.97861],[135.96082,35.97815],[135.96053,35.9778],[135.96043,35.97709],[135.95964,35.97701],[135.95906,35.9773],[135.95899,35.97703],[135.95837,35.97699],[135.95863,35.97673],[135.95944,35.97642],[135.95922,35.97626],[135.95842,35.97639],[135.959,35.97606],[135.95934,35.97561],[135.95967,35.97561],[135.96006,35.97486],[135.9607,35.97414],[135.96098,35.97359],[135.96132,35.97336],[135.96166,35.97265],[135.9616,35.97229],[135.96196,35.9721],[135.96218,35.97154],[135.96297,35.97164],[135.96348,35.97092],[135.96469,35.97058],[135.96576,35.97005],[135.96672,35.96986],[135.96749,35.96897],[135.96845,35.9681],[135.96833,35.96767],[135.96781,35.96732],[135.96731,35.96664],[135.96792,35.96586],[135.96786,35.96563],[135.96905,35.96499],[135.96894,35.96448],[135.9691,35.96417],[135.96976,35.96363],[135.9701,35.963],[135.96946,35.96263],[135.96958,35.96232],[135.97059,35.96177],[135.97108,35.96197],[135.97171,35.96172],[135.97138,35.96107],[135.97249,35.9604],[135.97334,35.96037],[135.97369,35.96008],[135.97328,35.95926],[135.97356,35.95898],[135.97301,35.9588],[135.97363,35.95842],[135.97374,35.95881],[135.97427,35.9583],[135.97468,35.95852],[135.97514,35.95831],[135.97582,35.95766],[135.97776,35.95692],[135.97778,35.9565],[135.97834,35.95663],[135.97868,35.95634],[135.97797,35.95589],[135.97849,35.95587],[135.97935,35.95625],[135.98029,35.95581],[135.98147,35.95571],[135.98169,35.95513],[135.98193,35.95515],[135.98165,35.95422],[135.98279,35.95365],[135.98254,35.95348],[135.98363,35.95154],[135.98352,35.95187],[135.98473,35.9523],[135.98516,35.95232],[135.98551,35.95194],[135.98574,35.95067],[135.98591,35.9503],[135.98662,35.94905],[135.98636,35.94893],[135.98664,35.94827],[135.98684,35.94779],[135.98651,35.94741],[135.98654,35.94679],[135.98587,35.94581],[135.98527,35.94564],[135.98595,35.94561],[135.98594,35.94579],[135.98659,35.94672],[135.98666,35.94721],[135.98686,35.94677],[135.98718,35.94681],[135.98741,35.94598],[135.9866,35.94579],[135.98635,35.94543],[135.98681,35.94543],[135.98688,35.94466],[135.98589,35.94447],[135.98559,35.94421],[135.98667,35.94398],[135.98698,35.94337],[135.98697,35.9428],[135.98733,35.94288],[135.98908,35.94123],[135.98906,35.94097],[135.99009,35.94098],[135.99023,35.94111],[135.99103,35.94033],[135.99108,35.93983],[135.9916,35.93882],[135.99231,35.93706],[135.99246,35.93708],[135.99175,35.93887],[135.99121,35.93987],[135.99116,35.94036],[135.99019,35.94135],[135.98926,35.94128],[135.98818,35.9423],[135.98897,35.94249],[135.9901,35.94186],[135.98971,35.9422],[135.99011,35.94228],[135.9907,35.94169],[135.99059,35.94155],[135.99124,35.94117],[135.99137,35.94128],[135.99269,35.94102],[135.99242,35.94076],[135.99178,35.94077],[135.99243,35.94035],[135.99243,35.93949],[135.99276,35.93896],[135.99317,35.93828],[135.99352,35.93837],[135.99328,35.93903],[135.99386,35.93926],[135.99447,35.93889],[135.99404,35.93866],[135.99422,35.93843],[135.99483,35.93876],[135.995,35.93814],[135.99476,35.93772],[135.9935,35.93799],[135.99347,35.93788],[135.9946,35.93765],[135.99533,35.93645],[135.99427,35.9361],[135.99443,35.93578],[135.99459,35.93542],[135.99675,35.9359],[135.99679,35.93544],[135.99706,35.93553],[135.99739,35.93491],[135.99665,35.93465],[135.99705,35.93263],[135.99721,35.93264],[135.99727,35.93165],[135.99806,35.93171],[135.99815,35.93114],[135.99817,35.92973],[135.99786,35.92976],[135.99795,35.93028],[135.99766,35.93095],[135.9973,35.93108],[135.99745,35.92862],[135.99586,35.92855],[135.9959,35.92787],[135.99781,35.92745],[135.99822,35.92725],[135.99803,35.92613],[135.99807,35.92545],[135.9979,35.9248],[135.99735,35.92396],[135.99752,35.92291],[135.99723,35.9228],[135.99689,35.91908],[135.99643,35.91806],[135.99606,35.91784],[135.9965,35.91764],[135.99665,35.91675],[135.99557,35.91587],[135.99552,35.91493],[135.99516,35.91409],[135.99531,35.91347],[135.99511,35.91302],[135.99549,35.91218],[135.99612,35.91155],[135.99646,35.91089],[135.99592,35.91067],[135.99563,35.91033],[135.99634,35.91018],[135.99664,35.9098],[135.99691,35.90899],[135.99684,35.9073],[135.99699,35.90623],[135.9974,35.90504],[135.99778,35.90505],[135.99743,35.90494],[135.99768,35.90425],[135.99779,35.90327],[135.99771,35.9024],[135.99704,35.90077],[135.99716,35.90058],[135.99672,35.90021],[135.9961,35.89933],[135.99564,35.899],[135.99522,35.89852],[135.9946,35.89596],[135.9949,35.89681],[135.99542,35.89671],[135.99519,35.89574],[135.99536,35.89537],[135.99501,35.89487],[135.99377,35.89484],[135.99359,35.89503],[135.99315,35.89468],[135.99408,35.89403],[135.99452,35.89414],[135.99512,35.89384],[135.99539,35.89384],[135.99566,35.89317],[135.99519,35.89301],[135.99503,35.89251],[135.99504,35.8916],[135.99547,35.89159],[135.99585,35.89096],[135.99633,35.89054],[135.99603,35.89009],[135.99564,35.8903],[135.99566,35.88983],[135.99522,35.88943],[135.99487,35.88957],[135.99397,35.88796],[135.99347,35.88794],[135.99374,35.88732],[135.994,35.88783],[135.99518,35.88755],[135.99572,35.88715],[135.99597,35.88736],[135.99676,35.88702],[135.99731,35.88586],[135.99759,35.88567],[135.99727,35.88537],[135.99766,35.885],[135.99786,35.88424],[135.99851,35.88383],[135.99943,35.88348],[135.99977,35.88287],[135.99958,35.88202],[135.99885,35.88203],[135.9987,35.88172],[135.99949,35.88164],[136.00012,35.8818],[136.0002,35.88204],[136.00077,35.88185],[136.0015,35.88126],[136.00135,35.88106],[136.002,35.88083],[136.00241,35.88013],[136.00212,35.87982],[136.00266,35.87911],[136.00328,35.87922],[136.00358,35.87904],[136.00397,35.87823],[136.00462,35.87816],[136.00541,35.87773],[136.00581,35.87734],[136.00664,35.87618],[136.00705,35.87585],[136.00795,35.87547],[136.00871,35.87492],[136.00949,35.8742],[136.01046,35.87313],[136.01074,35.87263],[136.01135,35.87217],[136.0119,35.87247],[136.01326,35.87291],[136.01354,35.87336],[136.0152,35.87492],[136.01638,35.87571],[136.01699,35.87608],[136.01804,35.87674],[136.01866,35.87707],[136.01897,35.87726],[136.01969,35.87841],[136.01964,35.87899],[136.0193,35.87962],[136.0191,35.87999],[136.01942,35.88078],[136.0191,35.88143],[136.01906,35.88255],[136.01899,35.88293],[136.01983,35.88364],[136.01986,35.88422],[136.01928,35.8848],[136.01885,35.88507],[136.01939,35.88572],[136.01946,35.88586],[136.01943,35.8864],[136.01883,35.88749],[136.01865,35.88814],[136.01949,35.88833],[136.01995,35.88848],[136.02049,35.88892],[136.02048,35.88936],[136.02031,35.89034],[136.02038,35.8914],[136.02047,35.89193],[136.02044,35.89292],[136.0201,35.89322],[136.01985,35.89393],[136.01985,35.89417],[136.02004,35.8946],[136.02092,35.89488],[136.02167,35.89527],[136.02191,35.89546],[136.02263,35.89567],[136.02312,35.89596],[136.02307,35.89626],[136.02323,35.89678],[136.02359,35.89736],[136.02405,35.8987],[136.02418,35.89904],[136.02393,35.89993],[136.02398,35.90038],[136.02455,35.90123],[136.02505,35.9022],[136.02515,35.90237],[136.02537,35.90251],[136.02544,35.90258],[136.02584,35.90267],[136.02599,35.9026],[136.02602,35.90223],[136.02646,35.90152],[136.02714,35.90072],[136.02757,35.90024],[136.02772,35.90016],[136.02834,35.9001],[136.02895,35.90033],[136.03191,35.9013],[136.03339,35.90215],[136.03465,35.90264],[136.03574,35.90324],[136.03679,35.90355],[136.03716,35.90377],[136.03769,35.9036],[136.03833,35.9034],[136.03942,35.90359],[136.04001,35.90387],[136.04033,35.90381],[136.041,35.9036],[136.0424,35.90402],[136.04254,35.90462],[136.04278,35.90514],[136.04331,35.90559],[136.04354,35.90618],[136.04376,35.90763],[136.04389,35.90856],[136.0436,35.90876],[136.04338,35.909],[136.04327,35.90942],[136.04335,35.90978],[136.04391,35.91084],[136.04402,35.91114],[136.04407,35.91145],[136.04398,35.91196],[136.04388,35.91268],[136.04416,35.91302],[136.04458,35.91346],[136.04493,35.91394],[136.04504,35.91417],[136.04556,35.9143],[136.04585,35.91456],[136.04622,35.9152],[136.04714,35.91636],[136.04825,35.9172],[136.04972,35.91743],[136.05115,35.91748],[136.05407,35.9177],[136.05524,35.91801],[136.0556,35.91821],[136.05634,35.91946],[136.05768,35.9191],[136.05832,35.91901],[136.05821,35.9182],[136.05946,35.91806],[136.05985,35.91761],[136.06075,35.91727],[136.06143,35.91707],[136.06271,35.91735],[136.06381,35.91802],[136.06447,35.91825],[136.06535,35.91776],[136.06628,35.91743],[136.06712,35.91777],[136.06771,35.91781],[136.06915,35.91732],[136.06998,35.91788],[136.07035,35.9183],[136.07122,35.91836],[136.07246,35.91899],[136.07319,35.91972],[136.07339,35.92032],[136.07316,35.92054],[136.07346,35.92088],[136.07363,35.92154],[136.07346,35.92177],[136.0742,35.92217],[136.07409,35.9227],[136.07442,35.9234],[136.07495,35.92342],[136.07545,35.92318],[136.07589,35.92351],[136.07692,35.92385],[136.07697,35.92418],[136.07665,35.92459],[136.07682,35.92482],[136.07815,35.92529],[136.07841,35.92618],[136.07942,35.92625],[136.07993,35.92577],[136.08109,35.92535],[136.08151,35.9248],[136.08282,35.92397],[136.0838,35.92372],[136.08532,35.92307],[136.08541,35.92282],[136.08444,35.92207],[136.08431,35.92163],[136.08483,35.92093],[136.08525,35.92072],[136.08577,35.9208],[136.08686,35.92146],[136.08745,35.92199],[136.08804,35.9231],[136.08871,35.9226],[136.08991,35.92073],[136.09084,35.91995],[136.09118,35.919],[136.09175,35.91822],[136.09259,35.91757],[136.0927,35.91746],[136.09272,35.91744],[136.09293,35.91719],[136.0931,35.91679],[136.09318,35.91639],[136.09276,35.91552],[136.09276,35.91534],[136.09282,35.91462],[136.09266,35.91411],[136.09261,35.91344],[136.09259,35.91298],[136.09254,35.91261],[136.09259,35.91186],[136.09274,35.9116],[136.0931,35.91116],[136.09334,35.91097],[136.0937,35.91076],[136.09382,35.91072],[136.09551,35.91024],[136.09606,35.91023],[136.09796,35.91051],[136.09818,35.91048],[136.09921,35.91042],[136.09962,35.91039],[136.09981,35.91036],[136.10021,35.91033],[136.10086,35.91057],[136.10124,35.91078],[136.10224,35.91147],[136.10274,35.91193],[136.10323,35.91222],[136.1031,35.91266],[136.10325,35.91222],[136.1037,35.91226],[136.10485,35.9117],[136.10559,35.9116],[136.10643,35.91074],[136.1078,35.91156],[136.10854,35.91254],[136.10926,35.91267],[136.1096,35.91295],[136.11049,35.91316],[136.11104,35.91303],[136.11167,35.91258],[136.11186,35.91217],[136.11255,35.91141],[136.11312,35.91123],[136.11491,35.91101],[136.11683,35.91102],[136.11664,35.91182],[136.1167,35.91241],[136.11681,35.91298],[136.11721,35.91355],[136.11703,35.91391],[136.11687,35.91428],[136.11685,35.91491],[136.11685,35.91506],[136.11718,35.91579],[136.11783,35.91635],[136.11857,35.9168],[136.11881,35.91694],[136.11894,35.91696],[136.12071,35.91619],[136.12252,35.91553],[136.12297,35.91549],[136.12333,35.91554],[136.1243,35.91634],[136.12543,35.91671],[136.12665,35.91793],[136.1276,35.91869],[136.12848,35.91962],[136.12879,35.92033],[136.12884,35.92081],[136.12879,35.92143],[136.12851,35.92192],[136.1282,35.92274],[136.12836,35.92386],[136.12847,35.92447],[136.12849,35.92466],[136.12783,35.92468],[136.12892,35.92485],[136.12994,35.9249],[136.13046,35.92479],[136.13072,35.92468],[136.13176,35.9249],[136.13205,35.92494],[136.1327,35.92502],[136.13291,35.92506],[136.13301,35.92566],[136.13298,35.92602],[136.13237,35.9262],[136.13208,35.92647],[136.13235,35.9273],[136.13282,35.9298],[136.13263,35.93048],[136.1329,35.93081],[136.13388,35.93127],[136.13429,35.93217],[136.13458,35.93271],[136.13457,35.93272],[136.13437,35.93284],[136.13352,35.93309],[136.1326,35.93311],[136.13135,35.93463],[136.1308,35.93549],[136.13058,35.9358],[136.12987,35.93622],[136.12955,35.9367],[136.12943,35.93692],[136.12934,35.93703],[136.12908,35.93721],[136.12886,35.93734],[136.12861,35.93743],[136.12803,35.93777],[136.12767,35.93818],[136.12751,35.93837],[136.12735,35.93851],[136.12717,35.93867],[136.127,35.93897],[136.12698,35.93902],[136.1268,35.93945],[136.12662,35.93978],[136.12659,35.93998],[136.12649,35.94019],[136.12641,35.94027],[136.1264,35.94027],[136.12612,35.94033],[136.12598,35.94039],[136.12559,35.94063],[136.12541,35.94068],[136.12454,35.94072],[136.12447,35.94078],[136.12442,35.9409],[136.12446,35.94116],[136.12435,35.9416],[136.12422,35.94189],[136.12424,35.94222],[136.12422,35.94237],[136.12409,35.94255],[136.12393,35.94268],[136.12394,35.94285],[136.12416,35.94318],[136.12424,35.9433],[136.12432,35.9435],[136.12434,35.94359],[136.12433,35.94391],[136.1242,35.94444],[136.12439,35.94559],[136.12456,35.94594],[136.12458,35.94596],[136.1246,35.946],[136.12476,35.94607],[136.1249,35.94612],[136.12553,35.94638],[136.12593,35.94662],[136.12631,35.94688],[136.12662,35.94702],[136.12686,35.94702],[136.1271,35.94688],[136.12737,35.94677],[136.12747,35.94677],[136.12766,35.94686],[136.12827,35.94766],[136.12851,35.94816],[136.1288,35.94844],[136.12886,35.94846],[136.12909,35.94917],[136.12909,35.9495],[136.12923,35.95046],[136.12918,35.95088],[136.12955,35.95138],[136.12965,35.95146],[136.12979,35.95186],[136.12993,35.95205],[136.13024,35.95224],[136.13054,35.95245],[136.13075,35.95262],[136.13103,35.95304],[136.13124,35.95312],[136.1316,35.95365],[136.13142,35.95412],[136.13148,35.95463],[136.13161,35.95491],[136.13189,35.95556],[136.13207,35.95616],[136.13246,35.95662],[136.13274,35.95686],[136.13337,35.95737],[136.13393,35.95782],[136.13467,35.95819],[136.13522,35.95861],[136.13553,35.95891],[136.13589,35.95907],[136.13577,35.95989],[136.13636,35.96042],[136.13634,35.96088],[136.13708,35.96116],[136.13787,35.96171],[136.13819,35.96246],[136.13838,35.96281],[136.13856,35.96374],[136.13876,35.96408],[136.13833,35.96464],[136.13833,35.96564],[136.13754,35.96561],[136.1371,35.96615],[136.13738,35.96802],[136.13862,35.9681],[136.13812,35.9687],[136.13898,35.96911],[136.13851,35.96985],[136.13881,35.96993],[136.13867,35.97046],[136.13807,35.97066],[136.13796,35.97158]],[[136.13753,35.97552],[136.13767,35.9745],[136.13755,35.97529],[136.13753,35.97552]],[[136.13187,35.97353],[136.13171,35.97346],[136.13149,35.97352],[136.13187,35.97353]],[[136.11488,35.97095],[136.11483,35.97077],[136.11473,35.97099],[136.11488,35.97095]],[[136.11656,35.96459],[136.11679,35.96427],[136.11663,35.96443],[136.11663,35.96444],[136.11648,35.96476],[136.11656,35.96459]],[[136.11756,35.96164],[136.11754,35.96164],[136.11751,35.96177],[136.11756,35.96164]],[[136.10783,35.95118],[136.10768,35.95138],[136.1078,35.95149],[136.10783,35.95118]],[[136.1085,35.95749],[136.10851,35.95761],[136.10862,35.95792],[136.1085,35.95749]],[[136.1399,35.98193],[136.13876,35.98191],[136.1405,35.98198],[136.1399,35.98193]],[[136.12085,35.99686],[136.12054,35.99662],[136.12085,35.99699],[136.12085,35.99686]],[[136.1111,35.97675],[136.11104,35.97666],[136.11126,35.97729],[136.1111,35.97675]],[[136.08923,35.9658],[136.08929,35.96583],[136.09,35.96558],[136.08923,35.9658]],[[136.07199,36.00333],[136.07158,36.00349],[136.07191,36.0035],[136.07199,36.00333]],[[136.05429,35.92558],[136.0547,35.92524],[136.0543,35.9255],[136.05429,35.92558]],[[136.07578,35.94886],[136.07621,35.94856],[136.07582,35.94878],[136.07578,35.94886]],[[136.10561,35.93234],[136.10536,35.93207],[136.10521,35.93223],[136.10561,35.93234]],[[136.1153,35.9284],[136.1157,35.92824],[136.11741,35.92753],[136.1153,35.9284]],[[136.11898,35.9341],[136.11905,35.93422],[136.11912,35.9342],[136.11898,35.9341]],[[136.00837,35.90349],[136.00797,35.9036],[136.00846,35.90363],[136.00837,35.90349]],[[136.0601,35.95694],[136.06115,35.95724],[136.06008,35.95686],[136.0601,35.95694]],[[136.04076,35.96398],[136.04066,35.96413],[136.04095,35.96421],[136.04076,35.96398]],[[136.13331,35.97529],[136.13332,35.97473],[136.13329,35.97566],[136.13331,35.97529]]],[[[136.13421,35.98552],[136.13497,35.98606],[136.13507,35.98614],[136.13421,35.98552]]]]}},{"type":"Feature","properties":{"nm":"美浜町","b":[135.8147,35.4866,136.0297,35.7301],"c":[135.97462,35.59683]},"geometry":{"type":"MultiPolygon","coordinates":[[[[135.89747,35.6222],[135.89633,35.6221],[135.89576,35.6219],[135.89507,35.62117],[135.89449,35.62035],[135.89455,35.61931],[135.89499,35.61895],[135.89539,35.61752],[135.89578,35.61668],[135.89618,35.61642],[135.89637,35.61571],[135.89637,35.61515],[135.89563,35.61423],[135.89354,35.61414],[135.8948,35.61412],[135.89482,35.61392],[135.89554,35.61395],[135.89554,35.61351],[135.89349,35.61161],[135.89247,35.61154],[135.89149,35.61204],[135.89155,35.61287],[135.89196,35.61322],[135.89095,35.61317],[135.89055,35.61327],[135.88915,35.61514],[135.88888,35.61562],[135.88829,35.61573],[135.88762,35.61647],[135.8868,35.61688],[135.88599,35.61696],[135.88587,35.61739],[135.88531,35.61748],[135.88498,35.61779],[135.88466,35.6175],[135.88443,35.61771],[135.88404,35.61698],[135.88374,35.61701],[135.88318,35.61657],[135.88294,35.6166],[135.88189,35.61623],[135.8814,35.61634],[135.88045,35.61622],[135.88028,35.61642],[135.8794,35.61606],[135.8793,35.61567],[135.87873,35.61531],[135.87881,35.61481],[135.8779,35.61355],[135.87796,35.6132],[135.87741,35.6126],[135.87719,35.61107],[135.87695,35.61055],[135.87594,35.61007],[135.87388,35.60972],[135.87346,35.60979],[135.8722,35.60944],[135.87164,35.60954],[135.87128,35.6091],[135.87029,35.60828],[135.8691,35.60808],[135.86803,35.60801],[135.86712,35.60809],[135.86591,35.60857],[135.86545,35.60938],[135.86544,35.60994],[135.86519,35.61038],[135.8647,35.61067],[135.86466,35.61041],[135.86324,35.61055],[135.86276,35.6108],[135.8625,35.61061],[135.86134,35.61056],[135.86096,35.61037],[135.86015,35.61058],[135.85941,35.61096],[135.85886,35.61156],[135.85894,35.61196],[135.85852,35.61306],[135.85822,35.61351],[135.85738,35.61398],[135.85678,35.61477],[135.85654,35.61576],[135.85702,35.6158],[135.85722,35.61683],[135.85697,35.61795],[135.85693,35.6188],[135.85735,35.61951],[135.85773,35.61987],[135.85921,35.61983],[135.85978,35.62025],[135.8598,35.62077],[135.86021,35.62171],[135.85999,35.62161],[135.85941,35.62303],[135.85893,35.62376],[135.85864,35.62336],[135.85818,35.62381],[135.85745,35.62383],[135.85692,35.62424],[135.85581,35.6246],[135.85487,35.62463],[135.85408,35.62498],[135.85374,35.62487],[135.85359,35.62428],[135.85295,35.62409],[135.85232,35.62359],[135.85156,35.62349],[135.85115,35.62317],[135.84979,35.62299],[135.84958,35.62328],[135.84912,35.62281],[135.84791,35.62304],[135.84722,35.62368],[135.84669,35.62371],[135.84611,35.62409],[135.84605,35.62462],[135.84538,35.62484],[135.84532,35.62553],[135.84404,35.62589],[135.84357,35.62658],[135.84364,35.62688],[135.84327,35.62753],[135.84336,35.62792],[135.84381,35.62838],[135.84452,35.62856],[135.84489,35.62948],[135.84459,35.62981],[135.84483,35.63055],[135.84467,35.631],[135.84521,35.63126],[135.84498,35.63146],[135.84506,35.63205],[135.84549,35.63256],[135.84491,35.63381],[135.84494,35.63416],[135.84542,35.63493],[135.8463,35.63524],[135.84555,35.63549],[135.84509,35.63612],[135.84452,35.6363],[135.84383,35.63682],[135.84319,35.63702],[135.84235,35.63701],[135.84125,35.63713],[135.84068,35.63701],[135.84017,35.63727],[135.83998,35.63773],[135.83948,35.63761],[135.83837,35.63679],[135.83721,35.63643],[135.83638,35.63605],[135.83459,35.63645],[135.83353,35.63717],[135.83351,35.63738],[135.83278,35.63768],[135.83284,35.63803],[135.83151,35.63858],[135.82987,35.63905],[135.82967,35.63873],[135.82918,35.63892],[135.82903,35.63872],[135.82827,35.63868],[135.82763,35.63904],[135.82764,35.63926],[135.82588,35.64054],[135.82504,35.64177],[135.82493,35.64227],[135.82501,35.64321],[135.82478,35.64364],[135.82416,35.64341],[135.82306,35.64391],[135.8229,35.64415],[135.82245,35.6439],[135.82161,35.64375],[135.82119,35.64398],[135.82028,35.64387],[135.81881,35.64397],[135.8176,35.64336],[135.81714,35.64338],[135.81697,35.64302],[135.81615,35.64255],[135.81604,35.64229],[135.81541,35.64205],[135.81468,35.64223],[135.81526,35.64165],[135.81664,35.64107],[135.81802,35.64088],[135.81858,35.64097],[135.81998,35.64144],[135.82058,35.64151],[135.8219,35.64123],[135.82267,35.64085],[135.82373,35.63988],[135.82475,35.63945],[135.8253,35.63945],[135.82599,35.63922],[135.82663,35.63846],[135.82794,35.63757],[135.82888,35.63756],[135.83034,35.63728],[135.83135,35.63661],[135.83264,35.63593],[135.83399,35.6349],[135.8342,35.6344],[135.83566,35.63435],[135.8363,35.63442],[135.83839,35.63493],[135.83924,35.63487],[135.83965,35.63459],[135.83995,35.63397],[135.84089,35.63299],[135.84044,35.63173],[135.84028,35.63067],[135.84046,35.62979],[135.84005,35.62902],[135.83991,35.62837],[135.8399,35.62699],[135.84065,35.62583],[135.84164,35.62473],[135.84249,35.62391],[135.84315,35.6229],[135.84356,35.62247],[135.84464,35.62168],[135.84508,35.62105],[135.8456,35.62001],[135.84661,35.61898],[135.84716,35.61805],[135.84815,35.61758],[135.84834,35.61708],[135.84845,35.61546],[135.84812,35.61487],[135.84875,35.61438],[135.85001,35.61365],[135.85054,35.61325],[135.85108,35.6125],[135.85207,35.61179],[135.85314,35.61079],[135.8536,35.61016],[135.8538,35.6096],[135.85454,35.60885],[135.85495,35.60865],[135.8561,35.60779],[135.85729,35.60752],[135.85805,35.60698],[135.85894,35.60675],[135.85986,35.60669],[135.86085,35.60649],[135.86149,35.60594],[135.86234,35.60529],[135.86247,35.60484],[135.86289,35.60448],[135.86357,35.60398],[135.86412,35.60321],[135.86547,35.60243],[135.86722,35.60186],[135.86791,35.60175],[135.86899,35.60139],[135.87016,35.60127],[135.87071,35.6015],[135.87142,35.60264],[135.8732,35.60345],[135.87383,35.60365],[135.87448,35.60415],[135.87454,35.60449],[135.87392,35.60697],[135.87409,35.60742],[135.87512,35.60774],[135.87574,35.60768],[135.87697,35.60803],[135.87765,35.60839],[135.87844,35.60851],[135.87939,35.60835],[135.88024,35.60801],[135.88101,35.60736],[135.88177,35.60627],[135.88269,35.60431],[135.88348,35.60233],[135.88451,35.60172],[135.88482,35.60009],[135.88557,35.59878],[135.88677,35.59822],[135.88813,35.59807],[135.88843,35.59796],[135.88911,35.59781],[135.89037,35.59816],[135.89096,35.59834],[135.89106,35.5984],[135.89149,35.59863],[135.89191,35.59887],[135.89252,35.59906],[135.89316,35.59935],[135.8939,35.6001],[135.89436,35.60064],[135.8945,35.60074],[135.89477,35.60097],[135.89589,35.60106],[135.89611,35.60116],[135.89625,35.60131],[135.89634,35.60134],[135.89638,35.60134],[135.89646,35.60147],[135.89657,35.60166],[135.89679,35.60174],[135.89717,35.60159],[135.89749,35.60156],[135.89761,35.60164],[135.89796,35.60187],[135.89905,35.6027],[135.89977,35.60354],[135.90024,35.60416],[135.90055,35.60432],[135.90102,35.60437],[135.90173,35.60386],[135.90211,35.6035],[135.90216,35.60302],[135.90208,35.60274],[135.9015,35.60208],[135.90147,35.60204],[135.90124,35.60139],[135.90112,35.60054],[135.90103,35.59974],[135.901,35.59918],[135.90115,35.59867],[135.90149,35.5981],[135.90232,35.5979],[135.90296,35.59833],[135.9031,35.59863],[135.9036,35.59916],[135.90398,35.59944],[135.90411,35.59964],[135.90391,35.6],[135.90459,35.60031],[135.9051,35.60074],[135.90526,35.60063],[135.90555,35.60033],[135.90703,35.59748],[135.90901,35.59462],[135.90748,35.59149],[135.90856,35.59114],[135.9078,35.58968],[135.90898,35.58929],[135.91018,35.58894],[135.91055,35.58881],[135.91133,35.58859],[135.91162,35.58825],[135.91193,35.5876],[135.91161,35.58683],[135.91221,35.58641],[135.91262,35.58622],[135.91374,35.58603],[135.91454,35.58591],[135.915,35.58583],[135.91504,35.58574],[135.91505,35.58544],[135.91532,35.58515],[135.91534,35.58492],[135.91536,35.58481],[135.9167,35.58427],[135.91616,35.58404],[135.91547,35.58428],[135.91503,35.58343],[135.91511,35.58267],[135.91555,35.58247],[135.91648,35.58242],[135.91658,35.58188],[135.91699,35.58026],[135.91726,35.57996],[135.91885,35.58013],[135.9194,35.57998],[135.91977,35.5796],[135.92066,35.57942],[135.92401,35.57937],[135.92472,35.57927],[135.92565,35.57946],[135.9268,35.57941],[135.92743,35.57923],[135.92812,35.57943],[135.92885,35.5793],[135.92976,35.57975],[135.93097,35.57946],[135.9315,35.57971],[135.93191,35.57952],[135.93336,35.57854],[135.93428,35.57813],[135.93472,35.57809],[135.93593,35.57769],[135.93633,35.57773],[135.93698,35.57703],[135.93704,35.57607],[135.93734,35.57574],[135.93907,35.57493],[135.93988,35.57429],[135.94056,35.57318],[135.94111,35.57167],[135.94161,35.57124],[135.94188,35.56936],[135.94174,35.56767],[135.94233,35.56725],[135.94264,35.56606],[135.94373,35.56549],[135.94279,35.56358],[135.94285,35.56311],[135.94255,35.56217],[135.94259,35.56186],[135.94307,35.56123],[135.94323,35.56048],[135.94351,35.55992],[135.94352,35.55894],[135.94426,35.55833],[135.94508,35.55787],[135.94553,35.55704],[135.94545,35.5564],[135.9457,35.55588],[135.94634,35.55535],[135.94588,35.55326],[135.94531,35.55251],[135.9448,35.55095],[135.94536,35.55071],[135.9457,35.55033],[135.94642,35.55001],[135.94641,35.54953],[135.94713,35.54885],[135.94857,35.54705],[135.94873,35.54649],[135.94961,35.54635],[135.95004,35.54601],[135.95021,35.54549],[135.95081,35.5445],[135.95105,35.54383],[135.95099,35.54341],[135.95158,35.54263],[135.95143,35.54227],[135.95237,35.54148],[135.95273,35.54099],[135.953,35.54002],[135.9528,35.53911],[135.95333,35.5383],[135.95396,35.53559],[135.95391,35.53445],[135.95295,35.53275],[135.95287,35.53238],[135.95373,35.53155],[135.95345,35.53042],[135.95389,35.52981],[135.954,35.52922],[135.95364,35.52816],[135.95394,35.52681],[135.95425,35.52639],[135.95419,35.52607],[135.95349,35.52559],[135.95293,35.52557],[135.95254,35.52471],[135.95153,35.52474],[135.95109,35.52463],[135.95073,35.52395],[135.95013,35.52366],[135.94946,35.52307],[135.94887,35.5221],[135.94763,35.52128],[135.94693,35.52053],[135.94769,35.51966],[135.94797,35.51847],[135.94863,35.51727],[135.94871,35.51677],[135.94998,35.51528],[135.9517,35.5119],[135.9518,35.51085],[135.95158,35.51039],[135.95225,35.50957],[135.95183,35.50847],[135.9517,35.50751],[135.95201,35.50663],[135.95261,35.50602],[135.95431,35.50558],[135.95506,35.50576],[135.95648,35.50592],[135.95783,35.50567],[135.95862,35.50419],[135.96039,35.50269],[135.96068,35.50207],[135.96165,35.50182],[135.96224,35.50135],[135.96291,35.50118],[135.96471,35.50187],[135.9653,35.50243],[135.96688,35.50287],[135.96756,35.50274],[135.96884,35.50232],[135.96995,35.50104],[135.97131,35.50082],[135.97238,35.50016],[135.97286,35.49858],[135.97314,35.4982],[135.97443,35.49749],[135.97521,35.49589],[135.97583,35.49495],[135.97594,35.49418],[135.97621,35.49369],[135.9773,35.49279],[135.97872,35.49121],[135.979,35.49039],[135.97928,35.48908],[135.97945,35.48875],[135.98027,35.48785],[135.98066,35.48682],[135.98091,35.48655],[135.98184,35.48676],[135.98281,35.48727],[135.98425,35.48868],[135.98473,35.48924],[135.9864,35.48987],[135.98709,35.49051],[135.9876,35.49124],[135.98884,35.49194],[135.98959,35.492],[135.99069,35.49189],[135.99138,35.49161],[135.99289,35.49138],[135.99499,35.49159],[135.99634,35.49214],[135.99813,35.49136],[135.99892,35.49159],[136.00045,35.49157],[136.00162,35.49185],[136.0022,35.49188],[136.00317,35.49153],[136.00424,35.49096],[136.00545,35.49143],[136.00669,35.49173],[136.00692,35.4921],[136.00701,35.49328],[136.00728,35.49344],[136.0087,35.49371],[136.00913,35.49425],[136.0105,35.49548],[136.01085,35.49632],[136.01165,35.49758],[136.0106,35.49986],[136.01076,35.50005],[136.01184,35.50067],[136.01194,35.50094],[136.01187,35.50211],[136.0116,35.50309],[136.01194,35.50389],[136.01148,35.50421],[136.01159,35.50473],[136.01193,35.50532],[136.01292,35.50667],[136.01337,35.50753],[136.01401,35.5081],[136.01486,35.50832],[136.01545,35.51018],[136.01552,35.5108],[136.01501,35.51155],[136.01556,35.51212],[136.01603,35.51226],[136.01778,35.51237],[136.01971,35.51181],[136.02016,35.5119],[136.02078,35.51331],[136.02183,35.51546],[136.02235,35.51699],[136.02303,35.51816],[136.02317,35.51891],[136.02313,35.51982],[136.02381,35.52035],[136.02585,35.52154],[136.02714,35.52195],[136.0288,35.52336],[136.02838,35.5237],[136.02808,35.52462],[136.02713,35.52476],[136.02705,35.52504],[136.02741,35.5254],[136.02742,35.52639],[136.02788,35.5269],[136.0278,35.52753],[136.02733,35.52781],[136.02791,35.52909],[136.02645,35.52958],[136.02667,35.53247],[136.02728,35.53355],[136.02742,35.53537],[136.02683,35.53619],[136.02662,35.53693],[136.02673,35.53817],[136.02731,35.53972],[136.02715,35.54079],[136.02767,35.54234],[136.02695,35.54285],[136.02495,35.54354],[136.02472,35.5438],[136.02445,35.54473],[136.02387,35.54561],[136.02382,35.54629],[136.02428,35.54687],[136.02442,35.54849],[136.02478,35.54944],[136.02506,35.55077],[136.02495,35.5516],[136.0246,35.55224],[136.02428,35.55333],[136.0235,35.55469],[136.023,35.5557],[136.02308,35.55746],[136.02278,35.55816],[136.02286,35.55879],[136.0235,35.56116],[136.02432,35.56215],[136.02473,35.56332],[136.02522,35.56375],[136.02602,35.56408],[136.02698,35.56483],[136.02716,35.56543],[136.02822,35.56627],[136.02833,35.56757],[136.02872,35.56834],[136.02918,35.5685],[136.02955,35.56891],[136.02957,35.56933],[136.02932,35.56985],[136.02932,35.57082],[136.02916,35.57161],[136.02968,35.57231],[136.02968,35.57323],[136.02927,35.57445],[136.02947,35.57492],[136.02952,35.57614],[136.02911,35.57801],[136.02856,35.57929],[136.02752,35.58042],[136.02622,35.58091],[136.02666,35.58136],[136.02702,35.58238],[136.02702,35.58283],[136.02656,35.58371],[136.02633,35.58459],[136.02628,35.5861],[136.02566,35.58697],[136.02506,35.58736],[136.02457,35.58691],[136.02375,35.58624],[136.0229,35.58621],[136.02232,35.5864],[136.02076,35.58638],[136.02023,35.58649],[136.0199,35.58675],[136.01895,35.58709],[136.0173,35.58659],[136.01696,35.58631],[136.01632,35.58616],[136.01517,35.5863],[136.01419,35.58598],[136.01352,35.5858],[136.01322,35.58537],[136.01185,35.58492],[136.0116,35.58556],[136.01121,35.58581],[136.01052,35.58571],[136.00937,35.58583],[136.00926,35.5865],[136.0081,35.58883],[136.00711,35.59016],[136.00686,35.59086],[136.00686,35.5914],[136.00666,35.59241],[136.00622,35.59302],[136.00537,35.5936],[136.00529,35.59419],[136.00515,35.5947],[136.00449,35.59554],[136.00381,35.59557],[136.00449,35.59567],[136.00451,35.5962],[136.00504,35.59665],[136.00672,35.59734],[136.00706,35.59786],[136.00722,35.59915],[136.00754,35.59986],[136.0075,35.60025],[136.00779,35.60079],[136.0077,35.60189],[136.0079,35.60589],[136.00815,35.60653],[136.0084,35.60785],[136.00939,35.6092],[136.00931,35.61006],[136.00851,35.61044],[136.0079,35.6115],[136.00724,35.61204],[136.00714,35.61293],[136.00685,35.61331],[136.00616,35.61383],[136.00611,35.61473],[136.00589,35.6161],[136.00606,35.61634],[136.00672,35.6165],[136.007,35.61678],[136.0073,35.61774],[136.00725,35.61806],[136.00675,35.61889],[136.00695,35.61964],[136.0073,35.62022],[136.0072,35.62081],[136.00661,35.62168],[136.00645,35.62297],[136.00651,35.62339],[136.007,35.62412],[136.00754,35.62531],[136.00764,35.62578],[136.00747,35.62637],[136.00756,35.62709],[136.00734,35.62747],[136.0069,35.62765],[136.00734,35.62898],[136.00801,35.62988],[136.00859,35.63103],[136.0091,35.6316],[136.00911,35.63163],[136.00889,35.63229],[136.00834,35.63299],[136.00859,35.63344],[136.00854,35.63383],[136.00801,35.63438],[136.00742,35.63486],[136.00724,35.63538],[136.0066,35.63578],[136.00639,35.6361],[136.00607,35.63637],[136.00569,35.63717],[136.0055,35.63822],[136.00509,35.63918],[136.00465,35.64197],[136.00431,35.64324],[136.00382,35.64427],[136.00421,35.64486],[136.00424,35.64552],[136.00387,35.64617],[136.00296,35.64664],[136.00129,35.64709],[136.00001,35.64866],[135.99944,35.64996],[135.99912,35.65042],[135.99877,35.65166],[135.99841,35.65201],[135.99822,35.65239],[135.99869,35.65387],[135.99886,35.65396],[136.00026,35.65414],[136.00104,35.65432],[136.0017,35.65472],[136.00322,35.65569],[136.00375,35.65623],[136.00439,35.65749],[136.00502,35.65799],[136.00648,35.65832],[136.00712,35.65941],[136.00773,35.65992],[136.00817,35.66001],[136.00798,35.66069],[136.00851,35.6614],[136.0094,35.66208],[136.01041,35.66249],[136.01077,35.66289],[136.01171,35.66424],[136.01287,35.66496],[136.01312,35.66525],[136.01321,35.66611],[136.01361,35.66698],[136.01337,35.6676],[136.01222,35.66805],[136.0118,35.66868],[136.01117,35.66915],[136.00995,35.66938],[136.00953,35.66982],[136.00938,35.67065],[136.00967,35.67225],[136.00996,35.67324],[136.00987,35.67353],[136.00955,35.67391],[136.00961,35.67436],[136.00986,35.67484],[136.01053,35.67584],[136.01051,35.67603],[136.00998,35.67657],[136.00975,35.67689],[136.00906,35.67776],[136.00915,35.67844],[136.00962,35.67924],[136.01023,35.67974],[136.01025,35.6803],[136.0105,35.6805],[136.01086,35.68075],[136.01122,35.6814],[136.0114,35.68261],[136.0119,35.68344],[136.01257,35.68382],[136.01277,35.68443],[136.01167,35.68599],[136.01153,35.68648],[136.01088,35.6877],[136.01172,35.68867],[136.01198,35.68952],[136.01176,35.68988],[136.01132,35.69022],[136.01168,35.69083],[136.01137,35.69179],[136.0107,35.69353],[136.01091,35.69391],[136.01106,35.69425],[136.01083,35.69473],[136.0109,35.69535],[136.01146,35.69628],[136.01263,35.6973],[136.01255,35.69739],[136.01186,35.6978],[136.01178,35.69829],[136.01116,35.69891],[136.01102,35.69924],[136.01076,35.70077],[136.01046,35.70105],[136.01026,35.70138],[136.01058,35.70302],[136.01056,35.70408],[136.0109,35.70485],[136.01121,35.70567],[136.01211,35.70692],[136.01215,35.70737],[136.01192,35.70772],[136.01108,35.70805],[136.01081,35.7085],[136.01073,35.7088],[136.01044,35.70899],[136.0103,35.70925],[136.01025,35.70988],[136.01096,35.71032],[136.01134,35.71085],[136.01162,35.71184],[136.01155,35.71227],[136.01213,35.71528],[136.01291,35.71663],[136.01349,35.71732],[136.01301,35.71822],[136.01288,35.7187],[136.01303,35.72059],[136.01251,35.7212],[136.01257,35.72219],[136.01272,35.72255],[136.01269,35.7237],[136.01241,35.72502],[136.01117,35.72545],[136.01037,35.72616],[136.01016,35.7265],[136.01007,35.72706],[136.00947,35.72805],[136.00884,35.7283],[136.00785,35.72867],[136.00741,35.72948],[136.00708,35.72978],[136.0067,35.72996],[136.00603,35.72971],[136.00542,35.72999],[136.0046,35.73004],[136.0039,35.72943],[136.00317,35.72876],[136.00251,35.72852],[135.99976,35.7279],[135.99851,35.72775],[135.99796,35.72719],[135.99713,35.72692],[135.99578,35.72621],[135.99505,35.72605],[135.99463,35.72635],[135.99346,35.72695],[135.9932,35.72703],[135.99128,35.72678],[135.99057,35.72629],[135.99016,35.72604],[135.98925,35.72621],[135.98886,35.72596],[135.9883,35.72566],[135.98793,35.72556],[135.98712,35.72533],[135.98697,35.72532],[135.98645,35.72529],[135.9862,35.72482],[135.98608,35.72456],[135.98578,35.72429],[135.98533,35.72432],[135.98463,35.72444],[135.98443,35.72439],[135.98384,35.72444],[135.98294,35.72476],[135.98268,35.72474],[135.98218,35.72454],[135.98094,35.72448],[135.9801,35.72447],[135.97957,35.72443],[135.97923,35.72474],[135.97824,35.72479],[135.97765,35.72465],[135.9771,35.72459],[135.9767,35.72454],[135.97644,35.72459],[135.97587,35.72492],[135.97555,35.72489],[135.97491,35.72475],[135.97468,35.72486],[135.97444,35.72514],[135.97377,35.72526],[135.97309,35.72537],[135.97201,35.72505],[135.97125,35.72497],[135.97075,35.72484],[135.97033,35.72477],[135.96986,35.72482],[135.96937,35.72522],[135.96894,35.72486],[135.96877,35.72472],[135.96831,35.72546],[135.96785,35.72611],[135.9674,35.72674],[135.96727,35.72698],[135.96714,35.72751],[135.96571,35.72945],[135.96463,35.73013],[135.96449,35.72989],[135.96401,35.73006],[135.9635,35.72967],[135.96211,35.72962],[135.9618,35.72887],[135.96213,35.72782],[135.96147,35.72727],[135.96033,35.72729],[135.95962,35.72708],[135.95884,35.72718],[135.95748,35.72612],[135.95641,35.72483],[135.95615,35.72379],[135.95509,35.72341],[135.95448,35.72273],[135.95446,35.72218],[135.95424,35.72208],[135.95444,35.72139],[135.95431,35.72039],[135.95458,35.72009],[135.95495,35.72015],[135.95587,35.71941],[135.95671,35.71898],[135.95774,35.71788],[135.95798,35.7178],[135.95913,35.71697],[135.95941,35.71625],[135.95905,35.71532],[135.95909,35.71481],[135.95863,35.71353],[135.95886,35.71238],[135.95854,35.7112],[135.95863,35.71038],[135.95899,35.70971],[135.9591,35.70904],[135.95949,35.70831],[135.95944,35.70695],[135.95906,35.70541],[135.95809,35.70441],[135.95768,35.70416],[135.95735,35.70433],[135.95725,35.70395],[135.95676,35.70368],[135.95605,35.70422],[135.95557,35.70349],[135.95664,35.70282],[135.9584,35.70228],[135.95848,35.70187],[135.95915,35.70197],[135.95976,35.70157],[135.95997,35.70029],[135.96049,35.69982],[135.96221,35.69962],[135.96441,35.7006],[135.96451,35.701],[135.9651,35.70088],[135.96577,35.70121],[135.96617,35.70111],[135.96669,35.70157],[135.96636,35.70181],[135.96665,35.70219],[135.96656,35.70372],[135.96597,35.70446],[135.96583,35.70521],[135.96606,35.70526],[135.96599,35.70578],[135.96633,35.70579],[135.96611,35.70658],[135.96537,35.707],[135.96437,35.70684],[135.96367,35.70537],[135.96216,35.70442],[135.9613,35.70448],[135.96131,35.70524],[135.96101,35.70593],[135.96165,35.70632],[135.9621,35.70745],[135.96245,35.70765],[135.96317,35.70908],[135.96359,35.70956],[135.96492,35.71029],[135.96483,35.71044],[135.96593,35.71085],[135.96689,35.71105],[135.96794,35.71142],[135.96933,35.71169],[135.96968,35.71201],[135.97029,35.71208],[135.97095,35.71189],[135.97131,35.71154],[135.97145,35.71045],[135.97171,35.71052],[135.9719,35.71011],[135.97167,35.70999],[135.97188,35.70949],[135.97226,35.70914],[135.97285,35.70805],[135.9731,35.7073],[135.97119,35.70735],[135.97081,35.70395],[135.97109,35.70376],[135.97107,35.70316],[135.97179,35.70276],[135.97365,35.70118],[135.9746,35.69948],[135.97458,35.69894],[135.97495,35.69858],[135.9752,35.69869],[135.97574,35.6986],[135.97522,35.69861],[135.97547,35.69808],[135.97594,35.69644],[135.97637,35.69425],[135.97639,35.69221],[135.97631,35.69147],[135.97609,35.69126],[135.9764,35.69033],[135.97613,35.69007],[135.97618,35.68959],[135.97648,35.68951],[135.97674,35.68905],[135.97647,35.68896],[135.97649,35.68845],[135.97699,35.68837],[135.97746,35.68797],[135.97761,35.68679],[135.97715,35.68585],[135.97674,35.6845],[135.97613,35.68361],[135.97568,35.68366],[135.97586,35.68284],[135.97559,35.68206],[135.97504,35.68123],[135.97451,35.67997],[135.97335,35.67797],[135.97229,35.67648],[135.97144,35.67598],[135.97073,35.67588],[135.9703,35.67531],[135.9693,35.67494],[135.96876,35.67441],[135.96795,35.6741],[135.96732,35.67403],[135.96579,35.67423],[135.9653,35.67444],[135.96575,35.67383],[135.96632,35.67351],[135.96701,35.67335],[135.9682,35.67232],[135.96886,35.67203],[135.96895,35.67069],[135.96862,35.67011],[135.96899,35.66921],[135.96892,35.66882],[135.96812,35.66783],[135.96777,35.66759],[135.96728,35.66759],[135.967,35.66733],[135.96699,35.66634],[135.96673,35.66549],[135.96679,35.66515],[135.96643,35.66456],[135.96652,35.66339],[135.96614,35.66313],[135.96607,35.66208],[135.96676,35.66104],[135.96687,35.66007],[135.96711,35.6601],[135.96644,35.65917],[135.96581,35.65866],[135.9648,35.65823],[135.96451,35.65831],[135.96325,35.65737],[135.96314,35.65668],[135.96351,35.65629],[135.96412,35.65612],[135.96454,35.6562],[135.9657,35.6556],[135.96619,35.65546],[135.9668,35.65481],[135.9676,35.65611],[135.96787,35.65635],[135.96901,35.65644],[135.96893,35.65581],[135.96985,35.65573],[135.9699,35.65631],[135.9712,35.65644],[135.97166,35.65604],[135.97233,35.65571],[135.97269,35.65637],[135.97287,35.6563],[135.97237,35.6553],[135.97399,35.65436],[135.97468,35.65466],[135.97513,35.65388],[135.97616,35.6515],[135.97627,35.65104],[135.97673,35.65075],[135.97787,35.65054],[135.9788,35.64959],[135.98001,35.64885],[135.98028,35.64776],[135.9807,35.64709],[135.98146,35.64677],[135.98258,35.64598],[135.9823,35.64577],[135.98287,35.64558],[135.98323,35.64492],[135.9839,35.64458],[135.98432,35.64382],[135.98565,35.6432],[135.98607,35.64262],[135.98623,35.6419],[135.98624,35.6411],[135.98593,35.63958],[135.98518,35.63731],[135.98491,35.63677],[135.985,35.6364],[135.98446,35.6354],[135.98403,35.63489],[135.98296,35.63312],[135.98169,35.63132],[135.98001,35.62931],[135.97868,35.62793],[135.9776,35.62709],[135.97696,35.62649],[135.97431,35.62476],[135.97316,35.6242],[135.97177,35.62374],[135.97132,35.62337],[135.97022,35.62291],[135.96828,35.62229],[135.96648,35.6219],[135.9652,35.62173],[135.96356,35.62187],[135.96201,35.62265],[135.96146,35.62357],[135.96145,35.62428],[135.96091,35.62428],[135.96099,35.62489],[135.96062,35.62507],[135.96004,35.62583],[135.96003,35.62623],[135.95943,35.62619],[135.95852,35.6268],[135.95728,35.62719],[135.95626,35.6277],[135.95568,35.62831],[135.95491,35.62873],[135.95455,35.62909],[135.95421,35.62993],[135.95386,35.63128],[135.95398,35.63227],[135.95478,35.63329],[135.95462,35.63434],[135.9541,35.63414],[135.95324,35.63421],[135.95252,35.63375],[135.95124,35.63368],[135.9499,35.63387],[135.94961,35.63375],[135.94895,35.63292],[135.94857,35.63285],[135.94873,35.63255],[135.94794,35.63215],[135.94832,35.63177],[135.94852,35.63113],[135.94937,35.63095],[135.94985,35.63031],[135.95011,35.62966],[135.95074,35.62904],[135.95134,35.62866],[135.95147,35.62838],[135.95119,35.62778],[135.9502,35.62745],[135.95047,35.62705],[135.95026,35.62665],[135.94948,35.62632],[135.94849,35.62623],[135.94803,35.62595],[135.94815,35.62578],[135.94789,35.62508],[135.94734,35.62464],[135.94628,35.62417],[135.94572,35.6237],[135.94533,35.62387],[135.94484,35.62378],[135.945,35.62306],[135.94448,35.62271],[135.94472,35.62213],[135.94442,35.62069],[135.94391,35.62016],[135.94263,35.61942],[135.94228,35.61906],[135.94159,35.61888],[135.9408,35.61889],[135.94035,35.6191],[135.94001,35.61883],[135.94006,35.61825],[135.94055,35.61839],[135.94083,35.6179],[135.9408,35.61709],[135.93972,35.61552],[135.93826,35.61463],[135.93837,35.61426],[135.93892,35.61417],[135.93876,35.61313],[135.93848,35.61334],[135.93808,35.61453],[135.93778,35.6143],[135.93673,35.61394],[135.93563,35.61354],[135.93388,35.61266],[135.9321,35.61208],[135.92841,35.61089],[135.92688,35.6105],[135.926,35.61012],[135.9253,35.61016],[135.92487,35.6099],[135.92317,35.60953],[135.92108,35.60927],[135.9194,35.60915],[135.91881,35.60922],[135.9182,35.60909],[135.91735,35.60917],[135.91656,35.6091],[135.91501,35.60913],[135.9137,35.60931],[135.91231,35.60991],[135.91177,35.6104],[135.91202,35.61177],[135.91226,35.61187],[135.91254,35.61248],[135.9128,35.61256],[135.91249,35.61321],[135.91199,35.6133],[135.91195,35.61352],[135.91125,35.61387],[135.91077,35.61381],[135.91008,35.61329],[135.90928,35.61326],[135.90842,35.61392],[135.90794,35.61462],[135.90788,35.61534],[135.9076,35.61604],[135.90789,35.61642],[135.90758,35.61732],[135.90776,35.61824],[135.9081,35.61871],[135.9094,35.61755],[135.90952,35.61761],[135.9088,35.61845],[135.90814,35.61897],[135.90809,35.61933],[135.90768,35.61997],[135.90778,35.62041],[135.90827,35.62084],[135.90837,35.62129],[135.90811,35.62219],[135.90832,35.62295],[135.90798,35.62342],[135.9079,35.62433],[135.90735,35.62462],[135.90695,35.62528],[135.90685,35.62463],[135.9065,35.6249],[135.90668,35.62441],[135.90537,35.62435],[135.90521,35.62385],[135.90487,35.62388],[135.90481,35.62353],[135.90417,35.62352],[135.90389,35.62373],[135.90312,35.62361],[135.90211,35.62378],[135.90169,35.62365],[135.90063,35.62379],[135.90026,35.6236],[135.89878,35.62402],[135.89844,35.62379],[135.89825,35.62278],[135.89747,35.6222]],[[135.9299,35.60314],[135.92985,35.60307],[135.9292,35.60291],[135.9299,35.60314]],[[135.96029,35.61641],[135.96059,35.6166],[135.95981,35.61606],[135.96029,35.61641]],[[135.94745,35.58701],[135.94757,35.58713],[135.94761,35.5868],[135.94745,35.58701]]],[[[135.89146,35.59384],[135.89096,35.59405],[135.89006,35.59361],[135.88968,35.59308],[135.88961,35.59244],[135.88991,35.59209],[135.89041,35.59252],[135.89059,35.59201],[135.89154,35.59163],[135.8927,35.59144],[135.89429,35.59167],[135.89528,35.59156],[135.89598,35.59171],[135.89715,35.5921],[135.89786,35.59254],[135.89797,35.59289],[135.89739,35.59292],[135.89722,35.59282],[135.89632,35.59276],[135.89555,35.59296],[135.89432,35.59327],[135.89364,35.59342],[135.89316,35.59373],[135.89294,35.59379],[135.89214,35.59375],[135.89158,35.59391],[135.89146,35.59384]]],[[[135.89943,35.59265],[135.89888,35.59284],[135.89824,35.59231],[135.8977,35.59183],[135.89806,35.59151],[135.89852,35.59071],[135.89913,35.59043],[135.89974,35.58949],[135.89994,35.58919],[135.9009,35.58887],[135.90232,35.58875],[135.90246,35.58854],[135.90302,35.58785],[135.90386,35.58744],[135.9044,35.58735],[135.90518,35.58768],[135.90577,35.58831],[135.90602,35.58867],[135.90607,35.58875],[135.90595,35.58884],[135.90541,35.58932],[135.90457,35.58964],[135.9045,35.59017],[135.90456,35.59041],[135.90418,35.59075],[135.90328,35.59105],[135.90258,35.59084],[135.90171,35.5909],[135.90148,35.59126],[135.90091,35.59158],[135.90069,35.59193],[135.90087,35.59237],[135.90044,35.59262],[135.8998,35.59252],[135.89943,35.59265]]]]}},{"type":"Feature","properties":{"nm":"高浜町","b":[135.4494,35.448,135.6105,35.558],"c":[135.5153,35.49206]},"geometry":{"type":"MultiPolygon","coordinates":[[[[135.5422,35.49047],[135.54127,35.49001],[135.5409,35.48998],[135.54049,35.48959],[135.53942,35.4892],[135.53762,35.48889],[135.53522,35.48878],[135.53427,35.48892],[135.53294,35.48931],[135.53133,35.48963],[135.52961,35.49016],[135.52896,35.49021],[135.52873,35.48984],[135.52846,35.49014],[135.52846,35.49064],[135.52697,35.491],[135.52538,35.49149],[135.52222,35.49301],[135.52141,35.49324],[135.51899,35.49374],[135.5174,35.4943],[135.51593,35.4952],[135.51495,35.49611],[135.51448,35.49582],[135.51413,35.49607],[135.51446,35.49646],[135.51355,35.49775],[135.5135,35.49865],[135.51371,35.49946],[135.51329,35.49967],[135.51417,35.49975],[135.51449,35.50014],[135.51443,35.50074],[135.51415,35.50121],[135.51381,35.50133],[135.51249,35.50108],[135.51044,35.50104],[135.50915,35.50237],[135.50851,35.50316],[135.50833,35.50368],[135.5089,35.50414],[135.50841,35.50429],[135.50752,35.50538],[135.50719,35.5065],[135.50724,35.50753],[135.50743,35.50781],[135.50852,35.50802],[135.50892,35.50861],[135.50954,35.50881],[135.51047,35.50889],[135.51008,35.50948],[135.50993,35.5101],[135.51042,35.51046],[135.5096,35.51051],[135.50916,35.51102],[135.50887,35.51198],[135.5089,35.51316],[135.50908,35.51381],[135.50956,35.51379],[135.50964,35.51441],[135.51015,35.51482],[135.51087,35.51479],[135.51125,35.51447],[135.51176,35.51457],[135.51295,35.51554],[135.51353,35.51559],[135.51341,35.51597],[135.51384,35.5164],[135.51378,35.51684],[135.51415,35.51744],[135.514,35.51791],[135.51358,35.51788],[135.51355,35.51825],[135.5139,35.51837],[135.51443,35.51888],[135.51442,35.51995],[135.51427,35.52005],[135.51444,35.52077],[135.51469,35.52113],[135.51432,35.52142],[135.51375,35.52185],[135.51309,35.52166],[135.51264,35.52209],[135.5124,35.52288],[135.51269,35.52343],[135.51324,35.52363],[135.51404,35.52421],[135.51537,35.52462],[135.51617,35.52529],[135.51668,35.52611],[135.51714,35.52648],[135.51682,35.52691],[135.5164,35.52677],[135.51544,35.52738],[135.51538,35.52852],[135.51633,35.52836],[135.51669,35.52846],[135.51682,35.52934],[135.51649,35.52968],[135.51637,35.5302],[135.51551,35.53107],[135.5144,35.53092],[135.51365,35.53059],[135.51382,35.53135],[135.51331,35.53174],[135.51397,35.53207],[135.51459,35.53215],[135.51454,35.5326],[135.51485,35.53272],[135.51527,35.53357],[135.51592,35.53394],[135.51607,35.53429],[135.51684,35.53478],[135.51708,35.53522],[135.51666,35.53537],[135.51548,35.53541],[135.51481,35.53527],[135.51428,35.53561],[135.5142,35.5361],[135.51609,35.53891],[135.51655,35.53985],[135.51634,35.54043],[135.51667,35.5416],[135.51703,35.54237],[135.51759,35.54308],[135.51768,35.54371],[135.51812,35.54413],[135.518,35.54464],[135.51829,35.54494],[135.51814,35.54554],[135.5184,35.54632],[135.51815,35.54666],[135.51857,35.54669],[135.51871,35.54718],[135.51808,35.54791],[135.51835,35.5479],[135.51798,35.54836],[135.51808,35.54879],[135.51848,35.54907],[135.51812,35.54984],[135.51788,35.54991],[135.51714,35.55067],[135.51677,35.55082],[135.51626,35.55135],[135.51599,35.55122],[135.51603,35.5505],[135.51667,35.54996],[135.51637,35.54972],[135.51574,35.55],[135.51541,35.5497],[135.51563,35.54881],[135.51497,35.54962],[135.51486,35.54917],[135.51428,35.54889],[135.51366,35.54899],[135.51297,35.54938],[135.51279,35.54886],[135.51181,35.54919],[135.51124,35.54913],[135.51127,35.54883],[135.51037,35.54871],[135.50926,35.54886],[135.50849,35.54929],[135.50792,35.54936],[135.50774,35.55023],[135.50703,35.55041],[135.50708,35.55003],[135.50641,35.54959],[135.50606,35.54968],[135.50499,35.54924],[135.50467,35.54966],[135.5036,35.54946],[135.5036,35.5505],[135.50346,35.55079],[135.50244,35.55148],[135.50204,35.55251],[135.50208,35.55322],[135.50142,35.55355],[135.50078,35.55343],[135.50042,35.55391],[135.50019,35.5535],[135.4993,35.55379],[135.49917,35.55303],[135.49886,35.55236],[135.49935,35.55213],[135.49938,35.55119],[135.49894,35.55032],[135.49999,35.54963],[135.50029,35.54883],[135.50015,35.54834],[135.49945,35.54761],[135.49975,35.54739],[135.49999,35.54643],[135.50042,35.54596],[135.5005,35.54555],[135.50103,35.54494],[135.50222,35.54285],[135.50231,35.54249],[135.50181,35.54178],[135.50066,35.54184],[135.49934,35.5416],[135.49843,35.54084],[135.49819,35.54079],[135.49624,35.54094],[135.49595,35.54117],[135.49557,35.54084],[135.49583,35.54036],[135.49567,35.54018],[135.49606,35.53968],[135.49411,35.53876],[135.49416,35.53868],[135.49614,35.5396],[135.49666,35.53928],[135.49757,35.53903],[135.49815,35.53902],[135.4993,35.53957],[135.50004,35.53967],[135.50085,35.54007],[135.50162,35.5402],[135.50251,35.54007],[135.50358,35.54004],[135.50521,35.5393],[135.50587,35.53921],[135.5057,35.53898],[135.50691,35.53859],[135.50745,35.53881],[135.50787,35.53811],[135.50776,35.53786],[135.50836,35.53717],[135.50927,35.53709],[135.51001,35.53687],[135.51013,35.53449],[135.50858,35.53462],[135.50797,35.535],[135.50786,35.53468],[135.50752,35.53488],[135.50736,35.53434],[135.50576,35.53283],[135.5045,35.53364],[135.50278,35.5333],[135.5031,35.53228],[135.50276,35.53223],[135.50219,35.53087],[135.50335,35.53055],[135.50368,35.52986],[135.50332,35.52917],[135.50287,35.52909],[135.5026,35.52871],[135.50278,35.52758],[135.5034,35.52675],[135.50281,35.52608],[135.50267,35.52479],[135.50177,35.524],[135.49986,35.5245],[135.49727,35.52509],[135.49688,35.52503],[135.49641,35.52448],[135.49611,35.52381],[135.49572,35.5238],[135.49558,35.52341],[135.49579,35.52302],[135.49498,35.52272],[135.49474,35.52223],[135.49359,35.52242],[135.49284,35.52274],[135.49184,35.5235],[135.49286,35.52433],[135.49315,35.52609],[135.49352,35.52688],[135.49352,35.52776],[135.49339,35.52823],[135.49244,35.52939],[135.49215,35.52947],[135.49095,35.53058],[135.48992,35.5302],[135.48967,35.52954],[135.48928,35.52957],[135.48862,35.52913],[135.48852,35.52802],[135.48857,35.52733],[135.48881,35.52667],[135.48852,35.5259],[135.48872,35.52534],[135.48857,35.52506],[135.48776,35.52472],[135.48707,35.52484],[135.4867,35.52516],[135.48621,35.52498],[135.48665,35.52399],[135.48744,35.52308],[135.48724,35.52267],[135.4865,35.52231],[135.48591,35.52233],[135.48413,35.52321],[135.48316,35.52216],[135.48231,35.5221],[135.48133,35.52179],[135.48093,35.52187],[135.48075,35.52219],[135.47976,35.52268],[135.47871,35.52368],[135.47828,35.52469],[135.47771,35.52552],[135.47797,35.52597],[135.4784,35.52621],[135.47871,35.52687],[135.47951,35.52778],[135.48165,35.52943],[135.48176,35.52985],[135.48225,35.53013],[135.48253,35.5308],[135.48327,35.53192],[135.4832,35.5322],[135.48365,35.53244],[135.48359,35.53334],[135.48336,35.53438],[135.4829,35.53437],[135.4827,35.53412],[135.48216,35.5346],[135.48175,35.53525],[135.48103,35.53541],[135.48028,35.53513],[135.48011,35.53485],[135.4792,35.53482],[135.47915,35.53444],[135.47841,35.53416],[135.47822,35.53384],[135.4776,35.53395],[135.4774,35.53286],[135.47699,35.53272],[135.47628,35.533],[135.4761,35.53333],[135.47563,35.53319],[135.4752,35.53272],[135.47539,35.53184],[135.47526,35.53125],[135.47554,35.53102],[135.47529,35.53068],[135.47495,35.53067],[135.4745,35.52993],[135.47482,35.52973],[135.47476,35.52934],[135.47384,35.52979],[135.47323,35.52918],[135.47308,35.52968],[135.47363,35.53042],[135.47386,35.53097],[135.47377,35.5319],[135.47299,35.53178],[135.4713,35.53063],[135.47109,35.53015],[135.47071,35.53056],[135.47005,35.52976],[135.46915,35.52993],[135.46797,35.52928],[135.46797,35.52904],[135.46798,35.52931],[135.46823,35.52954],[135.46911,35.52996],[135.46858,35.53053],[135.46812,35.53175],[135.46846,35.53238],[135.4693,35.53317],[135.46971,35.53341],[135.46997,35.53371],[135.47093,35.53366],[135.47211,35.53393],[135.47193,35.53412],[135.47225,35.53464],[135.47182,35.53511],[135.47179,35.5358],[135.47145,35.53563],[135.47027,35.53592],[135.46969,35.53585],[135.46867,35.53515],[135.46686,35.53515],[135.46683,35.53526],[135.46858,35.53525],[135.46956,35.53592],[135.47027,35.53603],[135.47138,35.53573],[135.47176,35.53592],[135.47224,35.53673],[135.47265,35.5366],[135.47315,35.53686],[135.47335,35.53741],[135.47407,35.53754],[135.47465,35.53801],[135.4749,35.53847],[135.47428,35.53873],[135.47389,35.53925],[135.47372,35.53985],[135.47312,35.54011],[135.47321,35.54075],[135.47391,35.54146],[135.47406,35.54214],[135.4755,35.54271],[135.47525,35.54298],[135.47603,35.54305],[135.47683,35.54209],[135.47822,35.54212],[135.47837,35.54291],[135.47858,35.54305],[135.47931,35.54362],[135.47917,35.54448],[135.47957,35.54497],[135.47945,35.54569],[135.47979,35.54599],[135.47974,35.54682],[135.4792,35.54727],[135.47829,35.54745],[135.4783,35.54769],[135.47724,35.54869],[135.47739,35.54918],[135.47793,35.54937],[135.478,35.5491],[135.47895,35.54996],[135.47894,35.55036],[135.47853,35.55083],[135.47856,35.55113],[135.47988,35.55152],[135.47994,35.55031],[135.48004,35.55031],[135.47998,35.5515],[135.48141,35.55246],[135.48261,35.55266],[135.48357,35.55272],[135.48375,35.55311],[135.48371,35.55415],[135.48383,35.55436],[135.48453,35.55436],[135.48482,35.55472],[135.48518,35.55566],[135.48582,35.55648],[135.4861,35.55649],[135.48686,35.55729],[135.4868,35.558],[135.4855,35.55724],[135.48488,35.55709],[135.48369,35.55663],[135.4815,35.5562],[135.48038,35.55558],[135.47923,35.55547],[135.47859,35.5553],[135.47761,35.55522],[135.47705,35.555],[135.47621,35.55444],[135.47473,35.55383],[135.47315,35.55363],[135.47234,35.55375],[135.47155,35.55348],[135.47034,35.55285],[135.4681,35.55215],[135.46586,35.55149],[135.46462,35.55076],[135.46366,35.54981],[135.46265,35.54947],[135.46141,35.54891],[135.46046,35.54872],[135.46032,35.54784],[135.46001,35.54673],[135.46009,35.54466],[135.46039,35.54392],[135.45953,35.5433],[135.45813,35.5416],[135.45724,35.54075],[135.45617,35.54005],[135.45588,35.53974],[135.45547,35.53884],[135.45473,35.53825],[135.45432,35.53785],[135.45409,35.53729],[135.45414,35.53657],[135.45449,35.53463],[135.45434,35.5337],[135.45389,35.53319],[135.45355,35.5321],[135.45322,35.53175],[135.45185,35.53088],[135.45125,35.52788],[135.45084,35.52766],[135.44987,35.52724],[135.44935,35.52589],[135.44944,35.5253],[135.44937,35.52347],[135.44974,35.52158],[135.44995,35.52086],[135.45022,35.52058],[135.45161,35.52024],[135.45212,35.51989],[135.453,35.51895],[135.45427,35.518],[135.45592,35.51749],[135.45665,35.51681],[135.45757,35.51626],[135.45813,35.51574],[135.45904,35.51529],[135.45992,35.51438],[135.46049,35.51427],[135.46165,35.51367],[135.46255,35.51338],[135.46388,35.51308],[135.46443,35.51227],[135.46522,35.51145],[135.46538,35.51093],[135.4667,35.50991],[135.46811,35.50945],[135.47007,35.50937],[135.47127,35.50833],[135.473,35.50826],[135.47394,35.50764],[135.47465,35.50694],[135.47619,35.50567],[135.47521,35.50484],[135.4746,35.50388],[135.47436,35.50317],[135.47396,35.50258],[135.47344,35.50215],[135.4728,35.50138],[135.47269,35.50092],[135.4728,35.50033],[135.47356,35.49837],[135.47423,35.49695],[135.47441,35.49636],[135.47417,35.49568],[135.47446,35.4951],[135.47375,35.49445],[135.47377,35.49425],[135.47501,35.49359],[135.47526,35.49287],[135.47589,35.49238],[135.47586,35.49172],[135.47561,35.49127],[135.4757,35.49064],[135.47658,35.49039],[135.47661,35.49003],[135.47616,35.4894],[135.47521,35.48908],[135.47531,35.48832],[135.47463,35.48807],[135.47413,35.48844],[135.47325,35.4896],[135.47286,35.48985],[135.47229,35.48992],[135.47105,35.48939],[135.47039,35.48927],[135.47007,35.48805],[135.46948,35.48707],[135.46927,35.48639],[135.46954,35.48501],[135.46904,35.48465],[135.4678,35.48411],[135.46693,35.48398],[135.46654,35.48238],[135.46582,35.48134],[135.46467,35.48047],[135.46315,35.47943],[135.4624,35.47855],[135.46227,35.47813],[135.46153,35.47707],[135.46112,35.47599],[135.46073,35.4756],[135.46003,35.47441],[135.45915,35.47319],[135.45913,35.47284],[135.45938,35.47141],[135.4597,35.47049],[135.45918,35.46959],[135.45833,35.46853],[135.45844,35.46817],[135.4589,35.46776],[135.45992,35.46718],[135.46012,35.46675],[135.46035,35.46558],[135.46145,35.46402],[135.46187,35.46369],[135.46294,35.46213],[135.46473,35.46185],[135.46602,35.4608],[135.46673,35.46057],[135.46744,35.46],[135.46838,35.45904],[135.46932,35.45825],[135.46962,35.45784],[135.46997,35.45662],[135.47074,35.45555],[135.47024,35.45453],[135.47095,35.4539],[135.47142,35.45381],[135.47217,35.45392],[135.47283,35.45381],[135.47398,35.45304],[135.47474,35.45202],[135.47508,35.45178],[135.47604,35.45146],[135.4773,35.45033],[135.47845,35.44986],[135.48002,35.44876],[135.4807,35.44819],[135.48194,35.44853],[135.48263,35.44852],[135.48403,35.44801],[135.48499,35.44843],[135.48609,35.44859],[135.48678,35.44949],[135.4873,35.44965],[135.48826,35.44962],[135.48919,35.44976],[135.49019,35.44967],[135.49049,35.44987],[135.49099,35.45077],[135.49164,35.45125],[135.49216,35.45126],[135.49294,35.45106],[135.49425,35.45016],[135.49519,35.44964],[135.49554,35.44969],[135.49618,35.45079],[135.49665,35.45113],[135.49718,35.45121],[135.49741,35.45131],[135.4978,35.45155],[135.4982,35.45225],[135.49906,35.45266],[135.49975,35.4532],[135.49986,35.45381],[135.50019,35.45436],[135.5022,35.45501],[135.50233,35.4551],[135.50307,35.45561],[135.50387,35.45636],[135.50467,35.45664],[135.5053,35.45745],[135.50555,35.45796],[135.50607,35.45835],[135.50635,35.45911],[135.50699,35.45961],[135.50786,35.45992],[135.50844,35.46037],[135.50935,35.46055],[135.51,35.46114],[135.5111,35.46123],[135.51196,35.46148],[135.51389,35.46163],[135.51492,35.46213],[135.51605,35.46307],[135.51685,35.46204],[135.51869,35.46109],[135.52001,35.46077],[135.52097,35.46065],[135.52191,35.45964],[135.5227,35.45899],[135.52301,35.45802],[135.52361,35.45703],[135.52414,35.45665],[135.52492,35.45542],[135.52554,35.45599],[135.52666,35.45616],[135.52724,35.45646],[135.52818,35.4572],[135.5286,35.45751],[135.52892,35.45723],[135.52964,35.45753],[135.53085,35.45834],[135.53125,35.45871],[135.53341,35.45893],[135.53431,35.4595],[135.53518,35.4596],[135.53652,35.46004],[135.53759,35.45983],[135.53829,35.46004],[135.5393,35.4597],[135.54038,35.45981],[135.54159,35.45941],[135.54236,35.46031],[135.54354,35.46042],[135.54518,35.46005],[135.54596,35.45962],[135.5463,35.4592],[135.54789,35.45994],[135.5493,35.46022],[135.54976,35.46082],[135.55027,35.46034],[135.55089,35.46013],[135.55278,35.46106],[135.55423,35.46111],[135.5547,35.46114],[135.55498,35.46091],[135.55613,35.46098],[135.55675,35.46023],[135.55722,35.46008],[135.55808,35.46049],[135.55869,35.46058],[135.55914,35.46095],[135.55981,35.46114],[135.5614,35.46103],[135.56156,35.46365],[135.5627,35.4641],[135.56313,35.4648],[135.56466,35.46529],[135.56529,35.46527],[135.56546,35.46529],[135.56616,35.46559],[135.56631,35.4656],[135.56684,35.46548],[135.56713,35.46556],[135.56766,35.46583],[135.56829,35.4659],[135.56869,35.46599],[135.56887,35.4661],[135.56913,35.46632],[135.56948,35.46628],[135.57015,35.46606],[135.57107,35.46608],[135.57205,35.46617],[135.57277,35.46691],[135.57309,35.46712],[135.57347,35.46739],[135.57377,35.46772],[135.57423,35.46781],[135.57438,35.46779],[135.57559,35.4677],[135.57741,35.46782],[135.57794,35.4682],[135.57898,35.46931],[135.58044,35.46943],[135.58247,35.46807],[135.58385,35.46771],[135.58506,35.46676],[135.58539,35.46667],[135.5867,35.46682],[135.58701,35.46689],[135.58767,35.46724],[135.58879,35.46753],[135.58921,35.4674],[135.58964,35.46735],[135.59035,35.46736],[135.5906,35.46751],[135.59174,35.46862],[135.59274,35.46841],[135.59349,35.46825],[135.59392,35.46831],[135.59457,35.46826],[135.59496,35.46828],[135.59513,35.46844],[135.59594,35.469],[135.59618,35.46913],[135.59682,35.46944],[135.59695,35.46977],[135.5971,35.47021],[135.59715,35.47148],[135.59838,35.47155],[135.59963,35.47211],[135.60037,35.47331],[135.60063,35.47352],[135.59976,35.47488],[135.59971,35.4759],[135.60027,35.47686],[135.60148,35.47796],[135.60226,35.47837],[135.60382,35.47981],[135.60396,35.48022],[135.60415,35.48109],[135.60458,35.48205],[135.60462,35.48223],[135.60486,35.48362],[135.604,35.48348],[135.60236,35.48474],[135.60007,35.48657],[135.59892,35.48758],[135.59797,35.48779],[135.59701,35.48773],[135.59651,35.488],[135.59502,35.4885],[135.5948,35.48882],[135.59379,35.48947],[135.5926,35.49005],[135.59242,35.49043],[135.58377,35.49069],[135.58285,35.48968],[135.58139,35.48928],[135.58079,35.48993],[135.58172,35.49073],[135.58299,35.49198],[135.58289,35.49207],[135.58457,35.49357],[135.58559,35.49414],[135.58717,35.49455],[135.58718,35.49449],[135.59029,35.49466],[135.59094,35.49524],[135.59163,35.49476],[135.59294,35.49414],[135.59686,35.49215],[135.59766,35.49252],[135.59848,35.49242],[135.59962,35.49179],[135.60068,35.49147],[135.60395,35.49125],[135.60464,35.49099],[135.60579,35.49034],[135.60616,35.49026],[135.60561,35.49099],[135.6054,35.49138],[135.60511,35.49238],[135.60448,35.49278],[135.60376,35.49366],[135.60357,35.49393],[135.60345,35.49435],[135.60338,35.49505],[135.6034,35.49535],[135.60334,35.49714],[135.60351,35.49808],[135.604,35.49828],[135.60418,35.49831],[135.60483,35.49846],[135.60518,35.49849],[135.6057,35.49851],[135.60607,35.49859],[135.60641,35.4986],[135.60661,35.49858],[135.60706,35.49849],[135.60711,35.49847],[135.60731,35.49841],[135.60748,35.49837],[135.60761,35.49857],[135.60782,35.49951],[135.60829,35.50055],[135.60842,35.50112],[135.60842,35.5013],[135.60814,35.50167],[135.60789,35.50218],[135.60787,35.50274],[135.60807,35.50305],[135.60832,35.50333],[135.60854,35.50371],[135.60879,35.50435],[135.60909,35.50468],[135.60935,35.50499],[135.60939,35.50504],[135.60999,35.50554],[135.61021,35.50572],[135.61043,35.50604],[135.61049,35.50631],[135.61037,35.50638],[135.61009,35.50644],[135.61,35.50646],[135.60902,35.50688],[135.60864,35.50733],[135.60836,35.50802],[135.60883,35.50914],[135.60892,35.50972],[135.60849,35.51011],[135.60746,35.51055],[135.6056,35.51151],[135.60508,35.51168],[135.60504,35.51169],[135.60462,35.51179],[135.60446,35.51187],[135.60422,35.51218],[135.60399,35.51264],[135.6037,35.51333],[135.60319,35.51385],[135.60285,35.51395],[135.60277,35.51402],[135.60214,35.51362],[135.60131,35.51253],[135.601,35.51168],[135.59981,35.51174],[135.59995,35.51115],[135.5994,35.51093],[135.59924,35.51023],[135.59789,35.50878],[135.59661,35.50755],[135.59524,35.50583],[135.59392,35.50454],[135.59323,35.5041],[135.5927,35.50341],[135.5927,35.50304],[135.59136,35.50248],[135.59083,35.50259],[135.5897,35.50204],[135.58881,35.50208],[135.58885,35.50156],[135.58831,35.50137],[135.58806,35.50082],[135.58743,35.50033],[135.58698,35.50033],[135.58567,35.49989],[135.58429,35.49926],[135.58388,35.49923],[135.58245,35.49885],[135.58215,35.49858],[135.58188,35.49873],[135.58076,35.4984],[135.58074,35.49817],[135.57955,35.49802],[135.57941,35.49924],[135.57834,35.49918],[135.57829,35.49982],[135.58025,35.49994],[135.57996,35.49998],[135.57713,35.49981],[135.57675,35.49943],[135.5762,35.49728],[135.57291,35.49707],[135.57452,35.4971],[135.57456,35.49693],[135.57576,35.49703],[135.57729,35.49569],[135.57741,35.495],[135.57765,35.49481],[135.57696,35.49444],[135.57617,35.49481],[135.57636,35.49573],[135.57581,35.49615],[135.57499,35.49605],[135.57504,35.49551],[135.57385,35.49544],[135.57451,35.49489],[135.57573,35.4949],[135.57556,35.4942],[135.57493,35.49341],[135.57388,35.49273],[135.572,35.49214],[135.57093,35.49215],[135.56989,35.49251],[135.56889,35.49242],[135.56658,35.49128],[135.56476,35.49064],[135.56468,35.48985],[135.56437,35.49064],[135.56379,35.49058],[135.56273,35.49022],[135.5623,35.49037],[135.56156,35.49025],[135.55985,35.49033],[135.5588,35.49027],[135.55793,35.49035],[135.55743,35.49023],[135.55658,35.49035],[135.55522,35.49092],[135.55447,35.49166],[135.55475,35.4918],[135.55443,35.4917],[135.55393,35.49224],[135.55346,35.49328],[135.5535,35.49429],[135.55414,35.49484],[135.55443,35.49457],[135.55532,35.49512],[135.55532,35.49552],[135.55425,35.49622],[135.55371,35.49618],[135.55314,35.49651],[135.5531,35.4962],[135.55375,35.49548],[135.55277,35.49526],[135.55228,35.49551],[135.55254,35.49627],[135.55315,35.49679],[135.55228,35.49724],[135.55213,35.49757],[135.55252,35.49819],[135.55155,35.49817],[135.55115,35.49785],[135.55175,35.49714],[135.55137,35.49689],[135.551,35.49718],[135.55099,35.49671],[135.55054,35.49641],[135.55106,35.49601],[135.5512,35.49518],[135.55102,35.49463],[135.55154,35.4944],[135.55153,35.49399],[135.55082,35.49403],[135.55084,35.49379],[135.55134,35.49368],[135.55075,35.49298],[135.5497,35.49293],[135.54911,35.49274],[135.54893,35.4927],[135.54698,35.49328],[135.54664,35.49398],[135.54739,35.49421],[135.54656,35.49422],[135.54594,35.49326],[135.54571,35.49339],[135.54537,35.49295],[135.54462,35.49232],[135.54361,35.49129],[135.54317,35.49124],[135.54285,35.49083],[135.5422,35.49047]],[[135.56729,35.4867],[135.56806,35.48711],[135.56808,35.48707],[135.56757,35.48685],[135.56729,35.4867]],[[135.58539,35.48729],[135.58561,35.48754],[135.58552,35.48743],[135.58539,35.48729]],[[135.58974,35.4797],[135.59007,35.47984],[135.58995,35.47962],[135.58974,35.4797]]],[[[135.54707,35.49487],[135.54779,35.49573],[135.54762,35.49586],[135.547,35.49563],[135.54707,35.49487]]],[[[135.54545,35.4964],[135.54503,35.49661],[135.54444,35.49607],[135.54505,35.49543],[135.54541,35.49533],[135.54598,35.4958],[135.54587,35.49652],[135.54545,35.4964]]],[[[135.56867,35.49708],[135.56893,35.4974],[135.56871,35.49803],[135.56838,35.49764],[135.56784,35.49753],[135.56799,35.49679],[135.56867,35.49708]]],[[[135.56902,35.50032],[135.56865,35.50037],[135.56875,35.50003],[135.56938,35.5002],[135.56902,35.50032]]],[[[135.51601,35.51833],[135.51568,35.51834],[135.51588,35.51753],[135.51601,35.51833]]],[[[135.51866,35.53636],[135.51824,35.53657],[135.51743,35.53568],[135.51829,35.53475],[135.51873,35.53472],[135.51874,35.53515],[135.51904,35.5355],[135.51838,35.53606],[135.51866,35.53636]]]]}},{"type":"Feature","properties":{"nm":"おおい町","b":[135.4861,35.3436,135.792,35.5478],"c":[135.63289,35.40684]},"geometry":{"type":"MultiPolygon","coordinates":[[[[135.60293,35.37215],[135.60362,35.37196],[135.60455,35.37145],[135.60556,35.3714],[135.60617,35.37167],[135.6069,35.37167],[135.60782,35.37012],[135.60813,35.36987],[135.60942,35.36932],[135.61039,35.36767],[135.61102,35.36684],[135.61136,35.36751],[135.61163,35.36922],[135.61247,35.36949],[135.61457,35.37074],[135.61486,35.37101],[135.61532,35.37103],[135.61598,35.37032],[135.61632,35.37016],[135.61706,35.37021],[135.61763,35.3699],[135.61892,35.37054],[135.62029,35.37016],[135.62116,35.36967],[135.62166,35.36959],[135.62321,35.36996],[135.62392,35.36962],[135.62468,35.36872],[135.62513,35.36853],[135.62608,35.36843],[135.62697,35.3679],[135.62748,35.3673],[135.62829,35.3669],[135.62934,35.36672],[135.63014,35.36613],[135.63099,35.36584],[135.63244,35.36558],[135.63346,35.36568],[135.63372,35.36557],[135.63406,35.3646],[135.63458,35.36441],[135.63576,35.36428],[135.63642,35.36374],[135.63673,35.36368],[135.63753,35.36406],[135.63877,35.36426],[135.63961,35.36507],[135.64053,35.36562],[135.64059,35.36665],[135.64077,35.36683],[135.64199,35.36693],[135.64367,35.36558],[135.64449,35.36511],[135.64535,35.36492],[135.64616,35.36386],[135.64726,35.36313],[135.64808,35.36277],[135.64892,35.36164],[135.64945,35.3612],[135.65232,35.35997],[135.65305,35.35982],[135.65429,35.35979],[135.65495,35.35939],[135.65583,35.35912],[135.65704,35.3589],[135.65814,35.35913],[135.65913,35.35853],[135.65944,35.35815],[135.66024,35.35674],[135.66077,35.35639],[135.66174,35.35635],[135.6641,35.35685],[135.66518,35.3569],[135.66646,35.35653],[135.66789,35.35711],[135.6683,35.35698],[135.6692,35.35592],[135.66947,35.35434],[135.67055,35.35404],[135.67202,35.3541],[135.67334,35.35344],[135.67404,35.35291],[135.67477,35.35209],[135.67537,35.351],[135.6752,35.35029],[135.67612,35.35073],[135.67633,35.35066],[135.67693,35.34985],[135.68034,35.34997],[135.68144,35.34955],[135.68195,35.34898],[135.68304,35.34831],[135.68415,35.34797],[135.6851,35.34729],[135.6858,35.34775],[135.68744,35.34808],[135.68811,35.34806],[135.69025,35.34765],[135.69088,35.34684],[135.69149,35.34637],[135.69261,35.3458],[135.69379,35.34571],[135.69441,35.34577],[135.69679,35.34508],[135.6973,35.34475],[135.69776,35.3447],[135.69881,35.34497],[135.6994,35.34487],[135.70018,35.34451],[135.70086,35.34359],[135.70181,35.34427],[135.7029,35.34457],[135.70393,35.34475],[135.70439,35.34511],[135.7047,35.34622],[135.70504,35.34654],[135.70589,35.34603],[135.70655,35.3459],[135.70736,35.34688],[135.70824,35.34722],[135.70929,35.3473],[135.7104,35.3478],[135.71118,35.34856],[135.71156,35.34946],[135.71211,35.35018],[135.71251,35.35101],[135.71251,35.35218],[135.71263,35.35274],[135.71294,35.35322],[135.71358,35.35364],[135.71484,35.35408],[135.71522,35.35402],[135.7163,35.35347],[135.71665,35.35341],[135.71724,35.35403],[135.71776,35.35492],[135.7186,35.35538],[135.71922,35.35479],[135.71974,35.3544],[135.72035,35.35435],[135.72145,35.35336],[135.72259,35.35331],[135.72304,35.3531],[135.72381,35.35194],[135.725,35.35175],[135.72607,35.35204],[135.72657,35.35193],[135.72754,35.3525],[135.72925,35.35201],[135.73082,35.35093],[135.73164,35.35057],[135.73195,35.35086],[135.73431,35.35091],[135.73546,35.3511],[135.73657,35.35119],[135.73724,35.3516],[135.73775,35.35174],[135.73804,35.35214],[135.73915,35.35325],[135.73964,35.35358],[135.74059,35.35395],[135.74082,35.35419],[135.7411,35.35558],[135.74107,35.35643],[135.74036,35.35746],[135.74007,35.35821],[135.74024,35.35838],[135.74112,35.35822],[135.74268,35.35828],[135.74327,35.35846],[135.74435,35.35899],[135.74528,35.35882],[135.74655,35.35809],[135.75053,35.35714],[135.75347,35.3554],[135.7554,35.3544],[135.75713,35.35431],[135.75831,35.35405],[135.75936,35.35316],[135.75971,35.35316],[135.75985,35.35405],[135.7601,35.35443],[135.76175,35.35565],[135.76295,35.35623],[135.76433,35.35652],[135.76488,35.35631],[135.7654,35.35548],[135.76601,35.35524],[135.76757,35.35577],[135.76878,35.35602],[135.76927,35.35742],[135.76993,35.35985],[135.77026,35.36024],[135.77177,35.3614],[135.77216,35.36204],[135.77359,35.36334],[135.77383,35.36455],[135.77463,35.36532],[135.77644,35.36548],[135.77741,35.36579],[135.77777,35.36624],[135.77774,35.36689],[135.77864,35.36836],[135.77912,35.36939],[135.77933,35.37086],[135.77974,35.37199],[135.77914,35.37253],[135.77884,35.37307],[135.77906,35.3735],[135.78052,35.37426],[135.78203,35.37478],[135.78283,35.3753],[135.78426,35.37733],[135.78524,35.3773],[135.78662,35.37778],[135.78863,35.37824],[135.79006,35.3784],[135.79061,35.37874],[135.79102,35.3793],[135.79179,35.38081],[135.79198,35.38142],[135.79078,35.38381],[135.79064,35.38426],[135.79086,35.38656],[135.79056,35.38672],[135.79021,35.3869],[135.78931,35.38738],[135.78906,35.38799],[135.78901,35.38883],[135.78896,35.38919],[135.78863,35.38977],[135.78717,35.39047],[135.78655,35.3907],[135.78616,35.39097],[135.78571,35.39135],[135.78558,35.39144],[135.7851,35.3916],[135.78478,35.39162],[135.78448,35.39168],[135.7843,35.39175],[135.78337,35.39178],[135.78248,35.39184],[135.78219,35.39191],[135.78188,35.39202],[135.78022,35.39234],[135.78008,35.39239],[135.77972,35.39256],[135.77958,35.39266],[135.77912,35.39316],[135.77878,35.3934],[135.77818,35.39371],[135.77741,35.39423],[135.77679,35.39432],[135.77625,35.39409],[135.77608,35.39399],[135.77563,35.39366],[135.77547,35.39364],[135.77525,35.39364],[135.77458,35.3937],[135.77411,35.39363],[135.77368,35.3936],[135.77355,35.39385],[135.77309,35.39429],[135.7721,35.39519],[135.7719,35.39544],[135.77161,35.39653],[135.77089,35.39674],[135.77075,35.39679],[135.77049,35.39693],[135.77019,35.39704],[135.76984,35.3974],[135.7698,35.39753],[135.76966,35.39803],[135.76959,35.3983],[135.76966,35.39878],[135.76962,35.3992],[135.76957,35.39957],[135.76944,35.39987],[135.76942,35.39996],[135.76946,35.40013],[135.76962,35.4003],[135.76994,35.40056],[135.77006,35.40078],[135.77008,35.40089],[135.76994,35.40131],[135.76989,35.40142],[135.7693,35.40241],[135.76919,35.40246],[135.76889,35.40263],[135.76828,35.40341],[135.76808,35.4037],[135.76802,35.40381],[135.76786,35.40406],[135.76726,35.40409],[135.76709,35.40423],[135.76637,35.40451],[135.76597,35.40453],[135.76566,35.40453],[135.7654,35.40461],[135.76435,35.4048],[135.76347,35.40511],[135.76342,35.40514],[135.76316,35.40547],[135.76308,35.40569],[135.7629,35.40616],[135.76221,35.40696],[135.76207,35.40717],[135.76202,35.40762],[135.76187,35.4079],[135.7616,35.40806],[135.76142,35.4082],[135.7611,35.40867],[135.76061,35.40917],[135.76043,35.40959],[135.76022,35.4099],[135.76016,35.40994],[135.76004,35.40991],[135.75978,35.40981],[135.75899,35.40968],[135.75794,35.40985],[135.75732,35.41024],[135.75692,35.41048],[135.75683,35.41058],[135.75667,35.41091],[135.75628,35.41134],[135.7561,35.41146],[135.75574,35.41202],[135.75553,35.41228],[135.75525,35.41239],[135.75493,35.41245],[135.7547,35.41259],[135.75457,35.41265],[135.75438,35.41266],[135.75403,35.41274],[135.75344,35.41298],[135.75283,35.41312],[135.75268,35.41321],[135.75233,35.41345],[135.75226,35.41347],[135.75204,35.41342],[135.75173,35.41348],[135.75112,35.41368],[135.75043,35.41362],[135.75017,35.41366],[135.75002,35.41373],[135.74965,35.41382],[135.74948,35.41385],[135.7489,35.41393],[135.74773,35.41453],[135.7475,35.41464],[135.74726,35.4147],[135.74709,35.41477],[135.74692,35.41474],[135.74658,35.41449],[135.74641,35.41432],[135.7453,35.41458],[135.74505,35.41461],[135.74474,35.41457],[135.74456,35.41461],[135.74433,35.41482],[135.74365,35.41524],[135.74284,35.41584],[135.74276,35.41601],[135.74267,35.41613],[135.74249,35.41621],[135.74241,35.41619],[135.74203,35.41627],[135.74112,35.41653],[135.74009,35.41677],[135.73939,35.41695],[135.7382,35.41629],[135.73785,35.41622],[135.73756,35.41604],[135.73723,35.41589],[135.73713,35.41587],[135.73672,35.41585],[135.73613,35.41585],[135.73583,35.41611],[135.7357,35.41625],[135.73525,35.4166],[135.73493,35.41683],[135.73438,35.41722],[135.73388,35.41754],[135.73356,35.41799],[135.73307,35.41824],[135.73188,35.41825],[135.73103,35.41834],[135.73015,35.41846],[135.72999,35.41819],[135.72996,35.41778],[135.72989,35.4176],[135.72945,35.41708],[135.72901,35.41651],[135.72902,35.41599],[135.72901,35.41566],[135.72888,35.41542],[135.72864,35.41518],[135.7284,35.41501],[135.72808,35.41439],[135.72801,35.4142],[135.72785,35.41395],[135.72768,35.4138],[135.72723,35.41379],[135.72663,35.41376],[135.72629,35.41377],[135.72589,35.41382],[135.72567,35.41385],[135.72487,35.41392],[135.72455,35.41399],[135.72349,35.41411],[135.72288,35.41409],[135.72253,35.41411],[135.72201,35.41413],[135.72058,35.4148],[135.71986,35.4149],[135.71917,35.41469],[135.71864,35.41407],[135.71786,35.41379],[135.71692,35.41364],[135.71642,35.4135],[135.7159,35.41314],[135.71498,35.41209],[135.7144,35.41181],[135.71422,35.41096],[135.71377,35.4099],[135.71349,35.40959],[135.71292,35.40914],[135.71259,35.40904],[135.71168,35.40938],[135.70986,35.40952],[135.70965,35.40952],[135.70869,35.40945],[135.70847,35.40957],[135.70838,35.40968],[135.70766,35.41003],[135.70738,35.4102],[135.70731,35.41023],[135.70667,35.41031],[135.70527,35.41051],[135.70513,35.41056],[135.70479,35.41079],[135.70472,35.41083],[135.70461,35.41079],[135.70453,35.41072],[135.70408,35.41045],[135.70381,35.41036],[135.7032,35.40994],[135.70288,35.40967],[135.70225,35.40938],[135.70177,35.40942],[135.70148,35.40955],[135.70114,35.40956],[135.70081,35.40963],[135.70053,35.40978],[135.70026,35.4099],[135.6998,35.41004],[135.69961,35.41009],[135.69931,35.41007],[135.69879,35.4101],[135.6982,35.41018],[135.69711,35.41012],[135.6964,35.41012],[135.69561,35.41039],[135.69526,35.41052],[135.69467,35.41072],[135.6943,35.41066],[135.69357,35.41033],[135.69325,35.41041],[135.69315,35.41054],[135.69293,35.41096],[135.69265,35.41117],[135.6924,35.41129],[135.69182,35.41127],[135.69155,35.41129],[135.6914,35.41136],[135.69131,35.4114],[135.69009,35.41271],[135.68949,35.41293],[135.6889,35.41291],[135.68862,35.41292],[135.68825,35.41302],[135.68742,35.41354],[135.68708,35.41381],[135.6869,35.41395],[135.68651,35.41405],[135.68608,35.41443],[135.68548,35.41485],[135.68483,35.41516],[135.68427,35.41537],[135.68358,35.41546],[135.68309,35.4155],[135.68256,35.41528],[135.68262,35.41546],[135.68221,35.41585],[135.68177,35.41681],[135.68202,35.41865],[135.68135,35.41862],[135.68055,35.41852],[135.6798,35.41849],[135.67959,35.41847],[135.67926,35.41842],[135.67903,35.41833],[135.67842,35.41812],[135.67812,35.41803],[135.67754,35.418],[135.67729,35.41803],[135.67664,35.41808],[135.67641,35.41795],[135.67627,35.41787],[135.67478,35.41777],[135.67467,35.41775],[135.67427,35.41773],[135.67405,35.41776],[135.67322,35.41784],[135.67279,35.41784],[135.67266,35.41786],[135.67176,35.41734],[135.67123,35.41677],[135.67109,35.41661],[135.67062,35.416],[135.66982,35.41535],[135.66962,35.41511],[135.66945,35.41481],[135.66939,35.41432],[135.66934,35.41398],[135.66922,35.41371],[135.66895,35.41343],[135.66851,35.41314],[135.6684,35.41303],[135.66813,35.41266],[135.66788,35.41172],[135.66793,35.41147],[135.66787,35.41078],[135.66789,35.41059],[135.66792,35.41052],[135.66711,35.41048],[135.66678,35.41037],[135.66653,35.41037],[135.66604,35.41024],[135.66574,35.41033],[135.66533,35.41065],[135.66496,35.41085],[135.66448,35.41109],[135.66419,35.41121],[135.66377,35.41124],[135.66347,35.41126],[135.66335,35.41129],[135.66311,35.41144],[135.66269,35.41197],[135.66254,35.4121],[135.66245,35.41213],[135.66189,35.41229],[135.66123,35.41271],[135.66113,35.41289],[135.66115,35.41331],[135.66123,35.41346],[135.6612,35.41352],[135.6611,35.41357],[135.66095,35.41361],[135.66073,35.41356],[135.66018,35.41345],[135.66003,35.41348],[135.6596,35.41351],[135.6591,35.41361],[135.65861,35.41346],[135.65845,35.41342],[135.65821,35.41349],[135.65786,35.41348],[135.65767,35.41316],[135.65749,35.4131],[135.65741,35.41305],[135.65712,35.4129],[135.65669,35.41274],[135.65704,35.413],[135.65688,35.41347],[135.65642,35.41401],[135.65537,35.4148],[135.65465,35.41558],[135.65416,35.41583],[135.65355,35.41579],[135.6526,35.41616],[135.65161,35.41594],[135.65094,35.41601],[135.64993,35.41592],[135.64937,35.41646],[135.64811,35.41723],[135.64738,35.41704],[135.64605,35.41738],[135.64504,35.41713],[135.64455,35.41671],[135.64359,35.41661],[135.64364,35.41699],[135.64335,35.41761],[135.6431,35.41819],[135.64285,35.4187],[135.64271,35.41918],[135.6426,35.41952],[135.6424,35.41984],[135.64231,35.42006],[135.64222,35.42039],[135.64213,35.42068],[135.64218,35.42134],[135.64198,35.42154],[135.64179,35.42222],[135.64172,35.42262],[135.64167,35.423],[135.64141,35.42342],[135.6413,35.42359],[135.64126,35.4242],[135.64103,35.4245],[135.64047,35.42469],[135.64008,35.42478],[135.63932,35.42516],[135.63924,35.42518],[135.63911,35.42508],[135.63887,35.42478],[135.6383,35.42461],[135.63786,35.42465],[135.63779,35.425],[135.63729,35.42537],[135.63722,35.42547],[135.63707,35.42568],[135.6367,35.42582],[135.63635,35.42601],[135.63626,35.42606],[135.63601,35.42605],[135.63594,35.426],[135.63576,35.42593],[135.63517,35.42589],[135.63504,35.4259],[135.63458,35.42616],[135.63426,35.42636],[135.6342,35.42636],[135.63394,35.42627],[135.63379,35.4262],[135.63365,35.4262],[135.63322,35.42636],[135.63299,35.42648],[135.63284,35.42664],[135.63274,35.4267],[135.63259,35.42673],[135.63213,35.42656],[135.63198,35.42641],[135.63185,35.42624],[135.63185,35.42615],[135.63183,35.42598],[135.63169,35.42583],[135.63133,35.42558],[135.63105,35.42529],[135.63088,35.42506],[135.63082,35.42496],[135.63074,35.4248],[135.63046,35.42465],[135.63032,35.42447],[135.63017,35.42416],[135.62996,35.42384],[135.62986,35.42363],[135.62992,35.42319],[135.62995,35.42262],[135.62967,35.42237],[135.62874,35.42174],[135.62839,35.42146],[135.62763,35.42126],[135.62714,35.42121],[135.6262,35.42122],[135.626,35.42127],[135.62568,35.42138],[135.62523,35.4214],[135.62482,35.42157],[135.62404,35.42167],[135.62358,35.42165],[135.62341,35.42162],[135.62304,35.42159],[135.62282,35.42156],[135.62265,35.42149],[135.62242,35.42142],[135.62192,35.42157],[135.62171,35.4218],[135.62141,35.42213],[135.6213,35.42222],[135.61977,35.42063],[135.62022,35.41945],[135.61977,35.41886],[135.61959,35.41808],[135.61907,35.41703],[135.61815,35.41682],[135.61779,35.41655],[135.61671,35.41612],[135.61647,35.41589],[135.61549,35.41447],[135.61539,35.41444],[135.61531,35.41442],[135.615,35.41441],[135.61465,35.41449],[135.61442,35.41464],[135.61402,35.41492],[135.6137,35.41515],[135.61373,35.41529],[135.61382,35.41553],[135.61382,35.41578],[135.61372,35.41593],[135.61268,35.41596],[135.61231,35.41614],[135.61226,35.41613],[135.61193,35.41603],[135.61182,35.41602],[135.61141,35.41608],[135.61119,35.41617],[135.61068,35.41661],[135.61024,35.41704],[135.61012,35.41705],[135.60955,35.41704],[135.60941,35.41707],[135.60904,35.41719],[135.60825,35.41689],[135.60811,35.41674],[135.60741,35.41631],[135.607,35.4162],[135.60682,35.41616],[135.60652,35.4161],[135.60632,35.41598],[135.60622,35.41595],[135.60588,35.41588],[135.60519,35.4159],[135.60473,35.41587],[135.60455,35.41582],[135.60452,35.41581],[135.60449,35.41582],[135.60446,35.41588],[135.60432,35.4162],[135.60399,35.41675],[135.60379,35.41728],[135.60374,35.41743],[135.60364,35.41747],[135.60323,35.41744],[135.603,35.41744],[135.60262,35.4175],[135.60246,35.41757],[135.60189,35.41789],[135.60154,35.41801],[135.60106,35.41795],[135.60094,35.41798],[135.60071,35.41815],[135.60051,35.41826],[135.60008,35.41847],[135.59908,35.41883],[135.59878,35.41887],[135.59863,35.41938],[135.59868,35.41983],[135.59868,35.42003],[135.59849,35.42037],[135.59843,35.42076],[135.59854,35.42106],[135.59845,35.42133],[135.59809,35.4221],[135.59801,35.4229],[135.59818,35.42361],[135.59823,35.42382],[135.59839,35.42437],[135.59842,35.42452],[135.59807,35.425],[135.59773,35.42527],[135.59744,35.42542],[135.59726,35.42553],[135.59668,35.42547],[135.59625,35.42548],[135.59568,35.42552],[135.59557,35.42565],[135.59381,35.42675],[135.59305,35.42728],[135.59284,35.4275],[135.59258,35.42782],[135.59227,35.428],[135.59198,35.42809],[135.59152,35.42814],[135.5913,35.42828],[135.59115,35.42857],[135.59091,35.42882],[135.59047,35.42918],[135.58964,35.42978],[135.58921,35.4299],[135.58908,35.42993],[135.58866,35.43012],[135.58873,35.43045],[135.58873,35.43088],[135.5888,35.43127],[135.58896,35.43195],[135.58899,35.43214],[135.58883,35.4325],[135.58831,35.43347],[135.5888,35.43261],[135.58915,35.43299],[135.58975,35.43328],[135.59142,35.43326],[135.59216,35.4343],[135.59287,35.43455],[135.59377,35.43419],[135.59481,35.43414],[135.59567,35.43432],[135.5974,35.43405],[135.59907,35.43431],[135.59957,35.43456],[135.60069,35.43546],[135.60058,35.43598],[135.60087,35.43639],[135.6021,35.43643],[135.60249,35.43664],[135.60296,35.43729],[135.60358,35.43774],[135.60422,35.43795],[135.60471,35.43894],[135.60499,35.43924],[135.6062,35.43974],[135.60653,35.44047],[135.60738,35.44039],[135.60872,35.44075],[135.60876,35.44115],[135.61045,35.44148],[135.61189,35.44117],[135.61209,35.44095],[135.61278,35.44113],[135.6137,35.44088],[135.61422,35.44053],[135.61562,35.44007],[135.61761,35.44021],[135.6183,35.44134],[135.61893,35.44131],[135.61961,35.44108],[135.62073,35.44101],[135.62108,35.44155],[135.62065,35.44207],[135.62053,35.44272],[135.62086,35.44348],[135.62138,35.44415],[135.62198,35.44465],[135.62222,35.44528],[135.6233,35.44563],[135.62384,35.44533],[135.62441,35.44531],[135.6263,35.4456],[135.62669,35.44554],[135.62716,35.44583],[135.62863,35.44547],[135.62929,35.44522],[135.63022,35.44521],[135.63049,35.44494],[135.63183,35.4446],[135.63262,35.44521],[135.63325,35.44529],[135.6338,35.4457],[135.63439,35.44575],[135.63506,35.4461],[135.63582,35.44674],[135.63644,35.44707],[135.63779,35.4471],[135.63839,35.44726],[135.63862,35.44677],[135.63933,35.44674],[135.64013,35.44767],[135.64163,35.44761],[135.64223,35.44789],[135.64279,35.44795],[135.64428,35.44846],[135.64474,35.44958],[135.64558,35.44969],[135.64614,35.44994],[135.64722,35.45014],[135.64705,35.45155],[135.64654,35.45271],[135.64415,35.45441],[135.64384,35.45521],[135.64263,35.4556],[135.64241,35.45585],[135.64169,35.45605],[135.64127,35.45644],[135.6413,35.45723],[135.64077,35.45869],[135.64098,35.45954],[135.64138,35.46],[135.64123,35.46061],[135.64139,35.46146],[135.64184,35.46159],[135.64263,35.46283],[135.64384,35.46295],[135.64449,35.46327],[135.64554,35.46341],[135.64633,35.46411],[135.64676,35.46412],[135.64847,35.46509],[135.64793,35.46587],[135.64759,35.46605],[135.64759,35.46679],[135.64718,35.46742],[135.64751,35.46808],[135.64745,35.46841],[135.64706,35.46873],[135.64686,35.46923],[135.64636,35.46988],[135.64645,35.47048],[135.64692,35.47163],[135.64674,35.47197],[135.64685,35.47249],[135.64617,35.47333],[135.64585,35.47353],[135.64542,35.47333],[135.64583,35.47356],[135.64555,35.47389],[135.64521,35.47424],[135.64504,35.47451],[135.64479,35.47508],[135.64475,35.47563],[135.64487,35.47579],[135.64505,35.47657],[135.64483,35.47698],[135.64469,35.47845],[135.64467,35.47864],[135.6437,35.47861],[135.64203,35.4779],[135.64074,35.47769],[135.64009,35.47791],[135.64101,35.47786],[135.64228,35.47833],[135.6439,35.47867],[135.64392,35.47936],[135.64262,35.47892],[135.64166,35.47884],[135.64054,35.47895],[135.63984,35.47917],[135.63879,35.47921],[135.63787,35.47938],[135.63682,35.47979],[135.6356,35.48064],[135.63598,35.48144],[135.6378,35.48118],[135.63781,35.48125],[135.63599,35.48152],[135.63534,35.48019],[135.63611,35.47963],[135.63605,35.47952],[135.63748,35.47869],[135.63534,35.47978],[135.63497,35.47961],[135.63385,35.48012],[135.63349,35.47994],[135.6328,35.48031],[135.63295,35.48062],[135.63389,35.48166],[135.63316,35.48221],[135.63229,35.48251],[135.63201,35.48214],[135.63156,35.48238],[135.63053,35.48107],[135.6294,35.48163],[135.63051,35.48304],[135.6293,35.48338],[135.6277,35.48263],[135.62652,35.48157],[135.62581,35.48165],[135.62539,35.48207],[135.62417,35.48252],[135.62301,35.48342],[135.62266,35.48407],[135.62242,35.48396],[135.62079,35.48597],[135.62036,35.48608],[135.61962,35.48586],[135.61644,35.48528],[135.61592,35.48545],[135.61526,35.48532],[135.60486,35.48362],[135.60462,35.48223],[135.60458,35.48205],[135.60434,35.4814],[135.60415,35.48109],[135.60396,35.48022],[135.60382,35.47981],[135.60226,35.47837],[135.60148,35.47796],[135.60027,35.47686],[135.59971,35.4759],[135.59976,35.47488],[135.60063,35.47352],[135.60037,35.47331],[135.59963,35.47211],[135.59838,35.47155],[135.59715,35.47148],[135.5971,35.47021],[135.59695,35.46977],[135.59682,35.46944],[135.59618,35.46913],[135.59594,35.469],[135.59513,35.46844],[135.59496,35.46828],[135.59457,35.46826],[135.59392,35.46831],[135.59349,35.46825],[135.59274,35.46841],[135.59174,35.46862],[135.5906,35.46751],[135.59035,35.46736],[135.58964,35.46735],[135.58921,35.4674],[135.58879,35.46753],[135.58767,35.46724],[135.58701,35.46689],[135.5867,35.46682],[135.58539,35.46667],[135.58506,35.46676],[135.58385,35.46771],[135.58247,35.46807],[135.58044,35.46943],[135.57898,35.46931],[135.57794,35.4682],[135.57741,35.46782],[135.57559,35.4677],[135.57438,35.46779],[135.57423,35.46781],[135.57377,35.46772],[135.57347,35.46739],[135.57309,35.46712],[135.57277,35.46691],[135.57205,35.46617],[135.57107,35.46608],[135.57015,35.46606],[135.56948,35.46628],[135.56913,35.46632],[135.56887,35.4661],[135.56869,35.46599],[135.56829,35.4659],[135.56766,35.46583],[135.56713,35.46556],[135.56684,35.46548],[135.56631,35.4656],[135.56616,35.46559],[135.56546,35.46529],[135.56529,35.46527],[135.56466,35.46529],[135.56313,35.4648],[135.5627,35.4641],[135.56156,35.46365],[135.5614,35.46103],[135.55981,35.46114],[135.55914,35.46095],[135.55869,35.46058],[135.55808,35.46049],[135.55722,35.46008],[135.55675,35.46023],[135.55613,35.46098],[135.55498,35.46091],[135.5547,35.46114],[135.55423,35.46111],[135.55278,35.46106],[135.55089,35.46013],[135.55027,35.46034],[135.54976,35.46082],[135.5493,35.46022],[135.54789,35.45994],[135.5463,35.4592],[135.54596,35.45962],[135.54518,35.46005],[135.54354,35.46042],[135.54236,35.46031],[135.54159,35.45941],[135.54038,35.45981],[135.5393,35.4597],[135.53829,35.46004],[135.53759,35.45983],[135.53652,35.46004],[135.53518,35.4596],[135.53431,35.4595],[135.53341,35.45893],[135.53125,35.45871],[135.53085,35.45834],[135.52964,35.45753],[135.52892,35.45723],[135.5286,35.45751],[135.52818,35.4572],[135.52724,35.45646],[135.52666,35.45616],[135.52554,35.45599],[135.52492,35.45542],[135.52414,35.45665],[135.52361,35.45703],[135.52301,35.45802],[135.5227,35.45899],[135.52191,35.45964],[135.52097,35.46065],[135.52001,35.46077],[135.51869,35.46109],[135.51685,35.46204],[135.51605,35.46307],[135.51492,35.46213],[135.51389,35.46163],[135.51196,35.46148],[135.5111,35.46123],[135.51,35.46114],[135.50935,35.46055],[135.50844,35.46037],[135.50786,35.45992],[135.50699,35.45961],[135.50635,35.45911],[135.50607,35.45835],[135.50555,35.45796],[135.5053,35.45745],[135.50467,35.45664],[135.50387,35.45636],[135.50307,35.45561],[135.50233,35.4551],[135.5022,35.45501],[135.50019,35.45436],[135.49986,35.45381],[135.49975,35.4532],[135.49906,35.45266],[135.4982,35.45225],[135.4978,35.45155],[135.49741,35.45131],[135.49718,35.45121],[135.49665,35.45113],[135.49618,35.45079],[135.49554,35.44969],[135.49519,35.44964],[135.49425,35.45016],[135.49294,35.45106],[135.49216,35.45126],[135.49164,35.45125],[135.49099,35.45077],[135.49049,35.44987],[135.49019,35.44967],[135.48919,35.44976],[135.48826,35.44962],[135.4873,35.44965],[135.48678,35.44949],[135.48609,35.44859],[135.48625,35.44742],[135.48705,35.44656],[135.48724,35.44593],[135.48726,35.44483],[135.48781,35.44417],[135.48809,35.4433],[135.48853,35.44247],[135.4892,35.44165],[135.48924,35.44077],[135.48833,35.43981],[135.48815,35.43935],[135.48874,35.43877],[135.48961,35.43882],[135.49046,35.43858],[135.49151,35.43852],[135.49415,35.43865],[135.49525,35.4389],[135.4958,35.43877],[135.49654,35.43808],[135.49778,35.43751],[135.49805,35.43717],[135.49821,35.43638],[135.49888,35.43566],[135.49899,35.43469],[135.49931,35.43428],[135.50058,35.43347],[135.50078,35.43302],[135.50033,35.43243],[135.49989,35.43237],[135.4983,35.43248],[135.49775,35.43214],[135.49718,35.4314],[135.49673,35.43103],[135.49653,35.43038],[135.49545,35.4293],[135.49636,35.42836],[135.4965,35.42783],[135.49628,35.42734],[135.49556,35.42667],[135.49523,35.42615],[135.49633,35.42505],[135.49805,35.42498],[135.49885,35.42446],[135.49961,35.42418],[135.50053,35.42326],[135.50049,35.42225],[135.50113,35.42118],[135.5017,35.42067],[135.50204,35.42008],[135.5025,35.41999],[135.50324,35.42044],[135.50441,35.42094],[135.5052,35.42063],[135.50563,35.42085],[135.50728,35.42243],[135.50854,35.42346],[135.50961,35.4238],[135.50994,35.4244],[135.51099,35.42452],[135.5121,35.42352],[135.51264,35.42323],[135.51412,35.42318],[135.51429,35.42292],[135.5155,35.42194],[135.51601,35.42197],[135.51769,35.42253],[135.5192,35.42287],[135.52085,35.42291],[135.5225,35.42189],[135.52351,35.42189],[135.52412,35.42171],[135.52552,35.42063],[135.52562,35.42068],[135.52571,35.42049],[135.52587,35.42032],[135.52607,35.41984],[135.52701,35.41878],[135.52696,35.41832],[135.52648,35.41676],[135.52654,35.41628],[135.52764,35.41519],[135.52765,35.4146],[135.52794,35.41394],[135.5279,35.41358],[135.52739,35.41265],[135.52776,35.4121],[135.52879,35.41148],[135.52917,35.41083],[135.52985,35.41029],[135.52997,35.40869],[135.52989,35.40849],[135.52857,35.40736],[135.52824,35.40665],[135.5273,35.40528],[135.52645,35.40519],[135.52551,35.40379],[135.52516,35.40311],[135.52514,35.40232],[135.52561,35.40093],[135.52667,35.40009],[135.52735,35.3987],[135.5275,35.39788],[135.52826,35.39763],[135.52974,35.39755],[135.53009,35.3973],[135.53021,35.3962],[135.53097,35.39501],[135.53088,35.39452],[135.53146,35.3936],[135.53167,35.39299],[135.53147,35.39266],[135.52981,35.39126],[135.52865,35.39063],[135.52856,35.39027],[135.52871,35.38953],[135.52895,35.38921],[135.52889,35.38871],[135.5282,35.38728],[135.52784,35.38705],[135.52717,35.38697],[135.5262,35.38626],[135.5261,35.38606],[135.527,35.38504],[135.52714,35.38335],[135.52752,35.38201],[135.52742,35.38111],[135.52752,35.38011],[135.52887,35.37974],[135.52985,35.37906],[135.53385,35.37794],[135.53435,35.37741],[135.53635,35.37674],[135.54022,35.3766],[135.54175,35.37678],[135.54317,35.3768],[135.54486,35.37697],[135.54525,35.37722],[135.54608,35.37689],[135.54683,35.37692],[135.54798,35.37677],[135.54922,35.37712],[135.55062,35.3769],[135.55121,35.37766],[135.55171,35.37781],[135.55302,35.3778],[135.5538,35.37765],[135.55425,35.37722],[135.55468,35.37707],[135.55615,35.37755],[135.55675,35.37764],[135.55791,35.37737],[135.55865,35.37658],[135.55931,35.37644],[135.56013,35.37673],[135.56086,35.37677],[135.56186,35.37664],[135.56262,35.37717],[135.56367,35.37726],[135.56427,35.37772],[135.5651,35.3774],[135.56596,35.37722],[135.56627,35.37687],[135.56658,35.37605],[135.56798,35.37491],[135.56831,35.3748],[135.5692,35.37526],[135.56971,35.37518],[135.5709,35.37472],[135.57156,35.37432],[135.57246,35.37462],[135.57428,35.37444],[135.57473,35.37459],[135.57543,35.37517],[135.57575,35.37522],[135.57647,35.37485],[135.57688,35.37482],[135.579,35.37507],[135.57948,35.37495],[135.58006,35.37419],[135.5801,35.37362],[135.58081,35.37344],[135.58138,35.37292],[135.58278,35.37203],[135.58323,35.37155],[135.58372,35.37051],[135.58411,35.37015],[135.58566,35.36926],[135.58683,35.36911],[135.58808,35.36826],[135.58891,35.36867],[135.58968,35.3683],[135.59022,35.3685],[135.59139,35.36933],[135.5922,35.36975],[135.5927,35.37025],[135.59361,35.37044],[135.59396,35.37067],[135.59515,35.37237],[135.59587,35.3729],[135.59648,35.37259],[135.59763,35.3725],[135.59866,35.37226],[135.59931,35.37198],[135.59992,35.37119],[135.60166,35.37164],[135.60293,35.37215]],[[135.58084,35.44147],[135.58092,35.44156],[135.58118,35.44168],[135.58084,35.44147]],[[135.63626,35.40862],[135.63627,35.40832],[135.6361,35.40831],[135.63626,35.40862]],[[135.63888,35.39481],[135.6394,35.39413],[135.63962,35.39369],[135.63888,35.39481]],[[135.64158,35.3897],[135.64161,35.38969],[135.6416,35.38967],[135.64158,35.3897]],[[135.64148,35.407],[135.64133,35.40645],[135.64118,35.4066],[135.64148,35.407]],[[135.64854,35.40515],[135.64921,35.40522],[135.64883,35.40517],[135.64854,35.40515]],[[135.66893,35.40904],[135.66911,35.40902],[135.66909,35.40895],[135.66893,35.40904]],[[135.67558,35.39591],[135.67559,35.3968],[135.67563,35.39691],[135.67558,35.39591]],[[135.67777,35.40234],[135.67836,35.40189],[135.67819,35.40185],[135.67777,35.40234]],[[135.69776,35.38876],[135.69783,35.38884],[135.69838,35.38824],[135.69776,35.38876]],[[135.69777,35.39993],[135.69777,35.39982],[135.69757,35.39948],[135.69777,35.39993]],[[135.61794,35.46782],[135.61784,35.46761],[135.61773,35.46752],[135.61794,35.46782]],[[135.61559,35.46521],[135.61486,35.46442],[135.6173,35.46714],[135.61559,35.46521]],[[135.54423,35.44468],[135.54451,35.44557],[135.54441,35.44517],[135.54423,35.44468]],[[135.58901,35.45631],[135.58884,35.45462],[135.58889,35.45565],[135.58901,35.45631]]],[[[135.61043,35.50604],[135.61021,35.50572],[135.60999,35.50554],[135.60939,35.50504],[135.60935,35.50499],[135.60909,35.50468],[135.60879,35.50435],[135.60854,35.50371],[135.60832,35.50333],[135.60807,35.50305],[135.60787,35.50274],[135.60789,35.50218],[135.60814,35.50167],[135.60842,35.5013],[135.60842,35.50112],[135.60829,35.50055],[135.60782,35.49951],[135.60761,35.49857],[135.60748,35.49837],[135.60731,35.49841],[135.60711,35.49847],[135.60706,35.49849],[135.60661,35.49858],[135.60641,35.4986],[135.60607,35.49859],[135.6057,35.49851],[135.60518,35.49849],[135.60483,35.49846],[135.60418,35.49831],[135.604,35.49828],[135.60351,35.49808],[135.60334,35.49714],[135.6034,35.49535],[135.60338,35.49505],[135.60345,35.49435],[135.60357,35.49393],[135.60376,35.49366],[135.60448,35.49278],[135.60511,35.49238],[135.6054,35.49138],[135.60561,35.49099],[135.60616,35.49026],[135.60655,35.49032],[135.60682,35.49085],[135.60801,35.49154],[135.60859,35.49165],[135.60935,35.49201],[135.61022,35.49195],[135.61095,35.4916],[135.61165,35.4918],[135.6133,35.49176],[135.6142,35.49183],[135.616,35.49241],[135.62062,35.49177],[135.62123,35.49151],[135.62127,35.49169],[135.62227,35.49149],[135.62223,35.49122],[135.62374,35.49101],[135.62415,35.49028],[135.62463,35.48976],[135.62477,35.48916],[135.62564,35.48903],[135.62608,35.48863],[135.62686,35.48868],[135.62625,35.49005],[135.62643,35.49124],[135.62721,35.49185],[135.62828,35.49184],[135.62886,35.49211],[135.62884,35.4931],[135.62942,35.49412],[135.63122,35.49443],[135.63169,35.49418],[135.6321,35.4946],[135.63166,35.49458],[135.63064,35.49532],[135.63025,35.4964],[135.63087,35.49681],[135.63117,35.49773],[135.63215,35.49833],[135.63304,35.49934],[135.63327,35.49938],[135.63336,35.49994],[135.63325,35.50071],[135.63393,35.50154],[135.63461,35.50192],[135.63481,35.50209],[135.6356,35.50199],[135.63612,35.50296],[135.63624,35.50372],[135.63649,35.504],[135.63749,35.50431],[135.63848,35.50513],[135.63964,35.5054],[135.64014,35.50562],[135.64052,35.50639],[135.6409,35.50686],[135.64199,35.5068],[135.64226,35.50803],[135.64191,35.50868],[135.64207,35.50999],[135.64169,35.51047],[135.64071,35.51093],[135.63931,35.51107],[135.63911,35.51144],[135.63845,35.51168],[135.63741,35.51239],[135.63717,35.51347],[135.63732,35.51399],[135.63816,35.51491],[135.63888,35.51474],[135.63948,35.51481],[135.63977,35.51533],[135.63937,35.51596],[135.63942,35.51664],[135.64061,35.51744],[135.64106,35.51805],[135.64163,35.51831],[135.64173,35.5193],[135.64076,35.51955],[135.64,35.51937],[135.63965,35.519],[135.63824,35.51867],[135.63756,35.51814],[135.6372,35.51809],[135.63622,35.51896],[135.63576,35.51854],[135.63472,35.51887],[135.63381,35.51831],[135.63362,35.51783],[135.6328,35.51812],[135.6331,35.51962],[135.63284,35.52112],[135.63104,35.52134],[135.63083,35.52116],[135.631,35.52218],[135.63231,35.52232],[135.63325,35.52185],[135.63399,35.52079],[135.63494,35.52067],[135.63567,35.52043],[135.63617,35.52006],[135.63701,35.52041],[135.6385,35.52163],[135.63921,35.52219],[135.64029,35.52358],[135.64114,35.52296],[135.64347,35.52443],[135.64393,35.52472],[135.6434,35.52554],[135.64433,35.52575],[135.64703,35.52686],[135.64727,35.52737],[135.64899,35.52825],[135.65046,35.52896],[135.65271,35.52977],[135.65266,35.52983],[135.65321,35.53007],[135.65354,35.52971],[135.65272,35.52919],[135.6534,35.52847],[135.65515,35.52957],[135.65447,35.5303],[135.65366,35.5298],[135.65328,35.53012],[135.65433,35.5308],[135.65504,35.53109],[135.65575,35.53117],[135.65587,35.53135],[135.65598,35.53116],[135.6573,35.53109],[135.65769,35.53125],[135.65885,35.53096],[135.65975,35.53062],[135.65972,35.5304],[135.66029,35.53032],[135.66073,35.53002],[135.66154,35.52906],[135.66186,35.52837],[135.66177,35.52757],[135.66122,35.52729],[135.66155,35.52683],[135.66174,35.526],[135.66086,35.52542],[135.66043,35.52541],[135.66075,35.52504],[135.66088,35.5254],[135.66176,35.52597],[135.66224,35.52573],[135.66352,35.52556],[135.66406,35.52528],[135.66399,35.52478],[135.66417,35.52435],[135.66504,35.52403],[135.66559,35.524],[135.66586,35.52363],[135.66625,35.52357],[135.6667,35.52379],[135.66728,35.52435],[135.66859,35.52466],[135.66973,35.52459],[135.66946,35.52435],[135.67015,35.52393],[135.671,35.52404],[135.67115,35.52432],[135.67078,35.52456],[135.67121,35.52487],[135.67091,35.525],[135.6703,35.52487],[135.67018,35.52521],[135.66976,35.52462],[135.66933,35.52476],[135.66945,35.52521],[135.66888,35.52538],[135.66882,35.52596],[135.66825,35.5267],[135.6682,35.52758],[135.6678,35.5277],[135.66731,35.52841],[135.66749,35.52847],[135.66705,35.52912],[135.66726,35.52957],[135.66665,35.52999],[135.66648,35.53095],[135.66674,35.53173],[135.66661,35.53203],[135.66683,35.53295],[135.66571,35.53372],[135.66532,35.5334],[135.66375,35.53311],[135.66324,35.53314],[135.663,35.5329],[135.66174,35.53301],[135.66088,35.53356],[135.65991,35.53464],[135.65949,35.53522],[135.65963,35.53571],[135.65942,35.53587],[135.66017,35.53625],[135.66052,35.53661],[135.66106,35.53765],[135.66079,35.53809],[135.66112,35.53853],[135.6634,35.53903],[135.66397,35.53926],[135.66556,35.53892],[135.66569,35.53909],[135.66492,35.54151],[135.66485,35.54156],[135.66223,35.54176],[135.66193,35.54276],[135.66193,35.54317],[135.6605,35.54385],[135.66012,35.54387],[135.659,35.54359],[135.65878,35.54379],[135.65942,35.54445],[135.66017,35.54474],[135.66041,35.54454],[135.66321,35.54315],[135.66334,35.5433],[135.66021,35.54485],[135.66056,35.54507],[135.66091,35.54573],[135.66191,35.54623],[135.66251,35.54668],[135.66203,35.54698],[135.66211,35.54722],[135.66154,35.54724],[135.66143,35.54753],[135.66085,35.54784],[135.66074,35.54742],[135.66111,35.54703],[135.66071,35.54627],[135.66005,35.54602],[135.65946,35.5455],[135.65899,35.54551],[135.65884,35.54525],[135.65784,35.54496],[135.65719,35.54499],[135.65631,35.54522],[135.65626,35.54553],[135.65543,35.54572],[135.65477,35.54561],[135.65413,35.5457],[135.65393,35.5455],[135.65324,35.54574],[135.65344,35.54615],[135.65326,35.54635],[135.65246,35.54593],[135.65252,35.54565],[135.65182,35.54551],[135.65196,35.54507],[135.65252,35.54508],[135.65229,35.54408],[135.65193,35.54363],[135.65216,35.54301],[135.65182,35.54277],[135.65089,35.54257],[135.64963,35.54274],[135.64918,35.54329],[135.64823,35.54284],[135.64733,35.54286],[135.64633,35.54332],[135.64592,35.54302],[135.64571,35.54245],[135.64389,35.54228],[135.64331,35.54202],[135.64296,35.54134],[135.6422,35.54079],[135.64244,35.54056],[135.64175,35.53906],[135.6411,35.5389],[135.64071,35.53845],[135.63998,35.53811],[135.63913,35.5381],[135.63885,35.53835],[135.63807,35.53812],[135.63736,35.53763],[135.63693,35.5371],[135.63596,35.53731],[135.63573,35.53764],[135.63525,35.5371],[135.63438,35.53682],[135.63363,35.53737],[135.63302,35.53761],[135.63274,35.53739],[135.63226,35.5379],[135.63175,35.53724],[135.63176,35.53694],[135.63136,35.53691],[135.63149,35.53657],[135.63129,35.53599],[135.63042,35.53516],[135.62996,35.53388],[135.62808,35.53311],[135.62727,35.5335],[135.6266,35.53297],[135.62663,35.53263],[135.62588,35.53221],[135.62596,35.53188],[135.62453,35.531],[135.62401,35.53059],[135.62313,35.53013],[135.62192,35.52861],[135.61998,35.527],[135.61958,35.52685],[135.61949,35.52627],[135.62005,35.52604],[135.62044,35.52516],[135.62058,35.52441],[135.62061,35.52223],[135.62075,35.52182],[135.62042,35.52113],[135.61974,35.52056],[135.61914,35.51951],[135.61805,35.51889],[135.61605,35.51884],[135.6152,35.51893],[135.61399,35.51882],[135.61317,35.51906],[135.61262,35.51903],[135.61241,35.51867],[135.61167,35.51869],[135.6114,35.5184],[135.61175,35.51784],[135.61142,35.51757],[135.6102,35.51767],[135.60911,35.51797],[135.60891,35.51846],[135.60847,35.51831],[135.60841,35.51764],[135.6077,35.51717],[135.60677,35.5172],[135.60637,35.51675],[135.60559,35.51648],[135.60522,35.51609],[135.60506,35.51559],[135.60462,35.51528],[135.60404,35.51518],[135.6034,35.51533],[135.60298,35.51478],[135.6025,35.51451],[135.60277,35.51402],[135.60285,35.51395],[135.60319,35.51385],[135.6037,35.51333],[135.60399,35.51264],[135.60422,35.51218],[135.60446,35.51187],[135.60462,35.51179],[135.60504,35.51169],[135.60508,35.51168],[135.6056,35.51151],[135.60746,35.51055],[135.60849,35.51011],[135.60892,35.50972],[135.60883,35.50914],[135.60836,35.50802],[135.60864,35.50733],[135.60902,35.50688],[135.61,35.50646],[135.61009,35.50644],[135.61037,35.50638],[135.61049,35.50631],[135.61043,35.50604]]],[[[135.56154,35.43758],[135.56152,35.43756],[135.56132,35.43732],[135.56154,35.43758]]]]}},{"type":"Feature","properties":{"nm":"若狭町","b":[135.7963,35.3944,135.9543,35.6422],"c":[135.88078,35.5117]},"geometry":{"type":"MultiPolygon","coordinates":[[[[135.93965,35.52049],[135.94085,35.52028],[135.94153,35.52081],[135.94223,35.52089],[135.94241,35.52112],[135.94401,35.52131],[135.94469,35.52131],[135.9452,35.52113],[135.9461,35.52114],[135.94693,35.52053],[135.94763,35.52128],[135.94887,35.5221],[135.94946,35.52307],[135.95013,35.52366],[135.95073,35.52395],[135.95109,35.52463],[135.95153,35.52474],[135.95254,35.52471],[135.95293,35.52557],[135.95349,35.52559],[135.95419,35.52607],[135.95425,35.52639],[135.95394,35.52681],[135.95364,35.52816],[135.954,35.52922],[135.95389,35.52981],[135.95345,35.53042],[135.95373,35.53155],[135.95287,35.53238],[135.95295,35.53275],[135.95391,35.53445],[135.95396,35.53559],[135.95333,35.5383],[135.9528,35.53911],[135.953,35.54002],[135.95273,35.54099],[135.95237,35.54148],[135.95143,35.54227],[135.95158,35.54263],[135.95099,35.54341],[135.95105,35.54383],[135.95081,35.5445],[135.95021,35.54549],[135.95004,35.54601],[135.94961,35.54635],[135.94873,35.54649],[135.94857,35.54705],[135.94713,35.54885],[135.94641,35.54953],[135.94642,35.55001],[135.9457,35.55033],[135.94536,35.55071],[135.9448,35.55095],[135.94531,35.55251],[135.94588,35.55326],[135.94634,35.55535],[135.9457,35.55588],[135.94545,35.5564],[135.94553,35.55704],[135.94508,35.55787],[135.94426,35.55833],[135.94352,35.55894],[135.94351,35.55992],[135.94323,35.56048],[135.94307,35.56123],[135.94259,35.56186],[135.94255,35.56217],[135.94285,35.56311],[135.94279,35.56358],[135.94373,35.56549],[135.94264,35.56606],[135.94233,35.56725],[135.94174,35.56767],[135.94188,35.56936],[135.94161,35.57124],[135.94111,35.57167],[135.94056,35.57318],[135.93988,35.57429],[135.93907,35.57493],[135.93734,35.57574],[135.93704,35.57607],[135.93698,35.57703],[135.93633,35.57773],[135.93593,35.57769],[135.93472,35.57809],[135.93428,35.57813],[135.93336,35.57854],[135.93191,35.57952],[135.9315,35.57971],[135.93097,35.57946],[135.92976,35.57975],[135.92885,35.5793],[135.92812,35.57943],[135.92743,35.57923],[135.9268,35.57941],[135.92565,35.57946],[135.92472,35.57927],[135.92401,35.57937],[135.92066,35.57942],[135.91977,35.5796],[135.9194,35.57998],[135.91885,35.58013],[135.91726,35.57996],[135.91699,35.58026],[135.91658,35.58188],[135.91648,35.58242],[135.91555,35.58247],[135.91511,35.58267],[135.91503,35.58343],[135.91547,35.58428],[135.91616,35.58404],[135.9167,35.58427],[135.91536,35.58481],[135.91534,35.58492],[135.91532,35.58515],[135.91505,35.58544],[135.91504,35.58574],[135.915,35.58583],[135.91454,35.58591],[135.91374,35.58603],[135.91262,35.58622],[135.91221,35.58641],[135.91161,35.58683],[135.91193,35.5876],[135.91162,35.58825],[135.91133,35.58859],[135.91055,35.58881],[135.91018,35.58894],[135.90898,35.58929],[135.9078,35.58968],[135.90856,35.59114],[135.90748,35.59149],[135.90901,35.59462],[135.90703,35.59748],[135.90555,35.60033],[135.90526,35.60063],[135.90498,35.60028],[135.90526,35.60063],[135.9051,35.60074],[135.90459,35.60031],[135.90391,35.6],[135.90411,35.59964],[135.90398,35.59944],[135.9036,35.59916],[135.9031,35.59863],[135.90296,35.59833],[135.90232,35.5979],[135.90149,35.5981],[135.90115,35.59867],[135.901,35.59918],[135.90103,35.59974],[135.90112,35.60054],[135.90124,35.60139],[135.90147,35.60204],[135.9015,35.60208],[135.90208,35.60274],[135.90216,35.60302],[135.90211,35.6035],[135.90173,35.60386],[135.90102,35.60437],[135.90055,35.60432],[135.90024,35.60416],[135.89977,35.60354],[135.89905,35.6027],[135.89796,35.60187],[135.89761,35.60164],[135.89749,35.60156],[135.89717,35.60159],[135.89679,35.60174],[135.89657,35.60166],[135.89646,35.60147],[135.89638,35.60134],[135.89634,35.60134],[135.89625,35.60131],[135.89611,35.60116],[135.89589,35.60106],[135.89477,35.60097],[135.8945,35.60074],[135.89436,35.60064],[135.8939,35.6001],[135.89316,35.59935],[135.89252,35.59906],[135.89191,35.59887],[135.89149,35.59863],[135.89106,35.5984],[135.89096,35.59834],[135.89037,35.59816],[135.88911,35.59781],[135.88843,35.59796],[135.88813,35.59807],[135.88677,35.59822],[135.88557,35.59878],[135.88482,35.60009],[135.88451,35.60172],[135.88348,35.60233],[135.88269,35.60431],[135.88177,35.60627],[135.88101,35.60736],[135.88024,35.60801],[135.87939,35.60835],[135.87844,35.60851],[135.87765,35.60839],[135.87697,35.60803],[135.87574,35.60768],[135.87512,35.60774],[135.87409,35.60742],[135.87392,35.60697],[135.87454,35.60449],[135.87448,35.60415],[135.87383,35.60365],[135.8732,35.60345],[135.87142,35.60264],[135.87071,35.6015],[135.87016,35.60127],[135.86899,35.60139],[135.86791,35.60175],[135.86722,35.60186],[135.86547,35.60243],[135.86412,35.60321],[135.86357,35.60398],[135.86289,35.60448],[135.86247,35.60484],[135.86234,35.60529],[135.86149,35.60594],[135.86085,35.60649],[135.85986,35.60669],[135.85894,35.60675],[135.85805,35.60698],[135.85729,35.60752],[135.8561,35.60779],[135.85495,35.60865],[135.85454,35.60885],[135.8538,35.6096],[135.8536,35.61016],[135.85314,35.61079],[135.85207,35.61179],[135.85108,35.6125],[135.85054,35.61325],[135.85001,35.61365],[135.84875,35.61438],[135.84812,35.61487],[135.84845,35.61546],[135.84834,35.61708],[135.84815,35.61758],[135.84716,35.61805],[135.84661,35.61898],[135.8456,35.62001],[135.84508,35.62105],[135.84464,35.62168],[135.84356,35.62247],[135.84315,35.6229],[135.84249,35.62391],[135.84164,35.62473],[135.84065,35.62583],[135.8399,35.62699],[135.83991,35.62837],[135.84005,35.62902],[135.84046,35.62979],[135.84028,35.63067],[135.84044,35.63173],[135.84089,35.63299],[135.83995,35.63397],[135.83965,35.63459],[135.83924,35.63487],[135.83839,35.63493],[135.8363,35.63442],[135.83566,35.63435],[135.8342,35.6344],[135.83399,35.6349],[135.83264,35.63593],[135.83135,35.63661],[135.83034,35.63728],[135.82888,35.63756],[135.82794,35.63757],[135.82663,35.63846],[135.82599,35.63922],[135.8253,35.63945],[135.82475,35.63945],[135.82373,35.63988],[135.82267,35.64085],[135.8219,35.64123],[135.82058,35.64151],[135.81998,35.64144],[135.81858,35.64097],[135.81802,35.64088],[135.81664,35.64107],[135.81526,35.64165],[135.81468,35.64223],[135.81465,35.64167],[135.81432,35.64154],[135.81492,35.641],[135.81496,35.64048],[135.81523,35.64019],[135.81529,35.63957],[135.81507,35.63935],[135.81387,35.63902],[135.81354,35.63919],[135.81279,35.63898],[135.81306,35.63857],[135.81295,35.63811],[135.81333,35.63781],[135.81293,35.63754],[135.81332,35.6374],[135.81349,35.63699],[135.81338,35.63596],[135.81318,35.6356],[135.81342,35.63409],[135.81405,35.634],[135.81461,35.63338],[135.8148,35.63272],[135.8146,35.63227],[135.81505,35.63204],[135.81553,35.63255],[135.81712,35.63321],[135.8178,35.63427],[135.8189,35.6345],[135.82008,35.635],[135.82066,35.63602],[135.82082,35.63676],[135.82153,35.63732],[135.82211,35.63752],[135.82441,35.63711],[135.82465,35.63665],[135.82438,35.63629],[135.82525,35.63644],[135.82603,35.63611],[135.82659,35.6356],[135.82773,35.63522],[135.82836,35.63419],[135.82865,35.63344],[135.82897,35.63352],[135.8302,35.63269],[135.83055,35.63206],[135.83098,35.63186],[135.83283,35.63141],[135.8331,35.63102],[135.83309,35.63047],[135.83277,35.62989],[135.83197,35.62967],[135.83109,35.63],[135.83073,35.63027],[135.82981,35.63028],[135.82929,35.63043],[135.82712,35.63157],[135.82599,35.63172],[135.82515,35.63154],[135.82454,35.63188],[135.82358,35.63136],[135.82319,35.6308],[135.82341,35.63023],[135.82303,35.62932],[135.82311,35.62871],[135.82481,35.62857],[135.82512,35.62829],[135.82535,35.62795],[135.82549,35.62684],[135.8252,35.62627],[135.82493,35.62613],[135.82487,35.62568],[135.82415,35.62497],[135.82379,35.62498],[135.8237,35.62436],[135.82388,35.62394],[135.82447,35.62414],[135.82496,35.62392],[135.82594,35.62377],[135.8271,35.62384],[135.82781,35.62416],[135.82871,35.62431],[135.82957,35.6241],[135.82992,35.62355],[135.83103,35.62339],[135.83203,35.62348],[135.83411,35.62291],[135.8343,35.62277],[135.83587,35.62378],[135.83669,35.62356],[135.83768,35.62267],[135.83873,35.62082],[135.839,35.62047],[135.83915,35.61928],[135.83904,35.61749],[135.8389,35.61673],[135.83853,35.61605],[135.83798,35.61562],[135.83751,35.61557],[135.83697,35.61592],[135.83617,35.61597],[135.83567,35.61583],[135.8357,35.61554],[135.83498,35.61547],[135.83464,35.6152],[135.83474,35.61472],[135.83376,35.61426],[135.83316,35.61417],[135.83322,35.61392],[135.83278,35.61334],[135.8318,35.61326],[135.83125,35.61265],[135.83095,35.61264],[135.83031,35.61202],[135.82903,35.61192],[135.82775,35.61134],[135.82733,35.61143],[135.82756,35.61075],[135.82721,35.60978],[135.82665,35.60974],[135.82667,35.60937],[135.82723,35.60937],[135.82704,35.60886],[135.82733,35.60865],[135.82746,35.60807],[135.82796,35.60797],[135.82793,35.60743],[135.82856,35.60727],[135.82918,35.60759],[135.82959,35.60754],[135.83036,35.60663],[135.83016,35.60633],[135.83059,35.6061],[135.83065,35.60567],[135.83124,35.60518],[135.83131,35.60486],[135.83185,35.60425],[135.83165,35.60407],[135.83216,35.60367],[135.83197,35.6032],[135.83254,35.60288],[135.83416,35.60457],[135.83421,35.60476],[135.83524,35.60535],[135.83643,35.6059],[135.83689,35.60643],[135.83766,35.60664],[135.83814,35.60701],[135.83866,35.60678],[135.8393,35.60756],[135.83944,35.60745],[135.8413,35.60738],[135.84124,35.60764],[135.84302,35.60753],[135.84406,35.60681],[135.84482,35.60595],[135.84516,35.60509],[135.84498,35.60476],[135.84492,35.60388],[135.84419,35.60275],[135.84393,35.6021],[135.84444,35.602],[135.84455,35.60159],[135.84528,35.6016],[135.84587,35.60133],[135.84647,35.60138],[135.84655,35.60169],[135.84802,35.60226],[135.84833,35.60255],[135.84909,35.60273],[135.84945,35.603],[135.85039,35.60309],[135.85092,35.60329],[135.85243,35.60319],[135.85281,35.60287],[135.85275,35.60323],[135.85354,35.60315],[135.85432,35.60252],[135.85482,35.60163],[135.85558,35.60056],[135.85563,35.60005],[135.8548,35.59953],[135.85463,35.59886],[135.85491,35.59807],[135.85527,35.59791],[135.85547,35.59747],[135.85554,35.59595],[135.85549,35.59559],[135.8549,35.59512],[135.8545,35.59451],[135.85428,35.59386],[135.854,35.59364],[135.85302,35.59336],[135.85274,35.59316],[135.85262,35.59284],[135.85213,35.59272],[135.85236,35.59248],[135.85231,35.59193],[135.85267,35.59165],[135.8534,35.59158],[135.8549,35.5921],[135.85561,35.59208],[135.85607,35.59141],[135.85656,35.59041],[135.85751,35.58955],[135.85758,35.58921],[135.8572,35.58804],[135.85686,35.58758],[135.85554,35.58709],[135.85472,35.58743],[135.85423,35.58714],[135.85452,35.58662],[135.85565,35.58565],[135.85535,35.5854],[135.85595,35.58505],[135.85609,35.58421],[135.85682,35.58415],[135.85718,35.58342],[135.85654,35.58315],[135.85736,35.5829],[135.85751,35.58208],[135.85725,35.58177],[135.85621,35.58151],[135.85531,35.58111],[135.85505,35.58079],[135.8546,35.58083],[135.8548,35.58056],[135.85519,35.5804],[135.8555,35.57953],[135.85512,35.57879],[135.85443,35.57844],[135.85348,35.57874],[135.85149,35.57889],[135.85006,35.57863],[135.84996,35.57813],[135.84915,35.57791],[135.8488,35.57754],[135.84814,35.57749],[135.848,35.5764],[135.8487,35.5759],[135.84876,35.57542],[135.8491,35.57465],[135.84793,35.57244],[135.848,35.57242],[135.84896,35.57424],[135.84933,35.57442],[135.84993,35.57363],[135.85045,35.57324],[135.84962,35.57337],[135.84897,35.57211],[135.8495,35.57188],[135.84921,35.57143],[135.84846,35.57088],[135.84654,35.57077],[135.84594,35.57082],[135.84537,35.57108],[135.84467,35.57095],[135.84379,35.57111],[135.84267,35.57098],[135.84267,35.57022],[135.84236,35.5696],[135.84191,35.56908],[135.84116,35.56859],[135.84031,35.56849],[135.84064,35.56776],[135.84037,35.56733],[135.84078,35.56702],[135.84061,35.56661],[135.84007,35.56606],[135.8403,35.56523],[135.84081,35.56502],[135.84085,35.56429],[135.84036,35.56364],[135.83944,35.56299],[135.83851,35.56288],[135.83854,35.56326],[135.83897,35.56339],[135.83824,35.56346],[135.83752,35.56309],[135.83829,35.56307],[135.83842,35.56262],[135.83822,35.56238],[135.83717,35.56207],[135.83591,35.56185],[135.83441,35.5618],[135.83363,35.56258],[135.83317,35.56262],[135.83291,35.56311],[135.83079,35.56313],[135.83002,35.56329],[135.82849,35.56381],[135.82803,35.56409],[135.82746,35.56485],[135.82765,35.56543],[135.82764,35.5663],[135.8279,35.56712],[135.82802,35.56796],[135.82782,35.56852],[135.8272,35.5691],[135.82598,35.56931],[135.82363,35.57009],[135.82333,35.57047],[135.82291,35.57162],[135.82305,35.57192],[135.82207,35.57277],[135.82221,35.57298],[135.82157,35.57318],[135.82119,35.57373],[135.82088,35.57351],[135.81951,35.574],[135.81923,35.57337],[135.8186,35.57279],[135.81809,35.57252],[135.81745,35.57242],[135.81733,35.57263],[135.81697,35.572],[135.81638,35.57151],[135.81562,35.57138],[135.81508,35.5717],[135.81369,35.56996],[135.81311,35.56932],[135.8132,35.5684],[135.81353,35.5683],[135.81368,35.56813],[135.81427,35.56729],[135.81468,35.56704],[135.81509,35.56695],[135.81638,35.5668],[135.81797,35.56647],[135.81843,35.5663],[135.81901,35.56611],[135.81912,35.56555],[135.81933,35.56481],[135.81944,35.56474],[135.82001,35.56448],[135.82033,35.56386],[135.82036,35.56324],[135.82055,35.56238],[135.82067,35.56185],[135.82073,35.56178],[135.82104,35.56155],[135.82115,35.56122],[135.82136,35.56034],[135.82206,35.55973],[135.82302,35.55944],[135.82358,35.55932],[135.82388,35.55921],[135.82433,35.55911],[135.82492,35.55889],[135.82505,35.55865],[135.82603,35.55866],[135.82639,35.5586],[135.82681,35.55845],[135.82706,35.55845],[135.82731,35.55845],[135.82775,35.55796],[135.82813,35.55779],[135.82866,35.55771],[135.82884,35.55763],[135.82923,35.55736],[135.82951,35.55705],[135.83052,35.55646],[135.83116,35.55628],[135.83167,35.55589],[135.83261,35.55542],[135.83305,35.55511],[135.83354,35.55447],[135.8337,35.55435],[135.83446,35.55422],[135.8352,35.55417],[135.83578,35.55391],[135.83591,35.55379],[135.83608,35.5535],[135.83631,35.55311],[135.83681,35.55249],[135.83722,35.55238],[135.83814,35.55182],[135.83863,35.55135],[135.83916,35.55057],[135.83921,35.55013],[135.83968,35.54995],[135.84027,35.54988],[135.84074,35.54973],[135.84109,35.54969],[135.84234,35.54955],[135.84339,35.5493],[135.84395,35.54921],[135.84422,35.54916],[135.84434,35.54896],[135.84507,35.54831],[135.84549,35.54738],[135.84566,35.54712],[135.84549,35.54688],[135.84547,35.54673],[135.84573,35.54636],[135.84595,35.54618],[135.84669,35.54586],[135.84706,35.54585],[135.84822,35.54547],[135.84862,35.54513],[135.84894,35.54454],[135.84942,35.54386],[135.85006,35.54324],[135.85036,35.54284],[135.85047,35.54227],[135.8507,35.54182],[135.85077,35.54167],[135.85098,35.54125],[135.85123,35.54099],[135.85036,35.54036],[135.84947,35.53806],[135.84949,35.53747],[135.84894,35.53662],[135.84824,35.53593],[135.84745,35.53584],[135.84676,35.5355],[135.84544,35.53517],[135.84464,35.53465],[135.84393,35.53377],[135.84276,35.53365],[135.84254,35.53298],[135.84209,35.53264],[135.84188,35.53194],[135.84199,35.53144],[135.84184,35.53085],[135.84146,35.53046],[135.84,35.52968],[135.83889,35.52871],[135.83835,35.52799],[135.83786,35.52762],[135.8369,35.52738],[135.83613,35.52696],[135.83553,35.52644],[135.83441,35.52462],[135.83386,35.52451],[135.83288,35.52358],[135.83225,35.52255],[135.83294,35.52193],[135.83382,35.52069],[135.83469,35.52002],[135.83528,35.51928],[135.83535,35.51898],[135.83636,35.51776],[135.83681,35.5167],[135.83713,35.51641],[135.83734,35.51575],[135.83868,35.51487],[135.83938,35.5143],[135.84042,35.51382],[135.84139,35.51321],[135.84143,35.51311],[135.84172,35.51154],[135.84183,35.51094],[135.84217,35.51027],[135.84226,35.50979],[135.8418,35.50932],[135.84145,35.50863],[135.84102,35.5083],[135.84097,35.50749],[135.84174,35.50718],[135.84264,35.50635],[135.8429,35.50551],[135.84369,35.50471],[135.84366,35.50405],[135.84475,35.50318],[135.84522,35.5026],[135.84538,35.50205],[135.84498,35.5007],[135.8447,35.50006],[135.84472,35.49965],[135.84407,35.49884],[135.84404,35.49827],[135.84363,35.49748],[135.84316,35.49722],[135.8429,35.49643],[135.84242,35.49564],[135.84236,35.49471],[135.84261,35.49344],[135.84361,35.49206],[135.84375,35.4911],[135.84436,35.4899],[135.84437,35.48858],[135.84461,35.48669],[135.84445,35.48614],[135.84379,35.48559],[135.84317,35.4843],[135.84139,35.48413],[135.84062,35.48377],[135.83984,35.4836],[135.83914,35.4832],[135.83772,35.4826],[135.83679,35.48252],[135.83655,35.48269],[135.83634,35.48293],[135.8352,35.48333],[135.83423,35.48299],[135.83369,35.48282],[135.83288,35.48247],[135.83242,35.48234],[135.83201,35.48235],[135.83155,35.48223],[135.82989,35.48154],[135.82902,35.48158],[135.82798,35.48093],[135.82731,35.48034],[135.82708,35.48009],[135.82601,35.4793],[135.8251,35.47921],[135.82347,35.47924],[135.82305,35.47933],[135.82279,35.47946],[135.82238,35.47964],[135.82263,35.48016],[135.81972,35.48211],[135.81873,35.4829],[135.81712,35.48399],[135.81698,35.48402],[135.8163,35.48399],[135.81627,35.48507],[135.81595,35.48567],[135.81536,35.48651],[135.81495,35.48684],[135.81468,35.48738],[135.81431,35.48735],[135.8133,35.48743],[135.8128,35.48749],[135.8124,35.4885],[135.81207,35.48899],[135.81134,35.48935],[135.81042,35.48956],[135.81019,35.48964],[135.80815,35.49029],[135.80711,35.49031],[135.80623,35.4907],[135.80587,35.49065],[135.80532,35.49072],[135.80429,35.49087],[135.80384,35.49101],[135.80317,35.49093],[135.80235,35.49071],[135.80149,35.49014],[135.80088,35.48991],[135.80016,35.48992],[135.79945,35.4901],[135.79836,35.49014],[135.79767,35.49001],[135.79705,35.48977],[135.7969,35.48953],[135.79655,35.48882],[135.79629,35.48833],[135.79757,35.4864],[135.79727,35.48578],[135.79792,35.48538],[135.79893,35.48477],[135.79881,35.48461],[135.79925,35.48437],[135.79879,35.48372],[135.79924,35.48347],[135.79878,35.48286],[135.8,35.48117],[135.80035,35.48089],[135.80145,35.48045],[135.80262,35.4795],[135.80401,35.47877],[135.80543,35.47804],[135.80609,35.47783],[135.80847,35.47694],[135.81007,35.47652],[135.81076,35.47607],[135.81204,35.47551],[135.81244,35.47434],[135.81094,35.47137],[135.81059,35.47024],[135.80971,35.47003],[135.80961,35.46969],[135.80992,35.46946],[135.81027,35.46861],[135.81008,35.46767],[135.80996,35.4664],[135.81025,35.46585],[135.81036,35.46568],[135.81069,35.46527],[135.81091,35.46507],[135.81118,35.46489],[135.81219,35.46467],[135.813,35.46422],[135.81386,35.46385],[135.81443,35.46363],[135.81498,35.46295],[135.81516,35.46266],[135.81551,35.46216],[135.81558,35.46176],[135.81531,35.46119],[135.81525,35.46102],[135.81528,35.46057],[135.8153,35.46021],[135.81541,35.45989],[135.81554,35.4596],[135.81559,35.45925],[135.81549,35.45881],[135.81545,35.45872],[135.81527,35.45743],[135.81527,35.45729],[135.81535,35.45697],[135.81562,35.45675],[135.81579,35.45661],[135.81675,35.45576],[135.81682,35.45505],[135.81738,35.45406],[135.81758,35.45315],[135.81873,35.45155],[135.82007,35.45076],[135.82085,35.45048],[135.8222,35.45017],[135.82299,35.44981],[135.82439,35.44979],[135.82543,35.4496],[135.82666,35.44913],[135.8277,35.44888],[135.82809,35.44868],[135.82947,35.44828],[135.83029,35.44749],[135.83194,35.44635],[135.83309,35.44525],[135.83462,35.44475],[135.8349,35.44454],[135.83577,35.44344],[135.8384,35.44264],[135.83909,35.4422],[135.83971,35.44206],[135.84155,35.44131],[135.84214,35.44157],[135.84259,35.44237],[135.84283,35.44251],[135.84361,35.44246],[135.84536,35.44218],[135.84575,35.44233],[135.84683,35.44187],[135.84743,35.44183],[135.84847,35.44221],[135.84928,35.44211],[135.84969,35.44143],[135.85076,35.44024],[135.85126,35.43981],[135.85218,35.43838],[135.85274,35.43797],[135.85348,35.43775],[135.85372,35.43747],[135.85505,35.43678],[135.85518,35.43617],[135.85587,35.43517],[135.85692,35.43315],[135.85738,35.43289],[135.85878,35.43254],[135.85923,35.43185],[135.8593,35.43049],[135.85987,35.42977],[135.86032,35.42857],[135.85986,35.42806],[135.85949,35.42706],[135.85884,35.42631],[135.85868,35.4254],[135.85873,35.4246],[135.85857,35.42425],[135.85857,35.42308],[135.85791,35.42229],[135.85809,35.42033],[135.85763,35.41891],[135.85793,35.4184],[135.85762,35.41771],[135.85648,35.41707],[135.85564,35.41599],[135.85463,35.41521],[135.85362,35.41403],[135.8535,35.41284],[135.85324,35.41162],[135.85334,35.41119],[135.85436,35.41056],[135.85544,35.40941],[135.85563,35.40876],[135.85549,35.40756],[135.85526,35.407],[135.85471,35.40642],[135.85458,35.40603],[135.85483,35.40522],[135.85515,35.40326],[135.85506,35.40287],[135.85446,35.40229],[135.85428,35.40184],[135.8544,35.40078],[135.85479,35.4004],[135.856,35.39977],[135.85635,35.39929],[135.85664,35.39857],[135.85767,35.39709],[135.85774,35.39669],[135.85892,35.39666],[135.8596,35.39636],[135.86017,35.39548],[135.86064,35.39514],[135.86127,35.39498],[135.86279,35.39514],[135.8635,35.39498],[135.86479,35.39442],[135.86572,35.3946],[135.86719,35.39471],[135.86767,35.39482],[135.86866,35.39577],[135.87017,35.39603],[135.87164,35.39603],[135.87215,35.39688],[135.87281,35.39718],[135.87318,35.39713],[135.87489,35.3972],[135.87577,35.39767],[135.87669,35.39856],[135.87794,35.39927],[135.8794,35.39973],[135.88015,35.40049],[135.88059,35.40072],[135.8823,35.40083],[135.88294,35.40111],[135.88324,35.40144],[135.88477,35.40196],[135.88592,35.40251],[135.88776,35.40292],[135.88972,35.40296],[135.89051,35.40318],[135.89097,35.40427],[135.89231,35.40682],[135.89235,35.40795],[135.89288,35.40958],[135.89337,35.41057],[135.89325,35.41205],[135.8937,35.41369],[135.89382,35.41467],[135.89363,35.41622],[135.8935,35.41836],[135.89304,35.41992],[135.89388,35.42046],[135.8946,35.4215],[135.89502,35.42172],[135.89602,35.42191],[135.89648,35.42281],[135.89678,35.42309],[135.89771,35.42339],[135.89789,35.42369],[135.89812,35.42439],[135.8988,35.42489],[135.89972,35.42514],[135.90027,35.42571],[135.90102,35.42587],[135.90141,35.42721],[135.90187,35.42841],[135.90221,35.42901],[135.90276,35.42952],[135.90323,35.42966],[135.90413,35.42957],[135.90583,35.43008],[135.90682,35.42997],[135.9078,35.42956],[135.9085,35.42961],[135.90962,35.43006],[135.91147,35.43035],[135.91207,35.43051],[135.91342,35.43136],[135.91411,35.43221],[135.9148,35.43434],[135.91472,35.43587],[135.91451,35.43639],[135.91407,35.43679],[135.91401,35.43726],[135.91405,35.4388],[135.91355,35.4392],[135.91253,35.4405],[135.91227,35.44109],[135.91235,35.44168],[135.91308,35.44292],[135.91318,35.44488],[135.91287,35.44556],[135.91238,35.44563],[135.91093,35.44552],[135.91054,35.44562],[135.90973,35.44683],[135.90971,35.4474],[135.91046,35.4478],[135.91191,35.44833],[135.9125,35.44885],[135.91382,35.45037],[135.91438,35.45157],[135.9146,35.45248],[135.91451,35.4536],[135.91468,35.45424],[135.91527,35.45517],[135.91547,35.45604],[135.91485,35.45784],[135.9148,35.45848],[135.91498,35.45959],[135.91567,35.46085],[135.91589,35.46149],[135.91616,35.46289],[135.91617,35.46411],[135.91661,35.46497],[135.91717,35.46669],[135.91731,35.46741],[135.91702,35.46896],[135.91631,35.47013],[135.91602,35.47081],[135.91727,35.47156],[135.91791,35.47296],[135.91806,35.47382],[135.91916,35.47439],[135.91965,35.47531],[135.92062,35.4756],[135.92176,35.47545],[135.92192,35.47585],[135.92168,35.4768],[135.92164,35.47798],[135.92237,35.47897],[135.92291,35.48016],[135.92367,35.48092],[135.92391,35.48171],[135.92384,35.48202],[135.92311,35.48277],[135.92323,35.48437],[135.92253,35.48549],[135.9226,35.48603],[135.92332,35.48623],[135.92378,35.48662],[135.92448,35.48947],[135.92482,35.48982],[135.92562,35.49002],[135.92753,35.49035],[135.92867,35.49176],[135.92918,35.49197],[135.92975,35.4918],[135.93014,35.49198],[135.93036,35.49287],[135.93043,35.49376],[135.93115,35.49466],[135.93161,35.49592],[135.93185,35.49612],[135.93179,35.49772],[135.93258,35.49898],[135.93314,35.50037],[135.93304,35.50151],[135.93341,35.50232],[135.93472,35.50349],[135.93549,35.50399],[135.93543,35.50456],[135.93568,35.50549],[135.93631,35.50719],[135.93673,35.50748],[135.93659,35.50862],[135.93689,35.50929],[135.93747,35.50997],[135.93742,35.51101],[135.93817,35.51114],[135.93769,35.51179],[135.93766,35.51238],[135.93801,35.513],[135.93748,35.51431],[135.93811,35.51562],[135.93798,35.516],[135.93842,35.51636],[135.93888,35.51711],[135.9389,35.51763],[135.93863,35.51824],[135.93915,35.51986],[135.93965,35.52049]],[[135.90114,35.54404],[135.90119,35.54482],[135.90122,35.54458],[135.90114,35.54404]],[[135.86133,35.54247],[135.861,35.54215],[135.8615,35.54264],[135.86133,35.54247]],[[135.8891,35.55631],[135.88903,35.5576],[135.88909,35.55738],[135.8891,35.55631]],[[135.90535,35.56504],[135.90563,35.56532],[135.90577,35.56531],[135.90535,35.56504]],[[135.90001,35.59434],[135.89984,35.59463],[135.90004,35.5949],[135.90001,35.59434]],[[135.91795,35.57321],[135.91763,35.57336],[135.91792,35.5733],[135.91795,35.57321]],[[135.90507,35.5765],[135.90502,35.57661],[135.90506,35.57653],[135.90507,35.5765]],[[135.90814,35.58373],[135.90837,35.58451],[135.90839,35.58415],[135.90814,35.58373]],[[135.9044,35.58735],[135.90386,35.58744],[135.90302,35.58785],[135.90246,35.58854],[135.90232,35.58875],[135.9009,35.58887],[135.89994,35.58919],[135.89974,35.58949],[135.89913,35.59043],[135.89852,35.59071],[135.89806,35.59151],[135.8977,35.59183],[135.89824,35.59231],[135.89888,35.59284],[135.89943,35.59265],[135.8998,35.59252],[135.90044,35.59262],[135.90087,35.59237],[135.90069,35.59193],[135.90091,35.59158],[135.90148,35.59126],[135.90171,35.5909],[135.90258,35.59084],[135.90328,35.59105],[135.90418,35.59075],[135.90456,35.59041],[135.9045,35.59017],[135.90457,35.58964],[135.90541,35.58932],[135.90595,35.58884],[135.90607,35.58875],[135.90602,35.58867],[135.90577,35.58831],[135.90518,35.58768],[135.9044,35.58735]],[[135.89715,35.5921],[135.89598,35.59171],[135.89528,35.59156],[135.89429,35.59167],[135.8927,35.59144],[135.89154,35.59163],[135.89059,35.59201],[135.89041,35.59252],[135.88991,35.59209],[135.88961,35.59244],[135.88968,35.59308],[135.89006,35.59361],[135.89096,35.59405],[135.89146,35.59384],[135.89158,35.59391],[135.89214,35.59375],[135.89294,35.59379],[135.89316,35.59373],[135.89364,35.59342],[135.89432,35.59327],[135.89555,35.59296],[135.89632,35.59276],[135.89722,35.59282],[135.89739,35.59292],[135.89797,35.59289],[135.89786,35.59254],[135.89715,35.5921]],[[135.85268,35.56419],[135.85235,35.56429],[135.8529,35.56437],[135.85268,35.56419]],[[135.85601,35.56558],[135.85614,35.56596],[135.85609,35.56571],[135.85601,35.56558]],[[135.8582,35.59372],[135.85805,35.59421],[135.85815,35.59454],[135.8582,35.59372]],[[135.86129,35.52345],[135.8641,35.52017],[135.86339,35.52098],[135.86129,35.52345]]],[[[135.83701,35.5768],[135.83765,35.57702],[135.83825,35.57754],[135.83809,35.57808],[135.83704,35.57874],[135.83663,35.57914],[135.8355,35.57916],[135.83515,35.57968],[135.83454,35.57982],[135.83435,35.57953],[135.83495,35.5789],[135.83504,35.57811],[135.83561,35.57698],[135.836,35.57677],[135.83701,35.5768]]],[[[135.80474,35.63954],[135.80379,35.63927],[135.80328,35.63853],[135.80315,35.63755],[135.80351,35.63641],[135.80324,35.6358],[135.80378,35.63538],[135.80329,35.6342],[135.80254,35.63332],[135.80277,35.63284],[135.80249,35.63252],[135.80302,35.632],[135.80272,35.63166],[135.80275,35.6312],[135.80227,35.63116],[135.80198,35.63073],[135.80264,35.63042],[135.80268,35.63013],[135.80382,35.6301],[135.80432,35.63019],[135.80471,35.63003],[135.80557,35.63056],[135.80643,35.63129],[135.80661,35.63212],[135.80602,35.63257],[135.80596,35.63363],[135.80628,35.63429],[135.80602,35.63507],[135.80633,35.63545],[135.80637,35.63604],[135.80697,35.63624],[135.8073,35.63699],[135.8074,35.6376],[135.80731,35.63822],[135.80756,35.63864],[135.80751,35.63928],[135.8069,35.63942],[135.807,35.63886],[135.80613,35.63898],[135.80474,35.63954]]]]}}]}