{"type":"FeatureCollection","features":[{"type":"Feature","properties":{"nm":"備前市","b":[134.2076,34.7113,134.2085,34.7117],"c":[134.20786,34.71153]},"geometry":{"type":"Polygon","coordinates":[[[134.20758,34.7117],[134.2079,34.71128],[134.20847,34.71171],[134.20758,34.7117]]]}},{"type":"Feature","properties":{"nm":"岡山市北区","b":[133.7396,34.6187,133.994,34.9489],"c":[133.88106,34.77204]},"geometry":{"type":"MultiPolygon","coordinates":[[[[133.93281,34.67867],[133.93373,34.6811],[133.93403,34.68178],[133.93587,34.68418],[133.9379,34.6863],[133.9382,34.68663],[133.93957,34.68892],[133.93947,34.69025],[133.94045,34.69128],[133.94259,34.69309],[133.94326,34.69384],[133.94605,34.69484],[133.94824,34.69546],[133.94874,34.69669],[133.94922,34.69806],[133.94984,34.69906],[133.95155,34.70049],[133.95195,34.70118],[133.95171,34.70249],[133.95189,34.70314],[133.95314,34.70454],[133.95457,34.7052],[133.95574,34.70599],[133.95638,34.7054],[133.95695,34.70685],[133.9575,34.70735],[133.95847,34.70776],[133.95928,34.70882],[133.95997,34.7105],[133.96241,34.71084],[133.96481,34.71145],[133.96445,34.71166],[133.96108,34.71165],[133.9591,34.7118],[133.95911,34.71313],[133.96074,34.71318],[133.96417,34.71391],[133.96661,34.714],[133.97036,34.71385],[133.97155,34.71374],[133.97398,34.71398],[133.97531,34.714],[133.97537,34.71319],[133.97744,34.71332],[133.97822,34.71351],[133.97972,34.71422],[133.98022,34.71331],[133.98237,34.71404],[133.98348,34.71398],[133.98476,34.71317],[133.98597,34.71317],[133.98731,34.71305],[133.98882,34.71341],[133.99003,34.71433],[133.99018,34.71569],[133.99139,34.71644],[133.9936,34.71655],[133.99323,34.71778],[133.99373,34.71878],[133.99351,34.7201],[133.99334,34.72043],[133.99281,34.72102],[133.99274,34.72225],[133.99343,34.72307],[133.99351,34.72445],[133.99345,34.72528],[133.99336,34.72666],[133.99307,34.72682],[133.99214,34.72695],[133.99132,34.72758],[133.9921,34.72892],[133.99022,34.73044],[133.99054,34.73065],[133.98997,34.73147],[133.98804,34.73285],[133.9872,34.73252],[133.98634,34.73313],[133.98643,34.7344],[133.98677,34.73596],[133.98622,34.73675],[133.98438,34.73712],[133.98366,34.73768],[133.98334,34.73849],[133.98435,34.73883],[133.98416,34.73922],[133.98309,34.73997],[133.98075,34.74095],[133.98034,34.7424],[133.98122,34.74323],[133.98311,34.74303],[133.98368,34.74298],[133.98344,34.74407],[133.98299,34.74479],[133.98198,34.74456],[133.98115,34.74451],[133.98028,34.74453],[133.97936,34.7445],[133.97779,34.74532],[133.97672,34.7452],[133.97572,34.74549],[133.97506,34.7456],[133.97497,34.74558],[133.9726,34.7452],[133.97252,34.7463],[133.97294,34.74667],[133.97288,34.7474],[133.97136,34.74954],[133.97167,34.75086],[133.97136,34.75168],[133.97197,34.75246],[133.97233,34.75393],[133.97347,34.75444],[133.97449,34.75432],[133.97616,34.75508],[133.97786,34.75544],[133.97997,34.75548],[133.98091,34.75505],[133.98128,34.75592],[133.98213,34.75694],[133.98301,34.75748],[133.98362,34.7582],[133.98378,34.75961],[133.98402,34.75995],[133.98532,34.76051],[133.98584,34.76162],[133.98574,34.76244],[133.98608,34.76382],[133.98609,34.76518],[133.98634,34.76557],[133.98651,34.76708],[133.98624,34.76768],[133.98553,34.76791],[133.98405,34.76779],[133.98334,34.76751],[133.98233,34.76651],[133.98193,34.76607],[133.98153,34.76601],[133.98077,34.76667],[133.98001,34.76683],[133.97952,34.76684],[133.97879,34.76794],[133.9769,34.76882],[133.97664,34.76927],[133.97662,34.76975],[133.97682,34.77114],[133.97804,34.77277],[133.97816,34.77344],[133.97783,34.77412],[133.9782,34.77454],[133.97966,34.77469],[133.98059,34.77544],[133.98068,34.7759],[133.98057,34.77781],[133.98078,34.77825],[133.98003,34.77904],[133.97998,34.78069],[133.97961,34.78084],[133.97725,34.7805],[133.97631,34.78002],[133.97571,34.78021],[133.97444,34.78176],[133.973,34.78262],[133.97126,34.78206],[133.97096,34.78341],[133.96939,34.78482],[133.96767,34.78443],[133.96569,34.78518],[133.96447,34.78595],[133.96393,34.78603],[133.96252,34.78558],[133.96109,34.78617],[133.96189,34.78667],[133.96169,34.78812],[133.96277,34.78906],[133.96475,34.78958],[133.96585,34.79154],[133.9669,34.79193],[133.96703,34.79271],[133.96774,34.79374],[133.96745,34.79431],[133.96781,34.79509],[133.96854,34.7957],[133.96971,34.79721],[133.97098,34.79705],[133.9707,34.79836],[133.97082,34.79885],[133.97244,34.79904],[133.97301,34.79971],[133.97336,34.8007],[133.97329,34.80153],[133.97353,34.80248],[133.97413,34.80308],[133.97469,34.80408],[133.97561,34.80417],[133.97655,34.80471],[133.97711,34.80443],[133.97897,34.80437],[133.97966,34.80508],[133.98037,34.80502],[133.98066,34.80583],[133.98132,34.80592],[133.98203,34.80556],[133.9834,34.80638],[133.98494,34.80643],[133.98595,34.80729],[133.98649,34.80848],[133.98661,34.80954],[133.98547,34.81081],[133.9853,34.8115],[133.98562,34.81312],[133.9868,34.81363],[133.98704,34.814],[133.98708,34.81616],[133.98681,34.81739],[133.98717,34.81803],[133.98697,34.81867],[133.98606,34.81951],[133.9851,34.81991],[133.98545,34.8211],[133.98609,34.82121],[133.98718,34.82189],[133.98718,34.82308],[133.98766,34.82378],[133.98862,34.82435],[133.98981,34.82457],[133.99054,34.82537],[133.99062,34.8264],[133.99158,34.82683],[133.99226,34.82715],[133.99147,34.82781],[133.9898,34.82781],[133.98943,34.82865],[133.98862,34.82941],[133.98828,34.83007],[133.98839,34.83079],[133.98945,34.8309],[133.98996,34.83165],[133.991,34.83207],[133.99088,34.83259],[133.98943,34.83262],[133.98833,34.83301],[133.98835,34.83499],[133.98762,34.83525],[133.98749,34.83558],[133.98862,34.8363],[133.98916,34.8371],[133.98995,34.83703],[133.99044,34.83737],[133.99063,34.83818],[133.99117,34.83872],[133.99218,34.84071],[133.9928,34.84118],[133.99263,34.84306],[133.99282,34.84382],[133.99277,34.84603],[133.99319,34.84684],[133.99341,34.84799],[133.99333,34.84868],[133.99399,34.8492],[133.99347,34.85015],[133.99241,34.85173],[133.98928,34.8528],[133.98793,34.85361],[133.98762,34.85447],[133.98692,34.85419],[133.98659,34.85459],[133.9857,34.8549],[133.98401,34.85465],[133.98248,34.85497],[133.98171,34.85508],[133.98098,34.85492],[133.98073,34.8544],[133.98112,34.85351],[133.98199,34.85341],[133.98234,34.85302],[133.98173,34.85009],[133.98092,34.8494],[133.98,34.8498],[133.97892,34.84941],[133.97856,34.84857],[133.97762,34.84733],[133.97785,34.84639],[133.97747,34.84601],[133.97749,34.84487],[133.97839,34.84342],[133.97794,34.84301],[133.97676,34.84325],[133.97619,34.84333],[133.97509,34.84386],[133.97504,34.84415],[133.9751,34.84435],[133.97612,34.84479],[133.97629,34.84503],[133.97626,34.84533],[133.9752,34.8462],[133.9745,34.84639],[133.9727,34.84627],[133.97203,34.84666],[133.97166,34.84764],[133.96894,34.84878],[133.96837,34.84858],[133.96786,34.8487],[133.96666,34.84917],[133.96638,34.8497],[133.96576,34.84977],[133.96499,34.84977],[133.96465,34.85005],[133.96354,34.85022],[133.96233,34.84966],[133.96143,34.84981],[133.96161,34.84982],[133.96204,34.8505],[133.96333,34.85115],[133.96448,34.85166],[133.96477,34.85245],[133.96695,34.85308],[133.96853,34.85333],[133.96858,34.85405],[133.96878,34.85462],[133.9688,34.85468],[133.96863,34.85489],[133.96708,34.85628],[133.9669,34.85709],[133.96664,34.85806],[133.96598,34.85842],[133.96557,34.859],[133.96593,34.85961],[133.96447,34.86079],[133.9637,34.86274],[133.96318,34.86363],[133.96249,34.86351],[133.96139,34.86381],[133.96134,34.8661],[133.9609,34.86725],[133.96099,34.86818],[133.95992,34.86913],[133.95927,34.87],[133.95847,34.8716],[133.95737,34.87208],[133.95618,34.87283],[133.95578,34.87293],[133.95557,34.87294],[133.9553,34.87285],[133.95457,34.87239],[133.95406,34.87222],[133.95375,34.87204],[133.95321,34.8719],[133.95252,34.87203],[133.95106,34.87275],[133.95017,34.87336],[133.94974,34.87353],[133.94918,34.87286],[133.94927,34.87262],[133.94927,34.87236],[133.94922,34.8719],[133.94905,34.87136],[133.9485,34.87107],[133.9475,34.87118],[133.94685,34.87103],[133.94661,34.87079],[133.94655,34.87068],[133.94614,34.87029],[133.94559,34.86992],[133.94515,34.86974],[133.94495,34.86976],[133.94403,34.87011],[133.94385,34.87008],[133.94364,34.86983],[133.94265,34.87054],[133.94115,34.87117],[133.93884,34.87118],[133.93816,34.87102],[133.93771,34.87091],[133.93618,34.87162],[133.93547,34.87254],[133.93464,34.87353],[133.9342,34.87361],[133.9337,34.87323],[133.93361,34.8732],[133.93298,34.87341],[133.93293,34.87347],[133.93279,34.87387],[133.93282,34.87413],[133.93264,34.87427],[133.93247,34.87431],[133.93195,34.87422],[133.93172,34.87422],[133.93134,34.87438],[133.93073,34.87434],[133.9301,34.87443],[133.92945,34.87433],[133.92924,34.87391],[133.9287,34.87323],[133.92807,34.87261],[133.92778,34.87248],[133.92749,34.87266],[133.92716,34.87304],[133.92716,34.87306],[133.92793,34.87415],[133.92798,34.87552],[133.92948,34.87648],[133.92979,34.87646],[133.93012,34.8766],[133.93048,34.87657],[133.93064,34.87655],[133.93089,34.87661],[133.93121,34.8772],[133.93265,34.87741],[133.9336,34.87839],[133.93402,34.87986],[133.93446,34.88046],[133.93493,34.88077],[133.93517,34.88095],[133.93577,34.88146],[133.93596,34.88156],[133.93738,34.88222],[133.93831,34.88357],[133.93866,34.88415],[133.937,34.88499],[133.93651,34.88514],[133.93584,34.88535],[133.93439,34.8858],[133.93407,34.88611],[133.93338,34.88621],[133.93278,34.88631],[133.93255,34.88636],[133.93238,34.88645],[133.93221,34.88681],[133.93198,34.88713],[133.9317,34.8874],[133.93103,34.88766],[133.93048,34.88813],[133.92996,34.88885],[133.92949,34.88948],[133.92858,34.89062],[133.9278,34.89126],[133.92802,34.892],[133.928,34.89216],[133.92787,34.89282],[133.92794,34.89293],[133.92785,34.89294],[133.92725,34.89324],[133.92542,34.89287],[133.9241,34.89281],[133.92269,34.89328],[133.92145,34.89482],[133.92183,34.89615],[133.92221,34.89695],[133.92222,34.89837],[133.92283,34.8991],[133.9229,34.89937],[133.92278,34.89981],[133.92279,34.89986],[133.92296,34.89997],[133.92308,34.90008],[133.92322,34.90044],[133.92322,34.90052],[133.92315,34.90091],[133.92325,34.90169],[133.92305,34.90217],[133.92262,34.90237],[133.92103,34.90305],[133.92093,34.90331],[133.92091,34.90389],[133.92084,34.904],[133.92079,34.90405],[133.9206,34.90394],[133.92053,34.9039],[133.92015,34.90366],[133.92007,34.90361],[133.91999,34.90351],[133.91993,34.90345],[133.91986,34.90334],[133.91984,34.90318],[133.91984,34.90314],[133.91985,34.90306],[133.91986,34.90299],[133.91986,34.90298],[133.9199,34.90286],[133.91996,34.90277],[133.92009,34.90257],[133.9201,34.90253],[133.92008,34.90248],[133.92004,34.90244],[133.91966,34.90221],[133.91923,34.90228],[133.91913,34.90237],[133.91896,34.90247],[133.91886,34.9025],[133.91885,34.9025],[133.91864,34.90257],[133.91863,34.90257],[133.91857,34.9026],[133.91844,34.90266],[133.91816,34.9028],[133.91813,34.90281],[133.91812,34.90281],[133.91808,34.90281],[133.91807,34.90281],[133.9177,34.90259],[133.91752,34.90248],[133.91741,34.90264],[133.91738,34.90273],[133.91732,34.90302],[133.91728,34.90308],[133.91726,34.90312],[133.91721,34.90319],[133.91719,34.90322],[133.91716,34.90327],[133.91712,34.90338],[133.91707,34.90344],[133.91701,34.90346],[133.91699,34.90347],[133.91688,34.90348],[133.91663,34.9035],[133.91659,34.9035],[133.91654,34.9035],[133.91649,34.9035],[133.91605,34.90341],[133.91594,34.90338],[133.91583,34.90335],[133.91579,34.90335],[133.91574,34.90335],[133.91574,34.90334],[133.9155,34.90334],[133.91542,34.90334],[133.91535,34.90333],[133.91521,34.90333],[133.91514,34.90333],[133.91507,34.90332],[133.91499,34.90332],[133.91494,34.90332],[133.91477,34.90332],[133.91417,34.90308],[133.91402,34.90308],[133.91397,34.90308],[133.91374,34.9031],[133.91369,34.90311],[133.91345,34.90315],[133.91334,34.90316],[133.91331,34.90317],[133.91308,34.90323],[133.91292,34.90329],[133.91267,34.90341],[133.91262,34.90344],[133.9124,34.90358],[133.91228,34.90371],[133.9122,34.9038],[133.91214,34.90388],[133.91205,34.90404],[133.91204,34.90405],[133.91195,34.90429],[133.91193,34.90433],[133.91199,34.90442],[133.91201,34.90444],[133.91201,34.90445],[133.91204,34.90455],[133.91204,34.90459],[133.91204,34.90466],[133.91202,34.90474],[133.91202,34.90475],[133.91198,34.90483],[133.91194,34.90488],[133.91189,34.90494],[133.91187,34.90497],[133.91182,34.90503],[133.9119,34.90524],[133.91196,34.90539],[133.91201,34.90549],[133.91202,34.90551],[133.91215,34.90579],[133.91215,34.90581],[133.91216,34.90582],[133.91218,34.90586],[133.91219,34.90588],[133.9122,34.90589],[133.9122,34.90591],[133.91221,34.90593],[133.91222,34.90594],[133.91223,34.90596],[133.91223,34.90597],[133.91224,34.90597],[133.91224,34.90598],[133.91224,34.90599],[133.91224,34.90608],[133.91198,34.90628],[133.9119,34.90633],[133.91189,34.90634],[133.91185,34.90636],[133.91164,34.9065],[133.91158,34.90648],[133.91121,34.90639],[133.91096,34.90632],[133.91082,34.9063],[133.91066,34.90631],[133.91065,34.90631],[133.91049,34.90635],[133.90979,34.90644],[133.90958,34.90652],[133.90938,34.90662],[133.90923,34.90669],[133.90915,34.90675],[133.90893,34.90688],[133.90886,34.90682],[133.90804,34.90574],[133.90775,34.90543],[133.90751,34.9053],[133.90744,34.90528],[133.90696,34.9051],[133.90693,34.9051],[133.90664,34.90508],[133.90654,34.9051],[133.90532,34.9053],[133.90521,34.90472],[133.90518,34.90424],[133.90496,34.90404],[133.90427,34.90405],[133.90425,34.90402],[133.90427,34.90386],[133.90427,34.90384],[133.90428,34.90371],[133.90429,34.90355],[133.9043,34.90351],[133.90429,34.90339],[133.90428,34.90331],[133.90421,34.90321],[133.90405,34.90317],[133.904,34.90316],[133.90379,34.90316],[133.90374,34.90316],[133.90348,34.90315],[133.90345,34.90309],[133.90343,34.90296],[133.90341,34.90283],[133.90338,34.90266],[133.90333,34.90239],[133.90327,34.90212],[133.90323,34.90198],[133.90316,34.90185],[133.90307,34.90171],[133.90283,34.90153],[133.90255,34.90147],[133.90244,34.90146],[133.90231,34.9015],[133.90133,34.90186],[133.90094,34.90206],[133.90074,34.90215],[133.9006,34.90217],[133.90059,34.90217],[133.90029,34.9026],[133.90015,34.90279],[133.90005,34.90297],[133.90001,34.90307],[133.9,34.90308],[133.89997,34.9032],[133.89994,34.90328],[133.89991,34.90341],[133.89989,34.90349],[133.89988,34.90352],[133.89983,34.90373],[133.89982,34.90379],[133.89982,34.9038],[133.8998,34.90392],[133.89979,34.90399],[133.89975,34.90425],[133.89976,34.90437],[133.89978,34.90451],[133.89978,34.90458],[133.89978,34.90471],[133.89977,34.90504],[133.89979,34.9052],[133.8998,34.9054],[133.8998,34.90547],[133.89978,34.90566],[133.89978,34.90567],[133.89977,34.90572],[133.89976,34.90582],[133.89957,34.906],[133.89923,34.90602],[133.89916,34.90603],[133.89913,34.90603],[133.89906,34.90602],[133.89895,34.90606],[133.8989,34.9061],[133.89858,34.90621],[133.89817,34.90767],[133.8981,34.90769],[133.89773,34.90777],[133.89765,34.90775],[133.89764,34.90775],[133.89754,34.90774],[133.89735,34.90775],[133.89727,34.90778],[133.89726,34.90779],[133.89725,34.90779],[133.89722,34.90781],[133.8972,34.90782],[133.89712,34.90786],[133.89704,34.90787],[133.89687,34.9079],[133.89685,34.9079],[133.89683,34.9079],[133.89673,34.90792],[133.8967,34.90792],[133.89669,34.90792],[133.89665,34.90794],[133.89662,34.90794],[133.89659,34.90795],[133.89653,34.90797],[133.8965,34.90798],[133.89648,34.90798],[133.89643,34.908],[133.89631,34.90805],[133.89627,34.90807],[133.89608,34.90816],[133.896,34.90819],[133.89594,34.90823],[133.89585,34.90829],[133.89581,34.90831],[133.89581,34.90832],[133.8958,34.90832],[133.89577,34.90836],[133.89574,34.9084],[133.89568,34.90847],[133.89568,34.90848],[133.89561,34.90861],[133.89561,34.90868],[133.8956,34.90871],[133.89561,34.90883],[133.89564,34.90887],[133.89569,34.90894],[133.89572,34.90899],[133.89571,34.90901],[133.89571,34.90902],[133.8957,34.90902],[133.89569,34.90904],[133.89566,34.90905],[133.89564,34.90907],[133.89557,34.90913],[133.89512,34.90918],[133.89483,34.90926],[133.89413,34.90966],[133.89412,34.90967],[133.89411,34.90968],[133.8941,34.9097],[133.89409,34.90971],[133.89409,34.90972],[133.89407,34.90978],[133.89407,34.90979],[133.89406,34.9099],[133.89402,34.91141],[133.89446,34.91159],[133.89453,34.91256],[133.89445,34.91372],[133.8961,34.91368],[133.89692,34.91393],[133.89715,34.91397],[133.89752,34.91392],[133.89776,34.91376],[133.89818,34.91368],[133.89858,34.91388],[133.89917,34.91391],[133.9003,34.91385],[133.90072,34.91484],[133.90095,34.91518],[133.90126,34.91545],[133.90161,34.91578],[133.90172,34.91583],[133.90235,34.91579],[133.90274,34.91569],[133.90303,34.91567],[133.90354,34.91565],[133.90405,34.91614],[133.90427,34.9164],[133.90459,34.91697],[133.90471,34.9171],[133.90515,34.91732],[133.90537,34.91739],[133.90598,34.9177],[133.90619,34.91799],[133.90618,34.91809],[133.90612,34.91821],[133.90601,34.91835],[133.90545,34.91883],[133.90538,34.91906],[133.9053,34.9197],[133.90529,34.92028],[133.90501,34.92115],[133.90495,34.92119],[133.90448,34.92149],[133.90426,34.92154],[133.90327,34.92153],[133.90284,34.92152],[133.90266,34.92151],[133.90209,34.9215],[133.90125,34.92159],[133.90074,34.92163],[133.90059,34.92163],[133.89963,34.92161],[133.89958,34.92164],[133.89954,34.92169],[133.89944,34.92199],[133.89937,34.92242],[133.89935,34.92255],[133.89936,34.92264],[133.89941,34.92267],[133.89962,34.92273],[133.89983,34.92275],[133.90006,34.92274],[133.9003,34.92274],[133.90044,34.92308],[133.90051,34.92314],[133.90065,34.92322],[133.90077,34.92324],[133.9009,34.92326],[133.90094,34.92326],[133.90125,34.92319],[133.90139,34.92315],[133.90146,34.92313],[133.90147,34.92308],[133.90167,34.92305],[133.90185,34.9231],[133.9022,34.9237],[133.90226,34.92403],[133.90228,34.92413],[133.90257,34.92464],[133.90302,34.92504],[133.90311,34.92513],[133.90332,34.9254],[133.90369,34.92536],[133.90383,34.9253],[133.90408,34.92513],[133.90453,34.92525],[133.90543,34.92494],[133.90605,34.92481],[133.907,34.92507],[133.90751,34.92557],[133.90771,34.92583],[133.90811,34.92649],[133.90838,34.92687],[133.9085,34.9272],[133.90837,34.92779],[133.90838,34.92808],[133.90853,34.92907],[133.90846,34.92939],[133.9086,34.92976],[133.90903,34.93022],[133.90889,34.93062],[133.90888,34.9308],[133.90946,34.93113],[133.90942,34.93148],[133.90958,34.93229],[133.90929,34.93296],[133.90879,34.93352],[133.90823,34.9339],[133.90736,34.93441],[133.90727,34.93452],[133.90712,34.9348],[133.90692,34.93575],[133.90671,34.93631],[133.9067,34.93634],[133.90656,34.93664],[133.90658,34.93837],[133.90746,34.94136],[133.90881,34.94228],[133.90985,34.94294],[133.91005,34.94359],[133.91006,34.94367],[133.91009,34.9438],[133.91011,34.94396],[133.9102,34.94464],[133.91028,34.94497],[133.91028,34.94498],[133.91024,34.94534],[133.91023,34.94552],[133.91023,34.94553],[133.91023,34.94557],[133.91023,34.94559],[133.91024,34.94567],[133.91025,34.94578],[133.91031,34.94589],[133.91038,34.94601],[133.9105,34.94608],[133.91138,34.94623],[133.91159,34.94624],[133.91166,34.94625],[133.91171,34.94625],[133.91191,34.94632],[133.91196,34.94634],[133.91212,34.9464],[133.91213,34.94641],[133.91211,34.94653],[133.91178,34.94706],[133.91076,34.94775],[133.90916,34.94787],[133.90842,34.94829],[133.90798,34.94866],[133.90617,34.94892],[133.90567,34.94881],[133.90511,34.94851],[133.90519,34.94785],[133.90505,34.94765],[133.90426,34.94713],[133.90394,34.94624],[133.90339,34.94606],[133.90283,34.94572],[133.90269,34.94604],[133.90254,34.94629],[133.90221,34.94653],[133.90184,34.94667],[133.90165,34.94663],[133.9016,34.94658],[133.90161,34.94641],[133.90204,34.94534],[133.9017,34.94482],[133.90167,34.94431],[133.90215,34.9443],[133.90198,34.94398],[133.90184,34.94346],[133.90179,34.94329],[133.90176,34.94295],[133.90075,34.94296],[133.89849,34.94285],[133.89828,34.94312],[133.8978,34.94352],[133.89768,34.94403],[133.89772,34.94463],[133.89768,34.94476],[133.89668,34.94515],[133.89613,34.94507],[133.89602,34.94507],[133.89597,34.94496],[133.89601,34.94476],[133.89601,34.94469],[133.89543,34.94436],[133.89496,34.94446],[133.89469,34.94456],[133.89334,34.94441],[133.89312,34.94439],[133.89242,34.94444],[133.89223,34.94449],[133.89217,34.94469],[133.8923,34.9451],[133.89029,34.94499],[133.88984,34.94482],[133.88904,34.94392],[133.88835,34.94375],[133.88785,34.94422],[133.88775,34.94457],[133.88735,34.94557],[133.88782,34.94644],[133.88733,34.94655],[133.88705,34.94692],[133.88695,34.94727],[133.88647,34.94815],[133.88506,34.94879],[133.88488,34.94838],[133.88405,34.94832],[133.88311,34.94824],[133.88273,34.94815],[133.88241,34.9476],[133.88195,34.94715],[133.88144,34.94617],[133.88042,34.9449],[133.88024,34.94459],[133.87919,34.94381],[133.87827,34.94333],[133.87633,34.94138],[133.87606,34.94091],[133.87551,34.94084],[133.87515,34.94077],[133.87445,34.94046],[133.87355,34.94009],[133.87318,34.93978],[133.87262,34.93904],[133.8716,34.93873],[133.8711,34.93867],[133.87082,34.93856],[133.87068,34.9385],[133.87017,34.93863],[133.87025,34.938],[133.86998,34.93797],[133.8694,34.93791],[133.86902,34.93784],[133.86888,34.93777],[133.86879,34.93758],[133.86884,34.93737],[133.86873,34.93664],[133.86873,34.93615],[133.86865,34.93598],[133.86862,34.93583],[133.86859,34.93558],[133.86859,34.93539],[133.86866,34.93516],[133.86881,34.93499],[133.86905,34.93484],[133.86906,34.9348],[133.86899,34.93409],[133.86913,34.93391],[133.86918,34.9328],[133.86849,34.93284],[133.86677,34.93391],[133.86603,34.93472],[133.86555,34.93652],[133.86551,34.93671],[133.86399,34.937],[133.86395,34.93797],[133.86303,34.93855],[133.86299,34.93956],[133.86283,34.94091],[133.8625,34.94151],[133.86187,34.94187],[133.8618,34.94239],[133.86098,34.94375],[133.8583,34.94314],[133.85665,34.94297],[133.85526,34.9445],[133.85436,34.94518],[133.85245,34.94535],[133.85217,34.94395],[133.85099,34.94331],[133.84918,34.94295],[133.8498,34.94196],[133.85101,34.94104],[133.85167,34.94027],[133.85231,34.9399],[133.85286,34.93912],[133.85273,34.9384],[133.85219,34.93619],[133.85025,34.93426],[133.85162,34.93258],[133.85221,34.93137],[133.85261,34.92984],[133.85268,34.92894],[133.85264,34.92813],[133.85221,34.92712],[133.85152,34.92647],[133.85046,34.92589],[133.84854,34.92459],[133.84776,34.92374],[133.84703,34.92212],[133.84709,34.92102],[133.84857,34.91859],[133.84985,34.91642],[133.85112,34.91538],[133.85202,34.91494],[133.85417,34.91439],[133.85599,34.91378],[133.85809,34.91303],[133.85946,34.91224],[133.86033,34.91131],[133.86203,34.90888],[133.86278,34.90709],[133.86398,34.90612],[133.86457,34.90589],[133.86712,34.90537],[133.86796,34.90535],[133.86912,34.90561],[133.87006,34.90605],[133.87225,34.90704],[133.87333,34.90716],[133.87358,34.90714],[133.87539,34.90687],[133.87611,34.90648],[133.87636,34.90606],[133.87715,34.90444],[133.87741,34.90403],[133.87776,34.90363],[133.87819,34.90317],[133.87678,34.90216],[133.87635,34.90206],[133.8757,34.90214],[133.87547,34.9021],[133.87514,34.90191],[133.87408,34.90113],[133.87319,34.90064],[133.87291,34.90056],[133.87259,34.90071],[133.87186,34.90036],[133.87166,34.90027],[133.87013,34.90019],[133.86945,34.90033],[133.86902,34.90042],[133.86867,34.90034],[133.86828,34.90014],[133.86735,34.90049],[133.8665,34.90043],[133.86619,34.90043],[133.86593,34.90029],[133.8651,34.89921],[133.86531,34.8984],[133.86555,34.89803],[133.86565,34.89774],[133.86562,34.89767],[133.86528,34.89715],[133.86475,34.89657],[133.86365,34.896],[133.86299,34.89554],[133.8625,34.89535],[133.86087,34.89485],[133.86039,34.89445],[133.86007,34.89417],[133.85977,34.8941],[133.85908,34.89413],[133.85805,34.89432],[133.85697,34.89519],[133.85658,34.89509],[133.85508,34.8939],[133.85535,34.89333],[133.85464,34.89287],[133.85268,34.89146],[133.85246,34.89127],[133.8516,34.89049],[133.85114,34.88921],[133.85125,34.88809],[133.8514,34.88779],[133.85268,34.88697],[133.8522,34.8868],[133.8512,34.8869],[133.85051,34.88744],[133.84987,34.88729],[133.84931,34.88648],[133.84866,34.88623],[133.84813,34.88569],[133.8483,34.88483],[133.84823,34.88461],[133.84789,34.8842],[133.84794,34.88369],[133.84808,34.88353],[133.84929,34.8822],[133.84933,34.88206],[133.84916,34.88121],[133.84924,34.88023],[133.84958,34.87991],[133.85017,34.87956],[133.84901,34.8789],[133.84768,34.87873],[133.84732,34.87807],[133.84677,34.87633],[133.84688,34.87584],[133.84656,34.87488],[133.84584,34.87418],[133.84528,34.8732],[133.84417,34.8717],[133.84238,34.86924],[133.84303,34.86861],[133.84395,34.86823],[133.84359,34.86763],[133.84459,34.86734],[133.84506,34.86623],[133.84675,34.8648],[133.84705,34.86421],[133.84626,34.8628],[133.84614,34.86158],[133.84491,34.86006],[133.84545,34.85882],[133.84582,34.85718],[133.84686,34.85671],[133.84715,34.85473],[133.84789,34.85425],[133.84867,34.8541],[133.848,34.85412],[133.84814,34.85388],[133.84819,34.8537],[133.84818,34.85359],[133.8478,34.85301],[133.84711,34.85222],[133.8469,34.85198],[133.84676,34.85186],[133.84627,34.85172],[133.84621,34.8517],[133.84608,34.85157],[133.84597,34.85148],[133.84572,34.85136],[133.84563,34.85131],[133.84525,34.85101],[133.84517,34.85092],[133.8451,34.85075],[133.84496,34.85064],[133.84469,34.85053],[133.84437,34.85037],[133.84364,34.84985],[133.84287,34.84859],[133.84275,34.84671],[133.84283,34.84611],[133.84355,34.84554],[133.8433,34.84453],[133.84168,34.84364],[133.83932,34.84269],[133.83825,34.8424],[133.83763,34.84225],[133.83531,34.84213],[133.83414,34.84163],[133.83345,34.84118],[133.83327,34.84129],[133.83344,34.84175],[133.83409,34.8424],[133.83435,34.84313],[133.83398,34.84335],[133.83332,34.84353],[133.83302,34.84353],[133.83254,34.84331],[133.83139,34.84214],[133.83079,34.84228],[133.82996,34.84224],[133.82821,34.84168],[133.82643,34.84009],[133.82596,34.84003],[133.82506,34.83936],[133.82478,34.83859],[133.82363,34.83757],[133.8223,34.83746],[133.8215,34.83683],[133.82074,34.83656],[133.8203,34.83589],[133.81988,34.83514],[133.81849,34.83521],[133.81776,34.83471],[133.81768,34.83361],[133.81745,34.83328],[133.8174,34.83288],[133.81657,34.83153],[133.8162,34.82967],[133.81626,34.82888],[133.81658,34.82844],[133.81725,34.82764],[133.81713,34.82728],[133.81699,34.82696],[133.81693,34.82674],[133.81704,34.82653],[133.81711,34.82645],[133.81738,34.82632],[133.81754,34.82621],[133.8177,34.82563],[133.81765,34.82538],[133.81765,34.82523],[133.81772,34.82443],[133.81781,34.82394],[133.81803,34.82375],[133.81906,34.82307],[133.81906,34.82299],[133.819,34.82276],[133.81929,34.82235],[133.81937,34.82213],[133.81944,34.82199],[133.81995,34.82149],[133.82029,34.82112],[133.8202,34.82093],[133.82013,34.82047],[133.82009,34.82015],[133.82024,34.81958],[133.82032,34.81937],[133.81991,34.81923],[133.81947,34.81912],[133.81893,34.8189],[133.81857,34.81881],[133.81844,34.8188],[133.8184,34.81877],[133.81831,34.81865],[133.81829,34.81846],[133.81803,34.81784],[133.81797,34.81766],[133.81791,34.81736],[133.81783,34.81709],[133.81784,34.81674],[133.81788,34.81662],[133.81819,34.81616],[133.8182,34.81605],[133.81815,34.81589],[133.81804,34.81569],[133.81804,34.81554],[133.81807,34.81539],[133.81824,34.81517],[133.81834,34.81499],[133.81841,34.81468],[133.81856,34.81442],[133.81859,34.81431],[133.81849,34.81391],[133.81841,34.81365],[133.81822,34.81336],[133.8182,34.8132],[133.81836,34.8127],[133.81847,34.81253],[133.81894,34.81199],[133.81978,34.81107],[133.82005,34.81081],[133.82003,34.81053],[133.82004,34.81031],[133.81969,34.80945],[133.81951,34.80929],[133.81928,34.80897],[133.81928,34.8084],[133.81923,34.80834],[133.81906,34.80821],[133.81896,34.80796],[133.81892,34.80759],[133.81858,34.80681],[133.81869,34.8066],[133.81845,34.80648],[133.81778,34.80604],[133.81677,34.80566],[133.81621,34.80554],[133.81555,34.8055],[133.81476,34.80556],[133.81441,34.80563],[133.8134,34.80579],[133.8128,34.80609],[133.81202,34.80674],[133.81153,34.80702],[133.81067,34.80728],[133.81036,34.8073],[133.80988,34.80734],[133.80961,34.80749],[133.8091,34.80767],[133.80786,34.80802],[133.80751,34.8083],[133.80716,34.8089],[133.80699,34.80954],[133.80712,34.81162],[133.80667,34.8121],[133.80515,34.81245],[133.80333,34.81308],[133.80255,34.81308],[133.80233,34.81388],[133.80142,34.81462],[133.79994,34.81463],[133.79909,34.81513],[133.79884,34.81567],[133.79875,34.81707],[133.7994,34.81826],[133.79959,34.8193],[133.7994,34.81976],[133.79842,34.81968],[133.79715,34.81927],[133.79629,34.81876],[133.79626,34.81809],[133.79539,34.8174],[133.79519,34.81666],[133.79518,34.81456],[133.79489,34.81384],[133.79226,34.81435],[133.79147,34.8141],[133.78957,34.81306],[133.78734,34.81109],[133.78704,34.81046],[133.78725,34.81111],[133.78579,34.81135],[133.78543,34.81137],[133.78501,34.81133],[133.78418,34.81127],[133.78357,34.81094],[133.78317,34.81075],[133.78305,34.81052],[133.78311,34.81023],[133.7833,34.80946],[133.78273,34.8092],[133.78145,34.80899],[133.78084,34.80886],[133.78111,34.8085],[133.78111,34.8079],[133.78102,34.80773],[133.7808,34.80689],[133.78058,34.80642],[133.7802,34.8058],[133.78013,34.80553],[133.78007,34.80499],[133.7795,34.80449],[133.77934,34.80421],[133.77873,34.80358],[133.7783,34.80337],[133.77746,34.80262],[133.77662,34.80233],[133.7761,34.80182],[133.77558,34.80129],[133.77421,34.80035],[133.77318,34.79959],[133.77355,34.7993],[133.77407,34.79943],[133.77442,34.79933],[133.77483,34.79932],[133.77495,34.79924],[133.77468,34.79799],[133.77425,34.79716],[133.77434,34.79651],[133.77401,34.79574],[133.77412,34.79555],[133.77445,34.79483],[133.77429,34.79421],[133.77409,34.79398],[133.77398,34.79284],[133.77409,34.79218],[133.77409,34.79171],[133.7741,34.79142],[133.77394,34.79108],[133.77344,34.79004],[133.77348,34.78925],[133.77353,34.78899],[133.77382,34.78837],[133.77333,34.78746],[133.77329,34.7868],[133.772,34.78624],[133.77189,34.78623],[133.7716,34.78631],[133.77119,34.7864],[133.77053,34.78646],[133.76983,34.78645],[133.76813,34.78654],[133.76754,34.78681],[133.76749,34.78691],[133.76746,34.78764],[133.76745,34.78784],[133.7671,34.78862],[133.76651,34.78938],[133.76641,34.78956],[133.76622,34.78972],[133.76513,34.78864],[133.76346,34.78773],[133.76313,34.78764],[133.76273,34.78737],[133.76199,34.78647],[133.76086,34.78615],[133.76006,34.78602],[133.75893,34.7859],[133.75803,34.78554],[133.75749,34.78489],[133.75659,34.78288],[133.75597,34.78212],[133.75542,34.78233],[133.75477,34.78329],[133.75406,34.78387],[133.75372,34.78434],[133.75363,34.78475],[133.75296,34.78568],[133.75139,34.78619],[133.75058,34.78641],[133.74999,34.78663],[133.74968,34.78684],[133.74883,34.78745],[133.74874,34.78755],[133.74806,34.78742],[133.74804,34.78705],[133.74786,34.78682],[133.74743,34.78564],[133.7477,34.78455],[133.74913,34.78278],[133.74881,34.782],[133.74862,34.78136],[133.74783,34.78],[133.74747,34.77981],[133.74717,34.77881],[133.74711,34.77867],[133.74691,34.77831],[133.74666,34.77771],[133.74613,34.77706],[133.74393,34.7769],[133.74352,34.77639],[133.74361,34.77381],[133.74333,34.77323],[133.74168,34.77176],[133.74141,34.77093],[133.74001,34.76986],[133.73956,34.76888],[133.74,34.76797],[133.74038,34.7672],[133.7402,34.76661],[133.73986,34.76528],[133.74004,34.76411],[133.73979,34.76213],[133.73998,34.76073],[133.74052,34.76015],[133.74179,34.75982],[133.74257,34.75854],[133.74195,34.75817],[133.74222,34.75766],[133.74214,34.75729],[133.74134,34.75648],[133.74135,34.75567],[133.74082,34.75545],[133.741,34.75508],[133.74304,34.75502],[133.74402,34.75546],[133.74429,34.75495],[133.74492,34.75473],[133.74545,34.75424],[133.7459,34.75393],[133.74614,34.75351],[133.74635,34.75271],[133.74642,34.75115],[133.74557,34.75092],[133.74494,34.75069],[133.74415,34.75032],[133.74308,34.74943],[133.74352,34.7491],[133.74396,34.74906],[133.74825,34.74873],[133.74879,34.74858],[133.75048,34.74859],[133.75235,34.74816],[133.75351,34.74809],[133.75369,34.7475],[133.75422,34.74728],[133.75478,34.74768],[133.75571,34.74888],[133.75705,34.74958],[133.75745,34.7491],[133.7581,34.7488],[133.7584,34.74848],[133.76099,34.74866],[133.7614,34.7486],[133.76208,34.74855],[133.76221,34.74814],[133.76194,34.74737],[133.76195,34.74621],[133.76213,34.7455],[133.76289,34.74499],[133.76334,34.74493],[133.76396,34.74428],[133.76422,34.74385],[133.76463,34.74383],[133.76482,34.74365],[133.7656,34.74319],[133.76574,34.74284],[133.76618,34.74221],[133.76688,34.74185],[133.7674,34.74158],[133.76757,34.74154],[133.76793,34.74159],[133.76862,34.74214],[133.76966,34.74274],[133.77021,34.74275],[133.77051,34.74257],[133.77078,34.74229],[133.7723,34.74198],[133.77254,34.74187],[133.77259,34.74166],[133.77348,34.74094],[133.77375,34.74072],[133.77395,34.74052],[133.77496,34.7402],[133.77593,34.74025],[133.77677,34.74008],[133.77694,34.73998],[133.77805,34.73963],[133.77927,34.73912],[133.7794,34.73899],[133.77947,34.7385],[133.77961,34.73805],[133.78022,34.73749],[133.78066,34.73708],[133.78111,34.73658],[133.7814,34.73628],[133.78181,34.73617],[133.78208,34.73611],[133.78258,34.73602],[133.78314,34.73538],[133.7842,34.73505],[133.78443,34.73495],[133.78514,34.73437],[133.78674,34.73383],[133.78751,34.73341],[133.78849,34.7323],[133.78857,34.7321],[133.78887,34.73177],[133.78901,34.73168],[133.78925,34.73154],[133.78912,34.73141],[133.78979,34.73157],[133.79034,34.73153],[133.79091,34.73148],[133.79109,34.73089],[133.79122,34.73053],[133.79211,34.7293],[133.79232,34.72892],[133.79285,34.72861],[133.79336,34.72806],[133.79363,34.72733],[133.79393,34.72668],[133.79465,34.72558],[133.79491,34.72537],[133.79561,34.72493],[133.7956,34.72467],[133.79569,34.72401],[133.79598,34.72324],[133.79684,34.72258],[133.79674,34.72191],[133.79667,34.72099],[133.79676,34.72058],[133.79714,34.7197],[133.79797,34.71846],[133.79845,34.71726],[133.79905,34.71634],[133.79784,34.71611],[133.79778,34.71587],[133.79835,34.71461],[133.79813,34.71452],[133.79791,34.71399],[133.7983,34.71293],[133.79812,34.71224],[133.79853,34.71177],[133.79876,34.71165],[133.79909,34.71157],[133.79928,34.711],[133.79987,34.71083],[133.79937,34.70993],[133.79915,34.70964],[133.79863,34.70859],[133.79829,34.70785],[133.79831,34.70591],[133.7978,34.70588],[133.79672,34.70533],[133.79629,34.70512],[133.79501,34.70453],[133.79445,34.70434],[133.79349,34.70389],[133.79235,34.70339],[133.79232,34.70335],[133.79225,34.70325],[133.79212,34.70309],[133.79207,34.70299],[133.7919,34.70313],[133.79177,34.70307],[133.79138,34.70289],[133.78981,34.70207],[133.78897,34.70178],[133.7861,34.70052],[133.78643,34.70003],[133.78595,34.69991],[133.78352,34.69879],[133.78252,34.69889],[133.78238,34.69853],[133.78269,34.69845],[133.78347,34.69826],[133.78537,34.69751],[133.78609,34.69726],[133.7873,34.69717],[133.78817,34.69716],[133.78821,34.69702],[133.78741,34.69707],[133.78668,34.69697],[133.78639,34.6968],[133.78679,34.69631],[133.78706,34.69562],[133.7871,34.69517],[133.7873,34.69481],[133.78735,34.69478],[133.78788,34.69507],[133.78797,34.69492],[133.78875,34.69575],[133.78942,34.69688],[133.78983,34.69712],[133.79008,34.69727],[133.79019,34.69757],[133.79002,34.69831],[133.79096,34.69882],[133.79155,34.69854],[133.79239,34.69737],[133.79291,34.69657],[133.7934,34.69591],[133.79443,34.6964],[133.79503,34.69514],[133.79564,34.69443],[133.7967,34.69217],[133.79706,34.69195],[133.79759,34.69139],[133.79803,34.69062],[133.79843,34.6905],[133.79935,34.69034],[133.80129,34.68987],[133.80177,34.6897],[133.80222,34.68948],[133.80249,34.6893],[133.80277,34.68903],[133.80413,34.68756],[133.80476,34.68718],[133.8054,34.6871],[133.8048,34.68703],[133.80413,34.68691],[133.80416,34.68602],[133.80413,34.68513],[133.80378,34.68423],[133.8034,34.68375],[133.80315,34.68337],[133.80318,34.68335],[133.80277,34.68288],[133.80249,34.68246],[133.80215,34.68216],[133.80186,34.68184],[133.80178,34.68177],[133.80165,34.68116],[133.8018,34.68049],[133.80111,34.67958],[133.80063,34.67925],[133.79976,34.67893],[133.79935,34.67884],[133.79853,34.67875],[133.79796,34.67877],[133.79762,34.67872],[133.79728,34.67855],[133.7957,34.6768],[133.79577,34.67557],[133.79571,34.6749],[133.79575,34.67447],[133.79567,34.67345],[133.7954,34.67223],[133.79499,34.67235],[133.79441,34.67273],[133.79368,34.67274],[133.79461,34.67171],[133.79492,34.67146],[133.79522,34.671],[133.79578,34.67097],[133.79595,34.66979],[133.79609,34.6692],[133.79651,34.66841],[133.79664,34.66813],[133.797,34.66697],[133.79771,34.66618],[133.79828,34.66569],[133.79909,34.66489],[133.79995,34.66374],[133.80018,34.66344],[133.80109,34.66268],[133.80149,34.66271],[133.8033,34.66304],[133.80472,34.66359],[133.80597,34.66496],[133.80659,34.6653],[133.80852,34.66587],[133.80929,34.66574],[133.80944,34.6657],[133.81085,34.66629],[133.81161,34.66636],[133.81212,34.667],[133.81209,34.66702],[133.81234,34.66781],[133.81675,34.66774],[133.81872,34.66799],[133.82026,34.66846],[133.82126,34.66837],[133.82186,34.66836],[133.82225,34.66843],[133.82296,34.66871],[133.82495,34.66947],[133.82585,34.6669],[133.82581,34.66638],[133.82611,34.66635],[133.82896,34.66471],[133.82941,34.66495],[133.83093,34.66409],[133.83135,34.66412],[133.83208,34.66336],[133.83328,34.66301],[133.83339,34.66255],[133.83496,34.662],[133.83576,34.66118],[133.83549,34.66082],[133.83536,34.66072],[133.83482,34.66033],[133.83509,34.65958],[133.83488,34.65946],[133.83516,34.6586],[133.83541,34.65848],[133.83541,34.65786],[133.83547,34.65766],[133.83668,34.65789],[133.83706,34.65677],[133.83724,34.65637],[133.83767,34.65531],[133.83784,34.65504],[133.83568,34.65452],[133.83593,34.65303],[133.83663,34.65164],[133.83416,34.65103],[133.8337,34.65228],[133.83157,34.65161],[133.83153,34.65132],[133.83279,34.64836],[133.8336,34.64558],[133.83488,34.64171],[133.83617,34.63845],[133.83685,34.63652],[133.83746,34.63532],[133.83894,34.63562],[133.83928,34.63465],[133.83907,34.63376],[133.83894,34.63378],[133.83804,34.63392],[133.83676,34.63417],[133.83561,34.63409],[133.83534,34.63388],[133.83516,34.63381],[133.83604,34.63175],[133.83599,34.63124],[133.83533,34.62995],[133.83439,34.62943],[133.83385,34.62904],[133.83335,34.62783],[133.83105,34.62794],[133.83033,34.62776],[133.83061,34.62759],[133.83112,34.62723],[133.83144,34.62697],[133.83165,34.6266],[133.83198,34.62588],[133.83249,34.62598],[133.83331,34.6262],[133.83337,34.62598],[133.83375,34.62577],[133.83435,34.62461],[133.83439,34.62436],[133.83443,34.62407],[133.83439,34.62353],[133.83446,34.62328],[133.83502,34.62238],[133.8351,34.62165],[133.8351,34.6212],[133.83593,34.61995],[133.8359,34.61994],[133.83677,34.61981],[133.83745,34.62021],[133.8379,34.62008],[133.83942,34.61869],[133.84012,34.619],[133.84056,34.6199],[133.84193,34.62043],[133.8432,34.62106],[133.84356,34.62179],[133.84356,34.62313],[133.84419,34.62367],[133.84416,34.6245],[133.84581,34.62506],[133.84734,34.62675],[133.84733,34.62773],[133.84906,34.62924],[133.84967,34.62966],[133.84991,34.62982],[133.85022,34.63009],[133.85115,34.63064],[133.85149,34.6309],[133.85197,34.632],[133.85276,34.63298],[133.85209,34.63444],[133.85328,34.63488],[133.85552,34.63548],[133.85674,34.63566],[133.8578,34.63621],[133.85939,34.63668],[133.86095,34.63621],[133.86126,34.63612],[133.86224,34.63576],[133.8671,34.63349],[133.86795,34.63301],[133.86811,34.63291],[133.86939,34.6328],[133.87075,34.63317],[133.8718,34.63384],[133.87308,34.63429],[133.87391,34.63423],[133.87601,34.63363],[133.88027,34.63223],[133.88056,34.63204],[133.88157,34.63079],[133.88345,34.62976],[133.88423,34.62962],[133.88721,34.62946],[133.88786,34.63122],[133.88959,34.63105],[133.89069,34.63114],[133.89131,34.63022],[133.89166,34.63125],[133.89183,34.63363],[133.89316,34.63396],[133.89478,34.63399],[133.89634,34.63515],[133.89764,34.63505],[133.89753,34.63652],[133.89901,34.6368],[133.89956,34.63707],[133.90051,34.63618],[133.90132,34.63594],[133.90181,34.63606],[133.90457,34.63595],[133.90576,34.63717],[133.90594,34.63768],[133.90614,34.63813],[133.90667,34.63808],[133.90972,34.64104],[133.91017,34.64161],[133.91049,34.64215],[133.91098,34.64387],[133.91103,34.64387],[133.91113,34.64324],[133.91116,34.64303],[133.91143,34.64307],[133.91173,34.64318],[133.91203,34.64343],[133.91247,34.64384],[133.91298,34.6435],[133.9121,34.64325],[133.91199,34.64222],[133.91235,34.64025],[133.91229,34.63933],[133.91321,34.63918],[133.91307,34.63816],[133.91411,34.638],[133.91417,34.63772],[133.91775,34.63766],[133.91728,34.63552],[133.91768,34.63487],[133.91611,34.63422],[133.91666,34.63328],[133.91587,34.63087],[133.91634,34.63057],[133.91564,34.62978],[133.92304,34.62837],[133.92463,34.62809],[133.9251,34.62994],[133.92565,34.62994],[133.92574,34.63047],[133.9265,34.6304],[133.92665,34.63234],[133.92686,34.635],[133.92977,34.63474],[133.92986,34.63473],[133.93041,34.63469],[133.93266,34.63447],[133.93306,34.63701],[133.93635,34.63519],[133.93776,34.63475],[133.93864,34.63595],[133.93683,34.63743],[133.93508,34.63925],[133.93388,34.64092],[133.93329,34.64187],[133.93255,34.64309],[133.93155,34.645],[133.93072,34.64675],[133.93051,34.64777],[133.93051,34.64901],[133.93053,34.6493],[133.93056,34.64942],[133.9309,34.65053],[133.93092,34.65059],[133.9315,34.65227],[133.93183,34.65362],[133.93183,34.65363],[133.93238,34.65622],[133.93318,34.65835],[133.93399,34.65939],[133.93574,34.66046],[133.93655,34.66092],[133.93721,34.66145],[133.93758,34.66217],[133.93787,34.6628],[133.93883,34.66332],[133.939,34.66365],[133.93899,34.66424],[133.93888,34.66502],[133.9384,34.66644],[133.93785,34.66803],[133.93746,34.66853],[133.93668,34.66899],[133.93618,34.66922],[133.93446,34.67009],[133.93349,34.6705],[133.9327,34.67052],[133.93259,34.67127],[133.93223,34.67274],[133.93207,34.67465],[133.93217,34.67538],[133.93234,34.67669],[133.93244,34.67759],[133.9328,34.67865],[133.93281,34.67867]],[[133.92106,34.67114],[133.91887,34.67107],[133.92102,34.67114],[133.92106,34.67114]],[[133.91433,34.66206],[133.9143,34.663],[133.91448,34.66306],[133.91433,34.66206]],[[133.92896,34.73649],[133.92897,34.73659],[133.929,34.73657],[133.92896,34.73649]],[[133.9168,34.66012],[133.91682,34.66109],[133.91703,34.6611],[133.9168,34.66012]],[[133.91931,34.6447],[133.91919,34.64405],[133.91916,34.64472],[133.91931,34.6447]],[[133.9105,34.65075],[133.91052,34.65077],[133.91056,34.65007],[133.9105,34.65075]],[[133.9216,34.63885],[133.92133,34.63889],[133.9215,34.6396],[133.9216,34.63885]],[[133.87743,34.65054],[133.87821,34.65036],[133.87745,34.65028],[133.87743,34.65054]],[[133.88099,34.77024],[133.88096,34.77004],[133.8809,34.76999],[133.88099,34.77024]],[[133.86184,34.75622],[133.861,34.75586],[133.85969,34.75551],[133.86184,34.75622]],[[133.84933,34.73245],[133.84961,34.73223],[133.84934,34.73197],[133.84933,34.73245]],[[133.82864,34.73963],[133.82821,34.74006],[133.82851,34.73995],[133.82864,34.73963]],[[133.85801,34.72116],[133.85734,34.72085],[133.85812,34.72134],[133.85801,34.72116]],[[133.90821,34.75566],[133.90859,34.75551],[133.90879,34.75524],[133.90821,34.75566]],[[133.82475,34.7341],[133.82515,34.73443],[133.82535,34.73454],[133.82475,34.7341]],[[133.846,34.70554],[133.84573,34.70557],[133.84564,34.70586],[133.846,34.70554]],[[133.82956,34.71452],[133.82913,34.71493],[133.82918,34.71498],[133.82956,34.71452]],[[133.82491,34.7121],[133.82494,34.71226],[133.82588,34.71256],[133.82491,34.7121]],[[133.81661,34.7142],[133.816,34.714],[133.81667,34.71432],[133.81661,34.7142]],[[133.79776,34.69755],[133.79733,34.69826],[133.79759,34.69784],[133.79776,34.69755]],[[133.83909,34.65505],[133.83886,34.65528],[133.83923,34.65564],[133.83909,34.65505]],[[133.80684,34.78293],[133.80692,34.78317],[133.80712,34.78339],[133.80684,34.78293]],[[133.84159,34.76964],[133.84138,34.7695],[133.8415,34.76959],[133.84159,34.76964]],[[133.81904,34.74005],[133.81872,34.74018],[133.81905,34.74016],[133.81904,34.74005]],[[133.85909,34.84778],[133.86043,34.84702],[133.86019,34.84703],[133.85909,34.84778]],[[133.96206,34.83165],[133.9613,34.83046],[133.96168,34.83114],[133.96206,34.83165]]],[[[133.92823,34.64619],[133.92762,34.64636],[133.928,34.64625],[133.92823,34.64619]]]]}},{"type":"Feature","properties":{"nm":"岡山市中区","b":[133.9305,34.6001,134.0068,34.7142],"c":[133.96598,34.66112]},"geometry":{"type":"Polygon","coordinates":[[[133.93574,34.66046],[133.93399,34.65939],[133.93318,34.65835],[133.93238,34.65622],[133.93183,34.65363],[133.93183,34.65362],[133.9315,34.65227],[133.93092,34.65059],[133.9309,34.65053],[133.93056,34.64942],[133.93199,34.64923],[133.93053,34.6493],[133.93051,34.64901],[133.93051,34.64777],[133.93072,34.64675],[133.93155,34.645],[133.93255,34.64309],[133.93329,34.64187],[133.93388,34.64092],[133.93508,34.63925],[133.93683,34.63743],[133.93864,34.63595],[133.9403,34.63465],[133.94356,34.63214],[133.9459,34.63031],[133.94691,34.62914],[133.9479,34.6277],[133.94979,34.62522],[133.95079,34.62426],[133.95139,34.62378],[133.95238,34.62301],[133.95367,34.62177],[133.95495,34.62031],[133.95795,34.61698],[133.95872,34.61599],[133.96096,34.61347],[133.96156,34.6128],[133.96179,34.61255],[133.9636,34.61354],[133.96668,34.61016],[133.96684,34.60993],[133.9669,34.60993],[133.97108,34.60532],[133.97072,34.60524],[133.97144,34.60493],[133.97167,34.60462],[133.97212,34.60409],[133.97234,34.60403],[133.97306,34.60329],[133.97462,34.60207],[133.97592,34.60104],[133.97685,34.60054],[133.97853,34.60014],[133.98163,34.60016],[133.9816,34.60066],[133.97998,34.60063],[133.97816,34.60287],[133.97896,34.60334],[133.97989,34.60216],[133.98088,34.6027],[133.97996,34.60388],[133.98078,34.60432],[133.98277,34.60185],[133.98458,34.60285],[133.98262,34.60535],[133.98398,34.60614],[133.9841,34.60669],[133.98575,34.60466],[133.98671,34.6052],[133.98799,34.60705],[133.98717,34.60843],[133.98402,34.60758],[133.98394,34.60692],[133.98348,34.60671],[133.98288,34.60708],[133.98123,34.60615],[133.98082,34.60666],[133.98096,34.60688],[133.98148,34.60693],[133.98362,34.60794],[133.98358,34.60813],[133.98384,34.60805],[133.98525,34.60875],[133.98524,34.60894],[133.98551,34.60891],[133.9865,34.60939],[133.98885,34.61051],[133.98871,34.61109],[133.99005,34.61172],[133.99049,34.6113],[133.99503,34.6134],[133.99577,34.61321],[133.99585,34.61431],[133.9915,34.61462],[133.99052,34.61565],[133.98929,34.6172],[133.98627,34.6248],[133.98596,34.6256],[133.9866,34.63659],[133.98684,34.64123],[133.9865,34.64325],[133.98648,34.64503],[133.98671,34.64613],[133.98783,34.64766],[133.98794,34.64921],[133.98846,34.65129],[133.98808,34.65277],[133.98919,34.65505],[133.99069,34.65544],[133.99178,34.65641],[133.99266,34.65798],[133.99282,34.659],[133.99294,34.66083],[133.9925,34.66239],[133.99303,34.66392],[133.99099,34.66464],[133.98935,34.6647],[133.98911,34.66612],[133.98798,34.66705],[133.98622,34.66789],[133.98529,34.66774],[133.98459,34.66813],[133.98562,34.66907],[133.98573,34.6698],[133.98731,34.66912],[133.98757,34.66975],[133.98854,34.66943],[133.99085,34.67016],[133.99167,34.67026],[133.9925,34.67111],[133.99552,34.67099],[133.99763,34.67103],[133.99764,34.66997],[133.9984,34.66994],[133.99882,34.67068],[133.99879,34.67189],[134.00043,34.67195],[134.00121,34.67173],[134.00126,34.67283],[134.00216,34.673],[134.0026,34.67279],[134.00332,34.67329],[134.00531,34.67428],[134.00599,34.67481],[134.00671,34.67636],[134.00684,34.67759],[134.00578,34.67931],[134.0049,34.67982],[134.00407,34.6812],[134.00386,34.68217],[133.99905,34.68211],[133.99856,34.68212],[133.99865,34.68285],[133.99794,34.683],[133.99808,34.68411],[133.99761,34.68444],[133.99676,34.68448],[133.99632,34.684],[133.99516,34.68403],[133.99395,34.68339],[133.99266,34.68359],[133.99265,34.68324],[133.99162,34.68301],[133.98908,34.68304],[133.98905,34.68495],[133.98904,34.69014],[133.98877,34.69108],[133.98914,34.69191],[133.98906,34.6949],[133.98912,34.69702],[133.9891,34.69735],[133.98796,34.69741],[133.98741,34.69923],[133.98688,34.69947],[133.9871,34.70118],[133.98628,34.70223],[133.98627,34.70398],[133.98476,34.70441],[133.98452,34.70492],[133.98456,34.70663],[133.98594,34.70765],[133.9839,34.70767],[133.98457,34.70887],[133.98623,34.71081],[133.98655,34.71202],[133.98597,34.71317],[133.98476,34.71317],[133.98348,34.71398],[133.98237,34.71404],[133.98022,34.71331],[133.97972,34.71422],[133.97822,34.71351],[133.97744,34.71332],[133.97537,34.71319],[133.97531,34.714],[133.97398,34.71398],[133.97155,34.71374],[133.97036,34.71385],[133.96661,34.714],[133.96417,34.71391],[133.96074,34.71318],[133.95911,34.71313],[133.9591,34.7118],[133.96108,34.71165],[133.96445,34.71166],[133.96481,34.71145],[133.96241,34.71084],[133.95997,34.7105],[133.95928,34.70882],[133.95847,34.70776],[133.9575,34.70735],[133.95695,34.70685],[133.95638,34.7054],[133.95574,34.70599],[133.95457,34.7052],[133.95314,34.70454],[133.95189,34.70314],[133.95171,34.70249],[133.95195,34.70118],[133.95155,34.70049],[133.94984,34.69906],[133.94922,34.69806],[133.94874,34.69669],[133.94824,34.69546],[133.94605,34.69484],[133.94326,34.69384],[133.94259,34.69309],[133.94045,34.69128],[133.93947,34.69025],[133.93957,34.68892],[133.9382,34.68663],[133.9379,34.6863],[133.93587,34.68418],[133.93403,34.68178],[133.93373,34.6811],[133.93281,34.67867],[133.9328,34.67865],[133.93244,34.67759],[133.93234,34.67669],[133.93217,34.67538],[133.93207,34.67465],[133.93223,34.67274],[133.93259,34.67127],[133.9327,34.67052],[133.93349,34.6705],[133.93446,34.67009],[133.93618,34.66922],[133.93668,34.66899],[133.93746,34.66853],[133.9376,34.66842],[133.93785,34.66803],[133.9384,34.66644],[133.93888,34.66502],[133.93899,34.66424],[133.939,34.66365],[133.93883,34.66332],[133.93787,34.6628],[133.93758,34.66217],[133.93721,34.66145],[133.93655,34.66092],[133.93574,34.66046]],[[133.95091,34.66024],[133.95052,34.66009],[133.95084,34.66031],[133.95091,34.66024]],[[133.93815,34.65746],[133.9388,34.6573],[133.93802,34.65712],[133.93815,34.65746]],[[133.97251,34.65477],[133.97245,34.65486],[133.97271,34.65493],[133.97251,34.65477]]]}},{"type":"Feature","properties":{"nm":"岡山市東区","b":[133.9839,34.5571,134.123,34.7831],"c":[134.05034,34.67806]},"geometry":{"type":"MultiPolygon","coordinates":[[[[133.98908,34.68304],[133.99162,34.68301],[133.99265,34.68324],[133.99266,34.68359],[133.99395,34.68339],[133.99516,34.68403],[133.99632,34.684],[133.99676,34.68448],[133.99761,34.68444],[133.99808,34.68411],[133.99794,34.683],[133.99865,34.68285],[133.99856,34.68212],[133.99905,34.68211],[134.00386,34.68217],[134.00407,34.6812],[134.0049,34.67982],[134.00578,34.67931],[134.00684,34.67759],[134.00671,34.67636],[134.00599,34.67481],[134.00531,34.67428],[134.00332,34.67329],[134.0026,34.67279],[134.00216,34.673],[134.00126,34.67283],[134.00121,34.67173],[134.00043,34.67195],[133.99879,34.67189],[133.99882,34.67068],[133.9984,34.66994],[133.99764,34.66997],[133.99763,34.67103],[133.99552,34.67099],[133.9925,34.67111],[133.99167,34.67026],[133.99085,34.67016],[133.98854,34.66943],[133.98757,34.66975],[133.98731,34.66912],[133.98573,34.6698],[133.98562,34.66907],[133.98459,34.66813],[133.98529,34.66774],[133.98622,34.66789],[133.98798,34.66705],[133.98911,34.66612],[133.98935,34.6647],[133.99099,34.66464],[133.99303,34.66392],[133.9925,34.66239],[133.99294,34.66083],[133.99282,34.659],[133.99266,34.65798],[133.99178,34.65641],[133.99069,34.65544],[133.98919,34.65505],[133.98808,34.65277],[133.98846,34.65129],[133.98794,34.64921],[133.98783,34.64766],[133.98671,34.64613],[133.98648,34.64503],[133.9865,34.64325],[133.98684,34.64123],[133.9866,34.63659],[133.98596,34.6256],[133.98627,34.6248],[133.98929,34.6172],[133.99052,34.61565],[133.9915,34.61462],[133.99585,34.61431],[133.99577,34.61321],[133.99672,34.61349],[134.00288,34.61291],[134.0053,34.61242],[134.00558,34.61215],[134.00666,34.61207],[134.00681,34.61215],[134.00991,34.61158],[134.01359,34.61096],[134.019,34.60977],[134.01944,34.6096],[134.01923,34.60935],[134.01968,34.60923],[134.01986,34.60941],[134.02519,34.60712],[134.02623,34.60674],[134.02845,34.60643],[134.02893,34.60642],[134.02915,34.60631],[134.02957,34.60426],[134.03142,34.60393],[134.03244,34.60726],[134.0326,34.60768],[134.03249,34.60941],[134.03458,34.61406],[134.03483,34.61493],[134.03466,34.61662],[134.03443,34.61779],[134.03299,34.62306],[134.03264,34.6246],[134.03231,34.62487],[134.03206,34.62561],[134.03243,34.62569],[134.03058,34.63065],[134.02947,34.63413],[134.02905,34.63652],[134.02908,34.63901],[134.02926,34.64082],[134.02927,34.64117],[134.02922,34.6423],[134.02913,34.64373],[134.02972,34.64573],[134.03171,34.6483],[134.03284,34.64959],[134.03362,34.65023],[134.03447,34.65074],[134.03585,34.6515],[134.03781,34.64998],[134.03654,34.64867],[134.03568,34.64756],[134.03497,34.6466],[134.03404,34.64509],[134.03311,34.64311],[134.03231,34.64071],[134.03187,34.63895],[134.03192,34.63817],[134.03221,34.63668],[134.03326,34.6326],[134.0357,34.63277],[134.03598,34.63154],[134.03603,34.63035],[134.03637,34.62977],[134.03685,34.62765],[134.03678,34.6272],[134.03698,34.6264],[134.03784,34.62491],[134.03812,34.62449],[134.03825,34.62315],[134.03975,34.62295],[134.03988,34.62227],[134.03954,34.62213],[134.03949,34.62235],[134.03951,34.62282],[134.03943,34.62236],[134.03963,34.62192],[134.03991,34.62222],[134.04074,34.61756],[134.04156,34.61266],[134.04167,34.6117],[134.04168,34.61185],[134.04201,34.61153],[134.042,34.61129],[134.04153,34.6112],[134.04184,34.60974],[134.04215,34.60846],[134.04184,34.60817],[134.04197,34.60728],[134.04195,34.60818],[134.04245,34.60797],[134.04297,34.60722],[134.04347,34.60706],[134.04363,34.6065],[134.04539,34.60196],[134.04519,34.60043],[134.04423,34.59965],[134.0444,34.59931],[134.0445,34.59905],[134.04583,34.59907],[134.0475,34.5978],[134.04846,34.59858],[134.04815,34.59888],[134.04897,34.59951],[134.04919,34.5993],[134.04919,34.59943],[134.04901,34.59954],[134.04939,34.59958],[134.04967,34.60009],[134.05056,34.6008],[134.04947,34.60224],[134.04867,34.60264],[134.04841,34.60315],[134.05027,34.60469],[134.05047,34.60485],[134.05175,34.60586],[134.05233,34.60581],[134.05176,34.60535],[134.05346,34.60384],[134.05659,34.60622],[134.05745,34.6068],[134.05828,34.60765],[134.05888,34.60803],[134.05912,34.60808],[134.0599,34.60826],[134.06071,34.60773],[134.06137,34.60812],[134.06218,34.60865],[134.06304,34.60858],[134.06391,34.60754],[134.06453,34.60543],[134.064,34.60475],[134.06235,34.60494],[134.06157,34.60251],[134.06119,34.60236],[134.05996,34.60243],[134.05946,34.60314],[134.05945,34.60337],[134.05838,34.60355],[134.05805,34.60351],[134.05774,34.60332],[134.05749,34.60301],[134.05731,34.60176],[134.05638,34.60181],[134.05407,34.59766],[134.05322,34.59602],[134.05339,34.59592],[134.0546,34.59597],[134.0547,34.59603],[134.05551,34.59591],[134.05467,34.59491],[134.054,34.59511],[134.0538,34.59527],[134.05355,34.59499],[134.05377,34.59503],[134.05396,34.59438],[134.05392,34.59417],[134.05337,34.59293],[134.0529,34.59025],[134.0533,34.58951],[134.05336,34.58927],[134.05422,34.58673],[134.05461,34.58641],[134.05565,34.58622],[134.05806,34.58609],[134.05909,34.58592],[134.05971,34.58496],[134.06029,34.58452],[134.06289,34.58459],[134.06461,34.58433],[134.06646,34.58429],[134.0683,34.58392],[134.06878,34.58329],[134.06896,34.58384],[134.06954,34.58421],[134.07112,34.58472],[134.07227,34.58489],[134.07336,34.58532],[134.07447,34.58549],[134.07759,34.58627],[134.07989,34.58633],[134.08117,34.58587],[134.08205,34.58491],[134.08319,34.58596],[134.0849,34.58512],[134.08481,34.58499],[134.08318,34.58566],[134.08182,34.58399],[134.08187,34.58379],[134.08455,34.581],[134.08476,34.58118],[134.08608,34.58026],[134.08717,34.58064],[134.08786,34.58051],[134.08881,34.58119],[134.08978,34.58133],[134.09144,34.5809],[134.0925,34.58102],[134.09348,34.58143],[134.09459,34.58165],[134.09543,34.58267],[134.09664,34.58264],[134.09799,34.58475],[134.09935,34.58517],[134.10028,34.58654],[134.10104,34.58725],[134.10144,34.58713],[134.10177,34.58767],[134.10349,34.58957],[134.10557,34.58951],[134.10741,34.59023],[134.10843,34.58998],[134.10845,34.58964],[134.10952,34.58933],[134.11077,34.58929],[134.11139,34.58893],[134.11163,34.58932],[134.11196,34.58983],[134.11174,34.59024],[134.11178,34.59078],[134.11203,34.59113],[134.11202,34.59122],[134.11207,34.59178],[134.11276,34.5918],[134.11375,34.59265],[134.11337,34.59325],[134.11175,34.59464],[134.11165,34.59593],[134.11209,34.59695],[134.11156,34.59789],[134.11163,34.59907],[134.11248,34.59977],[134.11263,34.6007],[134.11199,34.60221],[134.11162,34.60354],[134.11211,34.6037],[134.11175,34.60441],[134.11033,34.60521],[134.10953,34.60623],[134.10958,34.60732],[134.10934,34.60853],[134.10857,34.60894],[134.10852,34.60933],[134.10968,34.60984],[134.10965,34.61048],[134.10893,34.61118],[134.10885,34.61216],[134.10755,34.61361],[134.10844,34.61521],[134.10871,34.61631],[134.10846,34.6172],[134.10907,34.61743],[134.10927,34.61703],[134.10926,34.61678],[134.10942,34.61661],[134.11008,34.61635],[134.11076,34.61649],[134.11202,34.61612],[134.11208,34.61654],[134.11233,34.61677],[134.11255,34.61691],[134.11259,34.61731],[134.11233,34.61782],[134.11273,34.61833],[134.11284,34.61846],[134.11288,34.61864],[134.11246,34.61926],[134.11279,34.6194],[134.113,34.6196],[134.11401,34.61969],[134.11449,34.61952],[134.11496,34.61949],[134.11609,34.61966],[134.11651,34.6196],[134.11695,34.61982],[134.11499,34.62036],[134.11532,34.62133],[134.11562,34.62123],[134.11661,34.62098],[134.11681,34.62122],[134.11718,34.62196],[134.11711,34.62255],[134.11651,34.62372],[134.1165,34.62391],[134.11674,34.62491],[134.11603,34.6262],[134.11557,34.62628],[134.11552,34.62695],[134.11612,34.62779],[134.11489,34.62827],[134.11408,34.62824],[134.11383,34.62874],[134.11412,34.62937],[134.11299,34.6296],[134.11288,34.62975],[134.11255,34.63043],[134.1117,34.63068],[134.10955,34.63084],[134.10929,34.63109],[134.11036,34.63357],[134.11082,34.63488],[134.1095,34.63465],[134.10873,34.63418],[134.10709,34.63317],[134.10526,34.63284],[134.10449,34.63311],[134.10434,34.63386],[134.10505,34.63506],[134.10485,34.63691],[134.10436,34.63781],[134.1042,34.63759],[134.10416,34.63719],[134.1039,34.63698],[134.10347,34.6372],[134.10372,34.63884],[134.10132,34.63946],[134.10062,34.63963],[134.0996,34.63882],[134.09948,34.63844],[134.09868,34.63848],[134.0976,34.63817],[134.09703,34.63721],[134.09555,34.63745],[134.09379,34.63719],[134.09367,34.63698],[134.09382,34.63635],[134.09438,34.63611],[134.09452,34.63584],[134.09438,34.63551],[134.09335,34.63471],[134.09291,34.63451],[134.09167,34.63444],[134.09113,34.6338],[134.09087,34.63353],[134.09035,34.63295],[134.08891,34.634],[134.0886,34.63402],[134.08846,34.63395],[134.08604,34.63249],[134.08578,34.63251],[134.08516,34.63294],[134.08393,34.63303],[134.08275,34.63356],[134.08218,34.6336],[134.08071,34.63273],[134.08034,34.63261],[134.07906,34.63302],[134.07744,34.63429],[134.07677,34.63433],[134.07619,34.63499],[134.07534,34.63534],[134.07446,34.63496],[134.07395,34.63511],[134.07372,34.63642],[134.07306,34.6378],[134.07315,34.6382],[134.07427,34.63912],[134.07482,34.64021],[134.07484,34.64213],[134.07503,34.64245],[134.07532,34.64326],[134.07556,34.6439],[134.07704,34.64486],[134.07583,34.6448],[134.07606,34.64681],[134.08034,34.64821],[134.08341,34.64924],[134.08342,34.64931],[134.082,34.64953],[134.07777,34.64995],[134.07559,34.64939],[134.07457,34.64895],[134.07069,34.64859],[134.06865,34.6484],[134.06688,34.64769],[134.06678,34.64784],[134.06665,34.64813],[134.06656,34.6486],[134.06562,34.64856],[134.06522,34.64856],[134.06439,34.64851],[134.0644,34.64994],[134.06183,34.65024],[134.06024,34.65003],[134.05985,34.65011],[134.059,34.6511],[134.0586,34.65148],[134.05827,34.65205],[134.05845,34.65336],[134.059,34.65468],[134.05907,34.65546],[134.05951,34.65642],[134.06122,34.65698],[134.06014,34.65724],[134.06045,34.65791],[134.06017,34.65859],[134.06072,34.65972],[134.05958,34.6597],[134.05756,34.65845],[134.05535,34.65723],[134.05479,34.65676],[134.05407,34.65859],[134.05355,34.65865],[134.05273,34.65925],[134.05392,34.66076],[134.05559,34.66324],[134.05755,34.66638],[134.05786,34.66687],[134.05823,34.66746],[134.05885,34.66841],[134.05961,34.66966],[134.06121,34.67115],[134.06271,34.67201],[134.06625,34.67391],[134.06724,34.67468],[134.06978,34.676],[134.07231,34.67707],[134.07404,34.67815],[134.07587,34.6797],[134.0766,34.68061],[134.07778,34.68274],[134.07825,34.68452],[134.07841,34.68555],[134.07884,34.68694],[134.0795,34.6897],[134.07982,34.69089],[134.07996,34.69123],[134.08021,34.6919],[134.08072,34.69305],[134.08223,34.69455],[134.08339,34.69603],[134.08374,34.69715],[134.08403,34.69811],[134.08414,34.69901],[134.08418,34.7009],[134.0838,34.7034],[134.08342,34.70508],[134.08351,34.70627],[134.08423,34.70763],[134.08592,34.70921],[134.0882,34.71063],[134.08933,34.71142],[134.09169,34.71319],[134.09319,34.71451],[134.09496,34.71643],[134.09741,34.71988],[134.0979,34.72059],[134.09937,34.72193],[134.10056,34.7233],[134.10173,34.72511],[134.10276,34.72619],[134.10303,34.72648],[134.10462,34.73279],[134.10495,34.73472],[134.10568,34.73672],[134.10621,34.73771],[134.10629,34.73894],[134.1061,34.74053],[134.10585,34.74201],[134.10741,34.74131],[134.10889,34.74154],[134.11152,34.74225],[134.11155,34.74366],[134.11072,34.74445],[134.11051,34.74555],[134.11084,34.74592],[134.11264,34.74605],[134.11437,34.74696],[134.11527,34.74765],[134.11698,34.74799],[134.11751,34.74735],[134.11875,34.74787],[134.1197,34.7475],[134.12101,34.74881],[134.1211,34.74968],[134.12236,34.75001],[134.12267,34.75034],[134.12263,34.75116],[134.12299,34.75215],[134.12241,34.75308],[134.12158,34.75301],[134.12043,34.75337],[134.11938,34.75336],[134.11824,34.75377],[134.1181,34.75426],[134.11929,34.75724],[134.11503,34.75736],[134.11381,34.75791],[134.11305,34.75898],[134.11261,34.7592],[134.11089,34.75962],[134.1097,34.76059],[134.10838,34.7609],[134.10819,34.76058],[134.10871,34.75946],[134.10834,34.75643],[134.10729,34.75636],[134.10652,34.7573],[134.10468,34.75834],[134.10394,34.75873],[134.10273,34.75916],[134.10147,34.76088],[134.09909,34.76125],[134.0978,34.76095],[134.097,34.76157],[134.0962,34.76171],[134.09607,34.76164],[134.09586,34.76135],[134.09512,34.76153],[134.0942,34.76114],[134.09322,34.76104],[134.09281,34.76116],[134.09177,34.76156],[134.09017,34.7617],[134.09047,34.7632],[134.09113,34.76557],[134.0925,34.76935],[134.09288,34.77005],[134.09172,34.77051],[134.09119,34.77093],[134.09088,34.77132],[134.08995,34.77196],[134.09046,34.773],[134.09002,34.77442],[134.08929,34.77485],[134.08861,34.7754],[134.08769,34.7763],[134.08755,34.77696],[134.08764,34.77732],[134.08739,34.7785],[134.08779,34.7794],[134.08802,34.77996],[134.08696,34.78135],[134.08697,34.7819],[134.08444,34.78188],[134.08339,34.78259],[134.08213,34.78309],[134.08109,34.78297],[134.07963,34.7818],[134.07939,34.78133],[134.07805,34.78207],[134.07703,34.78205],[134.07601,34.78231],[134.07452,34.78161],[134.0733,34.78192],[134.07162,34.7828],[134.07133,34.7831],[134.07007,34.78274],[134.06974,34.78175],[134.06923,34.78104],[134.06807,34.78051],[134.06714,34.78032],[134.06639,34.77988],[134.06526,34.78011],[134.06497,34.77993],[134.06396,34.77897],[134.06295,34.77868],[134.06229,34.77805],[134.06218,34.77731],[134.06151,34.77702],[134.06015,34.77579],[134.06015,34.7748],[134.05948,34.77401],[134.05931,34.77291],[134.06019,34.77221],[134.05991,34.7714],[134.05907,34.77085],[134.05899,34.77056],[134.05927,34.76892],[134.05854,34.76824],[134.05824,34.76804],[134.05812,34.76784],[134.05708,34.76774],[134.05673,34.76798],[134.05665,34.76812],[134.05541,34.76844],[134.0547,34.76941],[134.05444,34.77036],[134.05418,34.77093],[134.05267,34.7709],[134.05175,34.7692],[134.05104,34.76891],[134.04997,34.76797],[134.04985,34.76732],[134.04897,34.76683],[134.04874,34.76574],[134.04856,34.76464],[134.0478,34.76416],[134.04808,34.76313],[134.04975,34.76307],[134.05077,34.76356],[134.05114,34.76216],[134.05095,34.76118],[134.04997,34.7603],[134.04954,34.75948],[134.04909,34.7591],[134.0489,34.75878],[134.04861,34.758],[134.04766,34.75759],[134.04739,34.75692],[134.04671,34.75651],[134.04729,34.75487],[134.04735,34.75449],[134.04749,34.75423],[134.04807,34.75343],[134.04929,34.75384],[134.0478,34.75328],[134.04669,34.75262],[134.04649,34.75254],[134.04614,34.75216],[134.04583,34.75176],[134.04524,34.75109],[134.04527,34.75045],[134.04517,34.7501],[134.04528,34.74899],[134.0441,34.74887],[134.04303,34.74827],[134.04226,34.7475],[134.04114,34.74693],[134.04022,34.74658],[134.03991,34.74637],[134.03989,34.74586],[134.04002,34.74545],[134.03988,34.74535],[134.03884,34.74437],[134.03841,34.74454],[134.03819,34.74464],[134.03721,34.74459],[134.0369,34.74452],[134.03597,34.74442],[134.03479,34.74395],[134.03438,34.74374],[134.03386,34.74326],[134.03375,34.74288],[134.03427,34.74166],[134.03278,34.74079],[134.03139,34.74016],[134.03102,34.73996],[134.02914,34.73805],[134.02732,34.73765],[134.02595,34.73706],[134.02502,34.73558],[134.02364,34.73525],[134.02251,34.73414],[134.02102,34.73394],[134.02003,34.73418],[134.01904,34.73352],[134.0174,34.73207],[134.01642,34.73191],[134.01613,34.73186],[134.01372,34.73087],[134.01267,34.73049],[134.01114,34.73029],[134.01082,34.7297],[134.00933,34.72938],[134.00922,34.72856],[134.00944,34.72659],[134.0092,34.72633],[134.0072,34.72605],[134.00576,34.72669],[134.00289,34.72614],[134.00181,34.72678],[134.00132,34.72679],[133.99975,34.72546],[133.99922,34.72543],[133.99837,34.72478],[133.99801,34.72413],[133.99719,34.7241],[133.99675,34.72271],[133.99448,34.72135],[133.99425,34.72143],[133.99369,34.72095],[133.99351,34.7201],[133.99373,34.71878],[133.99323,34.71778],[133.9936,34.71655],[133.99139,34.71644],[133.99018,34.71569],[133.99003,34.71433],[133.98882,34.71341],[133.98731,34.71305],[133.98597,34.71317],[133.98655,34.71202],[133.98623,34.71081],[133.98457,34.70887],[133.9839,34.70767],[133.98594,34.70765],[133.98456,34.70663],[133.98452,34.70492],[133.98476,34.70441],[133.98627,34.70398],[133.98628,34.70223],[133.9871,34.70118],[133.98688,34.69947],[133.98741,34.69923],[133.98796,34.69741],[133.9891,34.69735],[133.98912,34.69702],[133.98906,34.6949],[133.98914,34.69191],[133.98877,34.69108],[133.98904,34.69014],[133.98905,34.68495],[133.98908,34.68304]],[[134.02325,34.69112],[134.0237,34.69111],[134.02373,34.69068],[134.02325,34.69112]],[[134.04332,34.68425],[134.04352,34.68413],[134.04258,34.68394],[134.04332,34.68425]],[[134.02624,34.62891],[134.02613,34.62934],[134.02666,34.62916],[134.02669,34.62888],[134.02624,34.62891]],[[134.02579,34.63146],[134.02577,34.63164],[134.02583,34.6312],[134.02579,34.63146]],[[134.03822,34.66221],[134.03821,34.66209],[134.03797,34.6622],[134.03822,34.66221]],[[134.02587,34.63508],[134.02562,34.63619],[134.02574,34.63618],[134.02587,34.63508]],[[134.04514,34.62585],[134.04517,34.62566],[134.04507,34.62561],[134.04514,34.62585]],[[134.07654,34.61626],[134.07645,34.61623],[134.07606,34.61621],[134.07654,34.61626]],[[134.07462,34.72024],[134.07464,34.72042],[134.07532,34.72028],[134.07462,34.72024]],[[134.07494,34.70815],[134.07483,34.7078],[134.0747,34.70808],[134.07494,34.70815]],[[134.06983,34.68916],[134.06896,34.68833],[134.06879,34.6883],[134.06983,34.68916]],[[134.03708,34.73046],[134.03718,34.7304],[134.03733,34.73012],[134.03708,34.73046]],[[134.05246,34.75432],[134.05435,34.754],[134.05449,34.75391],[134.05246,34.75432]]],[[[134.11272,34.56268],[134.11269,34.56298],[134.11238,34.56285],[134.11272,34.56268]]],[[[134.09322,34.56284],[134.09168,34.562],[134.09114,34.56125],[134.09019,34.56115],[134.09052,34.56058],[134.09126,34.56062],[134.09189,34.55994],[134.09231,34.56049],[134.09164,34.56119],[134.09229,34.56148],[134.09267,34.56224],[134.09327,34.56217],[134.09363,34.56262],[134.09322,34.56284]]],[[[134.11284,34.5632],[134.11297,34.56345],[134.11268,34.56353],[134.11284,34.5632]]],[[[134.10325,34.56757],[134.10332,34.5679],[134.10299,34.56768],[134.10325,34.56757]]],[[[134.10827,34.56437],[134.10777,34.56432],[134.10784,34.56287],[134.10833,34.56201],[134.10794,34.56176],[134.10772,34.56083],[134.10806,34.56057],[134.10861,34.56103],[134.10954,34.56037],[134.11115,34.56043],[134.11135,34.561],[134.11086,34.56155],[134.11107,34.56244],[134.1106,34.5626],[134.11009,34.56333],[134.10827,34.56437]]],[[[134.10366,34.56743],[134.10359,34.56751],[134.10348,34.5674],[134.10366,34.56743]]],[[[134.10035,34.56744],[134.10017,34.56758],[134.10014,34.56739],[134.10035,34.56744]]],[[[134.10542,34.56766],[134.10503,34.56788],[134.10506,34.56688],[134.10475,34.56678],[134.10438,34.56532],[134.10391,34.56525],[134.10392,34.56632],[134.10313,34.56724],[134.10279,34.5663],[134.10223,34.56596],[134.10202,34.56641],[134.10017,34.56713],[134.0988,34.56585],[134.09917,34.5647],[134.09897,34.56427],[134.09921,34.56351],[134.09851,34.5635],[134.09838,34.56409],[134.09762,34.56432],[134.09692,34.5641],[134.09613,34.56349],[134.09577,34.56285],[134.09516,34.56256],[134.09523,34.56205],[134.09632,34.56096],[134.09642,34.55982],[134.09711,34.55935],[134.09847,34.56044],[134.09826,34.56099],[134.09868,34.56147],[134.09922,34.56096],[134.10019,34.56057],[134.10024,34.56003],[134.10118,34.56047],[134.10117,34.56102],[134.10162,34.56152],[134.10221,34.56154],[134.10272,34.56052],[134.1035,34.56014],[134.10426,34.56057],[134.1052,34.56034],[134.10657,34.56073],[134.10659,34.56164],[134.10693,34.56243],[134.10692,34.56427],[134.10633,34.56483],[134.10542,34.56766]]],[[[134.09273,34.55858],[134.0922,34.5587],[134.09266,34.55714],[134.09369,34.5577],[134.09273,34.55858]]],[[[134.09817,34.56487],[134.09803,34.56634],[134.09691,34.5672],[134.09575,34.56833],[134.09515,34.56799],[134.09448,34.56604],[134.09457,34.56519],[134.09572,34.56447],[134.09817,34.56487]]]]}},{"type":"Feature","properties":{"nm":"岡山市南区","b":[133.8163,34.5184,134.0472,34.6439],"c":[133.88683,34.58439]},"geometry":{"type":"MultiPolygon","coordinates":[[[[133.88721,34.62946],[133.88423,34.62962],[133.88345,34.62976],[133.88157,34.63079],[133.88056,34.63204],[133.88027,34.63223],[133.87601,34.63363],[133.87391,34.63423],[133.87308,34.63429],[133.8718,34.63384],[133.87075,34.63317],[133.86939,34.6328],[133.86811,34.63291],[133.86795,34.63301],[133.8671,34.63349],[133.86224,34.63576],[133.86126,34.63612],[133.86095,34.63621],[133.85939,34.63668],[133.8578,34.63621],[133.85674,34.63566],[133.85552,34.63548],[133.85328,34.63488],[133.85209,34.63444],[133.85276,34.63298],[133.85197,34.632],[133.85149,34.6309],[133.85115,34.63064],[133.85022,34.63009],[133.84991,34.62982],[133.84967,34.62966],[133.84906,34.62924],[133.84733,34.62773],[133.84734,34.62675],[133.84581,34.62506],[133.84416,34.6245],[133.84419,34.62367],[133.84356,34.62313],[133.84356,34.62179],[133.8432,34.62106],[133.84193,34.62043],[133.84056,34.6199],[133.84012,34.619],[133.83942,34.61869],[133.8379,34.62008],[133.83745,34.62021],[133.83677,34.61981],[133.8359,34.61994],[133.8358,34.61992],[133.83494,34.61947],[133.83486,34.61863],[133.83422,34.61761],[133.83579,34.618],[133.83525,34.61593],[133.83558,34.61508],[133.8353,34.61503],[133.8357,34.61382],[133.83457,34.61339],[133.83447,34.61265],[133.83411,34.61145],[133.83453,34.6112],[133.83487,34.60971],[133.83512,34.60908],[133.83521,34.60682],[133.83518,34.60667],[133.83554,34.60606],[133.83694,34.60428],[133.83973,34.60065],[133.83842,34.59968],[133.83827,34.59926],[133.84017,34.59609],[133.8401,34.5961],[133.84369,34.59002],[133.84346,34.58621],[133.84308,34.58179],[133.84473,34.5808],[133.84307,34.58165],[133.84288,34.58016],[133.84242,34.57912],[133.84149,34.57812],[133.83932,34.57582],[133.83299,34.56875],[133.83153,34.56781],[133.82905,34.56859],[133.8282,34.56851],[133.82797,34.56783],[133.82538,34.56663],[133.82886,34.56447],[133.83014,34.56309],[133.83165,34.56083],[133.83238,34.55937],[133.83283,34.55793],[133.83264,34.55559],[133.8333,34.55497],[133.82728,34.55174],[133.82401,34.55098],[133.82204,34.55139],[133.82055,34.55101],[133.81857,34.54987],[133.81629,34.54739],[133.81701,34.54692],[133.81751,34.5473],[133.81862,34.54647],[133.81901,34.54679],[133.81992,34.54612],[133.82069,34.54667],[133.82117,34.5458],[133.82145,34.54579],[133.82116,34.54577],[133.82115,34.54537],[133.82167,34.54432],[133.82242,34.54403],[133.82292,34.54402],[133.82329,34.544],[133.82406,34.54325],[133.82406,34.54263],[133.82404,34.54142],[133.82459,34.5401],[133.82469,34.53966],[133.82495,34.53888],[133.82591,34.538],[133.82599,34.53737],[133.82602,34.53728],[133.82717,34.5374],[133.82728,34.53654],[133.82792,34.53578],[133.82799,34.53545],[133.82777,34.53497],[133.82839,34.53446],[133.82947,34.53463],[133.82963,34.53421],[133.82964,34.53381],[133.82957,34.53352],[133.83045,34.53326],[133.83128,34.53384],[133.83201,34.53367],[133.83319,34.53386],[133.83333,34.53416],[133.83407,34.53464],[133.83469,34.53494],[133.83503,34.53543],[133.83621,34.5354],[133.83756,34.53553],[133.83811,34.53553],[133.8394,34.5338],[133.83997,34.53386],[133.84055,34.534],[133.8414,34.53381],[133.84183,34.53279],[133.84236,34.53226],[133.84265,34.53118],[133.84295,34.53057],[133.84373,34.53006],[133.84446,34.52993],[133.84452,34.52978],[133.84459,34.52939],[133.84556,34.52896],[133.84615,34.52901],[133.84666,34.52918],[133.84729,34.52944],[133.8478,34.53039],[133.84796,34.53069],[133.84873,34.53165],[133.84906,34.53193],[133.84985,34.53192],[133.85004,34.5317],[133.85024,34.53142],[133.85031,34.53128],[133.85072,34.53106],[133.85111,34.53104],[133.85116,34.53018],[133.85152,34.52978],[133.85195,34.52947],[133.85033,34.52775],[133.84987,34.52735],[133.84982,34.52716],[133.85013,34.52644],[133.8506,34.52545],[133.85106,34.52379],[133.85102,34.52213],[133.85126,34.52153],[133.85135,34.52121],[133.85346,34.51998],[133.85364,34.51964],[133.85463,34.52045],[133.85605,34.52077],[133.85624,34.52023],[133.85644,34.51984],[133.85755,34.51969],[133.85879,34.51882],[133.86002,34.51887],[133.86077,34.51838],[133.86092,34.51922],[133.86205,34.51983],[133.86317,34.51971],[133.86356,34.51972],[133.86526,34.5199],[133.86537,34.51984],[133.86618,34.51904],[133.86628,34.51873],[133.86798,34.51938],[133.86931,34.51946],[133.87,34.52012],[133.87106,34.52064],[133.87291,34.52105],[133.87366,34.52143],[133.87368,34.52222],[133.87473,34.52259],[133.87616,34.52244],[133.87703,34.52291],[133.87703,34.52327],[133.87764,34.52413],[133.87863,34.52453],[133.87904,34.52425],[133.87935,34.52411],[133.88117,34.52453],[133.8817,34.52424],[133.88217,34.52387],[133.88337,34.52431],[133.88522,34.52455],[133.88669,34.52507],[133.88654,34.52584],[133.88567,34.52739],[133.88629,34.53158],[133.88641,34.53192],[133.8867,34.53279],[133.88791,34.5347],[133.88606,34.53546],[133.88704,34.53674],[133.88448,34.53794],[133.88525,34.53835],[133.89135,34.54197],[133.8898,34.54379],[133.89138,34.54198],[133.89319,34.54301],[133.89327,34.54306],[133.89342,34.54315],[133.89473,34.54163],[133.89731,34.54305],[133.89926,34.54081],[133.90234,34.53715],[133.90591,34.53869],[133.91847,34.54435],[133.91851,34.54437],[133.91974,34.5449],[133.92209,34.54835],[133.92623,34.55488],[133.93131,34.56295],[133.9316,34.56355],[133.93101,34.56441],[133.93066,34.56558],[133.93032,34.56664],[133.92993,34.56895],[133.92954,34.56922],[133.92983,34.56952],[133.92945,34.57194],[133.92894,34.57335],[133.92546,34.57848],[133.92573,34.58672],[133.9242,34.58713],[133.92375,34.58717],[133.92265,34.58744],[133.92591,34.58737],[133.93542,34.58801],[133.93772,34.58833],[133.94117,34.58926],[133.94242,34.58975],[133.94392,34.59017],[133.94779,34.59209],[133.94988,34.5901],[133.95087,34.59088],[133.94785,34.59352],[133.9485,34.59392],[133.94853,34.5944],[133.94872,34.59436],[133.94896,34.59414],[133.95033,34.5948],[133.951,34.59513],[133.95257,34.59576],[133.95389,34.59615],[133.95437,34.59637],[133.953,34.596],[133.95224,34.59575],[133.94962,34.59464],[133.94703,34.5977],[133.94592,34.59911],[133.94966,34.60109],[133.95235,34.60275],[133.95224,34.60244],[133.95575,34.59829],[133.95611,34.59815],[133.95715,34.59697],[133.95669,34.59671],[133.95886,34.59721],[133.95822,34.59784],[133.959,34.59782],[133.95936,34.59736],[133.95968,34.59752],[133.96306,34.59817],[133.9633,34.59786],[133.9632,34.59819],[133.96399,34.59838],[133.96522,34.59865],[133.96696,34.59906],[133.96704,34.5987],[133.96688,34.5986],[133.96715,34.59858],[133.96724,34.59914],[133.96851,34.59975],[133.96867,34.6],[133.96875,34.60036],[133.96856,34.60099],[133.96437,34.60601],[133.96416,34.60643],[133.96266,34.60804],[133.95985,34.61144],[133.96179,34.61255],[133.96156,34.6128],[133.96096,34.61347],[133.95872,34.61599],[133.95795,34.61698],[133.95495,34.62031],[133.95367,34.62177],[133.95238,34.62301],[133.95139,34.62378],[133.95079,34.62426],[133.94979,34.62522],[133.9479,34.6277],[133.94691,34.62914],[133.9459,34.63031],[133.94356,34.63214],[133.9403,34.63465],[133.93864,34.63595],[133.93776,34.63475],[133.93635,34.63519],[133.93306,34.63701],[133.93266,34.63447],[133.93041,34.63469],[133.92986,34.63473],[133.92977,34.63474],[133.92686,34.635],[133.92665,34.63234],[133.9265,34.6304],[133.92574,34.63047],[133.92565,34.62994],[133.9251,34.62994],[133.92463,34.62809],[133.92304,34.62837],[133.91564,34.62978],[133.91634,34.63057],[133.91587,34.63087],[133.91666,34.63328],[133.91611,34.63422],[133.91768,34.63487],[133.91728,34.63552],[133.91775,34.63766],[133.91417,34.63772],[133.91411,34.638],[133.91307,34.63816],[133.91321,34.63918],[133.91229,34.63933],[133.91235,34.64025],[133.91199,34.64222],[133.9121,34.64325],[133.91298,34.6435],[133.91247,34.64384],[133.91203,34.64343],[133.91173,34.64318],[133.91143,34.64307],[133.91116,34.64303],[133.91113,34.64324],[133.91103,34.64387],[133.91098,34.64387],[133.91049,34.64215],[133.91017,34.64161],[133.90972,34.64104],[133.90667,34.63808],[133.90614,34.63813],[133.90594,34.63768],[133.90576,34.63717],[133.90457,34.63595],[133.90181,34.63606],[133.90132,34.63594],[133.90051,34.63618],[133.89956,34.63707],[133.89901,34.6368],[133.89753,34.63652],[133.89764,34.63505],[133.89634,34.63515],[133.89478,34.63399],[133.89316,34.63396],[133.89183,34.63363],[133.89166,34.63125],[133.89131,34.63022],[133.89069,34.63114],[133.88959,34.63105],[133.88786,34.63122],[133.88721,34.62946]],[[133.93276,34.6193],[133.93336,34.61939],[133.93327,34.61921],[133.93276,34.6193]],[[133.93924,34.61168],[133.93867,34.61166],[133.93872,34.61179],[133.93924,34.61168]],[[133.8696,34.58746],[133.87029,34.58742],[133.87023,34.58715],[133.8696,34.58746]]],[[[133.97364,34.55924],[133.97483,34.5591],[133.97733,34.55997],[133.97814,34.56132],[133.97899,34.56207],[133.97952,34.5622],[133.97966,34.56315],[133.98098,34.56403],[133.98146,34.565],[133.98203,34.5653],[133.98273,34.56653],[133.98247,34.56751],[133.98143,34.56855],[133.98144,34.56885],[133.98251,34.57003],[133.98314,34.57044],[133.9827,34.57113],[133.98271,34.57226],[133.98338,34.57279],[133.98392,34.57378],[133.98522,34.57478],[133.98561,34.57541],[133.98582,34.57705],[133.98606,34.57736],[133.98764,34.5775],[133.98801,34.57705],[133.99036,34.57595],[133.99309,34.5767],[133.99493,34.57703],[133.99571,34.57754],[133.99662,34.57714],[133.9966,34.57662],[133.99749,34.57638],[133.99878,34.57704],[134.00026,34.57689],[134.001,34.57657],[134.00222,34.57684],[134.00295,34.57666],[134.00342,34.57641],[134.00453,34.57704],[134.00562,34.57647],[134.00637,34.5755],[134.00804,34.57514],[134.01022,34.5751],[134.01111,34.57543],[134.01228,34.57673],[134.01271,34.57674],[134.01406,34.5775],[134.01505,34.57763],[134.01576,34.57688],[134.01647,34.57752],[134.0173,34.5778],[134.01777,34.57736],[134.0197,34.57757],[134.01969,34.57728],[134.02055,34.57637],[134.02232,34.57586],[134.0225,34.57535],[134.02318,34.57526],[134.02364,34.57599],[134.02539,34.5763],[134.02689,34.5776],[134.02935,34.57854],[134.03024,34.5782],[134.03053,34.57709],[134.03148,34.57601],[134.03218,34.57478],[134.03371,34.57412],[134.03416,34.57376],[134.03441,34.57369],[134.03558,34.57447],[134.03599,34.57401],[134.03681,34.57483],[134.03759,34.57476],[134.0391,34.57605],[134.04108,34.57637],[134.04221,34.57576],[134.04307,34.57616],[134.04405,34.5759],[134.04486,34.57611],[134.04612,34.57567],[134.04721,34.57659],[134.04675,34.57724],[134.04614,34.57797],[134.04453,34.57836],[134.04426,34.57845],[134.0447,34.57819],[134.0437,34.57804],[134.04342,34.57854],[134.04382,34.5785],[134.04335,34.57858],[134.04326,34.57909],[134.04235,34.5794],[134.04198,34.57999],[134.04141,34.58009],[134.04136,34.5804],[134.04091,34.58012],[134.03999,34.58259],[134.03984,34.5827],[134.03997,34.58333],[134.04103,34.58378],[134.04112,34.58398],[134.04096,34.58496],[134.04095,34.5854],[134.04071,34.5869],[134.04077,34.5872],[134.04063,34.5875],[134.03982,34.58812],[134.03951,34.58839],[134.03918,34.58932],[134.03913,34.59003],[134.03911,34.59027],[134.03861,34.59074],[134.03729,34.59142],[134.03702,34.59106],[134.03682,34.591],[134.03679,34.59125],[134.03709,34.59144],[134.03719,34.59184],[134.03635,34.59127],[134.03576,34.59088],[134.03604,34.59068],[134.03473,34.59045],[134.03384,34.59216],[134.03268,34.59445],[134.03246,34.59477],[134.03397,34.59602],[134.034,34.59616],[134.03348,34.59706],[134.03291,34.59767],[134.03271,34.59777],[134.0326,34.5978],[134.03214,34.59785],[134.03149,34.59794],[134.03141,34.59804],[134.03128,34.59804],[134.0297,34.59813],[134.02967,34.59821],[134.02955,34.59815],[134.02935,34.59825],[134.02935,34.59695],[134.0285,34.59724],[134.02887,34.59772],[134.02839,34.59802],[134.02878,34.59849],[134.02833,34.59817],[134.02752,34.59856],[134.02734,34.59854],[134.02708,34.59849],[134.02679,34.59885],[134.0265,34.59898],[134.02298,34.5989],[134.02276,34.59882],[134.02228,34.59877],[134.02184,34.59854],[134.02139,34.5984],[134.02113,34.59844],[134.02057,34.59854],[134.02042,34.59898],[134.01974,34.59864],[134.01949,34.59863],[134.01996,34.59833],[134.01922,34.59825],[134.01933,34.59858],[134.01888,34.59815],[134.0174,34.59798],[134.01517,34.59783],[134.01379,34.5975],[134.01288,34.59779],[134.01231,34.59779],[134.01147,34.59799],[134.01045,34.59708],[134.01064,34.59685],[134.00991,34.59594],[134.00838,34.59552],[134.00744,34.59522],[134.00686,34.59524],[134.00673,34.5948],[134.00652,34.59493],[134.00512,34.5947],[134.00524,34.59402],[134.00455,34.59463],[134.00439,34.59439],[134.0033,34.59394],[134.00307,34.59293],[133.99901,34.59312],[133.99787,34.59323],[133.99794,34.594],[133.99712,34.59468],[133.99644,34.59492],[133.99542,34.59481],[133.99483,34.59472],[133.9916,34.59465],[133.99166,34.59313],[133.99093,34.5933],[133.99061,34.59344],[133.98967,34.59366],[133.98963,34.59482],[133.98834,34.59492],[133.98796,34.59504],[133.98786,34.59539],[133.98647,34.59499],[133.9859,34.59496],[133.98573,34.59518],[133.98527,34.59525],[133.98451,34.59496],[133.98279,34.59493],[133.97856,34.59445],[133.97806,34.59417],[133.97767,34.59419],[133.97743,34.59428],[133.97629,34.59444],[133.9761,34.59436],[133.97561,34.59419],[133.97544,34.5941],[133.97508,34.59407],[133.97339,34.59421],[133.97357,34.59328],[133.97294,34.59397],[133.97173,34.5937],[133.96954,34.59294],[133.96872,34.59275],[133.96798,34.59259],[133.96791,34.59186],[133.96714,34.59148],[133.96419,34.59004],[133.96444,34.58952],[133.9634,34.58978],[133.96369,34.59019],[133.96344,34.58998],[133.96334,34.58979],[133.96323,34.58978],[133.96315,34.58983],[133.9631,34.58998],[133.96296,34.58964],[133.96281,34.58914],[133.96204,34.58822],[133.96113,34.58808],[133.96094,34.58783],[133.96079,34.58777],[133.96043,34.58756],[133.96088,34.58683],[133.96183,34.58678],[133.96223,34.5865],[133.96249,34.5862],[133.96202,34.58653],[133.96148,34.5864],[133.96113,34.58617],[133.9614,34.58577],[133.96132,34.58571],[133.96173,34.58569],[133.96191,34.5855],[133.96168,34.58456],[133.96171,34.58428],[133.96098,34.5838],[133.96026,34.58377],[133.96026,34.58385],[133.96035,34.58389],[133.96023,34.58384],[133.95997,34.58377],[133.95978,34.58376],[133.95953,34.58365],[133.95925,34.58365],[133.95926,34.58384],[133.95918,34.58404],[133.95942,34.58441],[133.95935,34.58441],[133.95916,34.58407],[133.95897,34.58402],[133.95755,34.58522],[133.95711,34.58523],[133.95621,34.58615],[133.95599,34.58579],[133.95621,34.58559],[133.95646,34.58566],[133.95713,34.58508],[133.95661,34.58452],[133.95676,34.58455],[133.95659,34.584],[133.95666,34.58381],[133.9544,34.58137],[133.9543,34.58141],[133.95398,34.58134],[133.95414,34.58115],[133.95272,34.57962],[133.95094,34.57807],[133.94733,34.57503],[133.94846,34.57395],[133.94857,34.57378],[133.94831,34.57368],[133.94765,34.57355],[133.94666,34.57296],[133.94695,34.57287],[133.94745,34.57286],[133.94784,34.5722],[133.94835,34.57223],[133.94897,34.571],[133.9504,34.57083],[133.95116,34.57037],[133.95272,34.57045],[133.95617,34.57044],[133.95711,34.56817],[133.95793,34.56789],[133.95828,34.56714],[133.96168,34.56616],[133.96203,34.56492],[133.96252,34.56463],[133.96314,34.56366],[133.96442,34.56221],[133.96478,34.56114],[133.96463,34.56077],[133.96499,34.55998],[133.96465,34.55945],[133.96492,34.55907],[133.96632,34.55849],[133.96723,34.55887],[133.96832,34.55894],[133.96963,34.55868],[133.96996,34.55784],[133.97097,34.55758],[133.97308,34.55916],[133.97364,34.55924]]],[[[133.98937,34.60587],[133.98947,34.6061],[133.98884,34.60593],[133.98811,34.60485],[133.98798,34.60455],[133.98827,34.6042],[133.98839,34.60321],[133.98866,34.60293],[133.98923,34.60209],[133.98919,34.60171],[133.98948,34.60115],[133.98932,34.60098],[133.9894,34.60084],[133.99013,34.60071],[133.99066,34.60098],[133.99085,34.60116],[133.99103,34.60231],[133.99072,34.60301],[133.99041,34.60329],[133.99017,34.60345],[133.98992,34.60368],[133.98936,34.60548],[133.98905,34.60575],[133.98937,34.60587]]]]}},{"type":"Feature","properties":{"nm":"倉敷市","b":[133.6025,34.4155,133.8822,34.6695],"c":[133.74701,34.55877]},"geometry":{"type":"MultiPolygon","coordinates":[[[[133.75554,34.5916],[133.75549,34.59141],[133.75553,34.59155],[133.75554,34.5916]]],[[[133.77448,34.61183],[133.77513,34.61124],[133.77501,34.61135],[133.77448,34.61183]]],[[[133.73157,34.62222],[133.73003,34.62415],[133.73062,34.62465],[133.7278,34.62763],[133.72696,34.62907],[133.72624,34.631],[133.72692,34.63293],[133.72704,34.63322],[133.72748,34.63522],[133.72778,34.63852],[133.72773,34.64045],[133.72742,34.64245],[133.72736,34.6436],[133.72741,34.64489],[133.72746,34.64601],[133.72748,34.6465],[133.72482,34.6464],[133.72337,34.64629],[133.72333,34.64667],[133.72326,34.64689],[133.72316,34.64703],[133.72299,34.64723],[133.7229,34.64748],[133.72287,34.64774],[133.72275,34.64802],[133.72262,34.64818],[133.72236,34.64875],[133.7222,34.64903],[133.7219,34.64924],[133.72149,34.64992],[133.72064,34.65102],[133.72047,34.65128],[133.72014,34.65126],[133.72036,34.65136],[133.72002,34.65216],[133.71909,34.65333],[133.71901,34.65346],[133.71821,34.6546],[133.71779,34.65517],[133.71699,34.65628],[133.71724,34.657],[133.71707,34.65798],[133.71692,34.65872],[133.71685,34.65879],[133.71681,34.65881],[133.71645,34.65857],[133.71638,34.65851],[133.7162,34.65838],[133.71602,34.65823],[133.71596,34.6582],[133.71502,34.65735],[133.71301,34.65615],[133.71193,34.65602],[133.71143,34.65553],[133.7099,34.65596],[133.70865,34.65637],[133.70815,34.65696],[133.70754,34.6569],[133.70667,34.65727],[133.70576,34.65697],[133.70551,34.65806],[133.70517,34.65832],[133.70339,34.65773],[133.70215,34.65695],[133.70237,34.65614],[133.70203,34.6569],[133.70192,34.65685],[133.70162,34.65737],[133.70139,34.65792],[133.70067,34.65903],[133.6992,34.65925],[133.69822,34.65931],[133.69792,34.65933],[133.6964,34.65953],[133.69612,34.65961],[133.69585,34.66064],[133.69514,34.66172],[133.69414,34.66422],[133.69386,34.66471],[133.69339,34.66451],[133.69326,34.66446],[133.69294,34.66438],[133.69279,34.66435],[133.69183,34.66414],[133.69156,34.66409],[133.69138,34.66402],[133.69119,34.66388],[133.69065,34.66367],[133.68981,34.66364],[133.6896,34.66345],[133.68808,34.66321],[133.68835,34.66248],[133.68855,34.66208],[133.68841,34.66146],[133.688,34.6614],[133.68734,34.66143],[133.68658,34.66127],[133.68636,34.66079],[133.68593,34.66055],[133.68535,34.66007],[133.68496,34.65969],[133.68466,34.65957],[133.68436,34.65947],[133.6843,34.65944],[133.68368,34.65869],[133.68248,34.65865],[133.68233,34.65815],[133.68235,34.65765],[133.68219,34.65766],[133.68188,34.65771],[133.68056,34.65851],[133.67964,34.65865],[133.67906,34.65924],[133.67908,34.66002],[133.67857,34.66069],[133.67719,34.66039],[133.67667,34.66056],[133.67566,34.6604],[133.6747,34.65981],[133.67474,34.65889],[133.67364,34.65841],[133.67363,34.65767],[133.67083,34.65643],[133.67054,34.65509],[133.66929,34.65517],[133.66877,34.65486],[133.66848,34.6542],[133.66855,34.65283],[133.66745,34.65228],[133.66696,34.65146],[133.66722,34.65035],[133.6666,34.64937],[133.66544,34.64946],[133.66439,34.64844],[133.66373,34.64845],[133.66322,34.6491],[133.66285,34.65022],[133.66242,34.65076],[133.6618,34.65087],[133.66066,34.65001],[133.65924,34.65011],[133.65887,34.6498],[133.6578,34.64966],[133.65774,34.64935],[133.65736,34.6483],[133.65659,34.6476],[133.6553,34.64785],[133.65352,34.64747],[133.65136,34.64586],[133.64905,34.64519],[133.64812,34.64581],[133.647,34.64582],[133.64582,34.6465],[133.64468,34.64633],[133.64444,34.64544],[133.64383,34.64543],[133.64264,34.64582],[133.64127,34.64544],[133.64001,34.64532],[133.63956,34.64507],[133.63907,34.6445],[133.63766,34.64469],[133.63512,34.64386],[133.6336,34.64293],[133.63268,34.64269],[133.63211,34.642],[133.63228,34.64141],[133.63253,34.64071],[133.63295,34.64046],[133.63323,34.64038],[133.6338,34.64],[133.63399,34.63975],[133.63402,34.63961],[133.63379,34.63865],[133.63379,34.63809],[133.63317,34.63767],[133.63269,34.63702],[133.6327,34.63629],[133.63268,34.63617],[133.63258,34.6358],[133.6322,34.6348],[133.63211,34.63387],[133.633,34.63294],[133.63384,34.63048],[133.63342,34.62979],[133.63295,34.62974],[133.63206,34.62868],[133.63201,34.62788],[133.63309,34.62734],[133.63338,34.62678],[133.63314,34.62491],[133.6334,34.62351],[133.63439,34.62134],[133.63569,34.61988],[133.63546,34.61908],[133.63579,34.61847],[133.63579,34.61762],[133.63705,34.61598],[133.63734,34.61526],[133.63763,34.61457],[133.63633,34.61447],[133.63694,34.61162],[133.6371,34.61029],[133.63781,34.60964],[133.63771,34.60823],[133.63859,34.60689],[133.63871,34.60624],[133.63963,34.60501],[133.63985,34.60435],[133.64119,34.60297],[133.64225,34.60215],[133.64373,34.60093],[133.64369,34.60086],[133.64706,34.59829],[133.64819,34.59758],[133.64953,34.59679],[133.64949,34.59611],[133.64876,34.59553],[133.64858,34.59532],[133.64773,34.59509],[133.64751,34.59493],[133.64717,34.59465],[133.64706,34.59443],[133.64656,34.59385],[133.64649,34.59374],[133.64624,34.59354],[133.64617,34.59349],[133.64548,34.59389],[133.64463,34.59358],[133.64345,34.5927],[133.64259,34.59185],[133.64248,34.59151],[133.64097,34.59017],[133.64073,34.59005],[133.63894,34.5892],[133.63835,34.58841],[133.63852,34.58778],[133.63741,34.58782],[133.63698,34.58673],[133.63708,34.58626],[133.63723,34.58536],[133.63641,34.58518],[133.63691,34.58425],[133.63665,34.58383],[133.63579,34.58345],[133.63438,34.58324],[133.63335,34.58299],[133.63313,34.58294],[133.632,34.58387],[133.63164,34.58374],[133.63072,34.58343],[133.6298,34.58352],[133.62884,34.58311],[133.62874,34.58234],[133.62736,34.58194],[133.62598,34.58206],[133.62434,34.58188],[133.62412,34.58172],[133.62375,34.58086],[133.62371,34.58072],[133.62354,34.58053],[133.62342,34.58044],[133.62301,34.58011],[133.62281,34.57903],[133.62327,34.57835],[133.62442,34.57753],[133.62581,34.57576],[133.62716,34.57498],[133.62791,34.57426],[133.62928,34.57458],[133.63049,34.57352],[133.63149,34.57329],[133.63213,34.57268],[133.63247,34.57189],[133.63447,34.57147],[133.63463,34.57033],[133.63659,34.56961],[133.63714,34.5681],[133.63658,34.56682],[133.63721,34.5656],[133.63829,34.56517],[133.63917,34.56531],[133.63933,34.5645],[133.63973,34.56437],[133.63928,34.56347],[133.63848,34.56282],[133.63827,34.56176],[133.63841,34.56053],[133.63902,34.56047],[133.64004,34.56082],[133.64042,34.56026],[133.64383,34.5589],[133.64457,34.55874],[133.64676,34.55747],[133.64791,34.55728],[133.64799,34.55672],[133.64755,34.55381],[133.64661,34.55449],[133.64577,34.55419],[133.64581,34.5537],[133.64465,34.552],[133.64412,34.55188],[133.64414,34.55101],[133.64496,34.54991],[133.644,34.54932],[133.64288,34.54822],[133.64285,34.54817],[133.64858,34.54539],[133.64996,34.54554],[133.65011,34.54518],[133.64951,34.54477],[133.6439,34.54135],[133.64146,34.53977],[133.64065,34.53936],[133.64017,34.5377],[133.64035,34.53737],[133.64009,34.53666],[133.63858,34.53569],[133.63673,34.53505],[133.63665,34.5341],[133.63692,34.53331],[133.63641,34.53233],[133.63568,34.53193],[133.63612,34.53037],[133.63556,34.52969],[133.63462,34.52909],[133.63324,34.52739],[133.63226,34.52652],[133.63235,34.52568],[133.63092,34.52397],[133.6317,34.52166],[133.63094,34.52065],[133.62932,34.52055],[133.62824,34.52115],[133.6276,34.52211],[133.62693,34.52204],[133.62609,34.52113],[133.62581,34.52033],[133.62425,34.5197],[133.62369,34.51875],[133.62318,34.5187],[133.62225,34.51935],[133.62156,34.51931],[133.62144,34.51872],[133.62177,34.51744],[133.62209,34.51714],[133.62187,34.51616],[133.62261,34.5153],[133.62313,34.51361],[133.62312,34.5127],[133.62221,34.51229],[133.62218,34.51182],[133.62154,34.51107],[133.62059,34.51046],[133.61989,34.51016],[133.61849,34.51017],[133.61846,34.50917],[133.61778,34.50813],[133.61751,34.5073],[133.61645,34.50765],[133.61591,34.50727],[133.6151,34.50779],[133.61379,34.50775],[133.61329,34.50738],[133.6125,34.50733],[133.61151,34.50682],[133.60997,34.50693],[133.60859,34.50648],[133.60757,34.50609],[133.60718,34.50558],[133.60705,34.50545],[133.60687,34.50498],[133.60672,34.50493],[133.60625,34.5039],[133.60612,34.5037],[133.60587,34.50327],[133.60508,34.50319],[133.60419,34.50313],[133.60386,34.50313],[133.60325,34.50284],[133.60264,34.50303],[133.60262,34.50288],[133.60252,34.50278],[133.60253,34.50164],[133.6031,34.50123],[133.60326,34.50081],[133.60305,34.50051],[133.60303,34.50005],[133.60309,34.4998],[133.60302,34.49971],[133.60306,34.49915],[133.60314,34.49853],[133.60296,34.49837],[133.60285,34.49781],[133.60283,34.4973],[133.60283,34.49729],[133.60283,34.49722],[133.60336,34.49634],[133.60447,34.4958],[133.60389,34.49567],[133.60387,34.49505],[133.60388,34.49501],[133.60553,34.49487],[133.60585,34.49452],[133.60631,34.49429],[133.60648,34.49487],[133.60751,34.4954],[133.6079,34.49535],[133.60849,34.4954],[133.60946,34.49544],[133.61128,34.49531],[133.61233,34.4952],[133.61234,34.4953],[133.61318,34.49509],[133.61373,34.49502],[133.61423,34.49502],[133.61462,34.49492],[133.61467,34.49484],[133.61597,34.4943],[133.61621,34.4942],[133.61614,34.49358],[133.61617,34.49322],[133.61684,34.49113],[133.61727,34.49105],[133.61819,34.49166],[133.61865,34.4917],[133.61911,34.4916],[133.61952,34.49183],[133.62075,34.49302],[133.62136,34.49317],[133.6217,34.49336],[133.62201,34.49356],[133.62224,34.49385],[133.62228,34.49449],[133.62246,34.49464],[133.62278,34.49478],[133.62357,34.49599],[133.62339,34.49627],[133.62349,34.49689],[133.62401,34.49739],[133.6237,34.4976],[133.62348,34.49813],[133.62362,34.49844],[133.62413,34.499],[133.62501,34.49981],[133.62478,34.49999],[133.62503,34.50002],[133.62527,34.50057],[133.62528,34.50072],[133.62581,34.50111],[133.62665,34.50152],[133.62773,34.50171],[133.62861,34.49999],[133.62875,34.49967],[133.62887,34.49965],[133.62896,34.4998],[133.62887,34.49995],[133.62812,34.5013],[133.62813,34.50134],[133.62835,34.5016],[133.62906,34.50201],[133.63126,34.50239],[133.63375,34.50245],[133.63475,34.50236],[133.63563,34.5023],[133.63722,34.50199],[133.63743,34.50147],[133.63776,34.50129],[133.63807,34.5013],[133.63868,34.50218],[133.6389,34.50242],[133.63901,34.50253],[133.6393,34.50264],[133.63899,34.50282],[133.63821,34.50377],[133.63842,34.50417],[133.64051,34.50496],[133.6409,34.50425],[133.64087,34.50419],[133.64057,34.50397],[133.64002,34.50313],[133.64181,34.50495],[133.64357,34.50485],[133.64806,34.50401],[133.64867,34.5039],[133.64848,34.50455],[133.64802,34.50471],[133.64785,34.50547],[133.64828,34.5063],[133.64873,34.50685],[133.64934,34.50723],[133.64949,34.50725],[133.64956,34.50737],[133.64985,34.5075],[133.64996,34.50786],[133.65082,34.5084],[133.65071,34.50869],[133.65067,34.50878],[133.65071,34.50907],[133.65022,34.50935],[133.64906,34.50968],[133.64898,34.51147],[133.64799,34.51208],[133.65112,34.51383],[133.65303,34.51488],[133.65481,34.51591],[133.65494,34.51614],[133.65551,34.5163],[133.65622,34.51577],[133.65682,34.51568],[133.65688,34.51675],[133.65844,34.5203],[133.65855,34.52036],[133.65902,34.52057],[133.65945,34.5208],[133.6595,34.52076],[133.65958,34.51983],[133.66078,34.51967],[133.66222,34.51948],[133.66282,34.51946],[133.6641,34.5193],[133.66488,34.51916],[133.66494,34.51918],[133.66503,34.51931],[133.6647,34.5199],[133.66549,34.5214],[133.66553,34.52158],[133.66517,34.52299],[133.66556,34.52405],[133.66366,34.52502],[133.66364,34.52538],[133.66282,34.52575],[133.66271,34.52701],[133.66354,34.52708],[133.66383,34.52621],[133.66375,34.52757],[133.66374,34.52871],[133.66399,34.53034],[133.66305,34.53077],[133.66364,34.532],[133.66443,34.53284],[133.66604,34.53401],[133.66645,34.53447],[133.66705,34.53578],[133.66734,34.53641],[133.66796,34.53766],[133.66881,34.53993],[133.66882,34.53999],[133.66895,34.54058],[133.66901,34.54097],[133.66963,34.54086],[133.67022,34.54149],[133.67002,34.5407],[133.67027,34.53988],[133.66895,34.53664],[133.66825,34.53518],[133.66825,34.53487],[133.66844,34.53465],[133.66797,34.53409],[133.66755,34.5337],[133.66743,34.5334],[133.66738,34.53295],[133.66741,34.53264],[133.66746,34.53256],[133.66728,34.53227],[133.66659,34.53168],[133.66644,34.53035],[133.66655,34.52755],[133.66661,34.52691],[133.6672,34.52694],[133.66746,34.5256],[133.66783,34.52566],[133.66788,34.52562],[133.66777,34.52526],[133.66766,34.52482],[133.66912,34.52487],[133.66936,34.52217],[133.66984,34.51773],[133.6753,34.51822],[133.67694,34.51828],[133.67683,34.51487],[133.67715,34.51483],[133.67712,34.51423],[133.67709,34.51368],[133.67591,34.5137],[133.67592,34.51396],[133.67581,34.5148],[133.67392,34.51408],[133.67274,34.51361],[133.67037,34.51268],[133.67033,34.51069],[133.67021,34.50734],[133.67793,34.50715],[133.67787,34.50412],[133.67474,34.50416],[133.66916,34.502],[133.66913,34.50072],[133.66906,34.50069],[133.66885,34.49066],[133.68357,34.49043],[133.68388,34.5041],[133.67815,34.50417],[133.67821,34.50713],[133.67908,34.50707],[133.68154,34.50701],[133.68409,34.50698],[133.68414,34.50958],[133.68396,34.51034],[133.68398,34.51245],[133.68765,34.5124],[133.69043,34.51231],[133.69047,34.51365],[133.69053,34.51551],[133.69065,34.51964],[133.68573,34.52246],[133.68469,34.52306],[133.68434,34.52326],[133.6843,34.52352],[133.68216,34.52334],[133.67863,34.52304],[133.67888,34.52423],[133.67963,34.52473],[133.67999,34.52454],[133.68005,34.52451],[133.68075,34.52452],[133.68093,34.52456],[133.68118,34.52487],[133.6819,34.52492],[133.68267,34.52519],[133.68401,34.5253],[133.68651,34.52548],[133.68768,34.52555],[133.6877,34.52532],[133.68825,34.52535],[133.68973,34.52546],[133.68974,34.52513],[133.6897,34.52457],[133.68966,34.52425],[133.68948,34.52385],[133.68955,34.52357],[133.69002,34.5233],[133.69077,34.52286],[133.69097,34.52291],[133.69124,34.52295],[133.6912,34.523],[133.69098,34.52316],[133.6909,34.52436],[133.69093,34.5255],[133.69099,34.5271],[133.69107,34.53086],[133.6912,34.53385],[133.69127,34.53539],[133.69127,34.53583],[133.69126,34.53602],[133.69127,34.53695],[133.6913,34.53758],[133.69132,34.53801],[133.69144,34.53835],[133.69152,34.53888],[133.69156,34.53929],[133.69161,34.53979],[133.69166,34.53991],[133.69183,34.54043],[133.69201,34.54083],[133.69202,34.54139],[133.69227,34.5414],[133.69246,34.54178],[133.69261,34.5422],[133.69232,34.5426],[133.69215,34.54303],[133.69204,34.54338],[133.69207,34.54381],[133.69217,34.54415],[133.69222,34.54459],[133.69263,34.5457],[133.69268,34.54596],[133.69294,34.54647],[133.69301,34.54662],[133.6934,34.54744],[133.69396,34.54862],[133.69443,34.54973],[133.69471,34.55061],[133.69486,34.55127],[133.695,34.55186],[133.69542,34.55341],[133.69568,34.55454],[133.69577,34.55486],[133.69653,34.55727],[133.6973,34.55947],[133.69808,34.55941],[133.69932,34.55934],[133.70255,34.55911],[133.70211,34.55792],[133.70206,34.55771],[133.70185,34.55626],[133.70181,34.55577],[133.70164,34.55557],[133.70103,34.5536],[133.70033,34.55133],[133.70044,34.54954],[133.70078,34.54302],[133.703,34.54311],[133.70325,34.54185],[133.70365,34.5398],[133.70375,34.53925],[133.70397,34.53813],[133.70431,34.53644],[133.70481,34.53378],[133.70492,34.53318],[133.70504,34.5327],[133.70532,34.53202],[133.70572,34.52753],[133.70542,34.52692],[133.70529,34.52311],[133.70512,34.51837],[133.70538,34.51835],[133.70533,34.51615],[133.70518,34.51614],[133.70512,34.51411],[133.70401,34.4778],[133.71929,34.47314],[133.7199,34.47437],[133.72476,34.473],[133.72507,34.47294],[133.72635,34.47585],[133.72675,34.47613],[133.72705,34.47623],[133.72714,34.47645],[133.73314,34.47456],[133.73742,34.47079],[133.74024,34.46994],[133.74289,34.47045],[133.73704,34.4908],[133.72632,34.49417],[133.719,34.49647],[133.71905,34.50199],[133.71903,34.50389],[133.72169,34.50389],[133.72169,34.50087],[133.72242,34.50064],[133.72266,34.50076],[133.72338,34.50056],[133.72446,34.50008],[133.7275,34.49908],[133.72758,34.49921],[133.72962,34.49864],[133.73505,34.49863],[133.73505,34.50667],[133.7366,34.50784],[133.73673,34.50861],[133.7371,34.50863],[133.73706,34.51148],[133.73677,34.51187],[133.73675,34.51483],[133.73659,34.51706],[133.73741,34.52314],[133.73786,34.52475],[133.73792,34.52484],[133.73914,34.52519],[133.73993,34.52513],[133.73992,34.52509],[133.73969,34.52488],[133.73967,34.52426],[133.73951,34.52397],[133.7395,34.52382],[133.73965,34.52367],[133.73957,34.52298],[133.73959,34.52209],[133.73915,34.51848],[133.73905,34.51762],[133.73995,34.51594],[133.74193,34.5143],[133.74254,34.51404],[133.74246,34.51365],[133.74365,34.51249],[133.74424,34.51285],[133.74511,34.51211],[133.7455,34.51195],[133.74725,34.51035],[133.74558,34.51179],[133.74324,34.50882],[133.74264,34.50144],[133.74297,34.50127],[133.74831,34.48953],[133.74922,34.48908],[133.74976,34.48909],[133.75827,34.48641],[133.75887,34.4873],[133.76014,34.49313],[133.76042,34.49574],[133.76092,34.49931],[133.76255,34.49958],[133.76459,34.50597],[133.76486,34.50755],[133.76418,34.50745],[133.76746,34.50795],[133.76734,34.5076],[133.76665,34.50754],[133.76592,34.50741],[133.76559,34.50688],[133.76527,34.50592],[133.76393,34.5014],[133.76363,34.50014],[133.76369,34.50007],[133.76367,34.49992],[133.76349,34.49973],[133.76345,34.49829],[133.76337,34.49605],[133.76325,34.49477],[133.76342,34.49415],[133.76367,34.494],[133.76433,34.49393],[133.76493,34.49374],[133.76501,34.4935],[133.76473,34.49312],[133.76451,34.49301],[133.76406,34.49274],[133.76377,34.49256],[133.76351,34.49254],[133.76289,34.49285],[133.76269,34.49298],[133.76226,34.49315],[133.76195,34.49327],[133.76153,34.49317],[133.76142,34.4927],[133.76161,34.49256],[133.76174,34.49231],[133.7618,34.49212],[133.76207,34.4919],[133.76218,34.49169],[133.76219,34.49152],[133.76247,34.49116],[133.75756,34.4822],[133.75749,34.48216],[133.75733,34.48213],[133.75727,34.48181],[133.75747,34.48162],[133.75767,34.48085],[133.7578,34.48028],[133.75773,34.48003],[133.75737,34.47949],[133.75744,34.47885],[133.75728,34.47835],[133.75724,34.47831],[133.75711,34.47805],[133.75719,34.47753],[133.75728,34.47718],[133.75709,34.47679],[133.75665,34.47656],[133.75651,34.47639],[133.75646,34.47635],[133.75604,34.47605],[133.75692,34.47512],[133.75736,34.47525],[133.75713,34.47576],[133.75797,34.47626],[133.75832,34.47617],[133.75896,34.47537],[133.75959,34.47526],[133.76083,34.47523],[133.76105,34.47531],[133.76109,34.47519],[133.76079,34.4751],[133.75911,34.47498],[133.75836,34.47399],[133.75817,34.47284],[133.75856,34.47273],[133.75811,34.46861],[133.75932,34.46843],[133.7596,34.47023],[133.76288,34.47008],[133.76315,34.47209],[133.76338,34.47226],[133.76346,34.4727],[133.76409,34.4728],[133.76455,34.47269],[133.76433,34.47267],[133.7655,34.47231],[133.76526,34.47243],[133.76517,34.47248],[133.76541,34.47249],[133.76591,34.47262],[133.76661,34.47233],[133.76675,34.47033],[133.76594,34.47027],[133.76624,34.46729],[133.76645,34.46768],[133.76634,34.46931],[133.76688,34.46937],[133.76704,34.46705],[133.76725,34.46706],[133.76729,34.46632],[133.76742,34.46438],[133.7673,34.46358],[133.76712,34.4635],[133.76703,34.4628],[133.76704,34.46263],[133.76724,34.46244],[133.76741,34.46244],[133.76783,34.46224],[133.76842,34.46192],[133.76868,34.46185],[133.76907,34.46185],[133.76958,34.46202],[133.77012,34.46236],[133.77062,34.46244],[133.77097,34.4623],[133.77161,34.46213],[133.77218,34.46222],[133.77263,34.46215],[133.77308,34.46152],[133.77314,34.46145],[133.7733,34.4614],[133.77322,34.46165],[133.77301,34.46213],[133.7729,34.46272],[133.77312,34.46283],[133.77331,34.46276],[133.77437,34.46201],[133.77412,34.4618],[133.77398,34.46167],[133.7747,34.46121],[133.77485,34.46092],[133.77506,34.46016],[133.77519,34.45919],[133.77495,34.45791],[133.77451,34.45785],[133.77408,34.45742],[133.77364,34.45702],[133.77347,34.45692],[133.77298,34.45701],[133.77219,34.45734],[133.7717,34.45723],[133.77136,34.45705],[133.77072,34.45699],[133.7711,34.45634],[133.77118,34.45577],[133.77119,34.4553],[133.77187,34.45476],[133.77197,34.45465],[133.77238,34.45456],[133.77293,34.45414],[133.77299,34.45407],[133.77314,34.45385],[133.77336,34.45387],[133.77357,34.4538],[133.77377,34.45355],[133.77397,34.45345],[133.77409,34.45343],[133.77462,34.45296],[133.77477,34.45276],[133.77485,34.45198],[133.77529,34.45146],[133.77533,34.4512],[133.77574,34.45037],[133.7759,34.44988],[133.77629,34.44961],[133.77647,34.44966],[133.77668,34.44936],[133.77759,34.44798],[133.77913,34.44741],[133.77941,34.44714],[133.77959,34.44693],[133.77995,34.44625],[133.78001,34.44605],[133.78049,34.44517],[133.78063,34.44519],[133.78088,34.44449],[133.78089,34.4443],[133.78081,34.44415],[133.78112,34.44301],[133.78125,34.44236],[133.78133,34.44171],[133.78143,34.4414],[133.78152,34.44042],[133.78132,34.43969],[133.7815,34.43943],[133.78217,34.43919],[133.78258,34.43863],[133.78271,34.43821],[133.78287,34.43805],[133.78309,34.43802],[133.78353,34.4381],[133.78385,34.43803],[133.78395,34.43799],[133.78433,34.43755],[133.78444,34.43743],[133.78482,34.43664],[133.78499,34.43655],[133.78591,34.43587],[133.78632,34.43558],[133.78662,34.43545],[133.78697,34.4354],[133.78728,34.43539],[133.78763,34.43545],[133.78795,34.43561],[133.78833,34.43577],[133.78858,34.43592],[133.78883,34.43616],[133.78925,34.43669],[133.78953,34.4367],[133.78951,34.43708],[133.78896,34.43708],[133.78928,34.43758],[133.79022,34.43798],[133.79029,34.43797],[133.79076,34.43798],[133.79112,34.43834],[133.79119,34.4385],[133.79051,34.43852],[133.79029,34.43936],[133.79062,34.43943],[133.79128,34.43942],[133.79163,34.43936],[133.79201,34.43901],[133.79252,34.43866],[133.79325,34.43828],[133.79422,34.43772],[133.79452,34.43747],[133.79452,34.43746],[133.79448,34.43721],[133.79442,34.43688],[133.79489,34.43639],[133.79653,34.43594],[133.7966,34.43641],[133.79683,34.43672],[133.79871,34.43648],[133.79902,34.43644],[133.80046,34.4362],[133.80051,34.4362],[133.80155,34.43617],[133.80182,34.43696],[133.80202,34.43716],[133.80222,34.43716],[133.80236,34.43716],[133.80295,34.43694],[133.80285,34.43674],[133.80336,34.43655],[133.80344,34.43652],[133.80362,34.43646],[133.80607,34.43555],[133.80614,34.43568],[133.80566,34.43587],[133.80542,34.4365],[133.8057,34.43663],[133.80695,34.43607],[133.80709,34.43591],[133.80666,34.43569],[133.80652,34.43508],[133.80826,34.43418],[133.80886,34.43434],[133.80915,34.43418],[133.80957,34.43411],[133.80971,34.43397],[133.80998,34.43384],[133.81045,34.43345],[133.8119,34.43278],[133.81237,34.43212],[133.81316,34.43189],[133.81371,34.43153],[133.81451,34.43144],[133.8148,34.43155],[133.81528,34.43192],[133.81569,34.43203],[133.81685,34.43186],[133.81694,34.43194],[133.81744,34.43199],[133.81756,34.43195],[133.81807,34.43166],[133.81841,34.43141],[133.81864,34.43111],[133.81882,34.43092],[133.81916,34.43048],[133.8196,34.43014],[133.82015,34.42985],[133.82061,34.42967],[133.82066,34.42963],[133.82072,34.42953],[133.82079,34.42934],[133.82155,34.42928],[133.82255,34.42984],[133.82253,34.43026],[133.82193,34.43109],[133.82095,34.43189],[133.82079,34.43231],[133.82004,34.43292],[133.81981,34.43318],[133.81857,34.4353],[133.81848,34.43588],[133.81785,34.43651],[133.81666,34.4372],[133.81658,34.43724],[133.81636,34.43736],[133.81619,34.43745],[133.81594,34.43727],[133.8154,34.43752],[133.81487,34.43764],[133.81431,34.43813],[133.81396,34.43849],[133.81382,34.43875],[133.81371,34.43928],[133.8136,34.43986],[133.81436,34.44043],[133.8146,34.44003],[133.81549,34.44038],[133.81452,34.44211],[133.81358,34.44174],[133.8143,34.44052],[133.81314,34.44035],[133.81277,34.44074],[133.81182,34.44042],[133.81157,34.44071],[133.8112,34.44223],[133.81229,34.44196],[133.81122,34.44545],[133.81057,34.44574],[133.80965,34.44681],[133.80936,34.44998],[133.80981,34.45055],[133.81043,34.45065],[133.8105,34.45081],[133.8106,34.45172],[133.81081,34.45257],[133.80999,34.45257],[133.80975,34.45589],[133.81021,34.45684],[133.81084,34.45814],[133.80861,34.45884],[133.80814,34.45898],[133.80829,34.45931],[133.809,34.46125],[133.80876,34.46155],[133.81032,34.46115],[133.81114,34.46092],[133.81476,34.46008],[133.81519,34.46068],[133.8122,34.46266],[133.81135,34.46292],[133.80988,34.46332],[133.80976,34.46352],[133.80989,34.46372],[133.80995,34.464],[133.80853,34.46575],[133.80783,34.46658],[133.80721,34.46718],[133.80668,34.46759],[133.80676,34.468],[133.80672,34.46833],[133.80661,34.46851],[133.80691,34.46859],[133.80712,34.46864],[133.80763,34.46809],[133.80911,34.4663],[133.80936,34.46595],[133.8112,34.4642],[133.81532,34.46271],[133.81546,34.46305],[133.81766,34.46427],[133.81676,34.46536],[133.81765,34.46584],[133.81681,34.46664],[133.81962,34.46791],[133.81906,34.46925],[133.81952,34.46942],[133.8199,34.46956],[133.82076,34.46856],[133.82524,34.46955],[133.82537,34.46971],[133.82468,34.47107],[133.82429,34.47183],[133.82409,34.47218],[133.82406,34.47234],[133.82416,34.47237],[133.82531,34.47049],[133.8257,34.46983],[133.82658,34.47037],[133.8268,34.47017],[133.82665,34.47085],[133.82792,34.47164],[133.82833,34.47189],[133.82948,34.47261],[133.83024,34.47309],[133.83053,34.47235],[133.83141,34.47013],[133.83159,34.47021],[133.83177,34.47028],[133.83327,34.47096],[133.83398,34.47128],[133.83371,34.47167],[133.83273,34.47317],[133.83398,34.47409],[133.83384,34.47435],[133.83471,34.47429],[133.83656,34.47456],[133.83761,34.47249],[133.83784,34.47236],[133.83648,34.4714],[133.83846,34.47022],[133.84043,34.46894],[133.84178,34.46885],[133.84179,34.46903],[133.84308,34.4692],[133.84327,34.46987],[133.84339,34.47],[133.84621,34.47007],[133.84689,34.46961],[133.84804,34.4699],[133.85212,34.46897],[133.85214,34.46988],[133.85309,34.46985],[133.85517,34.46983],[133.85565,34.46988],[133.85699,34.46987],[133.85876,34.46794],[133.85947,34.46697],[133.85974,34.46729],[133.85983,34.468],[133.86009,34.46713],[133.86139,34.46755],[133.86266,34.46802],[133.86306,34.46723],[133.86403,34.46712],[133.86533,34.46697],[133.86544,34.46769],[133.86627,34.46766],[133.86734,34.46731],[133.86895,34.46597],[133.86932,34.46584],[133.8698,34.46536],[133.87179,34.46357],[133.87309,34.46283],[133.87448,34.46102],[133.87485,34.46116],[133.87664,34.46011],[133.87772,34.45916],[133.87872,34.45769],[133.87972,34.45685],[133.88018,34.4567],[133.88186,34.4584],[133.88218,34.45952],[133.88204,34.46065],[133.88165,34.46109],[133.88214,34.46177],[133.88139,34.46249],[133.88106,34.4635],[133.88025,34.46389],[133.87967,34.4641],[133.87798,34.4643],[133.8776,34.46513],[133.87734,34.46555],[133.8775,34.46616],[133.87754,34.4666],[133.87743,34.46715],[133.87694,34.46735],[133.87627,34.46782],[133.87638,34.46818],[133.87645,34.46947],[133.87613,34.46995],[133.87615,34.47069],[133.8764,34.47096],[133.87636,34.47116],[133.87622,34.47158],[133.87671,34.47227],[133.87704,34.4723],[133.87732,34.47188],[133.87756,34.47213],[133.87781,34.47289],[133.87753,34.47307],[133.87679,34.47315],[133.87651,34.47341],[133.87667,34.47409],[133.87631,34.47443],[133.87559,34.47419],[133.87491,34.47425],[133.87471,34.47467],[133.87437,34.47502],[133.87303,34.47509],[133.87307,34.47549],[133.8728,34.47608],[133.87185,34.47628],[133.87131,34.47642],[133.8705,34.47661],[133.86996,34.47635],[133.86985,34.47574],[133.86905,34.47544],[133.86781,34.47532],[133.86755,34.47534],[133.86709,34.47509],[133.86696,34.47514],[133.86597,34.47553],[133.86573,34.47603],[133.86558,34.47638],[133.86366,34.47636],[133.86361,34.47678],[133.86349,34.47701],[133.86302,34.47714],[133.86239,34.4776],[133.86232,34.47821],[133.86241,34.47857],[133.86255,34.47883],[133.8625,34.47939],[133.86238,34.47971],[133.86228,34.47984],[133.86229,34.48045],[133.86227,34.48047],[133.8616,34.48047],[133.86111,34.48077],[133.86144,34.48137],[133.86209,34.48162],[133.86225,34.48284],[133.86173,34.48298],[133.86149,34.48307],[133.86077,34.48297],[133.85953,34.48243],[133.86053,34.48316],[133.86147,34.48344],[133.86228,34.48372],[133.86197,34.48418],[133.86238,34.48476],[133.86118,34.48589],[133.86207,34.48578],[133.86285,34.48564],[133.86314,34.48579],[133.86352,34.48667],[133.86358,34.48683],[133.86354,34.48715],[133.86352,34.48787],[133.86289,34.48925],[133.86275,34.48956],[133.86316,34.48952],[133.86373,34.4902],[133.86353,34.4904],[133.8635,34.49081],[133.86377,34.49122],[133.86378,34.49177],[133.86377,34.49228],[133.86342,34.49254],[133.86313,34.49279],[133.86251,34.49255],[133.86231,34.49265],[133.86202,34.49262],[133.86115,34.49262],[133.86064,34.49281],[133.86079,34.49302],[133.8609,34.49311],[133.86125,34.49345],[133.86139,34.49352],[133.86231,34.49368],[133.86241,34.49373],[133.86272,34.49412],[133.86351,34.49392],[133.86361,34.49346],[133.86471,34.49263],[133.86555,34.49239],[133.86664,34.49251],[133.86718,34.49267],[133.86709,34.49219],[133.8669,34.49183],[133.86675,34.49143],[133.86675,34.49096],[133.86686,34.49062],[133.86709,34.49022],[133.86731,34.49014],[133.86735,34.49023],[133.86731,34.49065],[133.86718,34.49116],[133.86707,34.49149],[133.86719,34.49174],[133.86761,34.49253],[133.86791,34.49272],[133.86894,34.49276],[133.86963,34.49252],[133.87018,34.49232],[133.8703,34.49243],[133.87061,34.49357],[133.87037,34.49415],[133.87073,34.49529],[133.87024,34.49538],[133.86952,34.49609],[133.86815,34.49535],[133.86772,34.49541],[133.86751,34.49614],[133.86771,34.49697],[133.8684,34.49753],[133.86873,34.4983],[133.86948,34.49891],[133.86972,34.49847],[133.87051,34.50003],[133.86949,34.50159],[133.8691,34.5026],[133.86964,34.50469],[133.8696,34.50486],[133.86858,34.50536],[133.86789,34.50614],[133.8683,34.508],[133.86885,34.50909],[133.8677,34.51003],[133.86625,34.51093],[133.86617,34.51133],[133.86632,34.51271],[133.86618,34.51395],[133.86552,34.51649],[133.86626,34.51851],[133.86628,34.51873],[133.86618,34.51904],[133.86537,34.51984],[133.86526,34.5199],[133.86356,34.51972],[133.86317,34.51971],[133.86205,34.51983],[133.86092,34.51922],[133.86077,34.51838],[133.86002,34.51887],[133.85879,34.51882],[133.85755,34.51969],[133.85644,34.51984],[133.85624,34.52023],[133.85605,34.52077],[133.85463,34.52045],[133.85364,34.51964],[133.85346,34.51998],[133.85135,34.52121],[133.85126,34.52153],[133.85102,34.52213],[133.85106,34.52379],[133.8506,34.52545],[133.85013,34.52644],[133.84982,34.52716],[133.84987,34.52735],[133.85033,34.52775],[133.85195,34.52947],[133.85152,34.52978],[133.85116,34.53018],[133.85111,34.53104],[133.85072,34.53106],[133.85031,34.53128],[133.85024,34.53142],[133.85004,34.5317],[133.84985,34.53192],[133.84906,34.53193],[133.84873,34.53165],[133.84796,34.53069],[133.8478,34.53039],[133.84729,34.52944],[133.84666,34.52918],[133.84615,34.52901],[133.84556,34.52896],[133.84459,34.52939],[133.84452,34.52978],[133.84446,34.52993],[133.84373,34.53006],[133.84295,34.53057],[133.84265,34.53118],[133.84236,34.53226],[133.84183,34.53279],[133.8414,34.53381],[133.84055,34.534],[133.83997,34.53386],[133.8394,34.5338],[133.83811,34.53553],[133.83756,34.53553],[133.83621,34.5354],[133.83503,34.53543],[133.83469,34.53494],[133.83407,34.53464],[133.83333,34.53416],[133.83319,34.53386],[133.83201,34.53367],[133.83128,34.53384],[133.83045,34.53326],[133.82957,34.53352],[133.82964,34.53381],[133.82963,34.53421],[133.82947,34.53463],[133.82839,34.53446],[133.82777,34.53497],[133.82799,34.53545],[133.82792,34.53578],[133.82728,34.53654],[133.82717,34.5374],[133.82602,34.53728],[133.82599,34.53737],[133.82591,34.538],[133.82495,34.53888],[133.82469,34.53966],[133.82459,34.5401],[133.82404,34.54142],[133.82406,34.54263],[133.82406,34.54325],[133.82329,34.544],[133.82292,34.54402],[133.82242,34.54403],[133.82167,34.54432],[133.82115,34.54537],[133.82116,34.54577],[133.82117,34.5458],[133.82069,34.54667],[133.81992,34.54612],[133.81901,34.54679],[133.81862,34.54647],[133.81751,34.5473],[133.81701,34.54692],[133.81629,34.54739],[133.81857,34.54987],[133.82055,34.55101],[133.82204,34.55139],[133.82401,34.55098],[133.82728,34.55174],[133.8333,34.55497],[133.83264,34.55559],[133.83283,34.55793],[133.83238,34.55937],[133.83165,34.56083],[133.83014,34.56309],[133.82886,34.56447],[133.82538,34.56663],[133.82797,34.56783],[133.8282,34.56851],[133.82905,34.56859],[133.83153,34.56781],[133.83299,34.56875],[133.83932,34.57582],[133.84149,34.57812],[133.84242,34.57912],[133.84288,34.58016],[133.84307,34.58165],[133.84308,34.58179],[133.84346,34.58621],[133.84369,34.59002],[133.8401,34.5961],[133.84017,34.59609],[133.83827,34.59926],[133.83842,34.59968],[133.83827,34.59968],[133.83607,34.59802],[133.83308,34.59592],[133.83241,34.59554],[133.83211,34.59459],[133.83039,34.59342],[133.82923,34.59242],[133.82912,34.59237],[133.82818,34.59177],[133.82784,34.59155],[133.8275,34.5914],[133.82639,34.59108],[133.82455,34.59049],[133.82444,34.59174],[133.82444,34.59244],[133.82428,34.59585],[133.82424,34.59618],[133.82119,34.59693],[133.82034,34.59713],[133.82003,34.5975],[133.81975,34.59793],[133.81801,34.59818],[133.81723,34.59852],[133.81692,34.59859],[133.81543,34.59884],[133.81504,34.59889],[133.81497,34.59889],[133.81417,34.59905],[133.81225,34.59901],[133.80688,34.59687],[133.80522,34.60058],[133.80538,34.60109],[133.80534,34.60221],[133.80477,34.60324],[133.80486,34.60508],[133.80294,34.60766],[133.80147,34.60903],[133.80233,34.60987],[133.80325,34.6104],[133.80402,34.61147],[133.80689,34.61159],[133.8093,34.61151],[133.81252,34.61236],[133.81269,34.61244],[133.81304,34.61258],[133.81438,34.61287],[133.81405,34.61369],[133.81401,34.61381],[133.81401,34.61421],[133.81399,34.61497],[133.8136,34.61578],[133.81331,34.61603],[133.81344,34.61692],[133.81347,34.61724],[133.81405,34.61817],[133.81418,34.61854],[133.81407,34.61862],[133.81402,34.61882],[133.814,34.61884],[133.81389,34.61899],[133.81475,34.61841],[133.81521,34.61813],[133.81549,34.61811],[133.81596,34.61856],[133.8163,34.61857],[133.81659,34.61906],[133.81753,34.61988],[133.81782,34.62004],[133.81785,34.62028],[133.81789,34.62077],[133.81797,34.62093],[133.81822,34.62109],[133.81807,34.62113],[133.81795,34.62127],[133.81832,34.62137],[133.81884,34.62149],[133.8191,34.62157],[133.8197,34.62185],[133.82007,34.62172],[133.8209,34.62222],[133.82179,34.62284],[133.82207,34.62293],[133.82209,34.62293],[133.82228,34.62307],[133.82297,34.62314],[133.82374,34.62368],[133.82433,34.6237],[133.8246,34.62375],[133.8252,34.6242],[133.82538,34.62434],[133.82572,34.62457],[133.82616,34.62495],[133.82654,34.62539],[133.82664,34.62551],[133.82672,34.6258],[133.82771,34.62603],[133.82833,34.6261],[133.82907,34.62697],[133.82919,34.62728],[133.82936,34.62741],[133.82966,34.6275],[133.83033,34.62776],[133.83105,34.62794],[133.83335,34.62783],[133.83385,34.62904],[133.83439,34.62943],[133.83533,34.62995],[133.83599,34.63124],[133.83604,34.63175],[133.83516,34.63381],[133.83534,34.63388],[133.83561,34.63409],[133.83676,34.63417],[133.83804,34.63392],[133.83894,34.63378],[133.83907,34.63376],[133.83928,34.63465],[133.83894,34.63562],[133.83746,34.63532],[133.83685,34.63652],[133.83617,34.63845],[133.83488,34.64171],[133.8336,34.64558],[133.83279,34.64836],[133.83153,34.65132],[133.83157,34.65161],[133.8337,34.65228],[133.83416,34.65103],[133.83663,34.65164],[133.83593,34.65303],[133.83568,34.65452],[133.83784,34.65504],[133.83767,34.65531],[133.83724,34.65637],[133.83706,34.65677],[133.83668,34.65789],[133.83547,34.65766],[133.83541,34.65786],[133.83541,34.65848],[133.83516,34.6586],[133.83488,34.65946],[133.83509,34.65958],[133.83482,34.66033],[133.83536,34.66072],[133.83549,34.66082],[133.83576,34.66118],[133.83496,34.662],[133.83339,34.66255],[133.83328,34.66301],[133.83208,34.66336],[133.83135,34.66412],[133.83093,34.66409],[133.82941,34.66495],[133.82896,34.66471],[133.82611,34.66635],[133.82581,34.66638],[133.82585,34.6669],[133.82495,34.66947],[133.82296,34.66871],[133.82225,34.66843],[133.82186,34.66836],[133.82126,34.66837],[133.82026,34.66846],[133.81872,34.66799],[133.81675,34.66774],[133.81234,34.66781],[133.81209,34.66702],[133.81212,34.667],[133.81161,34.66636],[133.81085,34.66629],[133.80944,34.6657],[133.80929,34.66574],[133.80852,34.66587],[133.80659,34.6653],[133.80597,34.66496],[133.80472,34.66359],[133.8033,34.66304],[133.80149,34.66271],[133.80153,34.66254],[133.80156,34.66202],[133.80149,34.66148],[133.80149,34.66066],[133.80163,34.66006],[133.80158,34.65994],[133.80151,34.65987],[133.80069,34.65937],[133.80078,34.65866],[133.80081,34.65832],[133.80077,34.65804],[133.801,34.65728],[133.80093,34.65698],[133.80062,34.65637],[133.80067,34.65569],[133.80003,34.65545],[133.79957,34.65533],[133.79933,34.65543],[133.799,34.65433],[133.79882,34.65376],[133.79888,34.653],[133.7991,34.65251],[133.7993,34.65218],[133.79954,34.65154],[133.79971,34.65109],[133.80001,34.65054],[133.80011,34.6501],[133.80032,34.64875],[133.79984,34.64849],[133.7988,34.64857],[133.79816,34.64778],[133.79856,34.64639],[133.79825,34.64598],[133.79828,34.64574],[133.79851,34.6454],[133.79883,34.64518],[133.7989,34.6451],[133.79884,34.64437],[133.79931,34.64409],[133.79957,34.64395],[133.80061,34.64302],[133.79958,34.6421],[133.79931,34.64092],[133.79786,34.64027],[133.7976,34.64029],[133.79721,34.64032],[133.79604,34.63962],[133.79493,34.63945],[133.79432,34.63938],[133.79357,34.63843],[133.79329,34.63816],[133.79345,34.63982],[133.79315,34.64064],[133.7922,34.64113],[133.79097,34.64225],[133.79042,34.64273],[133.79018,34.64279],[133.78991,34.64277],[133.78955,34.64249],[133.78845,34.64226],[133.78819,34.64267],[133.78814,34.64287],[133.78735,34.64283],[133.78607,34.64291],[133.78534,34.64345],[133.78485,34.64366],[133.78411,34.64366],[133.78297,34.64309],[133.78207,34.64238],[133.78167,34.64267],[133.78147,34.64279],[133.78093,34.64408],[133.78049,34.64484],[133.78029,34.64474],[133.78018,34.64454],[133.77981,34.6442],[133.77897,34.64427],[133.77696,34.64409],[133.7768,34.64405],[133.77621,34.64431],[133.7759,34.6445],[133.77309,34.6432],[133.77303,34.64263],[133.77162,34.64179],[133.77069,34.64041],[133.77007,34.64026],[133.76859,34.64032],[133.76822,34.6407],[133.7668,34.64163],[133.7663,34.64263],[133.76549,34.64283],[133.76489,34.64281],[133.76413,34.64309],[133.76395,34.6439],[133.76406,34.64415],[133.76391,34.64475],[133.76257,34.64433],[133.76266,34.6436],[133.7626,34.64317],[133.76017,34.64251],[133.75963,34.64192],[133.75796,34.64175],[133.75787,34.64174],[133.75732,34.6413],[133.75715,34.64104],[133.75682,34.63987],[133.75634,34.6395],[133.75609,34.63907],[133.75573,34.63863],[133.75485,34.63799],[133.75478,34.63788],[133.75458,34.63736],[133.75453,34.63718],[133.75416,34.63704],[133.75404,34.63706],[133.75337,34.63726],[133.75308,34.63732],[133.75235,34.63686],[133.75285,34.63634],[133.75288,34.63565],[133.75281,34.63509],[133.75112,34.63417],[133.75085,34.63358],[133.752,34.63295],[133.75263,34.63357],[133.75359,34.63407],[133.75437,34.63403],[133.75486,34.63386],[133.75717,34.6315],[133.75726,34.63136],[133.75702,34.63127],[133.75649,34.63082],[133.7562,34.63019],[133.75474,34.62936],[133.75364,34.62898],[133.75307,34.62808],[133.75235,34.62733],[133.75159,34.62659],[133.75123,34.62648],[133.75048,34.62636],[133.74922,34.62617],[133.74903,34.62611],[133.74841,34.62561],[133.74796,34.62472],[133.74737,34.62354],[133.74735,34.62324],[133.74706,34.62322],[133.74702,34.62283],[133.7463,34.62229],[133.74417,34.62219],[133.74251,34.62211],[133.74106,34.62248],[133.73689,34.62327],[133.7359,34.62358],[133.73218,34.62232],[133.73157,34.62222]],[[133.76909,34.60277],[133.7691,34.6026],[133.76892,34.60248],[133.76889,34.60246],[133.76909,34.60277]],[[133.76196,34.59928],[133.76145,34.59906],[133.76222,34.59942],[133.76196,34.59928]],[[133.7865,34.61256],[133.78621,34.61299],[133.78653,34.61256],[133.7865,34.61256]],[[133.8698,34.46536],[133.86995,34.46554],[133.86854,34.46686],[133.86999,34.46559],[133.8698,34.46536]],[[133.7234,34.50199],[133.72341,34.51172],[133.72342,34.50778],[133.7234,34.50199]],[[133.72331,34.5304],[133.72331,34.52934],[133.72329,34.53039],[133.72331,34.5304]],[[133.72031,34.52327],[133.72032,34.5217],[133.72023,34.5217],[133.72031,34.52327]],[[133.7401,34.52682],[133.74022,34.52692],[133.74011,34.52682],[133.7401,34.52682]],[[133.7587,34.53879],[133.75854,34.53867],[133.75805,34.53978],[133.7587,34.53879]],[[133.74867,34.51067],[133.74893,34.51033],[133.74847,34.51036],[133.74867,34.51067]],[[133.81593,34.49583],[133.81597,34.4959],[133.81609,34.49574],[133.81593,34.49583]],[[133.7906,34.48118],[133.79065,34.48109],[133.79007,34.48095],[133.7906,34.48118]],[[133.80301,34.46696],[133.80263,34.46657],[133.80293,34.4669],[133.80301,34.46696]],[[133.80226,34.46564],[133.80238,34.46233],[133.80227,34.46513],[133.80226,34.46564]],[[133.79527,34.47712],[133.79504,34.47722],[133.79509,34.47724],[133.79527,34.47712]],[[133.80225,34.44554],[133.80257,34.445],[133.80269,34.4445],[133.80307,34.44359],[133.80273,34.44428],[133.80261,34.44474],[133.80225,34.44554]],[[133.67877,34.58629],[133.67879,34.58677],[133.67902,34.5861],[133.67877,34.58629]],[[133.69219,34.58169],[133.6925,34.58171],[133.69293,34.58172],[133.69219,34.58169]],[[133.64871,34.60627],[133.6496,34.60631],[133.65045,34.60628],[133.64871,34.60627]],[[133.68956,34.60034],[133.68957,34.60056],[133.6902,34.5994],[133.68956,34.60034]],[[133.6904,34.59877],[133.69056,34.59844],[133.69059,34.59837],[133.6904,34.59877]],[[133.69037,34.59793],[133.69031,34.59793],[133.69002,34.59779],[133.69017,34.59795],[133.69037,34.59793]],[[133.67956,34.61251],[133.67963,34.61249],[133.67962,34.61249],[133.67956,34.61251]],[[133.68972,34.61167],[133.68975,34.61165],[133.6898,34.61128],[133.68972,34.61167]],[[133.69477,34.60703],[133.69551,34.60702],[133.69515,34.60698],[133.69477,34.60703]],[[133.70713,34.58079],[133.70717,34.58143],[133.70767,34.57917],[133.70713,34.58079]],[[133.69501,34.58534],[133.69437,34.58498],[133.69469,34.5852],[133.69501,34.58534]],[[133.69274,34.58983],[133.69239,34.59035],[133.6927,34.59034],[133.69274,34.58983]],[[133.69465,34.58994],[133.69473,34.58994],[133.69488,34.58988],[133.69465,34.58994]],[[133.69921,34.58872],[133.69982,34.5885],[133.70012,34.58825],[133.69921,34.58872]],[[133.69235,34.58447],[133.69239,34.58455],[133.69305,34.58425],[133.69235,34.58447]],[[133.69921,34.59176],[133.70007,34.59119],[133.69968,34.59141],[133.69921,34.59176]],[[133.70737,34.58976],[133.70759,34.5898],[133.70856,34.58979],[133.70737,34.58976]],[[133.70351,34.59663],[133.70355,34.59662],[133.70353,34.59655],[133.70351,34.59663]],[[133.70408,34.59602],[133.70407,34.59633],[133.7042,34.59585],[133.70408,34.59602]],[[133.70601,34.5961],[133.70644,34.59609],[133.70628,34.59609],[133.70601,34.5961]],[[133.71025,34.58921],[133.71007,34.58929],[133.71193,34.58852],[133.71025,34.58921]],[[133.71446,34.59978],[133.71421,34.60039],[133.71472,34.59981],[133.71446,34.59978]],[[133.72081,34.64177],[133.72037,34.6421],[133.72059,34.64218],[133.72081,34.64177]],[[133.72076,34.63044],[133.72031,34.63046],[133.7207,34.63076],[133.72076,34.63044]],[[133.71702,34.64293],[133.7183,34.64241],[133.71622,34.64323],[133.71702,34.64293]],[[133.70819,34.64142],[133.70836,34.64084],[133.70818,34.64108],[133.70819,34.64142]],[[133.70306,34.64811],[133.70322,34.6481],[133.70255,34.64804],[133.70306,34.64811]],[[133.71138,34.64816],[133.71116,34.64845],[133.71126,34.64845],[133.71138,34.64816]],[[133.71661,34.64948],[133.71798,34.64961],[133.71713,34.64948],[133.71661,34.64948]],[[133.66226,34.63962],[133.66237,34.63899],[133.66196,34.63939],[133.66226,34.63962]],[[133.68779,34.65057],[133.68799,34.65028],[133.68823,34.64985],[133.68789,34.64992],[133.68779,34.65057]],[[133.68983,34.65076],[133.68984,34.65102],[133.68987,34.65084],[133.68983,34.65076]],[[133.69475,34.64281],[133.69471,34.64193],[133.69463,34.64172],[133.69458,34.64285],[133.69475,34.64281]],[[133.69007,34.6427],[133.68992,34.64255],[133.68987,34.64272],[133.69007,34.6427]],[[133.70355,34.61233],[133.70379,34.61254],[133.70484,34.61283],[133.70355,34.61233]],[[133.67343,34.63246],[133.67317,34.63258],[133.67273,34.63302],[133.67343,34.63246]],[[133.69342,34.63062],[133.69392,34.63097],[133.69396,34.63079],[133.69342,34.63062]],[[133.69246,34.63057],[133.69196,34.63025],[133.69185,34.63043],[133.69246,34.63057]],[[133.69386,34.63118],[133.69376,34.63157],[133.69391,34.63101],[133.69386,34.63118]],[[133.68748,34.63254],[133.68723,34.63263],[133.68758,34.63266],[133.68748,34.63254]],[[133.68383,34.63285],[133.6847,34.63095],[133.68505,34.63015],[133.68383,34.63285]],[[133.67908,34.63001],[133.67839,34.63014],[133.67847,34.62934],[133.67835,34.63046],[133.67908,34.63001]],[[133.68613,34.62849],[133.68633,34.6282],[133.68586,34.62841],[133.68613,34.62849]],[[133.68633,34.6282],[133.68671,34.62796],[133.68659,34.62782],[133.68633,34.6282]],[[133.68413,34.62558],[133.68384,34.6265],[133.68449,34.62454],[133.68413,34.62558]],[[133.67765,34.62581],[133.67602,34.6253],[133.67677,34.62556],[133.67765,34.62581]],[[133.77605,34.52916],[133.77654,34.52897],[133.77609,34.52908],[133.77605,34.52916]],[[133.82246,34.49181],[133.82215,34.49239],[133.82214,34.49245],[133.82246,34.49181]]],[[[133.81777,34.42583],[133.81671,34.42601],[133.81509,34.42541],[133.8141,34.42573],[133.81482,34.42475],[133.81629,34.42452],[133.81702,34.42407],[133.83025,34.41806],[133.83125,34.4174],[133.83195,34.41731],[133.8318,34.41817],[133.83257,34.41894],[133.83284,34.42031],[133.83342,34.42105],[133.83453,34.42109],[133.83476,34.42176],[133.83581,34.42326],[133.83661,34.42348],[133.83688,34.42545],[133.83596,34.42458],[133.83489,34.4243],[133.83421,34.4238],[133.83328,34.42362],[133.83206,34.42375],[133.83148,34.42411],[133.83084,34.42372],[133.82953,34.42372],[133.82857,34.42407],[133.81845,34.42584],[133.81777,34.42583]]],[[[133.74475,34.4553],[133.7442,34.45426],[133.74434,34.45389],[133.7489,34.44221],[133.75718,34.42097],[133.77291,34.41551],[133.78085,34.4228],[133.76388,34.46373],[133.75025,34.46828],[133.74475,34.4553]]],[[[133.68618,34.59438],[133.68616,34.59435],[133.68588,34.59384],[133.68618,34.59438]]],[[[133.71227,34.61529],[133.71232,34.6153],[133.71233,34.61531],[133.71227,34.61529]]],[[[133.71585,34.65192],[133.717,34.65242],[133.71437,34.65128],[133.71585,34.65192]]],[[[133.7139,34.60201],[133.71731,34.60315],[133.71348,34.60187],[133.7139,34.60201]]]]}},{"type":"Feature","properties":{"nm":"津山市","b":[133.8211,34.9839,134.1689,35.3075],"c":[134.02994,35.1386]},"geometry":{"type":"MultiPolygon","coordinates":[[[[134.0085,35.06016],[134.00837,35.06043],[134.00808,35.061],[134.0085,35.06016]]],[[[133.9527,35.0513],[133.95318,35.05028],[133.95337,35.05006],[133.95469,35.04906],[133.95567,35.04864],[133.95633,35.04812],[133.95617,35.04777],[133.95612,35.04755],[133.95598,35.04742],[133.95572,35.04729],[133.95554,35.04711],[133.95546,35.04689],[133.95548,35.04643],[133.95579,35.04567],[133.95597,35.0453],[133.95612,35.04519],[133.95636,35.04513],[133.95675,35.04501],[133.95694,35.04479],[133.95692,35.04469],[133.95648,35.04412],[133.95649,35.04401],[133.95663,35.04286],[133.95612,35.04234],[133.95565,35.0409],[133.95526,35.04077],[133.95502,35.04004],[133.9557,35.03868],[133.95565,35.03843],[133.95539,35.03819],[133.95466,35.03808],[133.95435,35.03747],[133.95433,35.03735],[133.95453,35.03678],[133.95444,35.03611],[133.9545,35.03563],[133.95447,35.0351],[133.95545,35.03397],[133.95546,35.03387],[133.95546,35.03381],[133.95537,35.03355],[133.95421,35.0333],[133.95381,35.03257],[133.9528,35.03213],[133.95194,35.03136],[133.95132,35.03046],[133.951,35.03047],[133.95107,35.03033],[133.95041,35.0297],[133.95005,35.02924],[133.94992,35.02877],[133.94995,35.02858],[133.95032,35.02806],[133.95031,35.02688],[133.95019,35.02559],[133.95009,35.02454],[133.95004,35.02435],[133.94995,35.02417],[133.94995,35.02398],[133.9503,35.02317],[133.94973,35.0221],[133.94949,35.02177],[133.9479,35.0213],[133.9479,35.02044],[133.94793,35.0197],[133.94762,35.0188],[133.94776,35.01774],[133.94767,35.01729],[133.94754,35.01712],[133.9478,35.0165],[133.94829,35.0152],[133.94862,35.01502],[133.94903,35.01455],[133.94913,35.01405],[133.94911,35.01394],[133.94923,35.01368],[133.94968,35.01293],[133.94979,35.01256],[133.94973,35.01218],[133.94984,35.01202],[133.95004,35.01121],[133.95031,35.01048],[133.95099,35.00948],[133.95122,35.00922],[133.95159,35.00905],[133.95187,35.00893],[133.95211,35.00878],[133.95228,35.00878],[133.95258,35.00848],[133.95308,35.00872],[133.95349,35.00883],[133.95404,35.00871],[133.95429,35.0086],[133.95474,35.00832],[133.95535,35.00862],[133.95622,35.00906],[133.95682,35.00892],[133.95736,35.00931],[133.95781,35.00919],[133.95854,35.00865],[133.95898,35.0083],[133.9597,35.00792],[133.96037,35.00748],[133.96104,35.00769],[133.96134,35.00805],[133.96183,35.00967],[133.96212,35.01011],[133.96248,35.0111],[133.9626,35.01169],[133.96339,35.01184],[133.96455,35.01169],[133.96632,35.01122],[133.96725,35.01133],[133.96823,35.0113],[133.9685,35.01122],[133.96881,35.0111],[133.97094,35.01148],[133.97142,35.01171],[133.97174,35.01173],[133.97187,35.01173],[133.97194,35.01173],[133.97271,35.01179],[133.97302,35.01189],[133.97242,35.01256],[133.97211,35.01298],[133.97193,35.0133],[133.97202,35.01393],[133.97202,35.01475],[133.97214,35.01521],[133.97213,35.01545],[133.97222,35.01546],[133.97263,35.01525],[133.97305,35.01501],[133.97521,35.0154],[133.97564,35.0156],[133.97589,35.01587],[133.97594,35.01631],[133.97623,35.01724],[133.97658,35.01812],[133.9769,35.01857],[133.97704,35.01875],[133.97691,35.01911],[133.97702,35.01935],[133.9773,35.01971],[133.97856,35.01991],[133.97924,35.02028],[133.97943,35.02155],[133.981,35.02226],[133.98136,35.02248],[133.98288,35.0233],[133.98325,35.02361],[133.98376,35.02401],[133.98518,35.02483],[133.98575,35.02487],[133.98609,35.0248],[133.98634,35.02488],[133.98706,35.02527],[133.98763,35.02554],[133.98773,35.02571],[133.98796,35.02625],[133.9881,35.02636],[133.98848,35.02665],[133.98869,35.02667],[133.98883,35.02661],[133.98957,35.02629],[133.99016,35.02625],[133.99126,35.02598],[133.99162,35.02531],[133.99169,35.02514],[133.99232,35.02413],[133.99302,35.02415],[133.99308,35.0241],[133.99341,35.02348],[133.99376,35.02319],[133.99406,35.02307],[133.99412,35.02302],[133.99435,35.02264],[133.99453,35.02237],[133.99457,35.0222],[133.99464,35.02201],[133.99478,35.02182],[133.99512,35.02152],[133.99601,35.02106],[133.99618,35.02101],[133.99677,35.02101],[133.99721,35.02103],[133.99801,35.02086],[133.99885,35.02061],[133.99975,35.02031],[134.00109,35.01978],[134.00203,35.01858],[134.00216,35.01847],[134.0026,35.01836],[134.00288,35.01831],[134.00341,35.01777],[134.00343,35.01737],[134.00344,35.01727],[134.00346,35.01717],[134.0037,35.01647],[134.00491,35.01564],[134.00546,35.01573],[134.00559,35.0158],[134.00627,35.01656],[134.0063,35.0166],[134.00656,35.01674],[134.00726,35.01704],[134.00795,35.01727],[134.00864,35.01768],[134.00891,35.01825],[134.00907,35.01836],[134.01027,35.01893],[134.01074,35.01876],[134.01097,35.01859],[134.01104,35.01843],[134.01099,35.01796],[134.01083,35.01776],[134.0109,35.01755],[134.01139,35.01721],[134.01175,35.01683],[134.01219,35.01595],[134.01137,35.01554],[134.01061,35.01504],[134.0124,35.01341],[134.01341,35.01346],[134.01338,35.01305],[134.01332,35.01236],[134.01332,35.01206],[134.01368,35.01185],[134.0139,35.01176],[134.01405,35.01167],[134.01421,35.01152],[134.01429,35.01128],[134.01453,35.011],[134.01492,35.01071],[134.01513,35.01052],[134.01537,35.01026],[134.01564,35.00987],[134.0159,35.00948],[134.01624,35.00928],[134.01764,35.00914],[134.01793,35.00883],[134.01814,35.00851],[134.01997,35.00738],[134.02282,35.00612],[134.02339,35.00622],[134.02384,35.00579],[134.02499,35.00605],[134.02579,35.00809],[134.02563,35.00672],[134.02641,35.0058],[134.02646,35.00486],[134.02758,35.00474],[134.02865,35.00422],[134.02887,35.00347],[134.02982,35.00251],[134.03077,35.00236],[134.03171,35.0027],[134.0324,35.00224],[134.03477,35.00294],[134.03589,35.00266],[134.03675,35.00197],[134.03812,35.00163],[134.03942,35.00194],[134.04025,35.00229],[134.03932,35.0033],[134.03826,35.00451],[134.03793,35.00489],[134.03707,35.00598],[134.03572,35.00867],[134.03481,35.00997],[134.03454,35.01038],[134.03282,35.01329],[134.03262,35.01356],[134.03168,35.01452],[134.03234,35.01489],[134.0337,35.01499],[134.03419,35.01528],[134.0345,35.01599],[134.03524,35.01668],[134.03677,35.01767],[134.03735,35.01803],[134.03748,35.01806],[134.03805,35.01827],[134.03824,35.01847],[134.03851,35.01867],[134.039,35.0188],[134.03964,35.01918],[134.03986,35.01948],[134.04061,35.02011],[134.04171,35.0209],[134.0416,35.02128],[134.04144,35.02148],[134.04143,35.02303],[134.04155,35.02334],[134.04161,35.02338],[134.0421,35.02361],[134.04227,35.02384],[134.04282,35.02469],[134.04305,35.02481],[134.0432,35.02486],[134.04342,35.0251],[134.04365,35.0255],[134.0442,35.02543],[134.04484,35.02549],[134.04514,35.02564],[134.04597,35.02585],[134.04623,35.02592],[134.04662,35.02611],[134.04703,35.0257],[134.04735,35.02567],[134.04745,35.02566],[134.04927,35.02537],[134.05012,35.02589],[134.05087,35.02586],[134.05155,35.02489],[134.05285,35.02513],[134.05319,35.02499],[134.05504,35.02556],[134.05711,35.02495],[134.05834,35.02394],[134.05856,35.02269],[134.05914,35.02282],[134.05942,35.022],[134.06078,35.02101],[134.06162,35.02135],[134.06205,35.02099],[134.06351,35.02051],[134.06436,35.0219],[134.065,35.0225],[134.06693,35.02257],[134.06889,35.023],[134.06977,35.02263],[134.0707,35.02255],[134.07188,35.02394],[134.07354,35.02487],[134.07525,35.02471],[134.07512,35.02481],[134.07532,35.02469],[134.07557,35.02479],[134.07658,35.02482],[134.07811,35.02413],[134.07824,35.02398],[134.07887,35.02369],[134.07983,35.0226],[134.08054,35.02235],[134.08072,35.02202],[134.08149,35.02129],[134.08228,35.02064],[134.08242,35.0206],[134.0827,35.02041],[134.08304,35.01982],[134.08386,35.01926],[134.0841,35.01868],[134.08446,35.01865],[134.08465,35.0186],[134.0842,35.01959],[134.0837,35.01999],[134.08355,35.02138],[134.08458,35.02283],[134.08296,35.02335],[134.08261,35.0247],[134.08344,35.02536],[134.082,35.02611],[134.0824,35.02695],[134.08263,35.02839],[134.08245,35.02863],[134.08254,35.03074],[134.08343,35.03203],[134.08122,35.03261],[134.08138,35.03427],[134.08223,35.0346],[134.08229,35.03473],[134.08238,35.03521],[134.0821,35.03593],[134.08306,35.03662],[134.0836,35.03755],[134.08352,35.03758],[134.0828,35.03786],[134.08287,35.03889],[134.08418,35.03983],[134.08415,35.04037],[134.08344,35.04089],[134.08332,35.04133],[134.08371,35.04182],[134.08422,35.04231],[134.08428,35.04256],[134.08447,35.04325],[134.08465,35.04392],[134.08476,35.04408],[134.08487,35.04422],[134.08494,35.0443],[134.08501,35.04469],[134.0851,35.04508],[134.08526,35.04618],[134.08522,35.04675],[134.08505,35.04709],[134.08494,35.04734],[134.08486,35.04759],[134.08474,35.04778],[134.08415,35.04826],[134.0833,35.04787],[134.08254,35.04769],[134.08171,35.04756],[134.08126,35.04739],[134.08021,35.04747],[134.07818,35.04865],[134.07751,35.04868],[134.07726,35.04868],[134.07677,35.04901],[134.07648,35.04967],[134.07631,35.05035],[134.07625,35.05053],[134.07671,35.0512],[134.07756,35.05166],[134.07817,35.05169],[134.07816,35.05143],[134.07841,35.05115],[134.07924,35.05164],[134.08015,35.05144],[134.08069,35.05098],[134.08088,35.05095],[134.08103,35.05128],[134.08105,35.0516],[134.08115,35.05163],[134.08147,35.05148],[134.08194,35.05115],[134.083,35.05099],[134.08303,35.0512],[134.08358,35.05162],[134.0839,35.05167],[134.08442,35.05205],[134.0851,35.052],[134.08561,35.0522],[134.0857,35.05235],[134.08602,35.05271],[134.08628,35.05271],[134.08649,35.05297],[134.08712,35.05369],[134.08764,35.05374],[134.08817,35.05373],[134.08884,35.05385],[134.08924,35.05393],[134.08965,35.05401],[134.08991,35.05402],[134.09109,35.05426],[134.09153,35.0544],[134.09192,35.05437],[134.09242,35.05395],[134.0927,35.05353],[134.09374,35.05326],[134.09396,35.05302],[134.09441,35.05251],[134.09496,35.05237],[134.09599,35.05247],[134.09647,35.05209],[134.09678,35.05173],[134.09735,35.05184],[134.09744,35.05182],[134.09829,35.05072],[134.09836,35.05074],[134.09878,35.05088],[134.10014,35.05038],[134.10041,35.05043],[134.10155,35.05047],[134.10161,35.0505],[134.1019,35.05052],[134.10257,35.0507],[134.10273,35.05098],[134.10261,35.05138],[134.10245,35.05159],[134.10218,35.05174],[134.10257,35.05245],[134.10275,35.05277],[134.10282,35.0529],[134.10272,35.0532],[134.10268,35.05328],[134.10271,35.05375],[134.10265,35.05411],[134.10266,35.05421],[134.10282,35.05446],[134.10314,35.05468],[134.10374,35.05516],[134.10402,35.05634],[134.10389,35.05669],[134.10346,35.05703],[134.10282,35.05739],[134.10255,35.05774],[134.10222,35.05797],[134.10237,35.05843],[134.1024,35.05914],[134.10306,35.05931],[134.10343,35.05935],[134.10476,35.05957],[134.10482,35.06052],[134.10544,35.06107],[134.10516,35.06152],[134.10534,35.06232],[134.10525,35.0643],[134.1048,35.06556],[134.10443,35.06785],[134.10389,35.06878],[134.10306,35.06921],[134.10268,35.0699],[134.10193,35.07053],[134.10103,35.0702],[134.10052,35.0707],[134.10067,35.07089],[134.10102,35.07095],[134.10122,35.07104],[134.10111,35.07157],[134.10148,35.07278],[134.1018,35.07546],[134.10169,35.07617],[134.10231,35.07825],[134.10259,35.07896],[134.10305,35.07883],[134.10365,35.08039],[134.10332,35.08163],[134.10406,35.08155],[134.10389,35.08231],[134.10437,35.08369],[134.10442,35.0846],[134.10591,35.08455],[134.10928,35.0836],[134.10974,35.08468],[134.1105,35.08484],[134.11162,35.0855],[134.11248,35.08603],[134.11404,35.08703],[134.11618,35.089],[134.11736,35.08961],[134.11795,35.09045],[134.11779,35.09079],[134.11894,35.09219],[134.11909,35.09277],[134.11989,35.093],[134.1206,35.09372],[134.12215,35.0947],[134.12263,35.09536],[134.12371,35.09559],[134.12392,35.09599],[134.12498,35.09668],[134.12521,35.09829],[134.12555,35.0988],[134.12555,35.09956],[134.12666,35.10033],[134.1285,35.10137],[134.1283,35.10143],[134.12877,35.10192],[134.12976,35.10214],[134.13006,35.10214],[134.13052,35.10216],[134.13064,35.10221],[134.13079,35.10238],[134.13143,35.10498],[134.13157,35.10532],[134.13173,35.10551],[134.13184,35.10627],[134.13182,35.10636],[134.13173,35.10646],[134.13171,35.10694],[134.13167,35.10709],[134.13173,35.10731],[134.13185,35.10748],[134.13191,35.10778],[134.13181,35.10968],[134.13223,35.11057],[134.13357,35.11144],[134.13355,35.11275],[134.13395,35.11333],[134.13376,35.11611],[134.13371,35.11753],[134.13543,35.12028],[134.13695,35.12482],[134.13869,35.12824],[134.13946,35.13111],[134.14029,35.13346],[134.14079,35.13436],[134.1411,35.13509],[134.14226,35.13708],[134.14279,35.13873],[134.14293,35.13935],[134.14304,35.14016],[134.14335,35.14181],[134.14342,35.14235],[134.14363,35.14481],[134.1438,35.14691],[134.14368,35.14812],[134.1436,35.14861],[134.14367,35.15018],[134.14365,35.15115],[134.14343,35.15236],[134.14344,35.15321],[134.14287,35.15611],[134.14248,35.15729],[134.14212,35.15758],[134.14199,35.15769],[134.14176,35.15818],[134.14158,35.15901],[134.1411,35.16001],[134.14075,35.16045],[134.14068,35.16084],[134.14078,35.16159],[134.14121,35.16251],[134.14425,35.16243],[134.14545,35.16261],[134.14609,35.16353],[134.14689,35.1644],[134.14834,35.1657],[134.14909,35.16618],[134.14947,35.16629],[134.15032,35.16729],[134.15076,35.16748],[134.15235,35.16717],[134.15327,35.16702],[134.15442,35.16715],[134.15529,35.16731],[134.1563,35.16776],[134.15826,35.16801],[134.15989,35.16844],[134.1605,35.16882],[134.16115,35.16936],[134.16325,35.16946],[134.16486,35.1695],[134.16583,35.16987],[134.16662,35.17043],[134.16697,35.17079],[134.16748,35.17154],[134.1676,35.17167],[134.16745,35.17256],[134.16855,35.17491],[134.16773,35.17698],[134.16761,35.17776],[134.16869,35.17908],[134.16887,35.17998],[134.16729,35.18204],[134.16718,35.18315],[134.1667,35.18486],[134.16555,35.18642],[134.16554,35.18724],[134.16492,35.18804],[134.1638,35.18878],[134.16318,35.18893],[134.16211,35.18995],[134.16134,35.1902],[134.16094,35.19082],[134.16088,35.19171],[134.15926,35.1926],[134.15724,35.19309],[134.15677,35.19364],[134.15567,35.19337],[134.15407,35.19448],[134.15294,35.1959],[134.15296,35.19644],[134.15415,35.19821],[134.15407,35.19934],[134.1532,35.19985],[134.15322,35.20037],[134.15397,35.20093],[134.15389,35.2018],[134.15459,35.20257],[134.15428,35.20362],[134.15441,35.2055],[134.15471,35.20646],[134.15524,35.2072],[134.15643,35.20789],[134.15657,35.20943],[134.15766,35.21059],[134.15899,35.2112],[134.15955,35.21216],[134.16007,35.2125],[134.16024,35.21366],[134.16161,35.21548],[134.16218,35.21655],[134.16173,35.21697],[134.16218,35.21773],[134.16237,35.21886],[134.16361,35.21934],[134.16318,35.22083],[134.16175,35.22156],[134.16148,35.2228],[134.16253,35.22436],[134.16218,35.22539],[134.16306,35.22592],[134.16404,35.22704],[134.16418,35.22788],[134.16333,35.2285],[134.16225,35.23011],[134.16111,35.23289],[134.15745,35.23445],[134.15694,35.23448],[134.1551,35.23384],[134.15431,35.23342],[134.15242,35.23308],[134.15041,35.23328],[134.14849,35.23217],[134.14751,35.23183],[134.14679,35.23192],[134.14449,35.2313],[134.14327,35.23241],[134.14238,35.23288],[134.14143,35.23374],[134.14103,35.2345],[134.14025,35.23532],[134.14023,35.23595],[134.1385,35.23678],[134.1374,35.23862],[134.13737,35.23899],[134.13864,35.2399],[134.13949,35.24082],[134.14068,35.24151],[134.14258,35.24134],[134.14407,35.24177],[134.14541,35.24267],[134.1457,35.24315],[134.14557,35.24382],[134.14453,35.2441],[134.14378,35.2448],[134.14413,35.24549],[134.14391,35.24646],[134.14298,35.24808],[134.14295,35.25029],[134.14329,35.25106],[134.14466,35.25179],[134.14502,35.25256],[134.14458,35.25349],[134.14508,35.25391],[134.14691,35.25402],[134.14739,35.25444],[134.14744,35.25509],[134.14826,35.25571],[134.14962,35.25736],[134.1505,35.25783],[134.14981,35.26076],[134.14865,35.26102],[134.14557,35.26128],[134.14639,35.26254],[134.14402,35.26381],[134.14276,35.26386],[134.14222,35.26413],[134.14059,35.26586],[134.14033,35.2669],[134.13977,35.26751],[134.14004,35.268],[134.13792,35.26912],[134.13759,35.27009],[134.13768,35.27105],[134.13831,35.27216],[134.13834,35.27292],[134.13946,35.27308],[134.14043,35.27357],[134.14114,35.27458],[134.14056,35.27721],[134.13955,35.27881],[134.1385,35.27932],[134.13668,35.28073],[134.13609,35.28161],[134.13577,35.28255],[134.13499,35.2828],[134.13432,35.28336],[134.1336,35.2825],[134.13331,35.28136],[134.13234,35.28109],[134.13131,35.28039],[134.13069,35.28028],[134.1294,35.28052],[134.12702,35.2803],[134.12544,35.28047],[134.124,35.28102],[134.12269,35.28112],[134.12015,35.28254],[134.11776,35.28345],[134.11596,35.28365],[134.11483,35.28456],[134.11387,35.28495],[134.11369,35.286],[134.11464,35.28675],[134.11415,35.28863],[134.11133,35.28963],[134.11147,35.29072],[134.1095,35.2913],[134.1097,35.29206],[134.10789,35.29375],[134.10676,35.29395],[134.10643,35.29448],[134.10418,35.29513],[134.10319,35.29596],[134.10266,35.29691],[134.10272,35.29855],[134.10224,35.29956],[134.10214,35.30047],[134.10103,35.30019],[134.10021,35.30052],[134.09931,35.30158],[134.09885,35.30247],[134.09805,35.3032],[134.09876,35.30443],[134.09782,35.30592],[134.09475,35.30553],[134.09419,35.30637],[134.09236,35.30554],[134.09126,35.3055],[134.08931,35.30614],[134.08775,35.30728],[134.08664,35.30753],[134.08606,35.30724],[134.08524,35.30625],[134.08507,35.30567],[134.08519,35.30408],[134.08411,35.30353],[134.08369,35.30303],[134.08254,35.30265],[134.08104,35.30256],[134.0802,35.30273],[134.07687,35.30288],[134.07572,35.30268],[134.0749,35.30196],[134.07309,35.30091],[134.07083,35.29943],[134.0703,35.29764],[134.06996,35.29721],[134.06653,35.29935],[134.06478,35.30094],[134.06459,35.30169],[134.06378,35.30248],[134.06231,35.30309],[134.06143,35.30299],[134.06056,35.30239],[134.0585,35.30136],[134.05758,35.3002],[134.05477,35.2985],[134.05371,35.29861],[134.05254,35.29821],[134.05077,35.29869],[134.04887,35.29852],[134.04809,35.29867],[134.04739,35.29924],[134.04631,35.30048],[134.04524,35.30122],[134.04409,35.30265],[134.0424,35.30364],[134.04159,35.30352],[134.03919,35.30389],[134.03798,35.30446],[134.0355,35.3038],[134.03402,35.30399],[134.03159,35.30517],[134.0301,35.30545],[134.0299,35.30473],[134.02873,35.30361],[134.02855,35.30316],[134.02814,35.30229],[134.02645,35.29972],[134.02638,35.29958],[134.02625,35.2991],[134.0256,35.29763],[134.02548,35.29651],[134.0252,35.29622],[134.02409,35.29586],[134.0234,35.29497],[134.02339,35.29466],[134.02344,35.29412],[134.02326,35.29397],[134.02281,35.2937],[134.02147,35.29352],[134.0212,35.29285],[134.02103,35.29227],[134.02078,35.29193],[134.02009,35.2915],[134.01943,35.29166],[134.01899,35.29135],[134.01927,35.29056],[134.01898,35.29017],[134.01874,35.28951],[134.01862,35.28883],[134.01857,35.28799],[134.01869,35.28754],[134.01874,35.28701],[134.01831,35.2864],[134.01801,35.28545],[134.01789,35.28505],[134.01752,35.28441],[134.01803,35.28349],[134.01996,35.28238],[134.02018,35.28228],[134.02054,35.28207],[134.02088,35.2806],[134.02109,35.28021],[134.02185,35.27887],[134.02181,35.27816],[134.02224,35.27645],[134.02193,35.27602],[134.02184,35.2757],[134.02193,35.27412],[134.02057,35.27293],[134.02007,35.27258],[134.02014,35.27195],[134.02016,35.27162],[134.01938,35.26915],[134.01822,35.26792],[134.0168,35.26679],[134.01495,35.26579],[134.01295,35.26566],[134.01178,35.265],[134.00982,35.26394],[134.00926,35.26355],[134.00899,35.26294],[134.0089,35.26222],[134.00851,35.26179],[134.00788,35.25989],[134.00652,35.25967],[134.00624,35.25954],[134.00608,35.25911],[134.00627,35.25848],[134.00619,35.25812],[134.00511,35.2578],[134.00517,35.25717],[134.00478,35.25652],[134.00428,35.25642],[134.00025,35.25627],[133.99997,35.256],[133.99994,35.25496],[134.00025,35.2532],[134.00046,35.25284],[134.00118,35.25209],[134.00127,35.25099],[134.0013,35.24995],[134.00134,35.24907],[134.00173,35.24857],[134.00346,35.24768],[134.00413,35.24713],[134.00433,35.24662],[134.0053,35.24572],[134.00585,35.24491],[134.00576,35.24425],[134.00426,35.24141],[134.00427,35.24027],[134.0057,35.23893],[134.00632,35.23818],[134.00663,35.23706],[134.00684,35.23671],[134.00775,35.23622],[134.00799,35.23603],[134.00832,35.23544],[134.0086,35.23477],[134.01003,35.2338],[134.01077,35.23342],[134.01192,35.23188],[134.01223,35.23171],[134.01245,35.23153],[134.0125,35.23137],[134.01234,35.23108],[134.01221,35.23098],[134.01149,35.23068],[134.01057,35.23],[134.01013,35.22973],[134.00989,35.22971],[134.00906,35.22971],[134.00856,35.22963],[134.00749,35.22891],[134.00672,35.22851],[134.00652,35.22821],[134.00618,35.2277],[134.00609,35.22721],[134.00567,35.22681],[134.00554,35.22678],[134.0043,35.22623],[134.00416,35.22619],[134.00385,35.22619],[134.00358,35.22613],[134.00335,35.22598],[134.00277,35.2252],[134.00231,35.22509],[134.00213,35.22509],[134.00128,35.22511],[134.0012,35.22443],[134.00084,35.22341],[134.00042,35.22321],[133.99947,35.2228],[133.99881,35.22212],[133.9985,35.22139],[133.99806,35.22041],[133.998,35.21983],[133.99742,35.21936],[133.9969,35.21912],[133.9966,35.21816],[133.99669,35.21779],[133.99676,35.2175],[133.99695,35.21664],[133.99705,35.21643],[133.99733,35.2161],[133.99744,35.21588],[133.99818,35.21519],[133.99834,35.21481],[133.99811,35.2143],[133.99774,35.21412],[133.99788,35.21376],[133.99817,35.2135],[133.99827,35.21323],[133.9982,35.21305],[133.99802,35.21293],[133.99768,35.21273],[133.99745,35.21206],[133.99735,35.21151],[133.99685,35.21097],[133.99678,35.21064],[133.99661,35.21038],[133.99659,35.21032],[133.99682,35.20964],[133.99693,35.20948],[133.99733,35.20922],[133.99742,35.20914],[133.99742,35.20902],[133.99721,35.20879],[133.99714,35.20824],[133.99715,35.20786],[133.99728,35.20771],[133.99758,35.20748],[133.99768,35.2072],[133.99762,35.20674],[133.99784,35.20635],[133.99788,35.2058],[133.99776,35.20494],[133.99848,35.20352],[133.99883,35.20297],[133.99883,35.20258],[133.99831,35.20204],[133.99815,35.20173],[133.99812,35.20145],[133.99842,35.2012],[133.99866,35.20082],[133.99912,35.20045],[133.99969,35.20013],[134.00002,35.19944],[133.99993,35.19885],[133.99996,35.1988],[134.00022,35.1985],[134.00011,35.19832],[133.9996,35.19776],[133.99931,35.19751],[133.99889,35.19716],[133.99871,35.19675],[133.99863,35.19624],[133.99827,35.19553],[133.99798,35.19513],[133.99843,35.19465],[133.9989,35.19425],[133.99918,35.19413],[133.99956,35.19391],[133.99979,35.19341],[133.99967,35.19246],[133.99963,35.19205],[133.99956,35.19184],[133.99943,35.19172],[133.99917,35.19155],[133.99904,35.19138],[133.99848,35.19085],[133.9981,35.19072],[133.99799,35.19067],[133.99783,35.19051],[133.99778,35.19039],[133.99784,35.18913],[133.9976,35.18859],[133.99741,35.1884],[133.99715,35.18758],[133.99712,35.18685],[133.99709,35.1856],[133.99673,35.18531],[133.99598,35.18461],[133.99585,35.18434],[133.99579,35.18383],[133.99564,35.18311],[133.99557,35.18295],[133.99562,35.18266],[133.99597,35.18226],[133.99608,35.18196],[133.99609,35.18184],[133.99595,35.18157],[133.99552,35.18066],[133.9955,35.18047],[133.99564,35.18005],[133.99565,35.1789],[133.99588,35.1785],[133.99597,35.17831],[133.99589,35.17807],[133.99536,35.1772],[133.9953,35.177],[133.99442,35.17705],[133.99421,35.17698],[133.99385,35.17686],[133.99371,35.17688],[133.9934,35.17677],[133.99323,35.17635],[133.99254,35.17612],[133.99168,35.17558],[133.99157,35.1752],[133.99052,35.17396],[133.98991,35.17245],[133.98967,35.17228],[133.98902,35.17214],[133.98849,35.17212],[133.9878,35.17092],[133.98723,35.1707],[133.98707,35.16939],[133.98666,35.16876],[133.98656,35.1679],[133.98737,35.16714],[133.98725,35.16567],[133.98664,35.16454],[133.9861,35.16302],[133.98527,35.16236],[133.98456,35.16225],[133.98418,35.1611],[133.98357,35.16113],[133.98201,35.1618],[133.9805,35.16149],[133.98011,35.16187],[133.98028,35.16055],[133.97951,35.15939],[133.97859,35.15903],[133.97791,35.15903],[133.97757,35.15791],[133.97784,35.15678],[133.97703,35.15645],[133.97675,35.15584],[133.97586,35.15514],[133.97537,35.1526],[133.97477,35.152],[133.97416,35.15074],[133.97412,35.15046],[133.97476,35.14986],[133.97483,35.14895],[133.97449,35.14799],[133.97476,35.14723],[133.97493,35.14661],[133.97504,35.14643],[133.97503,35.14633],[133.97475,35.14619],[133.9744,35.14602],[133.97429,35.14559],[133.97455,35.14491],[133.97512,35.14379],[133.97498,35.14326],[133.97462,35.14271],[133.97442,35.14226],[133.97422,35.14185],[133.97357,35.14162],[133.97327,35.14155],[133.97259,35.1412],[133.97208,35.14086],[133.97171,35.14053],[133.9712,35.14043],[133.97113,35.14027],[133.97108,35.14005],[133.97081,35.13935],[133.97062,35.13849],[133.97069,35.1382],[133.96998,35.1375],[133.96978,35.13711],[133.96939,35.13671],[133.96947,35.13654],[133.96976,35.13629],[133.97039,35.13593],[133.97009,35.13559],[133.97007,35.13534],[133.97001,35.13515],[133.96982,35.13478],[133.96977,35.13471],[133.96941,35.13451],[133.96933,35.13431],[133.96916,35.13387],[133.96916,35.13358],[133.96846,35.13233],[133.9687,35.13166],[133.96864,35.13059],[133.96895,35.12982],[133.96916,35.12941],[133.96917,35.12919],[133.96893,35.12882],[133.96885,35.12818],[133.96891,35.12724],[133.96894,35.1264],[133.96894,35.12624],[133.96889,35.12559],[133.96839,35.12481],[133.96829,35.12456],[133.96822,35.12409],[133.96808,35.12368],[133.9678,35.12331],[133.96746,35.12304],[133.96715,35.12287],[133.96661,35.12264],[133.9662,35.12242],[133.96544,35.12168],[133.96512,35.11995],[133.9647,35.11884],[133.96462,35.11854],[133.96381,35.11808],[133.96372,35.11759],[133.96324,35.11669],[133.96305,35.11573],[133.96364,35.11533],[133.96381,35.11475],[133.96417,35.11397],[133.96375,35.11401],[133.96343,35.1132],[133.96434,35.1127],[133.96478,35.11198],[133.96434,35.11172],[133.96458,35.11098],[133.96445,35.11027],[133.96604,35.10937],[133.96618,35.10846],[133.96554,35.10772],[133.96552,35.1068],[133.96512,35.10601],[133.96357,35.1058],[133.9634,35.10596],[133.96163,35.10583],[133.96097,35.10618],[133.95984,35.10621],[133.95868,35.1057],[133.95811,35.10462],[133.95733,35.10426],[133.95679,35.10314],[133.95595,35.10306],[133.9556,35.10225],[133.95533,35.10198],[133.95569,35.10047],[133.95595,35.10008],[133.95638,35.09905],[133.95624,35.09865],[133.95569,35.09789],[133.95576,35.09728],[133.95501,35.09692],[133.95448,35.09608],[133.95431,35.09516],[133.95277,35.09465],[133.95081,35.09511],[133.95015,35.09454],[133.95036,35.09383],[133.95011,35.09369],[133.95,35.0936],[133.94982,35.09328],[133.94968,35.09302],[133.94898,35.09261],[133.94888,35.09242],[133.94884,35.09208],[133.94887,35.09194],[133.94919,35.09173],[133.94941,35.09127],[133.94934,35.09098],[133.94914,35.09085],[133.94901,35.09079],[133.94896,35.09015],[133.94906,35.08999],[133.94902,35.08964],[133.94903,35.0895],[133.94864,35.08934],[133.94837,35.08885],[133.94888,35.08833],[133.9489,35.08807],[133.94886,35.08783],[133.94858,35.08797],[133.94811,35.08814],[133.94793,35.08761],[133.94742,35.08768],[133.94705,35.08761],[133.9465,35.08759],[133.94597,35.08752],[133.94582,35.08737],[133.94566,35.08712],[133.94585,35.08692],[133.94612,35.08657],[133.94624,35.08625],[133.94622,35.08616],[133.94612,35.08603],[133.94578,35.08603],[133.94537,35.08587],[133.94463,35.08575],[133.94435,35.0856],[133.94326,35.08479],[133.94333,35.08449],[133.94357,35.08424],[133.9437,35.08405],[133.94411,35.08306],[133.94414,35.08182],[133.94514,35.08184],[133.94519,35.07799],[133.94316,35.07796],[133.94285,35.07625],[133.94434,35.07375],[133.94373,35.07322],[133.94363,35.07232],[133.94402,35.07097],[133.94281,35.07094],[133.94257,35.0702],[133.9422,35.0701],[133.9417,35.06998],[133.94142,35.06921],[133.93977,35.06903],[133.93974,35.06632],[133.9395,35.06607],[133.93765,35.06592],[133.9374,35.0651],[133.93752,35.06312],[133.93735,35.06289],[133.93614,35.06351],[133.93588,35.06235],[133.93483,35.06272],[133.93381,35.06217],[133.93366,35.0632],[133.93265,35.06424],[133.93133,35.06344],[133.93065,35.06344],[133.92988,35.06364],[133.92944,35.06337],[133.92942,35.06358],[133.92868,35.0633],[133.92635,35.06335],[133.92548,35.06225],[133.9251,35.06277],[133.92334,35.06335],[133.9221,35.06287],[133.92151,35.06297],[133.92048,35.06374],[133.91888,35.06327],[133.91752,35.06371],[133.91695,35.06433],[133.91751,35.06574],[133.91742,35.066],[133.91627,35.06645],[133.9154,35.06726],[133.91458,35.06679],[133.91367,35.06676],[133.91249,35.06785],[133.91193,35.06889],[133.91107,35.06966],[133.91069,35.07058],[133.90992,35.07059],[133.90863,35.07075],[133.90793,35.07148],[133.90758,35.07214],[133.90642,35.07221],[133.90599,35.0728],[133.90589,35.07331],[133.90539,35.07387],[133.90466,35.07474],[133.90419,35.0745],[133.90244,35.0747],[133.90188,35.0751],[133.90173,35.0761],[133.90066,35.07694],[133.89992,35.07665],[133.89957,35.07667],[133.89906,35.07697],[133.89875,35.07719],[133.89843,35.07727],[133.89789,35.07729],[133.89714,35.07798],[133.89649,35.07908],[133.89622,35.0796],[133.89567,35.07981],[133.89508,35.07974],[133.89383,35.08001],[133.8933,35.08023],[133.89223,35.08049],[133.89178,35.08052],[133.89138,35.08087],[133.8897,35.08114],[133.88905,35.08086],[133.88868,35.08052],[133.88789,35.08034],[133.88739,35.08081],[133.88654,35.08031],[133.88592,35.08055],[133.8854,35.08036],[133.88438,35.08021],[133.88324,35.08033],[133.88247,35.08074],[133.88072,35.08056],[133.88,35.08111],[133.87977,35.08147],[133.87939,35.08196],[133.87932,35.08224],[133.87944,35.08292],[133.87893,35.08363],[133.87821,35.08389],[133.8773,35.08426],[133.87677,35.08487],[133.87611,35.08523],[133.87475,35.08544],[133.87405,35.0855],[133.87349,35.08575],[133.8736,35.08646],[133.87394,35.08698],[133.87432,35.08829],[133.87418,35.0891],[133.874,35.08963],[133.8745,35.09024],[133.8746,35.09052],[133.87382,35.09143],[133.87341,35.09164],[133.87239,35.09226],[133.87167,35.09315],[133.871,35.09523],[133.8703,35.09614],[133.87036,35.09675],[133.87019,35.09771],[133.8693,35.09833],[133.86835,35.09884],[133.86799,35.09884],[133.86803,35.09978],[133.86805,35.10034],[133.86785,35.1014],[133.8674,35.10214],[133.8671,35.10218],[133.86644,35.10203],[133.86569,35.10239],[133.86532,35.1029],[133.86464,35.10269],[133.86405,35.10257],[133.86363,35.10342],[133.86349,35.10358],[133.86269,35.10363],[133.86132,35.1042],[133.86093,35.10434],[133.86033,35.10495],[133.85944,35.10531],[133.85892,35.1053],[133.85814,35.10506],[133.85718,35.10528],[133.85671,35.10542],[133.85596,35.10544],[133.85526,35.10514],[133.85297,35.10392],[133.85205,35.10326],[133.85072,35.10299],[133.84973,35.10321],[133.84898,35.10325],[133.84804,35.10282],[133.84688,35.10246],[133.8465,35.10247],[133.84563,35.10185],[133.84556,35.10157],[133.84532,35.10133],[133.84458,35.10109],[133.84411,35.10052],[133.84398,35.10049],[133.84368,35.1004],[133.84294,35.1],[133.84096,35.09957],[133.84035,35.09885],[133.84,35.0988],[133.83932,35.09883],[133.83915,35.09876],[133.83843,35.09854],[133.83748,35.09882],[133.83629,35.09885],[133.83649,35.09855],[133.83573,35.09637],[133.83533,35.0956],[133.83435,35.0933],[133.83392,35.09168],[133.83263,35.08816],[133.83469,35.08743],[133.83545,35.0871],[133.83546,35.08604],[133.83517,35.08497],[133.83572,35.0841],[133.83549,35.08303],[133.83519,35.08207],[133.834,35.08178],[133.83378,35.08179],[133.83184,35.08036],[133.83008,35.07861],[133.8289,35.0778],[133.82871,35.07536],[133.82768,35.07428],[133.82689,35.07316],[133.82617,35.07313],[133.82581,35.07213],[133.82573,35.07145],[133.82518,35.07109],[133.82419,35.07054],[133.82388,35.06943],[133.82372,35.0691],[133.82317,35.06887],[133.82297,35.06865],[133.82279,35.06819],[133.82136,35.06796],[133.82107,35.06771],[133.82127,35.06717],[133.82234,35.06643],[133.82264,35.06566],[133.82328,35.0635],[133.82362,35.06236],[133.82367,35.06218],[133.82396,35.06088],[133.82401,35.05952],[133.82429,35.05888],[133.82377,35.05844],[133.82385,35.05588],[133.82371,35.05505],[133.82447,35.05377],[133.82395,35.05248],[133.82305,35.05218],[133.82303,35.0514],[133.82186,35.051],[133.82167,35.0501],[133.82245,35.04873],[133.82244,35.04827],[133.82224,35.04761],[133.82279,35.04681],[133.82399,35.04585],[133.82566,35.04482],[133.82624,35.04469],[133.82657,35.04448],[133.82749,35.04412],[133.82796,35.04421],[133.82848,35.04442],[133.82937,35.0444],[133.8304,35.04479],[133.83165,35.04446],[133.83187,35.04518],[133.83221,35.04576],[133.83321,35.04611],[133.83377,35.04639],[133.83418,35.04644],[133.83454,35.04672],[133.83479,35.04674],[133.83515,35.04701],[133.83525,35.04709],[133.83541,35.04728],[133.83568,35.04718],[133.83588,35.04703],[133.83611,35.04648],[133.8362,35.04622],[133.83648,35.04585],[133.83724,35.04518],[133.83779,35.04454],[133.83793,35.04401],[133.83856,35.04302],[133.83894,35.04289],[133.83949,35.04225],[133.83961,35.04162],[133.83977,35.04123],[133.83979,35.04107],[133.84003,35.04074],[133.8401,35.04052],[133.84037,35.04033],[133.84124,35.04066],[133.84158,35.0407],[133.84175,35.04078],[133.84222,35.04091],[133.84228,35.04037],[133.84201,35.04005],[133.84147,35.03878],[133.8416,35.03853],[133.84244,35.03815],[133.84318,35.03807],[133.84385,35.0386],[133.84412,35.03933],[133.84484,35.03971],[133.84598,35.03991],[133.84658,35.03985],[133.84761,35.04013],[133.84816,35.03972],[133.84857,35.03973],[133.84936,35.03971],[133.85,35.03937],[133.85034,35.03938],[133.85106,35.03964],[133.85119,35.03964],[133.85193,35.03933],[133.85231,35.03932],[133.85368,35.04072],[133.85397,35.04065],[133.85426,35.04032],[133.8544,35.04011],[133.8549,35.03974],[133.85527,35.03984],[133.85556,35.04003],[133.85613,35.04033],[133.85646,35.04022],[133.85685,35.03991],[133.85726,35.03965],[133.85797,35.04007],[133.85824,35.04024],[133.85857,35.04017],[133.86062,35.03987],[133.86141,35.03983],[133.86206,35.0404],[133.86306,35.04018],[133.86366,35.04028],[133.86399,35.04105],[133.86443,35.04183],[133.86524,35.04232],[133.86623,35.04257],[133.86731,35.04264],[133.87029,35.04272],[133.87111,35.04274],[133.87292,35.0427],[133.87459,35.04247],[133.87498,35.04222],[133.87483,35.04162],[133.87442,35.04089],[133.87432,35.04076],[133.87399,35.04007],[133.87407,35.03923],[133.87345,35.03796],[133.87355,35.03743],[133.87559,35.03663],[133.87732,35.0367],[133.87786,35.03616],[133.87818,35.03487],[133.87754,35.0342],[133.87689,35.03287],[133.87751,35.0319],[133.87777,35.03071],[133.87766,35.02916],[133.87795,35.02802],[133.87733,35.02721],[133.87704,35.02624],[133.87783,35.02509],[133.87812,35.0238],[133.87847,35.02335],[133.87913,35.02282],[133.87913,35.02182],[133.87914,35.02037],[133.87882,35.02005],[133.87844,35.01888],[133.87842,35.01846],[133.87896,35.0176],[133.87928,35.01655],[133.87941,35.01574],[133.87972,35.01449],[133.88017,35.01356],[133.87951,35.01375],[133.87902,35.01359],[133.87859,35.01323],[133.87838,35.01282],[133.87779,35.01322],[133.8772,35.01315],[133.87628,35.01248],[133.87564,35.01164],[133.87425,35.01152],[133.87235,35.00941],[133.87211,35.00912],[133.87196,35.00847],[133.8723,35.00686],[133.87261,35.00649],[133.8737,35.00545],[133.87374,35.00533],[133.87397,35.0044],[133.87422,35.00326],[133.87425,35.0028],[133.87498,35.00223],[133.87518,35.00194],[133.87514,35.00114],[133.87549,35.00047],[133.8768,34.9988],[133.87714,34.99738],[133.8772,34.99678],[133.8769,34.99638],[133.87751,34.99414],[133.87843,34.99194],[133.87897,34.9905],[133.87977,34.99105],[133.88097,34.9915],[133.88175,34.992],[133.88273,34.99212],[133.88308,34.99219],[133.88519,34.99289],[133.88638,34.99337],[133.8872,34.99314],[133.88732,34.99305],[133.88758,34.99204],[133.88749,34.99141],[133.8878,34.99096],[133.88809,34.9908],[133.88925,34.99041],[133.88938,34.99009],[133.89007,34.98976],[133.89047,34.98934],[133.89081,34.98901],[133.89091,34.98811],[133.89117,34.98716],[133.89145,34.98678],[133.89175,34.98631],[133.8926,34.98497],[133.8932,34.98457],[133.89338,34.98444],[133.89398,34.98415],[133.89427,34.98408],[133.89497,34.98403],[133.89547,34.98389],[133.89592,34.98421],[133.89611,34.98452],[133.89674,34.98489],[133.89682,34.98497],[133.89743,34.98538],[133.89907,34.98578],[133.89966,34.98623],[133.89985,34.98635],[133.89971,34.98749],[133.90018,34.98835],[133.9013,34.98956],[133.9018,34.98961],[133.90231,34.98953],[133.90245,34.98947],[133.90262,34.98951],[133.90333,34.98996],[133.90382,34.99021],[133.90401,34.99049],[133.9043,34.99148],[133.90463,34.99173],[133.90626,34.99205],[133.9072,34.99299],[133.90777,34.99337],[133.90798,34.9933],[133.90888,34.99385],[133.90937,34.99437],[133.90926,34.99516],[133.90953,34.99565],[133.90947,34.99655],[133.90948,34.99682],[133.90998,34.9976],[133.90984,34.99807],[133.90999,34.99867],[133.91092,34.99946],[133.91159,34.99977],[133.91201,34.99975],[133.91217,34.99968],[133.91301,35.00005],[133.9132,35.00024],[133.91368,35.0007],[133.91443,35.00133],[133.91479,35.0014],[133.91601,35.00198],[133.91648,35.00217],[133.91744,35.00232],[133.91809,35.00321],[133.91956,35.00413],[133.91909,35.00455],[133.91889,35.00526],[133.9184,35.0056],[133.91894,35.00536],[133.91981,35.00654],[133.91934,35.007],[133.91951,35.00738],[133.92017,35.00737],[133.92054,35.00787],[133.92029,35.00863],[133.91977,35.0091],[133.92023,35.00964],[133.91899,35.01023],[133.91878,35.01127],[133.91911,35.01089],[133.92044,35.01109],[133.92067,35.01108],[133.92079,35.01084],[133.92099,35.01069],[133.92196,35.01046],[133.92243,35.01049],[133.92311,35.01027],[133.92424,35.01047],[133.92504,35.01055],[133.92616,35.01125],[133.92732,35.01235],[133.92866,35.01287],[133.92892,35.01325],[133.92968,35.01376],[133.92993,35.01426],[133.93012,35.01437],[133.93032,35.01455],[133.93008,35.01478],[133.93029,35.016],[133.93166,35.0179],[133.93148,35.01933],[133.93189,35.01991],[133.93344,35.02039],[133.93338,35.02105],[133.93457,35.02209],[133.93488,35.02241],[133.93501,35.02341],[133.93488,35.02377],[133.93471,35.02448],[133.93476,35.02469],[133.93468,35.02516],[133.93466,35.0259],[133.9342,35.02615],[133.93448,35.02705],[133.93462,35.02752],[133.93461,35.02762],[133.93437,35.02791],[133.9343,35.0284],[133.93606,35.02856],[133.93668,35.02861],[133.93649,35.02923],[133.93783,35.02962],[133.93779,35.03151],[133.9378,35.03178],[133.93789,35.03297],[133.93835,35.03337],[133.93807,35.03386],[133.93786,35.03449],[133.93777,35.03471],[133.93759,35.0357],[133.93747,35.03632],[133.93706,35.03639],[133.93644,35.03663],[133.93575,35.0369],[133.93534,35.03701],[133.93505,35.03725],[133.93471,35.0373],[133.93422,35.03744],[133.93313,35.03773],[133.93296,35.03807],[133.93242,35.0385],[133.93135,35.03899],[133.93128,35.04011],[133.9312,35.04037],[133.9315,35.04048],[133.93177,35.04057],[133.93181,35.0405],[133.93208,35.03996],[133.93258,35.04004],[133.93292,35.04021],[133.93309,35.0404],[133.93369,35.04056],[133.93414,35.04069],[133.93455,35.0411],[133.93498,35.04119],[133.93535,35.04151],[133.93563,35.04168],[133.93608,35.0417],[133.93636,35.04156],[133.9366,35.04121],[133.93707,35.0406],[133.93741,35.04037],[133.93759,35.04031],[133.93803,35.04016],[133.93837,35.04045],[133.9386,35.0406],[133.93898,35.04065],[133.93948,35.04033],[133.93998,35.04089],[133.94017,35.0411],[133.9404,35.04129],[133.94073,35.04135],[133.94097,35.04147],[133.94133,35.04181],[133.94157,35.04204],[133.94181,35.04255],[133.94196,35.04262],[133.94228,35.04273],[133.94236,35.04284],[133.94266,35.04331],[133.94282,35.04344],[133.94386,35.04341],[133.94457,35.04365],[133.94505,35.04373],[133.94541,35.0437],[133.9459,35.04383],[133.94623,35.0439],[133.94687,35.04392],[133.948,35.04393],[133.94842,35.04395],[133.94856,35.0439],[133.9491,35.04341],[133.94933,35.04361],[133.94964,35.04411],[133.94955,35.0446],[133.94914,35.04512],[133.94864,35.04548],[133.94863,35.04556],[133.94876,35.04679],[133.94849,35.04744],[133.94804,35.04877],[133.94793,35.04939],[133.94801,35.05056],[133.94808,35.05168],[133.94904,35.05164],[133.952,35.05115],[133.9527,35.0513]],[[134.01069,35.06182],[134.01068,35.06187],[134.01089,35.0619],[134.01069,35.06182]],[[134.00808,35.061],[134.00789,35.06142],[134.00814,35.06147],[134.00808,35.061]],[[134.00301,35.05917],[134.00299,35.05939],[134.00315,35.05918],[134.00301,35.05917]],[[134.00182,35.05905],[134.00189,35.05911],[134.00201,35.0591],[134.00182,35.05905]],[[133.99786,35.06055],[133.99788,35.06091],[133.99791,35.06126],[133.99786,35.06055]],[[133.99042,35.05891],[133.99029,35.05911],[133.99044,35.05902],[133.99042,35.05891]],[[133.9914,35.05718],[133.99126,35.05725],[133.99186,35.05769],[133.9914,35.05718]],[[133.99126,35.05725],[133.99123,35.05727],[133.99013,35.05803],[133.99126,35.05725]],[[134.02503,35.04495],[134.0251,35.04455],[134.02498,35.04455],[134.02503,35.04495]],[[134.03393,35.03795],[134.03535,35.03573],[134.03584,35.03467],[134.03467,35.03677],[134.03393,35.03795]],[[133.96859,35.10659],[133.96896,35.10634],[133.96856,35.1065],[133.96859,35.10659]],[[134.05002,35.14657],[134.05014,35.14654],[134.05041,35.14629],[134.05002,35.14657]],[[134.02286,35.1507],[134.02339,35.15059],[134.02405,35.15038],[134.02286,35.1507]],[[134.09326,35.13883],[134.09377,35.13898],[134.09362,35.13887],[134.09326,35.13883]],[[134.08379,35.08946],[134.08405,35.08962],[134.08404,35.08935],[134.08379,35.08946]],[[134.085,35.09486],[134.0849,35.09452],[134.08482,35.09439],[134.085,35.09486]],[[134.09423,35.22045],[134.0931,35.22286],[134.09318,35.2227],[134.09418,35.22086],[134.09423,35.22045]],[[134.09435,35.18195],[134.09405,35.18197],[134.09264,35.18253],[134.09435,35.18195]],[[134.05405,35.17627],[134.05374,35.17578],[134.05378,35.17644],[134.05405,35.17627]],[[134.08413,35.15912],[134.08425,35.15915],[134.08448,35.15919],[134.08413,35.15912]],[[134.0661,35.16279],[134.06614,35.16308],[134.06685,35.16301],[134.0661,35.16279]],[[134.07908,35.17229],[134.07963,35.17262],[134.08032,35.1729],[134.07908,35.17229]],[[134.06495,35.1728],[134.06465,35.173],[134.06487,35.17313],[134.06495,35.1728]],[[134.0734,35.18285],[134.07321,35.18289],[134.07353,35.18315],[134.0734,35.18285]],[[134.06608,35.166],[134.0659,35.16618],[134.06639,35.1666],[134.06608,35.166]],[[134.12214,35.11018],[134.12132,35.11004],[134.12125,35.11009],[134.12214,35.11018]],[[134.13045,35.11182],[134.1305,35.11144],[134.13037,35.11205],[134.13045,35.11182]],[[134.11071,35.10685],[134.11043,35.10708],[134.1108,35.10706],[134.11071,35.10685]],[[134.09936,35.11081],[134.09882,35.11091],[134.09884,35.11098],[134.09936,35.11081]],[[134.10199,35.11278],[134.10232,35.11271],[134.10247,35.11266],[134.10199,35.11278]],[[133.92149,35.05869],[133.92215,35.05873],[133.92162,35.05869],[133.92149,35.05869]]]]}},{"type":"Feature","properties":{"nm":"玉野市","b":[133.8595,34.4186,134.0342,34.5785],"c":[133.93531,34.51669]},"geometry":{"type":"MultiPolygon","coordinates":[[[[133.96638,34.5278],[133.96681,34.5284],[133.96837,34.52876],[133.96853,34.52974],[133.96957,34.5301],[133.9699,34.53054],[133.97017,34.52993],[133.97093,34.53049],[133.97396,34.53138],[133.97772,34.53302],[133.97935,34.5328],[133.97971,34.53241],[133.98143,34.53187],[133.98269,34.53183],[133.98406,34.53137],[133.98738,34.53065],[133.98875,34.52927],[133.98914,34.5284],[133.9889,34.52772],[133.98903,34.52668],[133.98974,34.5263],[133.99105,34.52479],[133.99169,34.52293],[133.99158,34.52227],[133.99232,34.52117],[133.99272,34.52019],[133.99308,34.51851],[133.99464,34.5183],[133.99569,34.51791],[133.99629,34.51802],[133.99703,34.51774],[133.9985,34.51631],[133.99939,34.51622],[134.00031,34.51542],[134.00116,34.51418],[134.0017,34.51267],[134.00257,34.51185],[134.00339,34.51147],[134.0037,34.51257],[134.00406,34.51289],[134.0053,34.51295],[134.00528,34.51397],[134.00582,34.5141],[134.00514,34.51466],[134.00533,34.51523],[134.00621,34.51529],[134.00686,34.51595],[134.0072,34.51578],[134.00711,34.51664],[134.00635,34.51691],[134.00659,34.5176],[134.00568,34.51801],[134.00379,34.51717],[134.00327,34.51747],[134.00265,34.51722],[134.00173,34.51728],[134.00131,34.51782],[134.00148,34.51853],[134.00206,34.51849],[134.00286,34.51936],[134.00249,34.51994],[134.00157,34.51955],[134.00119,34.51881],[133.9999,34.51908],[133.99909,34.52022],[133.99906,34.52078],[133.99833,34.52076],[133.99799,34.52121],[133.99771,34.52308],[133.99806,34.52395],[133.99782,34.52505],[133.99718,34.52529],[133.99596,34.52514],[133.99563,34.52563],[133.99551,34.52684],[133.99572,34.52812],[133.99611,34.52866],[133.99697,34.52851],[133.99953,34.52878],[134.00134,34.52948],[134.00124,34.52978],[133.99984,34.53061],[133.99896,34.53088],[133.99779,34.5317],[133.99762,34.53219],[133.99626,34.53251],[133.99558,34.53314],[133.99542,34.53356],[133.99978,34.54282],[134.00109,34.54504],[134.0009,34.54536],[134.00195,34.54544],[134.00257,34.54503],[134.00325,34.54587],[134.00466,34.54534],[134.00538,34.54636],[134.00366,34.54738],[134.00381,34.54755],[134.00556,34.54654],[134.00798,34.54946],[134.00851,34.54913],[134.00926,34.54975],[134.00886,34.55008],[134.00967,34.5507],[134.01132,34.55072],[134.01102,34.55012],[134.01275,34.54999],[134.01258,34.54909],[134.01351,34.549],[134.01371,34.55083],[134.01427,34.55087],[134.01552,34.54984],[134.01658,34.54797],[134.01647,34.54756],[134.01519,34.54681],[134.01516,34.54578],[134.01558,34.54521],[134.01728,34.54429],[134.01763,34.54375],[134.01833,34.54414],[134.01897,34.54379],[134.0203,34.54426],[134.01982,34.5446],[134.02112,34.54519],[134.02177,34.54494],[134.02233,34.54543],[134.02208,34.54655],[134.02117,34.54678],[134.02099,34.54784],[134.02149,34.54934],[134.02193,34.55012],[134.02342,34.55201],[134.02403,34.55249],[134.02562,34.55326],[134.02625,34.55329],[134.02665,34.55253],[134.02721,34.55212],[134.02815,34.55218],[134.02905,34.55162],[134.02935,34.55064],[134.02995,34.5506],[134.03074,34.55113],[134.0314,34.55081],[134.03201,34.55152],[134.03186,34.55183],[134.03225,34.55286],[134.03107,34.55276],[134.0299,34.55327],[134.02909,34.55307],[134.02877,34.55387],[134.02871,34.55491],[134.02894,34.55602],[134.02935,34.55663],[134.03039,34.55636],[134.03138,34.5573],[134.03161,34.55781],[134.03257,34.55788],[134.03369,34.55751],[134.03387,34.55803],[134.03148,34.55845],[134.03089,34.55832],[134.03101,34.55882],[134.03039,34.55905],[134.03011,34.55982],[134.0301,34.56099],[134.03048,34.56187],[134.03012,34.56213],[134.03128,34.56232],[134.03132,34.56254],[134.02966,34.56408],[134.02919,34.56423],[134.02957,34.5661],[134.03064,34.56945],[134.03263,34.57253],[134.0332,34.57327],[134.03416,34.57376],[134.03371,34.57412],[134.03218,34.57478],[134.03148,34.57601],[134.03053,34.57709],[134.03024,34.5782],[134.02935,34.57854],[134.02689,34.5776],[134.02539,34.5763],[134.02364,34.57599],[134.02318,34.57526],[134.0225,34.57535],[134.02232,34.57586],[134.02055,34.57637],[134.01969,34.57728],[134.0197,34.57757],[134.01777,34.57736],[134.0173,34.5778],[134.01647,34.57752],[134.01576,34.57688],[134.01505,34.57763],[134.01406,34.5775],[134.01271,34.57674],[134.01228,34.57673],[134.01111,34.57543],[134.01022,34.5751],[134.00804,34.57514],[134.00637,34.5755],[134.00562,34.57647],[134.00453,34.57704],[134.00342,34.57641],[134.00295,34.57666],[134.00222,34.57684],[134.001,34.57657],[134.00026,34.57689],[133.99878,34.57704],[133.99749,34.57638],[133.9966,34.57662],[133.99662,34.57714],[133.99571,34.57754],[133.99493,34.57703],[133.99309,34.5767],[133.99036,34.57595],[133.98801,34.57705],[133.98764,34.5775],[133.98606,34.57736],[133.98582,34.57705],[133.98561,34.57541],[133.98522,34.57478],[133.98392,34.57378],[133.98338,34.57279],[133.98271,34.57226],[133.9827,34.57113],[133.98314,34.57044],[133.98251,34.57003],[133.98144,34.56885],[133.98143,34.56855],[133.98247,34.56751],[133.98273,34.56653],[133.98203,34.5653],[133.98146,34.565],[133.98098,34.56403],[133.97966,34.56315],[133.97952,34.5622],[133.97899,34.56207],[133.97814,34.56132],[133.97733,34.55997],[133.97483,34.5591],[133.97364,34.55924],[133.97308,34.55916],[133.97097,34.55758],[133.96996,34.55784],[133.96963,34.55868],[133.96832,34.55894],[133.96723,34.55887],[133.96632,34.55849],[133.96492,34.55907],[133.96465,34.55945],[133.96499,34.55998],[133.96463,34.56077],[133.96478,34.56114],[133.96442,34.56221],[133.96314,34.56366],[133.96252,34.56463],[133.96203,34.56492],[133.96168,34.56616],[133.95828,34.56714],[133.95793,34.56789],[133.95711,34.56817],[133.95617,34.57044],[133.95272,34.57045],[133.95116,34.57037],[133.9504,34.57083],[133.94897,34.571],[133.94835,34.57223],[133.94784,34.5722],[133.94745,34.57286],[133.94695,34.57287],[133.94601,34.57088],[133.94484,34.56878],[133.94457,34.56811],[133.944,34.56656],[133.94408,34.5633],[133.94393,34.56259],[133.94314,34.56128],[133.94286,34.56112],[133.94284,34.56087],[133.94366,34.56038],[133.94397,34.55884],[133.94377,34.55744],[133.94375,34.55729],[133.94365,34.55704],[133.94348,34.5567],[133.94235,34.55534],[133.94166,34.5548],[133.94126,34.55473],[133.94135,34.55405],[133.94061,34.55391],[133.94027,34.55361],[133.93901,34.55289],[133.93459,34.55908],[133.93182,34.56287],[133.93131,34.56295],[133.92623,34.55488],[133.92209,34.54835],[133.91974,34.5449],[133.91851,34.54437],[133.91847,34.54435],[133.90591,34.53869],[133.90234,34.53715],[133.89926,34.54081],[133.89731,34.54305],[133.89473,34.54163],[133.89342,34.54315],[133.89327,34.54306],[133.89319,34.54301],[133.89138,34.54198],[133.89135,34.54197],[133.88525,34.53835],[133.88448,34.53794],[133.88704,34.53674],[133.88606,34.53546],[133.88791,34.5347],[133.8867,34.53279],[133.88641,34.53192],[133.88629,34.53158],[133.88567,34.52739],[133.88654,34.52584],[133.88669,34.52507],[133.88522,34.52455],[133.88337,34.52431],[133.88217,34.52387],[133.8817,34.52424],[133.88117,34.52453],[133.87935,34.52411],[133.87904,34.52425],[133.87863,34.52453],[133.87764,34.52413],[133.87703,34.52327],[133.87703,34.52291],[133.87616,34.52244],[133.87473,34.52259],[133.87368,34.52222],[133.87366,34.52143],[133.87291,34.52105],[133.87106,34.52064],[133.87,34.52012],[133.86931,34.51946],[133.86798,34.51938],[133.86628,34.51873],[133.86626,34.51851],[133.86552,34.51649],[133.86618,34.51395],[133.86632,34.51271],[133.86617,34.51133],[133.86625,34.51093],[133.8677,34.51003],[133.86885,34.50909],[133.8683,34.508],[133.86789,34.50614],[133.86858,34.50536],[133.8696,34.50486],[133.86964,34.50469],[133.8691,34.5026],[133.86949,34.50159],[133.87051,34.50003],[133.86972,34.49847],[133.86948,34.49891],[133.86873,34.4983],[133.8684,34.49753],[133.86771,34.49697],[133.86751,34.49614],[133.86772,34.49541],[133.86815,34.49535],[133.86952,34.49609],[133.87024,34.49538],[133.87073,34.49529],[133.87037,34.49415],[133.87061,34.49357],[133.8703,34.49243],[133.87018,34.49232],[133.86963,34.49252],[133.86894,34.49276],[133.86791,34.49272],[133.86761,34.49253],[133.86719,34.49174],[133.86707,34.49149],[133.86718,34.49116],[133.86731,34.49065],[133.86735,34.49023],[133.86731,34.49014],[133.86709,34.49022],[133.86686,34.49062],[133.86675,34.49096],[133.86675,34.49143],[133.8669,34.49183],[133.86709,34.49219],[133.86718,34.49267],[133.86664,34.49251],[133.86555,34.49239],[133.86471,34.49263],[133.86361,34.49346],[133.86351,34.49392],[133.86272,34.49412],[133.86241,34.49373],[133.86231,34.49368],[133.86139,34.49352],[133.86125,34.49345],[133.8609,34.49311],[133.86079,34.49302],[133.86064,34.49281],[133.86115,34.49262],[133.86202,34.49262],[133.86231,34.49265],[133.86251,34.49255],[133.86313,34.49279],[133.86342,34.49254],[133.86377,34.49228],[133.86378,34.49177],[133.86377,34.49122],[133.8635,34.49081],[133.86353,34.4904],[133.86373,34.4902],[133.86316,34.48952],[133.86275,34.48956],[133.86289,34.48925],[133.86352,34.48787],[133.86354,34.48715],[133.86358,34.48683],[133.86352,34.48667],[133.86314,34.48579],[133.86285,34.48564],[133.86207,34.48578],[133.86118,34.48589],[133.86238,34.48476],[133.86197,34.48418],[133.86228,34.48372],[133.86147,34.48344],[133.86053,34.48316],[133.85953,34.48243],[133.86077,34.48297],[133.86149,34.48307],[133.86173,34.48298],[133.86225,34.48284],[133.86209,34.48162],[133.86144,34.48137],[133.86111,34.48077],[133.8616,34.48047],[133.86227,34.48047],[133.86229,34.48045],[133.86228,34.47984],[133.86238,34.47971],[133.8625,34.47939],[133.86255,34.47883],[133.86241,34.47857],[133.86232,34.47821],[133.86239,34.4776],[133.86302,34.47714],[133.86349,34.47701],[133.86361,34.47678],[133.86366,34.47636],[133.86558,34.47638],[133.86573,34.47603],[133.86597,34.47553],[133.86696,34.47514],[133.86709,34.47509],[133.86755,34.47534],[133.86781,34.47532],[133.86905,34.47544],[133.86985,34.47574],[133.86996,34.47635],[133.8705,34.47661],[133.87131,34.47642],[133.87185,34.47628],[133.8728,34.47608],[133.87307,34.47549],[133.87303,34.47509],[133.87437,34.47502],[133.87471,34.47467],[133.87491,34.47425],[133.87559,34.47419],[133.87631,34.47443],[133.87667,34.47409],[133.87651,34.47341],[133.87679,34.47315],[133.87753,34.47307],[133.87781,34.47289],[133.87756,34.47213],[133.87732,34.47188],[133.87704,34.4723],[133.87671,34.47227],[133.87622,34.47158],[133.87636,34.47116],[133.8764,34.47096],[133.87615,34.47069],[133.87613,34.46995],[133.87645,34.46947],[133.87638,34.46818],[133.87627,34.46782],[133.87694,34.46735],[133.87743,34.46715],[133.87754,34.4666],[133.8775,34.46616],[133.87734,34.46555],[133.8776,34.46513],[133.87798,34.4643],[133.87967,34.4641],[133.88025,34.46389],[133.88106,34.4635],[133.88139,34.46249],[133.88214,34.46177],[133.88165,34.46109],[133.88204,34.46065],[133.88218,34.45952],[133.88186,34.4584],[133.88018,34.4567],[133.88236,34.45622],[133.88614,34.45624],[133.88748,34.45682],[133.89019,34.45682],[133.89147,34.45656],[133.89403,34.45629],[133.89565,34.45647],[133.89733,34.45647],[133.89862,34.45714],[133.89994,34.45688],[133.90164,34.45598],[133.90391,34.45457],[133.90722,34.45195],[133.90809,34.45163],[133.90874,34.45171],[133.91008,34.45088],[133.91055,34.45127],[133.91212,34.45123],[133.91338,34.451],[133.91376,34.45144],[133.91391,34.45262],[133.91636,34.452],[133.91631,34.45158],[133.91751,34.4513],[133.91832,34.45031],[133.91917,34.4498],[133.92037,34.45024],[133.92421,34.45065],[133.92507,34.45074],[133.92776,34.45103],[133.92861,34.45195],[133.92896,34.45268],[133.92757,34.45261],[133.92745,34.45285],[133.92749,34.45287],[133.92772,34.45304],[133.92776,34.45306],[133.92733,34.45285],[133.92725,34.45286],[133.92721,34.45286],[133.92715,34.45278],[133.92652,34.45301],[133.92565,34.45387],[133.92525,34.45479],[133.92514,34.45542],[133.92539,34.4552],[133.92533,34.45539],[133.92657,34.4557],[133.926,34.45749],[133.92676,34.45769],[133.92688,34.45904],[133.92698,34.45883],[133.92692,34.45807],[133.92693,34.45802],[133.92694,34.45667],[133.92685,34.45658],[133.92683,34.45645],[133.9279,34.45625],[133.92953,34.45711],[133.92883,34.45646],[133.9283,34.45607],[133.92941,34.45516],[133.92995,34.45472],[133.92951,34.45437],[133.92945,34.45441],[133.9288,34.4549],[133.92876,34.45486],[133.92943,34.45439],[133.92928,34.45419],[133.92975,34.4544],[133.93067,34.45495],[133.93108,34.45527],[133.93163,34.45479],[133.93218,34.45431],[133.93157,34.45372],[133.9314,34.45373],[133.93153,34.4534],[133.93149,34.45338],[133.93167,34.45321],[133.9318,34.45313],[133.93266,34.4526],[133.93272,34.4525],[133.93274,34.45237],[133.93273,34.45233],[133.93266,34.45162],[133.93265,34.45161],[133.93316,34.45132],[133.93317,34.45127],[133.93425,34.45129],[133.93432,34.45124],[133.93453,34.45112],[133.9346,34.45107],[133.93477,34.45095],[133.93482,34.4509],[133.93486,34.45089],[133.93508,34.45107],[133.93512,34.45109],[133.93519,34.45109],[133.93521,34.45109],[133.93522,34.45113],[133.93532,34.45116],[133.93537,34.45119],[133.93543,34.45129],[133.93546,34.45128],[133.93557,34.45169],[133.93568,34.45178],[133.93636,34.45187],[133.9364,34.45185],[133.93646,34.45188],[133.93651,34.45187],[133.93701,34.45176],[133.93701,34.45183],[133.93699,34.4519],[133.93696,34.45198],[133.93694,34.45291],[133.93697,34.45297],[133.93704,34.45366],[133.93702,34.45361],[133.93692,34.45333],[133.93688,34.45331],[133.93686,34.45331],[133.93684,34.45335],[133.93686,34.45373],[133.93772,34.45445],[133.93775,34.45446],[133.9378,34.45443],[133.93782,34.4543],[133.93781,34.45422],[133.93762,34.45409],[133.9375,34.45403],[133.93732,34.45387],[133.93735,34.45386],[133.93747,34.4539],[133.93774,34.45402],[133.93806,34.45433],[133.93797,34.45437],[133.93881,34.45482],[133.93892,34.45465],[133.93918,34.45469],[133.93927,34.45466],[133.93931,34.45464],[133.93935,34.45459],[133.93956,34.45432],[133.93969,34.45431],[133.94028,34.45483],[133.94045,34.45488],[133.94049,34.45488],[133.94069,34.4549],[133.9421,34.45493],[133.94224,34.45495],[133.94325,34.45506],[133.94326,34.45506],[133.9433,34.45504],[133.94331,34.45505],[133.94338,34.45511],[133.94339,34.45513],[133.94345,34.4554],[133.94349,34.4554],[133.9433,34.45678],[133.94327,34.45683],[133.94324,34.45688],[133.94319,34.45696],[133.94302,34.45746],[133.94296,34.45751],[133.94275,34.45758],[133.94271,34.45767],[133.94212,34.45877],[133.94209,34.45883],[133.94161,34.45921],[133.94122,34.45924],[133.94099,34.45952],[133.94258,34.45946],[133.94269,34.46148],[133.94252,34.46196],[133.94254,34.46201],[133.94255,34.46204],[133.94274,34.4621],[133.94278,34.46211],[133.94304,34.46219],[133.94316,34.46223],[133.94327,34.46229],[133.94339,34.46239],[133.94352,34.46268],[133.94352,34.46281],[133.94355,34.46331],[133.94358,34.46352],[133.9436,34.46366],[133.9436,34.46411],[133.94359,34.46422],[133.94357,34.46438],[133.94353,34.46447],[133.943,34.46485],[133.9429,34.46491],[133.94284,34.46494],[133.94276,34.46498],[133.94258,34.4651],[133.94249,34.46513],[133.94208,34.46537],[133.94204,34.46543],[133.94179,34.46571],[133.94067,34.46519],[133.94058,34.46525],[133.94068,34.46563],[133.9387,34.4683],[133.93894,34.46917],[133.93892,34.46908],[133.9382,34.46937],[133.938,34.46926],[133.93764,34.46971],[133.93688,34.47001],[133.93659,34.47019],[133.93655,34.47042],[133.93626,34.47107],[133.93574,34.47089],[133.93609,34.47116],[133.93548,34.47216],[133.93544,34.47215],[133.9351,34.47264],[133.93497,34.47279],[133.93485,34.47292],[133.93482,34.47295],[133.93465,34.47312],[133.93438,34.47319],[133.93437,34.47434],[133.93576,34.47475],[133.93589,34.47456],[133.93576,34.47483],[133.93923,34.47539],[133.939,34.47658],[133.93872,34.47769],[133.93844,34.47925],[133.93723,34.47936],[133.93706,34.47943],[133.93697,34.47948],[133.93688,34.47957],[133.93629,34.48028],[133.93662,34.48005],[133.93666,34.48003],[133.93677,34.47997],[133.93683,34.47994],[133.93702,34.47978],[133.93705,34.47974],[133.93754,34.47957],[133.9376,34.47955],[133.93771,34.47954],[133.93777,34.47954],[133.93844,34.47955],[133.93847,34.47955],[133.93855,34.47957],[133.93872,34.47975],[133.93858,34.47963],[133.93856,34.47962],[133.93851,34.47961],[133.93779,34.4801],[133.9381,34.48108],[133.93851,34.48101],[133.93856,34.48112],[133.93867,34.48143],[133.94076,34.48232],[133.94108,34.48245],[133.94222,34.4828],[133.94376,34.48326],[133.94388,34.48301],[133.94351,34.48283],[133.94338,34.48286],[133.94352,34.48278],[133.9438,34.48292],[133.94382,34.48282],[133.94378,34.48274],[133.9439,34.48258],[133.94543,34.48323],[133.94626,34.48429],[133.94806,34.48516],[133.94809,34.48522],[133.9482,34.4855],[133.94823,34.48559],[133.94824,34.48564],[133.94829,34.48571],[133.94679,34.48666],[133.94672,34.4867],[133.94655,34.48691],[133.94647,34.48696],[133.94643,34.487],[133.94653,34.48709],[133.94648,34.48713],[133.94641,34.48726],[133.9464,34.48746],[133.94657,34.48741],[133.94664,34.48742],[133.94656,34.48749],[133.94645,34.48752],[133.94649,34.48752],[133.94621,34.4882],[133.94732,34.48853],[133.94735,34.48828],[133.94735,34.48853],[133.94797,34.48865],[133.94897,34.48808],[133.94811,34.487],[133.94909,34.48644],[133.94941,34.48683],[133.95018,34.4878],[133.9504,34.48884],[133.95026,34.48945],[133.95,34.48954],[133.95064,34.48947],[133.95085,34.48945],[133.95055,34.48956],[133.95045,34.48962],[133.94999,34.48998],[133.95012,34.49066],[133.94996,34.49099],[133.95023,34.49093],[133.95032,34.49157],[133.94997,34.49104],[133.95013,34.49293],[133.95082,34.49271],[133.95284,34.49275],[133.95293,34.49034],[133.95581,34.49037],[133.95465,34.4911],[133.95454,34.4931],[133.95465,34.49319],[133.95557,34.49352],[133.95626,34.49232],[133.95752,34.49238],[133.95741,34.49277],[133.9572,34.49378],[133.95697,34.49501],[133.9573,34.49508],[133.95759,34.49443],[133.95784,34.49392],[133.95794,34.49377],[133.95798,34.49372],[133.95809,34.49358],[133.95916,34.49237],[133.95986,34.49218],[133.9603,34.49207],[133.96115,34.49193],[133.9624,34.49241],[133.96223,34.49258],[133.96259,34.49287],[133.96269,34.49292],[133.96285,34.49297],[133.96312,34.49305],[133.96358,34.49322],[133.96369,34.49328],[133.96386,34.49355],[133.96385,34.49357],[133.96387,34.4937],[133.96392,34.49376],[133.96488,34.49492],[133.96488,34.49501],[133.96488,34.49507],[133.96487,34.49513],[133.96458,34.49534],[133.96451,34.49536],[133.96419,34.49526],[133.96411,34.49527],[133.96387,34.49561],[133.96397,34.4957],[133.96398,34.49572],[133.96415,34.49579],[133.96392,34.49695],[133.96351,34.49716],[133.96315,34.4974],[133.96285,34.49783],[133.96277,34.49803],[133.96265,34.49833],[133.96261,34.49836],[133.96256,34.49859],[133.96252,34.49871],[133.96244,34.49886],[133.96242,34.49889],[133.96299,34.49988],[133.96302,34.49991],[133.96303,34.5],[133.96286,34.50011],[133.9628,34.50014],[133.96271,34.5003],[133.96269,34.50035],[133.9626,34.50038],[133.96256,34.50035],[133.96256,34.50031],[133.96258,34.50025],[133.96256,34.50016],[133.96255,34.50012],[133.96254,34.50004],[133.9625,34.50001],[133.96241,34.49999],[133.9622,34.49994],[133.96214,34.49991],[133.96027,34.50073],[133.96007,34.50086],[133.95969,34.50111],[133.9592,34.50155],[133.95957,34.50168],[133.95988,34.50145],[133.95974,34.50129],[133.95992,34.50143],[133.95988,34.50151],[133.95971,34.50163],[133.95959,34.50184],[133.95959,34.50189],[133.95951,34.50201],[133.95947,34.50207],[133.96023,34.50229],[133.96029,34.50233],[133.96027,34.50244],[133.96018,34.50247],[133.95994,34.50251],[133.9599,34.50252],[133.9598,34.50246],[133.95976,34.50245],[133.95965,34.50256],[133.95961,34.50262],[133.9596,34.50266],[133.9596,34.50277],[133.95924,34.50314],[133.95937,34.50288],[133.95915,34.50286],[133.95916,34.50276],[133.95865,34.50298],[133.95717,34.50439],[133.95716,34.50444],[133.95709,34.50465],[133.95707,34.50473],[133.95708,34.5048],[133.95708,34.50485],[133.95738,34.50511],[133.95742,34.50514],[133.95746,34.50524],[133.95743,34.50525],[133.95741,34.50528],[133.95694,34.50573],[133.95703,34.50571],[133.95663,34.5059],[133.95666,34.50592],[133.95668,34.50653],[133.95678,34.50649],[133.95699,34.50644],[133.9568,34.50654],[133.95681,34.50693],[133.9574,34.50679],[133.95766,34.50614],[133.95743,34.50679],[133.96022,34.50938],[133.96227,34.51517],[133.96243,34.5156],[133.96159,34.51579],[133.9621,34.51562],[133.96233,34.51558],[133.96164,34.51354],[133.9571,34.51466],[133.95673,34.51423],[133.95693,34.51488],[133.95794,34.51729],[133.95836,34.51774],[133.9596,34.51832],[133.95984,34.51832],[133.96018,34.51826],[133.96019,34.51824],[133.9606,34.5181],[133.96061,34.51808],[133.96075,34.51777],[133.96076,34.51772],[133.96082,34.51765],[133.96082,34.51762],[133.96083,34.5176],[133.96088,34.51758],[133.96095,34.51762],[133.96096,34.51764],[133.96097,34.51764],[133.96105,34.51765],[133.96147,34.51777],[133.96169,34.51843],[133.96236,34.51866],[133.96225,34.51921],[133.96139,34.51973],[133.96107,34.52064],[133.9607,34.52076],[133.95946,34.5228],[133.96074,34.52324],[133.96061,34.52344],[133.96166,34.52418],[133.96239,34.52537],[133.96313,34.52617],[133.96638,34.5278]],[[133.94043,34.4994],[133.94044,34.49925],[133.93999,34.49945],[133.94043,34.4994]],[[133.91873,34.50145],[133.91882,34.50292],[133.91897,34.50419],[133.91873,34.50145]],[[133.8823,34.46587],[133.88226,34.46615],[133.88229,34.46672],[133.88229,34.46668],[133.8823,34.46587]],[[133.93436,34.4919],[133.93456,34.49216],[133.93464,34.49202],[133.93436,34.4919]],[[133.94032,34.49764],[133.94024,34.49746],[133.94001,34.4979],[133.94032,34.49764]]],[[[133.92321,34.42204],[133.92105,34.42133],[133.92055,34.42102],[133.92035,34.42024],[133.91964,34.41975],[133.91992,34.41862],[133.92165,34.41894],[133.92325,34.41893],[133.92538,34.41942],[133.92471,34.42109],[133.92404,34.42176],[133.92321,34.42204]]],[[[134.02389,34.54638],[134.02289,34.54608],[134.02347,34.54571],[134.02389,34.54638]]],[[[134.01266,34.49752],[134.01398,34.49711],[134.01648,34.49579],[134.01678,34.49636],[134.01876,34.49792],[134.01931,34.49855],[134.0187,34.50019],[134.01899,34.50093],[134.01928,34.50273],[134.01904,34.50381],[134.01921,34.50422],[134.02069,34.50511],[134.02068,34.50645],[134.0215,34.50741],[134.01976,34.50681],[134.01818,34.507],[134.01761,34.50675],[134.01725,34.50604],[134.01494,34.50471],[134.01471,34.50407],[134.01505,34.50378],[134.01371,34.50299],[134.01166,34.50311],[134.01149,34.50238],[134.01041,34.50185],[134.01004,34.50096],[134.00874,34.5001],[134.00806,34.49922],[134.00733,34.49897],[134.00859,34.49822],[134.0101,34.49829],[134.01122,34.49741],[134.01192,34.49772],[134.01266,34.49752]]]]}},{"type":"Feature","properties":{"nm":"笠岡市","b":[133.445,34.2984,133.594,34.6037],"c":[133.50904,34.51743]},"geometry":{"type":"MultiPolygon","coordinates":[[[[133.53355,34.50213],[133.53398,34.50271],[133.5348,34.50364],[133.53621,34.50481],[133.53631,34.50491],[133.53635,34.50514],[133.53659,34.50702],[133.53766,34.50775],[133.53826,34.50868],[133.5394,34.50934],[133.54084,34.50985],[133.54249,34.5113],[133.5441,34.51167],[133.54415,34.51169],[133.5444,34.51193],[133.54464,34.51234],[133.54469,34.51253],[133.54439,34.51374],[133.54447,34.51451],[133.54537,34.51543],[133.54546,34.5165],[133.5446,34.51772],[133.54376,34.51831],[133.54363,34.51871],[133.54444,34.51877],[133.5465,34.51846],[133.54684,34.51942],[133.5467,34.52065],[133.54666,34.52159],[133.5465,34.52233],[133.54648,34.52288],[133.54688,34.52343],[133.54696,34.52374],[133.54777,34.52395],[133.54813,34.52405],[133.54847,34.52437],[133.54861,34.52456],[133.54892,34.52499],[133.54892,34.52565],[133.54893,34.52646],[133.54914,34.52691],[133.54971,34.52826],[133.54884,34.52793],[133.5481,34.52882],[133.54742,34.52933],[133.5469,34.52974],[133.54664,34.53042],[133.54652,34.53076],[133.54653,34.5312],[133.54639,34.53224],[133.54582,34.53328],[133.54559,34.53354],[133.54497,34.53401],[133.54478,34.53416],[133.54432,34.53423],[133.54317,34.53461],[133.5425,34.53521],[133.54318,34.53589],[133.54334,34.53623],[133.54354,34.53635],[133.54351,34.53684],[133.54345,34.53697],[133.54331,34.53758],[133.54339,34.53833],[133.54328,34.53881],[133.54339,34.53953],[133.54368,34.54055],[133.54445,34.54166],[133.54454,34.54244],[133.54434,34.54348],[133.54396,34.54372],[133.54364,34.54405],[133.54449,34.54439],[133.54451,34.54488],[133.54402,34.54501],[133.5437,34.54559],[133.54331,34.54605],[133.54233,34.54658],[133.54183,34.54677],[133.54081,34.54717],[133.54061,34.54756],[133.54091,34.54817],[133.54125,34.5489],[133.5407,34.54998],[133.54061,34.55018],[133.54049,34.55076],[133.54049,34.55086],[133.54113,34.55089],[133.54158,34.55078],[133.54203,34.55086],[133.54273,34.55043],[133.54301,34.55035],[133.54352,34.55041],[133.54459,34.5507],[133.54538,34.55099],[133.54608,34.55115],[133.54652,34.55106],[133.54693,34.55068],[133.5472,34.55039],[133.54908,34.54987],[133.54919,34.54987],[133.55008,34.55013],[133.55126,34.55014],[133.55197,34.5508],[133.55344,34.55104],[133.55368,34.55113],[133.55436,34.55164],[133.55454,34.55182],[133.55464,34.55183],[133.55506,34.55159],[133.55643,34.55297],[133.55675,34.55364],[133.55704,34.5544],[133.5574,34.55508],[133.5588,34.55547],[133.5591,34.55583],[133.55956,34.55721],[133.56003,34.5583],[133.56101,34.55958],[133.56063,34.56028],[133.56056,34.5607],[133.56062,34.56151],[133.56146,34.56235],[133.5622,34.56225],[133.56227,34.56233],[133.56238,34.56263],[133.56235,34.56298],[133.56203,34.56328],[133.5617,34.56372],[133.56165,34.56426],[133.5615,34.56461],[133.56152,34.56507],[133.56136,34.56534],[133.56122,34.56591],[133.56124,34.56623],[133.56144,34.56646],[133.56146,34.56675],[133.56179,34.56734],[133.56131,34.5679],[133.56131,34.56814],[133.56142,34.56887],[133.56204,34.56944],[133.56286,34.56989],[133.56312,34.57026],[133.56306,34.57038],[133.56253,34.57122],[133.56315,34.57145],[133.56408,34.5721],[133.56466,34.57237],[133.56524,34.57246],[133.56625,34.57312],[133.56641,34.57416],[133.56634,34.575],[133.56636,34.57598],[133.56593,34.57747],[133.56718,34.57821],[133.56739,34.57856],[133.56772,34.57904],[133.56849,34.57944],[133.56878,34.57986],[133.5688,34.58017],[133.56901,34.58028],[133.56939,34.5803],[133.5697,34.58059],[133.57004,34.58098],[133.57064,34.5817],[133.57089,34.58181],[133.57122,34.58256],[133.57121,34.58335],[133.57195,34.58314],[133.57238,34.58463],[133.57077,34.58484],[133.56975,34.58514],[133.56881,34.58566],[133.56807,34.58561],[133.56709,34.58567],[133.56665,34.58591],[133.56629,34.58652],[133.56605,34.58686],[133.56514,34.5866],[133.56496,34.58659],[133.56467,34.58659],[133.56415,34.5869],[133.56367,34.58737],[133.56367,34.5875],[133.56321,34.58838],[133.56305,34.5892],[133.56318,34.58954],[133.56282,34.59041],[133.56269,34.59072],[133.56259,34.59084],[133.5623,34.59099],[133.56218,34.5911],[133.56204,34.59152],[133.56154,34.59206],[133.56105,34.59224],[133.56071,34.5927],[133.55924,34.59299],[133.55855,34.59302],[133.5583,34.59304],[133.55701,34.59327],[133.55656,34.59348],[133.55628,34.5937],[133.55618,34.5939],[133.5548,34.59466],[133.55421,34.59544],[133.55409,34.59599],[133.55319,34.59746],[133.5534,34.59798],[133.55336,34.59806],[133.5527,34.59816],[133.5526,34.5985],[133.55225,34.59903],[133.55206,34.59971],[133.5519,34.59971],[133.55063,34.59972],[133.54984,34.60003],[133.54883,34.60121],[133.54776,34.60208],[133.54699,34.60249],[133.54569,34.60308],[133.54528,34.60322],[133.54403,34.60358],[133.54394,34.6036],[133.54287,34.6037],[133.54181,34.6034],[133.5417,34.60331],[133.54075,34.6025],[133.54013,34.60199],[133.53956,34.6018],[133.53892,34.60165],[133.53823,34.60153],[133.5369,34.60125],[133.53645,34.60093],[133.53581,34.60074],[133.53543,34.60064],[133.53493,34.5999],[133.53447,34.59896],[133.53431,34.59884],[133.5339,34.59873],[133.53242,34.59904],[133.53084,34.59945],[133.53009,34.59962],[133.52992,34.59962],[133.52802,34.59969],[133.52697,34.59884],[133.52607,34.59719],[133.52519,34.59629],[133.52448,34.59591],[133.52388,34.59572],[133.52376,34.5925],[133.52317,34.59212],[133.52255,34.59216],[133.51999,34.59294],[133.51878,34.59199],[133.51777,34.59231],[133.51682,34.59233],[133.51603,34.59161],[133.51518,34.5913],[133.5142,34.59144],[133.5123,34.59144],[133.5112,34.59123],[133.51059,34.59042],[133.51108,34.59017],[133.51097,34.5894],[133.50993,34.58821],[133.50964,34.58695],[133.51031,34.58513],[133.51028,34.58387],[133.5099,34.58295],[133.50913,34.58207],[133.50803,34.58205],[133.50766,34.58111],[133.50678,34.58078],[133.50583,34.57989],[133.50467,34.57891],[133.50497,34.57834],[133.50522,34.57852],[133.50565,34.57847],[133.50587,34.57781],[133.50627,34.57767],[133.50642,34.5776],[133.50645,34.5774],[133.50603,34.57563],[133.50439,34.57398],[133.50431,34.57367],[133.50507,34.57266],[133.50608,34.57165],[133.50508,34.57107],[133.50465,34.57053],[133.50473,34.57006],[133.5054,34.56867],[133.50565,34.56688],[133.50515,34.56572],[133.50517,34.56517],[133.50508,34.56386],[133.50534,34.56319],[133.50403,34.56294],[133.50276,34.56225],[133.50167,34.56252],[133.50077,34.56076],[133.49907,34.56016],[133.49774,34.56027],[133.49558,34.5595],[133.49443,34.55877],[133.49239,34.55806],[133.49069,34.55691],[133.48996,34.55672],[133.48911,34.55561],[133.48909,34.55525],[133.48832,34.55369],[133.48827,34.5532],[133.48766,34.55268],[133.48617,34.55195],[133.48531,34.55131],[133.48424,34.55144],[133.48374,34.55221],[133.48272,34.55231],[133.48213,34.55209],[133.48133,34.55072],[133.48018,34.5498],[133.47891,34.54942],[133.47835,34.5483],[133.47747,34.5474],[133.47676,34.54711],[133.47494,34.5473],[133.47416,34.54796],[133.47334,34.54798],[133.47261,34.5469],[133.47109,34.54656],[133.46964,34.54559],[133.46904,34.54545],[133.46741,34.54607],[133.46643,34.54578],[133.46667,34.54488],[133.46528,34.54449],[133.46515,34.54398],[133.46526,34.54218],[133.46446,34.54179],[133.46322,34.54154],[133.46156,34.54142],[133.46123,34.54069],[133.46025,34.54035],[133.4596,34.5412],[133.45847,34.54183],[133.45721,34.54356],[133.45601,34.54398],[133.45466,34.54497],[133.45186,34.54422],[133.45016,34.5429],[133.44956,34.5428],[133.44908,34.54167],[133.44957,34.54115],[133.44876,34.53984],[133.44898,34.53915],[133.45046,34.53785],[133.4515,34.53763],[133.45264,34.53592],[133.45345,34.53501],[133.4531,34.53411],[133.45342,34.53256],[133.45402,34.53186],[133.45441,34.53122],[133.45332,34.53014],[133.45307,34.52945],[133.45185,34.52807],[133.45191,34.52726],[133.45098,34.52618],[133.45064,34.52528],[133.45008,34.52483],[133.44957,34.52438],[133.44984,34.52379],[133.44936,34.5232],[133.44879,34.52139],[133.44745,34.5208],[133.44719,34.52024],[133.44764,34.51896],[133.4476,34.51839],[133.44875,34.51683],[133.44829,34.51651],[133.44799,34.51544],[133.44886,34.51443],[133.44872,34.51341],[133.45006,34.5125],[133.4494,34.51164],[133.44739,34.51236],[133.44655,34.51195],[133.44653,34.51049],[133.44522,34.50999],[133.44539,34.5083],[133.44495,34.5059],[133.44721,34.50546],[133.44819,34.50606],[133.44977,34.50574],[133.45156,34.50628],[133.45336,34.50638],[133.45538,34.50538],[133.45504,34.50457],[133.45564,34.50395],[133.45612,34.50301],[133.45565,34.5021],[133.45636,34.50026],[133.45653,34.49975],[133.45619,34.49884],[133.45615,34.49658],[133.45632,34.49574],[133.45489,34.49432],[133.45441,34.49342],[133.45359,34.49326],[133.4527,34.49244],[133.4511,34.492],[133.45109,34.49096],[133.45053,34.49081],[133.45107,34.49026],[133.44813,34.48838],[133.44796,34.48726],[133.44877,34.4867],[133.44995,34.48555],[133.44892,34.48505],[133.44869,34.4846],[133.44712,34.48329],[133.44767,34.48261],[133.44743,34.48196],[133.44779,34.48135],[133.44715,34.4807],[133.44718,34.47926],[133.44924,34.4775],[133.45522,34.47744],[133.45518,34.47392],[133.45502,34.47389],[133.45498,34.47113],[133.4552,34.47065],[133.45649,34.47063],[133.45636,34.45975],[133.46327,34.45969],[133.46777,34.45702],[133.47527,34.46104],[133.4802,34.46362],[133.48076,34.46291],[133.48405,34.46467],[133.48345,34.46541],[133.48433,34.46589],[133.48424,34.46613],[133.48452,34.46601],[133.49009,34.46048],[133.4904,34.46],[133.49009,34.45836],[133.48894,34.45707],[133.48833,34.45689],[133.48641,34.45712],[133.48509,34.45635],[133.48367,34.45619],[133.48276,34.45551],[133.48262,34.45429],[133.48236,34.45406],[133.48041,34.45355],[133.47899,34.45373],[133.47816,34.45359],[133.47582,34.45232],[133.47413,34.45037],[133.47349,34.45071],[133.4732,34.45046],[133.47393,34.45007],[133.47345,34.44963],[133.47346,34.44904],[133.47281,34.44702],[133.47317,34.4455],[133.47297,34.44386],[133.47333,34.44229],[133.47378,34.44134],[133.47414,34.44124],[133.47465,34.44182],[133.47562,34.44179],[133.47667,34.44244],[133.47746,34.4433],[133.47809,34.44324],[133.48002,34.44255],[133.48085,34.44156],[133.48119,34.44198],[133.48104,34.44159],[133.4818,34.44176],[133.48233,34.4424],[133.48292,34.44244],[133.4847,34.44185],[133.48561,34.44183],[133.48682,34.44107],[133.48727,34.44117],[133.48914,34.44096],[133.48958,34.44144],[133.49092,34.44214],[133.49179,34.44221],[133.49257,34.44279],[133.49423,34.44362],[133.49506,34.44427],[133.49714,34.44751],[133.49817,34.44879],[133.49982,34.44958],[133.5002,34.45002],[133.50024,34.45083],[133.50108,34.45181],[133.50188,34.4514],[133.50283,34.45177],[133.50416,34.45087],[133.50487,34.45161],[133.50571,34.45182],[133.50719,34.4518],[133.50742,34.45044],[133.50759,34.45087],[133.50944,34.45077],[133.50877,34.45182],[133.50942,34.45195],[133.51124,34.45066],[133.51136,34.45039],[133.51415,34.44896],[133.51771,34.44938],[133.51896,34.44992],[133.51973,34.4499],[133.52167,34.45029],[133.5235,34.45108],[133.52424,34.45101],[133.52508,34.45226],[133.52607,34.45263],[133.5276,34.4538],[133.52771,34.45477],[133.52717,34.45633],[133.52505,34.45801],[133.52482,34.4603],[133.52543,34.46182],[133.52615,34.46316],[133.52702,34.46434],[133.52757,34.46594],[133.52804,34.46849],[133.52754,34.46959],[133.52733,34.471],[133.52486,34.4722],[133.52383,34.47254],[133.52313,34.47156],[133.52034,34.47263],[133.51939,34.47311],[133.51938,34.47357],[133.51873,34.47465],[133.51892,34.47501],[133.5183,34.47606],[133.51847,34.47752],[133.51764,34.47852],[133.51656,34.4793],[133.51549,34.47924],[133.51435,34.47984],[133.51632,34.48081],[133.51496,34.48271],[133.51356,34.4847],[133.50898,34.4909],[133.50591,34.49481],[133.50167,34.50014],[133.50142,34.49985],[133.49645,34.50333],[133.49366,34.50486],[133.49004,34.507],[133.48975,34.50633],[133.48893,34.50671],[133.48957,34.50709],[133.4899,34.50787],[133.48982,34.50859],[133.4906,34.50871],[133.49083,34.50846],[133.49249,34.50831],[133.49287,34.50764],[133.49288,34.50663],[133.49314,34.50605],[133.49612,34.50414],[133.49688,34.50422],[133.49708,34.50354],[133.50108,34.50108],[133.50178,34.50152],[133.50155,34.50228],[133.50157,34.50444],[133.50261,34.50502],[133.5034,34.50471],[133.50262,34.50399],[133.5033,34.50348],[133.50389,34.50268],[133.50464,34.5021],[133.50372,34.50087],[133.50342,34.50088],[133.50393,34.49965],[133.50453,34.49905],[133.50632,34.49935],[133.50676,34.49889],[133.50746,34.49903],[133.50846,34.50022],[133.5094,34.49989],[133.5094,34.49937],[133.51004,34.49882],[133.50826,34.49714],[133.50949,34.49585],[133.51475,34.49011],[133.5152,34.48993],[133.51683,34.49031],[133.51712,34.49038],[133.51696,34.48982],[133.5159,34.48949],[133.51553,34.48886],[133.51833,34.48263],[133.51898,34.48243],[133.51933,34.48165],[133.51879,34.4813],[133.51836,34.48116],[133.51851,34.48034],[133.51824,34.47949],[133.51881,34.47864],[133.51955,34.47846],[133.51998,34.478],[133.52154,34.47691],[133.52189,34.47694],[133.52187,34.47564],[133.52271,34.47501],[133.52482,34.47471],[133.52504,34.47564],[133.52462,34.47618],[133.52437,34.47762],[133.52448,34.47882],[133.5263,34.47882],[133.52865,34.47768],[133.52903,34.47738],[133.52977,34.47783],[133.52942,34.47596],[133.52989,34.47412],[133.52959,34.47364],[133.53069,34.4712],[133.52993,34.47086],[133.53203,34.46896],[133.5331,34.46833],[133.53416,34.46732],[133.53427,34.46665],[133.53612,34.46522],[133.53741,34.46326],[133.53846,34.46273],[133.54013,34.46134],[133.54078,34.46136],[133.54194,34.46186],[133.54263,34.46157],[133.54388,34.46202],[133.54507,34.46222],[133.54583,34.46197],[133.54864,34.46311],[133.54978,34.46288],[133.55192,34.46408],[133.55277,34.46426],[133.55343,34.46397],[133.55373,34.46445],[133.55543,34.46567],[133.55717,34.46543],[133.55779,34.46678],[133.55735,34.46721],[133.55891,34.46805],[133.55947,34.46771],[133.55998,34.46817],[133.56151,34.46824],[133.56498,34.46747],[133.56847,34.46616],[133.56873,34.46575],[133.5703,34.46553],[133.57058,34.46578],[133.57344,34.46587],[133.57393,34.46749],[133.57327,34.4688],[133.5727,34.4692],[133.57263,34.47022],[133.57166,34.47092],[133.57105,34.47219],[133.57124,34.47429],[133.5711,34.47467],[133.57131,34.4757],[133.57134,34.47603],[133.57129,34.47612],[133.57111,34.47632],[133.57077,34.47657],[133.5701,34.47701],[133.56978,34.47733],[133.56972,34.47748],[133.5697,34.47761],[133.5697,34.47779],[133.56971,34.47785],[133.56974,34.47829],[133.5696,34.47873],[133.5691,34.4791],[133.56869,34.47953],[133.56874,34.48008],[133.5689,34.48088],[133.5689,34.48129],[133.56879,34.48182],[133.56854,34.48234],[133.56849,34.48292],[133.56877,34.48342],[133.56904,34.48401],[133.56895,34.48437],[133.56882,34.48448],[133.56867,34.48482],[133.56858,34.4853],[133.56817,34.48589],[133.56775,34.48621],[133.56701,34.48644],[133.56652,34.48633],[133.56635,34.48629],[133.566,34.48641],[133.56553,34.48685],[133.56495,34.48724],[133.56444,34.4876],[133.56376,34.48762],[133.56338,34.48757],[133.56264,34.48772],[133.56196,34.48815],[133.56089,34.48795],[133.56054,34.48796],[133.56037,34.48802],[133.56036,34.48806],[133.56074,34.48821],[133.56128,34.48859],[133.56224,34.48947],[133.56233,34.48972],[133.56214,34.48987],[133.56208,34.49005],[133.56205,34.4904],[133.5618,34.49056],[133.56133,34.49087],[133.56133,34.49117],[133.56133,34.49149],[133.56169,34.49194],[133.5616,34.49307],[133.5613,34.49329],[133.56054,34.49364],[133.55894,34.49296],[133.55728,34.49293],[133.55656,34.49252],[133.55574,34.49287],[133.55401,34.49324],[133.55306,34.49245],[133.552,34.49279],[133.54979,34.4913],[133.54833,34.49102],[133.54771,34.49105],[133.54571,34.49218],[133.54421,34.49213],[133.54378,34.49289],[133.5432,34.4932],[133.5424,34.49264],[133.54184,34.49273],[133.5399,34.49395],[133.53768,34.4934],[133.53721,34.49373],[133.53669,34.49475],[133.53507,34.49515],[133.5344,34.49559],[133.53332,34.49595],[133.53169,34.49645],[133.53097,34.49669],[133.52974,34.49708],[133.52976,34.49713],[133.5304,34.498],[133.53062,34.49829],[133.53132,34.49921],[133.53139,34.49931],[133.53322,34.50167],[133.53355,34.50213]],[[133.49446,34.462],[133.49461,34.46209],[133.49478,34.46211],[133.49446,34.462]]],[[[133.5487,34.38609],[133.54984,34.38696],[133.55022,34.38698],[133.55046,34.38783],[133.5501,34.38982],[133.55037,34.39091],[133.55127,34.39191],[133.55292,34.39215],[133.55365,34.39128],[133.55455,34.39204],[133.55429,34.39284],[133.55465,34.39359],[133.55572,34.39418],[133.55689,34.39417],[133.55742,34.39333],[133.55839,34.39324],[133.55771,34.39379],[133.55727,34.39471],[133.55767,34.39615],[133.55604,34.39646],[133.55564,34.39583],[133.55569,34.39512],[133.55492,34.39454],[133.5539,34.39455],[133.55281,34.39515],[133.55215,34.39526],[133.55205,34.39415],[133.55234,34.39334],[133.5517,34.39317],[133.55108,34.39385],[133.55047,34.39578],[133.54979,34.3967],[133.54897,34.3973],[133.54883,34.39779],[133.54765,34.399],[133.5478,34.39953],[133.54714,34.40064],[133.54613,34.40085],[133.54515,34.402],[133.54461,34.40212],[133.54417,34.40173],[133.54335,34.40172],[133.54236,34.40215],[133.54173,34.4015],[133.54208,34.40104],[133.54151,34.40141],[133.54082,34.40128],[133.53894,34.40145],[133.53761,34.40125],[133.53676,34.40011],[133.5374,34.39987],[133.53666,34.39885],[133.53692,34.39884],[133.53699,34.39747],[133.53674,34.39647],[133.53716,34.39585],[133.53567,34.39447],[133.53657,34.39422],[133.53585,34.39377],[133.53428,34.39427],[133.53441,34.39463],[133.5337,34.39467],[133.53322,34.39434],[133.53346,34.39321],[133.53302,34.39296],[133.53111,34.39276],[133.52963,34.39282],[133.52942,34.39183],[133.52965,34.3911],[133.5305,34.39027],[133.52987,34.39009],[133.52882,34.389],[133.52747,34.38885],[133.52733,34.38807],[133.52532,34.38814],[133.52474,34.38844],[133.52534,34.38886],[133.52481,34.38951],[133.52515,34.38968],[133.52473,34.39042],[133.52408,34.39063],[133.52366,34.39161],[133.52252,34.39107],[133.52092,34.39092],[133.51918,34.38954],[133.51826,34.38705],[133.51677,34.38672],[133.51651,34.38618],[133.51657,34.38502],[133.51619,34.38442],[133.51704,34.38302],[133.51721,34.38236],[133.51769,34.38254],[133.51971,34.38194],[133.52076,34.38087],[133.52203,34.38057],[133.52269,34.37986],[133.52489,34.37886],[133.52545,34.37818],[133.52651,34.37803],[133.52743,34.37864],[133.52785,34.37854],[133.52918,34.3775],[133.52992,34.37637],[133.53061,34.37638],[133.53128,34.37542],[133.53219,34.3733],[133.53285,34.37295],[133.53362,34.37295],[133.53456,34.37367],[133.53599,34.3737],[133.53762,34.37235],[133.53739,34.37222],[133.53857,34.37114],[133.53972,34.36977],[133.5399,34.36988],[133.54149,34.36886],[133.54247,34.3678],[133.54571,34.36657],[133.54692,34.36767],[133.54713,34.36805],[133.54936,34.36813],[133.54721,34.36817],[133.54757,34.36885],[133.54824,34.36902],[133.54964,34.3688],[133.55058,34.36825],[133.55185,34.36781],[133.55201,34.3673],[133.55296,34.36747],[133.55402,34.36732],[133.55434,34.36696],[133.55566,34.36762],[133.55663,34.36738],[133.55705,34.3669],[133.55894,34.3672],[133.55893,34.36873],[133.55977,34.3693],[133.56028,34.37068],[133.55978,34.37097],[133.55868,34.37237],[133.55817,34.37369],[133.55801,34.37463],[133.55951,34.37535],[133.56012,34.37628],[133.55962,34.37707],[133.55825,34.37679],[133.55755,34.37578],[133.55671,34.37536],[133.55611,34.37553],[133.55488,34.3751],[133.5542,34.37519],[133.55291,34.37645],[133.55152,34.37666],[133.55144,34.37618],[133.55051,34.37568],[133.54851,34.37542],[133.54627,34.37735],[133.54503,34.37739],[133.54522,34.379],[133.54553,34.37889],[133.54488,34.38033],[133.54519,34.3816],[133.54551,34.38143],[133.54606,34.38214],[133.54686,34.38261],[133.54793,34.38413],[133.54788,34.38509],[133.5487,34.38609]]],[[[133.5361,34.4086],[133.5357,34.40845],[133.53599,34.40816],[133.5361,34.4086]]],[[[133.51413,34.37949],[133.51356,34.37915],[133.51427,34.37928],[133.51413,34.37949]]],[[[133.52651,34.47233],[133.52661,34.47338],[133.52605,34.47353],[133.52533,34.47317],[133.52547,34.47264],[133.52651,34.47233]]],[[[133.50374,34.44049],[133.50271,34.44046],[133.50206,34.44018],[133.50147,34.44039],[133.50203,34.43936],[133.502,34.43833],[133.5027,34.43715],[133.50242,34.43654],[133.50343,34.43698],[133.50436,34.43813],[133.50416,34.43927],[133.50439,34.43987],[133.50374,34.44049]]],[[[133.49589,34.42124],[133.49553,34.42188],[133.49544,34.42141],[133.49589,34.42124]]],[[[133.50072,34.43998],[133.50111,34.44024],[133.50057,34.44042],[133.50072,34.43998]]],[[[133.48963,34.43042],[133.49077,34.43192],[133.49043,34.43244],[133.48923,34.43188],[133.48887,34.43149],[133.48922,34.43065],[133.48963,34.43042]]],[[[133.5075,34.43451],[133.50743,34.43404],[133.50791,34.43418],[133.5075,34.43451]]],[[[133.51243,34.43517],[133.51175,34.43503],[133.51193,34.43454],[133.51132,34.43328],[133.51168,34.43269],[133.51056,34.43181],[133.50988,34.43163],[133.50849,34.43193],[133.50777,34.4329],[133.50669,34.43343],[133.50599,34.43308],[133.50522,34.43182],[133.5038,34.43118],[133.5036,34.43003],[133.50278,34.42985],[133.50187,34.43009],[133.50201,34.43085],[133.50143,34.43121],[133.50068,34.43117],[133.50123,34.42896],[133.50031,34.42838],[133.50067,34.42726],[133.49959,34.42615],[133.49969,34.42413],[133.5005,34.42359],[133.50152,34.42391],[133.50181,34.4245],[133.50243,34.42485],[133.5035,34.42481],[133.50437,34.4243],[133.50563,34.4242],[133.50599,34.4247],[133.50763,34.42518],[133.508,34.42568],[133.50909,34.42604],[133.51037,34.42612],[133.51161,34.42591],[133.51215,34.42663],[133.5135,34.42708],[133.51375,34.42772],[133.51505,34.42868],[133.51598,34.42874],[133.5161,34.42974],[133.51509,34.43],[133.51502,34.43081],[133.51594,34.43143],[133.51636,34.43202],[133.51609,34.43254],[133.51712,34.43327],[133.51773,34.43486],[133.51691,34.43505],[133.51617,34.43455],[133.51609,34.43365],[133.51444,34.43316],[133.51357,34.43357],[133.51232,34.43473],[133.51243,34.43517]]],[[[133.49964,34.43601],[133.4993,34.43667],[133.49874,34.43698],[133.49814,34.43636],[133.49768,34.43539],[133.4974,34.4341],[133.4978,34.43316],[133.49727,34.43204],[133.49668,34.43164],[133.49591,34.43178],[133.49598,34.43106],[133.4969,34.43112],[133.49772,34.43055],[133.4986,34.43036],[133.49888,34.43122],[133.50039,34.43357],[133.50045,34.43595],[133.49964,34.43601]]],[[[133.51682,34.42403],[133.51544,34.42413],[133.51387,34.42393],[133.51302,34.42299],[133.51254,34.42289],[133.5112,34.42316],[133.51044,34.42189],[133.51181,34.42226],[133.51256,34.42197],[133.51389,34.42219],[133.51454,34.4228],[133.51574,34.42302],[133.51682,34.42403]]],[[[133.49653,34.42965],[133.49688,34.43005],[133.49647,34.42986],[133.49653,34.42965]]],[[[133.5157,34.42067],[133.51548,34.4204],[133.51637,34.4202],[133.51692,34.4198],[133.51649,34.42088],[133.5157,34.42067]]],[[[133.49845,34.35039],[133.49766,34.35037],[133.4975,34.34965],[133.49784,34.34814],[133.49786,34.34728],[133.49681,34.34556],[133.49729,34.34523],[133.49871,34.34555],[133.4992,34.34498],[133.49911,34.34434],[133.49868,34.34406],[133.49882,34.3431],[133.49834,34.34232],[133.49735,34.3419],[133.4971,34.34071],[133.49735,34.34031],[133.49929,34.33978],[133.50021,34.34014],[133.50101,34.33999],[133.50113,34.3391],[133.50219,34.33898],[133.50281,34.33801],[133.50271,34.33729],[133.50305,34.33634],[133.50355,34.33625],[133.50475,34.33682],[133.50587,34.33631],[133.50695,34.33519],[133.50767,34.33497],[133.50802,34.33523],[133.50772,34.33676],[133.5082,34.33839],[133.50871,34.33892],[133.50947,34.34053],[133.50978,34.34202],[133.51012,34.34261],[133.50744,34.34314],[133.50701,34.34482],[133.50616,34.34512],[133.50421,34.34484],[133.50352,34.34534],[133.5035,34.34576],[133.5028,34.34645],[133.50156,34.34687],[133.50092,34.34686],[133.50015,34.3473],[133.49969,34.34904],[133.50005,34.34957],[133.49964,34.35023],[133.49845,34.35039]]],[[[133.52183,34.3437],[133.52249,34.34378],[133.52364,34.34321],[133.52407,34.34476],[133.52427,34.34628],[133.52394,34.34792],[133.52265,34.34888],[133.52238,34.34878],[133.51943,34.35051],[133.51876,34.35148],[133.51761,34.35235],[133.51685,34.35084],[133.51723,34.35003],[133.51796,34.34926],[133.51809,34.34803],[133.52045,34.34648],[133.52066,34.34599],[133.52004,34.34518],[133.51975,34.34424],[133.51997,34.34376],[133.5208,34.34387],[133.52183,34.3437]]],[[[133.52481,34.41641],[133.52395,34.41612],[133.52206,34.41599],[133.52135,34.41573],[133.52093,34.41451],[133.52028,34.41461],[133.5195,34.41398],[133.51944,34.41327],[133.51979,34.41313],[133.51943,34.41212],[133.51957,34.41129],[133.51904,34.41005],[133.51896,34.40872],[133.51755,34.40811],[133.51702,34.40869],[133.51656,34.40859],[133.51771,34.41043],[133.51661,34.41089],[133.51671,34.41134],[133.51507,34.41062],[133.51444,34.41009],[133.51456,34.4097],[133.51323,34.40771],[133.51244,34.40693],[133.51149,34.40651],[133.50995,34.40637],[133.50973,34.40697],[133.50822,34.40726],[133.50776,34.40702],[133.50616,34.40675],[133.50592,34.40745],[133.50507,34.40706],[133.50502,34.40659],[133.50593,34.40654],[133.50575,34.40608],[133.50616,34.40544],[133.50577,34.40533],[133.50617,34.40474],[133.50528,34.40348],[133.50689,34.40179],[133.50724,34.40017],[133.50729,34.39918],[133.50803,34.39902],[133.5082,34.39849],[133.50889,34.39808],[133.50936,34.39637],[133.50889,34.39553],[133.50924,34.39462],[133.50904,34.39354],[133.51009,34.39272],[133.51134,34.3915],[133.51156,34.3904],[133.5122,34.39001],[133.51288,34.39003],[133.5136,34.38968],[133.51426,34.3904],[133.51517,34.39094],[133.51533,34.39162],[133.51637,34.39239],[133.51617,34.39263],[133.51753,34.39346],[133.51816,34.39412],[133.51897,34.3942],[133.51914,34.39487],[133.52017,34.39567],[133.52031,34.39709],[133.52081,34.39831],[133.52164,34.39859],[133.522,34.39909],[133.52263,34.39912],[133.52527,34.39861],[133.52592,34.39946],[133.52535,34.4005],[133.52561,34.40117],[133.52555,34.40222],[133.52424,34.40424],[133.52401,34.4054],[133.52361,34.40618],[133.52386,34.40678],[133.52364,34.40737],[133.52293,34.40776],[133.52277,34.40873],[133.52351,34.40895],[133.52474,34.40973],[133.52591,34.4107],[133.52557,34.41121],[133.52488,34.41112],[133.52457,34.41149],[133.52427,34.41292],[133.52457,34.41334],[133.52672,34.41468],[133.52706,34.41522],[133.52672,34.41545],[133.52687,34.41609],[133.52481,34.41641]]],[[[133.51382,34.41092],[133.51383,34.41179],[133.51337,34.41106],[133.51382,34.41092]]],[[[133.51415,34.41625],[133.51433,34.41645],[133.51391,34.41646],[133.51415,34.41625]]],[[[133.49562,34.38497],[133.49479,34.38458],[133.49557,34.38431],[133.49617,34.38342],[133.49608,34.3829],[133.49688,34.38218],[133.49801,34.38243],[133.49981,34.38187],[133.50088,34.38292],[133.49896,34.38321],[133.49813,34.38361],[133.49791,34.38483],[133.49654,34.38434],[133.49562,34.38497]]],[[[133.49525,34.39078],[133.49582,34.3915],[133.49537,34.39152],[133.49525,34.39078]]],[[[133.58098,34.35751],[133.58094,34.35686],[133.57939,34.35596],[133.57967,34.35537],[133.57922,34.35517],[133.57759,34.35504],[133.57824,34.35571],[133.57797,34.35626],[133.57749,34.35598],[133.57558,34.35627],[133.57539,34.35592],[133.57453,34.35642],[133.57388,34.35841],[133.57404,34.35898],[133.57316,34.35976],[133.57307,34.35929],[133.57232,34.35871],[133.57232,34.35819],[133.57107,34.3567],[133.56935,34.35605],[133.56883,34.35549],[133.56917,34.35477],[133.56893,34.35397],[133.56753,34.35336],[133.56684,34.3533],[133.56657,34.35234],[133.56754,34.35161],[133.56711,34.35093],[133.56811,34.35039],[133.56851,34.35049],[133.56916,34.34977],[133.57023,34.34931],[133.5713,34.34942],[133.57177,34.34868],[133.57259,34.34792],[133.57376,34.34785],[133.57384,34.34849],[133.57444,34.34882],[133.57596,34.34904],[133.57617,34.34989],[133.57716,34.35017],[133.57788,34.34999],[133.57915,34.35085],[133.58108,34.35113],[133.58086,34.35188],[133.58105,34.35297],[133.58263,34.3539],[133.58252,34.35442],[133.5831,34.35538],[133.58366,34.35592],[133.58364,34.35665],[133.5841,34.35774],[133.58456,34.35816],[133.58581,34.35845],[133.58779,34.35823],[133.58892,34.35861],[133.59024,34.35854],[133.59108,34.35881],[133.59067,34.36033],[133.59104,34.36154],[133.59014,34.36234],[133.58952,34.36323],[133.58919,34.36317],[133.58813,34.36381],[133.58657,34.36378],[133.58515,34.36238],[133.58446,34.3622],[133.58437,34.36169],[133.58317,34.36165],[133.58308,34.36196],[133.58155,34.36195],[133.58074,34.36164],[133.58091,34.36104],[133.58056,34.35984],[133.58023,34.35959],[133.58033,34.3579],[133.58098,34.35751]]],[[[133.59376,34.3723],[133.59401,34.37346],[133.59266,34.37417],[133.59216,34.37307],[133.59218,34.3723],[133.59354,34.37209],[133.59376,34.3723]]],[[[133.58653,34.38111],[133.58568,34.38147],[133.5854,34.38088],[133.58451,34.38054],[133.58397,34.38092],[133.58279,34.38073],[133.58219,34.37968],[133.58208,34.37875],[133.58244,34.37817],[133.58359,34.37814],[133.58418,34.37748],[133.58474,34.37735],[133.58566,34.37604],[133.5856,34.37554],[133.58334,34.37354],[133.58355,34.37265],[133.58274,34.37201],[133.58296,34.37146],[133.58354,34.37192],[133.58462,34.3721],[133.58578,34.3718],[133.5868,34.37211],[133.58745,34.37333],[133.58712,34.3738],[133.58697,34.37511],[133.58606,34.37678],[133.58655,34.37828],[133.58682,34.37821],[133.5881,34.37961],[133.58907,34.38109],[133.58874,34.38136],[133.58653,34.38111]]],[[[133.55236,34.35454],[133.55153,34.35453],[133.55106,34.35394],[133.5515,34.353],[133.55229,34.35347],[133.55236,34.35454]]],[[[133.51791,34.3211],[133.51732,34.32131],[133.51652,34.32093],[133.51616,34.31991],[133.51713,34.31966],[133.51791,34.3211]]],[[[133.5384,34.30969],[133.53777,34.30965],[133.53782,34.30879],[133.53727,34.30773],[133.53675,34.30798],[133.53622,34.30756],[133.53424,34.30769],[133.53362,34.30732],[133.53248,34.30711],[133.53133,34.30756],[133.53099,34.30733],[133.52972,34.30756],[133.52949,34.308],[133.52803,34.30756],[133.52709,34.30813],[133.52687,34.30683],[133.5261,34.30623],[133.52628,34.30563],[133.52588,34.30464],[133.52642,34.30471],[133.52681,34.3041],[133.52645,34.30288],[133.52736,34.30289],[133.52835,34.30196],[133.52869,34.30102],[133.52849,34.30052],[133.52994,34.29957],[133.53187,34.29959],[133.53322,34.29896],[133.53348,34.29842],[133.53474,34.29922],[133.5354,34.29988],[133.53619,34.29995],[133.5368,34.30053],[133.53701,34.30251],[133.53658,34.30326],[133.53693,34.30344],[133.53698,34.30425],[133.53786,34.30518],[133.53841,34.30546],[133.53894,34.30701],[133.53947,34.30739],[133.54051,34.30741],[133.54026,34.30811],[133.53962,34.30832],[133.5384,34.30969]]]]}},{"type":"Feature","properties":{"nm":"井原市","b":[133.3583,34.5403,133.609,34.7439],"c":[133.47368,34.65035]},"geometry":{"type":"Polygon","coordinates":[[[133.42454,34.57646],[133.42639,34.57348],[133.42689,34.57334],[133.4271,34.57242],[133.42772,34.57141],[133.42693,34.5702],[133.42663,34.56924],[133.42798,34.56879],[133.4283,34.56832],[133.43027,34.56735],[133.43087,34.5674],[133.4315,34.56637],[133.43279,34.5665],[133.4339,34.56585],[133.43519,34.56573],[133.43608,34.56448],[133.43787,34.56275],[133.43845,34.56279],[133.43849,34.56166],[133.43941,34.5609],[133.4407,34.5593],[133.44182,34.55878],[133.44323,34.55835],[133.44286,34.55802],[133.44386,34.55695],[133.44508,34.5566],[133.44576,34.55677],[133.446,34.55607],[133.44583,34.55519],[133.44648,34.55422],[133.44647,34.55278],[133.44536,34.55214],[133.44674,34.55126],[133.44586,34.55063],[133.44566,34.54981],[133.44643,34.54974],[133.44769,34.54883],[133.44732,34.54767],[133.44781,34.54601],[133.44905,34.54551],[133.44939,34.54406],[133.44916,34.54334],[133.44956,34.5428],[133.45016,34.5429],[133.45186,34.54422],[133.45466,34.54497],[133.45601,34.54398],[133.45721,34.54356],[133.45847,34.54183],[133.4596,34.5412],[133.46025,34.54035],[133.46123,34.54069],[133.46156,34.54142],[133.46322,34.54154],[133.46446,34.54179],[133.46526,34.54218],[133.46515,34.54398],[133.46528,34.54449],[133.46667,34.54488],[133.46643,34.54578],[133.46741,34.54607],[133.46904,34.54545],[133.46964,34.54559],[133.47109,34.54656],[133.47261,34.5469],[133.47334,34.54798],[133.47416,34.54796],[133.47494,34.5473],[133.47676,34.54711],[133.47747,34.5474],[133.47835,34.5483],[133.47891,34.54942],[133.48018,34.5498],[133.48133,34.55072],[133.48213,34.55209],[133.48272,34.55231],[133.48374,34.55221],[133.48424,34.55144],[133.48531,34.55131],[133.48617,34.55195],[133.48766,34.55268],[133.48827,34.5532],[133.48832,34.55369],[133.48909,34.55525],[133.48911,34.55561],[133.48996,34.55672],[133.49069,34.55691],[133.49239,34.55806],[133.49443,34.55877],[133.49558,34.5595],[133.49774,34.56027],[133.49907,34.56016],[133.50077,34.56076],[133.50167,34.56252],[133.50276,34.56225],[133.50403,34.56294],[133.50534,34.56319],[133.50508,34.56386],[133.50517,34.56517],[133.50515,34.56572],[133.50565,34.56688],[133.5054,34.56867],[133.50473,34.57006],[133.50465,34.57053],[133.50508,34.57107],[133.50608,34.57165],[133.50507,34.57266],[133.50431,34.57367],[133.50439,34.57398],[133.50603,34.57563],[133.50645,34.5774],[133.50642,34.5776],[133.50627,34.57767],[133.50587,34.57781],[133.50565,34.57847],[133.50522,34.57852],[133.50497,34.57834],[133.50467,34.57891],[133.50583,34.57989],[133.50678,34.58078],[133.50766,34.58111],[133.50803,34.58205],[133.50913,34.58207],[133.5099,34.58295],[133.51028,34.58387],[133.51031,34.58513],[133.50964,34.58695],[133.50993,34.58821],[133.51097,34.5894],[133.51108,34.59017],[133.51059,34.59042],[133.5112,34.59123],[133.5123,34.59144],[133.5142,34.59144],[133.51518,34.5913],[133.51603,34.59161],[133.51682,34.59233],[133.51777,34.59231],[133.51878,34.59199],[133.51999,34.59294],[133.52255,34.59216],[133.52317,34.59212],[133.52376,34.5925],[133.52388,34.59572],[133.52448,34.59591],[133.52519,34.59629],[133.52607,34.59719],[133.52697,34.59884],[133.52802,34.59969],[133.52992,34.59962],[133.53008,34.6005],[133.52981,34.60074],[133.52931,34.60119],[133.52792,34.60185],[133.52757,34.6022],[133.52761,34.60251],[133.52756,34.60287],[133.52759,34.60324],[133.52801,34.60375],[133.52779,34.60454],[133.52766,34.60504],[133.52859,34.6057],[133.52923,34.60599],[133.52992,34.60611],[133.53038,34.60676],[133.53191,34.60779],[133.53194,34.60795],[133.53202,34.60835],[133.53182,34.60888],[133.53159,34.60931],[133.53128,34.61028],[133.53178,34.61164],[133.53133,34.61229],[133.53066,34.61292],[133.53048,34.61347],[133.53093,34.61419],[133.53124,34.6148],[133.53236,34.61537],[133.53237,34.61562],[133.53238,34.61575],[133.53126,34.6162],[133.53005,34.61601],[133.52942,34.61665],[133.52883,34.61758],[133.52888,34.61805],[133.52767,34.61904],[133.52761,34.62016],[133.52719,34.62142],[133.52681,34.62154],[133.52676,34.62157],[133.52546,34.62227],[133.52472,34.62275],[133.52408,34.62316],[133.52377,34.62328],[133.52331,34.62375],[133.52224,34.62444],[133.52197,34.62495],[133.52181,34.62529],[133.52165,34.62563],[133.52115,34.62658],[133.52068,34.62667],[133.52033,34.62665],[133.51987,34.62689],[133.51973,34.62721],[133.51935,34.62837],[133.51865,34.62956],[133.5192,34.63],[133.51935,34.63019],[133.52127,34.63034],[133.52199,34.63019],[133.52217,34.63017],[133.52293,34.63033],[133.52369,34.63049],[133.52424,34.63163],[133.52442,34.63163],[133.52496,34.63179],[133.52523,34.632],[133.52535,34.63212],[133.52542,34.63223],[133.52564,34.63242],[133.52632,34.6325],[133.52658,34.63235],[133.52704,34.63191],[133.52733,34.6316],[133.52773,34.63141],[133.52878,34.63128],[133.52964,34.63092],[133.53027,34.63064],[133.53151,34.63034],[133.53208,34.63019],[133.53238,34.63011],[133.53319,34.62993],[133.53403,34.63024],[133.53422,34.63056],[133.53454,34.63107],[133.53513,34.63137],[133.53564,34.63149],[133.53583,34.6315],[133.53611,34.63155],[133.53625,34.63163],[133.53699,34.63223],[133.53732,34.63255],[133.53687,34.63325],[133.53669,34.6336],[133.53662,34.63384],[133.53593,34.63504],[133.53541,34.63551],[133.53529,34.63597],[133.53522,34.63606],[133.53503,34.6362],[133.53502,34.63643],[133.53508,34.63678],[133.53525,34.63702],[133.53576,34.63731],[133.53612,34.63777],[133.53622,34.63813],[133.53658,34.63844],[133.53642,34.63917],[133.53669,34.64113],[133.53627,34.64107],[133.53599,34.64122],[133.53557,34.64171],[133.53526,34.64198],[133.53501,34.64233],[133.53487,34.64271],[133.53479,34.64279],[133.53363,34.64283],[133.53236,34.64227],[133.53068,34.64262],[133.52809,34.64249],[133.52725,34.64202],[133.52682,34.64157],[133.52636,34.64113],[133.52623,34.64106],[133.52574,34.64096],[133.52524,34.64108],[133.52494,34.64194],[133.5251,34.64222],[133.52592,34.64265],[133.52622,34.64408],[133.52635,34.64421],[133.52631,34.64442],[133.52615,34.64465],[133.526,34.64487],[133.52595,34.64512],[133.52604,34.64536],[133.52628,34.64566],[133.52649,34.64636],[133.52619,34.6467],[133.52587,34.64688],[133.52562,34.64682],[133.5251,34.64624],[133.52464,34.64613],[133.52385,34.64575],[133.52343,34.6453],[133.52285,34.64628],[133.52246,34.64637],[133.52227,34.64713],[133.52272,34.64797],[133.52294,34.64859],[133.52302,34.64895],[133.52304,34.64924],[133.52292,34.64956],[133.52273,34.64973],[133.52226,34.65074],[133.52233,34.65111],[133.52375,34.65092],[133.52516,34.6508],[133.52679,34.65048],[133.52709,34.64971],[133.52748,34.64965],[133.52769,34.64947],[133.52857,34.64864],[133.52937,34.64821],[133.52871,34.64736],[133.52929,34.64666],[133.52917,34.64581],[133.52953,34.6457],[133.53107,34.64559],[133.5315,34.64569],[133.53267,34.64607],[133.53385,34.64618],[133.53473,34.64625],[133.53598,34.6468],[133.5362,34.64683],[133.53721,34.64664],[133.53793,34.64691],[133.53835,34.64698],[133.53924,34.64664],[133.54025,34.64655],[133.54158,34.64659],[133.5421,34.64676],[133.54241,34.64702],[133.54386,34.6489],[133.54443,34.64836],[133.545,34.64803],[133.54628,34.64797],[133.54664,34.64851],[133.54705,34.64836],[133.54716,34.64826],[133.54754,34.64786],[133.54842,34.64741],[133.54858,34.6474],[133.54914,34.64747],[133.54929,34.64731],[133.54947,34.64697],[133.54975,34.6469],[133.54993,34.64691],[133.55062,34.64586],[133.55096,34.64496],[133.55097,34.64493],[133.55152,34.64409],[133.55237,34.6443],[133.55263,34.64362],[133.55343,34.64333],[133.5542,34.64321],[133.55745,34.64538],[133.55889,34.64585],[133.55949,34.64548],[133.56058,34.64541],[133.56058,34.64627],[133.56158,34.64822],[133.56204,34.6494],[133.56429,34.64948],[133.56414,34.65072],[133.56404,34.65142],[133.5633,34.65168],[133.56313,34.65183],[133.56254,34.65271],[133.56235,34.65398],[133.56225,34.65447],[133.56241,34.65465],[133.56243,34.65488],[133.56238,34.65493],[133.56196,34.65525],[133.56184,34.65541],[133.56153,34.65667],[133.56117,34.65852],[133.56151,34.65902],[133.56169,34.65982],[133.56169,34.65988],[133.56154,34.66018],[133.56182,34.6606],[133.56198,34.66088],[133.56147,34.66095],[133.56209,34.66102],[133.56318,34.66135],[133.56357,34.66206],[133.56427,34.66257],[133.56545,34.66426],[133.56599,34.66594],[133.56775,34.66869],[133.56872,34.66906],[133.56943,34.66977],[133.57028,34.67184],[133.57018,34.67293],[133.57042,34.67433],[133.57062,34.67581],[133.5704,34.67703],[133.57059,34.67851],[133.57045,34.67949],[133.57088,34.68063],[133.57105,34.68054],[133.57251,34.68024],[133.57295,34.68024],[133.57352,34.68035],[133.57402,34.68105],[133.57432,34.68132],[133.57578,34.68163],[133.57629,34.68142],[133.57702,34.68087],[133.5787,34.68035],[133.58061,34.68022],[133.58126,34.6797],[133.58169,34.67968],[133.58224,34.67978],[133.58251,34.67985],[133.58263,34.67986],[133.58281,34.67996],[133.58311,34.68072],[133.58366,34.68108],[133.58444,34.68168],[133.58535,34.6821],[133.58564,34.68208],[133.58589,34.6822],[133.58607,34.6822],[133.5863,34.68222],[133.58644,34.68231],[133.58687,34.68246],[133.58736,34.68238],[133.58766,34.68215],[133.58829,34.6822],[133.58815,34.68276],[133.58764,34.68315],[133.58771,34.68329],[133.58774,34.68334],[133.58815,34.68376],[133.58839,34.68387],[133.58861,34.68381],[133.59051,34.68461],[133.59079,34.68487],[133.59189,34.68542],[133.59338,34.68643],[133.59424,34.68726],[133.59419,34.68787],[133.59405,34.68808],[133.59305,34.68932],[133.59297,34.68965],[133.59308,34.69012],[133.59323,34.69052],[133.5935,34.69159],[133.59351,34.6922],[133.59351,34.69321],[133.59357,34.6936],[133.594,34.69403],[133.5942,34.69427],[133.59357,34.69496],[133.59245,34.69582],[133.59264,34.69638],[133.59303,34.69672],[133.59321,34.69757],[133.5926,34.69826],[133.59566,34.69978],[133.59661,34.70037],[133.59871,34.70026],[133.59972,34.70138],[133.60122,34.70248],[133.60273,34.7038],[133.60395,34.70393],[133.60458,34.70301],[133.606,34.70252],[133.6066,34.70207],[133.60615,34.70334],[133.60731,34.70375],[133.60885,34.70512],[133.60902,34.70617],[133.60859,34.70619],[133.60712,34.70659],[133.60637,34.70718],[133.60619,34.70749],[133.60618,34.70793],[133.60557,34.70802],[133.6054,34.70806],[133.6053,34.70816],[133.6052,34.70824],[133.60308,34.70878],[133.60135,34.70847],[133.60004,34.70865],[133.59924,34.71037],[133.59833,34.71014],[133.59727,34.71021],[133.59667,34.71081],[133.59592,34.71268],[133.59453,34.7125],[133.59354,34.7127],[133.59269,34.71204],[133.59159,34.71151],[133.58928,34.71149],[133.58712,34.71008],[133.58654,34.71023],[133.58594,34.71062],[133.5858,34.71098],[133.58486,34.71071],[133.58448,34.7108],[133.58398,34.7121],[133.58386,34.71278],[133.58318,34.71435],[133.58335,34.71541],[133.58318,34.71649],[133.58344,34.71707],[133.5839,34.71743],[133.58435,34.7177],[133.58434,34.71851],[133.584,34.71875],[133.58298,34.71935],[133.58246,34.71945],[133.582,34.71925],[133.58136,34.71906],[133.58083,34.71907],[133.58054,34.71912],[133.58025,34.7194],[133.57931,34.72007],[133.57866,34.72072],[133.57832,34.72085],[133.57785,34.72077],[133.5775,34.72049],[133.57673,34.72052],[133.57661,34.7206],[133.57633,34.72074],[133.57627,34.72077],[133.57579,34.72112],[133.57514,34.72129],[133.57478,34.72118],[133.57454,34.72103],[133.57409,34.72083],[133.57363,34.7209],[133.57291,34.7206],[133.57167,34.71965],[133.57129,34.71931],[133.57113,34.71921],[133.5707,34.71909],[133.57043,34.71907],[133.5698,34.71921],[133.56931,34.71951],[133.56891,34.71982],[133.56845,34.71993],[133.56813,34.71992],[133.56776,34.72024],[133.5675,34.72053],[133.56727,34.72078],[133.5668,34.72135],[133.56649,34.72091],[133.5661,34.72044],[133.56558,34.72031],[133.56482,34.7202],[133.56415,34.71967],[133.56376,34.71861],[133.5636,34.71856],[133.56254,34.7191],[133.56241,34.72009],[133.56237,34.72051],[133.56184,34.72136],[133.5616,34.72175],[133.5614,34.72232],[133.56127,34.72296],[133.5609,34.7232],[133.56061,34.72317],[133.56041,34.7232],[133.56032,34.72323],[133.5602,34.72335],[133.56018,34.72358],[133.56015,34.72381],[133.56005,34.72396],[133.55995,34.72407],[133.55982,34.72428],[133.55982,34.72434],[133.55997,34.72464],[133.56001,34.72479],[133.55997,34.72492],[133.5599,34.72502],[133.55976,34.72511],[133.5594,34.72523],[133.55924,34.72559],[133.55922,34.72589],[133.55879,34.72615],[133.55847,34.72615],[133.55791,34.72624],[133.55778,34.72655],[133.55716,34.72686],[133.55557,34.728],[133.55516,34.72844],[133.55532,34.72954],[133.55533,34.72995],[133.5553,34.73015],[133.55479,34.73084],[133.55457,34.73149],[133.55449,34.73171],[133.55448,34.73197],[133.55471,34.73234],[133.55545,34.73378],[133.556,34.73445],[133.55652,34.7347],[133.55663,34.73492],[133.55672,34.73557],[133.5571,34.73618],[133.55765,34.73683],[133.55879,34.73844],[133.55993,34.74009],[133.55942,34.74006],[133.55873,34.7401],[133.55769,34.74015],[133.55633,34.74011],[133.55573,34.74014],[133.55337,34.74066],[133.55269,34.74089],[133.55237,34.74084],[133.55211,34.74078],[133.55144,34.74072],[133.55131,34.74065],[133.55091,34.74034],[133.55021,34.73995],[133.54939,34.74013],[133.54901,34.73995],[133.54882,34.73993],[133.54866,34.73998],[133.54838,34.73999],[133.54736,34.73987],[133.54648,34.73971],[133.546,34.7397],[133.54568,34.73983],[133.54508,34.74078],[133.54331,34.74107],[133.54264,34.7412],[133.54163,34.741],[133.54102,34.74095],[133.54065,34.74137],[133.5404,34.74157],[133.5401,34.74163],[133.53987,34.74167],[133.53881,34.74212],[133.53745,34.74249],[133.53642,34.74274],[133.53593,34.74254],[133.535,34.74204],[133.53288,34.7403],[133.53238,34.7399],[133.53198,34.73981],[133.53174,34.73984],[133.53067,34.74006],[133.52933,34.74002],[133.52899,34.73989],[133.52761,34.73949],[133.52682,34.73884],[133.52651,34.73804],[133.52641,34.73765],[133.5262,34.73735],[133.52605,34.73729],[133.52545,34.73716],[133.52441,34.73699],[133.52266,34.7365],[133.52244,34.73639],[133.52221,34.73558],[133.52215,34.73509],[133.52178,34.73428],[133.52088,34.73407],[133.52051,34.73376],[133.51992,34.73361],[133.52056,34.73266],[133.52082,34.73176],[133.52073,34.73107],[133.52051,34.73058],[133.52065,34.72888],[133.52111,34.72795],[133.52115,34.7275],[133.52091,34.72683],[133.52076,34.72636],[133.52131,34.72558],[133.52265,34.72393],[133.52348,34.72374],[133.52397,34.72405],[133.52451,34.72409],[133.52538,34.72383],[133.52612,34.72325],[133.52631,34.72258],[133.52625,34.72173],[133.52635,34.72136],[133.52651,34.72031],[133.52694,34.71937],[133.52831,34.71909],[133.5285,34.71905],[133.5296,34.71861],[133.53028,34.71785],[133.52906,34.71709],[133.52854,34.71673],[133.52716,34.71591],[133.52614,34.71543],[133.52609,34.71513],[133.5256,34.71355],[133.5255,34.71313],[133.52548,34.71308],[133.52524,34.71299],[133.52511,34.71261],[133.52495,34.71245],[133.52452,34.71224],[133.52442,34.7121],[133.5242,34.71203],[133.52368,34.71213],[133.52332,34.71212],[133.52309,34.71193],[133.52262,34.71162],[133.52215,34.7116],[133.52123,34.71176],[133.5206,34.71157],[133.52037,34.71132],[133.52025,34.7113],[133.51897,34.71105],[133.51851,34.71079],[133.5181,34.71032],[133.51741,34.70956],[133.51597,34.70938],[133.51502,34.7086],[133.51438,34.70812],[133.514,34.70836],[133.51338,34.70861],[133.51304,34.70858],[133.5122,34.70849],[133.51075,34.70882],[133.51008,34.70867],[133.51002,34.70864],[133.50905,34.70822],[133.50868,34.70817],[133.50843,34.70812],[133.50824,34.708],[133.50793,34.70781],[133.50722,34.70738],[133.50703,34.70698],[133.50661,34.70665],[133.5056,34.7059],[133.50458,34.70553],[133.50406,34.7054],[133.50361,34.70507],[133.50288,34.70424],[133.50272,34.70401],[133.50266,34.70365],[133.50321,34.70279],[133.50338,34.70229],[133.50368,34.70149],[133.50363,34.70134],[133.50354,34.70109],[133.50365,34.70095],[133.50385,34.70054],[133.50405,34.70001],[133.50407,34.69985],[133.50397,34.69968],[133.50374,34.69943],[133.50377,34.69911],[133.5037,34.69893],[133.50377,34.6986],[133.50362,34.69818],[133.50349,34.69787],[133.50339,34.69745],[133.50322,34.69709],[133.50312,34.69703],[133.50278,34.69689],[133.5025,34.69672],[133.50227,34.6965],[133.50193,34.6964],[133.50162,34.69605],[133.50135,34.69564],[133.50121,34.69549],[133.50079,34.69515],[133.5,34.69471],[133.49935,34.69458],[133.49891,34.6943],[133.49719,34.69424],[133.49625,34.69455],[133.49578,34.69413],[133.49559,34.6936],[133.49315,34.69411],[133.49329,34.69512],[133.49019,34.69605],[133.4896,34.69568],[133.48811,34.69446],[133.48582,34.69384],[133.48486,34.69385],[133.48426,34.69339],[133.48142,34.69265],[133.48074,34.69227],[133.48111,34.69065],[133.48055,34.69031],[133.48071,34.68964],[133.47948,34.69],[133.47869,34.68998],[133.47699,34.68844],[133.4757,34.68838],[133.47482,34.68888],[133.47338,34.69002],[133.47266,34.69011],[133.47179,34.6893],[133.46921,34.68822],[133.46822,34.68804],[133.46649,34.688],[133.46591,34.68745],[133.46595,34.68605],[133.46531,34.68559],[133.46411,34.68514],[133.46271,34.68398],[133.46168,34.68414],[133.46125,34.68483],[133.46136,34.6865],[133.46023,34.68946],[133.4598,34.69036],[133.45934,34.69061],[133.45828,34.69065],[133.45663,34.69161],[133.45636,34.69009],[133.45609,34.68955],[133.45626,34.6886],[133.45689,34.68769],[133.45647,34.68694],[133.45583,34.68455],[133.455,34.68502],[133.45347,34.6843],[133.452,34.6848],[133.45096,34.68494],[133.45007,34.68575],[133.44916,34.68624],[133.44817,34.68591],[133.44727,34.68625],[133.44648,34.68696],[133.44531,34.68761],[133.44479,34.68816],[133.44345,34.68875],[133.44288,34.68926],[133.44224,34.69063],[133.44063,34.69072],[133.43949,34.69024],[133.43778,34.69042],[133.4363,34.69164],[133.43549,34.69202],[133.43444,34.69355],[133.43402,34.69373],[133.43382,34.69546],[133.43334,34.69614],[133.43194,34.69578],[133.43067,34.69554],[133.42869,34.69559],[133.42678,34.69609],[133.42657,34.69653],[133.42508,34.69806],[133.4245,34.69936],[133.42435,34.70004],[133.42317,34.70062],[133.42324,34.70133],[133.42282,34.70194],[133.42239,34.70283],[133.421,34.70332],[133.42213,34.70553],[133.42069,34.70692],[133.42071,34.70804],[133.42008,34.70825],[133.41908,34.70941],[133.41831,34.70956],[133.41711,34.71025],[133.41629,34.71127],[133.41522,34.71159],[133.41465,34.7123],[133.41266,34.71397],[133.41273,34.71519],[133.41255,34.71591],[133.41161,34.71665],[133.41173,34.7175],[133.41158,34.71879],[133.41185,34.71992],[133.41031,34.72035],[133.41011,34.72097],[133.41049,34.72152],[133.41023,34.72337],[133.40973,34.72589],[133.40871,34.72717],[133.40622,34.72762],[133.40539,34.72812],[133.40432,34.72844],[133.4045,34.7292],[133.40465,34.72983],[133.40403,34.73094],[133.40391,34.73167],[133.40413,34.73292],[133.40502,34.73394],[133.405,34.73436],[133.40415,34.73489],[133.40379,34.73552],[133.40291,34.73577],[133.40166,34.73435],[133.40148,34.73332],[133.40069,34.7334],[133.39936,34.73433],[133.39815,34.73464],[133.39814,34.73514],[133.39673,34.73494],[133.39682,34.73459],[133.39501,34.73442],[133.39347,34.7346],[133.39164,34.73545],[133.39119,34.73632],[133.39059,34.73685],[133.38968,34.73731],[133.38847,34.7374],[133.38787,34.73778],[133.38692,34.73891],[133.386,34.73989],[133.3866,34.74131],[133.38636,34.74168],[133.38526,34.74189],[133.38458,34.7428],[133.38446,34.74338],[133.38307,34.74335],[133.38181,34.7427],[133.38086,34.74301],[133.37944,34.74316],[133.37849,34.74275],[133.37736,34.74257],[133.37543,34.74169],[133.37427,34.74197],[133.37057,34.74206],[133.36969,34.74299],[133.36955,34.74365],[133.36951,34.74391],[133.36861,34.74373],[133.36747,34.74282],[133.36684,34.74121],[133.36614,34.74082],[133.36468,34.74069],[133.36422,34.74016],[133.36392,34.73929],[133.36296,34.73751],[133.36197,34.73618],[133.36099,34.7352],[133.36073,34.73433],[133.36017,34.73394],[133.35839,34.73334],[133.35827,34.73303],[133.35922,34.73241],[133.36027,34.73086],[133.36134,34.72721],[133.36228,34.72643],[133.36349,34.72645],[133.3639,34.72516],[133.36453,34.72451],[133.36639,34.72406],[133.36894,34.72372],[133.36968,34.72286],[133.36935,34.7221],[133.36941,34.72101],[133.36981,34.72044],[133.36964,34.71986],[133.36828,34.71849],[133.36836,34.71816],[133.36936,34.71797],[133.37039,34.71687],[133.37039,34.71583],[133.37125,34.71533],[133.37153,34.71325],[133.37128,34.71272],[133.37069,34.71149],[133.37025,34.711],[133.36996,34.7101],[133.37047,34.70957],[133.37172,34.70901],[133.3732,34.70766],[133.37332,34.70588],[133.37228,34.70521],[133.37269,34.70446],[133.37286,34.70301],[133.37418,34.70166],[133.37472,34.70078],[133.37381,34.6996],[133.37386,34.69872],[133.37452,34.69725],[133.37413,34.69525],[133.37445,34.69451],[133.37629,34.69459],[133.37765,34.69275],[133.37891,34.69228],[133.38028,34.69237],[133.38075,34.69219],[133.38282,34.69012],[133.38331,34.689],[133.38352,34.68758],[133.38498,34.68609],[133.38613,34.6854],[133.38683,34.68438],[133.38686,34.68388],[133.38521,34.68377],[133.3845,34.68212],[133.38294,34.68125],[133.38267,34.6802],[133.38306,34.6799],[133.38477,34.67962],[133.38562,34.67729],[133.38757,34.677],[133.38844,34.67645],[133.3899,34.67623],[133.39068,34.67536],[133.39119,34.67526],[133.39214,34.67578],[133.39267,34.67569],[133.39367,34.67481],[133.39443,34.67386],[133.39621,34.67526],[133.3976,34.67527],[133.40151,34.67402],[133.40259,34.67312],[133.40337,34.67167],[133.40253,34.67023],[133.40277,34.66895],[133.40279,34.6677],[133.40276,34.66675],[133.40229,34.66537],[133.40209,34.66486],[133.4014,34.66434],[133.40094,34.66298],[133.39995,34.66177],[133.39987,34.6608],[133.4002,34.66],[133.39944,34.65925],[133.3988,34.65917],[133.39798,34.65847],[133.3982,34.65765],[133.39722,34.65631],[133.3966,34.65606],[133.39667,34.65479],[133.39655,34.65242],[133.395,34.64987],[133.39464,34.64966],[133.39292,34.64973],[133.39163,34.64933],[133.39166,34.64825],[133.39127,34.64658],[133.39149,34.64551],[133.39116,34.64477],[133.39029,34.64339],[133.38937,34.64357],[133.38859,34.6434],[133.38799,34.64209],[133.38771,34.64077],[133.38892,34.64007],[133.3887,34.63957],[133.38769,34.63907],[133.38739,34.63817],[133.38761,34.63715],[133.38714,34.63643],[133.38825,34.63463],[133.38913,34.63435],[133.39031,34.63304],[133.3915,34.63253],[133.39162,34.63221],[133.39274,34.63212],[133.39188,34.63182],[133.39203,34.63123],[133.3906,34.63061],[133.3886,34.62855],[133.38868,34.62726],[133.38727,34.62644],[133.38675,34.62582],[133.38471,34.62496],[133.38451,34.62303],[133.38347,34.62198],[133.38418,34.62053],[133.38358,34.61976],[133.38447,34.6191],[133.3849,34.61774],[133.38471,34.6172],[133.38543,34.61657],[133.38647,34.61618],[133.38845,34.61475],[133.3893,34.61358],[133.38979,34.61343],[133.39107,34.61197],[133.39206,34.61227],[133.3928,34.61163],[133.39265,34.61121],[133.39321,34.60976],[133.39265,34.60926],[133.39227,34.60835],[133.39269,34.60797],[133.3943,34.60748],[133.39443,34.6066],[133.39586,34.60533],[133.39618,34.60331],[133.39679,34.6026],[133.39678,34.60097],[133.39702,34.60001],[133.39793,34.59875],[133.39719,34.59804],[133.39672,34.59709],[133.397,34.5961],[133.39683,34.59488],[133.39798,34.59444],[133.39907,34.59381],[133.40005,34.59403],[133.40033,34.59299],[133.40123,34.59232],[133.40489,34.59103],[133.40549,34.59032],[133.40583,34.58937],[133.40721,34.58896],[133.40855,34.5898],[133.41091,34.58969],[133.41237,34.58943],[133.41295,34.58831],[133.41292,34.58704],[133.41351,34.58667],[133.41525,34.58697],[133.41593,34.58638],[133.41675,34.5862],[133.41883,34.5864],[133.41926,34.58682],[133.4204,34.58708],[133.42211,34.58672],[133.42324,34.58571],[133.42324,34.58439],[133.42236,34.5842],[133.42266,34.58394],[133.42214,34.58324],[133.42246,34.58255],[133.42255,34.58147],[133.42284,34.58098],[133.42279,34.57994],[133.42309,34.57899],[133.42368,34.57807],[133.42454,34.57646]],[[133.43261,34.61111],[133.43236,34.61124],[133.43302,34.61099],[133.43261,34.61111]],[[133.44176,34.61252],[133.4423,34.61277],[133.4428,34.61279],[133.44176,34.61252]],[[133.41275,34.61508],[133.41284,34.61504],[133.41323,34.61484],[133.41275,34.61508]],[[133.48331,34.66124],[133.48361,34.66165],[133.4836,34.66141],[133.48331,34.66124]],[[133.46134,34.64147],[133.46124,34.64121],[133.46093,34.64159],[133.46134,34.64147]],[[133.44704,34.62857],[133.44677,34.62871],[133.44712,34.62917],[133.44704,34.62857]],[[133.45649,34.63809],[133.45689,34.6386],[133.45671,34.63833],[133.45649,34.63809]],[[133.53995,34.67382],[133.5396,34.67398],[133.53939,34.6741],[133.53995,34.67382]],[[133.54077,34.6601],[133.54074,34.65985],[133.54016,34.66069],[133.54077,34.6601]],[[133.54122,34.65768],[133.54105,34.6579],[133.54102,34.65804],[133.54122,34.65768]],[[133.51241,34.67524],[133.51232,34.67536],[133.51267,34.6752],[133.51241,34.67524]],[[133.48848,34.66624],[133.48821,34.66621],[133.4891,34.66634],[133.48848,34.66624]],[[133.50297,34.67877],[133.50305,34.67899],[133.50309,34.67875],[133.50436,34.67823],[133.50297,34.67877]],[[133.51833,34.68853],[133.51838,34.68828],[133.51752,34.68851],[133.51833,34.68853]],[[133.40624,34.64991],[133.40662,34.64989],[133.40529,34.64978],[133.40624,34.64991]]]}},{"type":"Feature","properties":{"nm":"総社市","b":[133.5821,34.6221,133.8048,34.7814],"c":[133.70202,34.70281]},"geometry":{"type":"MultiPolygon","coordinates":[[[[133.79595,34.66979],[133.79578,34.67097],[133.79522,34.671],[133.79492,34.67146],[133.79461,34.67171],[133.79368,34.67274],[133.79441,34.67273],[133.79499,34.67235],[133.7954,34.67223],[133.79567,34.67345],[133.79575,34.67447],[133.79571,34.6749],[133.79577,34.67557],[133.7957,34.6768],[133.79728,34.67855],[133.79762,34.67872],[133.79796,34.67877],[133.79853,34.67875],[133.79935,34.67884],[133.79976,34.67893],[133.80063,34.67925],[133.80111,34.67958],[133.8018,34.68049],[133.80165,34.68116],[133.80178,34.68177],[133.80186,34.68184],[133.80215,34.68216],[133.80249,34.68246],[133.80277,34.68288],[133.80318,34.68335],[133.80315,34.68337],[133.8034,34.68375],[133.80378,34.68423],[133.80413,34.68513],[133.80416,34.68602],[133.80413,34.68691],[133.8048,34.68703],[133.80476,34.68718],[133.80413,34.68756],[133.80277,34.68903],[133.80249,34.6893],[133.80177,34.6897],[133.80129,34.68987],[133.79935,34.69034],[133.79843,34.6905],[133.79803,34.69062],[133.79759,34.69139],[133.79706,34.69195],[133.7967,34.69217],[133.79564,34.69443],[133.79503,34.69514],[133.79443,34.6964],[133.7934,34.69591],[133.79291,34.69657],[133.79239,34.69737],[133.79155,34.69854],[133.79096,34.69882],[133.79002,34.69831],[133.79019,34.69757],[133.79008,34.69727],[133.78983,34.69712],[133.78942,34.69688],[133.78875,34.69575],[133.78797,34.69492],[133.78788,34.69507],[133.78735,34.69478],[133.7873,34.69481],[133.7871,34.69517],[133.78706,34.69562],[133.78679,34.69631],[133.78639,34.6968],[133.78661,34.69695],[133.78668,34.69697],[133.78741,34.69707],[133.78821,34.69702],[133.78817,34.69716],[133.7873,34.69717],[133.78609,34.69726],[133.78537,34.69751],[133.78347,34.69826],[133.78269,34.69845],[133.78238,34.69853],[133.78213,34.699],[133.78252,34.69889],[133.78352,34.69879],[133.78595,34.69991],[133.78643,34.70003],[133.7861,34.70052],[133.78897,34.70178],[133.78981,34.70207],[133.79138,34.70289],[133.79177,34.70307],[133.7919,34.70313],[133.79207,34.70299],[133.79212,34.70309],[133.79225,34.70325],[133.79232,34.70335],[133.79235,34.70339],[133.79349,34.70389],[133.79445,34.70434],[133.79501,34.70453],[133.79629,34.70512],[133.79672,34.70533],[133.7978,34.70588],[133.79831,34.70591],[133.79829,34.70785],[133.79863,34.70859],[133.79915,34.70964],[133.79937,34.70993],[133.79987,34.71083],[133.79928,34.711],[133.79909,34.71157],[133.79876,34.71165],[133.79853,34.71177],[133.79812,34.71224],[133.79819,34.71257],[133.7983,34.71293],[133.79791,34.71399],[133.79813,34.71452],[133.79835,34.71461],[133.79778,34.71587],[133.79784,34.71611],[133.79905,34.71634],[133.79845,34.71726],[133.79797,34.71846],[133.79714,34.7197],[133.79676,34.72058],[133.79667,34.72099],[133.79674,34.72191],[133.79684,34.72258],[133.79598,34.72324],[133.79569,34.72401],[133.7956,34.72467],[133.79561,34.72493],[133.79491,34.72537],[133.79465,34.72558],[133.79393,34.72668],[133.79363,34.72733],[133.79336,34.72806],[133.79285,34.72861],[133.79232,34.72892],[133.79211,34.7293],[133.79122,34.73053],[133.79109,34.73089],[133.79091,34.73148],[133.79034,34.73153],[133.78979,34.73157],[133.78912,34.73141],[133.78925,34.73154],[133.78904,34.73167],[133.78901,34.73168],[133.78887,34.73177],[133.78857,34.7321],[133.78849,34.7323],[133.78751,34.73341],[133.78674,34.73383],[133.78514,34.73437],[133.78443,34.73495],[133.7842,34.73505],[133.78314,34.73538],[133.78258,34.73602],[133.78208,34.73611],[133.78181,34.73617],[133.7814,34.73628],[133.78111,34.73658],[133.78066,34.73708],[133.78022,34.73749],[133.77961,34.73805],[133.77947,34.7385],[133.7794,34.73899],[133.77927,34.73912],[133.77805,34.73963],[133.77694,34.73998],[133.77677,34.74008],[133.77593,34.74025],[133.77496,34.7402],[133.77395,34.74052],[133.77375,34.74072],[133.77348,34.74094],[133.77259,34.74166],[133.77254,34.74187],[133.7723,34.74198],[133.77078,34.74229],[133.77051,34.74257],[133.77021,34.74275],[133.76966,34.74274],[133.76862,34.74214],[133.76793,34.74159],[133.76757,34.74154],[133.7674,34.74158],[133.76688,34.74185],[133.76618,34.74221],[133.76574,34.74284],[133.7656,34.74319],[133.76482,34.74365],[133.76463,34.74383],[133.76422,34.74385],[133.76396,34.74428],[133.76334,34.74493],[133.76289,34.74499],[133.76213,34.7455],[133.76195,34.74621],[133.76194,34.74737],[133.76221,34.74814],[133.76208,34.74855],[133.7614,34.7486],[133.76099,34.74866],[133.7584,34.74848],[133.7581,34.7488],[133.75745,34.7491],[133.75705,34.74958],[133.75571,34.74888],[133.75478,34.74768],[133.75422,34.74728],[133.75369,34.7475],[133.75351,34.74809],[133.75235,34.74816],[133.75048,34.74859],[133.74879,34.74858],[133.74825,34.74873],[133.74396,34.74906],[133.74352,34.7491],[133.74308,34.74943],[133.74415,34.75032],[133.74494,34.75069],[133.74557,34.75092],[133.74642,34.75115],[133.74635,34.75271],[133.74614,34.75351],[133.7459,34.75393],[133.74492,34.75451],[133.74492,34.75473],[133.74429,34.75495],[133.74402,34.75546],[133.74304,34.75502],[133.741,34.75508],[133.74082,34.75545],[133.74135,34.75567],[133.74134,34.75648],[133.74214,34.75729],[133.74222,34.75766],[133.74195,34.75817],[133.74257,34.75854],[133.74179,34.75982],[133.74052,34.76015],[133.73998,34.76073],[133.73979,34.76213],[133.74004,34.76411],[133.73986,34.76528],[133.7402,34.76661],[133.74038,34.7672],[133.74,34.76797],[133.73868,34.76848],[133.73704,34.76843],[133.73594,34.7688],[133.7349,34.76853],[133.7339,34.76896],[133.73213,34.76914],[133.73127,34.76946],[133.73053,34.77014],[133.72892,34.77106],[133.72839,34.77229],[133.72836,34.77441],[133.72688,34.7747],[133.72598,34.77432],[133.72297,34.7746],[133.72228,34.77518],[133.72139,34.77551],[133.7203,34.77543],[133.7194,34.77495],[133.71959,34.77268],[133.71915,34.77174],[133.7187,34.7714],[133.71582,34.77009],[133.71525,34.76957],[133.71405,34.76738],[133.7131,34.76706],[133.71218,34.76622],[133.7119,34.76582],[133.71158,34.76525],[133.71142,34.76376],[133.70967,34.76282],[133.70814,34.76252],[133.7069,34.76246],[133.7063,34.76178],[133.70603,34.76076],[133.70534,34.75959],[133.70367,34.75919],[133.70269,34.75914],[133.70139,34.75925],[133.70085,34.75975],[133.70037,34.75992],[133.70018,34.76012],[133.70062,34.76122],[133.70053,34.76149],[133.69996,34.76158],[133.69956,34.76146],[133.69848,34.76058],[133.69737,34.75852],[133.69646,34.7577],[133.69594,34.75722],[133.6957,34.75701],[133.695,34.75698],[133.69395,34.75704],[133.69364,34.7572],[133.69331,34.75732],[133.69308,34.75741],[133.69301,34.75744],[133.6929,34.75723],[133.6927,34.75662],[133.69254,34.75602],[133.6916,34.75565],[133.69129,34.7556],[133.69108,34.75449],[133.69139,34.754],[133.69127,34.75282],[133.69124,34.75221],[133.69078,34.75185],[133.6902,34.75081],[133.69005,34.74981],[133.6895,34.74914],[133.68941,34.74879],[133.68956,34.74804],[133.68891,34.74553],[133.68753,34.74394],[133.68716,34.74365],[133.68692,34.74352],[133.68692,34.74398],[133.6872,34.74494],[133.68776,34.74574],[133.68728,34.74642],[133.68704,34.74653],[133.68638,34.74684],[133.68565,34.74735],[133.68431,34.74741],[133.68342,34.74805],[133.68308,34.74889],[133.68302,34.74923],[133.68269,34.74958],[133.682,34.74954],[133.68191,34.74984],[133.68189,34.75053],[133.68161,34.75085],[133.68131,34.75099],[133.68029,34.75136],[133.68018,34.75191],[133.68038,34.75256],[133.68036,34.75279],[133.68025,34.75319],[133.67974,34.75361],[133.67927,34.7543],[133.67919,34.75477],[133.67919,34.75487],[133.67951,34.75562],[133.6795,34.75585],[133.67888,34.75652],[133.67884,34.75658],[133.67876,34.75671],[133.6787,34.75687],[133.67786,34.75758],[133.67791,34.7583],[133.67828,34.7591],[133.67772,34.75941],[133.67799,34.76033],[133.67777,34.76112],[133.67754,34.7613],[133.6768,34.76267],[133.6763,34.76295],[133.67454,34.7629],[133.67424,34.76318],[133.67409,34.76419],[133.67437,34.76529],[133.67491,34.76622],[133.6749,34.76687],[133.67475,34.76747],[133.67391,34.76872],[133.67375,34.77018],[133.67227,34.77094],[133.67114,34.77109],[133.66987,34.77192],[133.6693,34.77263],[133.66862,34.77267],[133.66764,34.77282],[133.66665,34.77515],[133.66588,34.77612],[133.66339,34.77778],[133.66214,34.77871],[133.66185,34.77926],[133.66151,34.78082],[133.66107,34.7814],[133.65931,34.78107],[133.65818,34.78145],[133.65698,34.78108],[133.65615,34.78131],[133.65524,34.78117],[133.65282,34.78002],[133.6529,34.77856],[133.65214,34.77831],[133.65197,34.7774],[133.65063,34.77654],[133.65062,34.7751],[133.65023,34.77474],[133.64923,34.77487],[133.6483,34.77455],[133.64796,34.77376],[133.64809,34.77327],[133.64701,34.77302],[133.64678,34.77246],[133.647,34.77099],[133.64572,34.77049],[133.64633,34.76827],[133.64709,34.76723],[133.64691,34.76664],[133.64625,34.76607],[133.64459,34.76541],[133.64363,34.76457],[133.64307,34.76416],[133.64153,34.7635],[133.64016,34.76257],[133.64011,34.76251],[133.63995,34.76196],[133.63917,34.76129],[133.63878,34.76095],[133.63705,34.76001],[133.63699,34.75994],[133.63648,34.75911],[133.63636,34.75896],[133.63573,34.75899],[133.63551,34.75898],[133.63469,34.75863],[133.63322,34.75871],[133.63225,34.75876],[133.63195,34.75899],[133.62851,34.7603],[133.62737,34.76045],[133.62635,34.76031],[133.62545,34.75914],[133.62436,34.7588],[133.62357,34.75795],[133.62341,34.75674],[133.62226,34.7558],[133.6216,34.75499],[133.62127,34.75479],[133.61961,34.7541],[133.62108,34.7525],[133.62194,34.75158],[133.62101,34.7508],[133.61929,34.74953],[133.61746,34.7486],[133.61611,34.74616],[133.61499,34.74558],[133.61348,34.74426],[133.61201,34.74398],[133.6109,34.74295],[133.61015,34.74193],[133.6095,34.73969],[133.60854,34.73915],[133.60685,34.73916],[133.60535,34.7383],[133.60513,34.73765],[133.60543,34.73673],[133.60551,34.7356],[133.60496,34.73541],[133.60268,34.73561],[133.60173,34.73526],[133.60042,34.73558],[133.5997,34.73456],[133.5986,34.73377],[133.59787,34.73284],[133.59751,34.732],[133.5961,34.73173],[133.59404,34.72954],[133.59261,34.72737],[133.59166,34.72617],[133.59152,34.72571],[133.59065,34.72552],[133.58968,34.72563],[133.5889,34.72524],[133.58781,34.72538],[133.58742,34.72571],[133.58637,34.72535],[133.58543,34.7248],[133.58411,34.72443],[133.58389,34.72345],[133.5822,34.722],[133.58209,34.72171],[133.5822,34.71959],[133.58246,34.71945],[133.58298,34.71935],[133.584,34.71875],[133.58434,34.71851],[133.58435,34.7177],[133.5839,34.71743],[133.58344,34.71707],[133.58318,34.71649],[133.58335,34.71541],[133.58318,34.71435],[133.58386,34.71278],[133.58398,34.7121],[133.58448,34.7108],[133.58486,34.71071],[133.5858,34.71098],[133.58594,34.71062],[133.58654,34.71023],[133.58712,34.71008],[133.58928,34.71149],[133.59159,34.71151],[133.59269,34.71204],[133.59354,34.7127],[133.59453,34.7125],[133.59592,34.71268],[133.59667,34.71081],[133.59727,34.71021],[133.59833,34.71014],[133.59924,34.71037],[133.60004,34.70865],[133.60135,34.70847],[133.60308,34.70878],[133.6052,34.70824],[133.60523,34.70836],[133.6053,34.70816],[133.6054,34.70806],[133.60557,34.70802],[133.60618,34.70793],[133.60619,34.70749],[133.60637,34.70718],[133.60712,34.70659],[133.60859,34.70619],[133.60902,34.70617],[133.6102,34.70645],[133.61089,34.7069],[133.6117,34.70672],[133.61281,34.70605],[133.61425,34.70578],[133.61534,34.70568],[133.61694,34.70611],[133.61807,34.70622],[133.61875,34.70592],[133.61902,34.70455],[133.62007,34.70208],[133.62131,34.70176],[133.62155,34.70119],[133.62255,34.70133],[133.6238,34.70198],[133.62457,34.70223],[133.62552,34.70216],[133.62601,34.70226],[133.62617,34.70132],[133.62729,34.70085],[133.62657,34.69949],[133.62687,34.69891],[133.62752,34.69823],[133.62761,34.69761],[133.62782,34.69635],[133.62766,34.69594],[133.6266,34.69569],[133.62694,34.69448],[133.62592,34.69294],[133.62509,34.69269],[133.62587,34.69125],[133.62528,34.69071],[133.62516,34.69053],[133.62505,34.6902],[133.62496,34.69005],[133.62463,34.6895],[133.62412,34.6888],[133.6237,34.68829],[133.62361,34.68811],[133.62369,34.6873],[133.62359,34.68648],[133.62347,34.68597],[133.62265,34.68576],[133.62229,34.68601],[133.62202,34.6862],[133.62159,34.68608],[133.62067,34.68582],[133.62059,34.68594],[133.62023,34.68602],[133.61991,34.68598],[133.61977,34.68594],[133.61926,34.68585],[133.61903,34.68582],[133.61881,34.68575],[133.61872,34.68568],[133.61802,34.68478],[133.61777,34.68455],[133.61766,34.68438],[133.61724,34.68423],[133.61709,34.68405],[133.61693,34.68395],[133.61663,34.68379],[133.6161,34.68361],[133.6153,34.68352],[133.61518,34.6834],[133.61491,34.6826],[133.61482,34.68209],[133.61464,34.681],[133.61455,34.68066],[133.61442,34.68001],[133.61453,34.67977],[133.61482,34.67939],[133.61491,34.67826],[133.61542,34.67753],[133.6157,34.67745],[133.61706,34.67733],[133.61776,34.67691],[133.6178,34.67654],[133.61833,34.67577],[133.61753,34.67546],[133.61733,34.67532],[133.61654,34.67489],[133.61592,34.6747],[133.61538,34.67436],[133.6152,34.67388],[133.61573,34.67355],[133.61559,34.67322],[133.61552,34.67313],[133.61523,34.67305],[133.61457,34.67285],[133.61404,34.67269],[133.61358,34.67242],[133.61353,34.67225],[133.61348,34.67192],[133.61318,34.67086],[133.61465,34.66957],[133.61674,34.66815],[133.61696,34.66762],[133.61809,34.66751],[133.6174,34.66633],[133.61729,34.66469],[133.61785,34.66412],[133.61801,34.66347],[133.61696,34.66258],[133.61746,34.66169],[133.61823,34.66128],[133.6186,34.66022],[133.61917,34.66024],[133.62017,34.65961],[133.62087,34.65965],[133.62169,34.65931],[133.62245,34.65866],[133.62364,34.65849],[133.62346,34.65739],[133.62377,34.65599],[133.62288,34.6547],[133.62296,34.65315],[133.62271,34.65177],[133.62318,34.65122],[133.62316,34.65117],[133.62307,34.65102],[133.62297,34.65074],[133.6227,34.65051],[133.62254,34.65],[133.6224,34.64933],[133.62237,34.64921],[133.62215,34.64905],[133.62099,34.64904],[133.62108,34.64883],[133.62117,34.64839],[133.62109,34.64751],[133.62074,34.64733],[133.61977,34.64719],[133.61958,34.64707],[133.61886,34.64584],[133.61901,34.64561],[133.6187,34.64443],[133.61889,34.64441],[133.61979,34.64425],[133.62036,34.64432],[133.62139,34.64495],[133.622,34.64513],[133.62226,34.64502],[133.62282,34.64509],[133.62324,34.6451],[133.62335,34.64501],[133.62364,34.64482],[133.62375,34.6448],[133.62421,34.64461],[133.62465,34.64459],[133.62482,34.64474],[133.62499,34.64485],[133.62522,34.64483],[133.62576,34.64481],[133.6261,34.64489],[133.62637,34.645],[133.62687,34.64507],[133.62709,34.64521],[133.62745,34.64546],[133.62751,34.64553],[133.62779,34.64573],[133.62921,34.64565],[133.62922,34.64558],[133.62917,34.64543],[133.62895,34.64491],[133.62927,34.64435],[133.62973,34.64411],[133.62991,34.64364],[133.62997,34.64323],[133.63077,34.64209],[133.63211,34.642],[133.63268,34.64269],[133.6336,34.64293],[133.63512,34.64386],[133.63766,34.64469],[133.63907,34.6445],[133.63956,34.64507],[133.64001,34.64532],[133.64127,34.64544],[133.64264,34.64582],[133.64383,34.64543],[133.64444,34.64544],[133.64468,34.64633],[133.64582,34.6465],[133.647,34.64582],[133.64812,34.64581],[133.64905,34.64519],[133.65136,34.64586],[133.65352,34.64747],[133.6553,34.64785],[133.65659,34.6476],[133.65736,34.6483],[133.65774,34.64935],[133.6578,34.64966],[133.65887,34.6498],[133.65924,34.65011],[133.66066,34.65001],[133.6618,34.65087],[133.66242,34.65076],[133.66285,34.65022],[133.66322,34.6491],[133.66373,34.64845],[133.66439,34.64844],[133.66544,34.64946],[133.6666,34.64937],[133.66722,34.65035],[133.66696,34.65146],[133.66745,34.65228],[133.66855,34.65283],[133.66848,34.6542],[133.66877,34.65486],[133.66929,34.65517],[133.67054,34.65509],[133.67083,34.65643],[133.67363,34.65767],[133.67364,34.65841],[133.67474,34.65889],[133.6747,34.65981],[133.67566,34.6604],[133.67667,34.66056],[133.67719,34.66039],[133.67857,34.66069],[133.67908,34.66002],[133.67906,34.65924],[133.67964,34.65865],[133.68056,34.65851],[133.68188,34.65771],[133.68219,34.65766],[133.68235,34.65765],[133.68233,34.65815],[133.68248,34.65865],[133.68368,34.65869],[133.6843,34.65944],[133.68436,34.65947],[133.68466,34.65957],[133.68496,34.65969],[133.68535,34.66007],[133.68593,34.66055],[133.68636,34.66079],[133.68658,34.66127],[133.68734,34.66143],[133.688,34.6614],[133.68841,34.66146],[133.68855,34.66208],[133.68835,34.66248],[133.68808,34.66321],[133.6896,34.66345],[133.68981,34.66364],[133.69065,34.66367],[133.69119,34.66388],[133.69138,34.66402],[133.69156,34.66409],[133.69183,34.66414],[133.69279,34.66435],[133.69294,34.66438],[133.69326,34.66446],[133.69339,34.66451],[133.69386,34.66471],[133.69414,34.66422],[133.69514,34.66172],[133.69585,34.66064],[133.69612,34.65961],[133.6964,34.65953],[133.69792,34.65933],[133.69822,34.65931],[133.6992,34.65925],[133.70067,34.65903],[133.70139,34.65792],[133.70162,34.65737],[133.70192,34.65685],[133.70203,34.6569],[133.70215,34.65695],[133.70339,34.65773],[133.70517,34.65832],[133.70551,34.65806],[133.70576,34.65697],[133.70667,34.65727],[133.70754,34.6569],[133.70815,34.65696],[133.70865,34.65637],[133.7099,34.65596],[133.71143,34.65553],[133.71193,34.65602],[133.71301,34.65615],[133.71502,34.65735],[133.71596,34.6582],[133.71589,34.65838],[133.71602,34.65823],[133.7162,34.65838],[133.71638,34.65851],[133.71645,34.65857],[133.71681,34.65881],[133.71685,34.65879],[133.71692,34.65872],[133.71707,34.65798],[133.71724,34.657],[133.71699,34.65628],[133.71779,34.65517],[133.71821,34.6546],[133.71901,34.65346],[133.71909,34.65333],[133.72002,34.65216],[133.72036,34.65136],[133.72047,34.65128],[133.72064,34.65102],[133.72149,34.64992],[133.7219,34.64924],[133.7222,34.64903],[133.72236,34.64875],[133.72262,34.64818],[133.72275,34.64802],[133.72287,34.64774],[133.7229,34.64748],[133.72299,34.64723],[133.72316,34.64703],[133.72326,34.64689],[133.72333,34.64667],[133.72337,34.64629],[133.72482,34.6464],[133.72748,34.6465],[133.72746,34.64601],[133.72741,34.64489],[133.7274,34.64443],[133.72736,34.6436],[133.72742,34.64245],[133.72773,34.64045],[133.72778,34.63852],[133.72748,34.63522],[133.72704,34.63322],[133.72692,34.63293],[133.72624,34.631],[133.72696,34.62907],[133.7278,34.62763],[133.73062,34.62465],[133.73003,34.62415],[133.73157,34.62222],[133.73218,34.62232],[133.7359,34.62358],[133.73689,34.62327],[133.74106,34.62248],[133.74251,34.62211],[133.74417,34.62219],[133.7463,34.62229],[133.74702,34.62283],[133.74706,34.62322],[133.74735,34.62324],[133.74737,34.62354],[133.74796,34.62472],[133.74841,34.62561],[133.74903,34.62611],[133.74922,34.62617],[133.75048,34.62636],[133.75123,34.62648],[133.75159,34.62659],[133.75235,34.62733],[133.75307,34.62808],[133.75364,34.62898],[133.75474,34.62936],[133.7562,34.63019],[133.75649,34.63082],[133.75702,34.63127],[133.75726,34.63136],[133.75717,34.6315],[133.75486,34.63386],[133.75437,34.63403],[133.75359,34.63407],[133.75263,34.63357],[133.752,34.63295],[133.75085,34.63358],[133.75112,34.63417],[133.75281,34.63509],[133.75288,34.63565],[133.75285,34.63634],[133.75235,34.63686],[133.75308,34.63732],[133.75337,34.63726],[133.75404,34.63706],[133.75416,34.63704],[133.75453,34.63718],[133.75458,34.63736],[133.75478,34.63788],[133.75485,34.63799],[133.75573,34.63863],[133.75609,34.63907],[133.75634,34.6395],[133.75682,34.63987],[133.75715,34.64104],[133.75732,34.6413],[133.75787,34.64174],[133.75796,34.64175],[133.75963,34.64192],[133.76017,34.64251],[133.7626,34.64317],[133.76266,34.6436],[133.76257,34.64433],[133.76391,34.64475],[133.76406,34.64415],[133.76395,34.6439],[133.76413,34.64309],[133.76489,34.64281],[133.76549,34.64283],[133.7663,34.64263],[133.7668,34.64163],[133.76822,34.6407],[133.76859,34.64032],[133.77007,34.64026],[133.77069,34.64041],[133.77162,34.64179],[133.77303,34.64263],[133.77309,34.6432],[133.7759,34.6445],[133.77621,34.64431],[133.7768,34.64405],[133.77696,34.64409],[133.77897,34.64427],[133.77981,34.6442],[133.78018,34.64454],[133.78029,34.64474],[133.78049,34.64484],[133.78093,34.64408],[133.78147,34.64279],[133.78167,34.64267],[133.78207,34.64238],[133.78297,34.64309],[133.78411,34.64366],[133.78485,34.64366],[133.78534,34.64345],[133.78607,34.64291],[133.78735,34.64283],[133.78814,34.64287],[133.78819,34.64267],[133.78845,34.64226],[133.78955,34.64249],[133.78991,34.64277],[133.79018,34.64279],[133.79042,34.64273],[133.79097,34.64225],[133.7922,34.64113],[133.79315,34.64064],[133.79345,34.63982],[133.79329,34.63816],[133.79357,34.63843],[133.79432,34.63938],[133.79493,34.63945],[133.79604,34.63962],[133.79721,34.64032],[133.7976,34.64029],[133.79786,34.64027],[133.79931,34.64092],[133.79958,34.6421],[133.80061,34.64302],[133.79957,34.64395],[133.79931,34.64409],[133.79884,34.64437],[133.7989,34.6451],[133.79883,34.64518],[133.79851,34.6454],[133.79828,34.64574],[133.79825,34.64598],[133.79856,34.64639],[133.79816,34.64778],[133.7988,34.64857],[133.79984,34.64849],[133.80032,34.64875],[133.80011,34.6501],[133.80001,34.65054],[133.79971,34.65109],[133.79954,34.65154],[133.7993,34.65218],[133.7991,34.65251],[133.79888,34.653],[133.79882,34.65376],[133.799,34.65433],[133.79933,34.65543],[133.79957,34.65533],[133.80003,34.65545],[133.80067,34.65569],[133.80062,34.65637],[133.80093,34.65698],[133.801,34.65728],[133.80077,34.65804],[133.80081,34.65832],[133.80078,34.65866],[133.80069,34.65937],[133.80151,34.65987],[133.80163,34.66006],[133.80149,34.66066],[133.80149,34.66148],[133.80156,34.66202],[133.80153,34.66254],[133.80109,34.66268],[133.80018,34.66344],[133.79995,34.66374],[133.79909,34.66489],[133.79828,34.66569],[133.79771,34.66618],[133.797,34.66697],[133.79664,34.66813],[133.79651,34.66841],[133.79609,34.6692],[133.79595,34.66979]],[[133.73799,34.67398],[133.73739,34.67404],[133.738,34.67403],[133.73799,34.67398]],[[133.76425,34.69394],[133.76382,34.69476],[133.76439,34.6939],[133.76425,34.69394]],[[133.76179,34.6764],[133.76259,34.67651],[133.76183,34.67627],[133.76179,34.6764]],[[133.73611,34.67604],[133.73591,34.67618],[133.736,34.67613],[133.73611,34.67604]],[[133.77548,34.67532],[133.77562,34.67504],[133.77498,34.67518],[133.77548,34.67532]],[[133.76212,34.66929],[133.762,34.66889],[133.76189,34.66932],[133.76212,34.66929]],[[133.75815,34.69085],[133.75815,34.69135],[133.75817,34.69121],[133.75815,34.69085]],[[133.74657,34.70589],[133.74585,34.7066],[133.74675,34.70599],[133.74657,34.70589]],[[133.73386,34.70329],[133.73369,34.70341],[133.73328,34.70382],[133.73386,34.70329]],[[133.73344,34.70427],[133.73398,34.70468],[133.73487,34.70535],[133.73344,34.70427]],[[133.72995,34.67107],[133.72972,34.67152],[133.72982,34.67154],[133.72995,34.67107]],[[133.75385,34.65887],[133.75381,34.65877],[133.75377,34.65871],[133.75385,34.65887]],[[133.74358,34.65285],[133.74339,34.6528],[133.74325,34.65324],[133.74358,34.65285]],[[133.77501,34.66357],[133.77513,34.6636],[133.77484,34.66352],[133.77501,34.66357]],[[133.76982,34.66222],[133.76938,34.66214],[133.76815,34.66195],[133.76982,34.66222]],[[133.77675,34.68131],[133.77675,34.68136],[133.77712,34.68104],[133.77675,34.68131]],[[133.77275,34.68648],[133.77402,34.68732],[133.7733,34.68674],[133.77275,34.68648]],[[133.77759,34.69463],[133.77864,34.69304],[133.7792,34.69223],[133.77845,34.69331],[133.77759,34.69463]],[[133.76973,34.69837],[133.76977,34.69844],[133.77188,34.69841],[133.76973,34.69837]],[[133.71473,34.7005],[133.7147,34.70062],[133.71642,34.70141],[133.71473,34.7005]],[[133.6853,34.70724],[133.68459,34.70785],[133.68477,34.70773],[133.6853,34.70724]],[[133.7107,34.66604],[133.7103,34.66646],[133.70995,34.66685],[133.7107,34.66604]],[[133.72751,34.65147],[133.72752,34.6509],[133.72753,34.64957],[133.72751,34.65147]],[[133.64499,34.7317],[133.64507,34.73189],[133.64602,34.73144],[133.64499,34.7317]],[[133.67758,34.72795],[133.67886,34.72763],[133.67906,34.72757],[133.67758,34.72795]],[[133.63087,34.72876],[133.63065,34.72867],[133.6308,34.72913],[133.63087,34.72876]],[[133.61946,34.73393],[133.61937,34.73404],[133.6196,34.73438],[133.61946,34.73393]],[[133.77038,34.65924],[133.77054,34.65876],[133.77013,34.65915],[133.77038,34.65924]],[[133.7705,34.65796],[133.77056,34.65751],[133.7703,34.65755],[133.7705,34.65796]],[[133.77394,34.64496],[133.7737,34.64499],[133.77382,34.64501],[133.77394,34.64496]],[[133.77691,34.65872],[133.7744,34.65827],[133.77483,34.65836],[133.77691,34.65872]],[[133.73446,34.65023],[133.73413,34.64788],[133.7341,34.64771],[133.73446,34.65023]],[[133.7341,34.64771],[133.73371,34.64541],[133.73384,34.64619],[133.7341,34.64771]],[[133.7354,34.65634],[133.73573,34.65864],[133.73551,34.65707],[133.7354,34.65634]],[[133.75766,34.68044],[133.75768,34.68045],[133.75773,34.68022],[133.75766,34.68044]],[[133.73085,34.67113],[133.73083,34.67108],[133.73088,34.67142],[133.73085,34.67113]],[[133.76393,34.6711],[133.76395,34.67084],[133.76395,34.67055],[133.76393,34.6711]],[[133.79625,34.7119],[133.79724,34.71234],[133.7953,34.71145],[133.79625,34.7119]],[[133.76058,34.65894],[133.76045,34.65865],[133.76044,34.65889],[133.76058,34.65894]],[[133.78002,34.66171],[133.78016,34.66155],[133.77942,34.66148],[133.78002,34.66171]]],[[[133.64806,34.71751],[133.64681,34.71801],[133.64773,34.71764],[133.64806,34.71751]]]]}},{"type":"Feature","properties":{"nm":"高梁市","b":[133.329,34.684,133.7202,34.9602],"c":[133.52239,34.81717]},"geometry":{"type":"MultiPolygon","coordinates":[[[[133.6597,34.79941],[133.65886,34.79982],[133.6592,34.80024],[133.65843,34.80155],[133.65811,34.80206],[133.65806,34.80222],[133.65786,34.80264],[133.65824,34.80271],[133.65836,34.80291],[133.65824,34.80295],[133.65737,34.80305],[133.65723,34.80331],[133.65714,34.80354],[133.65725,34.8037],[133.6565,34.8046],[133.65631,34.80476],[133.65474,34.80654],[133.65472,34.8069],[133.65459,34.80692],[133.6541,34.80751],[133.65382,34.80789],[133.65361,34.80808],[133.65339,34.80816],[133.65212,34.80944],[133.6505,34.81024],[133.65038,34.81045],[133.6506,34.81143],[133.65104,34.81187],[133.65026,34.81328],[133.64857,34.8129],[133.6476,34.8141],[133.64756,34.81537],[133.64805,34.81644],[133.64791,34.81821],[133.64827,34.81887],[133.65025,34.81871],[133.65124,34.81827],[133.65129,34.81858],[133.65012,34.81898],[133.64912,34.81913],[133.648,34.81924],[133.64773,34.81924],[133.6477,34.82023],[133.64787,34.82069],[133.64777,34.82112],[133.64796,34.82176],[133.64804,34.82232],[133.6483,34.82329],[133.64773,34.82392],[133.64746,34.82524],[133.64834,34.82633],[133.64831,34.8266],[133.64789,34.82698],[133.64738,34.82718],[133.64653,34.8278],[133.6458,34.82802],[133.64512,34.82804],[133.64444,34.82843],[133.64246,34.82916],[133.64134,34.82936],[133.6403,34.83067],[133.64026,34.83093],[133.64023,34.8311],[133.63993,34.83244],[133.64085,34.8335],[133.64057,34.83576],[133.64069,34.83614],[133.6417,34.83728],[133.64214,34.83809],[133.64333,34.83869],[133.64434,34.83942],[133.64468,34.83998],[133.64506,34.84155],[133.64547,34.84229],[133.6457,34.84276],[133.64575,34.84511],[133.64622,34.84635],[133.647,34.84739],[133.64795,34.84814],[133.6504,34.84881],[133.65131,34.84926],[133.65087,34.8504],[133.65107,34.85063],[133.65228,34.85067],[133.65304,34.85036],[133.65484,34.85107],[133.65634,34.85263],[133.65725,34.85446],[133.65862,34.85648],[133.66073,34.85947],[133.66389,34.86388],[133.66469,34.865],[133.6646,34.86579],[133.66392,34.86665],[133.66345,34.86846],[133.66351,34.86905],[133.66421,34.87148],[133.66426,34.87209],[133.6635,34.87319],[133.66336,34.87381],[133.66393,34.87437],[133.66894,34.87576],[133.66951,34.87623],[133.67023,34.87744],[133.67094,34.87782],[133.67168,34.8779],[133.6728,34.87818],[133.67324,34.87865],[133.6738,34.87871],[133.67512,34.87811],[133.67609,34.87806],[133.67734,34.8784],[133.67797,34.87833],[133.67828,34.87829],[133.67901,34.87848],[133.67974,34.87937],[133.68079,34.87901],[133.68122,34.87897],[133.68216,34.87834],[133.68226,34.87833],[133.68271,34.87859],[133.68308,34.87946],[133.68271,34.88056],[133.68136,34.88146],[133.68117,34.882],[133.68147,34.88221],[133.68172,34.88225],[133.68248,34.88221],[133.68278,34.88226],[133.68274,34.88279],[133.68181,34.88358],[133.68179,34.88423],[133.68254,34.8841],[133.6837,34.88339],[133.6842,34.88337],[133.68469,34.88352],[133.68532,34.88392],[133.68617,34.88565],[133.68638,34.88627],[133.68669,34.88697],[133.6868,34.88716],[133.68748,34.88751],[133.68784,34.88769],[133.68805,34.88784],[133.68818,34.88794],[133.68846,34.88797],[133.68896,34.88807],[133.68915,34.88811],[133.68942,34.88815],[133.68962,34.88813],[133.69022,34.888],[133.69033,34.88801],[133.69076,34.8882],[133.69108,34.8887],[133.69119,34.88913],[133.69186,34.88987],[133.69224,34.89011],[133.69247,34.89039],[133.69277,34.89097],[133.69294,34.89133],[133.69386,34.89178],[133.69445,34.89162],[133.6949,34.89141],[133.69693,34.8916],[133.69721,34.8917],[133.69748,34.89193],[133.6978,34.89263],[133.69847,34.89324],[133.69894,34.89322],[133.69916,34.89324],[133.69953,34.89339],[133.6997,34.89343],[133.70061,34.89319],[133.70123,34.89327],[133.70152,34.89348],[133.70205,34.89362],[133.70264,34.89307],[133.7027,34.89304],[133.70281,34.89303],[133.70419,34.8928],[133.70436,34.89278],[133.70482,34.8929],[133.70543,34.89293],[133.70551,34.89297],[133.70558,34.89337],[133.70551,34.89376],[133.70512,34.89454],[133.70513,34.89482],[133.70518,34.8949],[133.70575,34.89568],[133.70591,34.89611],[133.706,34.89645],[133.70629,34.89713],[133.70648,34.89738],[133.70668,34.89826],[133.70692,34.89908],[133.70699,34.89918],[133.70734,34.89947],[133.7077,34.89977],[133.70817,34.90018],[133.70861,34.90047],[133.7087,34.90081],[133.70888,34.90109],[133.70913,34.90136],[133.70988,34.90178],[133.7103,34.90283],[133.71058,34.90288],[133.71095,34.90299],[133.71083,34.90314],[133.71076,34.90338],[133.71081,34.90368],[133.71126,34.90418],[133.71142,34.90427],[133.71152,34.90458],[133.71168,34.905],[133.71192,34.90537],[133.71294,34.90604],[133.71307,34.90608],[133.7136,34.90632],[133.71419,34.90651],[133.7143,34.90664],[133.71447,34.90695],[133.715,34.90736],[133.71523,34.90744],[133.71673,34.90827],[133.71746,34.90862],[133.71768,34.90887],[133.71788,34.90924],[133.718,34.90982],[133.71789,34.91075],[133.71791,34.91109],[133.71772,34.91133],[133.7177,34.91166],[133.71762,34.91186],[133.71745,34.91195],[133.71708,34.91207],[133.71682,34.91215],[133.71667,34.91225],[133.71643,34.91258],[133.71572,34.91294],[133.71541,34.91309],[133.71525,34.91328],[133.71502,34.91421],[133.7149,34.9146],[133.71373,34.91607],[133.71334,34.91709],[133.71202,34.91941],[133.71203,34.92069],[133.71391,34.92273],[133.71389,34.92389],[133.71432,34.92485],[133.7154,34.92574],[133.71558,34.92642],[133.71722,34.92599],[133.71783,34.92666],[133.71802,34.9276],[133.71709,34.92819],[133.71718,34.92915],[133.71786,34.92999],[133.7178,34.93039],[133.71879,34.93108],[133.71918,34.93204],[133.72003,34.93254],[133.71981,34.93309],[133.72019,34.93347],[133.71936,34.93521],[133.71991,34.93632],[133.71929,34.93779],[133.71908,34.9387],[133.71849,34.93944],[133.71923,34.94036],[133.71968,34.94135],[133.71904,34.94236],[133.71792,34.94349],[133.71876,34.94417],[133.71899,34.9448],[133.71852,34.94568],[133.71818,34.94704],[133.71679,34.94764],[133.71674,34.94851],[133.71754,34.94899],[133.71731,34.94968],[133.71658,34.94996],[133.71605,34.9505],[133.71517,34.95061],[133.71419,34.95272],[133.71502,34.9531],[133.71581,34.95384],[133.71591,34.9547],[133.71692,34.95545],[133.71723,34.9558],[133.71717,34.95587],[133.71651,34.95604],[133.71558,34.95667],[133.71449,34.95693],[133.71346,34.95776],[133.71265,34.95764],[133.711,34.9578],[133.71028,34.95941],[133.70926,34.96007],[133.7085,34.96023],[133.70591,34.95986],[133.70546,34.95986],[133.70436,34.95847],[133.70419,34.95706],[133.70372,34.9566],[133.70333,34.95422],[133.70093,34.95325],[133.69771,34.95041],[133.69595,34.94924],[133.69468,34.94859],[133.69248,34.94782],[133.6913,34.94753],[133.69004,34.94745],[133.68903,34.94734],[133.68633,34.94803],[133.68534,34.94914],[133.68383,34.94981],[133.6813,34.95189],[133.68005,34.95183],[133.67941,34.95159],[133.67829,34.95169],[133.67696,34.95119],[133.67643,34.95064],[133.67571,34.95071],[133.67522,34.95139],[133.67375,34.95099],[133.67358,34.95041],[133.67444,34.94987],[133.67487,34.94872],[133.67559,34.94835],[133.67565,34.94656],[133.67499,34.94581],[133.67431,34.94552],[133.67347,34.94578],[133.67281,34.94487],[133.67162,34.94492],[133.6712,34.94561],[133.67095,34.94418],[133.67163,34.94367],[133.67194,34.94279],[133.67173,34.94236],[133.66973,34.94238],[133.66885,34.942],[133.66649,34.94142],[133.66613,34.94119],[133.66233,34.93969],[133.66016,34.9391],[133.65825,34.93825],[133.65695,34.93843],[133.65595,34.93836],[133.6554,34.93948],[133.65467,34.94002],[133.65345,34.93982],[133.65297,34.9401],[133.65297,34.94097],[133.65139,34.94229],[133.65065,34.94239],[133.65022,34.94258],[133.64953,34.94226],[133.64926,34.94091],[133.64841,34.94085],[133.64787,34.94051],[133.64782,34.93993],[133.64663,34.93908],[133.64592,34.93823],[133.64429,34.9375],[133.64485,34.93597],[133.64441,34.93518],[133.6455,34.93359],[133.64659,34.93309],[133.64652,34.93206],[133.64684,34.93166],[133.64802,34.93156],[133.64835,34.93011],[133.64827,34.92958],[133.64743,34.92873],[133.64858,34.92789],[133.64869,34.92728],[133.64822,34.92671],[133.64887,34.92591],[133.64929,34.92486],[133.65001,34.92367],[133.65003,34.92295],[133.64946,34.9219],[133.65033,34.92104],[133.64932,34.92016],[133.64926,34.91982],[133.64958,34.91894],[133.65059,34.91768],[133.64992,34.91707],[133.65051,34.91584],[133.64992,34.91476],[133.64949,34.91449],[133.64627,34.9146],[133.64545,34.91415],[133.64456,34.91305],[133.64273,34.91294],[133.64137,34.91178],[133.64031,34.91146],[133.6385,34.91093],[133.63783,34.91121],[133.63699,34.91109],[133.63585,34.9095],[133.63533,34.90943],[133.63422,34.90938],[133.63335,34.90987],[133.63345,34.90766],[133.63312,34.90648],[133.63316,34.90582],[133.63221,34.90508],[133.63218,34.90407],[133.6305,34.90242],[133.62831,34.90259],[133.62704,34.90188],[133.62409,34.90087],[133.62285,34.90064],[133.6216,34.90079],[133.62031,34.90044],[133.6192,34.90021],[133.6177,34.90084],[133.61733,34.90145],[133.61805,34.90204],[133.61839,34.90304],[133.61834,34.90378],[133.61911,34.90498],[133.61977,34.90528],[133.61986,34.90605],[133.62123,34.90693],[133.62147,34.90807],[133.62125,34.90863],[133.62115,34.91018],[133.62069,34.91166],[133.62066,34.91307],[133.61985,34.91418],[133.62088,34.91551],[133.62028,34.91691],[133.61948,34.91824],[133.61943,34.91898],[133.62031,34.92083],[133.61985,34.92136],[133.61883,34.92191],[133.61847,34.92259],[133.61833,34.92362],[133.61776,34.925],[133.6178,34.92537],[133.61809,34.92814],[133.61791,34.92968],[133.61737,34.93106],[133.61714,34.93224],[133.61603,34.9319],[133.61487,34.93187],[133.61348,34.9326],[133.61279,34.93346],[133.61307,34.93473],[133.61264,34.93607],[133.61094,34.93618],[133.61064,34.93764],[133.60968,34.93815],[133.60862,34.93932],[133.60745,34.93904],[133.60704,34.93933],[133.60726,34.94091],[133.60763,34.9413],[133.60559,34.94168],[133.60421,34.94475],[133.60385,34.94509],[133.6031,34.94762],[133.60308,34.94942],[133.60363,34.95086],[133.60429,34.95182],[133.60369,34.95246],[133.60253,34.95224],[133.60154,34.95273],[133.60077,34.95284],[133.60048,34.95218],[133.59953,34.95172],[133.59838,34.95166],[133.59757,34.95175],[133.59687,34.95133],[133.59615,34.95116],[133.59418,34.95082],[133.59305,34.95107],[133.59288,34.95101],[133.5927,34.9507],[133.59162,34.95025],[133.59103,34.95017],[133.59064,34.9502],[133.5903,34.95009],[133.58999,34.94908],[133.59,34.94868],[133.59009,34.94852],[133.58997,34.94808],[133.58896,34.94767],[133.5885,34.94756],[133.58601,34.94768],[133.58533,34.94784],[133.58511,34.94778],[133.58486,34.94762],[133.58417,34.94724],[133.58409,34.94716],[133.58409,34.94684],[133.58435,34.94595],[133.5844,34.94552],[133.58462,34.9447],[133.58471,34.9442],[133.58465,34.94399],[133.58442,34.94356],[133.58435,34.94309],[133.58439,34.94281],[133.5845,34.94246],[133.58492,34.94216],[133.58507,34.94211],[133.58538,34.9417],[133.58554,34.94137],[133.58553,34.94079],[133.58609,34.93988],[133.58644,34.93954],[133.58682,34.9392],[133.58702,34.93911],[133.58742,34.93897],[133.5875,34.93899],[133.58786,34.93886],[133.58822,34.93874],[133.58836,34.93858],[133.5884,34.93855],[133.58878,34.93842],[133.58901,34.93818],[133.58921,34.93799],[133.58931,34.93732],[133.5892,34.93714],[133.5892,34.93706],[133.58939,34.9369],[133.58984,34.93665],[133.59001,34.93656],[133.59011,34.93638],[133.58975,34.93599],[133.58946,34.93541],[133.58931,34.93509],[133.58927,34.93475],[133.58936,34.93448],[133.58973,34.93431],[133.58977,34.93409],[133.58923,34.93347],[133.58851,34.9332],[133.58802,34.93287],[133.58771,34.93246],[133.58738,34.93198],[133.58682,34.93175],[133.58665,34.93156],[133.58679,34.93103],[133.58653,34.9305],[133.58616,34.92999],[133.58611,34.92949],[133.58535,34.92897],[133.58515,34.92891],[133.5843,34.92922],[133.58412,34.92937],[133.58395,34.93014],[133.58387,34.93025],[133.58344,34.9303],[133.58257,34.93101],[133.58237,34.93102],[133.58144,34.93125],[133.58129,34.93127],[133.58122,34.93121],[133.58129,34.93053],[133.58112,34.93033],[133.58105,34.93028],[133.58085,34.93026],[133.58018,34.93067],[133.57987,34.93055],[133.57955,34.92998],[133.57963,34.92954],[133.57938,34.9293],[133.57904,34.92941],[133.57861,34.92965],[133.57829,34.92963],[133.57796,34.92935],[133.57732,34.92955],[133.57712,34.93005],[133.57702,34.93018],[133.57686,34.93015],[133.57675,34.92996],[133.57638,34.92945],[133.57592,34.92962],[133.57583,34.9296],[133.57564,34.92942],[133.57546,34.92912],[133.57534,34.92913],[133.57528,34.92919],[133.57435,34.92959],[133.57422,34.92974],[133.57421,34.93007],[133.57395,34.93045],[133.57339,34.93074],[133.57307,34.93076],[133.57278,34.93065],[133.57225,34.93028],[133.5722,34.93022],[133.57222,34.92988],[133.57199,34.92979],[133.57192,34.92963],[133.57225,34.92944],[133.57251,34.92881],[133.57224,34.92866],[133.57112,34.9287],[133.57044,34.9288],[133.57024,34.92882],[133.56989,34.92901],[133.5697,34.92904],[133.56913,34.92891],[133.56897,34.92892],[133.56874,34.92895],[133.56852,34.92811],[133.56918,34.92687],[133.56924,34.92669],[133.56959,34.92514],[133.56933,34.9241],[133.56904,34.92373],[133.56889,34.92374],[133.56781,34.9241],[133.5676,34.92425],[133.56659,34.92454],[133.56655,34.92445],[133.56667,34.92428],[133.567,34.92344],[133.56752,34.92282],[133.56759,34.92277],[133.56785,34.92246],[133.56835,34.9218],[133.56798,34.92071],[133.56759,34.92035],[133.56745,34.92024],[133.56699,34.91986],[133.56696,34.91966],[133.56695,34.91956],[133.56704,34.91917],[133.56701,34.91909],[133.56685,34.91906],[133.56673,34.91909],[133.56618,34.91944],[133.56565,34.91951],[133.56535,34.91942],[133.5653,34.9191],[133.56535,34.9189],[133.56549,34.91878],[133.56602,34.91866],[133.56613,34.91829],[133.5661,34.91808],[133.56541,34.91697],[133.56508,34.91681],[133.56478,34.91651],[133.56455,34.91656],[133.56419,34.91653],[133.56403,34.91631],[133.56385,34.9162],[133.56334,34.91602],[133.56346,34.91548],[133.56337,34.91534],[133.56319,34.91533],[133.56269,34.9155],[133.56263,34.91549],[133.56255,34.91534],[133.56254,34.91501],[133.56168,34.91447],[133.5615,34.91422],[133.56183,34.9135],[133.56321,34.91161],[133.56371,34.90999],[133.56386,34.9099],[133.56436,34.90963],[133.56457,34.90942],[133.56469,34.90922],[133.56459,34.90879],[133.56475,34.90818],[133.565,34.90793],[133.56594,34.90788],[133.56689,34.90778],[133.56738,34.90711],[133.56764,34.90661],[133.56762,34.90636],[133.56713,34.90624],[133.56693,34.9064],[133.56666,34.90645],[133.56626,34.90641],[133.56606,34.90619],[133.56604,34.90584],[133.56627,34.90545],[133.56647,34.90533],[133.56661,34.9052],[133.56688,34.90456],[133.56694,34.90299],[133.56731,34.90181],[133.56805,34.90072],[133.56851,34.90001],[133.56867,34.89969],[133.56923,34.89907],[133.5701,34.89826],[133.57014,34.8981],[133.57003,34.89758],[133.56978,34.89724],[133.56957,34.8972],[133.56911,34.89727],[133.56877,34.89736],[133.56745,34.89781],[133.56637,34.89797],[133.56549,34.89771],[133.56452,34.89707],[133.564,34.89644],[133.56401,34.89637],[133.56408,34.89609],[133.56429,34.89573],[133.56447,34.89468],[133.5648,34.89435],[133.56569,34.89365],[133.56589,34.89326],[133.56609,34.89254],[133.56605,34.89206],[133.56583,34.89115],[133.5651,34.88868],[133.56489,34.88755],[133.56483,34.88682],[133.56478,34.88658],[133.56451,34.88605],[133.5641,34.886],[133.56329,34.88626],[133.56232,34.88676],[133.56192,34.88694],[133.56174,34.88694],[133.56151,34.88682],[133.56125,34.88654],[133.55912,34.88592],[133.5588,34.88566],[133.55748,34.88504],[133.55656,34.88498],[133.55599,34.88473],[133.55503,34.88469],[133.55416,34.88435],[133.55393,34.88407],[133.5539,34.88384],[133.55401,34.88333],[133.5535,34.88227],[133.55236,34.88202],[133.55178,34.88245],[133.5511,34.88253],[133.55108,34.88252],[133.55097,34.88249],[133.5508,34.88224],[133.55061,34.88093],[133.54905,34.88125],[133.5489,34.88157],[133.5488,34.88184],[133.54796,34.88195],[133.54742,34.88204],[133.54709,34.88224],[133.54686,34.88274],[133.54604,34.88281],[133.54621,34.88217],[133.54608,34.88203],[133.54505,34.88207],[133.54438,34.88185],[133.54394,34.88181],[133.54262,34.8818],[133.54249,34.88083],[133.54239,34.88067],[133.54229,34.88063],[133.5414,34.88066],[133.53992,34.88026],[133.53958,34.87974],[133.53932,34.87893],[133.53867,34.87847],[133.5373,34.87836],[133.53654,34.87801],[133.53616,34.87728],[133.53587,34.87704],[133.53545,34.87691],[133.53518,34.87692],[133.53464,34.877],[133.5344,34.87697],[133.53315,34.87634],[133.53256,34.87643],[133.5314,34.87659],[133.53065,34.87646],[133.53024,34.87628],[133.52949,34.8765],[133.52912,34.87704],[133.52848,34.87704],[133.52781,34.8765],[133.52581,34.8769],[133.52558,34.87694],[133.52496,34.877],[133.52461,34.87695],[133.52433,34.87689],[133.52405,34.87686],[133.52394,34.87683],[133.52397,34.87652],[133.52447,34.8757],[133.5247,34.87535],[133.52447,34.87479],[133.52371,34.8741],[133.52327,34.8721],[133.52213,34.8703],[133.5205,34.86913],[133.51901,34.86772],[133.51865,34.86757],[133.51803,34.86775],[133.51756,34.8677],[133.51444,34.86596],[133.51429,34.86588],[133.51399,34.86584],[133.51391,34.8661],[133.51381,34.86821],[133.5129,34.86891],[133.51172,34.86952],[133.5098,34.86932],[133.50916,34.86941],[133.50892,34.86954],[133.50809,34.87042],[133.50705,34.87044],[133.50616,34.87062],[133.50464,34.87135],[133.50332,34.87154],[133.50275,34.87141],[133.50215,34.87136],[133.50169,34.87145],[133.50137,34.87164],[133.50025,34.87252],[133.50002,34.87294],[133.49994,34.87328],[133.50021,34.87388],[133.50029,34.8744],[133.49995,34.87488],[133.49985,34.87539],[133.50016,34.87597],[133.50014,34.87641],[133.49995,34.8765],[133.49956,34.87647],[133.4992,34.87655],[133.49803,34.87643],[133.49734,34.87619],[133.49556,34.87424],[133.49517,34.87456],[133.49408,34.87637],[133.49356,34.87653],[133.49351,34.87656],[133.4924,34.87842],[133.49204,34.87868],[133.4917,34.87841],[133.4912,34.8777],[133.4911,34.87745],[133.49095,34.87725],[133.49057,34.87707],[133.49038,34.87684],[133.49002,34.8758],[133.48975,34.87535],[133.4892,34.87504],[133.48804,34.87505],[133.48778,34.87496],[133.48709,34.87449],[133.4864,34.8741],[133.48521,34.87318],[133.48486,34.87279],[133.48485,34.87278],[133.48463,34.87264],[133.48382,34.87206],[133.48286,34.8718],[133.48261,34.87171],[133.48225,34.87185],[133.48204,34.87192],[133.48193,34.87199],[133.48151,34.87226],[133.4805,34.87322],[133.48029,34.87388],[133.48043,34.87501],[133.47983,34.87518],[133.47931,34.876],[133.47881,34.8762],[133.4786,34.87633],[133.47836,34.87649],[133.47802,34.87639],[133.47774,34.87648],[133.4774,34.87656],[133.47648,34.87771],[133.47603,34.87823],[133.47585,34.87845],[133.47629,34.87866],[133.47684,34.87906],[133.47721,34.87965],[133.47748,34.8803],[133.47682,34.88077],[133.47648,34.88089],[133.47646,34.88099],[133.47631,34.88128],[133.47603,34.88165],[133.47578,34.88258],[133.47563,34.88289],[133.47501,34.88295],[133.47452,34.88327],[133.474,34.88363],[133.47365,34.88454],[133.47286,34.88577],[133.47253,34.88585],[133.47158,34.8857],[133.47155,34.88538],[133.47142,34.88522],[133.47117,34.88512],[133.47104,34.88506],[133.47015,34.88465],[133.46976,34.88445],[133.46921,34.88428],[133.46903,34.8836],[133.46871,34.88305],[133.46872,34.88217],[133.46853,34.88169],[133.46868,34.88136],[133.46872,34.88122],[133.46871,34.88058],[133.46848,34.87939],[133.46791,34.87857],[133.46778,34.87843],[133.46733,34.87825],[133.46634,34.87797],[133.46537,34.87712],[133.46509,34.87668],[133.4646,34.87686],[133.4643,34.87679],[133.46424,34.87652],[133.4639,34.87631],[133.46279,34.87678],[133.46201,34.87659],[133.46011,34.87617],[133.45916,34.87608],[133.45794,34.87585],[133.45756,34.87581],[133.45712,34.87565],[133.45642,34.87552],[133.45595,34.87543],[133.45536,34.87543],[133.45296,34.8757],[133.45242,34.87559],[133.45201,34.87486],[133.45146,34.87431],[133.45122,34.87418],[133.45091,34.87408],[133.45027,34.87415],[133.45037,34.87479],[133.45027,34.87512],[133.45012,34.87557],[133.44987,34.87604],[133.44885,34.87675],[133.44853,34.8771],[133.44828,34.87756],[133.44809,34.87775],[133.44766,34.8777],[133.44711,34.87763],[133.44635,34.8784],[133.4459,34.87869],[133.44524,34.87901],[133.4448,34.87921],[133.44435,34.8795],[133.44379,34.8801],[133.44369,34.88054],[133.44377,34.8811],[133.44334,34.8816],[133.44326,34.88223],[133.44303,34.88282],[133.44201,34.88416],[133.44165,34.8842],[133.44155,34.88413],[133.44125,34.88385],[133.44047,34.88374],[133.43859,34.88333],[133.438,34.88282],[133.4377,34.88178],[133.43753,34.8816],[133.43685,34.88108],[133.43601,34.88048],[133.43511,34.88027],[133.43487,34.88098],[133.43467,34.88143],[133.43404,34.88143],[133.43352,34.88153],[133.43331,34.88161],[133.43241,34.8819],[133.43147,34.88203],[133.43103,34.88236],[133.43002,34.88315],[133.42928,34.88331],[133.4288,34.88316],[133.42762,34.88326],[133.42703,34.88376],[133.4261,34.88399],[133.42585,34.88431],[133.42618,34.88468],[133.4254,34.88601],[133.42549,34.88636],[133.42544,34.88641],[133.42517,34.88646],[133.42448,34.88646],[133.42424,34.88593],[133.42403,34.88572],[133.42346,34.88575],[133.42338,34.88571],[133.4231,34.8854],[133.4225,34.88437],[133.42181,34.88347],[133.4214,34.88335],[133.42124,34.88338],[133.42087,34.88336],[133.42048,34.88303],[133.42075,34.88178],[133.42074,34.88157],[133.42056,34.88145],[133.42036,34.88126],[133.42015,34.88107],[133.41974,34.88089],[133.41938,34.88066],[133.41898,34.88059],[133.41803,34.88019],[133.41786,34.88005],[133.41764,34.88007],[133.41758,34.88],[133.41752,34.87968],[133.41702,34.87862],[133.41713,34.87807],[133.41721,34.87776],[133.417,34.87753],[133.41678,34.8774],[133.41556,34.87686],[133.41508,34.87679],[133.41489,34.87675],[133.41476,34.87696],[133.41386,34.87804],[133.41372,34.87817],[133.41289,34.87856],[133.4124,34.87938],[133.41175,34.87999],[133.41059,34.8796],[133.40997,34.87848],[133.40885,34.8782],[133.40791,34.87766],[133.40729,34.87709],[133.40694,34.87626],[133.40477,34.87452],[133.40466,34.87379],[133.40283,34.87467],[133.40175,34.875],[133.40126,34.87486],[133.4008,34.87477],[133.40071,34.87472],[133.40034,34.87469],[133.39974,34.87479],[133.39961,34.875],[133.39918,34.87522],[133.39848,34.875],[133.39805,34.87425],[133.39649,34.87298],[133.39575,34.87216],[133.3955,34.87167],[133.39482,34.87131],[133.39446,34.87128],[133.39371,34.87089],[133.39357,34.8707],[133.39285,34.87008],[133.39175,34.86988],[133.39121,34.86985],[133.39055,34.86971],[133.38995,34.86921],[133.38943,34.86925],[133.38816,34.86998],[133.38728,34.87086],[133.38638,34.87114],[133.38471,34.8708],[133.38417,34.87106],[133.38393,34.87139],[133.38335,34.87206],[133.38242,34.87227],[133.38166,34.8721],[133.38018,34.87335],[133.37912,34.87353],[133.37844,34.87346],[133.37696,34.87337],[133.37526,34.87374],[133.37457,34.87411],[133.37325,34.87441],[133.37146,34.87443],[133.36914,34.87384],[133.36802,34.87375],[133.36689,34.87396],[133.36534,34.87494],[133.36448,34.87556],[133.36281,34.87528],[133.36212,34.87498],[133.36148,34.87488],[133.36098,34.87494],[133.35987,34.87501],[133.35795,34.87487],[133.35762,34.87495],[133.35551,34.87623],[133.35507,34.87649],[133.35314,34.87784],[133.35306,34.87784],[133.35207,34.87708],[133.35024,34.87607],[133.34809,34.87492],[133.34761,34.87454],[133.34692,34.87362],[133.347,34.87273],[133.34632,34.87222],[133.34569,34.87149],[133.34471,34.8708],[133.34418,34.86964],[133.34216,34.86896],[133.34175,34.86899],[133.34127,34.8694],[133.34043,34.8693],[133.33972,34.86941],[133.33757,34.87009],[133.33712,34.86997],[133.33672,34.86971],[133.33611,34.86819],[133.33622,34.8676],[133.33696,34.86713],[133.33776,34.86702],[133.33794,34.86653],[133.33879,34.86599],[133.33876,34.86484],[133.33814,34.86377],[133.33745,34.863],[133.33533,34.86182],[133.33512,34.86042],[133.3339,34.85895],[133.33255,34.85861],[133.33242,34.85752],[133.33096,34.85658],[133.33077,34.85622],[133.33136,34.85565],[133.33078,34.85478],[133.33062,34.85399],[133.32898,34.85323],[133.32902,34.85297],[133.33025,34.85257],[133.3311,34.85152],[133.33069,34.8497],[133.33281,34.84848],[133.3339,34.84826],[133.33436,34.84785],[133.33449,34.84625],[133.33557,34.84477],[133.33412,34.84358],[133.33377,34.84278],[133.33377,34.84194],[133.33266,34.84142],[133.33259,34.84049],[133.33343,34.83826],[133.33542,34.83688],[133.33569,34.83505],[133.3389,34.83414],[133.33937,34.83288],[133.33975,34.83237],[133.3408,34.83189],[133.34192,34.83042],[133.34495,34.82969],[133.34644,34.82949],[133.3477,34.82869],[133.3482,34.82915],[133.34809,34.82956],[133.34707,34.83084],[133.34682,34.83161],[133.34883,34.83168],[133.35054,34.8314],[133.35256,34.83086],[133.35315,34.83043],[133.35313,34.82979],[133.35356,34.82849],[133.35606,34.82696],[133.35646,34.82625],[133.35624,34.82469],[133.3566,34.8234],[133.35741,34.82304],[133.35732,34.82171],[133.35852,34.81986],[133.36108,34.81996],[133.3618,34.82019],[133.36232,34.81985],[133.36353,34.82007],[133.36414,34.81956],[133.36501,34.81969],[133.36612,34.81887],[133.36787,34.81897],[133.3675,34.81721],[133.36805,34.81551],[133.36935,34.81395],[133.37014,34.81358],[133.37102,34.81358],[133.37306,34.81424],[133.37412,34.81393],[133.37475,34.81337],[133.37571,34.81111],[133.37701,34.80956],[133.37817,34.80841],[133.37825,34.80791],[133.37829,34.80258],[133.37699,34.80118],[133.3766,34.8003],[133.37707,34.79922],[133.37749,34.79768],[133.37716,34.79714],[133.37609,34.79661],[133.37553,34.79624],[133.37573,34.7949],[133.37527,34.79354],[133.3737,34.79289],[133.37319,34.79229],[133.37215,34.79197],[133.37207,34.79114],[133.37118,34.79093],[133.36989,34.78987],[133.36956,34.78894],[133.37046,34.78839],[133.3706,34.78764],[133.37031,34.78657],[133.37051,34.78579],[133.37106,34.7854],[133.37297,34.78459],[133.37321,34.78381],[133.37371,34.78337],[133.3768,34.7818],[133.37441,34.78098],[133.37234,34.77996],[133.37154,34.77907],[133.37153,34.77731],[133.37074,34.77631],[133.37048,34.77562],[133.36898,34.77411],[133.36848,34.77433],[133.36728,34.77434],[133.36703,34.77311],[133.36653,34.77217],[133.36695,34.77066],[133.36677,34.76862],[133.36559,34.76836],[133.36453,34.76748],[133.36513,34.76613],[133.36574,34.76584],[133.36521,34.7647],[133.36566,34.76386],[133.36721,34.76182],[133.36713,34.76114],[133.365,34.76021],[133.36488,34.75991],[133.3638,34.75966],[133.36338,34.75863],[133.36261,34.75785],[133.36238,34.75636],[133.36158,34.75549],[133.36303,34.75502],[133.36447,34.75432],[133.36593,34.75447],[133.36635,34.75418],[133.36814,34.75233],[133.3679,34.75116],[133.36717,34.74957],[133.36766,34.74903],[133.36986,34.74838],[133.3704,34.74788],[133.37037,34.74679],[133.36951,34.74391],[133.36955,34.74365],[133.36969,34.74299],[133.37057,34.74206],[133.37427,34.74197],[133.37543,34.74169],[133.37736,34.74257],[133.37849,34.74275],[133.37944,34.74316],[133.38086,34.74301],[133.38181,34.7427],[133.38307,34.74335],[133.38446,34.74338],[133.38458,34.7428],[133.38526,34.74189],[133.38636,34.74168],[133.3866,34.74131],[133.386,34.73989],[133.38692,34.73891],[133.38787,34.73778],[133.38847,34.7374],[133.38968,34.73731],[133.39059,34.73685],[133.39119,34.73632],[133.39164,34.73545],[133.39347,34.7346],[133.39501,34.73442],[133.39682,34.73459],[133.39673,34.73494],[133.39814,34.73514],[133.39815,34.73464],[133.39936,34.73433],[133.40069,34.7334],[133.40148,34.73332],[133.40166,34.73435],[133.40291,34.73577],[133.40379,34.73552],[133.40415,34.73489],[133.405,34.73436],[133.40502,34.73394],[133.40413,34.73292],[133.40391,34.73167],[133.40403,34.73094],[133.40465,34.72983],[133.4045,34.7292],[133.40432,34.72844],[133.40539,34.72812],[133.40622,34.72762],[133.40871,34.72717],[133.40973,34.72589],[133.41023,34.72337],[133.41049,34.72152],[133.41011,34.72097],[133.41031,34.72035],[133.41185,34.71992],[133.41158,34.71879],[133.41173,34.7175],[133.41161,34.71665],[133.41255,34.71591],[133.41273,34.71519],[133.41266,34.71397],[133.41465,34.7123],[133.41522,34.71159],[133.41629,34.71127],[133.41711,34.71025],[133.41831,34.70956],[133.41908,34.70941],[133.42008,34.70825],[133.42071,34.70804],[133.42069,34.70692],[133.42213,34.70553],[133.421,34.70332],[133.42239,34.70283],[133.42282,34.70194],[133.42324,34.70133],[133.42317,34.70062],[133.42435,34.70004],[133.4245,34.69936],[133.42508,34.69806],[133.42657,34.69653],[133.42678,34.69609],[133.42869,34.69559],[133.43067,34.69554],[133.43194,34.69578],[133.43334,34.69614],[133.43382,34.69546],[133.43402,34.69373],[133.43444,34.69355],[133.43549,34.69202],[133.4363,34.69164],[133.43778,34.69042],[133.43949,34.69024],[133.44063,34.69072],[133.44224,34.69063],[133.44288,34.68926],[133.44345,34.68875],[133.44479,34.68816],[133.44531,34.68761],[133.44648,34.68696],[133.44727,34.68625],[133.44817,34.68591],[133.44916,34.68624],[133.45007,34.68575],[133.45096,34.68494],[133.452,34.6848],[133.45347,34.6843],[133.455,34.68502],[133.45583,34.68455],[133.45647,34.68694],[133.45689,34.68769],[133.45626,34.6886],[133.45609,34.68955],[133.45636,34.69009],[133.45663,34.69161],[133.45828,34.69065],[133.45934,34.69061],[133.4598,34.69036],[133.46023,34.68946],[133.46136,34.6865],[133.46125,34.68483],[133.46168,34.68414],[133.46271,34.68398],[133.46411,34.68514],[133.46531,34.68559],[133.46595,34.68605],[133.46591,34.68745],[133.46649,34.688],[133.46822,34.68804],[133.46921,34.68822],[133.47179,34.6893],[133.47266,34.69011],[133.47338,34.69002],[133.47482,34.68888],[133.4757,34.68838],[133.47699,34.68844],[133.47869,34.68998],[133.47948,34.69],[133.48071,34.68964],[133.48055,34.69031],[133.48111,34.69065],[133.48074,34.69227],[133.48142,34.69265],[133.48426,34.69339],[133.48486,34.69385],[133.48582,34.69384],[133.48811,34.69446],[133.4896,34.69568],[133.49019,34.69605],[133.49329,34.69512],[133.49315,34.69411],[133.49559,34.6936],[133.49578,34.69413],[133.49625,34.69455],[133.49719,34.69424],[133.49891,34.6943],[133.49935,34.69458],[133.5,34.69471],[133.50079,34.69515],[133.50121,34.69549],[133.50135,34.69564],[133.50162,34.69605],[133.50193,34.6964],[133.50227,34.6965],[133.5025,34.69672],[133.50278,34.69689],[133.50312,34.69703],[133.50322,34.69709],[133.50339,34.69745],[133.50349,34.69787],[133.50362,34.69818],[133.50377,34.6986],[133.5037,34.69893],[133.50377,34.69911],[133.50374,34.69943],[133.50397,34.69968],[133.50407,34.69985],[133.50405,34.70001],[133.50385,34.70054],[133.50365,34.70095],[133.50354,34.70109],[133.50363,34.70134],[133.50368,34.70149],[133.50338,34.70229],[133.50321,34.70279],[133.50266,34.70365],[133.50272,34.70401],[133.50288,34.70424],[133.50332,34.70478],[133.50361,34.70507],[133.50406,34.7054],[133.50458,34.70553],[133.5056,34.7059],[133.50661,34.70665],[133.50703,34.70698],[133.50722,34.70738],[133.50793,34.70781],[133.50824,34.708],[133.50843,34.70812],[133.50868,34.70817],[133.50905,34.70822],[133.51002,34.70864],[133.51008,34.70867],[133.51075,34.70882],[133.5122,34.70849],[133.51304,34.70858],[133.51338,34.70861],[133.514,34.70836],[133.51438,34.70812],[133.51502,34.7086],[133.51597,34.70938],[133.51741,34.70956],[133.5181,34.71032],[133.51851,34.71079],[133.51897,34.71105],[133.52025,34.7113],[133.52037,34.71132],[133.5206,34.71157],[133.52123,34.71176],[133.52215,34.7116],[133.52262,34.71162],[133.52309,34.71193],[133.52332,34.71212],[133.52368,34.71213],[133.5242,34.71203],[133.52442,34.7121],[133.52452,34.71224],[133.52495,34.71245],[133.52511,34.71261],[133.52524,34.71299],[133.52548,34.71308],[133.5255,34.71313],[133.5256,34.71355],[133.52609,34.71513],[133.52614,34.71543],[133.52716,34.71591],[133.52854,34.71673],[133.52906,34.71709],[133.53028,34.71785],[133.5296,34.71861],[133.5285,34.71905],[133.52694,34.71937],[133.52651,34.72031],[133.52635,34.72136],[133.52625,34.72173],[133.52631,34.72258],[133.52612,34.72325],[133.52538,34.72383],[133.52451,34.72409],[133.52397,34.72405],[133.52348,34.72374],[133.52265,34.72393],[133.52131,34.72558],[133.52076,34.72636],[133.52091,34.72683],[133.52115,34.7275],[133.52111,34.72795],[133.52065,34.72888],[133.52051,34.73058],[133.52073,34.73107],[133.52082,34.73176],[133.52056,34.73266],[133.51992,34.73361],[133.52051,34.73376],[133.52088,34.73407],[133.52178,34.73428],[133.52215,34.73509],[133.52221,34.73558],[133.52244,34.73639],[133.52266,34.7365],[133.52441,34.73699],[133.52545,34.73716],[133.52605,34.73729],[133.5262,34.73735],[133.52641,34.73765],[133.52651,34.73804],[133.52682,34.73884],[133.52761,34.73949],[133.52899,34.73989],[133.52933,34.74002],[133.53067,34.74006],[133.53174,34.73984],[133.53198,34.73981],[133.53238,34.7399],[133.53288,34.7403],[133.535,34.74204],[133.53593,34.74254],[133.53642,34.74274],[133.53745,34.74249],[133.53881,34.74212],[133.53987,34.74167],[133.5401,34.74163],[133.5404,34.74157],[133.54065,34.74137],[133.54102,34.74095],[133.54163,34.741],[133.54264,34.7412],[133.54331,34.74107],[133.54508,34.74078],[133.54568,34.73983],[133.546,34.7397],[133.54648,34.73971],[133.54736,34.73987],[133.54838,34.73999],[133.54866,34.73998],[133.54882,34.73993],[133.54901,34.73995],[133.54939,34.74013],[133.55021,34.73995],[133.55091,34.74034],[133.55131,34.74065],[133.55144,34.74072],[133.55211,34.74078],[133.55237,34.74084],[133.55269,34.74089],[133.55337,34.74066],[133.55573,34.74014],[133.55633,34.74011],[133.55769,34.74015],[133.55873,34.7401],[133.55942,34.74006],[133.55993,34.74009],[133.55879,34.73844],[133.55765,34.73683],[133.5571,34.73618],[133.55672,34.73557],[133.55663,34.73492],[133.55652,34.7347],[133.556,34.73445],[133.55545,34.73378],[133.55471,34.73234],[133.55448,34.73197],[133.55449,34.73171],[133.55457,34.73149],[133.55479,34.73084],[133.5553,34.73015],[133.55533,34.72995],[133.55532,34.72954],[133.55516,34.72844],[133.55557,34.728],[133.55716,34.72686],[133.55778,34.72655],[133.55791,34.72624],[133.55847,34.72615],[133.55879,34.72615],[133.55922,34.72589],[133.55924,34.72559],[133.5594,34.72523],[133.55976,34.72511],[133.5599,34.72502],[133.55997,34.72492],[133.56001,34.72479],[133.55997,34.72464],[133.55982,34.72434],[133.55982,34.72428],[133.55995,34.72407],[133.56005,34.72396],[133.56015,34.72381],[133.56018,34.72358],[133.5602,34.72335],[133.56032,34.72323],[133.56041,34.7232],[133.56061,34.72317],[133.5609,34.7232],[133.56127,34.72296],[133.5614,34.72232],[133.5616,34.72175],[133.56184,34.72136],[133.56237,34.72051],[133.56241,34.72009],[133.56254,34.7191],[133.5636,34.71856],[133.56376,34.71861],[133.56415,34.71967],[133.56482,34.7202],[133.56558,34.72031],[133.5661,34.72044],[133.56649,34.72091],[133.5668,34.72135],[133.56727,34.72078],[133.5675,34.72053],[133.56776,34.72024],[133.56813,34.71992],[133.56845,34.71993],[133.56891,34.71982],[133.56931,34.71951],[133.5698,34.71921],[133.57043,34.71907],[133.5707,34.71909],[133.57113,34.71921],[133.57129,34.71931],[133.57167,34.71965],[133.57291,34.7206],[133.57363,34.7209],[133.57409,34.72083],[133.57454,34.72103],[133.57478,34.72118],[133.57514,34.72129],[133.57579,34.72112],[133.57627,34.72077],[133.57633,34.72074],[133.57661,34.7206],[133.57673,34.72052],[133.5775,34.72049],[133.57785,34.72077],[133.57832,34.72085],[133.57866,34.72072],[133.57931,34.72007],[133.58025,34.7194],[133.58054,34.71912],[133.58083,34.71907],[133.58136,34.71906],[133.582,34.71925],[133.58246,34.71945],[133.5822,34.71959],[133.58209,34.72171],[133.5822,34.722],[133.58389,34.72345],[133.58411,34.72443],[133.58543,34.7248],[133.58637,34.72535],[133.58742,34.72571],[133.58781,34.72538],[133.5889,34.72524],[133.58968,34.72563],[133.59065,34.72552],[133.59152,34.72571],[133.59166,34.72617],[133.59261,34.72737],[133.59404,34.72954],[133.5961,34.73173],[133.59751,34.732],[133.59787,34.73284],[133.5986,34.73377],[133.5997,34.73456],[133.60042,34.73558],[133.60173,34.73526],[133.60268,34.73561],[133.60496,34.73541],[133.60551,34.7356],[133.60543,34.73673],[133.60513,34.73765],[133.60535,34.7383],[133.60685,34.73916],[133.60854,34.73915],[133.6095,34.73969],[133.61015,34.74193],[133.6109,34.74295],[133.61201,34.74398],[133.61348,34.74426],[133.61499,34.74558],[133.61611,34.74616],[133.61746,34.7486],[133.61929,34.74953],[133.62101,34.7508],[133.62194,34.75158],[133.62108,34.7525],[133.61961,34.7541],[133.62127,34.75479],[133.6216,34.75499],[133.62226,34.7558],[133.62341,34.75674],[133.62357,34.75795],[133.62436,34.7588],[133.62545,34.75914],[133.62635,34.76031],[133.62737,34.76045],[133.62851,34.7603],[133.63195,34.75899],[133.63225,34.75876],[133.63322,34.75871],[133.63469,34.75863],[133.63551,34.75898],[133.63573,34.75899],[133.63636,34.75896],[133.63648,34.75911],[133.63699,34.75994],[133.63705,34.76001],[133.63878,34.76095],[133.63917,34.76129],[133.63995,34.76196],[133.64011,34.76251],[133.63965,34.76334],[133.64016,34.76257],[133.64153,34.7635],[133.64307,34.76416],[133.64363,34.76457],[133.64459,34.76541],[133.64625,34.76607],[133.64691,34.76664],[133.64709,34.76723],[133.64633,34.76827],[133.64572,34.77049],[133.647,34.77099],[133.64678,34.77246],[133.64701,34.77302],[133.64809,34.77327],[133.64796,34.77376],[133.6483,34.77455],[133.64923,34.77487],[133.65023,34.77474],[133.65062,34.7751],[133.65063,34.77654],[133.65197,34.7774],[133.65214,34.77831],[133.6529,34.77856],[133.65282,34.78002],[133.65524,34.78117],[133.65615,34.78131],[133.65698,34.78108],[133.65818,34.78145],[133.65931,34.78107],[133.66107,34.7814],[133.66196,34.78221],[133.66106,34.78397],[133.6618,34.78512],[133.66161,34.78589],[133.66163,34.78631],[133.66248,34.78683],[133.66221,34.78784],[133.66249,34.78841],[133.6619,34.78869],[133.66154,34.78864],[133.66083,34.78947],[133.66024,34.79065],[133.65983,34.79187],[133.65896,34.79235],[133.65902,34.79335],[133.65899,34.79398],[133.65933,34.79435],[133.65999,34.79465],[133.66037,34.79539],[133.66076,34.79655],[133.66036,34.79669],[133.65966,34.79724],[133.65987,34.79843],[133.65984,34.79923],[133.6597,34.79941]],[[133.61664,34.80683],[133.61673,34.8066],[133.6167,34.80587],[133.61664,34.80683]],[[133.61753,34.80018],[133.61751,34.80023],[133.61715,34.8012],[133.61753,34.80018]],[[133.62199,34.79892],[133.62205,34.79886],[133.62072,34.79862],[133.62199,34.79892]],[[133.6181,34.79803],[133.61797,34.79753],[133.61798,34.79802],[133.61809,34.79803],[133.6181,34.79803]],[[133.61835,34.79651],[133.618,34.79653],[133.618,34.79666],[133.61835,34.79651]],[[133.62372,34.79647],[133.62363,34.79633],[133.62362,34.7965],[133.62372,34.79647]],[[133.61943,34.79621],[133.61946,34.79592],[133.61935,34.796],[133.61943,34.79621]],[[133.61996,34.79588],[133.62028,34.79577],[133.61996,34.79568],[133.61996,34.79588]],[[133.61627,34.79362],[133.61629,34.79257],[133.61606,34.79258],[133.61609,34.79295],[133.61627,34.79371],[133.61627,34.79362]],[[133.61799,34.79203],[133.61776,34.792],[133.61742,34.79277],[133.61799,34.79203]],[[133.61594,34.79391],[133.61548,34.79353],[133.61558,34.79395],[133.61594,34.79391]],[[133.61548,34.79353],[133.61539,34.79309],[133.61534,34.79356],[133.61548,34.79353]],[[133.61519,34.79585],[133.61493,34.79459],[133.61525,34.79677],[133.61519,34.79585]],[[133.61427,34.79186],[133.61404,34.79192],[133.61438,34.79213],[133.61427,34.79186]],[[133.61498,34.79087],[133.61489,34.79037],[133.61458,34.79095],[133.61498,34.79087]],[[133.61409,34.78844],[133.61365,34.78831],[133.61314,34.78841],[133.61409,34.78844]],[[133.61146,34.79037],[133.61116,34.78978],[133.61187,34.79119],[133.61146,34.79037]],[[133.6152,34.78929],[133.6152,34.78941],[133.6154,34.78906],[133.6152,34.78929]],[[133.61592,34.79147],[133.61576,34.79126],[133.61564,34.79161],[133.61592,34.79147]],[[133.61701,34.78938],[133.61706,34.78944],[133.61687,34.78922],[133.61635,34.78867],[133.61701,34.78938]],[[133.61713,34.79123],[133.61697,34.79063],[133.61672,34.78983],[133.61713,34.79123]],[[133.61862,34.79109],[133.61712,34.7895],[133.61834,34.79082],[133.61862,34.79109]],[[133.61053,34.78239],[133.6103,34.78217],[133.60992,34.78277],[133.61053,34.78239]],[[133.61951,34.78969],[133.61931,34.78922],[133.61931,34.78934],[133.61951,34.78969]],[[133.59323,34.84939],[133.59306,34.84916],[133.59294,34.84933],[133.59323,34.84939]],[[133.59122,34.77884],[133.59098,34.7789],[133.59132,34.77899],[133.59122,34.77884]],[[133.57629,34.78325],[133.5759,34.78314],[133.57646,34.78332],[133.57629,34.78325]],[[133.56501,34.77512],[133.56504,34.77529],[133.5652,34.77575],[133.56501,34.77512]],[[133.53612,34.79558],[133.53553,34.79524],[133.53543,34.79549],[133.53612,34.79558]],[[133.54985,34.78498],[133.54952,34.7843],[133.54958,34.78505],[133.54985,34.78498]],[[133.5489,34.78519],[133.54723,34.78539],[133.54811,34.78531],[133.5489,34.78519]],[[133.60639,34.79116],[133.60639,34.79149],[133.60643,34.78987],[133.60639,34.79116]],[[133.65983,34.9008],[133.66022,34.90058],[133.65982,34.90079],[133.65983,34.9008]],[[133.66796,34.9181],[133.6681,34.91795],[133.66776,34.91713],[133.66796,34.9181]],[[133.68889,34.90995],[133.68871,34.91009],[133.68965,34.90976],[133.68889,34.90995]],[[133.6791,34.8997],[133.67867,34.89968],[133.67848,34.90023],[133.6791,34.8997]],[[133.52799,34.78045],[133.53156,34.78124],[133.53148,34.78122],[133.52799,34.78045]],[[133.53785,34.7831],[133.54264,34.78447],[133.54089,34.78397],[133.53843,34.78326],[133.53785,34.7831]],[[133.54444,34.78325],[133.5445,34.78306],[133.54455,34.78282],[133.54444,34.78325]],[[133.53079,34.78506],[133.53044,34.78469],[133.53026,34.78473],[133.53079,34.78506]],[[133.52993,34.78444],[133.52993,34.78472],[133.5302,34.78468],[133.52993,34.78444]],[[133.52777,34.79129],[133.5274,34.79108],[133.52668,34.7909],[133.52777,34.79129]],[[133.51879,34.79334],[133.51897,34.79275],[133.51868,34.79318],[133.51879,34.79334]],[[133.5297,34.78733],[133.52889,34.78733],[133.5289,34.78738],[133.5297,34.78733]],[[133.52556,34.78687],[133.52498,34.78739],[133.52488,34.78753],[133.52556,34.78687]]],[[[133.68833,34.91526],[133.68818,34.91637],[133.68818,34.91632],[133.68833,34.91526]]]]}},{"type":"Feature","properties":{"nm":"新見市","b":[133.2668,34.8559,133.6219,35.1931],"c":[133.44904,35.01575]},"geometry":{"type":"MultiPolygon","coordinates":[[[[133.5508,34.88224],[133.55097,34.88249],[133.55108,34.88252],[133.5511,34.88253],[133.55178,34.88245],[133.55236,34.88202],[133.5535,34.88227],[133.55401,34.88333],[133.5539,34.88384],[133.55393,34.88407],[133.55416,34.88435],[133.55503,34.88469],[133.55599,34.88473],[133.55656,34.88498],[133.55748,34.88504],[133.5588,34.88566],[133.55912,34.88592],[133.56125,34.88654],[133.56151,34.88682],[133.56174,34.88694],[133.56192,34.88694],[133.56232,34.88676],[133.56329,34.88626],[133.5641,34.886],[133.56451,34.88605],[133.56478,34.88658],[133.56483,34.88682],[133.56489,34.88755],[133.5651,34.88868],[133.56583,34.89115],[133.56605,34.89206],[133.56609,34.89254],[133.56589,34.89326],[133.56569,34.89365],[133.5648,34.89435],[133.56447,34.89468],[133.56429,34.89573],[133.56408,34.89609],[133.56401,34.89637],[133.564,34.89644],[133.56452,34.89707],[133.56549,34.89771],[133.56637,34.89797],[133.56745,34.89781],[133.56877,34.89736],[133.56911,34.89727],[133.56957,34.8972],[133.56978,34.89724],[133.57003,34.89758],[133.57014,34.8981],[133.5701,34.89826],[133.56923,34.89907],[133.56867,34.89969],[133.56805,34.90072],[133.56731,34.90181],[133.56694,34.90299],[133.56688,34.90456],[133.56661,34.9052],[133.56647,34.90533],[133.56627,34.90545],[133.56604,34.90584],[133.56606,34.90619],[133.56626,34.90641],[133.56666,34.90645],[133.56693,34.9064],[133.56713,34.90624],[133.56762,34.90636],[133.56764,34.90661],[133.56738,34.90711],[133.56689,34.90778],[133.56594,34.90788],[133.565,34.90793],[133.56475,34.90818],[133.56459,34.90879],[133.56469,34.90922],[133.56457,34.90942],[133.56436,34.90963],[133.56386,34.9099],[133.56371,34.90999],[133.56321,34.91161],[133.56183,34.9135],[133.5615,34.91422],[133.56168,34.91447],[133.56254,34.91501],[133.56255,34.91534],[133.56263,34.91549],[133.56269,34.9155],[133.56319,34.91533],[133.56337,34.91534],[133.56346,34.91548],[133.56334,34.91602],[133.56385,34.9162],[133.56403,34.91631],[133.56419,34.91653],[133.56455,34.91656],[133.56478,34.91651],[133.56508,34.91681],[133.56541,34.91697],[133.5661,34.91808],[133.56613,34.91829],[133.56602,34.91866],[133.56549,34.91878],[133.56535,34.9189],[133.5653,34.9191],[133.56535,34.91942],[133.56565,34.91951],[133.56618,34.91944],[133.56673,34.91909],[133.56685,34.91906],[133.56701,34.91909],[133.56704,34.91917],[133.56695,34.91956],[133.56696,34.91966],[133.56699,34.91986],[133.56745,34.92024],[133.56759,34.92035],[133.56798,34.92071],[133.56835,34.9218],[133.56785,34.92246],[133.56759,34.92277],[133.56752,34.92282],[133.567,34.92344],[133.56667,34.92428],[133.56655,34.92445],[133.56659,34.92454],[133.5676,34.92425],[133.56781,34.9241],[133.56889,34.92374],[133.56904,34.92373],[133.56933,34.9241],[133.56959,34.92514],[133.56924,34.92669],[133.56918,34.92687],[133.56852,34.92811],[133.56874,34.92895],[133.56897,34.92892],[133.56913,34.92891],[133.5697,34.92904],[133.56989,34.92901],[133.57024,34.92882],[133.57044,34.9288],[133.57112,34.9287],[133.57224,34.92866],[133.57251,34.92881],[133.57225,34.92944],[133.57192,34.92963],[133.57199,34.92979],[133.57222,34.92988],[133.5722,34.93022],[133.57225,34.93028],[133.57278,34.93065],[133.57307,34.93076],[133.57339,34.93074],[133.57395,34.93045],[133.57421,34.93007],[133.57422,34.92974],[133.57435,34.92959],[133.57528,34.92919],[133.57534,34.92913],[133.57546,34.92912],[133.57564,34.92942],[133.57583,34.9296],[133.57592,34.92962],[133.57638,34.92945],[133.57675,34.92996],[133.57686,34.93015],[133.57702,34.93018],[133.57712,34.93005],[133.57732,34.92955],[133.57796,34.92935],[133.57829,34.92963],[133.57861,34.92965],[133.57904,34.92941],[133.57938,34.9293],[133.57963,34.92954],[133.57955,34.92998],[133.57987,34.93055],[133.58018,34.93067],[133.58085,34.93026],[133.58105,34.93028],[133.58112,34.93033],[133.58129,34.93053],[133.58122,34.93121],[133.58129,34.93127],[133.58144,34.93125],[133.58237,34.93102],[133.58257,34.93101],[133.58344,34.9303],[133.58387,34.93025],[133.58395,34.93014],[133.58412,34.92937],[133.5843,34.92922],[133.58515,34.92891],[133.58535,34.92897],[133.58611,34.92949],[133.58616,34.92999],[133.58679,34.93103],[133.58665,34.93156],[133.58682,34.93175],[133.58738,34.93198],[133.58771,34.93246],[133.58802,34.93287],[133.58851,34.9332],[133.58923,34.93347],[133.58977,34.93409],[133.58973,34.93431],[133.58936,34.93448],[133.58927,34.93475],[133.58931,34.93509],[133.58946,34.93541],[133.58975,34.93599],[133.59011,34.93638],[133.59001,34.93656],[133.58984,34.93665],[133.58939,34.9369],[133.5892,34.93706],[133.5892,34.93714],[133.58931,34.93732],[133.58921,34.93799],[133.58901,34.93818],[133.58878,34.93842],[133.5884,34.93855],[133.58836,34.93858],[133.58822,34.93874],[133.58786,34.93886],[133.5875,34.93899],[133.58742,34.93897],[133.58702,34.93911],[133.58682,34.9392],[133.58644,34.93954],[133.58609,34.93988],[133.58553,34.94079],[133.58554,34.94137],[133.58538,34.9417],[133.58507,34.94211],[133.58492,34.94216],[133.5845,34.94246],[133.58439,34.94281],[133.58435,34.94309],[133.58442,34.94356],[133.58465,34.94399],[133.58471,34.9442],[133.58462,34.9447],[133.5844,34.94552],[133.58435,34.94595],[133.58409,34.94684],[133.58409,34.94716],[133.58417,34.94724],[133.58486,34.94762],[133.58511,34.94778],[133.58533,34.94784],[133.58601,34.94768],[133.5885,34.94756],[133.58896,34.94767],[133.58997,34.94808],[133.59009,34.94852],[133.59,34.94868],[133.58999,34.94908],[133.5903,34.95009],[133.59064,34.9502],[133.59103,34.95017],[133.59162,34.95025],[133.5927,34.9507],[133.59288,34.95101],[133.59305,34.95107],[133.59418,34.95082],[133.59615,34.95116],[133.59687,34.95133],[133.59757,34.95175],[133.59838,34.95166],[133.59953,34.95172],[133.60048,34.95218],[133.60077,34.95284],[133.59999,34.95364],[133.59848,34.95395],[133.59771,34.95459],[133.59711,34.95563],[133.59513,34.95742],[133.59566,34.958],[133.5963,34.95839],[133.59781,34.95908],[133.59937,34.95926],[133.60023,34.95876],[133.60038,34.95861],[133.60048,34.95842],[133.60006,34.95663],[133.60032,34.95614],[133.60091,34.95568],[133.60108,34.95508],[133.60142,34.95468],[133.60246,34.95463],[133.60281,34.95462],[133.60377,34.95443],[133.60402,34.9544],[133.60473,34.95448],[133.60648,34.95546],[133.60696,34.95575],[133.60797,34.95665],[133.60797,34.95692],[133.6073,34.95754],[133.60697,34.95811],[133.60714,34.95868],[133.60804,34.95931],[133.60958,34.96022],[133.60984,34.96042],[133.60994,34.96041],[133.61011,34.96034],[133.61113,34.96049],[133.6132,34.961],[133.61353,34.96118],[133.61403,34.96124],[133.6143,34.96121],[133.61492,34.9614],[133.61525,34.96148],[133.61559,34.9615],[133.61664,34.96146],[133.6173,34.96151],[133.61825,34.9616],[133.61864,34.9616],[133.61925,34.96151],[133.61955,34.96144],[133.61982,34.96142],[133.62008,34.9614],[133.62097,34.96144],[133.62165,34.96163],[133.62187,34.96222],[133.62181,34.96243],[133.62172,34.96273],[133.62167,34.96301],[133.62157,34.96328],[133.62104,34.96452],[133.61971,34.96561],[133.61857,34.96797],[133.61814,34.9689],[133.61798,34.96967],[133.61808,34.96998],[133.61903,34.97091],[133.61949,34.97128],[133.61909,34.97246],[133.61839,34.97309],[133.61719,34.97384],[133.61668,34.97425],[133.61608,34.9748],[133.6155,34.97529],[133.61532,34.97536],[133.61488,34.97553],[133.6146,34.97582],[133.6144,34.97605],[133.61372,34.97619],[133.613,34.97634],[133.61297,34.97636],[133.61292,34.97638],[133.61287,34.97642],[133.61265,34.97678],[133.61225,34.97702],[133.61217,34.97705],[133.61107,34.97726],[133.61055,34.97747],[133.60969,34.97814],[133.60996,34.97849],[133.61052,34.97884],[133.61102,34.97904],[133.61174,34.97914],[133.61256,34.97896],[133.61283,34.9791],[133.6125,34.97996],[133.61138,34.98101],[133.61018,34.98174],[133.60904,34.98229],[133.60738,34.98265],[133.60521,34.9833],[133.60443,34.98379],[133.604,34.98394],[133.60354,34.98415],[133.60338,34.9844],[133.60323,34.98492],[133.60309,34.98515],[133.60292,34.98528],[133.60249,34.98543],[133.6022,34.98551],[133.6019,34.98565],[133.60148,34.98599],[133.60105,34.98639],[133.60097,34.9868],[133.60094,34.98715],[133.60089,34.98733],[133.60087,34.98791],[133.6009,34.98826],[133.60078,34.98913],[133.60107,34.98949],[133.60161,34.98953],[133.60238,34.98938],[133.60261,34.98939],[133.60441,34.98876],[133.60605,34.98813],[133.60685,34.98803],[133.607,34.98861],[133.60707,34.98884],[133.60728,34.98898],[133.60783,34.98932],[133.60834,34.98987],[133.60858,34.99013],[133.60858,34.99021],[133.60856,34.99042],[133.60858,34.99109],[133.60885,34.9915],[133.60887,34.99158],[133.60877,34.99182],[133.60858,34.99206],[133.60839,34.99219],[133.60813,34.99254],[133.60809,34.99269],[133.60808,34.99289],[133.60819,34.99328],[133.60813,34.99345],[133.60806,34.99376],[133.60809,34.99392],[133.60812,34.99399],[133.60817,34.99416],[133.60817,34.9943],[133.60787,34.9947],[133.60762,34.99482],[133.60746,34.9949],[133.60706,34.99511],[133.60695,34.99522],[133.60687,34.99539],[133.60678,34.99575],[133.60664,34.99587],[133.60615,34.99614],[133.60586,34.99623],[133.60561,34.99629],[133.60432,34.99657],[133.60399,34.99672],[133.6036,34.99698],[133.60293,34.99741],[133.60263,34.99767],[133.6023,34.99798],[133.6022,34.99809],[133.60186,34.99851],[133.60174,34.99861],[133.60144,34.99881],[133.60058,34.99916],[133.60014,34.99932],[133.60014,34.99961],[133.60008,34.99974],[133.5996,35.00055],[133.59959,35.00057],[133.59956,35.00072],[133.59779,35.00149],[133.59677,35.00117],[133.59602,35.00062],[133.59536,35.00037],[133.59468,35.00008],[133.59391,34.9987],[133.59374,34.99822],[133.59361,34.99817],[133.59267,34.99723],[133.59234,34.99614],[133.59227,34.99482],[133.59205,34.99432],[133.59188,34.99412],[133.59127,34.99388],[133.59061,34.99367],[133.59052,34.99359],[133.59037,34.99324],[133.59041,34.99283],[133.58909,34.99282],[133.58831,34.99313],[133.58812,34.99333],[133.58763,34.99386],[133.58743,34.99453],[133.58727,34.99494],[133.58691,34.99555],[133.58656,34.99586],[133.58545,34.99603],[133.585,34.99638],[133.5845,34.99646],[133.58402,34.99654],[133.58382,34.99671],[133.58372,34.99704],[133.58279,34.99902],[133.5829,34.99972],[133.58322,34.99982],[133.58414,34.99982],[133.58455,34.99984],[133.58512,35.00024],[133.58535,35.00077],[133.58574,35.00137],[133.58559,35.00239],[133.58615,35.00335],[133.58674,35.004],[133.58702,35.0046],[133.58787,35.00575],[133.58861,35.00617],[133.58921,35.00733],[133.59123,35.00743],[133.59372,35.00794],[133.59415,35.00843],[133.59426,35.00958],[133.59517,35.01114],[133.59516,35.01172],[133.59624,35.01204],[133.5969,35.01345],[133.5981,35.01341],[133.59904,35.0138],[133.59927,35.01483],[133.59985,35.01507],[133.59982,35.01561],[133.59869,35.01589],[133.59802,35.01718],[133.59839,35.01756],[133.59897,35.01891],[133.60014,35.01964],[133.60039,35.02014],[133.6001,35.02126],[133.5994,35.02208],[133.59865,35.02226],[133.59709,35.02226],[133.5962,35.02193],[133.59505,35.02222],[133.59398,35.02299],[133.59282,35.02309],[133.59261,35.02334],[133.59073,35.02358],[133.58986,35.02383],[133.58912,35.02457],[133.58863,35.02449],[133.58765,35.02376],[133.58754,35.02468],[133.5881,35.02511],[133.58897,35.02627],[133.58903,35.02688],[133.58864,35.02738],[133.5892,35.0282],[133.58888,35.02864],[133.58846,35.02891],[133.58713,35.02914],[133.58646,35.03006],[133.5854,35.03079],[133.58443,35.03101],[133.58385,35.03151],[133.58434,35.03279],[133.58408,35.03331],[133.58315,35.03364],[133.58324,35.0341],[133.58429,35.03582],[133.58461,35.03639],[133.58412,35.03708],[133.58452,35.03802],[133.58378,35.03953],[133.58403,35.0415],[133.58436,35.04184],[133.58585,35.04231],[133.58676,35.04353],[133.58799,35.04395],[133.5884,35.04478],[133.58983,35.04567],[133.59064,35.04577],[133.59101,35.04625],[133.59081,35.04807],[133.58876,35.04885],[133.58848,35.0494],[133.58872,35.05095],[133.58771,35.05167],[133.58669,35.05194],[133.58667,35.05293],[133.58557,35.05349],[133.58517,35.05488],[133.58591,35.05543],[133.58677,35.05553],[133.58626,35.05642],[133.58644,35.05697],[133.58597,35.05786],[133.58608,35.05878],[133.58679,35.05998],[133.58671,35.06047],[133.58768,35.06147],[133.58768,35.06259],[133.58801,35.06346],[133.58748,35.06378],[133.58747,35.06544],[133.5868,35.06683],[133.58756,35.06758],[133.58759,35.06804],[133.58689,35.06875],[133.58687,35.0694],[133.58759,35.07035],[133.58826,35.07082],[133.58917,35.07199],[133.58951,35.07271],[133.58921,35.07341],[133.58953,35.07392],[133.5891,35.07414],[133.58839,35.0752],[133.58908,35.07655],[133.58914,35.07853],[133.58936,35.07913],[133.58931,35.08023],[133.58903,35.08062],[133.5889,35.08201],[133.588,35.08217],[133.58663,35.0832],[133.58587,35.08471],[133.5842,35.0857],[133.58439,35.08647],[133.58321,35.08713],[133.5816,35.08661],[133.58078,35.08671],[133.57977,35.08741],[133.57915,35.08833],[133.5792,35.08907],[133.57891,35.08967],[133.57823,35.09016],[133.57735,35.09027],[133.57625,35.0909],[133.57613,35.09258],[133.57556,35.09329],[133.57551,35.09333],[133.57481,35.09384],[133.57463,35.09505],[133.57482,35.09544],[133.57594,35.09591],[133.57599,35.09766],[133.57557,35.09878],[133.57434,35.09998],[133.57461,35.10137],[133.57416,35.10318],[133.57495,35.10457],[133.57492,35.10686],[133.5757,35.10765],[133.57565,35.10837],[133.57515,35.11017],[133.57509,35.11094],[133.57593,35.11201],[133.57814,35.11207],[133.57904,35.1124],[133.58019,35.11229],[133.5811,35.11263],[133.58287,35.11411],[133.58324,35.11508],[133.5839,35.11601],[133.58392,35.11893],[133.58418,35.11959],[133.58458,35.12253],[133.58525,35.12322],[133.58619,35.12476],[133.58604,35.12526],[133.58616,35.12741],[133.5878,35.12833],[133.58821,35.12941],[133.58808,35.1301],[133.58804,35.13021],[133.58811,35.1307],[133.58849,35.13106],[133.58925,35.13246],[133.58935,35.13292],[133.58933,35.13351],[133.5898,35.1342],[133.59057,35.13502],[133.5912,35.13641],[133.59113,35.13706],[133.59073,35.13757],[133.59073,35.13798],[133.59054,35.13818],[133.58963,35.13826],[133.58925,35.13828],[133.58863,35.1383],[133.58774,35.13879],[133.58741,35.13942],[133.58625,35.13969],[133.58492,35.1405],[133.5841,35.14072],[133.58307,35.14076],[133.5821,35.14115],[133.58149,35.14134],[133.58148,35.14174],[133.58119,35.14218],[133.58094,35.14212],[133.5799,35.14208],[133.57957,35.14232],[133.57863,35.14388],[133.57816,35.14404],[133.57784,35.14418],[133.57737,35.14462],[133.57612,35.1447],[133.57539,35.14492],[133.57462,35.1451],[133.57432,35.145],[133.57368,35.14477],[133.57268,35.14517],[133.5721,35.14576],[133.57127,35.14612],[133.57023,35.14655],[133.56919,35.14737],[133.56906,35.14761],[133.56869,35.1483],[133.56845,35.14857],[133.56807,35.14897],[133.56795,35.14945],[133.56391,35.14917],[133.56282,35.14803],[133.56146,35.14783],[133.56006,35.14873],[133.55676,35.14874],[133.55532,35.15013],[133.55534,35.15088],[133.55402,35.15164],[133.55255,35.1511],[133.54999,35.15114],[133.54825,35.15069],[133.54596,35.15106],[133.54527,35.15161],[133.54469,35.15132],[133.54335,35.15166],[133.53899,35.15135],[133.53829,35.15151],[133.53739,35.15233],[133.53739,35.15387],[133.53669,35.15589],[133.53584,35.15656],[133.53575,35.1578],[133.53651,35.15879],[133.53743,35.15905],[133.538,35.15956],[133.53911,35.16101],[133.54004,35.16179],[133.54081,35.16207],[133.54068,35.16257],[133.54133,35.16323],[133.54142,35.16384],[133.54089,35.16519],[133.5412,35.16603],[133.54132,35.16807],[133.5402,35.16814],[133.53959,35.16848],[133.53939,35.16948],[133.53838,35.17013],[133.53798,35.17084],[133.53749,35.17097],[133.53508,35.17059],[133.53436,35.17087],[133.53458,35.1716],[133.53427,35.17255],[133.5347,35.17331],[133.53445,35.17399],[133.53577,35.17538],[133.53554,35.17614],[133.53439,35.17664],[133.5325,35.17651],[133.53064,35.17719],[133.52957,35.17744],[133.52896,35.17846],[133.52723,35.17917],[133.52664,35.17971],[133.52664,35.18096],[133.52604,35.18192],[133.5261,35.18291],[133.5247,35.18343],[133.52344,35.18342],[133.52139,35.1821],[133.52031,35.18224],[133.51914,35.18289],[133.51867,35.18414],[133.51848,35.18541],[133.51857,35.18667],[133.51716,35.1874],[133.5163,35.18943],[133.51625,35.19054],[133.51513,35.19112],[133.51433,35.19098],[133.51357,35.1901],[133.51188,35.18969],[133.51073,35.19002],[133.51,35.19063],[133.50898,35.19207],[133.508,35.19314],[133.50672,35.19293],[133.50348,35.19179],[133.50205,35.19179],[133.50124,35.19263],[133.50033,35.19251],[133.49939,35.19088],[133.49888,35.18931],[133.49831,35.18821],[133.49742,35.18767],[133.49642,35.18745],[133.49583,35.18657],[133.49409,35.18659],[133.49243,35.18711],[133.49183,35.18755],[133.48973,35.1876],[133.48897,35.18672],[133.48842,35.18643],[133.48673,35.18653],[133.48556,35.18626],[133.48496,35.18448],[133.48368,35.18392],[133.48269,35.18276],[133.48225,35.18187],[133.477,35.18211],[133.47577,35.18178],[133.47488,35.18192],[133.47339,35.18086],[133.47311,35.1783],[133.47212,35.17707],[133.47052,35.17745],[133.46884,35.17657],[133.46796,35.17566],[133.46693,35.17514],[133.46578,35.17575],[133.46509,35.1768],[133.46407,35.17726],[133.46348,35.1778],[133.46197,35.17767],[133.45995,35.17774],[133.45904,35.17669],[133.45815,35.17621],[133.45715,35.17364],[133.4562,35.17289],[133.45489,35.17263],[133.45409,35.17309],[133.45221,35.17292],[133.44916,35.1715],[133.44781,35.17127],[133.44658,35.17253],[133.44589,35.1728],[133.4439,35.17301],[133.44236,35.17302],[133.44148,35.17342],[133.43812,35.17305],[133.43752,35.17368],[133.43556,35.17416],[133.43487,35.1747],[133.43361,35.17533],[133.43169,35.17569],[133.42943,35.17668],[133.42815,35.17742],[133.42737,35.17706],[133.42637,35.17697],[133.42547,35.17652],[133.42389,35.17652],[133.42204,35.17619],[133.42143,35.17678],[133.4214,35.17807],[133.42097,35.18044],[133.41867,35.1817],[133.41819,35.18244],[133.41751,35.18285],[133.41551,35.18462],[133.41388,35.18457],[133.41205,35.18467],[133.41044,35.18403],[133.40803,35.18569],[133.40749,35.18582],[133.40495,35.18479],[133.40397,35.18412],[133.40312,35.18315],[133.40308,35.18269],[133.40209,35.18164],[133.40066,35.18152],[133.39876,35.18057],[133.39786,35.18052],[133.39642,35.18101],[133.39561,35.18011],[133.39478,35.17861],[133.39439,35.17662],[133.39471,35.17456],[133.39496,35.17407],[133.39653,35.17281],[133.39659,35.17244],[133.39542,35.17152],[133.39337,35.16932],[133.39314,35.16859],[133.39326,35.16749],[133.39434,35.16633],[133.39664,35.16512],[133.39798,35.16483],[133.3984,35.16367],[133.39835,35.16267],[133.39902,35.16102],[133.40011,35.16003],[133.40062,35.15882],[133.40061,35.15775],[133.40012,35.15563],[133.40035,35.15374],[133.4006,35.15311],[133.40145,35.15221],[133.40322,35.15102],[133.40335,35.14995],[133.40449,35.14876],[133.40416,35.14729],[133.40405,35.14619],[133.40467,35.14447],[133.40492,35.14306],[133.4056,35.1425],[133.40764,35.14188],[133.40932,35.14051],[133.40975,35.13957],[133.4111,35.13893],[133.41111,35.13759],[133.41142,35.13632],[133.41128,35.1355],[133.41168,35.13472],[133.41231,35.13435],[133.41244,35.13331],[133.41192,35.13276],[133.41177,35.1315],[133.41194,35.13068],[133.41254,35.12963],[133.41238,35.12903],[133.41274,35.12822],[133.412,35.12678],[133.41195,35.12516],[133.41246,35.12462],[133.4117,35.12194],[133.41182,35.12109],[133.40963,35.12007],[133.4081,35.11978],[133.40654,35.11849],[133.40593,35.11823],[133.40545,35.11761],[133.40497,35.11591],[133.40443,35.11563],[133.40338,35.11425],[133.40163,35.11451],[133.40075,35.11504],[133.39988,35.11503],[133.39756,35.11461],[133.397,35.11421],[133.39614,35.11424],[133.39508,35.11369],[133.39312,35.11367],[133.39169,35.11315],[133.39074,35.11322],[133.38867,35.11309],[133.38807,35.11281],[133.38729,35.1129],[133.38627,35.11434],[133.38504,35.11475],[133.38379,35.11459],[133.38274,35.115],[133.38069,35.115],[133.37836,35.11459],[133.37594,35.11361],[133.37477,35.11355],[133.3734,35.11301],[133.37238,35.11283],[133.37226,35.11217],[133.37218,35.11188],[133.37094,35.11096],[133.36975,35.11048],[133.36697,35.1105],[133.36641,35.11015],[133.36646,35.10932],[133.36569,35.10828],[133.36338,35.10708],[133.36334,35.10662],[133.36262,35.10544],[133.36075,35.10459],[133.35916,35.10438],[133.35863,35.10236],[133.3579,35.10191],[133.35673,35.10216],[133.35593,35.10149],[133.35576,35.10101],[133.3545,35.10076],[133.35331,35.10167],[133.35028,35.10337],[133.34946,35.10433],[133.34802,35.10493],[133.34674,35.10574],[133.34399,35.10543],[133.33998,35.10606],[133.33853,35.10661],[133.33798,35.10658],[133.3371,35.10545],[133.33587,35.10448],[133.33496,35.10325],[133.3341,35.10261],[133.33328,35.10238],[133.33289,35.10177],[133.33182,35.10109],[133.33256,35.09999],[133.33257,35.09932],[133.33079,35.09894],[133.3299,35.09805],[133.32883,35.09644],[133.32766,35.09598],[133.32797,35.09493],[133.32594,35.09403],[133.32542,35.09349],[133.32355,35.09366],[133.32287,35.09389],[133.32241,35.0945],[133.32196,35.09447],[133.32092,35.0937],[133.31972,35.0938],[133.31829,35.09439],[133.31791,35.09519],[133.31611,35.09662],[133.31607,35.09724],[133.31533,35.09755],[133.31388,35.09746],[133.31279,35.09812],[133.3117,35.09752],[133.31039,35.09638],[133.31013,35.09636],[133.30874,35.09757],[133.3079,35.09955],[133.30631,35.09959],[133.30519,35.09958],[133.30388,35.09979],[133.30305,35.09957],[133.30234,35.10008],[133.30238,35.1008],[133.30183,35.1016],[133.30033,35.10251],[133.29896,35.10389],[133.29803,35.10364],[133.29547,35.10208],[133.29353,35.10125],[133.29201,35.10104],[133.29073,35.10028],[133.29079,35.0979],[133.29006,35.09739],[133.28958,35.09636],[133.28814,35.09584],[133.2882,35.09533],[133.2877,35.09454],[133.28766,35.09358],[133.28817,35.09213],[133.28889,35.09172],[133.29009,35.09059],[133.28993,35.08887],[133.28943,35.08805],[133.29003,35.08543],[133.29052,35.08432],[133.29048,35.08301],[133.28999,35.0827],[133.29006,35.08137],[133.28955,35.0806],[133.28924,35.08035],[133.28878,35.08016],[133.28883,35.07749],[133.28876,35.07582],[133.28845,35.07538],[133.28892,35.07442],[133.28944,35.07436],[133.29015,35.07379],[133.29017,35.07278],[133.29079,35.0722],[133.29083,35.07103],[133.28994,35.07056],[133.28926,35.06985],[133.28895,35.06889],[133.28792,35.06848],[133.2864,35.06733],[133.28556,35.06708],[133.28447,35.06626],[133.28433,35.06573],[133.28337,35.06598],[133.28075,35.06603],[133.27913,35.06586],[133.27767,35.06645],[133.2767,35.06615],[133.27496,35.06414],[133.27471,35.06296],[133.27305,35.06228],[133.27211,35.06154],[133.27242,35.05981],[133.27181,35.05936],[133.26944,35.05819],[133.26831,35.05708],[133.26752,35.05475],[133.26731,35.05373],[133.26682,35.05348],[133.26676,35.0527],[133.26851,35.05034],[133.26959,35.04953],[133.27035,35.04965],[133.27098,35.0489],[133.27201,35.04815],[133.27326,35.04787],[133.27419,35.04643],[133.27447,35.04511],[133.27483,35.04476],[133.27744,35.0438],[133.27855,35.0429],[133.27932,35.04253],[133.27965,35.0414],[133.28104,35.04201],[133.28169,35.04183],[133.28157,35.04116],[133.28213,35.04054],[133.28277,35.04029],[133.2845,35.04087],[133.28543,35.04051],[133.28618,35.03937],[133.28686,35.03908],[133.28757,35.03767],[133.28795,35.0374],[133.28889,35.03752],[133.28955,35.03686],[133.29084,35.03624],[133.29167,35.03485],[133.29199,35.03386],[133.29277,35.03314],[133.29307,35.032],[133.29433,35.0305],[133.29573,35.02998],[133.29582,35.02741],[133.29643,35.02668],[133.29727,35.0262],[133.29697,35.02466],[133.29827,35.02436],[133.29978,35.02361],[133.30072,35.02207],[133.30178,35.02144],[133.30221,35.02088],[133.30338,35.0204],[133.30332,35.01902],[133.3035,35.01806],[133.30324,35.01746],[133.30443,35.01539],[133.30559,35.01531],[133.30652,35.01481],[133.30745,35.01488],[133.30871,35.01463],[133.30899,35.01377],[133.31014,35.01344],[133.31088,35.01393],[133.31154,35.01373],[133.31186,35.01314],[133.31351,35.01313],[133.31559,35.01236],[133.3162,35.01109],[133.31664,35.01094],[133.31749,35.00929],[133.31844,35.0092],[133.31954,35.00875],[133.3199,35.00812],[133.32005,35.00717],[133.32181,35.00597],[133.32076,35.00521],[133.32116,35.00344],[133.31971,35.00169],[133.31969,35.00002],[133.31943,34.99844],[133.31995,34.99714],[133.31987,34.99625],[133.32013,34.99559],[133.31993,34.99432],[133.32072,34.99368],[133.32122,34.9924],[133.3206,34.99106],[133.32086,34.99016],[133.32165,34.98915],[133.32171,34.98847],[133.32102,34.98639],[133.32008,34.98495],[133.32003,34.98366],[133.31871,34.98276],[133.31742,34.98291],[133.3165,34.98269],[133.31483,34.98177],[133.31347,34.98044],[133.31321,34.97952],[133.31346,34.97825],[133.31248,34.97704],[133.31227,34.97585],[133.31073,34.9745],[133.30879,34.97447],[133.30729,34.97399],[133.30541,34.97273],[133.30348,34.97233],[133.30315,34.97192],[133.30386,34.97141],[133.30439,34.9703],[133.3044,34.9689],[133.30497,34.96823],[133.30511,34.96536],[133.30501,34.96499],[133.30367,34.96414],[133.30178,34.96348],[133.30159,34.96297],[133.30278,34.96236],[133.30276,34.96166],[133.30231,34.96108],[133.302,34.96001],[133.30082,34.95955],[133.29931,34.95792],[133.29899,34.95727],[133.29798,34.95728],[133.29721,34.95583],[133.29794,34.95503],[133.29788,34.95435],[133.29836,34.95284],[133.29869,34.95244],[133.30014,34.9519],[133.30083,34.95109],[133.30201,34.95017],[133.30272,34.94794],[133.30337,34.94684],[133.30418,34.94593],[133.30448,34.94503],[133.30556,34.94414],[133.30686,34.94198],[133.30846,34.94077],[133.3092,34.93925],[133.30925,34.93865],[133.30964,34.93727],[133.30905,34.93653],[133.30789,34.93564],[133.30702,34.93444],[133.30627,34.93371],[133.30616,34.93233],[133.30517,34.9319],[133.30459,34.93135],[133.30338,34.93071],[133.30244,34.92957],[133.30203,34.92831],[133.30246,34.92779],[133.30292,34.92566],[133.30287,34.92486],[133.30401,34.92349],[133.30453,34.92203],[133.30483,34.92008],[133.30469,34.91972],[133.30496,34.91832],[133.30474,34.91744],[133.30372,34.91605],[133.30351,34.91423],[133.30212,34.91357],[133.30108,34.91326],[133.30054,34.91281],[133.29883,34.91026],[133.298,34.90987],[133.2976,34.90896],[133.29859,34.90753],[133.2976,34.90608],[133.29624,34.90545],[133.29541,34.90421],[133.2944,34.90392],[133.29419,34.90344],[133.29571,34.90235],[133.29589,34.90148],[133.29676,34.90129],[133.29677,34.90057],[133.29722,34.89995],[133.29714,34.89935],[133.29665,34.89885],[133.2959,34.897],[133.29525,34.89596],[133.29598,34.89505],[133.2972,34.89466],[133.29698,34.89282],[133.298,34.89108],[133.29772,34.89044],[133.29706,34.89008],[133.29852,34.88929],[133.29878,34.88868],[133.30008,34.88709],[133.30033,34.88615],[133.30162,34.88428],[133.30258,34.88416],[133.30389,34.88349],[133.30562,34.88217],[133.30612,34.88151],[133.30594,34.88046],[133.30685,34.87855],[133.30674,34.87742],[133.30731,34.87665],[133.30997,34.87405],[133.31175,34.87362],[133.31236,34.87322],[133.31452,34.87263],[133.31478,34.87183],[133.3147,34.86943],[133.31546,34.8685],[133.31646,34.86794],[133.31691,34.86733],[133.31783,34.86682],[133.31971,34.86651],[133.32053,34.86608],[133.32149,34.86636],[133.32237,34.86587],[133.32304,34.86487],[133.32377,34.86464],[133.32403,34.86387],[133.32419,34.86232],[133.324,34.86192],[133.32255,34.8612],[133.32251,34.86076],[133.32307,34.85957],[133.32369,34.85898],[133.326,34.85762],[133.32706,34.85726],[133.32756,34.85669],[133.32977,34.8559],[133.33077,34.85622],[133.33096,34.85658],[133.33242,34.85752],[133.33255,34.85861],[133.3339,34.85895],[133.33512,34.86042],[133.33533,34.86182],[133.33745,34.863],[133.33814,34.86377],[133.33876,34.86484],[133.33879,34.86599],[133.33794,34.86653],[133.33776,34.86702],[133.33696,34.86713],[133.33622,34.8676],[133.33611,34.86819],[133.33672,34.86971],[133.33659,34.8698],[133.33712,34.86997],[133.33757,34.87009],[133.33972,34.86941],[133.34043,34.8693],[133.34127,34.8694],[133.34175,34.86899],[133.34216,34.86896],[133.34418,34.86964],[133.34471,34.8708],[133.34569,34.87149],[133.34632,34.87222],[133.347,34.87273],[133.34692,34.87362],[133.34761,34.87454],[133.34809,34.87492],[133.35024,34.87607],[133.35207,34.87708],[133.35306,34.87784],[133.35314,34.87784],[133.35507,34.87649],[133.35551,34.87623],[133.35762,34.87495],[133.35795,34.87487],[133.35987,34.87501],[133.36098,34.87494],[133.36148,34.87488],[133.36212,34.87498],[133.36281,34.87528],[133.36448,34.87556],[133.36534,34.87494],[133.36689,34.87396],[133.36802,34.87375],[133.36914,34.87384],[133.37146,34.87443],[133.37325,34.87441],[133.37457,34.87411],[133.37526,34.87374],[133.37696,34.87337],[133.37844,34.87346],[133.37912,34.87353],[133.38018,34.87335],[133.38166,34.8721],[133.38242,34.87227],[133.38335,34.87206],[133.38393,34.87139],[133.38417,34.87106],[133.38471,34.8708],[133.38638,34.87114],[133.38728,34.87086],[133.38816,34.86998],[133.38943,34.86925],[133.38995,34.86921],[133.39055,34.86971],[133.39121,34.86985],[133.39175,34.86988],[133.39285,34.87008],[133.39357,34.8707],[133.39371,34.87089],[133.39446,34.87128],[133.39482,34.87131],[133.3955,34.87167],[133.39575,34.87216],[133.39649,34.87298],[133.39805,34.87425],[133.39848,34.875],[133.39918,34.87522],[133.39961,34.875],[133.39974,34.87479],[133.40034,34.87469],[133.40071,34.87472],[133.4008,34.87477],[133.40126,34.87486],[133.40175,34.875],[133.40283,34.87467],[133.40466,34.87379],[133.40477,34.87452],[133.40694,34.87626],[133.40729,34.87709],[133.40791,34.87766],[133.40885,34.8782],[133.40997,34.87848],[133.41059,34.8796],[133.41175,34.87999],[133.4124,34.87938],[133.41289,34.87856],[133.41372,34.87817],[133.41386,34.87804],[133.41476,34.87696],[133.41508,34.87679],[133.41556,34.87686],[133.41678,34.8774],[133.417,34.87753],[133.41721,34.87776],[133.41713,34.87807],[133.41702,34.87862],[133.41752,34.87968],[133.41758,34.88],[133.41764,34.88007],[133.41786,34.88005],[133.41803,34.88019],[133.41898,34.88059],[133.41938,34.88066],[133.41974,34.88089],[133.42015,34.88107],[133.42036,34.88126],[133.42056,34.88145],[133.42074,34.88157],[133.42075,34.88178],[133.42048,34.88303],[133.42087,34.88336],[133.42124,34.88338],[133.4214,34.88335],[133.42181,34.88347],[133.4225,34.88437],[133.4231,34.8854],[133.42338,34.88571],[133.42346,34.88575],[133.42403,34.88572],[133.42424,34.88593],[133.42448,34.88646],[133.42517,34.88646],[133.42544,34.88641],[133.42549,34.88636],[133.4254,34.88601],[133.42618,34.88468],[133.42585,34.88431],[133.4261,34.88399],[133.42703,34.88376],[133.42762,34.88326],[133.4288,34.88316],[133.42928,34.88331],[133.43002,34.88315],[133.43103,34.88236],[133.43147,34.88203],[133.43241,34.8819],[133.43331,34.88161],[133.43352,34.88153],[133.43404,34.88143],[133.43467,34.88143],[133.43487,34.88098],[133.43511,34.88027],[133.43601,34.88048],[133.43685,34.88108],[133.43753,34.8816],[133.4377,34.88178],[133.438,34.88282],[133.43859,34.88333],[133.44047,34.88374],[133.44125,34.88385],[133.44155,34.88413],[133.44165,34.8842],[133.44201,34.88416],[133.44303,34.88282],[133.44326,34.88223],[133.44334,34.8816],[133.44377,34.8811],[133.44369,34.88054],[133.44379,34.8801],[133.44435,34.8795],[133.44524,34.87901],[133.4459,34.87869],[133.44635,34.8784],[133.44711,34.87763],[133.44766,34.8777],[133.44809,34.87775],[133.44828,34.87756],[133.44853,34.8771],[133.44885,34.87675],[133.44987,34.87604],[133.45012,34.87557],[133.45027,34.87512],[133.45037,34.87479],[133.45027,34.87415],[133.45091,34.87408],[133.45122,34.87418],[133.45146,34.87431],[133.45201,34.87486],[133.45242,34.87559],[133.45296,34.8757],[133.45536,34.87543],[133.45595,34.87543],[133.45642,34.87552],[133.45712,34.87565],[133.45756,34.87581],[133.45794,34.87585],[133.45916,34.87608],[133.46011,34.87617],[133.46201,34.87659],[133.46279,34.87678],[133.4639,34.87631],[133.46424,34.87652],[133.4643,34.87679],[133.4646,34.87686],[133.46509,34.87668],[133.46537,34.87712],[133.46634,34.87797],[133.46733,34.87825],[133.46778,34.87843],[133.46791,34.87857],[133.46848,34.87939],[133.46871,34.88058],[133.46872,34.88122],[133.46868,34.88136],[133.46853,34.88169],[133.46872,34.88217],[133.46871,34.88305],[133.46903,34.8836],[133.46921,34.88428],[133.46976,34.88445],[133.47015,34.88465],[133.47104,34.88506],[133.47117,34.88512],[133.47142,34.88522],[133.47155,34.88538],[133.47158,34.8857],[133.47253,34.88585],[133.47286,34.88577],[133.47365,34.88454],[133.474,34.88363],[133.47452,34.88327],[133.47501,34.88295],[133.47563,34.88289],[133.47578,34.88258],[133.47603,34.88165],[133.47631,34.88128],[133.47646,34.88099],[133.47648,34.88089],[133.47682,34.88077],[133.47748,34.8803],[133.47721,34.87965],[133.47684,34.87906],[133.47629,34.87866],[133.47585,34.87845],[133.47603,34.87823],[133.47648,34.87771],[133.4774,34.87656],[133.47774,34.87648],[133.47802,34.87639],[133.47836,34.87649],[133.4786,34.87633],[133.47881,34.8762],[133.47931,34.876],[133.47983,34.87518],[133.48043,34.87501],[133.48029,34.87388],[133.4805,34.87322],[133.48151,34.87226],[133.48204,34.87192],[133.48225,34.87185],[133.48261,34.87171],[133.48286,34.8718],[133.48382,34.87206],[133.48463,34.87264],[133.48485,34.87278],[133.48486,34.87279],[133.48521,34.87318],[133.4864,34.8741],[133.48709,34.87449],[133.48778,34.87496],[133.48804,34.87505],[133.4892,34.87504],[133.48975,34.87535],[133.49002,34.8758],[133.49038,34.87684],[133.49057,34.87707],[133.49095,34.87725],[133.4911,34.87745],[133.4912,34.8777],[133.4917,34.87841],[133.49204,34.87868],[133.4924,34.87842],[133.49351,34.87656],[133.49356,34.87653],[133.49408,34.87637],[133.49517,34.87456],[133.49556,34.87424],[133.49734,34.87619],[133.49803,34.87643],[133.4992,34.87655],[133.49956,34.87647],[133.49995,34.8765],[133.50014,34.87641],[133.50016,34.87597],[133.49985,34.87539],[133.49995,34.87488],[133.50029,34.8744],[133.50021,34.87388],[133.49994,34.87328],[133.50002,34.87294],[133.50025,34.87252],[133.50137,34.87164],[133.50169,34.87145],[133.50215,34.87136],[133.50275,34.87141],[133.50332,34.87154],[133.50464,34.87135],[133.50616,34.87062],[133.50705,34.87044],[133.50809,34.87042],[133.50892,34.86954],[133.50916,34.86941],[133.5098,34.86932],[133.51172,34.86952],[133.5129,34.86891],[133.51381,34.86821],[133.51391,34.8661],[133.51399,34.86584],[133.51429,34.86588],[133.51444,34.86596],[133.51756,34.8677],[133.51803,34.86775],[133.51865,34.86757],[133.51901,34.86772],[133.5205,34.86913],[133.52213,34.8703],[133.52327,34.8721],[133.52371,34.8741],[133.52447,34.87479],[133.5247,34.87535],[133.52447,34.8757],[133.52397,34.87652],[133.52394,34.87683],[133.52405,34.87686],[133.52433,34.87689],[133.52461,34.87695],[133.52496,34.877],[133.52558,34.87694],[133.52581,34.8769],[133.52781,34.8765],[133.52848,34.87704],[133.52912,34.87704],[133.52949,34.8765],[133.53024,34.87628],[133.53065,34.87646],[133.5314,34.87659],[133.53256,34.87643],[133.53315,34.87634],[133.5344,34.87697],[133.53464,34.877],[133.53518,34.87692],[133.53545,34.87691],[133.53587,34.87704],[133.53616,34.87728],[133.53654,34.87801],[133.5373,34.87836],[133.53867,34.87847],[133.53932,34.87893],[133.53958,34.87974],[133.53992,34.88026],[133.5414,34.88066],[133.54229,34.88063],[133.54239,34.88067],[133.54249,34.88083],[133.54262,34.8818],[133.54394,34.88181],[133.54438,34.88185],[133.54505,34.88207],[133.54608,34.88203],[133.54621,34.88217],[133.54604,34.88281],[133.54686,34.88274],[133.54709,34.88224],[133.54742,34.88204],[133.54796,34.88195],[133.5488,34.88184],[133.5489,34.88157],[133.54905,34.88125],[133.55061,34.88093],[133.5508,34.88224]],[[133.50679,35.10975],[133.50687,35.10967],[133.50687,35.1095],[133.50679,35.10975]],[[133.52148,35.08979],[133.52155,35.08925],[133.5216,35.08912],[133.52149,35.0894],[133.52148,35.08979]],[[133.53983,35.06676],[133.54014,35.06606],[133.54023,35.06577],[133.53983,35.06676]],[[133.39577,35.0255],[133.39528,35.02581],[133.39576,35.02561],[133.39577,35.0255]],[[133.41752,35.08657],[133.41762,35.08672],[133.41795,35.0872],[133.41752,35.08657]],[[133.41309,35.1014],[133.41258,35.10152],[133.41189,35.10149],[133.41239,35.10153],[133.41271,35.10151],[133.41309,35.1014]],[[133.40751,35.10791],[133.40725,35.1083],[133.40706,35.10877],[133.40751,35.10791]],[[133.38233,34.99908],[133.38125,34.99892],[133.38026,34.99898],[133.38233,34.99908]],[[133.38335,34.98438],[133.38233,34.98364],[133.38289,34.98415],[133.38335,34.98438]],[[133.38144,34.98212],[133.38122,34.98183],[133.38103,34.98159],[133.38144,34.98212]],[[133.35922,34.91952],[133.35961,34.92008],[133.35963,34.92005],[133.35922,34.91952]],[[133.43487,34.94245],[133.43464,34.9437],[133.43486,34.94251],[133.43487,34.94245]],[[133.35221,34.96592],[133.35266,34.96538],[133.35242,34.96559],[133.35221,34.96592]],[[133.36592,34.9547],[133.36527,34.95406],[133.36558,34.95471],[133.36592,34.9547]],[[133.34532,34.9463],[133.34547,34.94599],[133.34532,34.9462],[133.34532,34.9463]],[[133.32986,34.91491],[133.32911,34.91556],[133.3289,34.91581],[133.32986,34.91491]]],[[[133.53688,35.05437],[133.53682,35.05436],[133.53634,35.0542],[133.53688,35.05437]]]]}},{"type":"Feature","properties":{"nm":"備前市","b":[134.103,34.6801,134.347,34.9492],"c":[134.23043,34.79807]},"geometry":{"type":"MultiPolygon","coordinates":[[[[134.12646,34.71765],[134.1275,34.71736],[134.12799,34.71715],[134.12825,34.71708],[134.12873,34.7172],[134.13015,34.71751],[134.13038,34.71751],[134.13192,34.71762],[134.1332,34.71734],[134.13358,34.71741],[134.13395,34.71847],[134.1349,34.71806],[134.13547,34.71814],[134.13671,34.71861],[134.137,34.7188],[134.13776,34.72029],[134.13826,34.72069],[134.13877,34.72089],[134.13906,34.72098],[134.13931,34.72107],[134.13961,34.72127],[134.1396,34.72235],[134.14024,34.7224],[134.14055,34.72293],[134.14278,34.72353],[134.14319,34.7238],[134.14336,34.72418],[134.14332,34.72534],[134.14375,34.72573],[134.14539,34.72627],[134.14586,34.72668],[134.14693,34.72629],[134.14736,34.72591],[134.14775,34.72568],[134.14811,34.72564],[134.14988,34.72612],[134.15122,34.72676],[134.15174,34.72652],[134.15201,34.72574],[134.15122,34.72466],[134.15122,34.72408],[134.1523,34.7231],[134.1526,34.72233],[134.15378,34.72087],[134.15553,34.72004],[134.15603,34.71977],[134.15758,34.71875],[134.15829,34.71908],[134.15866,34.7192],[134.15916,34.71848],[134.15959,34.71841],[134.16057,34.7161],[134.16165,34.7159],[134.16226,34.71579],[134.16286,34.71581],[134.16434,34.71538],[134.16481,34.71507],[134.1651,34.71479],[134.16515,34.71471],[134.16506,34.71408],[134.16476,34.71311],[134.16428,34.7127],[134.16425,34.71185],[134.16394,34.71169],[134.16365,34.71151],[134.16348,34.71122],[134.16304,34.71075],[134.16327,34.70982],[134.16328,34.70966],[134.16273,34.70938],[134.16235,34.70925],[134.16221,34.70917],[134.16202,34.70898],[134.16195,34.70892],[134.16158,34.70883],[134.16106,34.70834],[134.16125,34.70753],[134.1612,34.70696],[134.16121,34.70617],[134.16079,34.70582],[134.16092,34.70563],[134.16118,34.70518],[134.16095,34.70428],[134.15989,34.70313],[134.15972,34.70289],[134.15964,34.70215],[134.15916,34.70117],[134.15884,34.7008],[134.15902,34.70013],[134.15922,34.69983],[134.15932,34.69856],[134.16002,34.69823],[134.16032,34.69796],[134.16053,34.69753],[134.16055,34.69658],[134.16044,34.6955],[134.16008,34.69433],[134.16102,34.69285],[134.16124,34.69245],[134.16169,34.69181],[134.16174,34.69167],[134.16191,34.69197],[134.16201,34.69223],[134.16207,34.69263],[134.16218,34.69264],[134.1624,34.69231],[134.16253,34.69222],[134.16285,34.69213],[134.1631,34.69201],[134.16319,34.69194],[134.16322,34.69186],[134.16282,34.69163],[134.16281,34.69156],[134.16283,34.69149],[134.16277,34.69149],[134.16266,34.69146],[134.16235,34.69164],[134.16215,34.6916],[134.16177,34.69128],[134.16165,34.69093],[134.16139,34.69075],[134.16099,34.69064],[134.16066,34.69045],[134.1605,34.69007],[134.16053,34.68994],[134.16097,34.68858],[134.16067,34.68792],[134.16096,34.68708],[134.16118,34.68674],[134.1613,34.68646],[134.16124,34.68616],[134.16101,34.68575],[134.16121,34.68541],[134.16159,34.68484],[134.1625,34.68444],[134.16269,34.68442],[134.16295,34.68412],[134.16326,34.68389],[134.16347,34.684],[134.16422,34.68408],[134.16442,34.68405],[134.16496,34.68399],[134.16587,34.68508],[134.16777,34.68495],[134.16865,34.68525],[134.16982,34.68447],[134.17101,34.68497],[134.17276,34.68498],[134.17391,34.68466],[134.17464,34.68476],[134.1755,34.68571],[134.17612,34.68607],[134.17754,34.68633],[134.17831,34.68719],[134.18122,34.68778],[134.18259,34.68837],[134.18303,34.68875],[134.1842,34.68904],[134.18502,34.68957],[134.18491,34.69013],[134.18552,34.69067],[134.18603,34.69254],[134.18655,34.69281],[134.1874,34.69389],[134.18784,34.69415],[134.18865,34.69413],[134.18893,34.69374],[134.19044,34.69364],[134.19125,34.69387],[134.19224,34.69484],[134.19345,34.6952],[134.19416,34.69651],[134.19417,34.69716],[134.19611,34.69711],[134.19703,34.69817],[134.19764,34.6984],[134.19868,34.69933],[134.19983,34.6992],[134.20075,34.69945],[134.20116,34.7002],[134.20188,34.70056],[134.20257,34.7017],[134.20371,34.70192],[134.20454,34.70171],[134.20707,34.70175],[134.20742,34.70239],[134.20863,34.70264],[134.20921,34.70249],[134.21072,34.70377],[134.213,34.70384],[134.21396,34.70302],[134.21482,34.70361],[134.21602,34.70414],[134.21694,34.70369],[134.21874,34.70313],[134.21925,34.70317],[134.21973,34.7038],[134.2214,34.70299],[134.22336,34.70337],[134.22388,34.70383],[134.22497,34.70428],[134.2261,34.70428],[134.22656,34.70489],[134.22685,34.70592],[134.22877,34.7056],[134.22934,34.70537],[134.23115,34.70638],[134.23169,34.70737],[134.23135,34.70833],[134.23134,34.70836],[134.23111,34.70899],[134.23107,34.70922],[134.23099,34.70974],[134.23097,34.71003],[134.23078,34.71029],[134.23072,34.71058],[134.23076,34.71087],[134.23091,34.71139],[134.23116,34.71197],[134.23077,34.71312],[134.23047,34.71362],[134.22915,34.71401],[134.2283,34.71449],[134.22813,34.71454],[134.22809,34.71413],[134.2287,34.71295],[134.22795,34.71228],[134.22731,34.71206],[134.22598,34.71199],[134.22528,34.71146],[134.22424,34.71123],[134.2234,34.7114],[134.22162,34.71029],[134.22,34.70856],[134.219,34.7083],[134.21795,34.70777],[134.21807,34.70818],[134.2191,34.70908],[134.21853,34.70958],[134.21709,34.70952],[134.21651,34.70977],[134.21355,34.71011],[134.21079,34.70998],[134.20704,34.70955],[134.20574,34.71068],[134.20397,34.71012],[134.20281,34.71005],[134.20223,34.7098],[134.20111,34.70877],[134.1986,34.70827],[134.19749,34.70776],[134.19742,34.70817],[134.20083,34.70951],[134.20137,34.71023],[134.20206,34.71066],[134.20352,34.71116],[134.20482,34.71187],[134.20617,34.7123],[134.20645,34.71295],[134.20718,34.71312],[134.20759,34.71261],[134.2082,34.71269],[134.20953,34.71401],[134.2103,34.71403],[134.21113,34.71478],[134.21174,34.71462],[134.21419,34.71528],[134.21429,34.71582],[134.21419,34.7163],[134.21295,34.71709],[134.21201,34.7172],[134.21142,34.71687],[134.2105,34.71591],[134.20961,34.7153],[134.20867,34.71505],[134.20858,34.71647],[134.20661,34.71652],[134.20592,34.71718],[134.20531,34.717],[134.20446,34.71715],[134.20324,34.71555],[134.20261,34.71546],[134.2018,34.71461],[134.20086,34.71458],[134.19962,34.71513],[134.19917,34.71476],[134.19803,34.71474],[134.1977,34.71504],[134.19771,34.71644],[134.19795,34.71656],[134.1975,34.71737],[134.19634,34.71782],[134.19529,34.71762],[134.19517,34.71713],[134.19451,34.71686],[134.19448,34.71929],[134.1923,34.71999],[134.19398,34.72015],[134.19405,34.7212],[134.19497,34.72187],[134.19682,34.72067],[134.19981,34.72115],[134.20106,34.72166],[134.20321,34.72289],[134.20439,34.72276],[134.20492,34.726],[134.20507,34.72647],[134.20467,34.72709],[134.20143,34.72752],[134.19967,34.72801],[134.19959,34.72863],[134.19726,34.72918],[134.19553,34.72978],[134.19181,34.73264],[134.18985,34.73378],[134.18964,34.7336],[134.18697,34.73445],[134.18563,34.73444],[134.18398,34.73506],[134.18186,34.73508],[134.17978,34.7342],[134.17941,34.73304],[134.17856,34.73434],[134.18046,34.7352],[134.17991,34.7358],[134.17892,34.73586],[134.17975,34.73609],[134.17924,34.73681],[134.18056,34.73819],[134.18043,34.73825],[134.18262,34.74044],[134.18306,34.74014],[134.18409,34.74118],[134.18501,34.74018],[134.18545,34.74078],[134.18515,34.74159],[134.18548,34.74253],[134.18601,34.74316],[134.1858,34.74248],[134.18738,34.74062],[134.18828,34.74102],[134.18788,34.74054],[134.18636,34.73945],[134.18599,34.73857],[134.18701,34.73777],[134.18966,34.73656],[134.19201,34.73531],[134.19433,34.73428],[134.19465,34.73479],[134.19521,34.73455],[134.1949,34.73402],[134.19724,34.73286],[134.19975,34.73205],[134.20234,34.73146],[134.20389,34.7308],[134.20396,34.7305],[134.20797,34.73008],[134.20805,34.73064],[134.20883,34.7305],[134.20942,34.73073],[134.2095,34.73121],[134.21171,34.73151],[134.21317,34.73081],[134.21451,34.73043],[134.21519,34.73078],[134.21635,34.73084],[134.21793,34.7305],[134.21812,34.72995],[134.21927,34.73057],[134.2194,34.731],[134.22024,34.73154],[134.22113,34.73158],[134.22139,34.72987],[134.22319,34.73002],[134.22337,34.73173],[134.22402,34.73174],[134.22417,34.73116],[134.22872,34.73137],[134.2292,34.73118],[134.2301,34.72881],[134.23083,34.72872],[134.23254,34.72568],[134.23265,34.72515],[134.23222,34.72408],[134.23241,34.72321],[134.23198,34.72271],[134.23042,34.72301],[134.22923,34.72297],[134.22878,34.7232],[134.22858,34.72238],[134.22802,34.72179],[134.2268,34.7222],[134.22666,34.72144],[134.22622,34.72091],[134.22563,34.72103],[134.2252,34.72005],[134.2255,34.71952],[134.22617,34.71933],[134.22758,34.72055],[134.22994,34.7203],[134.23044,34.72001],[134.23358,34.71914],[134.23389,34.7201],[134.23351,34.72081],[134.23407,34.72106],[134.23537,34.72049],[134.2378,34.71988],[134.2384,34.71987],[134.23921,34.71924],[134.2415,34.71834],[134.24265,34.71731],[134.2428,34.71652],[134.24346,34.7155],[134.24386,34.71549],[134.2438,34.71527],[134.24825,34.71652],[134.25,34.71727],[134.25088,34.71833],[134.25188,34.71842],[134.25273,34.71821],[134.25344,34.71836],[134.25558,34.71807],[134.25762,34.71815],[134.26023,34.71878],[134.26247,34.71847],[134.2639,34.71842],[134.26742,34.71878],[134.26861,34.71923],[134.26867,34.72038],[134.26942,34.7208],[134.26993,34.7223],[134.26881,34.72431],[134.26911,34.72588],[134.26907,34.72709],[134.26814,34.72867],[134.26764,34.73025],[134.2677,34.73066],[134.26809,34.73049],[134.26878,34.73139],[134.27004,34.73149],[134.27037,34.73113],[134.26949,34.73056],[134.27087,34.72884],[134.27125,34.72816],[134.27027,34.72778],[134.2711,34.72629],[134.27628,34.72826],[134.27613,34.72983],[134.27642,34.72999],[134.27609,34.73186],[134.27553,34.73246],[134.27328,34.7334],[134.27332,34.7335],[134.27421,34.73332],[134.27533,34.73443],[134.27547,34.73457],[134.27902,34.73394],[134.2793,34.73301],[134.28015,34.73292],[134.28001,34.73358],[134.28053,34.73178],[134.28049,34.73118],[134.28092,34.73059],[134.28233,34.72988],[134.28361,34.73032],[134.28507,34.73234],[134.28491,34.7333],[134.28564,34.73397],[134.28694,34.73454],[134.28898,34.73504],[134.29213,34.73541],[134.29263,34.73524],[134.29256,34.73586],[134.29161,34.73819],[134.29182,34.73827],[134.29244,34.73836],[134.29359,34.73606],[134.29802,34.73654],[134.30005,34.73591],[134.30193,34.73483],[134.30582,34.73409],[134.30701,34.73408],[134.31121,34.7333],[134.31141,34.73386],[134.31206,34.73382],[134.31317,34.73274],[134.31347,34.73285],[134.31453,34.73232],[134.3164,34.73127],[134.31689,34.73057],[134.3179,34.72999],[134.31841,34.72917],[134.31934,34.72854],[134.3196,34.72803],[134.31996,34.72485],[134.32022,34.72373],[134.32071,34.72271],[134.32147,34.72172],[134.32239,34.72228],[134.32176,34.72268],[134.32159,34.72335],[134.32188,34.72418],[134.32184,34.72607],[134.32114,34.72753],[134.32109,34.72933],[134.32365,34.731],[134.32394,34.73199],[134.32189,34.73304],[134.32147,34.73347],[134.32118,34.73462],[134.32075,34.73528],[134.31884,34.73543],[134.31698,34.73528],[134.31532,34.73634],[134.31497,34.73712],[134.31323,34.7384],[134.31383,34.73912],[134.31362,34.74013],[134.3146,34.74053],[134.31498,34.7418],[134.31647,34.74404],[134.31684,34.74683],[134.31694,34.74839],[134.31709,34.74962],[134.31795,34.75098],[134.31831,34.75212],[134.31825,34.75285],[134.3177,34.75353],[134.31825,34.75496],[134.3182,34.75624],[134.31854,34.7568],[134.31971,34.75748],[134.32019,34.758],[134.32025,34.75911],[134.32156,34.76171],[134.32264,34.76205],[134.32388,34.76294],[134.32444,34.76357],[134.32577,34.76338],[134.32649,34.76355],[134.32784,34.76431],[134.32745,34.76649],[134.32888,34.76678],[134.32981,34.76674],[134.33019,34.76742],[134.33104,34.76646],[134.33218,34.76617],[134.3331,34.76552],[134.33365,34.76575],[134.33392,34.76695],[134.33495,34.76881],[134.33495,34.76917],[134.33406,34.77017],[134.33346,34.77001],[134.3308,34.77111],[134.33121,34.77276],[134.32998,34.77364],[134.32966,34.77452],[134.32824,34.77438],[134.32752,34.77473],[134.32597,34.77512],[134.32373,34.77459],[134.32336,34.7742],[134.32193,34.77517],[134.32011,34.7762],[134.32086,34.77673],[134.31978,34.77805],[134.31832,34.77795],[134.3179,34.77775],[134.3178,34.77985],[134.31704,34.78005],[134.31579,34.78078],[134.31584,34.78178],[134.31643,34.78286],[134.31797,34.78355],[134.31938,34.78719],[134.31923,34.7881],[134.316,34.79195],[134.31818,34.79311],[134.31742,34.79407],[134.31752,34.79565],[134.31701,34.79661],[134.31629,34.79709],[134.31717,34.79779],[134.31738,34.79889],[134.31716,34.79979],[134.31677,34.80004],[134.3165,34.80093],[134.31699,34.80196],[134.31603,34.80256],[134.31426,34.80298],[134.31176,34.80266],[134.31042,34.80296],[134.31008,34.80332],[134.31028,34.80415],[134.30979,34.80486],[134.30847,34.80542],[134.30871,34.80694],[134.30756,34.80732],[134.30629,34.80848],[134.3072,34.81089],[134.30686,34.81148],[134.30589,34.81217],[134.3047,34.81237],[134.3038,34.81368],[134.30256,34.81412],[134.30213,34.81457],[134.30149,34.81456],[134.30124,34.81375],[134.30025,34.81362],[134.2997,34.81392],[134.29848,34.81344],[134.29791,34.81355],[134.29798,34.81418],[134.29755,34.81488],[134.29577,34.81561],[134.29533,34.81557],[134.29545,34.81641],[134.29502,34.81669],[134.29548,34.81753],[134.29528,34.81841],[134.29435,34.81866],[134.29345,34.81842],[134.29154,34.82021],[134.2905,34.82029],[134.28807,34.82178],[134.28774,34.82354],[134.28827,34.82467],[134.28811,34.82609],[134.2884,34.827],[134.28843,34.82827],[134.28754,34.82855],[134.28705,34.82899],[134.28525,34.82899],[134.2844,34.82879],[134.2834,34.82957],[134.28199,34.82988],[134.28184,34.82937],[134.28025,34.82918],[134.27887,34.82872],[134.27814,34.82866],[134.27743,34.82825],[134.27636,34.8285],[134.27573,34.82833],[134.27468,34.82877],[134.27449,34.82816],[134.27365,34.82736],[134.27168,34.82668],[134.2704,34.82743],[134.26989,34.82749],[134.26992,34.82678],[134.26872,34.82616],[134.26712,34.82607],[134.26616,34.82556],[134.26523,34.82627],[134.26496,34.82675],[134.26364,34.82692],[134.26332,34.82795],[134.2626,34.82837],[134.26174,34.83117],[134.26261,34.83166],[134.2634,34.83275],[134.26289,34.83424],[134.26206,34.83552],[134.26161,34.83575],[134.26264,34.83625],[134.26303,34.83691],[134.26443,34.83716],[134.26504,34.83759],[134.26545,34.83856],[134.26507,34.83939],[134.2652,34.84047],[134.26352,34.84122],[134.26191,34.8441],[134.26277,34.84523],[134.26213,34.84635],[134.26044,34.84719],[134.25953,34.84722],[134.25866,34.84688],[134.2583,34.84809],[134.25745,34.84898],[134.25586,34.84817],[134.25481,34.84892],[134.25419,34.85001],[134.25428,34.8508],[134.25308,34.85143],[134.25271,34.85221],[134.25383,34.8534],[134.25356,34.85414],[134.25383,34.8551],[134.25343,34.85585],[134.25387,34.85703],[134.25454,34.85726],[134.25461,34.8577],[134.25559,34.85837],[134.25516,34.85993],[134.25542,34.86069],[134.25619,34.86117],[134.25649,34.86169],[134.25837,34.86276],[134.25817,34.86337],[134.2585,34.86444],[134.25918,34.86488],[134.2597,34.86674],[134.26013,34.86711],[134.25978,34.86795],[134.25883,34.86873],[134.25904,34.86925],[134.2587,34.87029],[134.2591,34.87067],[134.2596,34.87046],[134.26092,34.87047],[134.26155,34.87109],[134.2627,34.87115],[134.26314,34.87092],[134.26407,34.87221],[134.2655,34.87292],[134.26562,34.87369],[134.26632,34.8741],[134.26686,34.87529],[134.26675,34.87606],[134.26627,34.8763],[134.2663,34.87694],[134.26526,34.87781],[134.26463,34.87774],[134.26379,34.87814],[134.26418,34.8791],[134.26321,34.87956],[134.26243,34.8821],[134.26233,34.8836],[134.26278,34.88452],[134.26322,34.88485],[134.26437,34.88512],[134.26622,34.88455],[134.26749,34.88335],[134.26864,34.88393],[134.27014,34.88353],[134.26961,34.88454],[134.26967,34.88493],[134.2689,34.88599],[134.26866,34.88777],[134.26907,34.88819],[134.26913,34.88919],[134.27015,34.8898],[134.27128,34.88989],[134.27199,34.88971],[134.27301,34.89064],[134.27273,34.89136],[134.27334,34.89268],[134.27453,34.89314],[134.27513,34.89315],[134.27553,34.89396],[134.2774,34.89474],[134.27789,34.89513],[134.27932,34.89516],[134.27997,34.89554],[134.28127,34.89584],[134.28286,34.89518],[134.28384,34.89553],[134.2839,34.89688],[134.28627,34.89707],[134.28756,34.89729],[134.28925,34.8979],[134.28968,34.89875],[134.28839,34.89941],[134.2881,34.89996],[134.28846,34.90041],[134.28936,34.90026],[134.29029,34.90049],[134.29046,34.90124],[134.29164,34.90156],[134.2924,34.90211],[134.29232,34.90283],[134.29373,34.90281],[134.2941,34.90349],[134.29494,34.90408],[134.29451,34.90456],[134.29481,34.90507],[134.29513,34.90724],[134.29485,34.90768],[134.29308,34.90834],[134.29312,34.90994],[134.29281,34.91142],[134.29126,34.91088],[134.2901,34.9109],[134.28949,34.91115],[134.28811,34.91242],[134.28776,34.91433],[134.28742,34.91527],[134.28623,34.91628],[134.28374,34.91695],[134.28334,34.91783],[134.28351,34.91873],[134.28508,34.91993],[134.28468,34.92112],[134.28403,34.92129],[134.28088,34.92148],[134.27806,34.92153],[134.27706,34.92266],[134.277,34.92339],[134.27499,34.9241],[134.27576,34.92727],[134.27555,34.92771],[134.27604,34.9295],[134.2759,34.92978],[134.27485,34.93001],[134.27475,34.93139],[134.27359,34.93178],[134.27307,34.93255],[134.272,34.93285],[134.27137,34.93339],[134.26914,34.93404],[134.26894,34.93476],[134.26805,34.93584],[134.26731,34.93638],[134.26744,34.9356],[134.26678,34.93529],[134.26514,34.93605],[134.26461,34.93687],[134.26385,34.93602],[134.26303,34.93624],[134.26316,34.93707],[134.26255,34.93751],[134.26135,34.93708],[134.26047,34.93621],[134.26,34.93479],[134.25952,34.93421],[134.25861,34.93399],[134.25825,34.9356],[134.25726,34.93587],[134.25703,34.93623],[134.25585,34.93674],[134.25536,34.93752],[134.25398,34.93742],[134.25356,34.93951],[134.25329,34.94211],[134.25377,34.94316],[134.2532,34.94405],[134.25417,34.94456],[134.2546,34.94544],[134.25345,34.94608],[134.25304,34.94735],[134.25197,34.94746],[134.25124,34.94861],[134.25037,34.94914],[134.24976,34.94922],[134.24724,34.9484],[134.24615,34.94824],[134.24565,34.94734],[134.24483,34.94717],[134.24388,34.94696],[134.24437,34.9462],[134.24443,34.94519],[134.24579,34.94468],[134.24629,34.94362],[134.24575,34.94321],[134.24655,34.94246],[134.24615,34.94145],[134.24319,34.94006],[134.2424,34.93911],[134.23971,34.938],[134.23711,34.93752],[134.23568,34.93765],[134.23499,34.93531],[134.23513,34.9334],[134.23527,34.93269],[134.23539,34.93208],[134.23553,34.93158],[134.23565,34.92995],[134.23573,34.92942],[134.23526,34.92883],[134.23471,34.92747],[134.2327,34.92669],[134.23245,34.9257],[134.23188,34.92512],[134.23085,34.92491],[134.23061,34.92469],[134.23026,34.92409],[134.2294,34.92368],[134.22916,34.92409],[134.2287,34.92447],[134.22763,34.92408],[134.22693,34.92369],[134.22641,34.92359],[134.22649,34.9227],[134.22712,34.92168],[134.22758,34.92126],[134.22714,34.92102],[134.22664,34.92049],[134.22653,34.91995],[134.2267,34.91932],[134.22644,34.91821],[134.22658,34.91787],[134.22678,34.917],[134.22574,34.91679],[134.22511,34.91664],[134.22465,34.9163],[134.22416,34.91525],[134.22439,34.91358],[134.22411,34.91298],[134.22422,34.91195],[134.22519,34.91159],[134.22562,34.91112],[134.22582,34.91064],[134.22618,34.91024],[134.22629,34.90993],[134.22703,34.90885],[134.22605,34.90897],[134.2246,34.90865],[134.22429,34.90795],[134.2242,34.90752],[134.22301,34.9069],[134.22109,34.90581],[134.22095,34.90644],[134.22076,34.90727],[134.2202,34.90758],[134.2181,34.90798],[134.21731,34.90822],[134.21662,34.90856],[134.2161,34.90959],[134.21568,34.91076],[134.21467,34.91074],[134.2136,34.91038],[134.21306,34.91029],[134.21112,34.91047],[134.21046,34.91053],[134.20925,34.91033],[134.208,34.91044],[134.20699,34.91018],[134.20614,34.91014],[134.20546,34.91048],[134.2053,34.91102],[134.20517,34.91164],[134.20521,34.91238],[134.20474,34.9128],[134.20429,34.91341],[134.20348,34.91421],[134.203,34.91436],[134.20227,34.91475],[134.20119,34.91488],[134.19959,34.91499],[134.19829,34.91427],[134.19682,34.91464],[134.19573,34.91414],[134.19525,34.91349],[134.19513,34.91251],[134.19549,34.91127],[134.19426,34.91004],[134.19523,34.90953],[134.19533,34.90874],[134.19599,34.90786],[134.19598,34.90696],[134.19666,34.90605],[134.1968,34.90489],[134.19658,34.90378],[134.19605,34.90254],[134.19529,34.90187],[134.19533,34.90116],[134.19648,34.90067],[134.19606,34.89952],[134.19636,34.89918],[134.19739,34.89896],[134.19865,34.89799],[134.19935,34.89648],[134.20011,34.89596],[134.19972,34.89423],[134.199,34.89392],[134.19798,34.89124],[134.19728,34.89099],[134.19685,34.89091],[134.19658,34.89083],[134.19588,34.89046],[134.19538,34.88994],[134.19529,34.88936],[134.1959,34.88762],[134.19612,34.88692],[134.19576,34.88666],[134.19532,34.88563],[134.19469,34.88545],[134.19433,34.88532],[134.19411,34.88436],[134.19439,34.88368],[134.19478,34.88199],[134.19467,34.88094],[134.19375,34.88181],[134.19303,34.88151],[134.19298,34.88106],[134.19288,34.87981],[134.1924,34.87875],[134.19171,34.87827],[134.19143,34.87819],[134.19086,34.87759],[134.19073,34.87652],[134.18948,34.87508],[134.18876,34.87468],[134.18774,34.87463],[134.18635,34.87518],[134.18585,34.87627],[134.18531,34.87717],[134.18494,34.87759],[134.18443,34.87736],[134.1838,34.87637],[134.18368,34.87531],[134.18376,34.87402],[134.18441,34.87277],[134.18401,34.87185],[134.18372,34.87154],[134.18388,34.87044],[134.18339,34.86985],[134.1833,34.86951],[134.18269,34.86872],[134.18298,34.86829],[134.18305,34.86802],[134.18264,34.86679],[134.18226,34.86613],[134.1817,34.86573],[134.18094,34.86506],[134.18061,34.86424],[134.1804,34.86267],[134.18012,34.85929],[134.18086,34.85936],[134.18138,34.85953],[134.18261,34.8593],[134.18337,34.85947],[134.18409,34.85993],[134.18497,34.8605],[134.1863,34.86073],[134.1872,34.86109],[134.18928,34.86186],[134.1893,34.86048],[134.18942,34.86023],[134.19023,34.85899],[134.19065,34.85893],[134.19203,34.85847],[134.19292,34.85819],[134.19364,34.85779],[134.19485,34.85768],[134.19523,34.85811],[134.19618,34.85848],[134.19675,34.85796],[134.1979,34.85765],[134.19979,34.85655],[134.20099,34.85674],[134.20208,34.85672],[134.20286,34.85709],[134.20384,34.85733],[134.20485,34.85724],[134.20591,34.85678],[134.20616,34.85626],[134.20657,34.85505],[134.20646,34.85339],[134.20718,34.85212],[134.2083,34.85118],[134.21017,34.84972],[134.21091,34.84873],[134.211,34.84783],[134.21065,34.8471],[134.21057,34.84632],[134.21044,34.84551],[134.20889,34.84478],[134.20829,34.844],[134.20821,34.84346],[134.20943,34.84268],[134.2104,34.84211],[134.21565,34.84068],[134.21629,34.84022],[134.2162,34.83966],[134.21591,34.83932],[134.21396,34.83872],[134.21397,34.83825],[134.21349,34.83764],[134.21204,34.83719],[134.2109,34.83571],[134.21019,34.83436],[134.21093,34.83332],[134.21093,34.83273],[134.20995,34.83131],[134.21003,34.83086],[134.2098,34.83008],[134.20823,34.82941],[134.20742,34.82837],[134.20742,34.82776],[134.20823,34.82687],[134.20763,34.82658],[134.20709,34.82604],[134.20653,34.82501],[134.20589,34.82293],[134.20528,34.82179],[134.20374,34.8217],[134.20255,34.82117],[134.20196,34.82017],[134.20113,34.81953],[134.20089,34.81853],[134.20032,34.81827],[134.19979,34.81847],[134.19886,34.81835],[134.19815,34.81791],[134.19727,34.81682],[134.19677,34.8153],[134.19772,34.81294],[134.19752,34.81192],[134.198,34.81186],[134.19631,34.80981],[134.19642,34.80967],[134.1934,34.80902],[134.1923,34.80888],[134.19277,34.80844],[134.19367,34.80631],[134.1928,34.80337],[134.19143,34.80194],[134.19056,34.80028],[134.19108,34.79898],[134.19213,34.79847],[134.19182,34.79736],[134.19243,34.79441],[134.19293,34.79343],[134.19366,34.79301],[134.19574,34.79298],[134.19791,34.79209],[134.19831,34.79185],[134.19874,34.79155],[134.19959,34.79087],[134.19977,34.79026],[134.20055,34.78967],[134.19994,34.79005],[134.19919,34.78821],[134.1982,34.78683],[134.19765,34.78568],[134.19705,34.78363],[134.19496,34.78315],[134.19387,34.78312],[134.1921,34.78193],[134.19128,34.7817],[134.19165,34.77875],[134.19315,34.77871],[134.19416,34.7785],[134.19514,34.77805],[134.19612,34.77678],[134.19742,34.77608],[134.19818,34.77459],[134.19856,34.77312],[134.19965,34.77237],[134.20009,34.77077],[134.20056,34.77009],[134.2,34.7692],[134.20002,34.76878],[134.20144,34.76735],[134.20159,34.76701],[134.2003,34.76591],[134.19897,34.76524],[134.19661,34.76534],[134.1954,34.76457],[134.19458,34.76277],[134.19409,34.76336],[134.19391,34.76418],[134.19218,34.76338],[134.19092,34.76372],[134.19073,34.7646],[134.19009,34.76479],[134.18963,34.76455],[134.18935,34.76441],[134.18824,34.76356],[134.18792,34.7634],[134.18703,34.76339],[134.18645,34.76311],[134.18619,34.76301],[134.18591,34.7632],[134.18558,34.76347],[134.18547,34.76382],[134.18515,34.76451],[134.18482,34.76464],[134.18419,34.76485],[134.18339,34.76512],[134.18302,34.76527],[134.18274,34.76537],[134.18209,34.76541],[134.1819,34.76534],[134.18181,34.76506],[134.18179,34.76499],[134.18163,34.76481],[134.18093,34.76401],[134.18081,34.7639],[134.18055,34.76364],[134.17972,34.76336],[134.17911,34.76312],[134.17887,34.76302],[134.17874,34.76273],[134.17841,34.76223],[134.17807,34.76183],[134.17735,34.76086],[134.17646,34.76047],[134.17604,34.76069],[134.17539,34.7611],[134.17498,34.76097],[134.17434,34.76046],[134.17329,34.76026],[134.17309,34.76004],[134.17215,34.75985],[134.17185,34.75978],[134.1714,34.75947],[134.17132,34.75938],[134.17069,34.75932],[134.17031,34.75947],[134.16803,34.75955],[134.16763,34.75971],[134.16749,34.75999],[134.16674,34.76009],[134.16622,34.75998],[134.16427,34.75974],[134.16378,34.75964],[134.16291,34.75951],[134.16197,34.75958],[134.1611,34.76022],[134.16086,34.76043],[134.16024,34.76097],[134.15984,34.76139],[134.15893,34.76079],[134.15866,34.76058],[134.15834,34.76041],[134.15775,34.76016],[134.15562,34.75951],[134.15501,34.75956],[134.15415,34.76029],[134.15243,34.76116],[134.15135,34.76097],[134.14968,34.76162],[134.14909,34.76212],[134.14896,34.76268],[134.14927,34.76344],[134.14843,34.76406],[134.1475,34.76437],[134.14773,34.76529],[134.14645,34.76637],[134.14599,34.76698],[134.14514,34.76711],[134.14467,34.76612],[134.14407,34.7658],[134.14256,34.7662],[134.14194,34.76613],[134.14067,34.76498],[134.13962,34.76376],[134.13938,34.7632],[134.13787,34.76325],[134.13722,34.76251],[134.13619,34.76225],[134.13546,34.76148],[134.13486,34.76122],[134.13332,34.76001],[134.13278,34.75895],[134.13128,34.75868],[134.12876,34.75766],[134.12827,34.75766],[134.12719,34.75689],[134.12731,34.75655],[134.12649,34.75578],[134.1244,34.75614],[134.12361,34.75605],[134.12241,34.75642],[134.12194,34.7559],[134.12176,34.75545],[134.12253,34.75473],[134.12194,34.75402],[134.12241,34.75308],[134.12299,34.75215],[134.12263,34.75116],[134.12267,34.75034],[134.12236,34.75001],[134.1211,34.74968],[134.12101,34.74881],[134.1197,34.7475],[134.11875,34.74787],[134.11751,34.74735],[134.11698,34.74799],[134.11527,34.74765],[134.11437,34.74696],[134.11264,34.74605],[134.11084,34.74592],[134.11051,34.74555],[134.11072,34.74445],[134.11155,34.74366],[134.11152,34.74225],[134.10889,34.74154],[134.10741,34.74131],[134.10585,34.74201],[134.1061,34.74053],[134.10629,34.73894],[134.10621,34.73771],[134.10568,34.73672],[134.10495,34.73472],[134.10462,34.73279],[134.10303,34.72648],[134.10448,34.72636],[134.10565,34.72597],[134.10639,34.72613],[134.10651,34.72658],[134.10652,34.72681],[134.1067,34.72713],[134.10709,34.72762],[134.10848,34.72836],[134.10886,34.72811],[134.11097,34.72764],[134.11133,34.72696],[134.11127,34.72683],[134.11122,34.72677],[134.11018,34.72255],[134.10998,34.72164],[134.1101,34.71902],[134.11033,34.71898],[134.11035,34.71858],[134.11054,34.71812],[134.10954,34.7165],[134.10919,34.71559],[134.10896,34.71469],[134.10851,34.71415],[134.107,34.71235],[134.10831,34.7125],[134.10948,34.71195],[134.10975,34.71207],[134.1104,34.71135],[134.1117,34.71049],[134.11116,34.70977],[134.11119,34.70953],[134.11119,34.70908],[134.11285,34.70908],[134.11566,34.70747],[134.1186,34.70569],[134.1185,34.70449],[134.12244,34.70215],[134.12383,34.7038],[134.12281,34.7044],[134.12401,34.70606],[134.12317,34.70654],[134.12464,34.70816],[134.12161,34.7099],[134.12227,34.71086],[134.12488,34.71377],[134.12488,34.71398],[134.12476,34.71445],[134.12479,34.71548],[134.12508,34.71566],[134.12603,34.7161],[134.12638,34.71671],[134.12646,34.71765]],[[134.11162,34.72692],[134.11212,34.72724],[134.11218,34.72705],[134.11162,34.72692]],[[134.2399,34.79947],[134.241,34.79947],[134.24124,34.79938],[134.2399,34.79947]],[[134.24716,34.7429],[134.24731,34.74274],[134.24723,34.74282],[134.24716,34.7429]],[[134.24866,34.80299],[134.24926,34.80345],[134.24947,34.8036],[134.24866,34.80299]],[[134.2513,34.81214],[134.25167,34.81228],[134.25179,34.81237],[134.25157,34.81221],[134.2513,34.81214]],[[134.2476,34.82368],[134.24749,34.82389],[134.24748,34.82397],[134.2476,34.82368]],[[134.26744,34.73474],[134.26723,34.7353],[134.26766,34.73447],[134.26744,34.73474]],[[134.26656,34.73255],[134.26628,34.73271],[134.26666,34.73276],[134.26656,34.73255]],[[134.26294,34.73443],[134.26268,34.73455],[134.26275,34.73486],[134.26294,34.73443]],[[134.26416,34.73165],[134.26422,34.73163],[134.26412,34.73154],[134.26416,34.73165]],[[134.26655,34.73061],[134.26595,34.73033],[134.26593,34.7304],[134.26655,34.73061]],[[134.2706,34.74421],[134.27103,34.74438],[134.27073,34.74411],[134.2706,34.74421]],[[134.28302,34.73487],[134.28345,34.73395],[134.28329,34.73403],[134.28302,34.73487]],[[134.29108,34.74498],[134.29095,34.7452],[134.29107,34.74507],[134.29108,34.74498]],[[134.2976,34.75126],[134.29773,34.75135],[134.29805,34.75147],[134.2976,34.75126]],[[134.30596,34.75072],[134.30671,34.74937],[134.3071,34.74865],[134.30596,34.75072]],[[134.20646,34.81574],[134.20668,34.81592],[134.20723,34.81626],[134.20646,34.81574]],[[134.20554,34.81938],[134.20578,34.81918],[134.2055,34.81934],[134.20554,34.81938]]],[[[134.2131,34.72591],[134.21144,34.72589],[134.21107,34.72564],[134.2109,34.72381],[134.21061,34.72335],[134.20972,34.72287],[134.20901,34.72126],[134.20913,34.72006],[134.20953,34.71955],[134.21025,34.71964],[134.21125,34.72029],[134.21188,34.72154],[134.2124,34.72205],[134.21329,34.72073],[134.21449,34.72014],[134.21524,34.72015],[134.21633,34.72072],[134.21682,34.7215],[134.21832,34.72109],[134.21928,34.72116],[134.21936,34.72207],[134.21913,34.72274],[134.21803,34.72349],[134.21658,34.72386],[134.21588,34.72468],[134.21493,34.72503],[134.21366,34.7252],[134.2131,34.72591]]],[[[134.21381,34.71264],[134.21325,34.71277],[134.21383,34.71204],[134.21494,34.71145],[134.21537,34.71146],[134.21512,34.71247],[134.21381,34.71264]]],[[[134.22437,34.71258],[134.22474,34.71329],[134.22432,34.71335],[134.22437,34.71258]]],[[[134.27366,34.70373],[134.27344,34.70434],[134.27306,34.70428],[134.27366,34.70373]]],[[[134.28537,34.69841],[134.28617,34.69867],[134.28676,34.69803],[134.28627,34.69763],[134.28762,34.69693],[134.28832,34.69635],[134.28919,34.69745],[134.29021,34.69782],[134.2912,34.69745],[134.29136,34.69684],[134.29194,34.69654],[134.29175,34.6973],[134.29231,34.69772],[134.29185,34.69844],[134.29075,34.69906],[134.2902,34.69999],[134.29148,34.70208],[134.29057,34.7034],[134.28996,34.70372],[134.28841,34.70384],[134.28758,34.7036],[134.28676,34.70379],[134.28618,34.70427],[134.28524,34.70371],[134.2837,34.70362],[134.2821,34.70379],[134.28142,34.7032],[134.27966,34.70341],[134.27941,34.70323],[134.28026,34.70202],[134.28192,34.70117],[134.28189,34.70063],[134.28299,34.70002],[134.28423,34.70002],[134.28384,34.69856],[134.28537,34.69841]]],[[[134.29767,34.73038],[134.29681,34.73038],[134.29523,34.73008],[134.2941,34.73027],[134.2924,34.72945],[134.29175,34.72865],[134.28902,34.72673],[134.28733,34.72495],[134.28642,34.72441],[134.2854,34.7242],[134.28578,34.72357],[134.28627,34.72193],[134.28624,34.72107],[134.28718,34.7204],[134.28679,34.71867],[134.2853,34.71807],[134.28465,34.71861],[134.28339,34.7192],[134.2821,34.72036],[134.281,34.72186],[134.28015,34.72234],[134.2782,34.72213],[134.27789,34.72182],[134.2766,34.7216],[134.27685,34.72045],[134.27697,34.718],[134.27603,34.71599],[134.27524,34.71522],[134.27481,34.7142],[134.27478,34.71345],[134.27616,34.71279],[134.27715,34.71199],[134.27762,34.71026],[134.27855,34.7102],[134.27935,34.70957],[134.27993,34.70943],[134.28128,34.70996],[134.28172,34.71109],[134.28214,34.71136],[134.28291,34.71102],[134.28472,34.71165],[134.28498,34.71262],[134.2848,34.7134],[134.28597,34.71307],[134.28706,34.71327],[134.28727,34.71255],[134.28664,34.71191],[134.28663,34.71105],[134.28559,34.70987],[134.28409,34.70954],[134.28324,34.70861],[134.28195,34.70833],[134.28135,34.70776],[134.28151,34.70708],[134.28252,34.70676],[134.28355,34.70688],[134.28471,34.70618],[134.2863,34.70631],[134.28692,34.70615],[134.28961,34.70639],[134.29047,34.70631],[134.29154,34.70708],[134.29277,34.70695],[134.29349,34.70796],[134.29515,34.70884],[134.29655,34.70841],[134.29704,34.70734],[134.29765,34.70766],[134.29889,34.70736],[134.2989,34.70846],[134.29928,34.7087],[134.30042,34.70835],[134.30117,34.70834],[134.30179,34.70876],[134.3027,34.70822],[134.3031,34.70902],[134.30299,34.71026],[134.30167,34.71213],[134.30187,34.71276],[134.30253,34.71307],[134.30322,34.71283],[134.30353,34.71332],[134.30429,34.71342],[134.30495,34.71406],[134.30543,34.71533],[134.30634,34.715],[134.30633,34.71392],[134.30661,34.71325],[134.30659,34.71235],[134.30721,34.71157],[134.30836,34.71126],[134.3083,34.71186],[134.30899,34.71167],[134.31019,34.71086],[134.31039,34.71003],[134.30961,34.71018],[134.30832,34.70944],[134.30948,34.70855],[134.30961,34.70817],[134.3082,34.70677],[134.30867,34.70589],[134.30948,34.70568],[134.31074,34.70585],[134.31168,34.70513],[134.31169,34.70464],[134.31222,34.70382],[134.31318,34.70367],[134.31426,34.7053],[134.31536,34.70492],[134.31554,34.70366],[134.31638,34.70297],[134.31678,34.70297],[134.31797,34.70367],[134.31919,34.70346],[134.31974,34.70357],[134.32126,34.70319],[134.32214,34.70437],[134.32323,34.70484],[134.32396,34.70412],[134.32484,34.70433],[134.32445,34.70505],[134.32452,34.70641],[134.32494,34.70676],[134.32357,34.7072],[134.32282,34.70801],[134.32289,34.70877],[134.32338,34.70936],[134.32361,34.71085],[134.32414,34.71143],[134.32594,34.71224],[134.32736,34.71226],[134.32865,34.71081],[134.33002,34.70977],[134.33058,34.70913],[134.3317,34.70854],[134.33285,34.70915],[134.33386,34.70938],[134.33408,34.70972],[134.33394,34.71142],[134.33466,34.7117],[134.33661,34.71149],[134.33709,34.71106],[134.337,34.71035],[134.33793,34.70911],[134.33773,34.70848],[134.33716,34.70834],[134.33703,34.70761],[134.33786,34.70682],[134.33872,34.70704],[134.33901,34.70747],[134.34011,34.70712],[134.34018,34.70596],[134.34105,34.70463],[134.34091,34.70386],[134.34148,34.70334],[134.34266,34.70358],[134.34224,34.70442],[134.34215,34.70529],[134.34306,34.70668],[134.34407,34.70697],[134.3444,34.70743],[134.34694,34.70824],[134.34699,34.70928],[134.34657,34.70965],[134.34661,34.71046],[134.34486,34.71104],[134.34326,34.71259],[134.34293,34.71392],[134.34144,34.71489],[134.34031,34.71643],[134.33912,34.71709],[134.33883,34.71774],[134.33892,34.71913],[134.3387,34.71993],[134.33792,34.72067],[134.33472,34.72255],[134.33345,34.72303],[134.33188,34.72316],[134.3314,34.72287],[134.33152,34.72222],[134.33069,34.72181],[134.3283,34.71938],[134.32737,34.71856],[134.32703,34.71747],[134.32642,34.71634],[134.32435,34.71458],[134.32279,34.71416],[134.32088,34.71509],[134.31981,34.7154],[134.31862,34.71604],[134.31771,34.7168],[134.31612,34.71942],[134.3158,34.72029],[134.3145,34.72186],[134.31274,34.72544],[134.31202,34.72652],[134.31021,34.72753],[134.30869,34.72775],[134.30803,34.72808],[134.30612,34.72834],[134.3055,34.7288],[134.30412,34.72908],[134.30269,34.72912],[134.29868,34.73025],[134.29767,34.73038]]],[[[134.31024,34.70375],[134.31063,34.7043],[134.31005,34.70415],[134.31024,34.70375]]],[[[134.3321,34.70713],[134.33178,34.70767],[134.33178,34.70708],[134.3321,34.70713]]],[[[134.25347,34.69056],[134.25354,34.69136],[134.25257,34.69097],[134.25347,34.69056]]],[[[134.26351,34.69634],[134.26377,34.69574],[134.26404,34.69592],[134.26351,34.69634]]],[[[134.25894,34.70705],[134.25865,34.70726],[134.25677,34.70693],[134.25708,34.70627],[134.25613,34.70601],[134.255,34.70666],[134.25325,34.70636],[134.25147,34.70586],[134.2503,34.70575],[134.2505,34.70536],[134.25214,34.7044],[134.25176,34.70326],[134.25292,34.70292],[134.25338,34.70234],[134.2526,34.70115],[134.25194,34.70111],[134.25153,34.70026],[134.25038,34.69959],[134.25028,34.69869],[134.25144,34.69877],[134.25043,34.69783],[134.2507,34.69723],[134.25041,34.69693],[134.24989,34.69731],[134.24946,34.69585],[134.2509,34.69508],[134.25225,34.69495],[134.25309,34.69522],[134.25348,34.6957],[134.25444,34.69466],[134.25506,34.69494],[134.25543,34.69377],[134.25466,34.69362],[134.25388,34.69313],[134.25329,34.69354],[134.25177,34.6933],[134.25076,34.69252],[134.25255,34.6919],[134.25338,34.69202],[134.25364,34.69162],[134.2545,34.69196],[134.25441,34.69139],[134.2553,34.69047],[134.25639,34.69087],[134.2576,34.69028],[134.25854,34.69057],[134.25961,34.69175],[134.2604,34.69196],[134.26132,34.69154],[134.26144,34.692],[134.26051,34.69261],[134.25994,34.69253],[134.25867,34.69303],[134.25887,34.69399],[134.25978,34.69392],[134.26133,34.69457],[134.26193,34.69419],[134.2622,34.69473],[134.26195,34.69534],[134.2607,34.69593],[134.26273,34.6971],[134.26253,34.69832],[134.26339,34.69873],[134.2654,34.69742],[134.26623,34.69785],[134.26716,34.69711],[134.2682,34.69695],[134.26787,34.69649],[134.26816,34.69528],[134.26885,34.69525],[134.26938,34.69581],[134.27047,34.69565],[134.27139,34.69589],[134.27152,34.69656],[134.27109,34.69713],[134.27131,34.69823],[134.27086,34.69924],[134.26919,34.7006],[134.26878,34.70108],[134.2675,34.70123],[134.26692,34.70081],[134.26562,34.70149],[134.26529,34.70272],[134.26414,34.70304],[134.26199,34.70305],[134.26213,34.704],[134.26323,34.70425],[134.26411,34.70528],[134.26401,34.70596],[134.26337,34.70645],[134.26292,34.7063],[134.26168,34.70664],[134.25999,34.70629],[134.25894,34.70705]]],[[[134.2663,34.71342],[134.26601,34.71384],[134.26444,34.71405],[134.2632,34.71341],[134.26138,34.71323],[134.26095,34.7134],[134.2589,34.71338],[134.2584,34.71353],[134.25739,34.71328],[134.25609,34.7127],[134.25522,34.71303],[134.25378,34.71236],[134.25215,34.71273],[134.25104,34.7125],[134.25042,34.71182],[134.24958,34.7115],[134.24915,34.71063],[134.24785,34.71056],[134.2475,34.7099],[134.24843,34.70976],[134.24964,34.70987],[134.25309,34.70889],[134.25415,34.70898],[134.25485,34.70945],[134.2562,34.70881],[134.25719,34.70873],[134.25796,34.70899],[134.25868,34.70825],[134.25964,34.70803],[134.2616,34.70801],[134.26262,34.70859],[134.26266,34.70919],[134.26339,34.70957],[134.26467,34.70896],[134.26551,34.709],[134.26606,34.70847],[134.26663,34.70851],[134.26686,34.70907],[134.26788,34.70912],[134.26875,34.70869],[134.26911,34.70927],[134.26912,34.71019],[134.26797,34.71091],[134.2668,34.7124],[134.2663,34.71342]]],[[[134.29429,34.74873],[134.29494,34.74882],[134.29484,34.74881],[134.29429,34.74873]]],[[[134.31748,34.69985],[134.31778,34.69867],[134.31848,34.69885],[134.31795,34.69971],[134.31748,34.69985]]],[[[134.29116,34.68661],[134.29074,34.68707],[134.29012,34.68645],[134.29037,34.68478],[134.28988,34.68455],[134.29006,34.68413],[134.29099,34.68411],[134.29215,34.6833],[134.29209,34.68296],[134.29282,34.6829],[134.29399,34.68238],[134.29396,34.68195],[134.29466,34.68134],[134.29477,34.68026],[134.29583,34.68047],[134.29611,34.68012],[134.29698,34.68024],[134.29746,34.68122],[134.29843,34.68167],[134.2989,34.68108],[134.30082,34.68239],[134.30236,34.68244],[134.30265,34.6829],[134.30186,34.68536],[134.30132,34.68569],[134.30133,34.68617],[134.30076,34.68636],[134.29987,34.68549],[134.30028,34.68424],[134.29904,34.68409],[134.29879,34.68372],[134.2979,34.68361],[134.29693,34.68511],[134.29692,34.6846],[134.29632,34.68427],[134.29419,34.68484],[134.29366,34.68407],[134.29264,34.68416],[134.2913,34.68611],[134.29116,34.68661]]],[[[134.32104,34.69254],[134.32032,34.69224],[134.32044,34.69174],[134.32104,34.69254]]],[[[134.32144,34.69816],[134.31979,34.6983],[134.31931,34.69739],[134.31932,34.6967],[134.3199,34.69594],[134.31953,34.69567],[134.32042,34.69507],[134.3206,34.69426],[134.32123,34.69301],[134.32259,34.69391],[134.32334,34.69537],[134.32415,34.69577],[134.32374,34.69696],[134.32423,34.69761],[134.32254,34.69838],[134.32144,34.69816]]]]}},{"type":"Feature","properties":{"nm":"瀬戸内市","b":[134.0527,34.5883,134.2736,34.7284],"c":[134.13733,34.66654]},"geometry":{"type":"MultiPolygon","coordinates":[[[[134.08021,34.6919],[134.07996,34.69123],[134.07982,34.69089],[134.0795,34.6897],[134.07884,34.68694],[134.07841,34.68555],[134.07825,34.68452],[134.07778,34.68274],[134.0766,34.68061],[134.07587,34.6797],[134.07404,34.67815],[134.07231,34.67707],[134.06978,34.676],[134.06724,34.67468],[134.06625,34.67391],[134.06271,34.67201],[134.06121,34.67115],[134.05961,34.66966],[134.05885,34.66841],[134.05823,34.66746],[134.05786,34.66687],[134.05755,34.66638],[134.05559,34.66324],[134.05392,34.66076],[134.05273,34.65925],[134.05355,34.65865],[134.05407,34.65859],[134.05479,34.65676],[134.05535,34.65723],[134.05756,34.65845],[134.05958,34.6597],[134.06072,34.65972],[134.06017,34.65859],[134.06045,34.65791],[134.06014,34.65724],[134.06122,34.65698],[134.05951,34.65642],[134.05907,34.65546],[134.059,34.65468],[134.05845,34.65336],[134.05827,34.65205],[134.0586,34.65148],[134.059,34.6511],[134.05985,34.65011],[134.06024,34.65003],[134.06183,34.65024],[134.0644,34.64994],[134.06439,34.64851],[134.06522,34.64856],[134.06562,34.64856],[134.06656,34.6486],[134.06665,34.64813],[134.06678,34.64784],[134.06688,34.64769],[134.06865,34.6484],[134.07069,34.64859],[134.07457,34.64895],[134.07559,34.64939],[134.07777,34.64995],[134.082,34.64953],[134.08342,34.64931],[134.08341,34.64924],[134.08034,34.64821],[134.07606,34.64681],[134.07583,34.6448],[134.07704,34.64486],[134.07556,34.6439],[134.07532,34.64326],[134.07503,34.64245],[134.07484,34.64213],[134.07482,34.64021],[134.07427,34.63912],[134.07315,34.6382],[134.07306,34.6378],[134.07372,34.63642],[134.07395,34.63511],[134.07446,34.63496],[134.07534,34.63534],[134.07619,34.63499],[134.07677,34.63433],[134.07744,34.63429],[134.07906,34.63302],[134.08034,34.63261],[134.08071,34.63273],[134.08218,34.6336],[134.08245,34.63363],[134.08275,34.63356],[134.08393,34.63303],[134.08516,34.63294],[134.08578,34.63251],[134.08604,34.63249],[134.08846,34.63395],[134.0886,34.63402],[134.08891,34.634],[134.09035,34.63295],[134.09087,34.63353],[134.09113,34.6338],[134.09167,34.63444],[134.09291,34.63451],[134.09335,34.63471],[134.09438,34.63551],[134.09452,34.63584],[134.09438,34.63611],[134.09382,34.63635],[134.09367,34.63698],[134.09379,34.63719],[134.09555,34.63745],[134.09703,34.63721],[134.0976,34.63817],[134.09868,34.63848],[134.09948,34.63844],[134.0996,34.63882],[134.10062,34.63963],[134.10132,34.63946],[134.10372,34.63884],[134.10347,34.6372],[134.1039,34.63698],[134.10416,34.63719],[134.1042,34.63759],[134.10436,34.63781],[134.10485,34.63691],[134.10505,34.63506],[134.10434,34.63386],[134.10449,34.63311],[134.10526,34.63284],[134.10709,34.63317],[134.10873,34.63418],[134.1095,34.63465],[134.11082,34.63488],[134.11036,34.63357],[134.10929,34.63109],[134.10955,34.63084],[134.1117,34.63068],[134.11255,34.63043],[134.11288,34.62975],[134.11299,34.6296],[134.11412,34.62937],[134.11383,34.62874],[134.11408,34.62824],[134.11489,34.62827],[134.11612,34.62779],[134.11552,34.62695],[134.11557,34.62628],[134.11603,34.6262],[134.11674,34.62491],[134.1165,34.62391],[134.11651,34.62372],[134.11711,34.62255],[134.11718,34.62196],[134.11681,34.62122],[134.11661,34.62098],[134.11562,34.62123],[134.11532,34.62133],[134.11499,34.62036],[134.11695,34.61982],[134.11651,34.6196],[134.11609,34.61966],[134.11496,34.61949],[134.11449,34.61952],[134.11401,34.61969],[134.113,34.6196],[134.11279,34.6194],[134.11246,34.61926],[134.11288,34.61864],[134.11284,34.61846],[134.11273,34.61833],[134.11233,34.61782],[134.11259,34.61731],[134.11255,34.61691],[134.11233,34.61677],[134.11208,34.61654],[134.11202,34.61612],[134.11076,34.61649],[134.11008,34.61635],[134.10942,34.61661],[134.10926,34.61678],[134.10927,34.61703],[134.10907,34.61743],[134.10846,34.6172],[134.10871,34.61631],[134.10844,34.61521],[134.10755,34.61361],[134.10885,34.61216],[134.10893,34.61118],[134.10965,34.61048],[134.10968,34.60984],[134.10852,34.60933],[134.10857,34.60894],[134.10934,34.60853],[134.10958,34.60732],[134.10953,34.60623],[134.11033,34.60521],[134.11175,34.60441],[134.11211,34.6037],[134.11162,34.60354],[134.11199,34.60221],[134.11263,34.6007],[134.11248,34.59977],[134.11163,34.59907],[134.11156,34.59789],[134.11209,34.59695],[134.11165,34.59593],[134.11175,34.59464],[134.11337,34.59325],[134.11375,34.59265],[134.11276,34.5918],[134.11207,34.59178],[134.11202,34.59122],[134.11203,34.59113],[134.11178,34.59078],[134.11174,34.59024],[134.11196,34.58983],[134.11163,34.58932],[134.11139,34.58893],[134.11117,34.5889],[134.11219,34.58842],[134.11393,34.58832],[134.11577,34.58886],[134.11604,34.58922],[134.11814,34.58986],[134.11882,34.58959],[134.11945,34.58865],[134.11999,34.58858],[134.12063,34.5894],[134.12171,34.5901],[134.12178,34.59114],[134.1214,34.59147],[134.1217,34.59233],[134.12293,34.59382],[134.12203,34.59385],[134.12243,34.59423],[134.12287,34.594],[134.12374,34.59519],[134.1251,34.59653],[134.12654,34.59771],[134.12793,34.59854],[134.12958,34.5977],[134.13049,34.5975],[134.13191,34.59796],[134.13266,34.59776],[134.13305,34.59709],[134.13394,34.59668],[134.13542,34.59832],[134.13754,34.59917],[134.1381,34.5991],[134.13841,34.59957],[134.13768,34.601],[134.13827,34.60205],[134.13727,34.60332],[134.13591,34.60337],[134.13522,34.60416],[134.13525,34.60528],[134.13585,34.60665],[134.13507,34.60728],[134.1348,34.60706],[134.13408,34.60761],[134.13876,34.61114],[134.13756,34.61257],[134.13416,34.61258],[134.13629,34.61285],[134.1378,34.61293],[134.13806,34.61326],[134.13826,34.61226],[134.13892,34.6115],[134.1416,34.60765],[134.14197,34.6093],[134.14301,34.60979],[134.1442,34.61005],[134.14463,34.60981],[134.14565,34.60989],[134.146,34.61145],[134.14712,34.6118],[134.14721,34.61425],[134.14741,34.6162],[134.14685,34.61657],[134.14706,34.61703],[134.14644,34.61717],[134.14757,34.61741],[134.14894,34.61915],[134.14911,34.61906],[134.14776,34.61731],[134.14763,34.61695],[134.14863,34.61677],[134.15225,34.61609],[134.15274,34.6159],[134.15423,34.61542],[134.15572,34.61585],[134.1566,34.61658],[134.15738,34.61663],[134.15626,34.61603],[134.15686,34.61544],[134.15835,34.61566],[134.15773,34.61604],[134.15755,34.61681],[134.15916,34.61683],[134.15934,34.61567],[134.15969,34.61571],[134.1595,34.61682],[134.16102,34.61658],[134.1611,34.61694],[134.16014,34.61714],[134.16043,34.61753],[134.16247,34.61714],[134.16234,34.61672],[134.16131,34.61691],[134.16122,34.61665],[134.16243,34.61636],[134.16348,34.61582],[134.16611,34.61337],[134.16622,34.6134],[134.16744,34.61313],[134.16831,34.6136],[134.1699,34.61347],[134.17037,34.61372],[134.17068,34.61393],[134.17012,34.61561],[134.17102,34.61597],[134.17244,34.61719],[134.17326,34.61734],[134.17292,34.61916],[134.17353,34.62017],[134.17374,34.62112],[134.1741,34.62135],[134.17495,34.62342],[134.17572,34.62375],[134.17661,34.62339],[134.1773,34.62387],[134.17761,34.6256],[134.17735,34.62581],[134.17751,34.62689],[134.17779,34.62722],[134.17802,34.62852],[134.17884,34.62991],[134.17973,34.63033],[134.18087,34.62993],[134.18259,34.63036],[134.18377,34.63085],[134.18551,34.63123],[134.18636,34.63069],[134.18737,34.63173],[134.18695,34.6323],[134.18579,34.63213],[134.18507,34.63275],[134.18482,34.63401],[134.1848,34.63539],[134.18504,34.63604],[134.18429,34.6367],[134.18324,34.6367],[134.1824,34.63634],[134.18035,34.63586],[134.17904,34.63416],[134.17914,34.63267],[134.17896,34.63181],[134.17783,34.63124],[134.17741,34.63152],[134.17673,34.63062],[134.17593,34.63043],[134.17512,34.63065],[134.17394,34.63136],[134.17363,34.63185],[134.17486,34.63289],[134.17545,34.6338],[134.1745,34.63408],[134.17461,34.6345],[134.17373,34.63964],[134.17353,34.64094],[134.17329,34.64117],[134.17281,34.644],[134.17298,34.64429],[134.1723,34.6484],[134.17214,34.65052],[134.17189,34.64948],[134.1712,34.64956],[134.17134,34.65044],[134.17108,34.65071],[134.16978,34.65078],[134.17017,34.6521],[134.17137,34.65342],[134.17225,34.65328],[134.17212,34.65276],[134.17347,34.65252],[134.17444,34.65268],[134.17514,34.65344],[134.17556,34.6537],[134.17629,34.65348],[134.17636,34.65422],[134.17618,34.65615],[134.17653,34.65653],[134.17781,34.65704],[134.17813,34.65653],[134.17911,34.65617],[134.17868,34.65435],[134.18012,34.65293],[134.18073,34.65254],[134.18141,34.65268],[134.18218,34.65372],[134.18277,34.65379],[134.18354,34.65344],[134.18371,34.65243],[134.18294,34.65159],[134.1835,34.65105],[134.18428,34.65136],[134.18601,34.65158],[134.1886,34.65081],[134.18918,34.65169],[134.19049,34.65221],[134.19132,34.65228],[134.1903,34.65255],[134.19025,34.65316],[134.1912,34.65437],[134.19229,34.6555],[134.19301,34.65599],[134.19414,34.65597],[134.19507,34.65734],[134.19506,34.65811],[134.19583,34.65849],[134.19771,34.65836],[134.19832,34.65865],[134.19842,34.65971],[134.19719,34.66003],[134.19618,34.66072],[134.19544,34.66045],[134.19417,34.66112],[134.19398,34.66173],[134.19278,34.66188],[134.19238,34.66341],[134.19176,34.66313],[134.191,34.66367],[134.19158,34.66421],[134.19217,34.66526],[134.1926,34.66496],[134.19456,34.66501],[134.1949,34.66447],[134.19548,34.66472],[134.19725,34.66444],[134.19847,34.66385],[134.199,34.66436],[134.20022,34.66466],[134.20088,34.66427],[134.20108,34.66346],[134.20155,34.66333],[134.20243,34.66362],[134.20353,34.6652],[134.20438,34.66552],[134.20427,34.66659],[134.2045,34.66714],[134.20546,34.66778],[134.20568,34.66727],[134.20623,34.66732],[134.20549,34.66794],[134.20601,34.66837],[134.20691,34.66781],[134.20794,34.66752],[134.20895,34.6666],[134.2101,34.66654],[134.21014,34.66893],[134.21067,34.67025],[134.21003,34.66998],[134.20815,34.66976],[134.20685,34.66862],[134.20691,34.66925],[134.20764,34.66962],[134.20672,34.67023],[134.20646,34.67069],[134.20517,34.67166],[134.20447,34.67255],[134.2043,34.67323],[134.20476,34.67454],[134.20581,34.67363],[134.20712,34.6729],[134.20758,34.67307],[134.2095,34.67282],[134.21167,34.67265],[134.21268,34.67316],[134.21337,34.67318],[134.21388,34.67283],[134.21425,34.67323],[134.21383,34.67379],[134.21392,34.67494],[134.21413,34.67563],[134.2159,34.67623],[134.21774,34.67566],[134.21867,34.67627],[134.21874,34.67662],[134.22019,34.67763],[134.22,34.67842],[134.2203,34.6797],[134.21934,34.68083],[134.21985,34.68101],[134.22108,34.68054],[134.22229,34.68115],[134.22328,34.68089],[134.22294,34.68177],[134.22246,34.68176],[134.22163,34.68266],[134.2206,34.68288],[134.21914,34.68266],[134.21913,34.68198],[134.21755,34.68202],[134.21665,34.68249],[134.21503,34.68249],[134.21421,34.68309],[134.21399,34.6829],[134.21258,34.68386],[134.21264,34.68413],[134.2135,34.68483],[134.21636,34.68465],[134.21692,34.68428],[134.21689,34.68384],[134.21818,34.68377],[134.21861,34.68455],[134.22263,34.68541],[134.2226,34.68606],[134.22299,34.68651],[134.22463,34.68719],[134.22599,34.68715],[134.22757,34.68775],[134.22817,34.68888],[134.22808,34.68934],[134.22712,34.68927],[134.22677,34.68976],[134.2271,34.69013],[134.22689,34.69083],[134.22646,34.69075],[134.22635,34.6918],[134.22909,34.69169],[134.2294,34.69133],[134.23039,34.69123],[134.23104,34.6907],[134.23187,34.69126],[134.23362,34.69163],[134.23406,34.69139],[134.2355,34.69151],[134.23569,34.69192],[134.23561,34.69322],[134.23662,34.69458],[134.23773,34.69472],[134.23801,34.69581],[134.23778,34.69663],[134.23799,34.69755],[134.23746,34.69878],[134.23742,34.69943],[134.23811,34.69985],[134.23885,34.6996],[134.23974,34.69874],[134.24034,34.69762],[134.24106,34.69538],[134.24143,34.69509],[134.24266,34.69539],[134.24288,34.69686],[134.24332,34.69702],[134.24424,34.69678],[134.245,34.69825],[134.24489,34.69855],[134.24407,34.69844],[134.24344,34.69758],[134.24293,34.69773],[134.24241,34.69923],[134.24252,34.70065],[134.24317,34.70093],[134.24403,34.70024],[134.2452,34.70083],[134.24532,34.70137],[134.24456,34.7017],[134.24492,34.70282],[134.24318,34.70321],[134.24275,34.70296],[134.24208,34.70331],[134.2416,34.70443],[134.24192,34.70537],[134.24132,34.70607],[134.23988,34.707],[134.23821,34.70881],[134.23789,34.7095],[134.23555,34.71078],[134.23584,34.71224],[134.2365,34.71297],[134.23568,34.7149],[134.23352,34.7149],[134.23281,34.71529],[134.23222,34.71522],[134.23151,34.71466],[134.23089,34.71454],[134.23016,34.71499],[134.22859,34.71481],[134.22813,34.71454],[134.2283,34.71449],[134.22915,34.71401],[134.23047,34.71362],[134.23077,34.71312],[134.23116,34.71197],[134.23091,34.71139],[134.23076,34.71087],[134.23072,34.71058],[134.23078,34.71029],[134.23097,34.71003],[134.23099,34.70974],[134.23107,34.70922],[134.23111,34.70899],[134.23134,34.70836],[134.23135,34.70833],[134.23169,34.70737],[134.23115,34.70638],[134.22934,34.70537],[134.22877,34.7056],[134.22685,34.70592],[134.22656,34.70489],[134.2261,34.70428],[134.22497,34.70428],[134.22388,34.70383],[134.22336,34.70337],[134.2214,34.70299],[134.21973,34.7038],[134.21925,34.70317],[134.21874,34.70313],[134.21694,34.70369],[134.21602,34.70414],[134.21482,34.70361],[134.21396,34.70302],[134.213,34.70384],[134.21072,34.70377],[134.20921,34.70249],[134.20863,34.70264],[134.20742,34.70239],[134.20707,34.70175],[134.20454,34.70171],[134.20371,34.70192],[134.20257,34.7017],[134.20188,34.70056],[134.20116,34.7002],[134.20075,34.69945],[134.19983,34.6992],[134.19868,34.69933],[134.19764,34.6984],[134.19703,34.69817],[134.19611,34.69711],[134.19417,34.69716],[134.19416,34.69651],[134.19345,34.6952],[134.19224,34.69484],[134.19125,34.69387],[134.19044,34.69364],[134.18893,34.69374],[134.18865,34.69413],[134.18784,34.69415],[134.1874,34.69389],[134.18655,34.69281],[134.18603,34.69254],[134.18552,34.69067],[134.18491,34.69013],[134.18502,34.68957],[134.1842,34.68904],[134.18303,34.68875],[134.18259,34.68837],[134.18122,34.68778],[134.17831,34.68719],[134.17754,34.68633],[134.17612,34.68607],[134.1755,34.68571],[134.17464,34.68476],[134.17391,34.68466],[134.17276,34.68498],[134.17101,34.68497],[134.16982,34.68447],[134.16865,34.68525],[134.16777,34.68495],[134.16587,34.68508],[134.16496,34.68399],[134.16442,34.68405],[134.16422,34.68408],[134.16347,34.684],[134.16326,34.68389],[134.16295,34.68412],[134.16269,34.68442],[134.1625,34.68444],[134.16159,34.68484],[134.16121,34.68541],[134.16101,34.68575],[134.16124,34.68616],[134.1613,34.68646],[134.16118,34.68674],[134.16096,34.68708],[134.16067,34.68792],[134.16097,34.68858],[134.16053,34.68994],[134.1605,34.69007],[134.16066,34.69045],[134.16099,34.69064],[134.16139,34.69075],[134.16165,34.69093],[134.16177,34.69128],[134.16215,34.6916],[134.16235,34.69164],[134.16266,34.69146],[134.16277,34.69149],[134.16283,34.69149],[134.16281,34.69156],[134.16282,34.69163],[134.16322,34.69186],[134.16319,34.69194],[134.1631,34.69201],[134.16285,34.69213],[134.16253,34.69222],[134.1624,34.69231],[134.16218,34.69264],[134.16207,34.69263],[134.16201,34.69223],[134.16191,34.69197],[134.16174,34.69167],[134.16169,34.69181],[134.16124,34.69245],[134.16102,34.69285],[134.16008,34.69433],[134.16044,34.6955],[134.16055,34.69658],[134.16053,34.69753],[134.16032,34.69796],[134.16002,34.69823],[134.15932,34.69856],[134.15922,34.69983],[134.15902,34.70013],[134.15884,34.7008],[134.15916,34.70117],[134.15964,34.70215],[134.15972,34.70289],[134.15989,34.70313],[134.16095,34.70428],[134.16118,34.70518],[134.16092,34.70563],[134.16079,34.70582],[134.16121,34.70617],[134.1612,34.70696],[134.16125,34.70753],[134.16106,34.70834],[134.16158,34.70883],[134.16195,34.70892],[134.16202,34.70898],[134.16221,34.70917],[134.16235,34.70925],[134.16273,34.70938],[134.16328,34.70966],[134.16327,34.70982],[134.16304,34.71075],[134.16348,34.71122],[134.16365,34.71151],[134.16394,34.71169],[134.16425,34.71185],[134.16428,34.7127],[134.16476,34.71311],[134.16506,34.71408],[134.16515,34.71471],[134.16481,34.71507],[134.16434,34.71538],[134.16286,34.71581],[134.16226,34.71579],[134.16165,34.7159],[134.16057,34.7161],[134.15959,34.71841],[134.15916,34.71848],[134.15866,34.7192],[134.15829,34.71908],[134.15758,34.71875],[134.15603,34.71977],[134.15553,34.72004],[134.15378,34.72087],[134.1526,34.72233],[134.1523,34.7231],[134.15122,34.72408],[134.15122,34.72466],[134.15201,34.72574],[134.15174,34.72652],[134.15122,34.72676],[134.14988,34.72612],[134.14811,34.72564],[134.14775,34.72568],[134.14736,34.72591],[134.14693,34.72629],[134.14586,34.72668],[134.14539,34.72627],[134.14375,34.72573],[134.14332,34.72534],[134.14336,34.72418],[134.14319,34.7238],[134.14278,34.72353],[134.14055,34.72293],[134.14024,34.7224],[134.1396,34.72235],[134.13961,34.72127],[134.13931,34.72107],[134.13906,34.72098],[134.13877,34.72089],[134.13826,34.72069],[134.13776,34.72029],[134.137,34.7188],[134.13671,34.71861],[134.13547,34.71814],[134.1349,34.71806],[134.13395,34.71847],[134.13358,34.71741],[134.1332,34.71734],[134.13192,34.71762],[134.13038,34.71751],[134.13015,34.71751],[134.12873,34.7172],[134.12825,34.71708],[134.12799,34.71715],[134.1275,34.71736],[134.12646,34.71765],[134.12638,34.71671],[134.12603,34.7161],[134.12508,34.71566],[134.12479,34.71548],[134.12476,34.71445],[134.12488,34.71398],[134.12488,34.71377],[134.12227,34.71086],[134.12161,34.7099],[134.12464,34.70816],[134.12317,34.70654],[134.12401,34.70606],[134.12281,34.7044],[134.12383,34.7038],[134.12244,34.70215],[134.1185,34.70449],[134.1186,34.70569],[134.11566,34.70747],[134.11285,34.70908],[134.11119,34.70908],[134.11119,34.70953],[134.11116,34.70977],[134.1117,34.71049],[134.1104,34.71135],[134.10975,34.71207],[134.10948,34.71195],[134.10831,34.7125],[134.107,34.71235],[134.10851,34.71415],[134.10896,34.71469],[134.10919,34.71559],[134.10954,34.7165],[134.11054,34.71812],[134.11035,34.71858],[134.11033,34.71898],[134.1101,34.71902],[134.10998,34.72164],[134.1101,34.72251],[134.11018,34.72255],[134.11122,34.72677],[134.11133,34.72696],[134.11097,34.72764],[134.10886,34.72811],[134.10848,34.72836],[134.10709,34.72762],[134.1067,34.72713],[134.10652,34.72681],[134.10651,34.72658],[134.10639,34.72613],[134.10565,34.72597],[134.10448,34.72636],[134.10303,34.72648],[134.10276,34.72619],[134.10173,34.72511],[134.10056,34.7233],[134.09937,34.72193],[134.0979,34.72059],[134.09741,34.71988],[134.09496,34.71643],[134.09319,34.71451],[134.09169,34.71319],[134.08933,34.71142],[134.0882,34.71063],[134.08592,34.70921],[134.08423,34.70763],[134.08351,34.70627],[134.08342,34.70508],[134.0838,34.7034],[134.08418,34.7009],[134.08414,34.69901],[134.08403,34.69811],[134.08374,34.69715],[134.08339,34.69603],[134.08223,34.69455],[134.08072,34.69305],[134.08021,34.6919]],[[134.10577,34.65499],[134.10546,34.65485],[134.10579,34.65531],[134.10577,34.65499]],[[134.09627,34.6718],[134.09635,34.67216],[134.09667,34.67202],[134.09627,34.6718]],[[134.09149,34.67593],[134.08996,34.67616],[134.08998,34.67628],[134.09149,34.67593]],[[134.09675,34.69467],[134.09715,34.69459],[134.09673,34.69457],[134.09675,34.69467]],[[134.07509,34.65851],[134.07454,34.65655],[134.07478,34.6575],[134.07509,34.65851]],[[134.06901,34.65436],[134.06871,34.65432],[134.06828,34.65437],[134.06901,34.65436]],[[134.06907,34.65213],[134.06883,34.65239],[134.06904,34.65233],[134.06907,34.65213]],[[134.08511,34.65414],[134.08509,34.65439],[134.08525,34.6539],[134.08511,34.65414]],[[134.10955,34.68857],[134.10943,34.68887],[134.11032,34.68777],[134.10955,34.68857]],[[134.11959,34.68153],[134.11893,34.68099],[134.11944,34.68143],[134.11959,34.68153]],[[134.1929,34.67632],[134.19539,34.67726],[134.19434,34.67683],[134.1929,34.67632]],[[134.12709,34.62884],[134.12726,34.62871],[134.12728,34.62869],[134.12716,34.62865],[134.12709,34.62884]],[[134.12211,34.61697],[134.12158,34.61715],[134.12187,34.6172],[134.12211,34.61697]],[[134.11446,34.69965],[134.11433,34.6995],[134.11408,34.69989],[134.11446,34.69965]],[[134.09233,34.70204],[134.09258,34.70168],[134.09223,34.70191],[134.09233,34.70204]],[[134.09091,34.70345],[134.08996,34.7038],[134.09006,34.70399],[134.09091,34.70345]],[[134.0908,34.7008],[134.09118,34.70055],[134.09108,34.70034],[134.0908,34.7008]],[[134.10722,34.69689],[134.10686,34.69711],[134.1073,34.69702],[134.10722,34.69689]],[[134.11438,34.69861],[134.11442,34.69859],[134.11416,34.69723],[134.11438,34.69861]],[[134.11834,34.70048],[134.11878,34.70161],[134.1185,34.70066],[134.11834,34.70048]],[[134.13454,34.69593],[134.13477,34.69588],[134.13492,34.6956],[134.13454,34.69593]],[[134.13504,34.69561],[134.13496,34.69525],[134.13465,34.6952],[134.13504,34.69561]],[[134.14944,34.69784],[134.14966,34.69781],[134.15007,34.69731],[134.14972,34.69773],[134.14944,34.69784]],[[134.17129,34.62048],[134.1712,34.62096],[134.17181,34.62034],[134.17129,34.62048]],[[134.17023,34.62164],[134.17043,34.62188],[134.17044,34.62178],[134.17023,34.62164]],[[134.13479,34.61658],[134.13472,34.61677],[134.13511,34.61668],[134.13479,34.61658]],[[134.13348,34.6369],[134.13343,34.63734],[134.13361,34.63738],[134.13348,34.6369]],[[134.13245,34.63748],[134.13239,34.63746],[134.13225,34.63766],[134.13245,34.63748]],[[134.11384,34.69535],[134.1138,34.69524],[134.11356,34.69516],[134.11384,34.69535]],[[134.1304,34.71223],[134.13132,34.71161],[134.13081,34.71195],[134.1304,34.71223]]],[[[134.21537,34.6671],[134.21353,34.66702],[134.21323,34.6667],[134.21309,34.66565],[134.21209,34.6657],[134.21191,34.66517],[134.21206,34.66402],[134.21246,34.66354],[134.21363,34.66463],[134.21481,34.66459],[134.21513,34.66396],[134.21581,34.66511],[134.21587,34.66601],[134.21537,34.6671]]],[[[134.24314,34.70542],[134.24296,34.70604],[134.24262,34.70574],[134.24314,34.70542]]],[[[134.22559,34.68172],[134.22435,34.68177],[134.22381,34.68125],[134.22444,34.68081],[134.22511,34.67953],[134.22567,34.67958],[134.22649,34.68106],[134.22559,34.68172]]],[[[134.24501,34.67393],[134.24544,34.6737],[134.24586,34.67478],[134.24556,34.67719],[134.24457,34.67897],[134.24722,34.67987],[134.24943,34.67972],[134.25099,34.67917],[134.25089,34.67789],[134.25107,34.67759],[134.25305,34.67823],[134.25282,34.67872],[134.25377,34.67958],[134.25482,34.67988],[134.25653,34.67966],[134.25667,34.67893],[134.25805,34.67874],[134.25837,34.6779],[134.25951,34.67722],[134.25955,34.67617],[134.26004,34.67546],[134.26076,34.67554],[134.26162,34.67501],[134.26258,34.67493],[134.2629,34.67544],[134.26384,34.67603],[134.26491,34.67594],[134.2646,34.67632],[134.26613,34.67763],[134.26759,34.67821],[134.26819,34.67805],[134.26856,34.67722],[134.26915,34.67699],[134.26989,34.67871],[134.27057,34.67882],[134.27063,34.67928],[134.27162,34.67959],[134.27222,34.68048],[134.27284,34.6804],[134.2734,34.68102],[134.27313,34.68145],[134.27361,34.68189],[134.27269,34.68355],[134.27137,34.68352],[134.27058,34.68308],[134.26896,34.6831],[134.26855,34.68292],[134.26787,34.6815],[134.26704,34.68173],[134.26733,34.68291],[134.26686,34.68386],[134.2663,34.68309],[134.26669,34.68219],[134.26522,34.68168],[134.26407,34.68189],[134.26302,34.68266],[134.26325,34.68381],[134.26233,34.68453],[134.26135,34.68463],[134.26089,34.68555],[134.26101,34.68609],[134.26061,34.68656],[134.25872,34.6877],[134.25681,34.68728],[134.25574,34.68795],[134.25427,34.68707],[134.2537,34.68593],[134.253,34.68509],[134.25284,34.68345],[134.25284,34.68248],[134.25228,34.68186],[134.25137,34.68214],[134.25132,34.68336],[134.2502,34.68441],[134.24885,34.68371],[134.247,34.684],[134.24621,34.68299],[134.24704,34.68265],[134.2474,34.6822],[134.24712,34.68161],[134.24582,34.68174],[134.24461,34.68127],[134.24429,34.68087],[134.24273,34.68051],[134.24278,34.68],[134.24421,34.67946],[134.24413,34.67868],[134.24273,34.67817],[134.24155,34.67849],[134.24145,34.67979],[134.24031,34.67899],[134.23918,34.67864],[134.23741,34.67834],[134.23632,34.67835],[134.23538,34.67811],[134.23447,34.6792],[134.23296,34.67874],[134.23182,34.67931],[134.23044,34.67908],[134.22933,34.67921],[134.22871,34.67853],[134.22953,34.6776],[134.22939,34.67708],[134.22897,34.67732],[134.22844,34.67677],[134.22736,34.67646],[134.22763,34.67543],[134.22766,34.67393],[134.22636,34.67135],[134.226,34.67129],[134.22549,34.67202],[134.22633,34.67342],[134.22631,34.67533],[134.22554,34.67622],[134.22461,34.67691],[134.22398,34.67706],[134.22298,34.67678],[134.22188,34.67702],[134.22003,34.67657],[134.21853,34.6756],[134.21864,34.67499],[134.21838,34.67419],[134.22019,34.67318],[134.22065,34.67179],[134.22108,34.67087],[134.22231,34.67071],[134.22256,34.67023],[134.22257,34.66873],[134.22389,34.66836],[134.22462,34.66772],[134.22583,34.66782],[134.22622,34.66834],[134.22713,34.66829],[134.22688,34.66936],[134.22732,34.66995],[134.22893,34.67089],[134.22957,34.67144],[134.23158,34.67164],[134.23249,34.67094],[134.23217,34.67079],[134.23228,34.66991],[134.23295,34.66943],[134.23403,34.66986],[134.23524,34.67011],[134.23577,34.67107],[134.23561,34.67143],[134.23725,34.67299],[134.2382,34.67337],[134.23916,34.67306],[134.2396,34.67257],[134.2405,34.67224],[134.24218,34.67244],[134.24419,34.67214],[134.24531,34.6728],[134.24563,34.67355],[134.24501,34.67393]]],[[[134.25145,34.67685],[134.25109,34.67609],[134.25182,34.67554],[134.25249,34.67566],[134.25145,34.67685]]],[[[134.15414,34.59815],[134.15401,34.59882],[134.15336,34.5983],[134.15355,34.59784],[134.15414,34.59815]]],[[[134.15732,34.59988],[134.15645,34.59984],[134.15576,34.59967],[134.15528,34.59894],[134.15625,34.59876],[134.15604,34.5994],[134.15665,34.59984],[134.15732,34.59988]]],[[[134.15974,34.60032],[134.15883,34.59936],[134.15761,34.59886],[134.15792,34.59811],[134.15758,34.59761],[134.15802,34.59706],[134.15888,34.59721],[134.15959,34.59704],[134.15986,34.59748],[134.16056,34.59765],[134.1609,34.5982],[134.16182,34.59861],[134.16243,34.59842],[134.16257,34.59922],[134.16342,34.59957],[134.16064,34.60051],[134.15974,34.60032]]],[[[134.19099,34.60237],[134.19024,34.60227],[134.19053,34.60106],[134.18992,34.60002],[134.1904,34.59908],[134.18978,34.59816],[134.18968,34.59743],[134.19019,34.59659],[134.19038,34.59712],[134.19089,34.59722],[134.1916,34.5965],[134.19262,34.59731],[134.1932,34.59719],[134.19291,34.59637],[134.19343,34.59584],[134.19345,34.59492],[134.19407,34.59538],[134.1939,34.59639],[134.19454,34.59686],[134.19509,34.59662],[134.19688,34.59719],[134.19753,34.59615],[134.19816,34.596],[134.19859,34.59686],[134.19822,34.59771],[134.19851,34.59798],[134.19939,34.59785],[134.19997,34.59824],[134.20071,34.59793],[134.201,34.59839],[134.2007,34.59888],[134.20134,34.59919],[134.20049,34.59991],[134.20054,34.60043],[134.20007,34.60156],[134.19835,34.60136],[134.19746,34.60048],[134.19627,34.6002],[134.19554,34.60041],[134.19492,34.60096],[134.19349,34.60119],[134.19305,34.60048],[134.19225,34.60048],[134.19166,34.60083],[134.19089,34.60185],[134.19099,34.60237]]],[[[134.2098,34.61269],[134.20958,34.61294],[134.20823,34.61261],[134.20727,34.61173],[134.20579,34.61083],[134.20482,34.61064],[134.20326,34.61001],[134.20173,34.60875],[134.20116,34.60853],[134.20109,34.60783],[134.20141,34.6074],[134.20266,34.60762],[134.20339,34.60806],[134.20391,34.60917],[134.20578,34.61011],[134.20728,34.60956],[134.20767,34.61046],[134.20877,34.61144],[134.20996,34.6118],[134.21061,34.61161],[134.21066,34.6121],[134.2098,34.61269]]],[[[134.19905,34.6171],[134.19762,34.61682],[134.19733,34.61591],[134.19637,34.61584],[134.19541,34.61604],[134.19464,34.61574],[134.19269,34.61563],[134.19144,34.61458],[134.19044,34.61444],[134.18822,34.61477],[134.18783,34.61452],[134.18701,34.61294],[134.18554,34.61148],[134.18381,34.6114],[134.18312,34.61107],[134.18197,34.61118],[134.18074,34.6106],[134.17952,34.60962],[134.17733,34.60915],[134.17784,34.60885],[134.17652,34.60908],[134.175,34.6089],[134.17374,34.60985],[134.1732,34.61047],[134.17316,34.611],[134.17371,34.61139],[134.17406,34.61107],[134.17377,34.6121],[134.1739,34.61294],[134.17329,34.61241],[134.17122,34.61138],[134.17069,34.61134],[134.16983,34.61059],[134.16806,34.61036],[134.16722,34.60949],[134.16734,34.60817],[134.16721,34.60745],[134.16645,34.60729],[134.16604,34.60672],[134.16507,34.60601],[134.16424,34.60494],[134.16415,34.60407],[134.16542,34.60341],[134.16598,34.60259],[134.16777,34.60223],[134.16844,34.60264],[134.16983,34.60249],[134.1715,34.60277],[134.17184,34.60247],[134.17285,34.60297],[134.1729,34.60352],[134.17431,34.60412],[134.17507,34.60401],[134.17519,34.60366],[134.1757,34.60428],[134.1767,34.60418],[134.177,34.60339],[134.17771,34.60441],[134.17918,34.60502],[134.17993,34.60497],[134.17987,34.60566],[134.18045,34.60612],[134.18177,34.60635],[134.18389,34.60599],[134.18489,34.60481],[134.18527,34.60509],[134.18627,34.60512],[134.18661,34.60476],[134.18721,34.60513],[134.18763,34.60484],[134.18833,34.60553],[134.18899,34.60563],[134.18967,34.60536],[134.18985,34.60565],[134.19092,34.60555],[134.19202,34.60615],[134.1924,34.60682],[134.19296,34.60707],[134.19351,34.60686],[134.19457,34.60698],[134.19454,34.60762],[134.1955,34.60867],[134.1961,34.60888],[134.19717,34.61004],[134.19711,34.61077],[134.19771,34.6112],[134.19825,34.6111],[134.19839,34.61181],[134.19931,34.61316],[134.20012,34.61356],[134.20041,34.61422],[134.20096,34.61424],[134.20121,34.61512],[134.20181,34.61568],[134.20118,34.61646],[134.20049,34.61613],[134.20007,34.61681],[134.19905,34.6171]]],[[[134.19424,34.63095],[134.19443,34.6318],[134.19399,34.63146],[134.19424,34.63095]]],[[[134.20319,34.63777],[134.20264,34.63713],[134.2033,34.63733],[134.20319,34.63777]]],[[[134.19814,34.64012],[134.19756,34.64015],[134.19729,34.63966],[134.1982,34.63968],[134.19814,34.64012]]]]}},{"type":"Feature","properties":{"nm":"赤磐市","b":[133.9556,34.7204,134.1523,34.9509],"c":[134.03949,34.83375]},"geometry":{"type":"Polygon","coordinates":[[[133.99307,34.72682],[133.99336,34.72666],[133.99345,34.72528],[133.99351,34.72445],[133.99343,34.72307],[133.99274,34.72225],[133.99281,34.72102],[133.99334,34.72043],[133.99369,34.72095],[133.99425,34.72143],[133.99448,34.72135],[133.99675,34.72271],[133.99719,34.7241],[133.99801,34.72413],[133.99837,34.72478],[133.99922,34.72543],[133.99975,34.72546],[134.00132,34.72679],[134.00181,34.72678],[134.00289,34.72614],[134.00576,34.72669],[134.0072,34.72605],[134.0092,34.72633],[134.00944,34.72659],[134.00922,34.72856],[134.00933,34.72938],[134.01082,34.7297],[134.01114,34.73029],[134.01267,34.73049],[134.01372,34.73087],[134.01613,34.73186],[134.01642,34.73191],[134.0174,34.73207],[134.01904,34.73352],[134.02003,34.73418],[134.02102,34.73394],[134.02251,34.73414],[134.02364,34.73525],[134.02502,34.73558],[134.02595,34.73706],[134.02732,34.73765],[134.02914,34.73805],[134.03102,34.73996],[134.03139,34.74016],[134.03278,34.74079],[134.03427,34.74166],[134.03375,34.74288],[134.03386,34.74326],[134.03438,34.74374],[134.03479,34.74395],[134.03597,34.74442],[134.0369,34.74452],[134.03721,34.74459],[134.03819,34.74464],[134.03841,34.74454],[134.03884,34.74437],[134.03988,34.74535],[134.04002,34.74545],[134.03989,34.74586],[134.03991,34.74637],[134.04022,34.74658],[134.04114,34.74693],[134.04226,34.7475],[134.04303,34.74827],[134.0441,34.74887],[134.04528,34.74899],[134.04517,34.7501],[134.04527,34.75045],[134.04524,34.75109],[134.04583,34.75176],[134.04614,34.75216],[134.04649,34.75254],[134.04669,34.75262],[134.0478,34.75328],[134.04807,34.75343],[134.04749,34.75423],[134.04735,34.75449],[134.04729,34.75487],[134.04671,34.75651],[134.04739,34.75692],[134.04766,34.75759],[134.04861,34.758],[134.0489,34.75878],[134.04909,34.7591],[134.04954,34.75948],[134.04997,34.7603],[134.05095,34.76118],[134.05114,34.76216],[134.05077,34.76356],[134.04975,34.76307],[134.04808,34.76313],[134.0478,34.76416],[134.04856,34.76464],[134.04874,34.76574],[134.04897,34.76683],[134.04985,34.76732],[134.04997,34.76797],[134.05104,34.76891],[134.05175,34.7692],[134.05267,34.7709],[134.05418,34.77093],[134.05444,34.77036],[134.0547,34.76941],[134.05541,34.76844],[134.05665,34.76812],[134.05673,34.76798],[134.05708,34.76774],[134.05812,34.76784],[134.05824,34.76804],[134.05854,34.76824],[134.05927,34.76892],[134.05899,34.77056],[134.05907,34.77085],[134.05991,34.7714],[134.06019,34.77221],[134.05931,34.77291],[134.05948,34.77401],[134.06015,34.7748],[134.06015,34.77579],[134.06151,34.77702],[134.06218,34.77731],[134.06229,34.77805],[134.06295,34.77868],[134.06396,34.77897],[134.06497,34.77993],[134.06526,34.78011],[134.06639,34.77988],[134.06714,34.78032],[134.06807,34.78051],[134.06923,34.78104],[134.06974,34.78175],[134.07007,34.78274],[134.07133,34.7831],[134.07162,34.7828],[134.0733,34.78192],[134.07452,34.78161],[134.07601,34.78231],[134.07703,34.78205],[134.07805,34.78207],[134.07939,34.78133],[134.07963,34.7818],[134.08109,34.78297],[134.08213,34.78309],[134.08339,34.78259],[134.08444,34.78188],[134.08697,34.7819],[134.08717,34.78187],[134.08696,34.78135],[134.08802,34.77996],[134.08779,34.7794],[134.08739,34.7785],[134.08764,34.77732],[134.08755,34.77696],[134.08769,34.7763],[134.08861,34.7754],[134.08929,34.77485],[134.09002,34.77442],[134.09046,34.773],[134.08995,34.77196],[134.09088,34.77132],[134.09119,34.77093],[134.09172,34.77051],[134.09288,34.77005],[134.0925,34.76935],[134.09113,34.76557],[134.09047,34.7632],[134.09017,34.7617],[134.09177,34.76156],[134.09281,34.76116],[134.09322,34.76104],[134.0942,34.76114],[134.09512,34.76153],[134.09586,34.76135],[134.09607,34.76164],[134.0962,34.76171],[134.097,34.76157],[134.0978,34.76095],[134.09909,34.76125],[134.10147,34.76088],[134.10273,34.75916],[134.10394,34.75873],[134.10468,34.75834],[134.10652,34.7573],[134.10729,34.75636],[134.10834,34.75643],[134.10871,34.75946],[134.10819,34.76058],[134.10838,34.7609],[134.1097,34.76059],[134.11089,34.75962],[134.11261,34.7592],[134.11305,34.75898],[134.11381,34.75791],[134.11503,34.75736],[134.11929,34.75724],[134.1181,34.75426],[134.11824,34.75377],[134.11938,34.75336],[134.12043,34.75337],[134.12158,34.75301],[134.12241,34.75308],[134.12194,34.75402],[134.12253,34.75473],[134.12176,34.75545],[134.12194,34.7559],[134.12241,34.75642],[134.12361,34.75605],[134.1244,34.75614],[134.12649,34.75578],[134.12731,34.75655],[134.12719,34.75689],[134.12827,34.75766],[134.12876,34.75766],[134.13128,34.75868],[134.13278,34.75895],[134.13332,34.76001],[134.13486,34.76122],[134.13546,34.76148],[134.13619,34.76225],[134.13722,34.76251],[134.13787,34.76325],[134.13938,34.7632],[134.13962,34.76376],[134.14067,34.76498],[134.14194,34.76613],[134.14256,34.7662],[134.14407,34.7658],[134.14467,34.76612],[134.14514,34.76711],[134.14599,34.76698],[134.14665,34.76683],[134.1478,34.76722],[134.14815,34.7683],[134.14895,34.76912],[134.14877,34.7699],[134.15081,34.77116],[134.15115,34.77172],[134.15226,34.77252],[134.15145,34.77309],[134.15128,34.77407],[134.15069,34.77467],[134.15105,34.77546],[134.1511,34.77675],[134.15033,34.77807],[134.15013,34.77977],[134.15092,34.78042],[134.15038,34.78128],[134.14956,34.78251],[134.14972,34.78375],[134.14875,34.7842],[134.1473,34.7844],[134.14575,34.78544],[134.14458,34.78649],[134.14331,34.78654],[134.14262,34.7872],[134.14226,34.78827],[134.14131,34.78845],[134.13845,34.78991],[134.13804,34.79056],[134.13717,34.79071],[134.13506,34.79048],[134.13427,34.79069],[134.13404,34.7928],[134.13335,34.79303],[134.13114,34.79303],[134.12547,34.7933],[134.11875,34.79366],[134.11871,34.79583],[134.11828,34.79619],[134.11286,34.79819],[134.11238,34.79808],[134.11169,34.79803],[134.1112,34.79837],[134.11154,34.79917],[134.11104,34.79967],[134.11086,34.80013],[134.11068,34.80058],[134.10992,34.80109],[134.10919,34.80152],[134.10905,34.8019],[134.1078,34.80239],[134.1074,34.80243],[134.10669,34.80308],[134.1062,34.80303],[134.10528,34.80343],[134.10165,34.80262],[134.10121,34.80266],[134.10058,34.80332],[134.09949,34.80398],[134.09895,34.80478],[134.09819,34.80519],[134.09771,34.80559],[134.09655,34.80585],[134.09532,34.80647],[134.09393,34.80803],[134.09383,34.80837],[134.09441,34.80995],[134.09438,34.81038],[134.09422,34.8109],[134.09387,34.81097],[134.09203,34.81123],[134.09079,34.81199],[134.0896,34.81227],[134.08984,34.81361],[134.08913,34.81539],[134.08845,34.81675],[134.08781,34.81803],[134.0876,34.81825],[134.08765,34.81959],[134.0867,34.82165],[134.08572,34.82296],[134.0852,34.82347],[134.08446,34.82362],[134.08329,34.82417],[134.08228,34.82468],[134.08068,34.82452],[134.07996,34.82483],[134.07955,34.82568],[134.0795,34.82593],[134.07909,34.82587],[134.07699,34.82464],[134.07552,34.82431],[134.07551,34.82431],[134.07412,34.8244],[134.07323,34.82475],[134.07259,34.82581],[134.07112,34.8265],[134.07014,34.82665],[134.06737,34.82789],[134.06538,34.82822],[134.06298,34.82709],[134.06244,34.82634],[134.06254,34.8258],[134.06355,34.82534],[134.06239,34.82472],[134.06071,34.82471],[134.05932,34.82554],[134.05833,34.82684],[134.05784,34.82821],[134.05708,34.82878],[134.05476,34.82983],[134.0546,34.83033],[134.05525,34.83181],[134.05502,34.83243],[134.05419,34.83278],[134.05208,34.83268],[134.05044,34.83307],[134.04949,34.83262],[134.04886,34.83257],[134.04832,34.83175],[134.04838,34.83103],[134.04887,34.83025],[134.04858,34.82966],[134.0471,34.82919],[134.04655,34.82813],[134.04592,34.82768],[134.045,34.82829],[134.04407,34.82919],[134.04263,34.83018],[134.04131,34.83038],[134.04029,34.83023],[134.03904,34.83157],[134.03867,34.83257],[134.04002,34.83345],[134.04036,34.83401],[134.03997,34.83523],[134.03941,34.83558],[134.03855,34.83564],[134.03851,34.83609],[134.03922,34.83679],[134.03967,34.83792],[134.03983,34.83909],[134.03946,34.84003],[134.0396,34.84049],[134.03945,34.84218],[134.03946,34.84265],[134.03842,34.84382],[134.03733,34.84449],[134.0371,34.84492],[134.03821,34.84538],[134.03921,34.84553],[134.03935,34.84559],[134.04048,34.84553],[134.04231,34.84595],[134.04291,34.84636],[134.04376,34.84741],[134.04438,34.84786],[134.04492,34.84878],[134.04486,34.85063],[134.04529,34.85271],[134.04498,34.85337],[134.04383,34.85427],[134.04375,34.85632],[134.0433,34.85784],[134.04727,34.85771],[134.04783,34.85757],[134.04884,34.85681],[134.05003,34.85709],[134.05132,34.85693],[134.05398,34.85743],[134.05472,34.85742],[134.05543,34.85686],[134.05551,34.85627],[134.05625,34.85492],[134.05666,34.85487],[134.05749,34.85478],[134.05766,34.85476],[134.05888,34.85467],[134.05926,34.85454],[134.05997,34.85455],[134.06044,34.85477],[134.06128,34.8551],[134.06164,34.85505],[134.06269,34.85515],[134.06304,34.85527],[134.06414,34.85639],[134.06439,34.85675],[134.06433,34.8578],[134.06535,34.85923],[134.06505,34.86065],[134.0661,34.85989],[134.06674,34.85979],[134.06882,34.85977],[134.07134,34.85944],[134.07237,34.8601],[134.07246,34.86143],[134.0735,34.86182],[134.07472,34.86258],[134.07613,34.86289],[134.07681,34.86303],[134.07779,34.86368],[134.07793,34.86414],[134.07736,34.86524],[134.07803,34.8665],[134.07863,34.86701],[134.0798,34.86719],[134.0809,34.86707],[134.08121,34.8688],[134.08085,34.86936],[134.08056,34.87005],[134.08099,34.87096],[134.08107,34.87426],[134.08031,34.87696],[134.08111,34.87729],[134.08224,34.87706],[134.0838,34.87645],[134.08415,34.87647],[134.08525,34.87615],[134.08561,34.87575],[134.08637,34.87544],[134.08683,34.8749],[134.08797,34.87484],[134.08823,34.87398],[134.08864,34.87352],[134.08928,34.87347],[134.09126,34.87433],[134.09158,34.8755],[134.09201,34.87592],[134.09251,34.87603],[134.09333,34.87558],[134.09407,34.87485],[134.09646,34.87554],[134.09752,34.87626],[134.09766,34.8766],[134.09792,34.87693],[134.09807,34.87704],[134.09905,34.87712],[134.10074,34.87833],[134.10235,34.87882],[134.10364,34.87884],[134.10413,34.88102],[134.1036,34.8819],[134.10297,34.88222],[134.1007,34.8826],[134.09849,34.88276],[134.09625,34.88323],[134.09509,34.8838],[134.0943,34.88421],[134.09342,34.88509],[134.09322,34.88557],[134.09337,34.88658],[134.09401,34.88809],[134.09569,34.88987],[134.09672,34.89106],[134.09782,34.8927],[134.09782,34.893],[134.0978,34.89428],[134.09736,34.89693],[134.09619,34.89779],[134.09127,34.89602],[134.08988,34.89526],[134.08832,34.89505],[134.08608,34.89625],[134.08542,34.89709],[134.08526,34.89866],[134.08574,34.89967],[134.0876,34.90207],[134.08831,34.9028],[134.08908,34.90344],[134.09316,34.9064],[134.09483,34.90795],[134.09582,34.90926],[134.09607,34.9096],[134.09733,34.91211],[134.09947,34.91624],[134.10013,34.91772],[134.10047,34.91919],[134.10043,34.91967],[134.09981,34.92074],[134.09926,34.92229],[134.09897,34.92307],[134.09804,34.9245],[134.09637,34.92552],[134.09543,34.92557],[134.09328,34.92647],[134.09185,34.92739],[134.09135,34.92772],[134.08981,34.92832],[134.08888,34.92967],[134.08873,34.9309],[134.09026,34.93467],[134.09103,34.93576],[134.09162,34.93716],[134.09142,34.93842],[134.09074,34.93997],[134.08994,34.94109],[134.0899,34.94113],[134.08928,34.94175],[134.0882,34.94236],[134.08689,34.9426],[134.08504,34.94234],[134.08221,34.94164],[134.07913,34.941],[134.07625,34.94087],[134.07466,34.9409],[134.07257,34.94128],[134.07169,34.93968],[134.07124,34.93901],[134.07063,34.93858],[134.06978,34.93795],[134.06835,34.93774],[134.06788,34.93765],[134.06731,34.93685],[134.06656,34.93731],[134.06504,34.93753],[134.06415,34.93786],[134.06368,34.93795],[134.06204,34.93831],[134.05895,34.93945],[134.05827,34.93851],[134.05708,34.93831],[134.05502,34.93836],[134.05464,34.93834],[134.05415,34.93823],[134.05385,34.93811],[134.05345,34.93791],[134.05286,34.93771],[134.05244,34.93748],[134.05164,34.93716],[134.04941,34.93669],[134.04915,34.93721],[134.04974,34.93791],[134.04924,34.93799],[134.04714,34.93899],[134.04562,34.94009],[134.04429,34.94036],[134.04299,34.94139],[134.04114,34.94251],[134.04049,34.9433],[134.03927,34.94342],[134.03818,34.94318],[134.03676,34.94344],[134.03559,34.94433],[134.03436,34.94393],[134.03361,34.94403],[134.03245,34.94466],[134.0311,34.94615],[134.02998,34.94621],[134.02903,34.94672],[134.02699,34.9492],[134.02548,34.94953],[134.02563,34.95016],[134.0251,34.95089],[134.02282,34.94864],[134.02261,34.94781],[134.02168,34.94664],[134.02067,34.946],[134.01998,34.94584],[134.01916,34.94586],[134.01812,34.94532],[134.01806,34.94489],[134.01875,34.94356],[134.01873,34.94347],[134.0185,34.94313],[134.01875,34.94213],[134.01906,34.94192],[134.01932,34.94141],[134.01926,34.9411],[134.01754,34.93925],[134.01672,34.93878],[134.01563,34.93815],[134.01448,34.93662],[134.01402,34.93566],[134.01414,34.93472],[134.01432,34.93444],[134.01369,34.93382],[134.01317,34.93265],[134.01281,34.9318],[134.0124,34.93131],[134.01247,34.93074],[134.01354,34.9297],[134.01304,34.9289],[134.01298,34.92791],[134.01217,34.92712],[134.01219,34.92668],[134.01187,34.92381],[134.011,34.92332],[134.01095,34.92274],[134.01137,34.92226],[134.01153,34.92122],[134.01097,34.92084],[134.01062,34.91933],[134.01124,34.91779],[134.01124,34.91735],[134.01,34.91677],[134.00883,34.91643],[134.00856,34.91509],[134.00731,34.91469],[134.00759,34.91399],[134.00748,34.91367],[134.00697,34.91327],[134.00668,34.91241],[134.00635,34.91202],[134.00344,34.91201],[134.00247,34.9116],[134.00275,34.91127],[134.00239,34.91155],[134.00196,34.91108],[134.00208,34.91014],[134.00321,34.90881],[134.00269,34.90817],[134.00139,34.90736],[134.00162,34.90663],[134.00235,34.90573],[134.0021,34.90419],[134.00065,34.90314],[134.00154,34.90203],[134.00114,34.90065],[134.00159,34.89907],[134.00195,34.89843],[134.00382,34.89695],[134.00453,34.89587],[134.00435,34.89471],[134.00325,34.89477],[134.00285,34.89401],[134.00201,34.89379],[134.0011,34.89323],[134.00045,34.892],[133.9993,34.89105],[133.99864,34.89045],[133.99802,34.89046],[133.99699,34.8909],[133.99561,34.89045],[133.99493,34.88991],[133.99386,34.88953],[133.99215,34.88849],[133.99104,34.88836],[133.99066,34.88779],[133.9894,34.88744],[133.98817,34.88683],[133.98566,34.88669],[133.98492,34.88686],[133.98381,34.88675],[133.982,34.88684],[133.98053,34.8866],[133.97966,34.88643],[133.97737,34.88374],[133.97577,34.88278],[133.9756,34.88192],[133.97567,34.88127],[133.97631,34.88069],[133.97538,34.87916],[133.97432,34.87859],[133.97359,34.87841],[133.97298,34.87763],[133.97209,34.87724],[133.97038,34.87784],[133.96945,34.87754],[133.96747,34.87628],[133.96636,34.87648],[133.96502,34.87578],[133.96426,34.87468],[133.96355,34.87417],[133.961,34.87458],[133.96007,34.87269],[133.95922,34.873],[133.95688,34.87329],[133.95624,34.87345],[133.95573,34.87319],[133.95557,34.87294],[133.95578,34.87293],[133.95618,34.87283],[133.95737,34.87208],[133.95847,34.8716],[133.95927,34.87],[133.95992,34.86913],[133.96099,34.86818],[133.9609,34.86725],[133.96134,34.8661],[133.96139,34.86381],[133.96249,34.86351],[133.96318,34.86363],[133.9637,34.86274],[133.96447,34.86079],[133.96593,34.85961],[133.96557,34.859],[133.96598,34.85842],[133.96664,34.85806],[133.9669,34.85709],[133.96708,34.85628],[133.96863,34.85489],[133.9688,34.85468],[133.96878,34.85462],[133.96858,34.85405],[133.96853,34.85333],[133.96695,34.85308],[133.96477,34.85245],[133.96448,34.85166],[133.96333,34.85115],[133.96204,34.8505],[133.96161,34.84982],[133.96233,34.84966],[133.96354,34.85022],[133.96465,34.85005],[133.96499,34.84977],[133.96576,34.84977],[133.96638,34.8497],[133.96666,34.84917],[133.96786,34.8487],[133.96837,34.84858],[133.96894,34.84878],[133.97166,34.84764],[133.97203,34.84666],[133.9727,34.84627],[133.9745,34.84639],[133.9752,34.8462],[133.97626,34.84533],[133.97629,34.84503],[133.97612,34.84479],[133.9751,34.84435],[133.97504,34.84415],[133.97509,34.84386],[133.97619,34.84333],[133.97676,34.84325],[133.97794,34.84301],[133.97839,34.84342],[133.97749,34.84487],[133.97747,34.84601],[133.97785,34.84639],[133.97762,34.84733],[133.97856,34.84857],[133.97892,34.84941],[133.98,34.8498],[133.98092,34.8494],[133.98173,34.85009],[133.98234,34.85302],[133.98199,34.85341],[133.98112,34.85351],[133.98073,34.8544],[133.98098,34.85492],[133.98171,34.85508],[133.98248,34.85497],[133.98401,34.85465],[133.9857,34.8549],[133.98659,34.85459],[133.98692,34.85419],[133.98762,34.85447],[133.98793,34.85361],[133.98928,34.8528],[133.99241,34.85173],[133.99347,34.85015],[133.99399,34.8492],[133.99333,34.84868],[133.99341,34.84799],[133.99319,34.84684],[133.99277,34.84603],[133.99282,34.84382],[133.99263,34.84306],[133.9928,34.84118],[133.99218,34.84071],[133.99117,34.83872],[133.99063,34.83818],[133.99044,34.83737],[133.98995,34.83703],[133.98916,34.8371],[133.98862,34.8363],[133.98749,34.83558],[133.98762,34.83525],[133.98835,34.83499],[133.98833,34.83301],[133.98943,34.83262],[133.99088,34.83259],[133.991,34.83207],[133.98996,34.83165],[133.98945,34.8309],[133.98839,34.83079],[133.98828,34.83007],[133.98862,34.82941],[133.98943,34.82865],[133.9898,34.82781],[133.99147,34.82781],[133.99226,34.82715],[133.99158,34.82683],[133.99062,34.8264],[133.99054,34.82537],[133.98981,34.82457],[133.98862,34.82435],[133.98766,34.82378],[133.98718,34.82308],[133.98718,34.82189],[133.98609,34.82121],[133.98545,34.8211],[133.9851,34.81991],[133.98606,34.81951],[133.98697,34.81867],[133.98717,34.81803],[133.98681,34.81739],[133.98708,34.81616],[133.98704,34.814],[133.9868,34.81363],[133.98562,34.81312],[133.9853,34.8115],[133.98547,34.81081],[133.98661,34.80954],[133.98649,34.80848],[133.98595,34.80729],[133.98494,34.80643],[133.9834,34.80638],[133.98203,34.80556],[133.98132,34.80592],[133.98066,34.80583],[133.98037,34.80502],[133.97966,34.80508],[133.97897,34.80437],[133.97711,34.80443],[133.97655,34.80471],[133.97561,34.80417],[133.97469,34.80408],[133.97413,34.80308],[133.97353,34.80248],[133.97329,34.80153],[133.97336,34.8007],[133.97301,34.79971],[133.97244,34.79904],[133.97082,34.79885],[133.9707,34.79836],[133.97098,34.79705],[133.96971,34.79721],[133.96854,34.7957],[133.96781,34.79509],[133.96745,34.79431],[133.96774,34.79374],[133.96703,34.79271],[133.9669,34.79193],[133.96585,34.79154],[133.96475,34.78958],[133.96277,34.78906],[133.96169,34.78812],[133.96189,34.78667],[133.96109,34.78617],[133.96252,34.78558],[133.96393,34.78603],[133.96447,34.78595],[133.96569,34.78518],[133.96767,34.78443],[133.96939,34.78482],[133.97096,34.78341],[133.97126,34.78206],[133.973,34.78262],[133.97444,34.78176],[133.97571,34.78021],[133.97631,34.78002],[133.97725,34.7805],[133.97961,34.78084],[133.97998,34.78069],[133.98003,34.77904],[133.98078,34.77825],[133.98057,34.77781],[133.98068,34.7759],[133.98059,34.77544],[133.97966,34.77469],[133.9782,34.77454],[133.97783,34.77412],[133.97816,34.77344],[133.97804,34.77277],[133.97682,34.77114],[133.97662,34.76975],[133.97664,34.76927],[133.9769,34.76882],[133.97879,34.76794],[133.97952,34.76684],[133.98001,34.76683],[133.98077,34.76667],[133.98153,34.76601],[133.98193,34.76607],[133.98233,34.76651],[133.98334,34.76751],[133.98405,34.76779],[133.98553,34.76791],[133.98624,34.76768],[133.98651,34.76708],[133.98634,34.76557],[133.98609,34.76518],[133.98608,34.76382],[133.98574,34.76244],[133.98584,34.76162],[133.98532,34.76051],[133.98402,34.75995],[133.98378,34.75961],[133.98362,34.7582],[133.98301,34.75748],[133.98213,34.75694],[133.98128,34.75592],[133.98091,34.75505],[133.97997,34.75548],[133.97786,34.75544],[133.97616,34.75508],[133.97449,34.75432],[133.97347,34.75444],[133.97233,34.75393],[133.97197,34.75246],[133.97136,34.75168],[133.97167,34.75086],[133.97136,34.74954],[133.97288,34.7474],[133.97294,34.74667],[133.97252,34.7463],[133.9726,34.7452],[133.97497,34.74558],[133.97506,34.7456],[133.97572,34.74549],[133.97672,34.7452],[133.97779,34.74532],[133.97936,34.7445],[133.98028,34.74453],[133.98115,34.74451],[133.98198,34.74456],[133.98299,34.74479],[133.98344,34.74407],[133.98368,34.74298],[133.98311,34.74303],[133.98122,34.74323],[133.98034,34.7424],[133.98075,34.74095],[133.98309,34.73997],[133.98416,34.73922],[133.98435,34.73883],[133.98334,34.73849],[133.98366,34.73768],[133.98438,34.73712],[133.98622,34.73675],[133.98677,34.73596],[133.98643,34.7344],[133.98634,34.73313],[133.9872,34.73252],[133.98804,34.73285],[133.98997,34.73147],[133.99054,34.73065],[133.99022,34.73044],[133.9921,34.72892],[133.99132,34.72758],[133.99214,34.72695],[133.99307,34.72682]],[[134.03627,34.75659],[134.03618,34.75678],[134.03641,34.75684],[134.03627,34.75659]],[[134.0235,34.76794],[134.0233,34.76817],[134.02344,34.7682],[134.0235,34.76794]],[[134.03486,34.78831],[134.03488,34.78831],[134.03524,34.78787],[134.03486,34.78831]],[[134.00468,34.78625],[134.00468,34.78623],[134.00423,34.78658],[134.00468,34.78625]],[[134.01737,34.81475],[134.01759,34.81486],[134.01742,34.81473],[134.01737,34.81475]],[[134.06489,34.80389],[134.0649,34.80391],[134.06491,34.8039],[134.06489,34.80389]],[[134.07487,34.81859],[134.07456,34.81978],[134.07463,34.81983],[134.07487,34.81859]],[[134.08289,34.92381],[134.08221,34.92364],[134.08212,34.92372],[134.08289,34.92381]],[[134.04655,34.90857],[134.04672,34.90866],[134.0464,34.90832],[134.04655,34.90857]],[[134.04223,34.87801],[134.04208,34.87796],[134.04215,34.87878],[134.04223,34.87801]],[[133.99785,34.88681],[133.99781,34.88683],[133.99781,34.88686],[133.99785,34.88681]],[[134.00533,34.75276],[134.00634,34.75246],[134.00632,34.75243],[134.00533,34.75276]]]}},{"type":"Feature","properties":{"nm":"真庭市","b":[133.5664,34.9002,133.8456,35.3451],"c":[133.69361,35.13548]},"geometry":{"type":"MultiPolygon","coordinates":[[[[133.58597,35.05786],[133.58644,35.05697],[133.58626,35.05642],[133.58677,35.05553],[133.58591,35.05543],[133.58517,35.05488],[133.58557,35.05349],[133.58667,35.05293],[133.58669,35.05194],[133.58771,35.05167],[133.58872,35.05095],[133.58848,35.0494],[133.58876,35.04885],[133.59081,35.04807],[133.59101,35.04625],[133.59064,35.04577],[133.58983,35.04567],[133.5884,35.04478],[133.58799,35.04395],[133.58676,35.04353],[133.58585,35.04231],[133.58436,35.04184],[133.58403,35.0415],[133.58378,35.03953],[133.58452,35.03802],[133.58412,35.03708],[133.58461,35.03639],[133.58429,35.03582],[133.58324,35.0341],[133.58315,35.03364],[133.58408,35.03331],[133.58434,35.03279],[133.58385,35.03151],[133.58443,35.03101],[133.5854,35.03079],[133.58646,35.03006],[133.58713,35.02914],[133.58846,35.02891],[133.58888,35.02864],[133.5892,35.0282],[133.58864,35.02738],[133.58903,35.02688],[133.58897,35.02627],[133.5881,35.02511],[133.58754,35.02468],[133.58765,35.02376],[133.58863,35.02449],[133.58912,35.02457],[133.58986,35.02383],[133.59073,35.02358],[133.59261,35.02334],[133.59282,35.02309],[133.59398,35.02299],[133.59505,35.02222],[133.5962,35.02193],[133.59709,35.02226],[133.59865,35.02226],[133.5994,35.02208],[133.6001,35.02126],[133.60039,35.02014],[133.60014,35.01964],[133.59897,35.01891],[133.59839,35.01756],[133.59802,35.01718],[133.59869,35.01589],[133.59982,35.01561],[133.59985,35.01507],[133.59927,35.01483],[133.59904,35.0138],[133.5981,35.01341],[133.5969,35.01345],[133.59624,35.01204],[133.59516,35.01172],[133.59517,35.01114],[133.59426,35.00958],[133.59415,35.00843],[133.59372,35.00794],[133.59123,35.00743],[133.58921,35.00733],[133.58861,35.00617],[133.58787,35.00575],[133.58702,35.0046],[133.58674,35.004],[133.58615,35.00335],[133.58559,35.00239],[133.58574,35.00137],[133.58535,35.00077],[133.58512,35.00024],[133.58455,34.99984],[133.58414,34.99982],[133.58322,34.99982],[133.5829,34.99972],[133.58279,34.99902],[133.58372,34.99704],[133.58382,34.99671],[133.58402,34.99654],[133.5845,34.99646],[133.585,34.99638],[133.58545,34.99603],[133.58656,34.99586],[133.58691,34.99555],[133.58727,34.99494],[133.58743,34.99453],[133.58763,34.99386],[133.58812,34.99333],[133.58831,34.99313],[133.58909,34.99282],[133.59041,34.99283],[133.59037,34.99324],[133.59052,34.99359],[133.59061,34.99367],[133.59127,34.99388],[133.59188,34.99412],[133.59205,34.99432],[133.59227,34.99482],[133.59234,34.99614],[133.59267,34.99723],[133.59361,34.99817],[133.59374,34.99822],[133.59391,34.9987],[133.59468,35.00008],[133.59536,35.00037],[133.59602,35.00062],[133.59677,35.00117],[133.59779,35.00149],[133.59956,35.00072],[133.59959,35.00057],[133.5996,35.00055],[133.60008,34.99974],[133.60014,34.99961],[133.60014,34.99932],[133.60058,34.99916],[133.60144,34.99881],[133.60174,34.99861],[133.60186,34.99851],[133.6022,34.99809],[133.6023,34.99798],[133.60263,34.99767],[133.60326,34.99722],[133.6036,34.99698],[133.60399,34.99672],[133.60432,34.99657],[133.60561,34.99629],[133.60586,34.99623],[133.60615,34.99614],[133.60664,34.99587],[133.60678,34.99575],[133.60687,34.99539],[133.60695,34.99522],[133.60706,34.99511],[133.60746,34.9949],[133.60762,34.99482],[133.60787,34.9947],[133.60817,34.9943],[133.60817,34.99416],[133.60812,34.99399],[133.60809,34.99392],[133.60806,34.99376],[133.60813,34.99345],[133.60819,34.99328],[133.60808,34.99289],[133.60809,34.99269],[133.60813,34.99254],[133.60839,34.99219],[133.60858,34.99206],[133.60877,34.99182],[133.60887,34.99158],[133.60885,34.9915],[133.60858,34.99109],[133.60856,34.99042],[133.60858,34.99021],[133.60858,34.99013],[133.60834,34.98987],[133.60783,34.98932],[133.60728,34.98898],[133.60707,34.98884],[133.607,34.98861],[133.60685,34.98803],[133.60605,34.98813],[133.60441,34.98876],[133.60261,34.98939],[133.60238,34.98938],[133.60161,34.98953],[133.60107,34.98949],[133.60078,34.98913],[133.6009,34.98826],[133.60087,34.98791],[133.60089,34.98733],[133.60094,34.98715],[133.60097,34.9868],[133.60105,34.98639],[133.60148,34.98599],[133.6019,34.98565],[133.6022,34.98551],[133.60249,34.98543],[133.60292,34.98528],[133.60309,34.98515],[133.60323,34.98492],[133.60338,34.9844],[133.60354,34.98415],[133.604,34.98394],[133.60443,34.98379],[133.60521,34.9833],[133.60738,34.98265],[133.60852,34.98244],[133.60904,34.98229],[133.60948,34.98208],[133.61018,34.98174],[133.61138,34.98101],[133.6125,34.97996],[133.61283,34.9791],[133.61256,34.97896],[133.61174,34.97914],[133.61102,34.97904],[133.61052,34.97884],[133.60996,34.97849],[133.60969,34.97814],[133.61055,34.97747],[133.61107,34.97726],[133.61217,34.97705],[133.61225,34.97702],[133.61265,34.97678],[133.61287,34.97642],[133.61297,34.97636],[133.613,34.97634],[133.61372,34.97619],[133.6144,34.97605],[133.6146,34.97582],[133.61488,34.97553],[133.61532,34.97536],[133.6155,34.97529],[133.61608,34.9748],[133.61668,34.97425],[133.61719,34.97384],[133.61839,34.97309],[133.61909,34.97246],[133.61949,34.97128],[133.61903,34.97091],[133.61808,34.96998],[133.61798,34.96967],[133.61814,34.9689],[133.61857,34.96797],[133.61971,34.96561],[133.62104,34.96452],[133.62157,34.96328],[133.62167,34.96301],[133.62181,34.96243],[133.62187,34.96222],[133.62165,34.96163],[133.62097,34.96144],[133.62008,34.9614],[133.61982,34.96142],[133.61955,34.96144],[133.61925,34.96151],[133.61864,34.9616],[133.61825,34.9616],[133.6173,34.96151],[133.61664,34.96146],[133.61559,34.9615],[133.61525,34.96148],[133.61492,34.9614],[133.6143,34.96121],[133.61403,34.96124],[133.61353,34.96118],[133.6132,34.961],[133.61113,34.96049],[133.61011,34.96034],[133.60994,34.96041],[133.60984,34.96042],[133.60958,34.96022],[133.60804,34.95931],[133.60714,34.95868],[133.60697,34.95811],[133.6073,34.95754],[133.60797,34.95692],[133.60797,34.95665],[133.60696,34.95575],[133.60648,34.95546],[133.60473,34.95448],[133.60402,34.9544],[133.60377,34.95443],[133.60281,34.95462],[133.60246,34.95463],[133.60142,34.95468],[133.60108,34.95508],[133.60091,34.95568],[133.60032,34.95614],[133.60006,34.95663],[133.60048,34.95842],[133.60038,34.95861],[133.60023,34.95876],[133.59937,34.95926],[133.59781,34.95908],[133.5963,34.95839],[133.59566,34.958],[133.59513,34.95742],[133.59711,34.95563],[133.59771,34.95459],[133.59848,34.95395],[133.59999,34.95364],[133.60077,34.95284],[133.60154,34.95273],[133.60253,34.95224],[133.60369,34.95246],[133.60429,34.95182],[133.60363,34.95086],[133.60308,34.94942],[133.6031,34.94762],[133.60385,34.94509],[133.60421,34.94475],[133.60559,34.94168],[133.60763,34.9413],[133.60726,34.94091],[133.60704,34.93933],[133.60745,34.93904],[133.60862,34.93932],[133.60968,34.93815],[133.61064,34.93764],[133.61094,34.93618],[133.61264,34.93607],[133.61307,34.93473],[133.61279,34.93346],[133.61348,34.9326],[133.61487,34.93187],[133.61603,34.9319],[133.61714,34.93224],[133.61737,34.93106],[133.61791,34.92968],[133.61809,34.92814],[133.6178,34.92537],[133.61776,34.925],[133.61833,34.92362],[133.61847,34.92259],[133.61883,34.92191],[133.61985,34.92136],[133.62031,34.92083],[133.61943,34.91898],[133.61948,34.91824],[133.62028,34.91691],[133.62088,34.91551],[133.61985,34.91418],[133.62066,34.91307],[133.62069,34.91166],[133.62115,34.91018],[133.62125,34.90863],[133.62147,34.90807],[133.62123,34.90693],[133.61986,34.90605],[133.61977,34.90528],[133.61911,34.90498],[133.61834,34.90378],[133.61839,34.90304],[133.61805,34.90204],[133.61733,34.90145],[133.6177,34.90084],[133.6192,34.90021],[133.62031,34.90044],[133.6216,34.90079],[133.62285,34.90064],[133.62409,34.90087],[133.62704,34.90188],[133.62831,34.90259],[133.6305,34.90242],[133.63218,34.90407],[133.63221,34.90508],[133.63316,34.90582],[133.63312,34.90648],[133.63345,34.90766],[133.63335,34.90987],[133.63422,34.90938],[133.63533,34.90943],[133.63585,34.9095],[133.63699,34.91109],[133.63783,34.91121],[133.6385,34.91093],[133.64031,34.91146],[133.64137,34.91178],[133.64273,34.91294],[133.64456,34.91305],[133.64545,34.91415],[133.64627,34.9146],[133.64949,34.91449],[133.64992,34.91476],[133.65051,34.91584],[133.64992,34.91707],[133.65059,34.91768],[133.64958,34.91894],[133.64926,34.91982],[133.64932,34.92016],[133.65033,34.92104],[133.64946,34.9219],[133.65003,34.92295],[133.65001,34.92367],[133.64929,34.92486],[133.64887,34.92591],[133.64822,34.92671],[133.64869,34.92728],[133.64858,34.92789],[133.64743,34.92873],[133.64827,34.92958],[133.64835,34.93011],[133.64802,34.93156],[133.64684,34.93166],[133.64652,34.93206],[133.64659,34.93309],[133.6455,34.93359],[133.64441,34.93518],[133.64485,34.93597],[133.64429,34.9375],[133.64592,34.93823],[133.64663,34.93908],[133.64782,34.93993],[133.64787,34.94051],[133.64841,34.94085],[133.64926,34.94091],[133.64953,34.94226],[133.65022,34.94258],[133.65065,34.94239],[133.65139,34.94229],[133.65297,34.94097],[133.65297,34.9401],[133.65345,34.93982],[133.65467,34.94002],[133.6554,34.93948],[133.65595,34.93836],[133.65695,34.93843],[133.65825,34.93825],[133.66016,34.9391],[133.66233,34.93969],[133.66613,34.94119],[133.66649,34.94142],[133.66885,34.942],[133.66973,34.94238],[133.67173,34.94236],[133.67194,34.94279],[133.67163,34.94367],[133.67095,34.94418],[133.6712,34.94561],[133.67162,34.94492],[133.67281,34.94487],[133.67347,34.94578],[133.67431,34.94552],[133.67499,34.94581],[133.67565,34.94656],[133.67559,34.94835],[133.67487,34.94872],[133.67444,34.94987],[133.67358,34.95041],[133.67375,34.95099],[133.67522,34.95139],[133.67571,34.95071],[133.67643,34.95064],[133.67696,34.95119],[133.67829,34.95169],[133.67941,34.95159],[133.68005,34.95183],[133.6813,34.95189],[133.68383,34.94981],[133.68534,34.94914],[133.68633,34.94803],[133.68903,34.94734],[133.69004,34.94745],[133.6913,34.94753],[133.69248,34.94782],[133.69468,34.94859],[133.69595,34.94924],[133.69771,34.95041],[133.70093,34.95325],[133.70333,34.95422],[133.70372,34.9566],[133.70419,34.95706],[133.70436,34.95847],[133.70546,34.95986],[133.70591,34.95986],[133.7085,34.96023],[133.70926,34.96007],[133.71028,34.95941],[133.711,34.9578],[133.71265,34.95764],[133.71346,34.95776],[133.71449,34.95693],[133.71558,34.95667],[133.71651,34.95604],[133.71717,34.95587],[133.71717,34.95621],[133.71723,34.9558],[133.71692,34.95545],[133.71838,34.95449],[133.71953,34.95401],[133.72016,34.95402],[133.72042,34.95342],[133.72102,34.95319],[133.72141,34.95259],[133.72115,34.95208],[133.72094,34.95067],[133.72106,34.94977],[133.72154,34.94907],[133.72237,34.949],[133.72308,34.94933],[133.72355,34.94885],[133.72467,34.94885],[133.72546,34.94931],[133.72792,34.9501],[133.72882,34.95018],[133.73094,34.94998],[133.73198,34.94973],[133.73371,34.95017],[133.73517,34.94884],[133.73691,34.94761],[133.73816,34.94755],[133.73863,34.94723],[133.74007,34.94691],[133.74141,34.94608],[133.74193,34.94556],[133.74261,34.94567],[133.74347,34.94706],[133.74465,34.94737],[133.7466,34.94666],[133.74727,34.94605],[133.74739,34.9459],[133.74775,34.94533],[133.74844,34.945],[133.74995,34.94543],[133.75099,34.94678],[133.75134,34.94665],[133.75153,34.94733],[133.75304,34.9488],[133.75392,34.94973],[133.75465,34.94996],[133.75578,34.94982],[133.75584,34.95032],[133.75482,34.95107],[133.75507,34.95209],[133.75821,34.95291],[133.7595,34.95301],[133.76122,34.95274],[133.76171,34.95246],[133.76259,34.95311],[133.7634,34.95455],[133.76378,34.95486],[133.76523,34.95537],[133.76583,34.95638],[133.76661,34.95683],[133.76859,34.95677],[133.76974,34.95753],[133.76989,34.95804],[133.77067,34.95862],[133.77051,34.95893],[133.77169,34.96033],[133.7725,34.96074],[133.7736,34.96045],[133.77399,34.96023],[133.77503,34.96076],[133.77656,34.96067],[133.77704,34.96103],[133.77868,34.96116],[133.77961,34.9614],[133.78093,34.96114],[133.78214,34.9601],[133.78277,34.95931],[133.78406,34.95873],[133.78469,34.95791],[133.78501,34.95603],[133.78559,34.9553],[133.78664,34.95482],[133.78753,34.95494],[133.78803,34.95554],[133.78925,34.95563],[133.78999,34.95668],[133.79044,34.95791],[133.79124,34.95886],[133.79217,34.95922],[133.79425,34.95927],[133.79497,34.95933],[133.7969,34.95987],[133.79792,34.95974],[133.79931,34.95883],[133.80033,34.95653],[133.79984,34.9549],[133.80005,34.95375],[133.80063,34.95317],[133.80174,34.95311],[133.80297,34.95259],[133.80384,34.95187],[133.80552,34.95144],[133.80753,34.95134],[133.80888,34.95153],[133.80884,34.95253],[133.80951,34.95363],[133.80934,34.95469],[133.8083,34.95486],[133.80797,34.95656],[133.80832,34.95726],[133.80767,34.95799],[133.8076,34.95853],[133.8067,34.96014],[133.80673,34.96062],[133.80608,34.96098],[133.80532,34.96093],[133.80499,34.96202],[133.80342,34.96286],[133.80256,34.96488],[133.80239,34.96583],[133.80499,34.96856],[133.80513,34.9692],[133.80481,34.97005],[133.80487,34.97098],[133.80511,34.97238],[133.80479,34.9734],[133.80499,34.97426],[133.80469,34.97495],[133.80412,34.9757],[133.80366,34.97717],[133.80359,34.97834],[133.80321,34.97902],[133.80271,34.97972],[133.8007,34.9808],[133.79912,34.98113],[133.79664,34.98158],[133.7943,34.98222],[133.79337,34.98297],[133.79169,34.98541],[133.79019,34.98644],[133.78917,34.98737],[133.78756,34.98915],[133.78815,34.98958],[133.78857,34.99067],[133.78782,34.99274],[133.78837,34.99371],[133.78818,34.99445],[133.78739,34.99535],[133.78627,34.99609],[133.78658,34.99734],[133.78622,34.99759],[133.78639,34.99851],[133.78692,34.9996],[133.78701,35.00029],[133.78765,35.00158],[133.7872,35.00257],[133.78666,35.003],[133.78586,35.00293],[133.78605,35.00415],[133.7875,35.00652],[133.78841,35.00654],[133.78874,35.00708],[133.78856,35.00761],[133.78898,35.00884],[133.78967,35.00955],[133.78906,35.01168],[133.7883,35.01183],[133.7883,35.01409],[133.78782,35.01506],[133.78704,35.01499],[133.78709,35.01596],[133.78644,35.01644],[133.78521,35.01593],[133.78467,35.01646],[133.78389,35.01701],[133.78439,35.01787],[133.78447,35.01882],[133.785,35.01965],[133.78507,35.01995],[133.78525,35.01971],[133.78647,35.01972],[133.78823,35.02002],[133.78917,35.02044],[133.78971,35.02031],[133.79014,35.02055],[133.79135,35.02052],[133.79258,35.02103],[133.793,35.02153],[133.79422,35.02142],[133.79614,35.02125],[133.79734,35.0219],[133.79802,35.02196],[133.79933,35.02136],[133.80054,35.02162],[133.80177,35.02254],[133.80259,35.02241],[133.80435,35.02419],[133.80499,35.02468],[133.80522,35.02528],[133.80518,35.0263],[133.80813,35.0266],[133.80847,35.027],[133.80987,35.02688],[133.81122,35.027],[133.81162,35.02719],[133.81218,35.0299],[133.81378,35.03035],[133.81537,35.03109],[133.8152,35.03159],[133.81469,35.03215],[133.81521,35.03266],[133.81634,35.03325],[133.81608,35.0337],[133.81701,35.03417],[133.81815,35.0341],[133.81865,35.03441],[133.81891,35.03549],[133.81956,35.03575],[133.81907,35.03705],[133.81961,35.03801],[133.81933,35.03839],[133.81814,35.03855],[133.81736,35.0391],[133.81704,35.04224],[133.81548,35.04344],[133.81768,35.04388],[133.81846,35.04458],[133.81936,35.04429],[133.82109,35.04207],[133.82255,35.04203],[133.82298,35.04233],[133.82353,35.04341],[133.82508,35.04391],[133.82605,35.04465],[133.82566,35.04482],[133.82399,35.04585],[133.82279,35.04681],[133.82224,35.04761],[133.82244,35.04827],[133.82245,35.04873],[133.82167,35.0501],[133.82186,35.051],[133.82303,35.0514],[133.82305,35.05218],[133.82395,35.05248],[133.82447,35.05377],[133.82371,35.05505],[133.82385,35.05588],[133.82377,35.05844],[133.82429,35.05888],[133.82401,35.05952],[133.82396,35.06088],[133.82367,35.06218],[133.82328,35.0635],[133.82264,35.06566],[133.82234,35.06643],[133.82127,35.06717],[133.82107,35.06771],[133.82136,35.06796],[133.82279,35.06819],[133.82297,35.06865],[133.82317,35.06887],[133.82372,35.0691],[133.82388,35.06943],[133.82419,35.07054],[133.82518,35.07109],[133.82573,35.07145],[133.82581,35.07213],[133.82617,35.07313],[133.82689,35.07316],[133.82768,35.07428],[133.82871,35.07536],[133.8289,35.0778],[133.83008,35.07861],[133.83184,35.08036],[133.83378,35.08179],[133.834,35.08178],[133.83519,35.08207],[133.83549,35.08303],[133.83572,35.0841],[133.83517,35.08497],[133.83546,35.08604],[133.83545,35.0871],[133.83469,35.08743],[133.83263,35.08816],[133.83392,35.09168],[133.83435,35.0933],[133.83533,35.0956],[133.83573,35.09637],[133.83649,35.09855],[133.83629,35.09885],[133.83748,35.09882],[133.83843,35.09854],[133.83915,35.09876],[133.83932,35.09883],[133.84,35.0988],[133.84035,35.09885],[133.84096,35.09957],[133.84294,35.1],[133.84368,35.1004],[133.84398,35.10049],[133.84411,35.10052],[133.84458,35.10109],[133.84532,35.10133],[133.84556,35.10157],[133.84506,35.10236],[133.84406,35.10336],[133.84358,35.10419],[133.84341,35.10509],[133.84288,35.10622],[133.84297,35.10704],[133.84397,35.10803],[133.84457,35.10904],[133.84463,35.11021],[133.84377,35.11121],[133.84425,35.11271],[133.84469,35.11332],[133.84488,35.11448],[133.84396,35.11529],[133.84425,35.11677],[133.84298,35.11677],[133.84217,35.11767],[133.84007,35.11911],[133.83721,35.11857],[133.8372,35.11957],[133.83637,35.11943],[133.83591,35.12066],[133.83458,35.12116],[133.83392,35.1219],[133.83324,35.12307],[133.8323,35.12315],[133.83235,35.12391],[133.8334,35.12542],[133.83368,35.12645],[133.83378,35.12809],[133.83084,35.12711],[133.82942,35.12734],[133.82964,35.12794],[133.82842,35.12765],[133.8283,35.12835],[133.82785,35.12843],[133.82589,35.12807],[133.82425,35.12717],[133.82314,35.12751],[133.8221,35.12734],[133.82142,35.12752],[133.82056,35.12909],[133.81866,35.12933],[133.81712,35.13128],[133.81657,35.13235],[133.81454,35.13257],[133.8139,35.1328],[133.81326,35.13231],[133.81128,35.13182],[133.81071,35.13106],[133.80983,35.13086],[133.80835,35.13132],[133.80664,35.13076],[133.80612,35.13086],[133.80571,35.13175],[133.80521,35.13189],[133.8025,35.13168],[133.80203,35.13205],[133.7989,35.1334],[133.79792,35.13398],[133.79761,35.1345],[133.7975,35.13559],[133.7966,35.13562],[133.79451,35.13531],[133.79455,35.13578],[133.79523,35.13595],[133.79499,35.13655],[133.7933,35.1373],[133.79229,35.13844],[133.79157,35.13925],[133.79172,35.14072],[133.79016,35.14132],[133.7894,35.14143],[133.78893,35.14197],[133.7895,35.14246],[133.78884,35.14289],[133.78827,35.14258],[133.78673,35.14303],[133.78658,35.14507],[133.78515,35.14541],[133.78419,35.14618],[133.78378,35.14723],[133.78249,35.1476],[133.78208,35.14815],[133.78169,35.14984],[133.78208,35.15044],[133.78205,35.15144],[133.78103,35.15294],[133.78013,35.1536],[133.77731,35.15435],[133.77605,35.15503],[133.7754,35.15569],[133.77395,35.15599],[133.77208,35.15591],[133.77039,35.15566],[133.76932,35.15612],[133.76827,35.15716],[133.76782,35.15671],[133.76689,35.15738],[133.76633,35.15814],[133.76618,35.15946],[133.76893,35.16131],[133.76913,35.1618],[133.77039,35.16272],[133.77154,35.16428],[133.77139,35.16479],[133.7715,35.16568],[133.77207,35.1669],[133.7717,35.16764],[133.77093,35.16829],[133.77066,35.1691],[133.77056,35.17092],[133.77134,35.17184],[133.77273,35.17222],[133.77308,35.17277],[133.77442,35.17319],[133.77625,35.17325],[133.77704,35.17418],[133.77831,35.17521],[133.77911,35.17633],[133.778,35.17726],[133.77752,35.17801],[133.77745,35.18014],[133.77712,35.18063],[133.77811,35.18149],[133.77868,35.18266],[133.77846,35.18485],[133.77794,35.18595],[133.77867,35.18784],[133.77872,35.18855],[133.77978,35.1896],[133.78084,35.19023],[133.77907,35.19333],[133.77907,35.19458],[133.77851,35.19611],[133.77817,35.19766],[133.7772,35.19847],[133.77684,35.2001],[133.77612,35.20076],[133.77498,35.2013],[133.77309,35.20172],[133.77269,35.20235],[133.77282,35.20357],[133.77235,35.20555],[133.77279,35.20609],[133.77498,35.20666],[133.77662,35.20773],[133.77732,35.20902],[133.77917,35.21078],[133.77967,35.21163],[133.78123,35.21288],[133.78136,35.21358],[133.78083,35.215],[133.779,35.21668],[133.77842,35.2195],[133.77793,35.22074],[133.7785,35.22265],[133.77967,35.22248],[133.78091,35.22202],[133.78345,35.2207],[133.78575,35.22034],[133.78662,35.21995],[133.78763,35.21884],[133.79,35.21793],[133.79165,35.21748],[133.79285,35.21744],[133.79447,35.2169],[133.79742,35.2156],[133.79973,35.21445],[133.80071,35.21474],[133.80212,35.21468],[133.80268,35.21523],[133.80456,35.21596],[133.80579,35.21682],[133.80683,35.2183],[133.80817,35.21979],[133.81199,35.21914],[133.81295,35.21871],[133.81464,35.21749],[133.8162,35.21819],[133.8165,35.21861],[133.81649,35.21924],[133.81546,35.22056],[133.81509,35.22192],[133.81466,35.22276],[133.81256,35.22463],[133.81223,35.22548],[133.81059,35.22777],[133.81038,35.22918],[133.81091,35.22931],[133.81138,35.23007],[133.81216,35.23052],[133.8142,35.23098],[133.81497,35.23208],[133.81543,35.2337],[133.81655,35.2343],[133.81765,35.23548],[133.8177,35.2366],[133.819,35.23829],[133.81851,35.23999],[133.819,35.24072],[133.82036,35.24219],[133.82028,35.24294],[133.8205,35.24418],[133.82027,35.24476],[133.82059,35.24595],[133.82046,35.24726],[133.8195,35.24775],[133.81803,35.24948],[133.81791,35.2509],[133.81757,35.252],[133.81802,35.25275],[133.81782,35.25398],[133.81788,35.25513],[133.81837,35.25662],[133.81886,35.25754],[133.81873,35.25866],[133.81785,35.2599],[133.81697,35.26028],[133.81664,35.2612],[133.81675,35.26235],[133.81608,35.26287],[133.81641,35.26372],[133.81563,35.26474],[133.81407,35.26558],[133.81327,35.26568],[133.81299,35.26623],[133.81171,35.2671],[133.81144,35.26832],[133.81023,35.26932],[133.80957,35.26912],[133.80854,35.26966],[133.80822,35.27063],[133.80837,35.27243],[133.80936,35.27346],[133.80967,35.27428],[133.80924,35.27531],[133.80911,35.2767],[133.80953,35.2771],[133.80886,35.27746],[133.80729,35.27884],[133.80504,35.28062],[133.80504,35.28112],[133.80556,35.28194],[133.80458,35.28275],[133.8023,35.28388],[133.80134,35.28512],[133.80144,35.2857],[133.80099,35.28659],[133.80187,35.28741],[133.79952,35.28863],[133.7996,35.28919],[133.79897,35.29001],[133.79991,35.29034],[133.80016,35.29083],[133.79974,35.29194],[133.80022,35.29277],[133.79908,35.29308],[133.79828,35.29398],[133.79688,35.29431],[133.79636,35.29407],[133.79541,35.29448],[133.79489,35.2934],[133.7937,35.29312],[133.79153,35.29341],[133.79013,35.29341],[133.7894,35.29363],[133.78906,35.29462],[133.78972,35.29539],[133.7893,35.29638],[133.79012,35.29755],[133.78983,35.29774],[133.78861,35.29718],[133.78764,35.29585],[133.78664,35.29519],[133.78446,35.2951],[133.78369,35.29488],[133.7834,35.29483],[133.78313,35.29612],[133.78251,35.2969],[133.78237,35.29822],[133.77973,35.29894],[133.77934,35.29946],[133.77755,35.29955],[133.77717,35.29938],[133.77656,35.2998],[133.77588,35.29964],[133.77522,35.30012],[133.77494,35.30115],[133.77373,35.30188],[133.77291,35.30301],[133.77158,35.30388],[133.77016,35.30427],[133.76917,35.30523],[133.76868,35.30681],[133.76789,35.30794],[133.76678,35.30897],[133.76587,35.30916],[133.76463,35.30906],[133.76319,35.30936],[133.76315,35.31046],[133.76222,35.31156],[133.76148,35.31137],[133.75977,35.31027],[133.75921,35.30908],[133.75831,35.30853],[133.75694,35.30829],[133.75585,35.30958],[133.75429,35.31076],[133.75341,35.31079],[133.75137,35.31128],[133.75067,35.31174],[133.75044,35.31297],[133.74972,35.31434],[133.74889,35.31476],[133.7493,35.31562],[133.74919,35.31633],[133.74858,35.31743],[133.74692,35.31877],[133.74556,35.31954],[133.74481,35.31967],[133.7435,35.31741],[133.74202,35.31665],[133.73992,35.31683],[133.73902,35.31786],[133.73846,35.31813],[133.73808,35.31889],[133.73644,35.31868],[133.73513,35.31894],[133.73516,35.31618],[133.73435,35.31642],[133.73395,35.31705],[133.73264,35.31761],[133.7311,35.3175],[133.73001,35.31763],[133.72892,35.317],[133.72707,35.31738],[133.72588,35.3186],[133.725,35.31976],[133.72228,35.31912],[133.71967,35.31973],[133.71819,35.31972],[133.71713,35.32019],[133.71572,35.32122],[133.71477,35.3225],[133.71319,35.32349],[133.71164,35.32388],[133.7115,35.32423],[133.71011,35.32441],[133.70887,35.32517],[133.70711,35.32512],[133.70497,35.3242],[133.70253,35.32474],[133.70107,35.32495],[133.70071,35.32521],[133.69847,35.32603],[133.69717,35.3271],[133.69642,35.32698],[133.69488,35.32607],[133.69332,35.32539],[133.69286,35.32485],[133.69159,35.32401],[133.6915,35.3231],[133.69187,35.32242],[133.69155,35.32038],[133.69115,35.32011],[133.68969,35.32002],[133.68822,35.31938],[133.68698,35.31929],[133.68564,35.31969],[133.68398,35.31879],[133.68258,35.31869],[133.68126,35.31896],[133.67825,35.31889],[133.67781,35.31902],[133.6761,35.32013],[133.67588,35.32077],[133.67506,35.32118],[133.67446,35.32277],[133.674,35.32337],[133.67203,35.32366],[133.67057,35.32295],[133.66892,35.32309],[133.66785,35.32369],[133.66582,35.32386],[133.66499,35.32475],[133.66362,35.32506],[133.66242,35.32674],[133.66094,35.32751],[133.66011,35.3284],[133.65832,35.32897],[133.65743,35.32978],[133.657,35.33049],[133.65515,35.3316],[133.65384,35.3328],[133.65257,35.33445],[133.65119,35.33509],[133.65069,35.33573],[133.64923,35.33628],[133.64811,35.33651],[133.64452,35.33628],[133.64376,35.33613],[133.6415,35.33664],[133.64073,35.3366],[133.63943,35.33768],[133.63897,35.33893],[133.63832,35.33916],[133.63642,35.3394],[133.63437,35.33933],[133.633,35.33975],[133.63123,35.3393],[133.63054,35.33875],[133.62815,35.33831],[133.62676,35.33841],[133.62593,35.33825],[133.6245,35.33756],[133.62248,35.33676],[133.62188,35.33706],[133.6196,35.33845],[133.61908,35.33902],[133.61679,35.34017],[133.61574,35.34118],[133.614,35.34031],[133.61239,35.34],[133.61158,35.34067],[133.6102,35.34103],[133.60979,35.34191],[133.60767,35.34203],[133.60545,35.3411],[133.60489,35.34161],[133.60384,35.34312],[133.60286,35.34344],[133.6018,35.34344],[133.59915,35.34425],[133.59802,35.34487],[133.59673,35.34514],[133.59594,35.34464],[133.59543,35.34277],[133.59479,35.34156],[133.59462,35.34082],[133.59308,35.33999],[133.59247,35.33915],[133.58972,35.338],[133.58842,35.33701],[133.58925,35.33578],[133.58925,35.33475],[133.58919,35.33344],[133.59049,35.33295],[133.59209,35.33213],[133.59243,35.3313],[133.59212,35.33044],[133.59098,35.32944],[133.58943,35.32888],[133.58922,35.32847],[133.59007,35.32763],[133.59002,35.32725],[133.5881,35.32497],[133.58656,35.3239],[133.58571,35.32352],[133.58491,35.3235],[133.58429,35.32168],[133.58376,35.32129],[133.58274,35.32145],[133.58222,35.32016],[133.58114,35.31914],[133.58153,35.31802],[133.58107,35.31694],[133.58014,35.31637],[133.57933,35.3163],[133.57697,35.31428],[133.57751,35.31221],[133.57673,35.31147],[133.57652,35.31087],[133.57658,35.30862],[133.57632,35.30639],[133.5758,35.30525],[133.5758,35.30435],[133.57696,35.30335],[133.57718,35.30162],[133.57598,35.30069],[133.57595,35.30013],[133.57665,35.29911],[133.57753,35.29865],[133.57787,35.2971],[133.57683,35.29687],[133.57702,35.29567],[133.57428,35.29223],[133.57417,35.29185],[133.57454,35.29017],[133.57356,35.28935],[133.57357,35.28886],[133.57042,35.28718],[133.57136,35.28493],[133.57171,35.28359],[133.57249,35.28201],[133.57226,35.28044],[133.57164,35.27974],[133.57045,35.27927],[133.56977,35.2782],[133.56916,35.27783],[133.56913,35.27731],[133.56959,35.27628],[133.57068,35.27567],[133.57162,35.27433],[133.57158,35.27341],[133.57202,35.27261],[133.57105,35.27086],[133.5695,35.27009],[133.56865,35.26899],[133.56771,35.26851],[133.56727,35.26787],[133.56729,35.26698],[133.56678,35.26638],[133.56678,35.26532],[133.56742,35.26464],[133.56779,35.26263],[133.56702,35.26174],[133.56708,35.26089],[133.56771,35.25983],[133.56845,35.25901],[133.56794,35.25823],[133.56827,35.25728],[133.56804,35.25661],[133.56731,35.25644],[133.56641,35.25551],[133.56748,35.25467],[133.56885,35.25389],[133.56982,35.25353],[133.57106,35.25374],[133.57221,35.25325],[133.57305,35.25333],[133.5739,35.25268],[133.57578,35.25223],[133.57605,35.25097],[133.57705,35.25031],[133.57848,35.24991],[133.57953,35.24866],[133.58056,35.24757],[133.58217,35.24666],[133.58336,35.24639],[133.58508,35.24636],[133.58583,35.24655],[133.58734,35.24607],[133.58841,35.24467],[133.58921,35.2445],[133.59018,35.24492],[133.59124,35.24478],[133.59292,35.24403],[133.59369,35.24429],[133.59445,35.24374],[133.59664,35.24099],[133.59462,35.2397],[133.5934,35.2378],[133.59314,35.23665],[133.59242,35.23556],[133.59275,35.23482],[133.59252,35.23341],[133.5942,35.23159],[133.59544,35.231],[133.59595,35.22967],[133.59671,35.2283],[133.59852,35.22666],[133.59966,35.22527],[133.59973,35.22492],[133.59906,35.22399],[133.59933,35.22299],[133.59936,35.22257],[133.59924,35.22185],[133.59882,35.22142],[133.59837,35.22089],[133.59804,35.21952],[133.59797,35.2186],[133.5972,35.21817],[133.59694,35.21794],[133.59719,35.2166],[133.59687,35.21611],[133.59655,35.21599],[133.59697,35.21494],[133.59748,35.21436],[133.59845,35.21378],[133.59931,35.21353],[133.59945,35.21295],[133.6003,35.21196],[133.60197,35.21013],[133.60255,35.20938],[133.60418,35.20812],[133.60406,35.20754],[133.60473,35.20688],[133.60575,35.20582],[133.60634,35.20581],[133.60655,35.2044],[133.60689,35.20417],[133.60713,35.20305],[133.6067,35.2026],[133.60676,35.20184],[133.607,35.20082],[133.60704,35.20032],[133.60678,35.19904],[133.60742,35.19884],[133.6076,35.19796],[133.60799,35.19701],[133.60803,35.19497],[133.60856,35.19458],[133.60919,35.19395],[133.60939,35.19272],[133.60864,35.19138],[133.60824,35.19106],[133.60744,35.19047],[133.60558,35.18977],[133.60586,35.18919],[133.60622,35.18822],[133.60696,35.18735],[133.60697,35.18695],[133.60676,35.18621],[133.60648,35.18586],[133.6062,35.18535],[133.60535,35.1853],[133.60319,35.18602],[133.60286,35.18591],[133.60205,35.18543],[133.60098,35.18527],[133.60066,35.18561],[133.60035,35.186],[133.59967,35.18632],[133.59874,35.18634],[133.59798,35.18625],[133.59653,35.18525],[133.59589,35.18542],[133.59568,35.1859],[133.59539,35.18609],[133.59458,35.18666],[133.59408,35.18671],[133.59329,35.18706],[133.59257,35.18678],[133.59199,35.18621],[133.59185,35.18598],[133.59122,35.18559],[133.59085,35.18491],[133.58906,35.1844],[133.58869,35.18382],[133.58848,35.18271],[133.58891,35.18207],[133.58906,35.18148],[133.58914,35.18105],[133.58843,35.18073],[133.58811,35.1798],[133.58825,35.17936],[133.58828,35.1787],[133.58751,35.17757],[133.58796,35.17658],[133.58828,35.17573],[133.58687,35.17531],[133.58445,35.17545],[133.58296,35.17478],[133.58211,35.17347],[133.58238,35.1727],[133.58283,35.172],[133.58288,35.16934],[133.58237,35.16875],[133.58218,35.16739],[133.58252,35.16601],[133.58176,35.16507],[133.58171,35.16465],[133.58219,35.16378],[133.58282,35.16371],[133.58364,35.16327],[133.5838,35.16266],[133.58436,35.16207],[133.58467,35.16188],[133.58499,35.16171],[133.585,35.1616],[133.58538,35.16146],[133.58565,35.1609],[133.58587,35.16039],[133.58615,35.16018],[133.58606,35.15977],[133.58592,35.15977],[133.58635,35.15868],[133.58668,35.15748],[133.58608,35.15727],[133.58552,35.15629],[133.58508,35.15602],[133.58427,35.15549],[133.58403,35.15506],[133.58245,35.15438],[133.58199,35.15377],[133.58095,35.1532],[133.58025,35.15253],[133.57858,35.15206],[133.57753,35.15155],[133.57743,35.15108],[133.57672,35.15044],[133.57534,35.15017],[133.57329,35.14928],[133.57147,35.14899],[133.57105,35.14899],[133.5692,35.14889],[133.56807,35.14897],[133.56845,35.14857],[133.56869,35.1483],[133.56906,35.14761],[133.56919,35.14737],[133.57023,35.14655],[133.57127,35.14612],[133.5721,35.14576],[133.57268,35.14517],[133.57368,35.14477],[133.57432,35.145],[133.57462,35.1451],[133.57539,35.14492],[133.57612,35.1447],[133.57737,35.14462],[133.57784,35.14418],[133.57816,35.14404],[133.57863,35.14388],[133.57957,35.14232],[133.5799,35.14208],[133.58094,35.14212],[133.58119,35.14218],[133.58148,35.14174],[133.58149,35.14134],[133.5821,35.14115],[133.58307,35.14076],[133.5841,35.14072],[133.58492,35.1405],[133.58625,35.13969],[133.58741,35.13942],[133.58774,35.13879],[133.58863,35.1383],[133.58925,35.13828],[133.58963,35.13826],[133.59054,35.13818],[133.59073,35.13798],[133.59073,35.13757],[133.59113,35.13706],[133.5912,35.13641],[133.59057,35.13502],[133.5898,35.1342],[133.58933,35.13351],[133.58935,35.13292],[133.58925,35.13246],[133.58849,35.13106],[133.58811,35.1307],[133.58804,35.13021],[133.58821,35.13007],[133.58808,35.1301],[133.58821,35.12941],[133.5878,35.12833],[133.58616,35.12741],[133.58604,35.12526],[133.58619,35.12476],[133.58525,35.12322],[133.58458,35.12253],[133.58418,35.11959],[133.58392,35.11893],[133.5839,35.11601],[133.58324,35.11508],[133.58287,35.11411],[133.5811,35.11263],[133.58019,35.11229],[133.57904,35.1124],[133.57814,35.11207],[133.57593,35.11201],[133.57509,35.11094],[133.57515,35.11017],[133.57565,35.10837],[133.5757,35.10765],[133.57492,35.10686],[133.57495,35.10457],[133.57416,35.10318],[133.57461,35.10137],[133.57434,35.09998],[133.57557,35.09878],[133.57599,35.09766],[133.57594,35.09591],[133.57482,35.09544],[133.57463,35.09505],[133.57481,35.09384],[133.57551,35.09333],[133.57556,35.09329],[133.57613,35.09258],[133.57625,35.0909],[133.57735,35.09027],[133.57823,35.09016],[133.57891,35.08967],[133.5792,35.08907],[133.57915,35.08833],[133.57977,35.08741],[133.58078,35.08671],[133.5816,35.08661],[133.58321,35.08713],[133.58439,35.08647],[133.5842,35.0857],[133.58587,35.08471],[133.58663,35.0832],[133.588,35.08217],[133.5889,35.08201],[133.58903,35.08062],[133.58931,35.08023],[133.58936,35.07913],[133.58914,35.07853],[133.58908,35.07655],[133.58839,35.0752],[133.5891,35.07414],[133.58953,35.07392],[133.58921,35.07341],[133.58951,35.07271],[133.58917,35.07199],[133.58826,35.07082],[133.58759,35.07035],[133.58687,35.0694],[133.58689,35.06875],[133.58759,35.06804],[133.58756,35.06758],[133.5868,35.06683],[133.58747,35.06544],[133.58748,35.06378],[133.58801,35.06346],[133.58768,35.06259],[133.58768,35.06147],[133.58671,35.06047],[133.58679,35.05998],[133.58608,35.05878],[133.58597,35.05786]],[[133.69127,35.08231],[133.69116,35.08208],[133.69098,35.08231],[133.69127,35.08231]],[[133.69159,35.08148],[133.69166,35.08117],[133.69116,35.08115],[133.69159,35.08148]],[[133.68656,35.08345],[133.68656,35.08325],[133.68634,35.0833],[133.68656,35.08345]],[[133.68482,35.05212],[133.6849,35.05198],[133.68341,35.05241],[133.68482,35.05212]],[[133.69508,35.15011],[133.69505,35.14969],[133.69542,35.14878],[133.69507,35.14963],[133.69502,35.14985],[133.69508,35.15011]],[[133.70177,35.12635],[133.70397,35.12548],[133.70207,35.12623],[133.70177,35.12635]],[[133.70965,35.1132],[133.71046,35.11282],[133.71151,35.11211],[133.70965,35.1132]],[[133.74949,35.12513],[133.74952,35.12452],[133.74941,35.12503],[133.74949,35.12513]],[[133.68557,35.04604],[133.68616,35.04587],[133.68567,35.04578],[133.68557,35.04604]],[[133.68144,35.03384],[133.68211,35.03373],[133.68165,35.03345],[133.68144,35.03384]],[[133.74728,35.05446],[133.74728,35.05386],[133.74706,35.05385],[133.74728,35.05446]],[[133.75109,35.06058],[133.75126,35.06055],[133.7515,35.05929],[133.75109,35.06058]],[[133.7564,35.05852],[133.75615,35.05801],[133.75575,35.05746],[133.7564,35.05852]],[[133.74725,35.05306],[133.74677,35.05289],[133.74717,35.05326],[133.74725,35.05306]],[[133.74063,35.04168],[133.7413,35.04153],[133.74064,35.04133],[133.74063,35.04168]],[[133.75878,35.04301],[133.75899,35.04257],[133.7591,35.04227],[133.75878,35.04301]],[[133.7541,35.0174],[133.7545,35.01728],[133.75411,35.01722],[133.7541,35.0174]],[[133.75254,35.01499],[133.75248,35.01478],[133.75242,35.01466],[133.75254,35.01499]],[[133.74841,35.01486],[133.74832,35.01472],[133.74823,35.01536],[133.74841,35.01486]],[[133.75959,35.07144],[133.75951,35.07011],[133.75959,35.0715],[133.75958,35.07292],[133.75961,35.07183],[133.75959,35.07144]],[[133.79138,35.06129],[133.79155,35.06131],[133.79077,35.06031],[133.79138,35.06129]],[[133.77296,35.04283],[133.77323,35.04114],[133.77301,35.04239],[133.77296,35.04283]],[[133.73107,34.97094],[133.73144,34.97189],[133.73139,34.9712],[133.73107,34.97094]],[[133.71083,35.02029],[133.70979,35.02049],[133.71101,35.02044],[133.71083,35.02029]],[[133.6864,35.03417],[133.68642,35.03412],[133.68578,35.03441],[133.6864,35.03417]],[[133.73869,35.06322],[133.7391,35.06324],[133.73941,35.06321],[133.73869,35.06322]],[[133.73803,35.20774],[133.73913,35.20698],[133.73795,35.20778],[133.73803,35.20774]],[[133.73311,35.20072],[133.73412,35.19991],[133.73298,35.20071],[133.73311,35.20072]],[[133.73169,35.18508],[133.73156,35.18495],[133.73076,35.18529],[133.73169,35.18508]],[[133.74959,35.08052],[133.74944,35.08042],[133.74897,35.08054],[133.74959,35.08052]],[[133.74714,35.08312],[133.74755,35.08348],[133.74738,35.08306],[133.74714,35.08312]],[[133.74914,35.07985],[133.74909,35.07975],[133.74854,35.08002],[133.74914,35.07985]],[[133.74799,35.07919],[133.74767,35.07907],[133.74747,35.07923],[133.74799,35.07919]],[[133.74345,35.08146],[133.74309,35.08157],[133.74313,35.082],[133.74345,35.08146]],[[133.75047,35.07566],[133.7519,35.0752],[133.74945,35.07597],[133.75047,35.07566]],[[133.74973,35.09158],[133.74969,35.09039],[133.74968,35.09047],[133.74973,35.09158]],[[133.75157,35.06818],[133.75051,35.06857],[133.75036,35.06883],[133.75157,35.06818]],[[133.75773,35.08338],[133.75859,35.08362],[133.75814,35.08346],[133.75773,35.08338]],[[133.75245,35.07974],[133.75269,35.08074],[133.75234,35.07903],[133.75245,35.07974]],[[133.76292,35.11034],[133.76367,35.11066],[133.76312,35.11041],[133.76292,35.11034]],[[133.71023,35.06418],[133.70993,35.06413],[133.71018,35.06458],[133.71023,35.06418]],[[133.7679,35.07683],[133.769,35.07702],[133.76904,35.07691],[133.7679,35.07683]],[[133.77771,35.07561],[133.77756,35.07568],[133.77923,35.07574],[133.77771,35.07561]],[[133.78072,35.08817],[133.78062,35.08833],[133.78088,35.08847],[133.78072,35.08817]],[[133.7878,35.11181],[133.78845,35.11231],[133.78794,35.11167],[133.7878,35.11181]],[[133.65282,35.27622],[133.65334,35.27599],[133.65301,35.27612],[133.65282,35.27622]],[[133.66184,35.27706],[133.66297,35.27674],[133.66343,35.2766],[133.66184,35.27706]],[[133.64542,34.96377],[133.64564,34.96352],[133.64522,34.96305],[133.64542,34.96377]],[[133.65982,34.97445],[133.65978,34.97484],[133.66,34.97636],[133.65986,34.97522],[133.65982,34.97445]]],[[[133.75416,35.04998],[133.75457,35.04896],[133.75453,35.04908],[133.75416,35.04998]]],[[[133.75951,35.07011],[133.75955,35.06928],[133.75953,35.06982],[133.75951,35.07011]]],[[[133.7544,35.0805],[133.7542,35.08004],[133.75442,35.08052],[133.7544,35.0805]]]]}},{"type":"Feature","properties":{"nm":"美作市","b":[134.0863,34.8808,134.4134,35.2107],"c":[134.22992,35.0428]},"geometry":{"type":"MultiPolygon","coordinates":[[[[134.16827,35.04485],[134.16756,35.0454],[134.1668,35.04506],[134.16458,35.04493],[134.16377,35.04524],[134.16352,35.04567],[134.16213,35.04621],[134.16147,35.04729],[134.16069,35.04849],[134.15939,35.04974],[134.15804,35.04829],[134.15729,35.04811],[134.15648,35.0474],[134.15503,35.04714],[134.15463,35.04678],[134.15265,35.04625],[134.15166,35.04635],[134.15115,35.04676],[134.14996,35.04696],[134.14932,35.04679],[134.14912,35.04867],[134.14787,35.04835],[134.1463,35.04843],[134.1446,35.0478],[134.1426,35.04788],[134.14125,35.04839],[134.14007,35.04873],[134.13892,35.04861],[134.13843,35.04886],[134.13696,35.04844],[134.13657,35.04797],[134.13528,35.04751],[134.13673,35.04496],[134.1367,35.0436],[134.13781,35.04234],[134.13872,35.03973],[134.13809,35.03892],[134.13788,35.03824],[134.13857,35.038],[134.13824,35.03728],[134.13672,35.03544],[134.13825,35.03455],[134.13902,35.03446],[134.13948,35.03391],[134.13845,35.03231],[134.13851,35.03042],[134.13983,35.02751],[134.13948,35.02643],[134.13955,35.02549],[134.13951,35.02371],[134.14006,35.02301],[134.1402,35.02287],[134.1404,35.02222],[134.13901,35.02054],[134.1387,35.02011],[134.13867,35.01951],[134.13934,35.01915],[134.13888,35.01926],[134.13818,35.018],[134.13728,35.01772],[134.13759,35.01815],[134.13722,35.01918],[134.13717,35.01928],[134.13717,35.01938],[134.13721,35.01949],[134.13501,35.01939],[134.13341,35.01909],[134.13296,35.01896],[134.13257,35.01858],[134.13214,35.01882],[134.1318,35.01906],[134.13133,35.01918],[134.13038,35.01837],[134.13005,35.01827],[134.12988,35.01812],[134.12903,35.01792],[134.12872,35.01815],[134.12862,35.01847],[134.12819,35.01869],[134.12775,35.01875],[134.12733,35.01855],[134.12657,35.01786],[134.12499,35.0177],[134.12404,35.01791],[134.12328,35.01847],[134.12181,35.01921],[134.12152,35.01907],[134.12125,35.01892],[134.12049,35.01838],[134.12,35.01799],[134.1194,35.01793],[134.11906,35.0177],[134.11848,35.01697],[134.11786,35.01634],[134.11673,35.01646],[134.11647,35.01651],[134.11533,35.01637],[134.11493,35.01597],[134.11439,35.01568],[134.11231,35.0153],[134.11148,35.01558],[134.1104,35.01501],[134.1101,35.01541],[134.10986,35.01633],[134.10752,35.01612],[134.10734,35.01509],[134.1064,35.01476],[134.10537,35.01492],[134.10451,35.0153],[134.1032,35.01646],[134.10199,35.01697],[134.10173,35.01741],[134.09984,35.01713],[134.09843,35.01611],[134.09814,35.01567],[134.09684,35.01505],[134.09601,35.01516],[134.09593,35.01427],[134.09544,35.01389],[134.09483,35.01439],[134.09376,35.01426],[134.09311,35.01374],[134.09171,35.0134],[134.09051,35.01346],[134.08983,35.01318],[134.089,35.01217],[134.08845,35.01185],[134.0882,35.01148],[134.08817,35.01138],[134.08814,35.01122],[134.08817,35.01101],[134.08804,35.01046],[134.08791,35.00998],[134.08737,35.00944],[134.0879,35.00835],[134.08829,35.00818],[134.08858,35.00785],[134.08872,35.00709],[134.08971,35.00698],[134.08996,35.00658],[134.08987,35.00587],[134.09025,35.00499],[134.09044,35.00443],[134.09081,35.00368],[134.09059,35.00291],[134.09025,35.00261],[134.08985,35.00219],[134.08981,35.00196],[134.08982,35.0017],[134.09006,35.00137],[134.09027,35.00104],[134.09035,35.00039],[134.0905,35.00003],[134.09052,34.99992],[134.0904,34.9996],[134.08978,34.99928],[134.08908,34.99911],[134.08886,34.99888],[134.08844,34.99863],[134.08818,34.99843],[134.08806,34.99823],[134.0879,34.9979],[134.08768,34.99766],[134.0876,34.99761],[134.08717,34.99732],[134.0867,34.99666],[134.08668,34.99508],[134.08626,34.99392],[134.08644,34.99317],[134.08702,34.99276],[134.08732,34.99181],[134.08821,34.99091],[134.0882,34.9897],[134.0874,34.98903],[134.08693,34.988],[134.08772,34.98745],[134.08889,34.98708],[134.08958,34.9878],[134.09154,34.98794],[134.09179,34.98733],[134.09323,34.98648],[134.09386,34.98632],[134.09345,34.98723],[134.09412,34.98939],[134.09492,34.99013],[134.09446,34.99163],[134.0956,34.99292],[134.09595,34.99363],[134.09759,34.99572],[134.09891,34.99602],[134.10028,34.99655],[134.10104,34.99561],[134.10193,34.99488],[134.10204,34.99449],[134.10372,34.99348],[134.10409,34.99304],[134.1048,34.99288],[134.10653,34.99211],[134.10652,34.99192],[134.10674,34.99089],[134.10827,34.99088],[134.10918,34.99216],[134.11087,34.99242],[134.10965,34.99045],[134.10944,34.98977],[134.1075,34.98895],[134.10616,34.98911],[134.10577,34.98979],[134.10437,34.98951],[134.10332,34.98972],[134.10178,34.98972],[134.1014,34.98911],[134.09996,34.98856],[134.09987,34.9877],[134.09933,34.9862],[134.0999,34.98444],[134.09986,34.98394],[134.10123,34.98364],[134.10283,34.98269],[134.10502,34.98273],[134.10513,34.98219],[134.10408,34.98142],[134.10277,34.98093],[134.1029,34.9793],[134.10348,34.97818],[134.1026,34.97791],[134.10073,34.97787],[134.10025,34.9776],[134.10021,34.97471],[134.10065,34.9744],[134.10211,34.97454],[134.10351,34.9754],[134.10379,34.97628],[134.10559,34.97687],[134.10638,34.97652],[134.10702,34.97553],[134.10667,34.97467],[134.10703,34.97341],[134.10706,34.9725],[134.1084,34.97281],[134.10706,34.9724],[134.10606,34.97245],[134.10471,34.97212],[134.10289,34.97108],[134.10196,34.97002],[134.10091,34.96944],[134.10047,34.96884],[134.10029,34.96782],[134.09951,34.96597],[134.09738,34.96549],[134.09713,34.96599],[134.09502,34.96582],[134.09385,34.9648],[134.0931,34.96477],[134.0924,34.96514],[134.09122,34.96508],[134.08836,34.96402],[134.08845,34.96359],[134.08855,34.96336],[134.08869,34.96324],[134.08971,34.96286],[134.09181,34.96328],[134.09233,34.96269],[134.09185,34.96125],[134.0928,34.96003],[134.09354,34.95965],[134.09277,34.95896],[134.09229,34.95724],[134.09283,34.95651],[134.09294,34.95576],[134.09447,34.95537],[134.09519,34.95477],[134.09663,34.95407],[134.09747,34.954],[134.09866,34.95444],[134.09979,34.95425],[134.1,34.95375],[134.10077,34.95395],[134.10132,34.95376],[134.10158,34.95322],[134.10159,34.95321],[134.10154,34.9529],[134.1016,34.95274],[134.1023,34.95258],[134.10335,34.95144],[134.10397,34.95149],[134.10338,34.95137],[134.10355,34.95068],[134.10431,34.94984],[134.10388,34.94895],[134.10526,34.94759],[134.10626,34.94711],[134.10617,34.94615],[134.10704,34.94487],[134.10793,34.94403],[134.10779,34.94325],[134.10802,34.94267],[134.11001,34.9406],[134.11195,34.93985],[134.11233,34.93956],[134.11362,34.93851],[134.11562,34.93772],[134.11902,34.93706],[134.11975,34.93577],[134.12098,34.93572],[134.1212,34.93571],[134.12166,34.93557],[134.12212,34.9345],[134.12181,34.93255],[134.12123,34.9313],[134.12069,34.93107],[134.11989,34.93129],[134.11718,34.9313],[134.11457,34.93223],[134.11307,34.93259],[134.1121,34.93254],[134.11217,34.93075],[134.11115,34.93057],[134.10957,34.93005],[134.10767,34.92898],[134.10739,34.92815],[134.10867,34.92671],[134.10876,34.92561],[134.10678,34.92538],[134.10477,34.925],[134.1033,34.92422],[134.10255,34.92342],[134.10232,34.92302],[134.10224,34.92276],[134.10221,34.92264],[134.10243,34.92262],[134.10308,34.92257],[134.10467,34.92211],[134.10535,34.92161],[134.10527,34.92132],[134.10524,34.9205],[134.10508,34.9193],[134.10485,34.91904],[134.10476,34.9184],[134.10496,34.91773],[134.10558,34.91718],[134.10577,34.91665],[134.10579,34.91647],[134.10591,34.91533],[134.10615,34.91503],[134.10668,34.91509],[134.10696,34.91511],[134.10743,34.91523],[134.10804,34.91506],[134.10915,34.91391],[134.10958,34.91347],[134.10951,34.91312],[134.11,34.91236],[134.10994,34.91167],[134.1095,34.91123],[134.10971,34.91094],[134.1103,34.91076],[134.11046,34.91079],[134.11201,34.91145],[134.11251,34.91226],[134.11335,34.91241],[134.11484,34.91234],[134.11597,34.91363],[134.11727,34.91352],[134.11786,34.91355],[134.11903,34.91428],[134.11956,34.91497],[134.11971,34.91564],[134.12034,34.9161],[134.1222,34.91627],[134.12237,34.91669],[134.12262,34.91538],[134.12317,34.91455],[134.12626,34.91409],[134.12777,34.9135],[134.12824,34.91253],[134.12781,34.91073],[134.12624,34.90994],[134.12597,34.90959],[134.126,34.90852],[134.12544,34.90774],[134.12594,34.90693],[134.12654,34.90533],[134.12702,34.90285],[134.12678,34.90204],[134.1268,34.90054],[134.12534,34.90006],[134.12485,34.89958],[134.12487,34.89864],[134.12519,34.89824],[134.12557,34.89695],[134.12491,34.89611],[134.12559,34.8954],[134.12576,34.89515],[134.12475,34.89424],[134.1246,34.89322],[134.12501,34.89211],[134.12434,34.89056],[134.12456,34.89049],[134.12704,34.88974],[134.12756,34.88895],[134.1282,34.88879],[134.12885,34.8881],[134.13322,34.88982],[134.13412,34.88868],[134.13497,34.88805],[134.13698,34.88701],[134.13777,34.88694],[134.13901,34.88793],[134.14023,34.88887],[134.1418,34.88949],[134.14288,34.88932],[134.14465,34.88794],[134.14521,34.88784],[134.14802,34.88836],[134.14995,34.88762],[134.15258,34.88732],[134.1541,34.8876],[134.1554,34.88701],[134.15655,34.88564],[134.15652,34.8851],[134.15706,34.8846],[134.15775,34.88421],[134.158,34.88405],[134.15812,34.88389],[134.15805,34.88361],[134.15826,34.88348],[134.15883,34.88324],[134.15885,34.88282],[134.1587,34.8824],[134.15909,34.88213],[134.15919,34.88211],[134.15952,34.88185],[134.15957,34.88182],[134.16042,34.88128],[134.16053,34.88116],[134.16074,34.88099],[134.16132,34.88098],[134.16144,34.88097],[134.16159,34.88089],[134.16177,34.88082],[134.16183,34.88084],[134.16191,34.8809],[134.16199,34.88103],[134.16211,34.88105],[134.16245,34.88095],[134.16292,34.88104],[134.16341,34.88129],[134.16349,34.88129],[134.1639,34.88115],[134.16455,34.881],[134.16514,34.88094],[134.16538,34.88092],[134.16588,34.88104],[134.16594,34.88116],[134.16607,34.88179],[134.16615,34.88194],[134.16618,34.88213],[134.16643,34.88246],[134.16676,34.88261],[134.167,34.88331],[134.1672,34.88365],[134.16696,34.8846],[134.16733,34.88503],[134.16747,34.88527],[134.16744,34.88563],[134.1674,34.88594],[134.16744,34.88623],[134.16727,34.88656],[134.16728,34.88667],[134.16779,34.8869],[134.1682,34.88713],[134.16826,34.88721],[134.16828,34.8882],[134.16822,34.88828],[134.16819,34.88848],[134.16819,34.88879],[134.16814,34.88917],[134.16816,34.88927],[134.16855,34.88964],[134.16917,34.88995],[134.16985,34.89075],[134.16983,34.891],[134.16977,34.89124],[134.1699,34.8917],[134.16996,34.89202],[134.17007,34.89227],[134.17021,34.89252],[134.1704,34.89259],[134.17058,34.89271],[134.17171,34.8929],[134.17195,34.89302],[134.17221,34.89377],[134.17222,34.89609],[134.17233,34.89667],[134.17222,34.89694],[134.172,34.89767],[134.17193,34.89813],[134.17194,34.89824],[134.17195,34.8983],[134.17211,34.89872],[134.17223,34.89887],[134.17265,34.89918],[134.17377,34.89839],[134.17486,34.89856],[134.17527,34.89853],[134.17594,34.89844],[134.17747,34.89828],[134.17799,34.89846],[134.17823,34.89841],[134.17865,34.89741],[134.18026,34.89743],[134.1805,34.89749],[134.1809,34.89759],[134.18129,34.89754],[134.18182,34.8978],[134.18206,34.89799],[134.18231,34.89821],[134.18264,34.89829],[134.18318,34.89828],[134.18344,34.89836],[134.18349,34.89829],[134.18372,34.89801],[134.18424,34.89755],[134.1845,34.8973],[134.1846,34.89716],[134.18485,34.89701],[134.18522,34.89698],[134.18615,34.89725],[134.18626,34.89723],[134.18646,34.89724],[134.18669,34.89731],[134.18703,34.89833],[134.18762,34.89872],[134.18788,34.89875],[134.188,34.89841],[134.1881,34.89801],[134.18818,34.89762],[134.18829,34.89694],[134.18803,34.89654],[134.188,34.89638],[134.18802,34.89623],[134.18788,34.8959],[134.18787,34.89565],[134.18797,34.89522],[134.18792,34.89492],[134.18791,34.89462],[134.18832,34.89397],[134.18877,34.89373],[134.18974,34.89334],[134.19034,34.89324],[134.19071,34.89294],[134.19079,34.89271],[134.19085,34.89243],[134.19095,34.89233],[134.1915,34.89189],[134.19164,34.89112],[134.19166,34.8909],[134.19174,34.89079],[134.19182,34.89056],[134.19245,34.89024],[134.19277,34.89034],[134.19335,34.89093],[134.19344,34.89116],[134.19357,34.89136],[134.19395,34.89151],[134.19443,34.89173],[134.19475,34.89162],[134.19514,34.89156],[134.19522,34.89157],[134.19533,34.89163],[134.1955,34.89155],[134.19558,34.89153],[134.19573,34.89143],[134.19588,34.8913],[134.19605,34.89125],[134.19665,34.89107],[134.19728,34.89099],[134.19798,34.89124],[134.199,34.89392],[134.19972,34.89423],[134.20011,34.89596],[134.19935,34.89648],[134.19865,34.89799],[134.19739,34.89896],[134.19636,34.89918],[134.19606,34.89952],[134.19648,34.90067],[134.19533,34.90116],[134.19529,34.90187],[134.19605,34.90254],[134.19658,34.90378],[134.1968,34.90489],[134.19666,34.90605],[134.19598,34.90696],[134.19599,34.90786],[134.19533,34.90874],[134.19523,34.90953],[134.19426,34.91004],[134.19549,34.91127],[134.19513,34.91251],[134.19525,34.91349],[134.19573,34.91414],[134.19682,34.91464],[134.19829,34.91427],[134.19959,34.91499],[134.20119,34.91488],[134.20227,34.91475],[134.203,34.91436],[134.20348,34.91421],[134.20429,34.91341],[134.20474,34.9128],[134.20521,34.91238],[134.20517,34.91164],[134.2053,34.91102],[134.20546,34.91048],[134.20614,34.91014],[134.20699,34.91018],[134.208,34.91044],[134.20925,34.91033],[134.21046,34.91053],[134.21112,34.91047],[134.21306,34.91029],[134.2136,34.91038],[134.21467,34.91074],[134.21568,34.91076],[134.2161,34.90959],[134.21662,34.90856],[134.21731,34.90822],[134.2181,34.90798],[134.2202,34.90758],[134.22076,34.90727],[134.22095,34.90644],[134.22109,34.90581],[134.22301,34.9069],[134.2242,34.90752],[134.22429,34.90795],[134.2246,34.90865],[134.22605,34.90897],[134.22703,34.90885],[134.22629,34.90993],[134.22618,34.91024],[134.22582,34.91064],[134.22562,34.91112],[134.22519,34.91159],[134.22422,34.91195],[134.22411,34.91298],[134.22439,34.91358],[134.22416,34.91525],[134.22465,34.9163],[134.22511,34.91664],[134.22574,34.91679],[134.22678,34.917],[134.22658,34.91787],[134.22644,34.91821],[134.2267,34.91932],[134.22653,34.91995],[134.22664,34.92049],[134.22714,34.92102],[134.22758,34.92126],[134.22712,34.92168],[134.22649,34.9227],[134.22641,34.92359],[134.22693,34.92369],[134.22763,34.92408],[134.2287,34.92447],[134.22916,34.92409],[134.2294,34.92368],[134.23026,34.92409],[134.23061,34.92469],[134.23085,34.92491],[134.23188,34.92512],[134.23245,34.9257],[134.2327,34.92669],[134.23471,34.92747],[134.23526,34.92883],[134.23573,34.92942],[134.23565,34.92995],[134.23553,34.93158],[134.23539,34.93208],[134.23527,34.93269],[134.23513,34.9334],[134.23499,34.93531],[134.23568,34.93765],[134.23711,34.93752],[134.23971,34.938],[134.2424,34.93911],[134.24319,34.94006],[134.24615,34.94145],[134.24655,34.94246],[134.24575,34.94321],[134.24629,34.94362],[134.24579,34.94468],[134.24443,34.94519],[134.24437,34.9462],[134.24388,34.94696],[134.24483,34.94717],[134.24565,34.94734],[134.24615,34.94824],[134.24724,34.9484],[134.24976,34.94922],[134.25037,34.94914],[134.25124,34.94861],[134.25197,34.94746],[134.25304,34.94735],[134.25345,34.94608],[134.25395,34.9461],[134.25601,34.94669],[134.25724,34.94728],[134.2586,34.94922],[134.259,34.95055],[134.25959,34.95083],[134.26014,34.95231],[134.26063,34.95253],[134.26296,34.95238],[134.26502,34.95349],[134.26631,34.95404],[134.26671,34.95442],[134.26689,34.95606],[134.26747,34.95754],[134.2691,34.95844],[134.26946,34.95914],[134.27163,34.95962],[134.27276,34.96012],[134.27383,34.96192],[134.27502,34.96205],[134.27543,34.96269],[134.27687,34.96325],[134.27532,34.96449],[134.27476,34.96559],[134.27419,34.96573],[134.27339,34.96752],[134.27508,34.96846],[134.27475,34.96904],[134.27515,34.97004],[134.27458,34.97106],[134.27469,34.97174],[134.27551,34.97247],[134.27544,34.97323],[134.27593,34.97423],[134.27597,34.97484],[134.27685,34.97581],[134.27665,34.97706],[134.27362,34.97695],[134.27317,34.97799],[134.27238,34.97862],[134.2717,34.97877],[134.27076,34.97812],[134.26942,34.97854],[134.26981,34.97977],[134.27107,34.98135],[134.27108,34.98202],[134.27053,34.9832],[134.27084,34.98378],[134.2721,34.98403],[134.27314,34.98502],[134.2732,34.98566],[134.27315,34.98605],[134.27558,34.98624],[134.27611,34.98658],[134.27759,34.98683],[134.27788,34.9872],[134.27805,34.98873],[134.27893,34.99105],[134.27918,34.99136],[134.28126,34.99182],[134.282,34.99274],[134.28284,34.99322],[134.28358,34.99418],[134.28415,34.9946],[134.28627,34.99542],[134.28657,34.9964],[134.28583,34.99686],[134.28354,34.99657],[134.28251,34.99657],[134.28056,34.99804],[134.27991,34.99888],[134.27992,34.99953],[134.27865,35.00011],[134.27895,35.00111],[134.27795,35.00151],[134.27765,35.00116],[134.27652,35.00134],[134.2759,35.00195],[134.2747,35.00267],[134.27371,35.00256],[134.27333,35.00292],[134.27235,35.00295],[134.26896,35.00366],[134.26815,35.00455],[134.2677,35.00528],[134.26724,35.00544],[134.26619,35.00504],[134.26535,35.00554],[134.26586,35.00613],[134.26598,35.00791],[134.26667,35.00836],[134.26653,35.00913],[134.26577,35.00939],[134.26584,35.01065],[134.26345,35.01111],[134.26422,35.01257],[134.26548,35.01311],[134.26638,35.01274],[134.26734,35.01266],[134.26811,35.01231],[134.26834,35.01283],[134.2666,35.01333],[134.265,35.0143],[134.26452,35.01578],[134.26451,35.01667],[134.26642,35.01757],[134.26714,35.01743],[134.26816,35.01777],[134.26879,35.01845],[134.26857,35.01903],[134.26776,35.01985],[134.26757,35.02145],[134.26816,35.02206],[134.26984,35.02251],[134.27034,35.02253],[134.27149,35.02328],[134.27307,35.02368],[134.27379,35.02348],[134.27558,35.02352],[134.2764,35.02482],[134.27595,35.02558],[134.2772,35.02703],[134.27803,35.02896],[134.27887,35.02933],[134.27875,35.02972],[134.27989,35.03067],[134.27988,35.03167],[134.28039,35.03269],[134.28127,35.03306],[134.28176,35.03417],[134.28099,35.03533],[134.28141,35.03688],[134.2843,35.03817],[134.2851,35.03787],[134.28588,35.03661],[134.28644,35.03643],[134.28791,35.03694],[134.28836,35.0374],[134.28898,35.03732],[134.28932,35.03686],[134.29025,35.03732],[134.29211,35.03747],[134.29278,35.03787],[134.29255,35.03872],[134.29274,35.03938],[134.29371,35.03997],[134.29498,35.04158],[134.29604,35.04147],[134.29658,35.0417],[134.29679,35.0427],[134.29765,35.04316],[134.29934,35.04269],[134.3006,35.04271],[134.30156,35.04119],[134.30258,35.04049],[134.30484,35.04039],[134.30529,35.04003],[134.30763,35.04169],[134.30683,35.04253],[134.30715,35.04336],[134.30631,35.04382],[134.30779,35.04583],[134.30857,35.04575],[134.30949,35.04498],[134.3117,35.0454],[134.31259,35.04464],[134.31327,35.04484],[134.31669,35.04286],[134.3173,35.04377],[134.31702,35.04522],[134.31639,35.04576],[134.31705,35.04695],[134.31667,35.04754],[134.31601,35.04781],[134.31513,35.04889],[134.31491,35.04986],[134.31431,35.05081],[134.3151,35.05191],[134.31458,35.0527],[134.31458,35.05376],[134.3151,35.05466],[134.31467,35.0564],[134.31514,35.05761],[134.31428,35.05833],[134.3147,35.05946],[134.3145,35.06086],[134.3153,35.06124],[134.31597,35.06201],[134.31677,35.06345],[134.31643,35.06415],[134.31707,35.06567],[134.31833,35.06596],[134.31971,35.06712],[134.32055,35.06747],[134.32126,35.06744],[134.32182,35.06904],[134.32123,35.06978],[134.32137,35.07037],[134.32076,35.0721],[134.32172,35.07264],[134.32131,35.0732],[134.32103,35.07439],[134.32005,35.07539],[134.32087,35.07605],[134.32024,35.07657],[134.31992,35.07813],[134.31952,35.07911],[134.31997,35.08105],[134.32025,35.0817],[134.31888,35.08303],[134.31896,35.0833],[134.3212,35.08415],[134.32252,35.08412],[134.32495,35.08566],[134.3258,35.08578],[134.32747,35.08543],[134.32813,35.08555],[134.33098,35.08731],[134.33186,35.08739],[134.33244,35.08627],[134.33305,35.08622],[134.33479,35.08746],[134.3359,35.08873],[134.33655,35.08877],[134.33665,35.08954],[134.33732,35.09024],[134.33711,35.09119],[134.33783,35.09095],[134.33871,35.08931],[134.33994,35.08911],[134.34029,35.08876],[134.34114,35.08876],[134.34178,35.08972],[134.34339,35.09001],[134.34468,35.09002],[134.34508,35.09034],[134.34606,35.09028],[134.34719,35.09107],[134.34855,35.09032],[134.34932,35.09018],[134.34982,35.09083],[134.35042,35.09097],[134.3503,35.09227],[134.35062,35.09265],[134.35013,35.0942],[134.3512,35.0958],[134.35111,35.09633],[134.35262,35.09652],[134.35314,35.0969],[134.35328,35.0977],[134.35414,35.09794],[134.35431,35.09849],[134.35505,35.09891],[134.35494,35.09947],[134.35393,35.10008],[134.35419,35.10101],[134.35325,35.10188],[134.35383,35.10335],[134.3534,35.10413],[134.35357,35.10476],[134.35315,35.10575],[134.35247,35.10628],[134.35256,35.10814],[134.35215,35.11006],[134.3523,35.11128],[134.3529,35.1134],[134.35359,35.11464],[134.35532,35.11525],[134.35608,35.11612],[134.3567,35.11718],[134.35762,35.11721],[134.35803,35.11813],[134.35993,35.11963],[134.36079,35.12016],[134.36024,35.12119],[134.36049,35.12185],[134.36024,35.12289],[134.35915,35.12372],[134.35735,35.12434],[134.3563,35.12429],[134.3565,35.12484],[134.35745,35.12609],[134.3581,35.12616],[134.35875,35.12714],[134.35932,35.1273],[134.35991,35.1286],[134.36039,35.12901],[134.36061,35.13011],[134.36039,35.13164],[134.36104,35.13271],[134.36013,35.13326],[134.36006,35.13365],[134.3604,35.1342],[134.36076,35.13387],[134.3626,35.13462],[134.36326,35.13566],[134.36315,35.1362],[134.36169,35.13765],[134.36234,35.13888],[134.36263,35.13897],[134.36248,35.14011],[134.36325,35.14115],[134.36407,35.14186],[134.36445,35.14271],[134.36527,35.14309],[134.36548,35.14391],[134.36597,35.14393],[134.36681,35.14526],[134.3672,35.14687],[134.36772,35.14709],[134.37118,35.14754],[134.37172,35.14891],[134.3742,35.15019],[134.37462,35.1509],[134.37563,35.15088],[134.3774,35.1491],[134.37956,35.14932],[134.38001,35.15012],[134.38,35.15082],[134.38172,35.15165],[134.38214,35.15165],[134.38328,35.15256],[134.38466,35.15221],[134.38616,35.15207],[134.38772,35.15172],[134.38821,35.1512],[134.38941,35.15188],[134.39053,35.15187],[134.39151,35.15254],[134.39208,35.15251],[134.39291,35.15201],[134.39407,35.1526],[134.39519,35.15205],[134.3967,35.15237],[134.39756,35.15209],[134.39861,35.15143],[134.39934,35.15121],[134.40155,35.14999],[134.40369,35.14851],[134.40631,35.14727],[134.40764,35.1475],[134.40865,35.1479],[134.40871,35.14863],[134.40983,35.15053],[134.4116,35.15187],[134.41208,35.15255],[134.41251,35.15398],[134.41228,35.15431],[134.41252,35.15591],[134.41253,35.15716],[134.41337,35.15878],[134.41241,35.15926],[134.41228,35.15976],[134.41146,35.16057],[134.41099,35.16153],[134.41126,35.16244],[134.411,35.16288],[134.40897,35.16364],[134.40762,35.16391],[134.40756,35.16495],[134.40703,35.16542],[134.4061,35.16568],[134.40657,35.16694],[134.40647,35.16806],[134.40702,35.16865],[134.40714,35.1699],[134.40823,35.17057],[134.4081,35.17122],[134.40878,35.17221],[134.40951,35.17268],[134.40971,35.17349],[134.41086,35.17521],[134.41199,35.17622],[134.4121,35.17692],[134.41274,35.17799],[134.41219,35.17924],[134.4122,35.17992],[134.41261,35.18093],[134.41234,35.18251],[134.41245,35.18431],[134.41203,35.18478],[134.41175,35.18606],[134.41118,35.18686],[134.41011,35.18674],[134.40886,35.18722],[134.40728,35.18737],[134.40574,35.1877],[134.40237,35.18749],[134.40116,35.18765],[134.39957,35.18756],[134.3992,35.18797],[134.3987,35.18881],[134.39602,35.19025],[134.39514,35.19056],[134.39485,35.1913],[134.39256,35.19234],[134.39228,35.19273],[134.39136,35.19254],[134.39038,35.19262],[134.38952,35.19238],[134.38836,35.19236],[134.38757,35.19276],[134.38631,35.193],[134.38598,35.19341],[134.38471,35.19354],[134.38369,35.19392],[134.3835,35.1944],[134.38276,35.1944],[134.38132,35.194],[134.38087,35.19218],[134.381,35.19167],[134.38055,35.19056],[134.37989,35.1899],[134.37968,35.18918],[134.37893,35.18845],[134.37927,35.18688],[134.37856,35.18612],[134.37791,35.18599],[134.37726,35.1851],[134.37656,35.18476],[134.37617,35.18384],[134.37551,35.18361],[134.37423,35.18252],[134.37229,35.18225],[134.3717,35.18196],[134.37087,35.18032],[134.3694,35.17955],[134.3691,35.17889],[134.36914,35.17779],[134.36797,35.17712],[134.36704,35.1768],[134.36596,35.17585],[134.36449,35.17595],[134.36173,35.17445],[134.36068,35.17408],[134.35999,35.17251],[134.35922,35.17155],[134.35818,35.17099],[134.35799,35.1704],[134.35815,35.1699],[134.35689,35.16835],[134.35559,35.16728],[134.35534,35.16598],[134.35468,35.16536],[134.35346,35.16476],[134.35244,35.16478],[134.351,35.16433],[134.35026,35.16393],[134.34911,35.16292],[134.34738,35.16208],[134.34589,35.16156],[134.34561,35.15959],[134.34478,35.15864],[134.34428,35.15727],[134.34363,35.15661],[134.34272,35.15661],[134.34176,35.15628],[134.34123,35.15563],[134.34101,35.15529],[134.34159,35.15409],[134.34114,35.15296],[134.3405,35.1521],[134.34035,35.15132],[134.3406,35.1506],[134.33916,35.1493],[134.33925,35.1483],[134.33829,35.14732],[134.3378,35.14729],[134.33634,35.14636],[134.33601,35.14656],[134.33548,35.1457],[134.335,35.14554],[134.33394,35.14452],[134.33334,35.14497],[134.33244,35.14501],[134.33095,35.14565],[134.32999,35.14567],[134.32708,35.14649],[134.32361,35.14798],[134.32252,35.147],[134.32248,35.14802],[134.32208,35.14796],[134.32062,35.14686],[134.32023,35.14855],[134.3198,35.14872],[134.31878,35.1504],[134.31806,35.15073],[134.31702,35.15203],[134.31612,35.15208],[134.31577,35.15201],[134.31454,35.15203],[134.31399,35.15194],[134.31333,35.15249],[134.31222,35.15261],[134.31174,35.15258],[134.3111,35.15245],[134.30969,35.15332],[134.30834,35.15381],[134.30583,35.15453],[134.30499,35.15467],[134.30455,35.15528],[134.30162,35.15737],[134.30103,35.15744],[134.30053,35.15706],[134.29981,35.15598],[134.29947,35.15651],[134.29901,35.15713],[134.29807,35.15746],[134.2968,35.15755],[134.29646,35.15753],[134.29584,35.15821],[134.29532,35.15838],[134.29453,35.15849],[134.29351,35.15829],[134.29372,35.15845],[134.29372,35.15888],[134.29285,35.16001],[134.29278,35.16077],[134.29176,35.16218],[134.29056,35.16317],[134.29,35.16398],[134.28957,35.16514],[134.28963,35.16685],[134.28918,35.16734],[134.28882,35.1696],[134.28821,35.17053],[134.28798,35.17143],[134.28721,35.17203],[134.28722,35.17365],[134.28809,35.17485],[134.28917,35.17548],[134.28932,35.17642],[134.2894,35.17718],[134.28845,35.17756],[134.28776,35.17845],[134.2861,35.17897],[134.28562,35.17971],[134.28411,35.18073],[134.28299,35.18196],[134.2828,35.18244],[134.28327,35.18459],[134.28376,35.18556],[134.28373,35.18733],[134.28325,35.18812],[134.28146,35.18945],[134.28017,35.19063],[134.28037,35.19119],[134.27997,35.19206],[134.28011,35.1925],[134.2799,35.19407],[134.28044,35.19485],[134.28058,35.19582],[134.28143,35.19668],[134.27921,35.19691],[134.27847,35.19685],[134.27719,35.19765],[134.27591,35.19885],[134.27563,35.19969],[134.27443,35.20045],[134.27234,35.20089],[134.27078,35.20078],[134.26957,35.20233],[134.26903,35.20335],[134.26845,35.20398],[134.26815,35.20633],[134.2683,35.20703],[134.26763,35.2086],[134.26544,35.20836],[134.26379,35.20865],[134.26305,35.20905],[134.26207,35.20998],[134.26009,35.21067],[134.25951,35.20992],[134.25875,35.20983],[134.25818,35.2093],[134.2569,35.20908],[134.25625,35.20866],[134.25482,35.20854],[134.25414,35.2082],[134.25331,35.20668],[134.2522,35.20542],[134.25178,35.20447],[134.25203,35.20311],[134.25106,35.20249],[134.25073,35.20187],[134.24979,35.20084],[134.24773,35.20002],[134.24632,35.19974],[134.24434,35.19844],[134.2423,35.19817],[134.24135,35.19892],[134.23977,35.19913],[134.23785,35.19919],[134.23699,35.19942],[134.2355,35.19925],[134.23467,35.19944],[134.23368,35.19873],[134.23257,35.19739],[134.23115,35.19715],[134.23037,35.19728],[134.22814,35.19732],[134.22758,35.19697],[134.22701,35.19599],[134.2255,35.19533],[134.22568,35.1944],[134.22618,35.19396],[134.22576,35.19307],[134.22327,35.1928],[134.22239,35.19159],[134.22195,35.19051],[134.21986,35.19061],[134.21734,35.19009],[134.21702,35.18963],[134.21636,35.18951],[134.21673,35.18822],[134.21661,35.18653],[134.21689,35.18568],[134.21758,35.18513],[134.21824,35.18529],[134.21927,35.18282],[134.21944,35.18157],[134.22073,35.18045],[134.22196,35.17994],[134.22195,35.17911],[134.22306,35.17778],[134.22425,35.1774],[134.22461,35.17596],[134.22431,35.17561],[134.22298,35.17509],[134.22201,35.17435],[134.22152,35.17316],[134.22204,35.17259],[134.22222,35.17166],[134.22176,35.16991],[134.2218,35.16885],[134.22217,35.16781],[134.22169,35.16615],[134.22153,35.16483],[134.22179,35.16436],[134.22328,35.16341],[134.22416,35.16188],[134.22473,35.16169],[134.22571,35.1606],[134.22647,35.16013],[134.22692,35.15832],[134.22852,35.15742],[134.22879,35.15657],[134.22867,35.1558],[134.22726,35.15435],[134.22724,35.15308],[134.22639,35.15158],[134.22772,35.15024],[134.22865,35.14882],[134.22854,35.14862],[134.22716,35.14641],[134.22613,35.14505],[134.22562,35.1437],[134.22425,35.14365],[134.22306,35.14341],[134.22329,35.14248],[134.22311,35.14145],[134.22337,35.13968],[134.22336,35.1388],[134.22367,35.13774],[134.2236,35.13685],[134.22454,35.13599],[134.2247,35.13522],[134.22512,35.13421],[134.22622,35.13328],[134.22711,35.13319],[134.228,35.13254],[134.22891,35.13264],[134.22994,35.132],[134.23021,35.13111],[134.23075,35.13092],[134.23142,35.13019],[134.23129,35.1287],[134.23182,35.12831],[134.2317,35.12669],[134.23077,35.12576],[134.23082,35.1247],[134.23027,35.12421],[134.22705,35.12363],[134.22479,35.12252],[134.22437,35.12133],[134.22312,35.12033],[134.22314,35.11995],[134.22569,35.11937],[134.22572,35.11874],[134.22638,35.11861],[134.22736,35.1188],[134.22804,35.11833],[134.2294,35.11829],[134.23105,35.11764],[134.2346,35.11591],[134.23512,35.11444],[134.23414,35.11376],[134.23277,35.11346],[134.23213,35.11304],[134.23107,35.11164],[134.23125,35.1108],[134.23069,35.11005],[134.22897,35.10982],[134.22872,35.10956],[134.22721,35.10946],[134.22599,35.10835],[134.2248,35.10811],[134.22457,35.10737],[134.22331,35.10782],[134.22299,35.10727],[134.22197,35.10676],[134.22179,35.10549],[134.22141,35.10475],[134.21935,35.10432],[134.21915,35.10305],[134.21946,35.10238],[134.21836,35.10181],[134.21804,35.10009],[134.21724,35.09992],[134.21676,35.10015],[134.21496,35.10022],[134.21357,35.09918],[134.21334,35.09826],[134.21167,35.09834],[134.21114,35.09819],[134.20997,35.09706],[134.20894,35.09578],[134.20879,35.09558],[134.20674,35.09636],[134.20691,35.09658],[134.20679,35.09816],[134.20652,35.09908],[134.20656,35.10048],[134.20703,35.10075],[134.20767,35.10214],[134.20797,35.10374],[134.2069,35.10378],[134.20624,35.10276],[134.20547,35.10274],[134.20454,35.10215],[134.20365,35.10125],[134.20315,35.10117],[134.20257,35.10042],[134.20174,35.10019],[134.19982,35.10066],[134.19867,35.10052],[134.19854,35.10121],[134.19927,35.10167],[134.19992,35.1032],[134.1996,35.10387],[134.19869,35.10374],[134.19772,35.10261],[134.19618,35.1027],[134.19568,35.10166],[134.19513,35.10104],[134.19524,35.10004],[134.19434,35.09913],[134.19285,35.09886],[134.19202,35.099],[134.19135,35.09836],[134.19036,35.09803],[134.18985,35.09734],[134.19014,35.09631],[134.18948,35.09507],[134.19027,35.0947],[134.19021,35.09319],[134.19057,35.09249],[134.19012,35.09174],[134.18917,35.09249],[134.18843,35.09248],[134.18606,35.09131],[134.18464,35.09032],[134.18414,35.08962],[134.18284,35.08922],[134.1816,35.08971],[134.1772,35.09236],[134.17636,35.09213],[134.17572,35.09143],[134.17519,35.09015],[134.17431,35.08977],[134.17413,35.08867],[134.17332,35.08814],[134.17353,35.08667],[134.17328,35.0862],[134.1722,35.08521],[134.17319,35.08458],[134.17128,35.08276],[134.17164,35.08143],[134.17239,35.08118],[134.1723,35.08037],[134.17136,35.07962],[134.17061,35.07848],[134.17016,35.0767],[134.17249,35.07539],[134.1729,35.07504],[134.17465,35.0745],[134.17599,35.07376],[134.1765,35.07387],[134.17654,35.07386],[134.17686,35.0731],[134.17732,35.07278],[134.17654,35.07218],[134.17663,35.07161],[134.17666,35.07092],[134.17734,35.07066],[134.17849,35.07114],[134.17868,35.07018],[134.17795,35.06952],[134.17817,35.06869],[134.18025,35.06818],[134.18091,35.0675],[134.18191,35.06728],[134.18315,35.06767],[134.1829,35.06707],[134.18379,35.0662],[134.18381,35.06565],[134.18434,35.06593],[134.1838,35.06465],[134.18427,35.06409],[134.18482,35.06313],[134.18473,35.06266],[134.18435,35.06218],[134.18341,35.06263],[134.1825,35.06243],[134.18154,35.06285],[134.18071,35.06253],[134.17917,35.06297],[134.17795,35.063],[134.17693,35.06254],[134.17651,35.06194],[134.17661,35.06064],[134.17673,35.06001],[134.17813,35.05836],[134.17798,35.05707],[134.17897,35.05667],[134.17878,35.05528],[134.17891,35.05421],[134.17933,35.05374],[134.18071,35.05335],[134.18068,35.05277],[134.17949,35.05144],[134.1796,35.05032],[134.17868,35.04945],[134.1779,35.04902],[134.17759,35.04692],[134.17656,35.0465],[134.17628,35.04535],[134.17476,35.04456],[134.17251,35.04451],[134.17222,35.04486],[134.17179,35.04452],[134.17146,35.04493],[134.17116,35.04451],[134.17025,35.04441],[134.16978,35.04481],[134.16925,35.0446],[134.16885,35.04513],[134.16827,35.04485]],[[134.16932,35.02459],[134.16872,35.02362],[134.16859,35.02342],[134.16932,35.02459]],[[134.16609,35.03475],[134.16491,35.03423],[134.16663,35.03506],[134.16609,35.03475]],[[134.17157,35.03161],[134.17182,35.03152],[134.17169,35.03142],[134.17157,35.03161]],[[134.17107,35.03025],[134.17082,35.02971],[134.17031,35.02801],[134.17076,35.02957],[134.17107,35.03025]],[[134.15555,35.02674],[134.15584,35.02676],[134.15552,35.02665],[134.15555,35.02674]],[[134.14521,35.03131],[134.14455,35.03119],[134.14475,35.03146],[134.14521,35.03131]],[[134.15292,35.01454],[134.1528,35.0144],[134.15283,35.01455],[134.15292,35.01454]],[[134.15819,35.01931],[134.1582,35.01927],[134.15815,35.01923],[134.15819,35.01931]],[[134.13638,35.01406],[134.13632,35.01425],[134.13662,35.01471],[134.13638,35.01406]],[[134.16269,35.01974],[134.16287,35.01893],[134.16245,35.01969],[134.16269,35.01974]],[[134.13824,34.99705],[134.13851,34.99658],[134.13803,34.99734],[134.13824,34.99705]],[[134.13851,34.99658],[134.13854,34.9964],[134.13849,34.99567],[134.13851,34.99658]],[[134.1419,34.99348],[134.14126,34.99259],[134.13985,34.99092],[134.14147,34.99289],[134.1419,34.99348]],[[134.13414,34.99522],[134.13383,34.99558],[134.13398,34.99594],[134.13414,34.99522]],[[134.12865,34.99148],[134.12865,34.9916],[134.12876,34.99223],[134.12865,34.99148]],[[134.12585,34.98173],[134.12561,34.98108],[134.12566,34.98122],[134.12585,34.98173]],[[134.11911,35.00321],[134.11914,35.00293],[134.11898,35.00236],[134.11911,35.00321]],[[134.14727,35.00505],[134.14699,35.00475],[134.14648,35.00427],[134.14727,35.00505]],[[134.15282,35.00277],[134.15285,35.00267],[134.15171,35.0024],[134.15282,35.00277]],[[134.15087,35.00135],[134.15057,35.00109],[134.15001,35.00116],[134.15087,35.00135]],[[134.14899,35.00133],[134.14826,35.00155],[134.14757,35.00185],[134.14899,35.00133]],[[134.15002,34.9969],[134.1504,34.99666],[134.15076,34.99629],[134.15002,34.9969]],[[134.1589,35.00972],[134.15817,35.00969],[134.15866,35.00972],[134.15936,35.00971],[134.1589,35.00972]],[[134.16629,35.00645],[134.16908,35.00666],[134.16724,35.00649],[134.16629,35.00645]],[[134.20098,35.0368],[134.20119,35.0368],[134.20161,35.03598],[134.20098,35.0368]],[[134.28793,35.14375],[134.28823,35.14311],[134.28803,35.14327],[134.28793,35.14375]],[[134.27851,35.11317],[134.27815,35.11327],[134.27828,35.11324],[134.27851,35.11317]],[[134.27815,35.11327],[134.27782,35.11331],[134.27807,35.1133],[134.27815,35.11327]],[[134.26419,35.10547],[134.26416,35.10548],[134.26418,35.10549],[134.26419,35.10547]],[[134.3328,35.11946],[134.33288,35.11908],[134.33255,35.11885],[134.3328,35.11946]],[[134.26227,35.10011],[134.2623,35.10016],[134.26327,35.1006],[134.26227,35.10011]],[[134.2234,35.01549],[134.22278,35.01373],[134.22248,35.01297],[134.22324,35.01506],[134.22354,35.01597],[134.2234,35.01549]],[[134.19688,34.92549],[134.19678,34.92499],[134.19656,34.92544],[134.19688,34.92549]]],[[[134.32576,35.11512],[134.32573,35.11496],[134.32581,35.11532],[134.32576,35.11512]]]]}},{"type":"Feature","properties":{"nm":"浅口市","b":[133.5405,34.4655,133.6501,34.5902],"c":[133.59454,34.53609]},"geometry":{"type":"MultiPolygon","coordinates":[[[[133.58608,34.53041],[133.58595,34.52991],[133.58515,34.52954],[133.58474,34.52948],[133.58451,34.52925],[133.58429,34.52855],[133.58374,34.52793],[133.58281,34.52804],[133.58275,34.52697],[133.58174,34.52685],[133.58166,34.52745],[133.58163,34.52744],[133.58034,34.52694],[133.57991,34.52651],[133.57904,34.52649],[133.57813,34.52573],[133.57778,34.52549],[133.57642,34.52513],[133.57511,34.52499],[133.57479,34.52469],[133.57475,34.52447],[133.57526,34.52406],[133.57529,34.52312],[133.57608,34.52158],[133.57608,34.52157],[133.57706,34.51951],[133.57738,34.51868],[133.57742,34.51744],[133.5776,34.51719],[133.57692,34.51678],[133.57739,34.51736],[133.57716,34.51739],[133.57679,34.51725],[133.57641,34.51713],[133.57628,34.51706],[133.57589,34.51694],[133.57576,34.51687],[133.57554,34.5168],[133.57483,34.5165],[133.57447,34.51642],[133.57442,34.51644],[133.57416,34.51642],[133.57399,34.51636],[133.5731,34.51604],[133.57241,34.51585],[133.57252,34.5151],[133.57246,34.51489],[133.57231,34.51476],[133.57174,34.5146],[133.57127,34.51442],[133.57048,34.51412],[133.57014,34.514],[133.5695,34.51392],[133.56925,34.51393],[133.56875,34.51402],[133.56849,34.51203],[133.56698,34.5114],[133.56676,34.51017],[133.56567,34.50898],[133.56544,34.50783],[133.56515,34.5078],[133.56489,34.50763],[133.5644,34.50683],[133.56396,34.50621],[133.56371,34.50599],[133.56384,34.50507],[133.56425,34.50428],[133.56459,34.50309],[133.56525,34.50279],[133.56572,34.50186],[133.56605,34.49992],[133.56585,34.49927],[133.56794,34.49776],[133.56764,34.49721],[133.56765,34.49631],[133.56627,34.4949],[133.56572,34.49475],[133.56428,34.49521],[133.56361,34.49674],[133.56347,34.49666],[133.56317,34.49643],[133.56256,34.49577],[133.56208,34.49561],[133.56151,34.49535],[133.56054,34.49364],[133.5613,34.49329],[133.5616,34.49307],[133.56169,34.49194],[133.56133,34.49149],[133.56133,34.49117],[133.56133,34.49087],[133.5618,34.49056],[133.56205,34.4904],[133.56208,34.49005],[133.56214,34.48987],[133.56233,34.48972],[133.56224,34.48947],[133.56128,34.48859],[133.56074,34.48821],[133.56037,34.48802],[133.56054,34.48796],[133.56089,34.48795],[133.56196,34.48815],[133.56264,34.48772],[133.56338,34.48757],[133.56376,34.48762],[133.56444,34.4876],[133.56495,34.48724],[133.56553,34.48685],[133.566,34.48641],[133.56635,34.48629],[133.56652,34.48633],[133.56701,34.48644],[133.56775,34.48621],[133.56817,34.48589],[133.56858,34.4853],[133.56867,34.48482],[133.56882,34.48448],[133.56895,34.48437],[133.56907,34.48417],[133.56904,34.48401],[133.56877,34.48342],[133.56849,34.48292],[133.56854,34.48234],[133.56879,34.48182],[133.5689,34.48129],[133.5689,34.48088],[133.56874,34.48008],[133.56869,34.47953],[133.5691,34.4791],[133.5696,34.47873],[133.56974,34.47829],[133.56971,34.47785],[133.5697,34.47779],[133.56978,34.47733],[133.5701,34.47701],[133.57077,34.47657],[133.57111,34.47632],[133.57129,34.47612],[133.57134,34.47603],[133.57131,34.4757],[133.5711,34.47467],[133.57124,34.47429],[133.57105,34.47219],[133.57166,34.47092],[133.57263,34.47022],[133.5727,34.4692],[133.57327,34.4688],[133.57393,34.46749],[133.57344,34.46587],[133.57434,34.46549],[133.5752,34.46573],[133.57629,34.46571],[133.57734,34.4666],[133.57741,34.46778],[133.57718,34.46835],[133.57839,34.46942],[133.57813,34.46993],[133.57848,34.47037],[133.5849,34.47045],[133.58638,34.47057],[133.59119,34.47059],[133.59205,34.47068],[133.59203,34.47018],[133.59332,34.46939],[133.59391,34.46936],[133.59612,34.47172],[133.59706,34.47216],[133.59811,34.4724],[133.59936,34.47222],[133.59978,34.47268],[133.60068,34.47274],[133.60178,34.47334],[133.60169,34.47372],[133.60027,34.47412],[133.59967,34.47535],[133.59888,34.47572],[133.59684,34.47596],[133.59605,34.47552],[133.59562,34.47605],[133.58939,34.48185],[133.58929,34.48185],[133.58871,34.48248],[133.58933,34.48328],[133.58998,34.4855],[133.59032,34.48692],[133.59045,34.48663],[133.59134,34.48774],[133.59193,34.48845],[133.59248,34.48934],[133.59345,34.49047],[133.59416,34.49106],[133.59502,34.49049],[133.59546,34.49071],[133.5972,34.49142],[133.5977,34.49052],[133.59803,34.4907],[133.59742,34.49182],[133.59829,34.49234],[133.5979,34.49278],[133.59952,34.49372],[133.59937,34.49398],[133.60168,34.49494],[133.60219,34.49421],[133.60314,34.49451],[133.60387,34.49505],[133.60389,34.49567],[133.60447,34.4958],[133.60336,34.49634],[133.60283,34.49722],[133.60257,34.49739],[133.60283,34.49729],[133.60283,34.4973],[133.60285,34.49781],[133.60296,34.49837],[133.60314,34.49853],[133.60306,34.49915],[133.60302,34.49971],[133.60309,34.4998],[133.60303,34.50005],[133.60305,34.50051],[133.60326,34.50081],[133.6031,34.50123],[133.60253,34.50164],[133.60252,34.50278],[133.60262,34.50288],[133.60264,34.50303],[133.60325,34.50284],[133.60386,34.50313],[133.60419,34.50313],[133.60508,34.50319],[133.60587,34.50327],[133.60612,34.5037],[133.60625,34.5039],[133.60672,34.50493],[133.60687,34.50498],[133.60705,34.50545],[133.60718,34.50558],[133.60757,34.50609],[133.60859,34.50648],[133.60997,34.50693],[133.61151,34.50682],[133.6125,34.50733],[133.61329,34.50738],[133.61379,34.50775],[133.6151,34.50779],[133.61591,34.50727],[133.61645,34.50765],[133.61751,34.5073],[133.61778,34.50813],[133.61846,34.50917],[133.61849,34.51017],[133.61989,34.51016],[133.62059,34.51046],[133.62154,34.51107],[133.62218,34.51182],[133.62221,34.51229],[133.62312,34.5127],[133.62313,34.51361],[133.62261,34.5153],[133.62187,34.51616],[133.62209,34.51714],[133.62177,34.51744],[133.62144,34.51872],[133.62156,34.51931],[133.62225,34.51935],[133.62318,34.5187],[133.62369,34.51875],[133.62425,34.5197],[133.62581,34.52033],[133.62609,34.52113],[133.62693,34.52204],[133.6276,34.52211],[133.62824,34.52115],[133.62932,34.52055],[133.63094,34.52065],[133.6317,34.52166],[133.63092,34.52397],[133.63235,34.52568],[133.63226,34.52652],[133.63324,34.52739],[133.63462,34.52909],[133.63556,34.52969],[133.63612,34.53037],[133.63568,34.53193],[133.63641,34.53233],[133.63692,34.53331],[133.63665,34.5341],[133.63673,34.53505],[133.63858,34.53569],[133.64009,34.53666],[133.64035,34.53737],[133.64017,34.5377],[133.64065,34.53936],[133.64146,34.53977],[133.6439,34.54135],[133.64951,34.54477],[133.65011,34.54518],[133.64996,34.54554],[133.64858,34.54539],[133.64285,34.54817],[133.64288,34.54822],[133.644,34.54932],[133.64496,34.54991],[133.64414,34.55101],[133.64412,34.55188],[133.64465,34.552],[133.64581,34.5537],[133.64577,34.55419],[133.64661,34.55449],[133.64755,34.55381],[133.64799,34.55672],[133.64791,34.55728],[133.64676,34.55747],[133.64457,34.55874],[133.64383,34.5589],[133.64042,34.56026],[133.64004,34.56082],[133.63902,34.56047],[133.63841,34.56053],[133.63827,34.56176],[133.63848,34.56282],[133.63928,34.56347],[133.63973,34.56437],[133.63933,34.5645],[133.63917,34.56531],[133.63829,34.56517],[133.63721,34.5656],[133.63658,34.56682],[133.63714,34.5681],[133.63659,34.56961],[133.63463,34.57033],[133.63447,34.57147],[133.63247,34.57189],[133.63213,34.57268],[133.63149,34.57329],[133.63049,34.57352],[133.62928,34.57458],[133.62791,34.57426],[133.62716,34.57498],[133.62581,34.57576],[133.62442,34.57753],[133.62327,34.57835],[133.62281,34.57903],[133.62301,34.58011],[133.62306,34.58042],[133.62211,34.58101],[133.62108,34.58085],[133.62084,34.57953],[133.6199,34.57942],[133.61884,34.57972],[133.6173,34.57925],[133.61691,34.57876],[133.61686,34.5779],[133.61648,34.57765],[133.61386,34.57716],[133.61327,34.57656],[133.61239,34.57609],[133.61109,34.57453],[133.61083,34.57326],[133.60937,34.57335],[133.60903,34.57375],[133.60877,34.57403],[133.60823,34.57468],[133.60718,34.5757],[133.60659,34.57667],[133.60631,34.57707],[133.60595,34.57759],[133.60586,34.57771],[133.60486,34.57733],[133.60403,34.57642],[133.60186,34.57621],[133.60104,34.57705],[133.59887,34.57664],[133.59774,34.57627],[133.59692,34.57684],[133.5962,34.57663],[133.5945,34.57674],[133.59073,34.57861],[133.59085,34.57937],[133.59003,34.57998],[133.58811,34.57995],[133.58729,34.58038],[133.58688,34.58037],[133.58658,34.58128],[133.58585,34.5818],[133.58342,34.58248],[133.58401,34.58492],[133.58372,34.58574],[133.58406,34.58705],[133.58452,34.58773],[133.58474,34.58984],[133.58368,34.59025],[133.58235,34.59015],[133.58121,34.5898],[133.5781,34.59014],[133.57695,34.58942],[133.57607,34.58947],[133.57604,34.58918],[133.57485,34.58936],[133.57304,34.58812],[133.57222,34.58792],[133.57083,34.58701],[133.5707,34.58608],[133.57025,34.58524],[133.56975,34.58514],[133.57077,34.58484],[133.57238,34.58463],[133.57195,34.58314],[133.57121,34.58335],[133.57122,34.58256],[133.57089,34.58181],[133.57064,34.5817],[133.57004,34.58098],[133.5697,34.58059],[133.56939,34.5803],[133.56901,34.58028],[133.5688,34.58017],[133.56878,34.57986],[133.56849,34.57944],[133.56772,34.57904],[133.56739,34.57856],[133.56718,34.57821],[133.56593,34.57747],[133.56636,34.57598],[133.56634,34.575],[133.56641,34.57416],[133.56625,34.57312],[133.56524,34.57246],[133.56466,34.57237],[133.56408,34.5721],[133.56315,34.57145],[133.56253,34.57122],[133.56306,34.57038],[133.56312,34.57026],[133.56286,34.56989],[133.56204,34.56944],[133.56142,34.56887],[133.56131,34.56814],[133.56131,34.5679],[133.56179,34.56734],[133.56146,34.56675],[133.56144,34.56646],[133.56124,34.56623],[133.56122,34.56591],[133.56136,34.56534],[133.56152,34.56507],[133.5615,34.56461],[133.56165,34.56426],[133.5617,34.56372],[133.56203,34.56328],[133.56235,34.56298],[133.56238,34.56263],[133.56227,34.56233],[133.5622,34.56225],[133.56146,34.56235],[133.56062,34.56151],[133.56056,34.5607],[133.56063,34.56028],[133.56101,34.55958],[133.56003,34.5583],[133.55956,34.55721],[133.5591,34.55583],[133.5588,34.55547],[133.5574,34.55508],[133.55704,34.5544],[133.55675,34.55364],[133.55643,34.55297],[133.55506,34.55159],[133.55464,34.55183],[133.55454,34.55182],[133.55436,34.55164],[133.55368,34.55113],[133.55344,34.55104],[133.55197,34.5508],[133.55126,34.55014],[133.55008,34.55013],[133.54919,34.54987],[133.54908,34.54987],[133.5472,34.55039],[133.54693,34.55068],[133.54652,34.55106],[133.54608,34.55115],[133.54538,34.55099],[133.54459,34.5507],[133.54352,34.55041],[133.54301,34.55035],[133.54273,34.55043],[133.54203,34.55086],[133.54158,34.55078],[133.54049,34.55086],[133.54049,34.55076],[133.5407,34.54998],[133.54125,34.5489],[133.54091,34.54817],[133.54061,34.54756],[133.54081,34.54717],[133.54183,34.54677],[133.54233,34.54658],[133.54331,34.54605],[133.5437,34.54559],[133.54402,34.54501],[133.54451,34.54488],[133.54449,34.54439],[133.54364,34.54405],[133.54396,34.54372],[133.54434,34.54348],[133.54454,34.54244],[133.54445,34.54166],[133.54368,34.54055],[133.54339,34.53953],[133.54328,34.53881],[133.54339,34.53833],[133.54331,34.53758],[133.54345,34.53697],[133.54351,34.53684],[133.54354,34.53635],[133.54334,34.53623],[133.54318,34.53589],[133.5425,34.53521],[133.54317,34.53461],[133.54432,34.53423],[133.54478,34.53416],[133.54497,34.53401],[133.54559,34.53354],[133.54582,34.53328],[133.54639,34.53224],[133.54653,34.5312],[133.54652,34.53076],[133.54664,34.53042],[133.5469,34.52974],[133.54742,34.52933],[133.5481,34.52882],[133.54884,34.52793],[133.54971,34.52826],[133.54967,34.52996],[133.55117,34.53075],[133.55189,34.5302],[133.55315,34.52995],[133.55376,34.53042],[133.55505,34.53079],[133.55603,34.53127],[133.55662,34.53121],[133.55703,34.53127],[133.55718,34.53127],[133.55752,34.53125],[133.55811,34.53088],[133.55835,34.53074],[133.55856,34.53079],[133.55891,34.53094],[133.55905,34.53103],[133.55942,34.53113],[133.56076,34.53155],[133.56045,34.53224],[133.56053,34.53343],[133.56012,34.53438],[133.55954,34.53481],[133.55941,34.53509],[133.5593,34.53516],[133.55927,34.53544],[133.55945,34.53582],[133.55948,34.5368],[133.55941,34.53755],[133.5597,34.53741],[133.56031,34.53732],[133.56063,34.53777],[133.56171,34.53802],[133.5625,34.53855],[133.56434,34.53787],[133.5652,34.53726],[133.56525,34.53725],[133.56537,34.53717],[133.56539,34.53693],[133.56552,34.53645],[133.56624,34.53595],[133.5664,34.53595],[133.56669,34.53571],[133.56722,34.53528],[133.56776,34.53557],[133.568,34.53573],[133.56836,34.536],[133.56853,34.5361],[133.56944,34.53481],[133.56961,34.53464],[133.56978,34.53444],[133.56987,34.53418],[133.56999,34.53396],[133.57016,34.53377],[133.57028,34.53362],[133.57044,34.53331],[133.57063,34.53319],[133.57073,34.53306],[133.57081,34.5328],[133.57099,34.53256],[133.57136,34.53218],[133.57182,34.53187],[133.57163,34.53173],[133.57214,34.53102],[133.57275,34.53019],[133.57389,34.52996],[133.57643,34.53067],[133.57719,34.53176],[133.57812,34.53219],[133.57903,34.53184],[133.58004,34.5318],[133.57997,34.53231],[133.58073,34.53326],[133.5817,34.5329],[133.58179,34.53315],[133.58176,34.53345],[133.58215,34.53394],[133.58236,34.53398],[133.5825,34.53398],[133.58211,34.5332],[133.58193,34.53207],[133.58213,34.53143],[133.58117,34.53088],[133.58172,34.53024],[133.58127,34.52974],[133.57982,34.52962],[133.58029,34.52887],[133.58152,34.52879],[133.5822,34.52875],[133.58258,34.52932],[133.58311,34.52944],[133.58333,34.53088],[133.58377,34.53131],[133.5846,34.53135],[133.58498,34.53255],[133.58619,34.53115],[133.58608,34.53041]],[[133.59623,34.53611],[133.59644,34.53596],[133.59627,34.53577],[133.59623,34.53611]],[[133.59545,34.53419],[133.59484,34.53378],[133.5946,34.53359],[133.59503,34.53393],[133.59527,34.5341],[133.59545,34.53419]],[[133.59184,34.53271],[133.59164,34.53238],[133.59145,34.53301],[133.59184,34.53271]],[[133.58361,34.53466],[133.58278,34.53576],[133.58293,34.53574],[133.58361,34.53466]],[[133.59231,34.54705],[133.59278,34.54716],[133.59289,34.54703],[133.59231,34.54705]],[[133.61313,34.55784],[133.61333,34.55744],[133.61318,34.55767],[133.61313,34.55784]],[[133.61377,34.5557],[133.61371,34.55562],[133.61323,34.55534],[133.61377,34.5557]],[[133.60657,34.55141],[133.60645,34.55145],[133.60535,34.55172],[133.60599,34.55162],[133.60657,34.55141]],[[133.58739,34.54931],[133.5871,34.54952],[133.58729,34.54963],[133.58739,34.54931]],[[133.58786,34.56216],[133.58796,34.5623],[133.58806,34.56236],[133.58786,34.56216]],[[133.59687,34.56988],[133.59694,34.5699],[133.59685,34.56977],[133.59687,34.56988]],[[133.57815,34.54684],[133.57743,34.54664],[133.57784,34.54682],[133.57815,34.54684]],[[133.56747,34.54455],[133.56793,34.54393],[133.56762,34.54382],[133.56747,34.54455]],[[133.57073,34.5386],[133.57058,34.53908],[133.57066,34.53925],[133.57073,34.5386]],[[133.59744,34.52751],[133.59784,34.52714],[133.59801,34.52701],[133.59752,34.52736],[133.59744,34.52751]],[[133.60195,34.51685],[133.60199,34.51665],[133.60073,34.51785],[133.60195,34.51685]],[[133.60131,34.51306],[133.60143,34.51294],[133.60062,34.5126],[133.60131,34.51306]],[[133.59816,34.50906],[133.59835,34.50873],[133.59802,34.50874],[133.59816,34.50906]],[[133.57884,34.51615],[133.57867,34.51666],[133.57863,34.51678],[133.57849,34.5172],[133.57884,34.51615]],[[133.5961,34.49649],[133.59575,34.49654],[133.59617,34.49654],[133.5961,34.49649]],[[133.5952,34.49135],[133.59467,34.49227],[133.59478,34.49232],[133.5952,34.49135]],[[133.59205,34.4935],[133.59208,34.49316],[133.59188,34.4932],[133.59205,34.4935]],[[133.58676,34.48693],[133.58689,34.48656],[133.58683,34.48664],[133.58676,34.48693]],[[133.5914,34.49081],[133.5914,34.49062],[133.59124,34.49086],[133.5914,34.49081]],[[133.58704,34.48432],[133.5862,34.48382],[133.58697,34.4844],[133.58704,34.48432]],[[133.58474,34.48288],[133.5851,34.48277],[133.58473,34.48274],[133.58464,34.48284],[133.58474,34.48288]],[[133.58861,34.48249],[133.58737,34.48091],[133.58874,34.48267],[133.58861,34.48249]],[[133.57874,34.47903],[133.57965,34.47772],[133.57873,34.47893],[133.57874,34.47903]],[[133.59397,34.47465],[133.59391,34.475],[133.5941,34.47465],[133.59397,34.47465]],[[133.58984,34.54231],[133.58985,34.54145],[133.58982,34.54242],[133.58984,34.54231]],[[133.58926,34.54476],[133.58902,34.54444],[133.589,34.54479],[133.58926,34.54476]],[[133.59074,34.53816],[133.59064,34.53799],[133.59027,34.53815],[133.59074,34.53816]],[[133.59129,34.53384],[133.59113,34.53349],[133.59103,34.53375],[133.59129,34.53384]],[[133.58755,34.53504],[133.58765,34.53472],[133.58753,34.5351],[133.58755,34.53504]],[[133.56373,34.54997],[133.56382,34.54984],[133.56293,34.54943],[133.56373,34.54997]],[[133.57494,34.53348],[133.57472,34.53363],[133.57499,34.53374],[133.57494,34.53348]],[[133.58655,34.5237],[133.58663,34.5235],[133.58558,34.52332],[133.58655,34.5237]],[[133.58744,34.52752],[133.587,34.52821],[133.58762,34.52726],[133.58744,34.52752]],[[133.6006,34.53275],[133.60062,34.53271],[133.60033,34.53253],[133.60028,34.53275],[133.6006,34.53275]]],[[[133.59029,34.48274],[133.59038,34.4829],[133.58988,34.48226],[133.59029,34.48274]]],[[[133.59404,34.46747],[133.59453,34.46823],[133.5942,34.46849],[133.59404,34.46747]]]]}},{"type":"Feature","properties":{"nm":"和気町","b":[134.0371,34.7593,134.2163,34.9231],"c":[134.13786,34.83866]},"geometry":{"type":"MultiPolygon","coordinates":[[[[134.19056,34.80028],[134.19143,34.80194],[134.1928,34.80337],[134.19367,34.80631],[134.19277,34.80844],[134.1923,34.80888],[134.1934,34.80902],[134.19642,34.80967],[134.19631,34.80981],[134.198,34.81186],[134.19752,34.81192],[134.19772,34.81294],[134.19677,34.8153],[134.19727,34.81682],[134.19815,34.81791],[134.19886,34.81835],[134.19979,34.81847],[134.20032,34.81827],[134.20089,34.81853],[134.20113,34.81953],[134.20196,34.82017],[134.20255,34.82117],[134.20374,34.8217],[134.20528,34.82179],[134.20589,34.82293],[134.20653,34.82501],[134.20709,34.82604],[134.20763,34.82658],[134.20823,34.82687],[134.20742,34.82776],[134.20742,34.82837],[134.20823,34.82941],[134.2098,34.83008],[134.21003,34.83086],[134.20995,34.83131],[134.21093,34.83273],[134.21093,34.83332],[134.21019,34.83436],[134.2109,34.83571],[134.21204,34.83719],[134.21349,34.83764],[134.21397,34.83825],[134.21396,34.83872],[134.21591,34.83932],[134.2162,34.83966],[134.21629,34.84022],[134.21565,34.84068],[134.2104,34.84211],[134.20943,34.84268],[134.20821,34.84346],[134.20829,34.844],[134.20889,34.84478],[134.21044,34.84551],[134.21057,34.84632],[134.21065,34.8471],[134.211,34.84783],[134.21091,34.84873],[134.21017,34.84972],[134.2083,34.85118],[134.20718,34.85212],[134.20646,34.85339],[134.20657,34.85505],[134.20616,34.85626],[134.20591,34.85678],[134.20485,34.85724],[134.20384,34.85733],[134.20286,34.85709],[134.20208,34.85672],[134.20099,34.85674],[134.19979,34.85655],[134.1979,34.85765],[134.19675,34.85796],[134.19618,34.85848],[134.19523,34.85811],[134.19485,34.85768],[134.19364,34.85779],[134.19292,34.85819],[134.19203,34.85847],[134.19065,34.85893],[134.19023,34.85899],[134.18942,34.86023],[134.1893,34.86048],[134.18928,34.86186],[134.1872,34.86109],[134.1863,34.86073],[134.18497,34.8605],[134.18409,34.85993],[134.18337,34.85947],[134.18261,34.8593],[134.18138,34.85953],[134.18086,34.85936],[134.18012,34.85929],[134.1804,34.86267],[134.18061,34.86424],[134.18094,34.86506],[134.1817,34.86573],[134.18226,34.86613],[134.18264,34.86679],[134.18305,34.86802],[134.18298,34.86829],[134.18269,34.86872],[134.1833,34.86951],[134.18339,34.86985],[134.18388,34.87044],[134.18372,34.87154],[134.18401,34.87185],[134.18441,34.87277],[134.18376,34.87402],[134.18368,34.87531],[134.1838,34.87637],[134.18443,34.87736],[134.18494,34.87759],[134.18531,34.87717],[134.18585,34.87627],[134.18635,34.87518],[134.18774,34.87463],[134.18876,34.87468],[134.18948,34.87508],[134.19073,34.87652],[134.19086,34.87759],[134.19143,34.87819],[134.19171,34.87827],[134.1924,34.87875],[134.19288,34.87981],[134.19298,34.88106],[134.19303,34.88151],[134.19375,34.88181],[134.19467,34.88094],[134.19478,34.88199],[134.19439,34.88368],[134.19411,34.88436],[134.19433,34.88532],[134.19469,34.88545],[134.19532,34.88563],[134.19576,34.88666],[134.19612,34.88692],[134.1959,34.88762],[134.19529,34.88936],[134.19538,34.88994],[134.19588,34.89046],[134.19658,34.89083],[134.19685,34.89091],[134.19665,34.89107],[134.19605,34.89125],[134.19588,34.8913],[134.19573,34.89143],[134.19558,34.89153],[134.1955,34.89155],[134.19533,34.89163],[134.19522,34.89157],[134.19514,34.89156],[134.19475,34.89162],[134.19443,34.89173],[134.19395,34.89151],[134.19357,34.89136],[134.19344,34.89116],[134.19335,34.89093],[134.19277,34.89034],[134.19245,34.89024],[134.19182,34.89056],[134.19174,34.89079],[134.19166,34.8909],[134.19164,34.89112],[134.1915,34.89189],[134.19095,34.89233],[134.19085,34.89243],[134.19079,34.89271],[134.19071,34.89294],[134.19034,34.89324],[134.18974,34.89334],[134.18877,34.89373],[134.18832,34.89397],[134.18791,34.89462],[134.18792,34.89492],[134.18797,34.89522],[134.18787,34.89565],[134.18788,34.8959],[134.18802,34.89623],[134.188,34.89638],[134.18803,34.89654],[134.18829,34.89694],[134.18818,34.89762],[134.1881,34.89801],[134.188,34.89841],[134.18788,34.89875],[134.18762,34.89872],[134.18703,34.89833],[134.18669,34.89731],[134.18646,34.89724],[134.18626,34.89723],[134.18615,34.89725],[134.18522,34.89698],[134.18485,34.89701],[134.1846,34.89716],[134.1845,34.8973],[134.18424,34.89755],[134.18372,34.89801],[134.18349,34.89829],[134.18344,34.89836],[134.18318,34.89828],[134.18264,34.89829],[134.18231,34.89821],[134.18206,34.89799],[134.18182,34.8978],[134.18129,34.89754],[134.1809,34.89759],[134.1805,34.89749],[134.18026,34.89743],[134.17865,34.89741],[134.17823,34.89841],[134.17799,34.89846],[134.17747,34.89828],[134.17594,34.89844],[134.17527,34.89853],[134.17486,34.89856],[134.17377,34.89839],[134.17265,34.89918],[134.17223,34.89887],[134.17211,34.89872],[134.17195,34.8983],[134.17194,34.89824],[134.17193,34.89813],[134.172,34.89767],[134.17222,34.89694],[134.17233,34.89667],[134.17222,34.89609],[134.17221,34.89377],[134.17195,34.89302],[134.17171,34.8929],[134.17058,34.89271],[134.1704,34.89259],[134.17021,34.89252],[134.17007,34.89227],[134.16996,34.89202],[134.1699,34.8917],[134.16977,34.89124],[134.16983,34.891],[134.16985,34.89075],[134.16917,34.88995],[134.16855,34.88964],[134.16816,34.88927],[134.16814,34.88917],[134.16819,34.88879],[134.16819,34.88848],[134.16822,34.88828],[134.16828,34.8882],[134.16826,34.88721],[134.1682,34.88713],[134.16779,34.8869],[134.16728,34.88667],[134.16727,34.88656],[134.16744,34.88623],[134.1674,34.88594],[134.16744,34.88563],[134.16747,34.88527],[134.16733,34.88503],[134.16696,34.8846],[134.1672,34.88365],[134.167,34.88331],[134.16676,34.88261],[134.16643,34.88246],[134.16618,34.88213],[134.16615,34.88194],[134.16607,34.88179],[134.16594,34.88116],[134.16588,34.88104],[134.16538,34.88092],[134.16514,34.88094],[134.16455,34.881],[134.1639,34.88115],[134.16349,34.88129],[134.16341,34.88129],[134.16292,34.88104],[134.16245,34.88095],[134.16211,34.88105],[134.16199,34.88103],[134.16191,34.8809],[134.16183,34.88084],[134.16177,34.88082],[134.16159,34.88089],[134.16144,34.88097],[134.16132,34.88098],[134.16074,34.88099],[134.16053,34.88116],[134.16042,34.88128],[134.15957,34.88182],[134.15952,34.88185],[134.15919,34.88211],[134.15909,34.88213],[134.1587,34.8824],[134.15885,34.88282],[134.15883,34.88324],[134.15826,34.88348],[134.15805,34.88361],[134.15812,34.88389],[134.158,34.88405],[134.15775,34.88421],[134.15706,34.8846],[134.15652,34.8851],[134.15655,34.88564],[134.1554,34.88701],[134.1541,34.8876],[134.15258,34.88732],[134.14995,34.88762],[134.14802,34.88836],[134.14521,34.88784],[134.14465,34.88794],[134.14288,34.88932],[134.1418,34.88949],[134.14023,34.88887],[134.13901,34.88793],[134.13777,34.88694],[134.13698,34.88701],[134.13497,34.88805],[134.13412,34.88868],[134.13322,34.88982],[134.12885,34.8881],[134.1282,34.88879],[134.12756,34.88895],[134.12704,34.88974],[134.12456,34.89049],[134.12434,34.89056],[134.12501,34.89211],[134.1246,34.89322],[134.12475,34.89424],[134.12576,34.89515],[134.12559,34.8954],[134.12491,34.89611],[134.12557,34.89695],[134.12519,34.89824],[134.12487,34.89864],[134.12485,34.89958],[134.12534,34.90006],[134.1268,34.90054],[134.12678,34.90204],[134.12702,34.90285],[134.12654,34.90533],[134.12594,34.90693],[134.12544,34.90774],[134.126,34.90852],[134.12597,34.90959],[134.12624,34.90994],[134.12781,34.91073],[134.12824,34.91253],[134.12777,34.9135],[134.12626,34.91409],[134.12317,34.91455],[134.12262,34.91538],[134.12237,34.91669],[134.1222,34.91627],[134.12034,34.9161],[134.11971,34.91564],[134.11956,34.91497],[134.11903,34.91428],[134.11786,34.91355],[134.11727,34.91352],[134.11597,34.91363],[134.11484,34.91234],[134.11335,34.91241],[134.11251,34.91226],[134.11201,34.91145],[134.11046,34.91079],[134.11056,34.91017],[134.1103,34.91076],[134.10971,34.91094],[134.1095,34.91123],[134.10994,34.91167],[134.11,34.91236],[134.10951,34.91312],[134.10958,34.91347],[134.10915,34.91391],[134.10804,34.91506],[134.10743,34.91523],[134.10696,34.91511],[134.10668,34.91509],[134.10615,34.91503],[134.10591,34.91533],[134.10579,34.91647],[134.10577,34.91665],[134.10558,34.91718],[134.10496,34.91773],[134.10476,34.9184],[134.10485,34.91904],[134.10508,34.9193],[134.10524,34.9205],[134.10527,34.92132],[134.10535,34.92161],[134.10467,34.92211],[134.10308,34.92257],[134.10243,34.92262],[134.10221,34.92264],[134.10193,34.92267],[134.10121,34.92283],[134.09997,34.92299],[134.09897,34.92307],[134.09926,34.92229],[134.09981,34.92074],[134.10043,34.91967],[134.10047,34.91919],[134.10013,34.91772],[134.09947,34.91624],[134.09733,34.91211],[134.09607,34.9096],[134.09582,34.90926],[134.09483,34.90795],[134.09316,34.9064],[134.08908,34.90344],[134.08831,34.9028],[134.0876,34.90207],[134.08574,34.89967],[134.08526,34.89866],[134.08542,34.89709],[134.08608,34.89625],[134.08832,34.89505],[134.08988,34.89526],[134.09127,34.89602],[134.09619,34.89779],[134.09736,34.89693],[134.0978,34.89428],[134.09782,34.893],[134.09782,34.8927],[134.09672,34.89106],[134.09569,34.88987],[134.09401,34.88809],[134.09337,34.88658],[134.09322,34.88557],[134.09342,34.88509],[134.0943,34.88421],[134.09509,34.8838],[134.09625,34.88323],[134.09849,34.88276],[134.1007,34.8826],[134.10297,34.88222],[134.1036,34.8819],[134.10413,34.88102],[134.10364,34.87884],[134.10235,34.87882],[134.10074,34.87833],[134.09905,34.87712],[134.09807,34.87704],[134.09792,34.87693],[134.09766,34.8766],[134.09752,34.87626],[134.09646,34.87554],[134.09407,34.87485],[134.09333,34.87558],[134.09251,34.87603],[134.09201,34.87592],[134.09158,34.8755],[134.09126,34.87433],[134.08928,34.87347],[134.08864,34.87352],[134.08823,34.87398],[134.08797,34.87484],[134.08683,34.8749],[134.08637,34.87544],[134.08561,34.87575],[134.08525,34.87615],[134.08415,34.87647],[134.0838,34.87645],[134.08224,34.87706],[134.08111,34.87729],[134.08031,34.87696],[134.08107,34.87426],[134.08099,34.87096],[134.08056,34.87005],[134.08085,34.86936],[134.08121,34.8688],[134.0809,34.86707],[134.0798,34.86719],[134.07863,34.86701],[134.07803,34.8665],[134.07736,34.86524],[134.07793,34.86414],[134.07779,34.86368],[134.07681,34.86303],[134.07613,34.86289],[134.07472,34.86258],[134.0735,34.86182],[134.07246,34.86143],[134.07237,34.8601],[134.07134,34.85944],[134.06882,34.85977],[134.06674,34.85979],[134.0661,34.85989],[134.06505,34.86065],[134.06535,34.85923],[134.06433,34.8578],[134.06439,34.85675],[134.06414,34.85639],[134.06304,34.85527],[134.06269,34.85515],[134.06164,34.85505],[134.06128,34.8551],[134.06044,34.85477],[134.05997,34.85455],[134.05926,34.85454],[134.05888,34.85467],[134.05766,34.85476],[134.05749,34.85478],[134.05666,34.85487],[134.05625,34.85492],[134.05551,34.85627],[134.05543,34.85686],[134.05472,34.85742],[134.05398,34.85743],[134.05132,34.85693],[134.05003,34.85709],[134.04884,34.85681],[134.04783,34.85757],[134.04727,34.85771],[134.0433,34.85784],[134.04375,34.85632],[134.04383,34.85427],[134.04498,34.85337],[134.04529,34.85271],[134.04486,34.85063],[134.04492,34.84878],[134.04438,34.84786],[134.04376,34.84741],[134.04291,34.84636],[134.04231,34.84595],[134.04048,34.84553],[134.03935,34.84559],[134.04025,34.84432],[134.03921,34.84553],[134.03821,34.84538],[134.0371,34.84492],[134.03733,34.84449],[134.03842,34.84382],[134.03946,34.84265],[134.03945,34.84218],[134.0396,34.84049],[134.03946,34.84003],[134.03983,34.83909],[134.03967,34.83792],[134.03922,34.83679],[134.03851,34.83609],[134.03855,34.83564],[134.03941,34.83558],[134.03997,34.83523],[134.04036,34.83401],[134.04002,34.83345],[134.03867,34.83257],[134.03904,34.83157],[134.04029,34.83023],[134.04131,34.83038],[134.04263,34.83018],[134.04407,34.82919],[134.045,34.82829],[134.04592,34.82768],[134.04655,34.82813],[134.0471,34.82919],[134.04858,34.82966],[134.04887,34.83025],[134.04838,34.83103],[134.04832,34.83175],[134.04886,34.83257],[134.04949,34.83262],[134.05044,34.83307],[134.05208,34.83268],[134.05419,34.83278],[134.05502,34.83243],[134.05525,34.83181],[134.0546,34.83033],[134.05476,34.82983],[134.05708,34.82878],[134.05784,34.82821],[134.05833,34.82684],[134.05932,34.82554],[134.06071,34.82471],[134.06239,34.82472],[134.06355,34.82534],[134.06254,34.8258],[134.06244,34.82634],[134.06298,34.82709],[134.06538,34.82822],[134.06737,34.82789],[134.07014,34.82665],[134.07112,34.8265],[134.07259,34.82581],[134.07323,34.82475],[134.07412,34.8244],[134.07551,34.82431],[134.07552,34.82431],[134.07699,34.82464],[134.07909,34.82587],[134.0795,34.82593],[134.07935,34.8272],[134.07955,34.82568],[134.07996,34.82483],[134.08068,34.82452],[134.08228,34.82468],[134.08329,34.82417],[134.08446,34.82362],[134.0852,34.82347],[134.08572,34.82296],[134.0867,34.82165],[134.08765,34.81959],[134.0876,34.81825],[134.08781,34.81803],[134.08845,34.81675],[134.08913,34.81539],[134.08984,34.81361],[134.0896,34.81227],[134.09079,34.81199],[134.09203,34.81123],[134.09387,34.81097],[134.09422,34.8109],[134.09438,34.81038],[134.09441,34.80995],[134.09383,34.80837],[134.09393,34.80803],[134.09532,34.80647],[134.09655,34.80585],[134.09771,34.80559],[134.09819,34.80519],[134.09895,34.80478],[134.09949,34.80398],[134.10058,34.80332],[134.10121,34.80266],[134.10165,34.80262],[134.10528,34.80343],[134.1062,34.80303],[134.10669,34.80308],[134.1078,34.80239],[134.10905,34.8019],[134.10919,34.80152],[134.10992,34.80109],[134.11068,34.80058],[134.11086,34.80013],[134.11104,34.79967],[134.11154,34.79917],[134.1112,34.79837],[134.11169,34.79803],[134.11238,34.79808],[134.11286,34.79819],[134.11828,34.79619],[134.11871,34.79583],[134.11875,34.79366],[134.12547,34.7933],[134.13114,34.79303],[134.13335,34.79303],[134.13404,34.7928],[134.13427,34.79069],[134.13506,34.79048],[134.13717,34.79071],[134.13804,34.79056],[134.13845,34.78991],[134.14131,34.78845],[134.14226,34.78827],[134.14262,34.7872],[134.14331,34.78654],[134.14458,34.78649],[134.14575,34.78544],[134.1473,34.7844],[134.14875,34.7842],[134.14972,34.78375],[134.14956,34.78251],[134.15038,34.78128],[134.15092,34.78042],[134.15013,34.77977],[134.15033,34.77807],[134.1511,34.77675],[134.15105,34.77546],[134.15069,34.77467],[134.15128,34.77407],[134.15145,34.77309],[134.15226,34.77252],[134.15115,34.77172],[134.15081,34.77116],[134.14877,34.7699],[134.14895,34.76912],[134.14815,34.7683],[134.1478,34.76722],[134.14665,34.76683],[134.14599,34.76698],[134.14645,34.76637],[134.14773,34.76529],[134.1475,34.76437],[134.14843,34.76406],[134.14927,34.76344],[134.14896,34.76268],[134.14909,34.76212],[134.14968,34.76162],[134.15135,34.76097],[134.15243,34.76116],[134.15415,34.76029],[134.15501,34.75956],[134.15562,34.75951],[134.15775,34.76016],[134.15834,34.76041],[134.15893,34.76079],[134.15984,34.76139],[134.16024,34.76097],[134.16086,34.76043],[134.1611,34.76022],[134.16197,34.75958],[134.16291,34.75951],[134.16378,34.75964],[134.16427,34.75974],[134.16622,34.75998],[134.16674,34.76009],[134.16749,34.75999],[134.16763,34.75971],[134.16803,34.75955],[134.17031,34.75947],[134.17069,34.75932],[134.17132,34.75938],[134.1714,34.75947],[134.17185,34.75978],[134.17215,34.75985],[134.17309,34.76004],[134.17329,34.76026],[134.17434,34.76046],[134.17498,34.76097],[134.17539,34.7611],[134.17604,34.76069],[134.17646,34.76047],[134.17735,34.76086],[134.17807,34.76183],[134.17841,34.76223],[134.17874,34.76273],[134.17887,34.76302],[134.17911,34.76312],[134.17972,34.76336],[134.18055,34.76364],[134.18081,34.7639],[134.18093,34.76401],[134.18163,34.76481],[134.18179,34.76499],[134.18181,34.76506],[134.1819,34.76534],[134.18209,34.76541],[134.18274,34.76537],[134.18302,34.76527],[134.18339,34.76512],[134.18419,34.76485],[134.18482,34.76464],[134.18515,34.76451],[134.18547,34.76382],[134.18558,34.76347],[134.18591,34.7632],[134.18619,34.76301],[134.18645,34.76311],[134.18703,34.76339],[134.18792,34.7634],[134.18824,34.76356],[134.18935,34.76441],[134.18963,34.76455],[134.19009,34.76479],[134.19073,34.7646],[134.19092,34.76372],[134.19218,34.76338],[134.19391,34.76418],[134.19409,34.76336],[134.19458,34.76277],[134.1954,34.76457],[134.19661,34.76534],[134.19897,34.76524],[134.2003,34.76591],[134.20159,34.76701],[134.20144,34.76735],[134.20002,34.76878],[134.2,34.7692],[134.20056,34.77009],[134.20009,34.77077],[134.19965,34.77237],[134.19856,34.77312],[134.19818,34.77459],[134.19742,34.77608],[134.19612,34.77678],[134.19514,34.77805],[134.19416,34.7785],[134.19315,34.77871],[134.19165,34.77875],[134.19128,34.7817],[134.1921,34.78193],[134.19387,34.78312],[134.19496,34.78315],[134.19705,34.78363],[134.19765,34.78568],[134.1982,34.78683],[134.19919,34.78821],[134.19994,34.79005],[134.19977,34.79026],[134.19959,34.79087],[134.19874,34.79155],[134.19831,34.79185],[134.19791,34.79209],[134.19574,34.79298],[134.19366,34.79301],[134.19293,34.79343],[134.19243,34.79441],[134.19182,34.79736],[134.19213,34.79847],[134.19108,34.79898],[134.19056,34.80028]],[[134.1312,34.83118],[134.13096,34.83136],[134.13171,34.83181],[134.1312,34.83118]],[[134.12446,34.83889],[134.12388,34.83978],[134.12494,34.83846],[134.12446,34.83889]],[[134.09314,34.84491],[134.09305,34.84513],[134.09313,34.845],[134.09315,34.84478],[134.09314,34.84491]],[[134.09313,34.8435],[134.09305,34.84341],[134.09277,34.84368],[134.09313,34.8435]],[[134.1169,34.84926],[134.11742,34.84926],[134.11787,34.84924],[134.1169,34.84926]],[[134.06965,34.84008],[134.06841,34.83909],[134.06919,34.83975],[134.06965,34.84008]],[[134.06773,34.8387],[134.0675,34.83853],[134.06668,34.83801],[134.06773,34.8387]]],[[[134.08737,34.84531],[134.08682,34.84561],[134.08709,34.84546],[134.08737,34.84531]]],[[[134.11844,34.84915],[134.119,34.84881],[134.11874,34.84897],[134.11844,34.84915]]]]}},{"type":"Feature","properties":{"nm":"早島町","b":[133.8015,34.5905,133.8397,34.6276],"c":[133.82282,34.60855]},"geometry":{"type":"Polygon","coordinates":[[[133.81504,34.59889],[133.81543,34.59884],[133.81692,34.59859],[133.81723,34.59852],[133.81801,34.59818],[133.81975,34.59793],[133.82003,34.5975],[133.82034,34.59713],[133.82119,34.59693],[133.82424,34.59618],[133.82428,34.59585],[133.82444,34.59244],[133.82444,34.59174],[133.82455,34.59049],[133.82639,34.59108],[133.82695,34.59124],[133.82784,34.59155],[133.82818,34.59177],[133.82912,34.59237],[133.82923,34.59242],[133.83039,34.59342],[133.83211,34.59459],[133.83241,34.59554],[133.83308,34.59592],[133.83607,34.59802],[133.83827,34.59968],[133.83842,34.59968],[133.83973,34.60065],[133.83694,34.60428],[133.83554,34.60606],[133.83518,34.60667],[133.83521,34.60682],[133.83512,34.60908],[133.83487,34.60971],[133.83453,34.6112],[133.83411,34.61145],[133.83447,34.61265],[133.83457,34.61339],[133.8357,34.61382],[133.8353,34.61503],[133.83558,34.61508],[133.83525,34.61593],[133.83579,34.618],[133.83422,34.61761],[133.83486,34.61863],[133.83494,34.61947],[133.8358,34.61992],[133.8359,34.61994],[133.83593,34.61995],[133.8351,34.6212],[133.8351,34.62165],[133.83502,34.62238],[133.83446,34.62328],[133.83439,34.62353],[133.83443,34.62407],[133.83398,34.62427],[133.83439,34.62436],[133.83435,34.62461],[133.83375,34.62577],[133.83337,34.62598],[133.83331,34.6262],[133.83249,34.62598],[133.83198,34.62588],[133.83165,34.6266],[133.83144,34.62697],[133.83112,34.62723],[133.83061,34.62759],[133.82966,34.6275],[133.82936,34.62741],[133.82919,34.62728],[133.82907,34.62697],[133.82833,34.6261],[133.82771,34.62603],[133.82672,34.6258],[133.82664,34.62551],[133.82654,34.62539],[133.82616,34.62495],[133.82572,34.62457],[133.82538,34.62434],[133.8252,34.6242],[133.8246,34.62375],[133.82433,34.6237],[133.82374,34.62368],[133.82297,34.62314],[133.82269,34.6231],[133.82228,34.62307],[133.82209,34.62293],[133.82207,34.62293],[133.82179,34.62284],[133.8209,34.62222],[133.82007,34.62172],[133.8197,34.62185],[133.8191,34.62157],[133.81884,34.62149],[133.81832,34.62137],[133.81795,34.62127],[133.81807,34.62113],[133.81822,34.62109],[133.81797,34.62093],[133.81789,34.62077],[133.81785,34.62028],[133.81782,34.62004],[133.81753,34.61988],[133.81659,34.61906],[133.8163,34.61857],[133.81596,34.61856],[133.81549,34.61811],[133.81521,34.61813],[133.81475,34.61841],[133.814,34.61884],[133.81402,34.61882],[133.81407,34.61862],[133.81418,34.61854],[133.81405,34.61817],[133.81347,34.61724],[133.81344,34.61692],[133.81331,34.61603],[133.8136,34.61578],[133.81399,34.61497],[133.81401,34.61421],[133.81401,34.61381],[133.81405,34.61369],[133.81438,34.61287],[133.81304,34.61258],[133.81269,34.61244],[133.81252,34.61236],[133.8093,34.61151],[133.80689,34.61159],[133.80402,34.61147],[133.80325,34.6104],[133.80233,34.60987],[133.80147,34.60903],[133.80294,34.60766],[133.80486,34.60508],[133.80477,34.60324],[133.80534,34.60221],[133.80538,34.60109],[133.80522,34.60058],[133.80688,34.59687],[133.81225,34.59901],[133.81417,34.59905],[133.81497,34.59889],[133.81504,34.59889]],[[133.82623,34.60367],[133.82627,34.60369],[133.82645,34.60318],[133.82623,34.60367]],[[133.82645,34.60318],[133.82673,34.60278],[133.82668,34.60277],[133.82645,34.60318]],[[133.83066,34.60858],[133.83067,34.6087],[133.83071,34.6086],[133.83066,34.60858]],[[133.83071,34.6086],[133.83134,34.60889],[133.83102,34.6087],[133.83071,34.6086]],[[133.82806,34.61003],[133.82821,34.61022],[133.82805,34.60995],[133.82806,34.61003]],[[133.82829,34.61326],[133.82828,34.61332],[133.82968,34.61379],[133.82829,34.61326]],[[133.81507,34.61073],[133.81527,34.61044],[133.81523,34.61044],[133.81507,34.61073]],[[133.81863,34.61477],[133.81892,34.6144],[133.81877,34.61422],[133.81863,34.61477]],[[133.82178,34.61562],[133.82216,34.61567],[133.82218,34.61553],[133.82178,34.61562]],[[133.82391,34.61103],[133.82392,34.61094],[133.82314,34.61086],[133.82391,34.61103]]]}},{"type":"Feature","properties":{"nm":"里庄町","b":[133.5297,34.491,133.5862,34.5386],"c":[133.55671,34.51307]},"geometry":{"type":"Polygon","coordinates":[[[133.53322,34.50167],[133.53139,34.49931],[133.53132,34.49921],[133.53062,34.49829],[133.5304,34.498],[133.52976,34.49713],[133.52974,34.49708],[133.53097,34.49669],[133.53169,34.49645],[133.53332,34.49595],[133.5344,34.49559],[133.53507,34.49515],[133.53669,34.49475],[133.53721,34.49373],[133.53768,34.4934],[133.5399,34.49395],[133.54184,34.49273],[133.5424,34.49264],[133.5432,34.4932],[133.54378,34.49289],[133.54421,34.49213],[133.54571,34.49218],[133.54771,34.49105],[133.54833,34.49102],[133.54979,34.4913],[133.552,34.49279],[133.55306,34.49245],[133.55401,34.49324],[133.55574,34.49287],[133.55656,34.49252],[133.55728,34.49293],[133.55894,34.49296],[133.56054,34.49364],[133.56151,34.49535],[133.56208,34.49561],[133.56256,34.49577],[133.56317,34.49643],[133.56347,34.49666],[133.56346,34.49745],[133.56361,34.49674],[133.56428,34.49521],[133.56572,34.49475],[133.56627,34.4949],[133.56765,34.49631],[133.56764,34.49721],[133.56794,34.49776],[133.56585,34.49927],[133.56605,34.49992],[133.56572,34.50186],[133.56525,34.50279],[133.56459,34.50309],[133.56425,34.50428],[133.56384,34.50507],[133.56371,34.50599],[133.56396,34.50621],[133.5644,34.50683],[133.56489,34.50763],[133.56466,34.50836],[133.56515,34.5078],[133.56544,34.50783],[133.56567,34.50898],[133.56676,34.51017],[133.56698,34.5114],[133.56849,34.51203],[133.56875,34.51402],[133.56925,34.51393],[133.5695,34.51392],[133.57014,34.514],[133.57048,34.51412],[133.57127,34.51442],[133.57174,34.5146],[133.57231,34.51476],[133.57246,34.51489],[133.57252,34.5151],[133.57241,34.51585],[133.5731,34.51604],[133.57399,34.51636],[133.57416,34.51642],[133.57433,34.51644],[133.57442,34.51644],[133.57447,34.51642],[133.57483,34.5165],[133.57554,34.5168],[133.57576,34.51687],[133.57589,34.51694],[133.57628,34.51706],[133.57641,34.51713],[133.57679,34.51725],[133.57716,34.51739],[133.57739,34.51736],[133.57742,34.51744],[133.57738,34.51868],[133.57706,34.51951],[133.57608,34.52157],[133.57608,34.52158],[133.57529,34.52312],[133.57526,34.52406],[133.57475,34.52447],[133.57479,34.52469],[133.57511,34.52499],[133.57642,34.52513],[133.57778,34.52549],[133.57813,34.52573],[133.57904,34.52649],[133.57991,34.52651],[133.58034,34.52694],[133.58163,34.52744],[133.58166,34.52745],[133.58174,34.52685],[133.58275,34.52697],[133.58281,34.52804],[133.58374,34.52793],[133.58429,34.52855],[133.58451,34.52925],[133.58474,34.52948],[133.58515,34.52954],[133.58595,34.52991],[133.58608,34.53041],[133.58619,34.53115],[133.58498,34.53255],[133.5846,34.53135],[133.58377,34.53131],[133.58333,34.53088],[133.58311,34.52944],[133.58258,34.52932],[133.5822,34.52875],[133.58152,34.52879],[133.58029,34.52887],[133.57982,34.52962],[133.58127,34.52974],[133.58172,34.53024],[133.58117,34.53088],[133.58213,34.53143],[133.58193,34.53207],[133.58211,34.5332],[133.5825,34.53398],[133.58236,34.53398],[133.58215,34.53394],[133.58176,34.53345],[133.58179,34.53315],[133.5817,34.5329],[133.58073,34.53326],[133.57997,34.53231],[133.58004,34.5318],[133.57903,34.53184],[133.57812,34.53219],[133.57719,34.53176],[133.57643,34.53067],[133.57389,34.52996],[133.57275,34.53019],[133.57214,34.53102],[133.57163,34.53173],[133.57136,34.53218],[133.57099,34.53256],[133.57081,34.5328],[133.57073,34.53306],[133.57063,34.53319],[133.57044,34.53331],[133.57028,34.53362],[133.57016,34.53377],[133.56999,34.53396],[133.56987,34.53418],[133.56978,34.53444],[133.56961,34.53464],[133.56944,34.53481],[133.56853,34.5361],[133.56836,34.536],[133.568,34.53573],[133.56776,34.53557],[133.56722,34.53528],[133.56669,34.53571],[133.56624,34.53595],[133.56552,34.53645],[133.56539,34.53693],[133.56537,34.53717],[133.56525,34.53725],[133.56452,34.53626],[133.5652,34.53726],[133.56434,34.53787],[133.5625,34.53855],[133.56171,34.53802],[133.56063,34.53777],[133.56031,34.53732],[133.5597,34.53741],[133.55948,34.5368],[133.55945,34.53582],[133.55927,34.53544],[133.5593,34.53516],[133.55941,34.53509],[133.55954,34.53481],[133.56012,34.53438],[133.56053,34.53343],[133.56045,34.53224],[133.56076,34.53155],[133.55942,34.53113],[133.5595,34.53092],[133.55905,34.53103],[133.55891,34.53094],[133.55856,34.53079],[133.55835,34.53074],[133.55811,34.53088],[133.55752,34.53125],[133.55718,34.53127],[133.55703,34.53127],[133.55662,34.53121],[133.55603,34.53127],[133.55505,34.53079],[133.55376,34.53042],[133.55315,34.52995],[133.55189,34.5302],[133.55117,34.53075],[133.54967,34.52996],[133.54971,34.52826],[133.54914,34.52691],[133.54893,34.52646],[133.54892,34.52565],[133.54892,34.52499],[133.54861,34.52456],[133.54847,34.52437],[133.54813,34.52405],[133.54777,34.52395],[133.54696,34.52374],[133.54688,34.52343],[133.54648,34.52288],[133.5465,34.52233],[133.54666,34.52159],[133.5467,34.52065],[133.54684,34.51942],[133.5465,34.51846],[133.54444,34.51877],[133.54363,34.51871],[133.54376,34.51831],[133.5446,34.51772],[133.54546,34.5165],[133.54537,34.51543],[133.54447,34.51451],[133.54439,34.51374],[133.54469,34.51253],[133.54491,34.51255],[133.54464,34.51234],[133.5444,34.51193],[133.54415,34.51169],[133.54399,34.51142],[133.5441,34.51167],[133.54249,34.5113],[133.54084,34.50985],[133.5394,34.50934],[133.53826,34.50868],[133.53766,34.50775],[133.53659,34.50702],[133.53635,34.50514],[133.53658,34.5052],[133.53631,34.50491],[133.53621,34.50481],[133.5348,34.50364],[133.53398,34.50271],[133.53355,34.50213],[133.53322,34.50167]],[[133.54735,34.51268],[133.54746,34.51278],[133.54749,34.51203],[133.54735,34.51268]],[[133.55487,34.50543],[133.55485,34.50558],[133.55495,34.50548],[133.55487,34.50543]],[[133.56017,34.5015],[133.56027,34.50159],[133.56038,34.5013],[133.56017,34.5015]],[[133.55446,34.50944],[133.55463,34.50951],[133.55464,34.5092],[133.55446,34.50944]],[[133.55394,34.50866],[133.55227,34.50723],[133.55284,34.50777],[133.55394,34.50866]],[[133.56767,34.52968],[133.56743,34.5296],[133.56757,34.52974],[133.56767,34.52968]]]}},{"type":"Feature","properties":{"nm":"矢掛町","b":[133.5187,34.5733,133.6495,34.7069],"c":[133.58974,34.631]},"geometry":{"type":"Polygon","coordinates":[[[133.56058,34.64541],[133.55949,34.64548],[133.55889,34.64585],[133.55745,34.64538],[133.5542,34.64321],[133.55343,34.64333],[133.55263,34.64362],[133.55237,34.6443],[133.55152,34.64409],[133.55097,34.64493],[133.55096,34.64496],[133.55062,34.64586],[133.54993,34.64691],[133.54975,34.6469],[133.54947,34.64697],[133.54929,34.64731],[133.54914,34.64747],[133.54858,34.6474],[133.54842,34.64741],[133.54754,34.64786],[133.54716,34.64826],[133.54705,34.64836],[133.54664,34.64851],[133.54628,34.64797],[133.545,34.64803],[133.54443,34.64836],[133.54386,34.6489],[133.54241,34.64702],[133.5421,34.64676],[133.54158,34.64659],[133.54025,34.64655],[133.53924,34.64664],[133.53835,34.64698],[133.53793,34.64691],[133.53721,34.64664],[133.5362,34.64683],[133.53598,34.6468],[133.53473,34.64625],[133.53385,34.64618],[133.53267,34.64607],[133.5315,34.64569],[133.53107,34.64559],[133.52953,34.6457],[133.52917,34.64581],[133.52929,34.64666],[133.52871,34.64736],[133.52937,34.64821],[133.52857,34.64864],[133.52769,34.64947],[133.52748,34.64965],[133.52709,34.64971],[133.52679,34.65048],[133.52516,34.6508],[133.52375,34.65092],[133.52233,34.65111],[133.52226,34.65074],[133.52273,34.64973],[133.52292,34.64956],[133.52304,34.64924],[133.52302,34.64895],[133.52294,34.64859],[133.52272,34.64797],[133.52227,34.64713],[133.52246,34.64637],[133.52285,34.64628],[133.52343,34.6453],[133.52385,34.64575],[133.52464,34.64613],[133.5251,34.64624],[133.52562,34.64682],[133.52587,34.64688],[133.52619,34.6467],[133.52649,34.64636],[133.52628,34.64566],[133.52604,34.64536],[133.52595,34.64512],[133.526,34.64487],[133.52615,34.64465],[133.52631,34.64442],[133.52635,34.64421],[133.52622,34.64408],[133.52592,34.64265],[133.5251,34.64222],[133.52494,34.64194],[133.52524,34.64108],[133.52574,34.64096],[133.52623,34.64106],[133.52636,34.64113],[133.52682,34.64157],[133.52725,34.64202],[133.52809,34.64249],[133.53068,34.64262],[133.53236,34.64227],[133.53363,34.64283],[133.53479,34.64279],[133.53487,34.64271],[133.53501,34.64233],[133.53526,34.64198],[133.53557,34.64171],[133.53599,34.64122],[133.53627,34.64107],[133.53669,34.64113],[133.53642,34.63917],[133.53658,34.63844],[133.53622,34.63813],[133.53612,34.63777],[133.53576,34.63731],[133.53525,34.63702],[133.53508,34.63678],[133.53502,34.63643],[133.53503,34.6362],[133.53522,34.63606],[133.53529,34.63597],[133.53541,34.63551],[133.53593,34.63504],[133.53662,34.63384],[133.53669,34.6336],[133.53687,34.63325],[133.53732,34.63255],[133.53699,34.63223],[133.53625,34.63163],[133.53611,34.63155],[133.53583,34.6315],[133.53564,34.63149],[133.53513,34.63137],[133.53454,34.63107],[133.53422,34.63056],[133.53403,34.63024],[133.53319,34.62993],[133.53238,34.63011],[133.53208,34.63019],[133.53151,34.63034],[133.53027,34.63064],[133.52964,34.63092],[133.52878,34.63128],[133.52773,34.63141],[133.52733,34.6316],[133.52704,34.63191],[133.52658,34.63235],[133.52632,34.6325],[133.52564,34.63242],[133.52542,34.63223],[133.52535,34.63212],[133.52523,34.632],[133.52496,34.63179],[133.52442,34.63163],[133.52424,34.63163],[133.52369,34.63049],[133.52293,34.63033],[133.52217,34.63017],[133.52199,34.63019],[133.52127,34.63034],[133.51935,34.63019],[133.5192,34.63],[133.51865,34.62956],[133.51935,34.62837],[133.51973,34.62721],[133.51987,34.62689],[133.52033,34.62665],[133.52068,34.62667],[133.52115,34.62658],[133.52165,34.62563],[133.52181,34.62529],[133.52197,34.62495],[133.52224,34.62444],[133.52331,34.62375],[133.52377,34.62328],[133.52408,34.62316],[133.5245,34.62304],[133.52457,34.62285],[133.52546,34.62227],[133.52676,34.62157],[133.52681,34.62154],[133.52719,34.62142],[133.52761,34.62016],[133.52767,34.61904],[133.52888,34.61805],[133.52883,34.61758],[133.52942,34.61665],[133.53005,34.61601],[133.53126,34.6162],[133.53238,34.61575],[133.53237,34.61556],[133.53236,34.61537],[133.53124,34.6148],[133.53093,34.61419],[133.53048,34.61347],[133.53066,34.61292],[133.53133,34.61229],[133.53178,34.61164],[133.53128,34.61028],[133.53159,34.60931],[133.53182,34.60888],[133.53202,34.60835],[133.53194,34.60795],[133.53191,34.60779],[133.53038,34.60676],[133.52992,34.60611],[133.52923,34.60599],[133.52859,34.6057],[133.52766,34.60504],[133.52779,34.60454],[133.52801,34.60375],[133.52759,34.60324],[133.52756,34.60287],[133.52761,34.60251],[133.52757,34.6022],[133.52792,34.60185],[133.52931,34.60119],[133.52981,34.60074],[133.53008,34.6005],[133.52992,34.59962],[133.53009,34.59962],[133.53084,34.59945],[133.53242,34.59904],[133.5339,34.59873],[133.53431,34.59884],[133.53447,34.59896],[133.53493,34.5999],[133.53543,34.60064],[133.53581,34.60074],[133.53645,34.60093],[133.5369,34.60125],[133.53823,34.60153],[133.53892,34.60165],[133.53956,34.6018],[133.54013,34.60199],[133.54075,34.6025],[133.5417,34.60331],[133.54181,34.6034],[133.54287,34.6037],[133.54394,34.6036],[133.54403,34.60358],[133.54528,34.60322],[133.54569,34.60308],[133.54667,34.60266],[133.54699,34.60249],[133.54776,34.60208],[133.54883,34.60121],[133.54984,34.60003],[133.55063,34.59972],[133.5519,34.59971],[133.55193,34.59971],[133.55206,34.59971],[133.55225,34.59903],[133.5526,34.5985],[133.5527,34.59816],[133.55336,34.59806],[133.5534,34.59798],[133.55319,34.59746],[133.55409,34.59599],[133.55421,34.59544],[133.5548,34.59466],[133.55618,34.5939],[133.55628,34.5937],[133.55656,34.59348],[133.55701,34.59327],[133.5583,34.59304],[133.55855,34.59302],[133.55924,34.59299],[133.56071,34.5927],[133.56105,34.59224],[133.56154,34.59206],[133.56204,34.59152],[133.56218,34.5911],[133.56237,34.59096],[133.56259,34.59084],[133.56269,34.59072],[133.56282,34.59041],[133.56318,34.58954],[133.56305,34.5892],[133.56321,34.58838],[133.56367,34.5875],[133.56367,34.58737],[133.56415,34.5869],[133.56467,34.58659],[133.56496,34.58659],[133.56514,34.5866],[133.56605,34.58686],[133.56629,34.58652],[133.56665,34.58591],[133.56709,34.58567],[133.56807,34.58561],[133.56881,34.58566],[133.56975,34.58514],[133.57025,34.58524],[133.5707,34.58608],[133.57083,34.58701],[133.57222,34.58792],[133.57304,34.58812],[133.57485,34.58936],[133.57604,34.58918],[133.57607,34.58947],[133.57695,34.58942],[133.5781,34.59014],[133.58121,34.5898],[133.58235,34.59015],[133.58368,34.59025],[133.58474,34.58984],[133.58452,34.58773],[133.58406,34.58705],[133.58372,34.58574],[133.58401,34.58492],[133.58342,34.58248],[133.58585,34.5818],[133.58658,34.58128],[133.58688,34.58037],[133.58729,34.58038],[133.58811,34.57995],[133.59003,34.57998],[133.59085,34.57937],[133.59073,34.57861],[133.5945,34.57674],[133.5962,34.57663],[133.59692,34.57684],[133.59774,34.57627],[133.59887,34.57664],[133.60104,34.57705],[133.60186,34.57621],[133.60403,34.57642],[133.60486,34.57733],[133.60586,34.57771],[133.60595,34.57759],[133.60631,34.57707],[133.60659,34.57667],[133.60718,34.5757],[133.60823,34.57468],[133.60877,34.57403],[133.60903,34.57375],[133.60937,34.57335],[133.61083,34.57326],[133.61109,34.57453],[133.61239,34.57609],[133.61327,34.57656],[133.61386,34.57716],[133.61648,34.57765],[133.61686,34.5779],[133.61691,34.57876],[133.6173,34.57925],[133.61884,34.57972],[133.6199,34.57942],[133.62084,34.57953],[133.62108,34.58085],[133.62211,34.58101],[133.62214,34.58123],[133.62306,34.58042],[133.62342,34.58044],[133.62354,34.58053],[133.62371,34.58072],[133.62375,34.58086],[133.62412,34.58172],[133.62434,34.58188],[133.62598,34.58206],[133.62736,34.58194],[133.62874,34.58234],[133.62884,34.58311],[133.6298,34.58352],[133.63072,34.58343],[133.63164,34.58374],[133.632,34.58387],[133.63313,34.58294],[133.63335,34.58299],[133.63438,34.58324],[133.63579,34.58345],[133.63665,34.58383],[133.63691,34.58425],[133.63641,34.58518],[133.63723,34.58536],[133.63708,34.58626],[133.63698,34.58673],[133.63741,34.58782],[133.63852,34.58778],[133.63835,34.58841],[133.63894,34.5892],[133.64073,34.59005],[133.64097,34.59017],[133.64248,34.59151],[133.64259,34.59185],[133.64345,34.5927],[133.64463,34.59358],[133.64548,34.59389],[133.64617,34.59349],[133.64649,34.59374],[133.64656,34.59385],[133.64706,34.59443],[133.64717,34.59465],[133.64751,34.59493],[133.64773,34.59509],[133.64858,34.59532],[133.64876,34.59553],[133.64949,34.59611],[133.64953,34.59679],[133.64819,34.59758],[133.64706,34.59829],[133.64369,34.60086],[133.64373,34.60093],[133.64225,34.60215],[133.64119,34.60297],[133.63985,34.60435],[133.63963,34.60501],[133.63871,34.60624],[133.63859,34.60689],[133.63771,34.60823],[133.63781,34.60964],[133.6371,34.61029],[133.63694,34.61162],[133.63633,34.61447],[133.63763,34.61457],[133.63734,34.61526],[133.63705,34.61598],[133.63579,34.61762],[133.63579,34.61847],[133.63546,34.61908],[133.63569,34.61988],[133.63439,34.62134],[133.6334,34.62351],[133.63314,34.62491],[133.63338,34.62678],[133.63309,34.62734],[133.63201,34.62788],[133.63206,34.62868],[133.63295,34.62974],[133.63342,34.62979],[133.63384,34.63048],[133.633,34.63294],[133.63211,34.63387],[133.6322,34.6348],[133.63258,34.6358],[133.63268,34.63617],[133.6327,34.63629],[133.63269,34.63702],[133.63317,34.63767],[133.63379,34.63809],[133.63379,34.63865],[133.63402,34.63961],[133.63399,34.63975],[133.6338,34.64],[133.63323,34.64038],[133.63295,34.64046],[133.63253,34.64071],[133.63228,34.64141],[133.63211,34.642],[133.63077,34.64209],[133.62997,34.64323],[133.62991,34.64364],[133.62973,34.64411],[133.62927,34.64435],[133.62895,34.64491],[133.62917,34.64543],[133.62922,34.64558],[133.62921,34.64565],[133.62779,34.64573],[133.62751,34.64553],[133.62745,34.64546],[133.62709,34.64521],[133.62687,34.64507],[133.62637,34.645],[133.6261,34.64489],[133.62576,34.64481],[133.62522,34.64483],[133.62499,34.64485],[133.62482,34.64474],[133.62465,34.64459],[133.62421,34.64461],[133.62375,34.6448],[133.62364,34.64482],[133.62335,34.64501],[133.62324,34.6451],[133.62282,34.64509],[133.62226,34.64502],[133.622,34.64513],[133.62139,34.64495],[133.62036,34.64432],[133.61979,34.64425],[133.61889,34.64441],[133.6187,34.64443],[133.61901,34.64561],[133.61886,34.64584],[133.61958,34.64707],[133.61977,34.64719],[133.62074,34.64733],[133.62109,34.64751],[133.62117,34.64839],[133.62108,34.64883],[133.62099,34.64904],[133.62215,34.64905],[133.62237,34.64921],[133.6224,34.64933],[133.62254,34.65],[133.6227,34.65051],[133.62297,34.65074],[133.62307,34.65102],[133.62316,34.65117],[133.62215,34.65131],[133.62318,34.65122],[133.62271,34.65177],[133.62296,34.65315],[133.62288,34.6547],[133.62377,34.65599],[133.62346,34.65739],[133.62364,34.65849],[133.62245,34.65866],[133.62169,34.65931],[133.62087,34.65965],[133.62017,34.65961],[133.61917,34.66024],[133.6186,34.66022],[133.61823,34.66128],[133.61746,34.66169],[133.61696,34.66258],[133.61801,34.66347],[133.61785,34.66412],[133.61729,34.66469],[133.6174,34.66633],[133.61809,34.66751],[133.61696,34.66762],[133.61674,34.66815],[133.61465,34.66957],[133.61318,34.67086],[133.61348,34.67192],[133.61353,34.67225],[133.61358,34.67242],[133.61404,34.67269],[133.61457,34.67285],[133.61523,34.67305],[133.61552,34.67313],[133.61559,34.67322],[133.61573,34.67355],[133.6152,34.67388],[133.61538,34.67436],[133.61592,34.6747],[133.61654,34.67489],[133.61733,34.67532],[133.61753,34.67546],[133.61833,34.67577],[133.6178,34.67654],[133.61776,34.67691],[133.61706,34.67733],[133.6157,34.67745],[133.61542,34.67753],[133.61491,34.67826],[133.61482,34.67939],[133.61453,34.67977],[133.61442,34.68001],[133.61455,34.68066],[133.61464,34.681],[133.61482,34.68209],[133.61491,34.6826],[133.61518,34.6834],[133.6153,34.68352],[133.6161,34.68361],[133.61663,34.68379],[133.61693,34.68395],[133.61709,34.68405],[133.61724,34.68423],[133.61766,34.68438],[133.61777,34.68455],[133.61802,34.68478],[133.61872,34.68568],[133.61881,34.68575],[133.61903,34.68582],[133.61926,34.68585],[133.61977,34.68594],[133.61991,34.68598],[133.62023,34.68602],[133.62059,34.68594],[133.62067,34.68582],[133.62159,34.68608],[133.62202,34.6862],[133.62229,34.68601],[133.62265,34.68576],[133.62347,34.68597],[133.62359,34.68648],[133.62369,34.6873],[133.62361,34.68811],[133.6237,34.68829],[133.62412,34.6888],[133.62463,34.6895],[133.62496,34.69005],[133.62505,34.6902],[133.62516,34.69053],[133.62528,34.69071],[133.62587,34.69125],[133.62509,34.69269],[133.62592,34.69294],[133.62694,34.69448],[133.6266,34.69569],[133.62766,34.69594],[133.62782,34.69635],[133.62761,34.69761],[133.62752,34.69823],[133.62687,34.69891],[133.62657,34.69949],[133.62729,34.70085],[133.62617,34.70132],[133.62601,34.70226],[133.62552,34.70216],[133.62457,34.70223],[133.6238,34.70198],[133.62255,34.70133],[133.62155,34.70119],[133.62131,34.70176],[133.62007,34.70208],[133.61902,34.70455],[133.61875,34.70592],[133.61807,34.70622],[133.61694,34.70611],[133.61534,34.70568],[133.61425,34.70578],[133.61281,34.70605],[133.6117,34.70672],[133.61089,34.7069],[133.6102,34.70645],[133.60902,34.70617],[133.60885,34.70512],[133.60731,34.70375],[133.60615,34.70334],[133.6066,34.70207],[133.606,34.70252],[133.60458,34.70301],[133.60395,34.70393],[133.60273,34.7038],[133.60122,34.70248],[133.59972,34.70138],[133.59871,34.70026],[133.59661,34.70037],[133.59566,34.69978],[133.5926,34.69826],[133.59321,34.69757],[133.59303,34.69672],[133.59264,34.69638],[133.59245,34.69582],[133.59357,34.69496],[133.5942,34.69427],[133.594,34.69403],[133.59357,34.6936],[133.59351,34.69321],[133.59351,34.6922],[133.5935,34.69159],[133.59323,34.69052],[133.59308,34.69012],[133.59297,34.68965],[133.59305,34.68932],[133.59405,34.68808],[133.59419,34.68787],[133.59424,34.68726],[133.59338,34.68643],[133.59189,34.68542],[133.59079,34.68487],[133.59051,34.68461],[133.58861,34.68381],[133.58839,34.68387],[133.58815,34.68376],[133.58774,34.68334],[133.58764,34.68315],[133.58815,34.68276],[133.58829,34.6822],[133.58766,34.68215],[133.58736,34.68238],[133.58687,34.68246],[133.58644,34.68231],[133.5863,34.68222],[133.58607,34.6822],[133.58589,34.6822],[133.58564,34.68208],[133.58535,34.6821],[133.58444,34.68168],[133.58366,34.68108],[133.58311,34.68072],[133.58281,34.67996],[133.58263,34.67986],[133.58251,34.67985],[133.58224,34.67978],[133.58169,34.67968],[133.58126,34.6797],[133.58061,34.68022],[133.5787,34.68035],[133.57702,34.68087],[133.57629,34.68142],[133.57578,34.68163],[133.57432,34.68132],[133.57402,34.68105],[133.57352,34.68035],[133.57295,34.68024],[133.57251,34.68024],[133.57105,34.68054],[133.57088,34.68063],[133.57045,34.67949],[133.57059,34.67851],[133.5704,34.67703],[133.57062,34.67581],[133.57042,34.67433],[133.57018,34.67293],[133.57028,34.67184],[133.56943,34.66977],[133.56872,34.66906],[133.56775,34.66869],[133.56599,34.66594],[133.56545,34.66426],[133.56427,34.66257],[133.56357,34.66206],[133.56318,34.66135],[133.56209,34.66102],[133.56198,34.66088],[133.56182,34.6606],[133.56154,34.66018],[133.56169,34.65988],[133.56169,34.65982],[133.56151,34.65902],[133.56117,34.65852],[133.56153,34.65667],[133.56184,34.65541],[133.56196,34.65525],[133.56238,34.65493],[133.56243,34.65488],[133.56241,34.65465],[133.56225,34.65447],[133.56235,34.65398],[133.56254,34.65271],[133.56313,34.65183],[133.5633,34.65168],[133.56404,34.65142],[133.56414,34.65072],[133.56429,34.64948],[133.56204,34.6494],[133.56158,34.64822],[133.56058,34.64627],[133.56058,34.64541]],[[133.59414,34.6229],[133.59463,34.62277],[133.59381,34.62295],[133.59414,34.6229]],[[133.59193,34.62299],[133.59184,34.62298],[133.59175,34.62421],[133.5918,34.62421],[133.59193,34.62299]],[[133.58508,34.62502],[133.58495,34.62498],[133.58489,34.62576],[133.58508,34.62502]],[[133.5878,34.65449],[133.58761,34.65391],[133.58752,34.6543],[133.5878,34.65449]],[[133.58785,34.65351],[133.58763,34.65363],[133.58763,34.6537],[133.58785,34.65351]],[[133.62634,34.62899],[133.62603,34.62921],[133.62588,34.62934],[133.62634,34.62899]],[[133.58388,34.61054],[133.58297,34.6104],[133.5838,34.61078],[133.58388,34.61054]],[[133.60617,34.59122],[133.60593,34.59109],[133.60595,34.59119],[133.60617,34.59122]]]}},{"type":"Feature","properties":{"nm":"新庄村","b":[133.5054,35.1478,133.6094,35.2555],"c":[133.56042,35.2032]},"geometry":{"type":"Polygon","coordinates":[[[133.58606,35.15977],[133.58615,35.16018],[133.58587,35.16039],[133.58565,35.1609],[133.58538,35.16146],[133.585,35.1616],[133.58499,35.16171],[133.58467,35.16188],[133.58436,35.16207],[133.5838,35.16266],[133.58364,35.16327],[133.58282,35.16371],[133.58219,35.16378],[133.58171,35.16465],[133.58176,35.16507],[133.58252,35.16601],[133.58218,35.16739],[133.58237,35.16875],[133.58288,35.16934],[133.58283,35.172],[133.58238,35.1727],[133.58211,35.17347],[133.58296,35.17478],[133.58445,35.17545],[133.58687,35.17531],[133.58828,35.17573],[133.58796,35.17658],[133.58751,35.17757],[133.58828,35.1787],[133.58825,35.17936],[133.58811,35.1798],[133.58843,35.18073],[133.58914,35.18105],[133.58906,35.18148],[133.58891,35.18207],[133.58848,35.18271],[133.58869,35.18382],[133.58906,35.1844],[133.59085,35.18491],[133.59122,35.18559],[133.59185,35.18598],[133.59199,35.18621],[133.59257,35.18678],[133.59329,35.18706],[133.59408,35.18671],[133.59458,35.18666],[133.59539,35.18609],[133.59568,35.1859],[133.59589,35.18542],[133.59653,35.18525],[133.59798,35.18625],[133.59874,35.18634],[133.59967,35.18632],[133.60035,35.186],[133.60066,35.18561],[133.60098,35.18527],[133.60205,35.18543],[133.60286,35.18591],[133.60319,35.18602],[133.60535,35.1853],[133.6062,35.18535],[133.60648,35.18586],[133.60676,35.18621],[133.60697,35.18695],[133.60696,35.18735],[133.60622,35.18822],[133.60586,35.18919],[133.60558,35.18977],[133.60744,35.19047],[133.60824,35.19106],[133.60864,35.19138],[133.60939,35.19272],[133.60919,35.19395],[133.60856,35.19458],[133.60803,35.19497],[133.60799,35.19701],[133.6076,35.19796],[133.60742,35.19884],[133.60678,35.19904],[133.60704,35.20032],[133.607,35.20082],[133.60676,35.20184],[133.6067,35.2026],[133.60713,35.20305],[133.60689,35.20417],[133.60655,35.2044],[133.60634,35.20581],[133.60575,35.20582],[133.60473,35.20688],[133.60406,35.20754],[133.60418,35.20812],[133.60255,35.20938],[133.60197,35.21013],[133.6003,35.21196],[133.59945,35.21295],[133.59931,35.21353],[133.59845,35.21378],[133.59748,35.21436],[133.59697,35.21494],[133.59655,35.21599],[133.59687,35.21611],[133.59719,35.2166],[133.59694,35.21794],[133.5972,35.21817],[133.59797,35.2186],[133.59804,35.21952],[133.59837,35.22089],[133.59882,35.22142],[133.59924,35.22185],[133.59936,35.22257],[133.59933,35.22299],[133.59906,35.22399],[133.59973,35.22492],[133.59966,35.22527],[133.59852,35.22666],[133.59671,35.2283],[133.59595,35.22967],[133.59544,35.231],[133.5942,35.23159],[133.59252,35.23341],[133.59275,35.23482],[133.59242,35.23556],[133.59314,35.23665],[133.5934,35.2378],[133.59462,35.2397],[133.59664,35.24099],[133.59445,35.24374],[133.59369,35.24429],[133.59292,35.24403],[133.59124,35.24478],[133.59018,35.24492],[133.58921,35.2445],[133.58841,35.24467],[133.58734,35.24607],[133.58583,35.24655],[133.58508,35.24636],[133.58336,35.24639],[133.58217,35.24666],[133.58056,35.24757],[133.57953,35.24866],[133.57848,35.24991],[133.57705,35.25031],[133.57605,35.25097],[133.57578,35.25223],[133.5739,35.25268],[133.57305,35.25333],[133.57221,35.25325],[133.57106,35.25374],[133.56982,35.25353],[133.56885,35.25389],[133.56748,35.25467],[133.56641,35.25551],[133.56418,35.25506],[133.56254,35.25453],[133.56227,35.25392],[133.56233,35.25186],[133.56173,35.25009],[133.56174,35.24848],[133.56063,35.2466],[133.55796,35.24584],[133.55715,35.24517],[133.55707,35.24404],[133.55622,35.24272],[133.55545,35.24242],[133.55473,35.24179],[133.54983,35.24273],[133.54843,35.24379],[133.54692,35.24344],[133.54545,35.24358],[133.54409,35.24325],[133.54293,35.24258],[133.54141,35.24218],[133.5408,35.24179],[133.54055,35.24119],[133.53924,35.24101],[133.5389,35.24065],[133.53882,35.23948],[133.53851,35.23869],[133.53694,35.23787],[133.53673,35.23748],[133.53525,35.23673],[133.53354,35.23691],[133.53258,35.23677],[133.52946,35.23678],[133.52827,35.23656],[133.52722,35.23771],[133.52605,35.23941],[133.52524,35.23949],[133.52317,35.23935],[133.52077,35.24018],[133.51814,35.24073],[133.51697,35.24068],[133.5154,35.23907],[133.51466,35.23556],[133.51279,35.23448],[133.51203,35.23445],[133.51059,35.23382],[133.50914,35.23375],[133.50815,35.23327],[133.5077,35.23233],[133.50778,35.23133],[133.50688,35.23024],[133.50662,35.22956],[133.50541,35.22802],[133.50579,35.22734],[133.50664,35.2268],[133.50677,35.22567],[133.50779,35.22439],[133.50867,35.22417],[133.51085,35.22215],[133.51118,35.22155],[133.51201,35.22106],[133.51321,35.22077],[133.51528,35.22063],[133.51598,35.21977],[133.51617,35.21909],[133.51734,35.21755],[133.51762,35.21684],[133.51878,35.21613],[133.51889,35.21579],[133.51832,35.21415],[133.51999,35.21281],[133.52032,35.21165],[133.52148,35.21067],[133.52153,35.20946],[133.52239,35.20842],[133.52235,35.20796],[133.52103,35.20664],[133.52061,35.20585],[133.52113,35.20534],[133.52116,35.20463],[133.52202,35.20256],[133.52216,35.20181],[133.52288,35.20113],[133.52279,35.2005],[133.52332,35.19944],[133.5228,35.19864],[133.52348,35.19736],[133.52308,35.19654],[133.52392,35.19549],[133.52556,35.19395],[133.5261,35.19424],[133.52684,35.19396],[133.52686,35.19353],[133.52603,35.19295],[133.52633,35.19116],[133.52611,35.19058],[133.52689,35.18999],[133.52739,35.18874],[133.52854,35.18802],[133.52919,35.18712],[133.52907,35.18677],[133.52786,35.18633],[133.52729,35.18583],[133.52717,35.18465],[133.52636,35.18405],[133.5261,35.18291],[133.52604,35.18192],[133.52664,35.18096],[133.52664,35.17971],[133.52723,35.17917],[133.52896,35.17846],[133.52957,35.17744],[133.53064,35.17719],[133.5325,35.17651],[133.53439,35.17664],[133.53554,35.17614],[133.53577,35.17538],[133.53445,35.17399],[133.5347,35.17331],[133.53427,35.17255],[133.53458,35.1716],[133.53436,35.17087],[133.53508,35.17059],[133.53749,35.17097],[133.53798,35.17084],[133.53838,35.17013],[133.53939,35.16948],[133.53959,35.16848],[133.5402,35.16814],[133.54132,35.16807],[133.5412,35.16603],[133.54089,35.16519],[133.54142,35.16384],[133.54133,35.16323],[133.54068,35.16257],[133.54081,35.16207],[133.54004,35.16179],[133.53911,35.16101],[133.538,35.15956],[133.53743,35.15905],[133.53651,35.15879],[133.53575,35.1578],[133.53584,35.15656],[133.53669,35.15589],[133.53739,35.15387],[133.53739,35.15233],[133.53829,35.15151],[133.53899,35.15135],[133.54335,35.15166],[133.54469,35.15132],[133.54527,35.15161],[133.54596,35.15106],[133.54825,35.15069],[133.54999,35.15114],[133.55255,35.1511],[133.55402,35.15164],[133.55534,35.15088],[133.55532,35.15013],[133.55676,35.14874],[133.56006,35.14873],[133.56146,35.14783],[133.56282,35.14803],[133.56391,35.14917],[133.56795,35.14945],[133.56807,35.14897],[133.5692,35.14889],[133.57105,35.14899],[133.57147,35.14899],[133.57329,35.14928],[133.57534,35.15017],[133.57672,35.15044],[133.57743,35.15108],[133.57753,35.15155],[133.57858,35.15206],[133.58025,35.15253],[133.58095,35.1532],[133.58199,35.15377],[133.58245,35.15438],[133.58403,35.15506],[133.58427,35.15549],[133.58508,35.15602],[133.58552,35.15629],[133.58608,35.15727],[133.58668,35.15748],[133.58635,35.15868],[133.58592,35.15977],[133.58606,35.15977]]]}},{"type":"Feature","properties":{"nm":"鏡野町","b":[133.7662,35.0622,134.0301,35.3528],"c":[133.90884,35.20609]},"geometry":{"type":"Polygon","coordinates":[[[133.94402,35.07097],[133.94363,35.07232],[133.94373,35.07322],[133.94434,35.07375],[133.94285,35.07625],[133.94316,35.07796],[133.94519,35.07799],[133.94514,35.08184],[133.94414,35.08182],[133.94411,35.08306],[133.9437,35.08405],[133.94275,35.08406],[133.94357,35.08424],[133.94333,35.08449],[133.94326,35.08479],[133.94435,35.0856],[133.94463,35.08575],[133.94537,35.08587],[133.94578,35.08603],[133.94612,35.08603],[133.94622,35.08616],[133.94624,35.08625],[133.94612,35.08657],[133.94585,35.08692],[133.94566,35.08712],[133.94582,35.08737],[133.94597,35.08752],[133.9465,35.08759],[133.94705,35.08761],[133.94742,35.08768],[133.94793,35.08761],[133.94811,35.08814],[133.94858,35.08797],[133.9489,35.08807],[133.94888,35.08833],[133.94837,35.08885],[133.94864,35.08934],[133.94903,35.0895],[133.94902,35.08964],[133.94906,35.08999],[133.94896,35.09015],[133.94901,35.09079],[133.94914,35.09085],[133.94934,35.09098],[133.94941,35.09127],[133.94919,35.09173],[133.94887,35.09194],[133.94884,35.09208],[133.94888,35.09242],[133.94898,35.09261],[133.94968,35.09302],[133.94982,35.09328],[133.95,35.0936],[133.95011,35.09369],[133.94945,35.09374],[133.95036,35.09383],[133.95015,35.09454],[133.95081,35.09511],[133.95277,35.09465],[133.95431,35.09516],[133.95448,35.09608],[133.95501,35.09692],[133.95576,35.09728],[133.95569,35.09789],[133.95624,35.09865],[133.95638,35.09905],[133.95595,35.10008],[133.95569,35.10047],[133.95533,35.10198],[133.9556,35.10225],[133.95595,35.10306],[133.95679,35.10314],[133.95733,35.10426],[133.95811,35.10462],[133.95868,35.1057],[133.95984,35.10621],[133.96097,35.10618],[133.96163,35.10583],[133.9634,35.10596],[133.96357,35.1058],[133.96512,35.10601],[133.96552,35.1068],[133.96554,35.10772],[133.96618,35.10846],[133.96604,35.10937],[133.96445,35.11027],[133.96458,35.11098],[133.96434,35.11172],[133.96478,35.11198],[133.96434,35.1127],[133.96343,35.1132],[133.96375,35.11401],[133.96417,35.11397],[133.96381,35.11475],[133.96364,35.11533],[133.96305,35.11573],[133.96324,35.11669],[133.96372,35.11759],[133.96381,35.11808],[133.96462,35.11854],[133.9647,35.11884],[133.96512,35.11995],[133.96544,35.12168],[133.9662,35.12242],[133.96661,35.12264],[133.96715,35.12287],[133.96746,35.12304],[133.9678,35.12331],[133.96808,35.12368],[133.96822,35.12409],[133.96829,35.12456],[133.96839,35.12481],[133.96889,35.12559],[133.96894,35.12624],[133.96837,35.12648],[133.96894,35.1264],[133.96891,35.12724],[133.96885,35.12818],[133.96893,35.12882],[133.96917,35.12919],[133.96916,35.12941],[133.96895,35.12982],[133.96864,35.13059],[133.9687,35.13166],[133.96846,35.13233],[133.96916,35.13358],[133.96916,35.13387],[133.96933,35.13431],[133.96941,35.13451],[133.96977,35.13471],[133.96982,35.13478],[133.97001,35.13515],[133.97007,35.13534],[133.97009,35.13559],[133.97039,35.13593],[133.96976,35.13629],[133.96947,35.13654],[133.96939,35.13671],[133.96978,35.13711],[133.96998,35.1375],[133.97069,35.1382],[133.97062,35.13849],[133.97081,35.13935],[133.97108,35.14005],[133.97113,35.14027],[133.9712,35.14043],[133.97171,35.14053],[133.97208,35.14086],[133.97259,35.1412],[133.97327,35.14155],[133.97357,35.14162],[133.97422,35.14185],[133.97442,35.14226],[133.97462,35.14271],[133.97498,35.14326],[133.97512,35.14379],[133.97455,35.14491],[133.97429,35.14559],[133.9744,35.14602],[133.97475,35.14619],[133.97504,35.14643],[133.97493,35.14661],[133.97476,35.14723],[133.97449,35.14799],[133.97483,35.14895],[133.97476,35.14986],[133.97412,35.15046],[133.97416,35.15074],[133.97477,35.152],[133.97537,35.1526],[133.97586,35.15514],[133.97675,35.15584],[133.97703,35.15645],[133.97784,35.15678],[133.97757,35.15791],[133.97791,35.15903],[133.97859,35.15903],[133.97951,35.15939],[133.98028,35.16055],[133.98011,35.16187],[133.9805,35.16149],[133.98201,35.1618],[133.98357,35.16113],[133.98418,35.1611],[133.98456,35.16225],[133.98527,35.16236],[133.9861,35.16302],[133.98664,35.16454],[133.98725,35.16567],[133.98737,35.16714],[133.98656,35.1679],[133.98666,35.16876],[133.98707,35.16939],[133.98723,35.1707],[133.9878,35.17092],[133.98849,35.17212],[133.98902,35.17214],[133.98967,35.17228],[133.98991,35.17245],[133.99052,35.17396],[133.99157,35.1752],[133.99168,35.17558],[133.99254,35.17612],[133.99323,35.17635],[133.9934,35.17677],[133.99371,35.17688],[133.99385,35.17686],[133.99421,35.17698],[133.99442,35.17705],[133.99536,35.1772],[133.99589,35.17807],[133.99597,35.17831],[133.99588,35.1785],[133.99565,35.1789],[133.99564,35.18005],[133.9955,35.18047],[133.99552,35.18066],[133.99595,35.18157],[133.99609,35.18184],[133.99608,35.18196],[133.99597,35.18226],[133.99562,35.18266],[133.99557,35.18295],[133.99564,35.18311],[133.99579,35.18383],[133.99585,35.18434],[133.99598,35.18461],[133.99673,35.18531],[133.99709,35.1856],[133.99712,35.18685],[133.99715,35.18758],[133.99741,35.1884],[133.9976,35.18859],[133.99784,35.18913],[133.99778,35.19039],[133.99783,35.19051],[133.99799,35.19067],[133.9981,35.19072],[133.99848,35.19085],[133.99904,35.19138],[133.99917,35.19155],[133.99943,35.19172],[133.99956,35.19184],[133.99963,35.19205],[133.99967,35.19246],[133.99979,35.19341],[133.99956,35.19391],[133.99918,35.19413],[133.9989,35.19425],[133.99843,35.19465],[133.99798,35.19513],[133.99827,35.19553],[133.99863,35.19624],[133.99871,35.19675],[133.99889,35.19716],[133.99931,35.19751],[133.9996,35.19776],[134.00011,35.19832],[134.00022,35.1985],[133.99996,35.1988],[133.99993,35.19885],[134.00002,35.19944],[133.99969,35.20013],[133.99912,35.20045],[133.99866,35.20082],[133.99842,35.2012],[133.99812,35.20145],[133.99815,35.20173],[133.99831,35.20204],[133.99883,35.20258],[133.99883,35.20297],[133.99848,35.20352],[133.99776,35.20494],[133.99788,35.2058],[133.99784,35.20635],[133.99762,35.20674],[133.99768,35.2072],[133.99758,35.20748],[133.99728,35.20771],[133.99715,35.20786],[133.99714,35.20824],[133.99721,35.20879],[133.99742,35.20902],[133.99742,35.20914],[133.99733,35.20922],[133.99693,35.20948],[133.99682,35.20964],[133.99659,35.21032],[133.99661,35.21038],[133.99678,35.21064],[133.99685,35.21097],[133.99735,35.21151],[133.99745,35.21206],[133.99768,35.21273],[133.99802,35.21293],[133.9982,35.21305],[133.99827,35.21323],[133.99817,35.2135],[133.99788,35.21376],[133.99774,35.21412],[133.99811,35.2143],[133.99834,35.21481],[133.99818,35.21519],[133.99744,35.21588],[133.99735,35.21607],[133.99705,35.21643],[133.99695,35.21664],[133.99676,35.2175],[133.99669,35.21779],[133.9966,35.21816],[133.9969,35.21912],[133.99742,35.21936],[133.998,35.21983],[133.99806,35.22041],[133.9985,35.22139],[133.99881,35.22212],[133.99947,35.2228],[134.00042,35.22321],[134.00084,35.22341],[134.0012,35.22443],[134.00128,35.22511],[134.00213,35.22509],[134.00231,35.22509],[134.00277,35.2252],[134.00335,35.22598],[134.00358,35.22613],[134.00385,35.22619],[134.00416,35.22619],[134.0043,35.22623],[134.00554,35.22678],[134.00567,35.22681],[134.00609,35.22721],[134.00618,35.2277],[134.00652,35.22821],[134.00672,35.22851],[134.00749,35.22891],[134.00856,35.22963],[134.00906,35.22971],[134.00989,35.22971],[134.01013,35.22973],[134.01057,35.23],[134.01149,35.23068],[134.01221,35.23098],[134.01234,35.23108],[134.0125,35.23137],[134.01245,35.23153],[134.01223,35.23171],[134.01192,35.23188],[134.01077,35.23342],[134.01003,35.2338],[134.0086,35.23477],[134.00832,35.23544],[134.00799,35.23603],[134.00775,35.23622],[134.00684,35.23671],[134.00663,35.23706],[134.00632,35.23818],[134.0057,35.23893],[134.00427,35.24027],[134.00426,35.24141],[134.00576,35.24425],[134.00585,35.24491],[134.0053,35.24572],[134.00433,35.24662],[134.00413,35.24713],[134.00346,35.24768],[134.00173,35.24857],[134.00134,35.24907],[134.0013,35.24995],[134.00127,35.25099],[134.00118,35.25209],[134.00046,35.25284],[134.00025,35.2532],[133.99994,35.25496],[133.99997,35.256],[134.00025,35.25627],[134.00428,35.25642],[134.00478,35.25652],[134.00517,35.25717],[134.00511,35.2578],[134.00619,35.25812],[134.00627,35.25848],[134.00608,35.25911],[134.00624,35.25954],[134.00652,35.25967],[134.00788,35.25989],[134.00851,35.26179],[134.0089,35.26222],[134.00899,35.26294],[134.00926,35.26355],[134.00982,35.26394],[134.01178,35.265],[134.01295,35.26566],[134.01495,35.26579],[134.0168,35.26679],[134.01822,35.26792],[134.01938,35.26915],[134.02016,35.27162],[134.02014,35.27195],[134.02007,35.27258],[134.02057,35.27293],[134.02193,35.27412],[134.02184,35.2757],[134.02193,35.27602],[134.02224,35.27645],[134.02181,35.27816],[134.02185,35.27887],[134.02109,35.28021],[134.02088,35.2806],[134.02054,35.28207],[134.02018,35.28228],[134.01996,35.28238],[134.01803,35.28349],[134.01752,35.28441],[134.01789,35.28505],[134.01801,35.28545],[134.01831,35.2864],[134.01874,35.28701],[134.01869,35.28754],[134.01857,35.28799],[134.01862,35.28883],[134.01874,35.28951],[134.01898,35.29017],[134.01927,35.29056],[134.01899,35.29135],[134.01943,35.29166],[134.02009,35.2915],[134.02078,35.29193],[134.02103,35.29227],[134.0212,35.29285],[134.02147,35.29352],[134.02281,35.2937],[134.02326,35.29397],[134.02344,35.29412],[134.02339,35.29466],[134.0234,35.29497],[134.02409,35.29586],[134.0252,35.29622],[134.02548,35.29651],[134.0256,35.29763],[134.02625,35.2991],[134.02638,35.29958],[134.02645,35.29972],[134.02814,35.30229],[134.02855,35.30316],[134.02873,35.30361],[134.0299,35.30473],[134.0301,35.30545],[134.02963,35.30727],[134.02818,35.30781],[134.02706,35.30744],[134.02521,35.30747],[134.0239,35.3068],[134.0231,35.30603],[134.02131,35.30548],[134.01997,35.30596],[134.01848,35.30563],[134.01692,35.30583],[134.01619,35.30658],[134.01485,35.30706],[134.01252,35.30675],[134.00962,35.30759],[134.00823,35.30817],[134.00743,35.30912],[134.00466,35.31034],[134.00352,35.31144],[134.00364,35.31279],[134.00161,35.31315],[133.99999,35.31424],[133.99955,35.31473],[134.00086,35.31664],[134.00134,35.31762],[134.00084,35.31883],[134.00094,35.31953],[134.00148,35.32026],[134.00374,35.3222],[134.00448,35.32356],[134.00474,35.32443],[134.00429,35.32522],[134.00684,35.32721],[134.00829,35.32738],[134.00952,35.32841],[134.00989,35.32929],[134.01046,35.32961],[134.0119,35.32985],[134.01294,35.33118],[134.01361,35.33238],[134.0154,35.3338],[134.01563,35.3345],[134.01469,35.33573],[134.01249,35.33663],[134.01175,35.33728],[134.01081,35.33849],[134.01078,35.3401],[134.01197,35.34154],[134.01292,35.34243],[134.01314,35.34303],[134.01419,35.34388],[134.01518,35.34505],[134.01595,35.34642],[134.01553,35.34749],[134.01581,35.34851],[134.01477,35.35016],[134.01288,35.34947],[134.01059,35.34933],[134.00905,35.35001],[134.00824,35.35122],[134.00785,35.35136],[134.00594,35.35103],[134.00425,35.35097],[134.00176,35.35135],[133.99977,35.35266],[133.99784,35.35279],[133.99573,35.35219],[133.99508,35.35165],[133.99377,35.35016],[133.99249,35.34817],[133.99186,35.34812],[133.99006,35.34855],[133.98943,35.34845],[133.98748,35.34747],[133.98692,35.34693],[133.98426,35.34641],[133.9828,35.34572],[133.9815,35.34486],[133.97998,35.34362],[133.97953,35.3435],[133.97809,35.34409],[133.97591,35.34574],[133.97448,35.34574],[133.97234,35.34616],[133.97107,35.34749],[133.97024,35.34802],[133.96941,35.34797],[133.96776,35.34693],[133.96607,35.34635],[133.96457,35.34662],[133.96309,35.3452],[133.96226,35.34403],[133.96103,35.3439],[133.96005,35.34408],[133.95923,35.34395],[133.95826,35.34308],[133.95557,35.34168],[133.95407,35.34031],[133.95378,35.33983],[133.95391,35.33835],[133.95182,35.33715],[133.95058,35.3361],[133.94951,35.33546],[133.94775,35.33402],[133.94623,35.33303],[133.94521,35.33265],[133.94408,35.33295],[133.94252,35.33404],[133.94066,35.33441],[133.93846,35.33379],[133.93785,35.33406],[133.93746,35.33546],[133.93604,35.33568],[133.93409,35.33514],[133.93168,35.33351],[133.9299,35.3303],[133.92965,35.32804],[133.92927,35.32672],[133.92889,35.3262],[133.92796,35.32419],[133.92793,35.32185],[133.93128,35.3191],[133.93175,35.31839],[133.93203,35.3168],[133.93129,35.31461],[133.92925,35.31196],[133.9283,35.31148],[133.92823,35.31066],[133.92643,35.31048],[133.92604,35.30995],[133.92667,35.3091],[133.92643,35.30824],[133.92536,35.30781],[133.92539,35.30719],[133.92498,35.30682],[133.92084,35.30661],[133.91988,35.30682],[133.91949,35.30723],[133.91817,35.3076],[133.91739,35.30757],[133.91662,35.30721],[133.90896,35.30697],[133.90762,35.307],[133.9069,35.30666],[133.90677,35.30513],[133.90635,35.30488],[133.90485,35.30473],[133.90363,35.30413],[133.90197,35.30381],[133.89992,35.30425],[133.89813,35.30427],[133.8975,35.30373],[133.89678,35.30181],[133.89645,35.30147],[133.89466,35.30082],[133.89406,35.30029],[133.89248,35.29986],[133.89089,35.2986],[133.88876,35.29773],[133.88793,35.29654],[133.88793,35.29535],[133.88702,35.29476],[133.886,35.29446],[133.88529,35.2947],[133.88467,35.29593],[133.88403,35.29567],[133.8835,35.29488],[133.88259,35.29437],[133.88117,35.294],[133.88027,35.29401],[133.87962,35.29456],[133.8774,35.29518],[133.87645,35.29525],[133.87425,35.29481],[133.87358,35.29442],[133.8736,35.29356],[133.87282,35.29313],[133.87173,35.29331],[133.8702,35.29251],[133.86916,35.29303],[133.86567,35.29316],[133.86315,35.29301],[133.86231,35.29278],[133.86174,35.29221],[133.86133,35.29013],[133.86072,35.2877],[133.86104,35.28677],[133.86147,35.28634],[133.86287,35.28628],[133.86511,35.28575],[133.86634,35.28492],[133.8661,35.28342],[133.86533,35.28347],[133.86398,35.2829],[133.86414,35.28138],[133.8644,35.28094],[133.86528,35.28047],[133.86536,35.27974],[133.86409,35.27777],[133.86365,35.27684],[133.86493,35.27394],[133.86598,35.27275],[133.86591,35.27211],[133.86486,35.27206],[133.86327,35.27132],[133.86241,35.27115],[133.86021,35.27004],[133.8578,35.26836],[133.85547,35.26819],[133.85508,35.26741],[133.85351,35.26652],[133.85308,35.26589],[133.85293,35.2647],[133.8523,35.26259],[133.85145,35.2614],[133.85051,35.26086],[133.84946,35.26054],[133.84904,35.25928],[133.84804,35.25833],[133.8476,35.25709],[133.84672,35.25667],[133.8458,35.25582],[133.84518,35.25467],[133.84397,35.25398],[133.84382,35.25284],[133.84495,35.25159],[133.8444,35.25034],[133.84456,35.24963],[133.84356,35.24946],[133.84157,35.24956],[133.84086,35.25037],[133.83954,35.25117],[133.83745,35.25102],[133.83594,35.2503],[133.83519,35.25011],[133.83396,35.24926],[133.83154,35.24886],[133.82986,35.24916],[133.82836,35.24977],[133.82656,35.24976],[133.8257,35.25008],[133.82469,35.25015],[133.82365,35.25055],[133.82254,35.25063],[133.82034,35.25193],[133.81929,35.25215],[133.81802,35.25275],[133.81757,35.252],[133.81791,35.2509],[133.81803,35.24948],[133.8195,35.24775],[133.82046,35.24726],[133.82059,35.24595],[133.82027,35.24476],[133.8205,35.24418],[133.82028,35.24294],[133.82036,35.24219],[133.819,35.24072],[133.81851,35.23999],[133.819,35.23829],[133.8177,35.2366],[133.81765,35.23548],[133.81655,35.2343],[133.81543,35.2337],[133.81497,35.23208],[133.8142,35.23098],[133.81216,35.23052],[133.81138,35.23007],[133.81091,35.22931],[133.81038,35.22918],[133.81059,35.22777],[133.81223,35.22548],[133.81256,35.22463],[133.81466,35.22276],[133.81509,35.22192],[133.81546,35.22056],[133.81649,35.21924],[133.8165,35.21861],[133.8162,35.21819],[133.81464,35.21749],[133.81295,35.21871],[133.81199,35.21914],[133.80817,35.21979],[133.80683,35.2183],[133.80579,35.21682],[133.80456,35.21596],[133.80268,35.21523],[133.80212,35.21468],[133.80071,35.21474],[133.79973,35.21445],[133.79742,35.2156],[133.79447,35.2169],[133.79285,35.21744],[133.79165,35.21748],[133.79,35.21793],[133.78763,35.21884],[133.78662,35.21995],[133.78575,35.22034],[133.78345,35.2207],[133.78091,35.22202],[133.77967,35.22248],[133.7785,35.22265],[133.77793,35.22074],[133.77842,35.2195],[133.779,35.21668],[133.78083,35.215],[133.78136,35.21358],[133.78123,35.21288],[133.77967,35.21163],[133.77917,35.21078],[133.77732,35.20902],[133.77662,35.20773],[133.77498,35.20666],[133.77279,35.20609],[133.77235,35.20555],[133.77282,35.20357],[133.77269,35.20235],[133.77309,35.20172],[133.77498,35.2013],[133.77612,35.20076],[133.77684,35.2001],[133.7772,35.19847],[133.77817,35.19766],[133.77851,35.19611],[133.77907,35.19458],[133.77907,35.19333],[133.78084,35.19023],[133.77978,35.1896],[133.77872,35.18855],[133.77867,35.18784],[133.77794,35.18595],[133.77846,35.18485],[133.77868,35.18266],[133.77811,35.18149],[133.77712,35.18063],[133.77745,35.18014],[133.77752,35.17801],[133.778,35.17726],[133.77911,35.17633],[133.77831,35.17521],[133.77704,35.17418],[133.77625,35.17325],[133.77442,35.17319],[133.77308,35.17277],[133.77273,35.17222],[133.77134,35.17184],[133.77056,35.17092],[133.77066,35.1691],[133.77093,35.16829],[133.7717,35.16764],[133.77207,35.1669],[133.7715,35.16568],[133.77139,35.16479],[133.77154,35.16428],[133.77039,35.16272],[133.76913,35.1618],[133.76893,35.16131],[133.76618,35.15946],[133.76633,35.15814],[133.76689,35.15738],[133.76782,35.15671],[133.76827,35.15716],[133.76932,35.15612],[133.77039,35.15566],[133.77208,35.15591],[133.77395,35.15599],[133.7754,35.15569],[133.77605,35.15503],[133.77731,35.15435],[133.78013,35.1536],[133.78103,35.15294],[133.78205,35.15144],[133.78208,35.15044],[133.78169,35.14984],[133.78208,35.14815],[133.78249,35.1476],[133.78378,35.14723],[133.78419,35.14618],[133.78515,35.14541],[133.78658,35.14507],[133.78673,35.14303],[133.78827,35.14258],[133.78884,35.14289],[133.7895,35.14246],[133.78893,35.14197],[133.7894,35.14143],[133.79016,35.14132],[133.79172,35.14072],[133.79157,35.13925],[133.79229,35.13844],[133.7933,35.1373],[133.79499,35.13655],[133.79523,35.13595],[133.79455,35.13578],[133.79451,35.13531],[133.7966,35.13562],[133.7975,35.13559],[133.79761,35.1345],[133.79792,35.13398],[133.7989,35.1334],[133.80203,35.13205],[133.8025,35.13168],[133.80521,35.13189],[133.80571,35.13175],[133.80612,35.13086],[133.80664,35.13076],[133.80835,35.13132],[133.80983,35.13086],[133.81071,35.13106],[133.81128,35.13182],[133.81326,35.13231],[133.8139,35.1328],[133.81454,35.13257],[133.81657,35.13235],[133.81712,35.13128],[133.81866,35.12933],[133.82056,35.12909],[133.82142,35.12752],[133.8221,35.12734],[133.82314,35.12751],[133.82425,35.12717],[133.82589,35.12807],[133.82785,35.12843],[133.8283,35.12835],[133.82842,35.12765],[133.82964,35.12794],[133.82942,35.12734],[133.83084,35.12711],[133.83378,35.12809],[133.83368,35.12645],[133.8334,35.12542],[133.83235,35.12391],[133.8323,35.12315],[133.83324,35.12307],[133.83392,35.1219],[133.83458,35.12116],[133.83591,35.12066],[133.83637,35.11943],[133.8372,35.11957],[133.83721,35.11857],[133.84007,35.11911],[133.84217,35.11767],[133.84298,35.11677],[133.84425,35.11677],[133.84396,35.11529],[133.84488,35.11448],[133.84469,35.11332],[133.84425,35.11271],[133.84377,35.11121],[133.84463,35.11021],[133.84457,35.10904],[133.84397,35.10803],[133.84297,35.10704],[133.84288,35.10622],[133.84341,35.10509],[133.84358,35.10419],[133.84406,35.10336],[133.84506,35.10236],[133.84556,35.10157],[133.84563,35.10185],[133.8465,35.10247],[133.84688,35.10246],[133.84804,35.10282],[133.84898,35.10325],[133.84973,35.10321],[133.85072,35.10299],[133.85205,35.10326],[133.85297,35.10392],[133.85526,35.10514],[133.85596,35.10544],[133.85671,35.10542],[133.85718,35.10528],[133.85814,35.10506],[133.85892,35.1053],[133.85944,35.10531],[133.86033,35.10495],[133.86093,35.10434],[133.86132,35.1042],[133.86269,35.10363],[133.86349,35.10358],[133.86363,35.10342],[133.86405,35.10257],[133.86464,35.10269],[133.86532,35.1029],[133.86569,35.10239],[133.86644,35.10203],[133.8671,35.10218],[133.8674,35.10214],[133.86793,35.10177],[133.86785,35.1014],[133.86805,35.10034],[133.86803,35.09978],[133.86799,35.09884],[133.86835,35.09884],[133.8693,35.09833],[133.87019,35.09771],[133.87036,35.09675],[133.8703,35.09614],[133.871,35.09523],[133.87167,35.09315],[133.87239,35.09226],[133.87341,35.09164],[133.87382,35.09143],[133.8746,35.09052],[133.8745,35.09024],[133.874,35.08963],[133.87418,35.0891],[133.87432,35.08829],[133.87394,35.08698],[133.8736,35.08646],[133.87349,35.08575],[133.87405,35.0855],[133.87475,35.08544],[133.87611,35.08523],[133.87677,35.08487],[133.8773,35.08426],[133.87821,35.08389],[133.87893,35.08363],[133.87944,35.08292],[133.87932,35.08224],[133.87939,35.08196],[133.87977,35.08147],[133.88,35.08111],[133.88072,35.08056],[133.88247,35.08074],[133.88324,35.08033],[133.88438,35.08021],[133.8854,35.08036],[133.88592,35.08055],[133.88654,35.08031],[133.88739,35.08081],[133.88789,35.08034],[133.88868,35.08052],[133.88905,35.08086],[133.8897,35.08114],[133.89138,35.08087],[133.89178,35.08052],[133.89223,35.08049],[133.8933,35.08023],[133.89383,35.08001],[133.89508,35.07974],[133.89567,35.07981],[133.89622,35.0796],[133.89649,35.07908],[133.89714,35.07798],[133.89789,35.07729],[133.89843,35.07727],[133.89875,35.07719],[133.89906,35.07697],[133.89957,35.07667],[133.89992,35.07665],[133.90098,35.07713],[133.90066,35.07694],[133.90173,35.0761],[133.90188,35.0751],[133.90244,35.0747],[133.90419,35.0745],[133.90466,35.07474],[133.90539,35.07387],[133.90589,35.07331],[133.90599,35.0728],[133.90642,35.07221],[133.90758,35.07214],[133.90793,35.07148],[133.90863,35.07075],[133.90992,35.07059],[133.91069,35.07058],[133.91107,35.06966],[133.91193,35.06889],[133.91249,35.06785],[133.91367,35.06676],[133.91458,35.06679],[133.9154,35.06726],[133.91627,35.06645],[133.91742,35.066],[133.91751,35.06574],[133.91695,35.06433],[133.91752,35.06371],[133.91888,35.06327],[133.92048,35.06374],[133.92151,35.06297],[133.9221,35.06287],[133.92334,35.06335],[133.9251,35.06277],[133.92548,35.06225],[133.92635,35.06335],[133.92868,35.0633],[133.92942,35.06358],[133.92988,35.06364],[133.93065,35.06344],[133.93133,35.06344],[133.93265,35.06424],[133.93366,35.0632],[133.93381,35.06217],[133.93483,35.06272],[133.93588,35.06235],[133.93614,35.06351],[133.93735,35.06289],[133.93752,35.06312],[133.9374,35.0651],[133.93765,35.06592],[133.9395,35.06607],[133.93974,35.06632],[133.93977,35.06903],[133.94142,35.06921],[133.9417,35.06998],[133.9422,35.0701],[133.94257,35.0702],[133.94281,35.07094],[133.94402,35.07097]],[[133.91223,35.08638],[133.91153,35.08694],[133.91119,35.08734],[133.91223,35.08638]],[[133.91192,35.09547],[133.91205,35.09614],[133.91204,35.09589],[133.91192,35.09547]],[[133.92407,35.09708],[133.92408,35.09681],[133.92411,35.09381],[133.92407,35.09708]],[[133.94177,35.08851],[133.94176,35.0903],[133.94179,35.08721],[133.94177,35.08851]],[[133.94251,35.12116],[133.94288,35.12203],[133.94319,35.12266],[133.94251,35.12116]],[[133.94529,35.0942],[133.94636,35.0942],[133.94377,35.09418],[133.94529,35.0942]],[[133.92267,35.11804],[133.92287,35.11862],[133.92383,35.12105],[133.92267,35.11804]],[[133.91267,35.1113],[133.91096,35.11253],[133.9103,35.11301],[133.91157,35.11209],[133.91267,35.1113]],[[133.90511,35.10201],[133.90486,35.10206],[133.90461,35.10222],[133.90511,35.10201]],[[133.88331,35.18364],[133.88416,35.18097],[133.8834,35.18309],[133.88331,35.18364]],[[133.91316,35.16061],[133.91375,35.16091],[133.91364,35.1607],[133.91316,35.16061]],[[133.89218,35.16941],[133.89225,35.16991],[133.89255,35.16955],[133.89218,35.16941]],[[133.91319,35.17372],[133.91339,35.17359],[133.91348,35.17353],[133.91327,35.17366],[133.91319,35.17372]],[[133.8987,35.19576],[133.89943,35.19551],[133.89907,35.19558],[133.8987,35.19576]],[[133.88878,35.17217],[133.88837,35.17252],[133.88842,35.17248],[133.88878,35.17217]],[[133.8703,35.23242],[133.8702,35.23242],[133.86978,35.23318],[133.8703,35.23242]]]}},{"type":"Feature","properties":{"nm":"勝央町","b":[134.0762,35.0118,134.1848,35.1037],"c":[134.13016,35.05795]},"geometry":{"type":"MultiPolygon","coordinates":[[[[134.1032,35.01646],[134.10451,35.0153],[134.10537,35.01492],[134.1064,35.01476],[134.10734,35.01509],[134.10752,35.01612],[134.10986,35.01633],[134.1101,35.01541],[134.1104,35.01501],[134.11148,35.01558],[134.11231,35.0153],[134.11439,35.01568],[134.11493,35.01597],[134.11533,35.01637],[134.11647,35.01651],[134.11673,35.01646],[134.11786,35.01634],[134.11848,35.01697],[134.11906,35.0177],[134.1194,35.01793],[134.12,35.01799],[134.12049,35.01838],[134.12125,35.01892],[134.12152,35.01907],[134.12181,35.01921],[134.12328,35.01847],[134.12404,35.01791],[134.12499,35.0177],[134.12657,35.01786],[134.12733,35.01855],[134.12775,35.01875],[134.12819,35.01869],[134.12862,35.01847],[134.12872,35.01815],[134.12903,35.01792],[134.12988,35.01812],[134.13005,35.01827],[134.13038,35.01837],[134.13133,35.01918],[134.1318,35.01906],[134.13214,35.01882],[134.13257,35.01858],[134.13296,35.01896],[134.13341,35.01909],[134.13501,35.01939],[134.13721,35.01949],[134.13717,35.01938],[134.13717,35.01928],[134.13722,35.01918],[134.13759,35.01815],[134.13728,35.01772],[134.13818,35.018],[134.13888,35.01926],[134.13867,35.01951],[134.1387,35.02011],[134.13901,35.02054],[134.1404,35.02222],[134.1402,35.02287],[134.14006,35.02301],[134.13951,35.02371],[134.13955,35.02549],[134.13948,35.02643],[134.13983,35.02751],[134.13851,35.03042],[134.13845,35.03231],[134.13948,35.03391],[134.13902,35.03446],[134.13825,35.03455],[134.13672,35.03544],[134.13824,35.03728],[134.13857,35.038],[134.13788,35.03824],[134.13809,35.03892],[134.13872,35.03973],[134.13781,35.04234],[134.1367,35.0436],[134.13673,35.04496],[134.13528,35.04751],[134.13657,35.04797],[134.13696,35.04844],[134.13843,35.04886],[134.13892,35.04861],[134.14007,35.04873],[134.14125,35.04839],[134.1426,35.04788],[134.1446,35.0478],[134.1463,35.04843],[134.14787,35.04835],[134.14912,35.04867],[134.14932,35.04679],[134.14996,35.04696],[134.15115,35.04676],[134.15166,35.04635],[134.15265,35.04625],[134.15463,35.04678],[134.15503,35.04714],[134.15648,35.0474],[134.15729,35.04811],[134.15804,35.04829],[134.15939,35.04974],[134.16069,35.04849],[134.16147,35.04729],[134.16213,35.04621],[134.16352,35.04567],[134.16377,35.04524],[134.16458,35.04493],[134.1668,35.04506],[134.16756,35.0454],[134.16827,35.04485],[134.16885,35.04513],[134.16925,35.0446],[134.16978,35.04481],[134.17025,35.04441],[134.17116,35.04451],[134.17146,35.04493],[134.17179,35.04452],[134.17222,35.04486],[134.17251,35.04451],[134.17476,35.04456],[134.17628,35.04535],[134.17656,35.0465],[134.17759,35.04692],[134.1779,35.04902],[134.17868,35.04945],[134.1796,35.05032],[134.17949,35.05144],[134.18068,35.05277],[134.18071,35.05335],[134.17933,35.05374],[134.17891,35.05421],[134.17878,35.05528],[134.17897,35.05667],[134.17798,35.05707],[134.17813,35.05836],[134.17673,35.06001],[134.17661,35.06064],[134.17651,35.06194],[134.17693,35.06254],[134.17795,35.063],[134.17917,35.06297],[134.18071,35.06253],[134.18154,35.06285],[134.1825,35.06243],[134.18341,35.06263],[134.18435,35.06218],[134.18473,35.06266],[134.18482,35.06313],[134.18427,35.06409],[134.1838,35.06465],[134.18434,35.06593],[134.18381,35.06565],[134.18379,35.0662],[134.1829,35.06707],[134.18315,35.06767],[134.18191,35.06728],[134.18091,35.0675],[134.18025,35.06818],[134.17817,35.06869],[134.17795,35.06952],[134.17868,35.07018],[134.17849,35.07114],[134.17734,35.07066],[134.17666,35.07092],[134.17663,35.07161],[134.17654,35.07218],[134.17732,35.07278],[134.17686,35.0731],[134.17654,35.07386],[134.1765,35.07387],[134.17599,35.07376],[134.17465,35.0745],[134.1729,35.07504],[134.17249,35.07539],[134.17016,35.0767],[134.17061,35.07848],[134.17136,35.07962],[134.1723,35.08037],[134.17239,35.08118],[134.17164,35.08143],[134.17128,35.08276],[134.17319,35.08458],[134.1722,35.08521],[134.17328,35.0862],[134.17353,35.08667],[134.17332,35.08814],[134.17413,35.08867],[134.17431,35.08977],[134.17519,35.09015],[134.17572,35.09143],[134.17636,35.09213],[134.17348,35.09264],[134.17312,35.09242],[134.17179,35.09244],[134.17023,35.09324],[134.16924,35.0935],[134.16805,35.0941],[134.168,35.09412],[134.16658,35.09464],[134.1649,35.09455],[134.16363,35.09527],[134.16257,35.0951],[134.16255,35.09456],[134.16118,35.09539],[134.15967,35.09541],[134.15916,35.0948],[134.1585,35.09461],[134.15732,35.09483],[134.1568,35.09454],[134.15574,35.09525],[134.15531,35.09513],[134.15381,35.09579],[134.15291,35.09523],[134.15072,35.09526],[134.15016,35.0964],[134.149,35.09737],[134.14778,35.09805],[134.14768,35.0985],[134.14747,35.09893],[134.14719,35.1011],[134.14739,35.10153],[134.14738,35.10288],[134.14655,35.10304],[134.14636,35.10272],[134.14431,35.1037],[134.14304,35.10331],[134.14235,35.10332],[134.13955,35.10372],[134.13883,35.10123],[134.13885,35.1006],[134.13789,35.10077],[134.13725,35.09928],[134.13652,35.09831],[134.13462,35.09928],[134.13198,35.10092],[134.13114,35.10132],[134.13118,35.10209],[134.13064,35.10221],[134.13052,35.10216],[134.13006,35.10214],[134.12976,35.10214],[134.12877,35.10192],[134.1283,35.10143],[134.1285,35.10137],[134.12666,35.10033],[134.12555,35.09956],[134.12555,35.0988],[134.12521,35.09829],[134.12498,35.09668],[134.12392,35.09599],[134.12371,35.09559],[134.12263,35.09536],[134.12215,35.0947],[134.1206,35.09372],[134.11989,35.093],[134.11909,35.09277],[134.11894,35.09219],[134.11779,35.09079],[134.11795,35.09045],[134.11736,35.08961],[134.11618,35.089],[134.11404,35.08703],[134.11248,35.08603],[134.11162,35.0855],[134.1105,35.08484],[134.10974,35.08468],[134.10928,35.0836],[134.10591,35.08455],[134.10442,35.0846],[134.10437,35.08369],[134.10389,35.08231],[134.10406,35.08155],[134.10332,35.08163],[134.10365,35.08039],[134.10305,35.07883],[134.10259,35.07896],[134.10231,35.07825],[134.10169,35.07617],[134.1018,35.07546],[134.10148,35.07278],[134.10111,35.07157],[134.10122,35.07104],[134.10179,35.07104],[134.10102,35.07095],[134.10067,35.07089],[134.10052,35.0707],[134.10103,35.0702],[134.10193,35.07053],[134.10268,35.0699],[134.10306,35.06921],[134.10389,35.06878],[134.10443,35.06785],[134.1048,35.06556],[134.10525,35.0643],[134.10534,35.06232],[134.10516,35.06152],[134.10544,35.06107],[134.10482,35.06052],[134.10476,35.05957],[134.10343,35.05935],[134.10306,35.05931],[134.1024,35.05914],[134.10237,35.05843],[134.10222,35.05797],[134.10255,35.05774],[134.10282,35.05739],[134.10346,35.05703],[134.10389,35.05669],[134.10402,35.05634],[134.10374,35.05516],[134.10314,35.05468],[134.10282,35.05446],[134.10266,35.05421],[134.10265,35.05411],[134.10271,35.05375],[134.10268,35.05328],[134.10272,35.0532],[134.10282,35.0529],[134.10275,35.05277],[134.10257,35.05245],[134.10218,35.05174],[134.10245,35.05159],[134.10261,35.05138],[134.10273,35.05098],[134.10257,35.0507],[134.1019,35.05052],[134.10161,35.0505],[134.10155,35.05047],[134.10041,35.05043],[134.10014,35.05038],[134.09878,35.05088],[134.09836,35.05074],[134.09829,35.05072],[134.09805,35.05102],[134.09744,35.05182],[134.09735,35.05184],[134.09678,35.05173],[134.09647,35.05209],[134.09599,35.05247],[134.09496,35.05237],[134.09441,35.05251],[134.09396,35.05302],[134.09374,35.05326],[134.0927,35.05353],[134.09242,35.05395],[134.09192,35.05437],[134.09153,35.0544],[134.09109,35.05426],[134.08991,35.05402],[134.08965,35.05401],[134.08924,35.05393],[134.08884,35.05385],[134.08817,35.05373],[134.08764,35.05374],[134.08712,35.05369],[134.08649,35.05297],[134.08628,35.05271],[134.08602,35.05271],[134.0857,35.05235],[134.08561,35.0522],[134.0851,35.052],[134.08442,35.05205],[134.0839,35.05167],[134.08358,35.05162],[134.08303,35.0512],[134.083,35.05099],[134.08194,35.05115],[134.08147,35.05148],[134.08115,35.05163],[134.08105,35.0516],[134.08103,35.05128],[134.08088,35.05095],[134.08069,35.05098],[134.08015,35.05144],[134.07924,35.05164],[134.07841,35.05115],[134.07816,35.05143],[134.07817,35.05169],[134.07756,35.05166],[134.07671,35.0512],[134.07625,35.05053],[134.07631,35.05035],[134.07648,35.04967],[134.07677,35.04901],[134.07726,35.04868],[134.07751,35.04868],[134.07818,35.04865],[134.08021,35.04747],[134.08126,35.04739],[134.08171,35.04756],[134.08254,35.04769],[134.0833,35.04787],[134.08415,35.04826],[134.08474,35.04778],[134.08486,35.04759],[134.08494,35.04734],[134.08505,35.04709],[134.08522,35.04675],[134.08526,35.04618],[134.0851,35.04508],[134.08501,35.04469],[134.08494,35.0443],[134.08487,35.04422],[134.08476,35.04408],[134.08465,35.04392],[134.08447,35.04325],[134.08428,35.04256],[134.08422,35.04231],[134.08371,35.04182],[134.08332,35.04133],[134.08344,35.04089],[134.08415,35.04037],[134.08418,35.03983],[134.08287,35.03889],[134.0828,35.03786],[134.08352,35.03758],[134.0836,35.03755],[134.08306,35.03662],[134.0821,35.03593],[134.08238,35.03521],[134.08229,35.03473],[134.08223,35.0346],[134.08138,35.03427],[134.08122,35.03261],[134.08343,35.03203],[134.08254,35.03074],[134.08245,35.02863],[134.08263,35.02839],[134.0824,35.02695],[134.082,35.02611],[134.08344,35.02536],[134.08261,35.0247],[134.08296,35.02335],[134.08458,35.02283],[134.08355,35.02138],[134.0837,35.01999],[134.0842,35.01959],[134.08465,35.0186],[134.085,35.01831],[134.08546,35.01795],[134.08536,35.01746],[134.08575,35.01725],[134.08604,35.01695],[134.08679,35.0158],[134.08703,35.01561],[134.08711,35.01513],[134.08722,35.01449],[134.08726,35.01432],[134.08726,35.01386],[134.08712,35.01306],[134.08732,35.01222],[134.08758,35.01188],[134.08817,35.01177],[134.08845,35.01185],[134.089,35.01217],[134.08983,35.01318],[134.09051,35.01346],[134.09171,35.0134],[134.09311,35.01374],[134.09376,35.01426],[134.09483,35.01439],[134.09544,35.01389],[134.09593,35.01427],[134.09601,35.01516],[134.09684,35.01505],[134.09814,35.01567],[134.09843,35.01611],[134.09984,35.01713],[134.10173,35.01741],[134.10199,35.01697],[134.1032,35.01646]],[[134.12067,35.03465],[134.12074,35.03478],[134.12053,35.03432],[134.12067,35.03465]],[[134.12117,35.05263],[134.12154,35.0531],[134.12185,35.05284],[134.12117,35.05263]],[[134.11614,35.0569],[134.11541,35.05729],[134.11675,35.05669],[134.11614,35.0569]],[[134.11193,35.07178],[134.11222,35.07198],[134.11224,35.07125],[134.11193,35.07178]]],[[[134.12602,35.02786],[134.12662,35.02841],[134.1259,35.02775],[134.12602,35.02786]]]]}},{"type":"Feature","properties":{"nm":"奈義町","b":[134.1306,35.0892,134.2351,35.191],"c":[134.18461,35.13614]},"geometry":{"type":"Polygon","coordinates":[[[134.14121,35.16251],[134.14078,35.16159],[134.14068,35.16084],[134.14075,35.16045],[134.1411,35.16001],[134.14158,35.15901],[134.14176,35.15818],[134.14199,35.15769],[134.14212,35.15758],[134.14248,35.15729],[134.14287,35.15611],[134.14344,35.15321],[134.14343,35.15236],[134.14365,35.15115],[134.14367,35.15018],[134.1436,35.14861],[134.14368,35.14812],[134.1438,35.14691],[134.14363,35.14481],[134.14342,35.14235],[134.14335,35.14181],[134.14304,35.14016],[134.14293,35.13935],[134.14279,35.13873],[134.14226,35.13708],[134.1411,35.13509],[134.14079,35.13436],[134.14029,35.13346],[134.13946,35.13111],[134.13869,35.12824],[134.13695,35.12482],[134.13543,35.12028],[134.13371,35.11753],[134.13376,35.11611],[134.13395,35.11333],[134.13355,35.11275],[134.13357,35.11144],[134.13223,35.11057],[134.13181,35.10968],[134.13191,35.10778],[134.13185,35.10748],[134.13173,35.10731],[134.13167,35.10709],[134.13171,35.10694],[134.13173,35.10646],[134.13182,35.10636],[134.13184,35.10627],[134.13173,35.10551],[134.13157,35.10532],[134.13143,35.10498],[134.13079,35.10238],[134.13064,35.10221],[134.13118,35.10209],[134.13114,35.10132],[134.13198,35.10092],[134.13462,35.09928],[134.13652,35.09831],[134.13725,35.09928],[134.13789,35.10077],[134.13885,35.1006],[134.13883,35.10123],[134.13955,35.10372],[134.14235,35.10332],[134.14304,35.10331],[134.14431,35.1037],[134.14636,35.10272],[134.14655,35.10304],[134.14738,35.10288],[134.14739,35.10153],[134.14719,35.1011],[134.14747,35.09893],[134.14768,35.0985],[134.14778,35.09805],[134.149,35.09737],[134.15016,35.0964],[134.15072,35.09526],[134.15291,35.09523],[134.15381,35.09579],[134.15531,35.09513],[134.15574,35.09525],[134.1568,35.09454],[134.15732,35.09483],[134.1585,35.09461],[134.15916,35.0948],[134.15967,35.09541],[134.16118,35.09539],[134.16255,35.09456],[134.16257,35.0951],[134.16363,35.09527],[134.1649,35.09455],[134.16658,35.09464],[134.168,35.09412],[134.16805,35.0941],[134.16924,35.0935],[134.17023,35.09324],[134.17179,35.09244],[134.17312,35.09242],[134.17348,35.09264],[134.17636,35.09213],[134.1772,35.09236],[134.1816,35.08971],[134.18284,35.08922],[134.18414,35.08962],[134.18464,35.09032],[134.18606,35.09131],[134.18843,35.09248],[134.18917,35.09249],[134.19012,35.09174],[134.19057,35.09249],[134.19021,35.09319],[134.19027,35.0947],[134.18948,35.09507],[134.19014,35.09631],[134.18985,35.09734],[134.19036,35.09803],[134.19135,35.09836],[134.19202,35.099],[134.19285,35.09886],[134.19434,35.09913],[134.19524,35.10004],[134.19513,35.10104],[134.19568,35.10166],[134.19618,35.1027],[134.19772,35.10261],[134.19869,35.10374],[134.1996,35.10387],[134.19992,35.1032],[134.19927,35.10167],[134.19854,35.10121],[134.19867,35.10052],[134.19982,35.10066],[134.20174,35.10019],[134.20257,35.10042],[134.20315,35.10117],[134.20365,35.10125],[134.20454,35.10215],[134.20547,35.10274],[134.20624,35.10276],[134.2069,35.10378],[134.20797,35.10374],[134.20767,35.10214],[134.20703,35.10075],[134.20656,35.10048],[134.20652,35.09908],[134.20679,35.09816],[134.20691,35.09658],[134.20674,35.09636],[134.20879,35.09558],[134.20894,35.09578],[134.20997,35.09706],[134.21114,35.09819],[134.21167,35.09834],[134.21334,35.09826],[134.21357,35.09918],[134.21496,35.10022],[134.21676,35.10015],[134.21724,35.09992],[134.21804,35.10009],[134.21836,35.10181],[134.21946,35.10238],[134.21915,35.10305],[134.21935,35.10432],[134.22141,35.10475],[134.22179,35.10549],[134.22197,35.10676],[134.22299,35.10727],[134.22331,35.10782],[134.22457,35.10737],[134.2248,35.10811],[134.22599,35.10835],[134.22721,35.10946],[134.22872,35.10956],[134.22897,35.10982],[134.23069,35.11005],[134.23125,35.1108],[134.23107,35.11164],[134.23213,35.11304],[134.23277,35.11346],[134.23414,35.11376],[134.23512,35.11444],[134.2346,35.11591],[134.23105,35.11764],[134.2294,35.11829],[134.22804,35.11833],[134.22736,35.1188],[134.22638,35.11861],[134.22572,35.11874],[134.22569,35.11937],[134.22314,35.11995],[134.22312,35.12033],[134.22437,35.12133],[134.22479,35.12252],[134.22705,35.12363],[134.23027,35.12421],[134.23082,35.1247],[134.23077,35.12576],[134.2317,35.12669],[134.23182,35.12831],[134.23129,35.1287],[134.23142,35.13019],[134.23075,35.13092],[134.23021,35.13111],[134.22994,35.132],[134.22891,35.13264],[134.228,35.13254],[134.22711,35.13319],[134.22622,35.13328],[134.22512,35.13421],[134.2247,35.13522],[134.22454,35.13599],[134.2236,35.13685],[134.22367,35.13774],[134.22336,35.1388],[134.22337,35.13968],[134.22311,35.14145],[134.22329,35.14248],[134.22306,35.14341],[134.22425,35.14365],[134.22562,35.1437],[134.22613,35.14505],[134.22716,35.14641],[134.22854,35.14862],[134.22865,35.14882],[134.22772,35.15024],[134.22639,35.15158],[134.22724,35.15308],[134.22726,35.15435],[134.22867,35.1558],[134.22879,35.15657],[134.22852,35.15742],[134.22692,35.15832],[134.22647,35.16013],[134.22571,35.1606],[134.22473,35.16169],[134.22416,35.16188],[134.22328,35.16341],[134.22179,35.16436],[134.22153,35.16483],[134.22169,35.16615],[134.22217,35.16781],[134.2218,35.16885],[134.22176,35.16991],[134.22222,35.17166],[134.22204,35.17259],[134.22152,35.17316],[134.22201,35.17435],[134.22298,35.17509],[134.22431,35.17561],[134.22461,35.17596],[134.22425,35.1774],[134.22306,35.17778],[134.22195,35.17911],[134.22196,35.17994],[134.22073,35.18045],[134.21944,35.18157],[134.21927,35.18282],[134.21824,35.18529],[134.21758,35.18513],[134.21689,35.18568],[134.21661,35.18653],[134.21673,35.18822],[134.21636,35.18951],[134.21534,35.19009],[134.21457,35.19019],[134.21271,35.19095],[134.21189,35.19005],[134.21017,35.18997],[134.20904,35.19009],[134.20727,35.18928],[134.20481,35.18952],[134.20322,35.18897],[134.20208,35.18919],[134.20153,35.18959],[134.20126,35.19043],[134.20084,35.19068],[134.19864,35.19069],[134.19682,35.1899],[134.19537,35.18945],[134.19406,35.18938],[134.19332,35.1891],[134.19298,35.1885],[134.1941,35.18729],[134.1938,35.18611],[134.19378,35.18421],[134.19274,35.18371],[134.19231,35.18287],[134.19208,35.18185],[134.19164,35.18118],[134.19147,35.18023],[134.19084,35.17872],[134.1909,35.17771],[134.18998,35.17593],[134.18839,35.1748],[134.18629,35.17383],[134.18555,35.17356],[134.18428,35.17272],[134.18244,35.17206],[134.18036,35.17162],[134.17987,35.17067],[134.17923,35.17014],[134.17757,35.16922],[134.17514,35.16953],[134.17389,35.16972],[134.17268,35.16963],[134.17039,35.17075],[134.16887,35.17178],[134.16828,35.17181],[134.16772,35.17172],[134.16748,35.17154],[134.16697,35.17079],[134.16662,35.17043],[134.16583,35.16987],[134.16486,35.1695],[134.16325,35.16946],[134.16115,35.16936],[134.1605,35.16882],[134.15989,35.16844],[134.15826,35.16801],[134.1563,35.16776],[134.15529,35.16731],[134.15517,35.16728],[134.15442,35.16715],[134.15327,35.16702],[134.15235,35.16717],[134.15076,35.16748],[134.15032,35.16729],[134.14947,35.16629],[134.14909,35.16618],[134.14834,35.1657],[134.14689,35.1644],[134.14609,35.16353],[134.14545,35.16261],[134.14425,35.16243],[134.14121,35.16251]],[[134.16819,35.11841],[134.16834,35.11741],[134.16812,35.11726],[134.16819,35.11841]],[[134.17045,35.12088],[134.17079,35.12067],[134.17068,35.12073],[134.17045,35.12088]]]}},{"type":"Feature","properties":{"nm":"西粟倉村","b":[134.2799,35.1445,134.4029,35.2527],"c":[134.34094,35.19333]},"geometry":{"type":"Polygon","coordinates":[[[134.36643,35.2308],[134.36533,35.23108],[134.36396,35.23049],[134.36258,35.22961],[134.36188,35.22885],[134.36041,35.22924],[134.35988,35.22865],[134.35812,35.22822],[134.35715,35.22777],[134.35612,35.22683],[134.35469,35.22661],[134.35344,35.22523],[134.3533,35.22486],[134.35188,35.22456],[134.35108,35.22377],[134.35081,35.22301],[134.35028,35.22278],[134.34891,35.22288],[134.34669,35.22247],[134.34554,35.222],[134.34461,35.2213],[134.3438,35.22086],[134.34242,35.22064],[134.34164,35.22114],[134.33996,35.22137],[134.33855,35.22042],[134.33739,35.22009],[134.33651,35.21929],[134.33639,35.21852],[134.33668,35.21749],[134.3354,35.2156],[134.33456,35.21521],[134.33495,35.21415],[134.33485,35.21309],[134.3332,35.21231],[134.33218,35.21227],[134.33147,35.21185],[134.33082,35.21036],[134.32994,35.20963],[134.32903,35.20936],[134.32819,35.20849],[134.32792,35.20787],[134.32686,35.20675],[134.32609,35.20619],[134.3254,35.20526],[134.32408,35.20429],[134.32292,35.20383],[134.32298,35.20308],[134.32255,35.20269],[134.32174,35.20235],[134.32142,35.20179],[134.32015,35.20146],[134.3196,35.20159],[134.31858,35.20232],[134.31676,35.20236],[134.31518,35.20098],[134.31432,35.20101],[134.31391,35.20059],[134.31322,35.20064],[134.31126,35.2012],[134.30997,35.20076],[134.30824,35.20099],[134.3069,35.20152],[134.30663,35.20181],[134.30411,35.20173],[134.3018,35.20219],[134.30117,35.20189],[134.29852,35.20172],[134.29785,35.20091],[134.29718,35.20123],[134.29578,35.20075],[134.29419,35.19935],[134.29299,35.1993],[134.29262,35.19983],[134.29195,35.20006],[134.291,35.19964],[134.28963,35.19937],[134.28828,35.19937],[134.28696,35.19911],[134.2852,35.1982],[134.28254,35.19791],[134.28143,35.19668],[134.28058,35.19582],[134.28044,35.19485],[134.2799,35.19407],[134.28011,35.1925],[134.27997,35.19206],[134.28037,35.19119],[134.28017,35.19063],[134.28146,35.18945],[134.28325,35.18812],[134.28373,35.18733],[134.28376,35.18556],[134.28327,35.18459],[134.2828,35.18244],[134.28299,35.18196],[134.28411,35.18073],[134.28562,35.17971],[134.2861,35.17897],[134.28776,35.17845],[134.28845,35.17756],[134.2894,35.17718],[134.28932,35.17642],[134.28917,35.17548],[134.28809,35.17485],[134.28722,35.17365],[134.28721,35.17203],[134.28798,35.17143],[134.28821,35.17053],[134.28882,35.1696],[134.28918,35.16734],[134.28963,35.16685],[134.28957,35.16514],[134.29,35.16398],[134.29056,35.16317],[134.29176,35.16218],[134.29278,35.16077],[134.29285,35.16001],[134.29372,35.15888],[134.29372,35.15845],[134.29453,35.15849],[134.29532,35.15838],[134.29584,35.15821],[134.29646,35.15753],[134.2968,35.15755],[134.29807,35.15746],[134.29901,35.15713],[134.29947,35.15651],[134.29981,35.15598],[134.30053,35.15706],[134.30103,35.15744],[134.30162,35.15737],[134.30455,35.15528],[134.30499,35.15467],[134.30583,35.15453],[134.30834,35.15381],[134.30969,35.15332],[134.3111,35.15245],[134.31174,35.15258],[134.31222,35.15261],[134.31333,35.15249],[134.31399,35.15194],[134.31454,35.15203],[134.31577,35.15201],[134.31612,35.15208],[134.31672,35.15206],[134.31702,35.15203],[134.31806,35.15073],[134.31878,35.1504],[134.3198,35.14872],[134.32023,35.14855],[134.32062,35.14686],[134.32208,35.14796],[134.32248,35.14802],[134.32252,35.147],[134.32361,35.14798],[134.32708,35.14649],[134.32999,35.14567],[134.33095,35.14565],[134.33244,35.14501],[134.33334,35.14497],[134.33394,35.14452],[134.335,35.14554],[134.33548,35.1457],[134.33601,35.14656],[134.33634,35.14636],[134.3378,35.14729],[134.33829,35.14732],[134.33925,35.1483],[134.33916,35.1493],[134.3406,35.1506],[134.34035,35.15132],[134.3405,35.1521],[134.34114,35.15296],[134.34159,35.15409],[134.34101,35.15529],[134.34123,35.15563],[134.34176,35.15628],[134.34272,35.15661],[134.34363,35.15661],[134.34428,35.15727],[134.34478,35.15864],[134.34561,35.15959],[134.34589,35.16156],[134.34738,35.16208],[134.34911,35.16292],[134.35026,35.16393],[134.351,35.16433],[134.35244,35.16478],[134.35346,35.16476],[134.35468,35.16536],[134.35534,35.16598],[134.35559,35.16728],[134.35689,35.16835],[134.35815,35.1699],[134.35799,35.1704],[134.35818,35.17099],[134.35922,35.17155],[134.35999,35.17251],[134.36068,35.17408],[134.36173,35.17445],[134.36449,35.17595],[134.36596,35.17585],[134.36704,35.1768],[134.36797,35.17712],[134.36914,35.17779],[134.3691,35.17889],[134.3694,35.17955],[134.37087,35.18032],[134.3717,35.18196],[134.37229,35.18225],[134.37423,35.18252],[134.37551,35.18361],[134.37617,35.18384],[134.37656,35.18476],[134.37726,35.1851],[134.37791,35.18599],[134.37856,35.18612],[134.37927,35.18688],[134.37893,35.18845],[134.37968,35.18918],[134.37989,35.1899],[134.38055,35.19056],[134.381,35.19167],[134.38087,35.19218],[134.38132,35.194],[134.38276,35.1944],[134.38349,35.19498],[134.38369,35.19601],[134.38296,35.19761],[134.3836,35.19914],[134.38256,35.20004],[134.38255,35.20109],[134.38222,35.20272],[134.38163,35.20395],[134.38184,35.20451],[134.3814,35.20543],[134.38067,35.20787],[134.37982,35.20945],[134.37992,35.2103],[134.3809,35.21084],[134.38118,35.21172],[134.38102,35.21295],[134.38065,35.21354],[134.38106,35.21417],[134.38125,35.2151],[134.38253,35.21688],[134.38169,35.21695],[134.38119,35.21775],[134.38132,35.2185],[134.38191,35.2191],[134.3821,35.22051],[134.38245,35.22144],[134.38339,35.22163],[134.38404,35.22234],[134.38488,35.22238],[134.38554,35.22354],[134.38592,35.22366],[134.38739,35.22331],[134.38863,35.2236],[134.38929,35.22422],[134.3908,35.22482],[134.39235,35.22512],[134.39329,35.22581],[134.39375,35.2267],[134.39473,35.22716],[134.3956,35.22712],[134.39698,35.22754],[134.39684,35.22828],[134.39717,35.22899],[134.39679,35.23027],[134.39738,35.23091],[134.39845,35.23138],[134.39895,35.23244],[134.39895,35.23314],[134.39946,35.23395],[134.39972,35.23518],[134.4004,35.23717],[134.40143,35.23692],[134.401,35.23823],[134.40161,35.2395],[134.40241,35.24049],[134.40286,35.24144],[134.40232,35.24139],[134.40156,35.2419],[134.40146,35.24249],[134.40172,35.24413],[134.40111,35.24476],[134.40167,35.24577],[134.40149,35.24622],[134.4004,35.24676],[134.40009,35.24769],[134.39898,35.24817],[134.39857,35.24861],[134.3986,35.24935],[134.39777,35.25051],[134.3959,35.25042],[134.39531,35.25075],[134.39502,35.25146],[134.39425,35.25147],[134.39356,35.25191],[134.39354,35.25272],[134.39024,35.25223],[134.38943,35.25179],[134.38875,35.25102],[134.3871,35.25032],[134.38619,35.2505],[134.38549,35.25021],[134.38474,35.24931],[134.38355,35.24905],[134.38207,35.24827],[134.38088,35.24839],[134.38018,35.24759],[134.37887,35.24721],[134.3785,35.24665],[134.37742,35.24636],[134.37476,35.24623],[134.37384,35.24566],[134.37308,35.2459],[134.37255,35.24539],[134.37268,35.24443],[134.37354,35.24381],[134.37419,35.24249],[134.37442,35.24089],[134.37419,35.24032],[134.37353,35.24007],[134.37355,35.23934],[134.37454,35.23867],[134.37474,35.23765],[134.37443,35.23691],[134.37341,35.2359],[134.37219,35.23495],[134.37196,35.2342],[134.36988,35.23323],[134.3689,35.23169],[134.36782,35.23156],[134.36643,35.2308]]]}},{"type":"Feature","properties":{"nm":"久米南町","b":[133.894,34.8697,134.0156,34.9756],"c":[133.95791,34.92256]},"geometry":{"type":"Polygon","coordinates":[[[133.98666,34.96409],[133.98653,34.96453],[133.9859,34.96413],[133.98458,34.96378],[133.98319,34.96374],[133.9823,34.96442],[133.98157,34.96435],[133.98073,34.96471],[133.97937,34.96442],[133.97742,34.96447],[133.97515,34.96302],[133.97478,34.9626],[133.97337,34.96184],[133.97159,34.96168],[133.96876,34.96174],[133.96746,34.96233],[133.96712,34.96173],[133.96553,34.96115],[133.9659,34.96073],[133.96462,34.96046],[133.96434,34.96002],[133.96346,34.95997],[133.96336,34.9606],[133.96181,34.96111],[133.9603,34.96111],[133.95875,34.96179],[133.9583,34.96222],[133.95766,34.96212],[133.95639,34.96281],[133.95655,34.96306],[133.95552,34.96342],[133.95505,34.96398],[133.95518,34.96454],[133.95478,34.9653],[133.95403,34.96588],[133.95315,34.96597],[133.95244,34.96568],[133.95082,34.96571],[133.94937,34.96614],[133.94765,34.96589],[133.94649,34.96661],[133.94619,34.96773],[133.94459,34.96879],[133.94257,34.96968],[133.94207,34.97042],[133.9417,34.97193],[133.94101,34.97312],[133.94004,34.9734],[133.93775,34.97514],[133.93767,34.9756],[133.93592,34.97504],[133.9355,34.97437],[133.93477,34.9741],[133.93526,34.97346],[133.93549,34.97248],[133.93494,34.97056],[133.93482,34.96997],[133.9351,34.96792],[133.93397,34.96651],[133.93235,34.96594],[133.93087,34.96609],[133.93047,34.96555],[133.93053,34.96491],[133.92916,34.96412],[133.92876,34.96452],[133.92648,34.96333],[133.92601,34.96241],[133.92632,34.9601],[133.92662,34.95977],[133.92617,34.95795],[133.92392,34.95662],[133.92362,34.95601],[133.92281,34.95516],[133.92329,34.95381],[133.92277,34.95211],[133.92209,34.9511],[133.92107,34.95057],[133.921,34.94998],[133.91981,34.95],[133.91852,34.94966],[133.91825,34.94835],[133.91767,34.94742],[133.91593,34.9467],[133.9148,34.94606],[133.91344,34.94509],[133.91177,34.94439],[133.91031,34.94405],[133.91005,34.94359],[133.90985,34.94294],[133.90881,34.94228],[133.90746,34.94136],[133.90658,34.93837],[133.90656,34.93664],[133.90671,34.93631],[133.90692,34.93575],[133.90712,34.9348],[133.90727,34.93452],[133.90736,34.93441],[133.90823,34.9339],[133.90879,34.93352],[133.90929,34.93296],[133.90958,34.93229],[133.90942,34.93148],[133.90946,34.93113],[133.90888,34.9308],[133.90889,34.93062],[133.90903,34.93022],[133.9086,34.92976],[133.90846,34.92939],[133.90853,34.92907],[133.90838,34.92808],[133.90848,34.92736],[133.9085,34.9272],[133.90838,34.92687],[133.90811,34.92649],[133.90771,34.92583],[133.90751,34.92557],[133.907,34.92507],[133.90605,34.92481],[133.90543,34.92494],[133.90453,34.92525],[133.90408,34.92513],[133.90383,34.9253],[133.90369,34.92536],[133.90332,34.9254],[133.90311,34.92513],[133.90302,34.92504],[133.90257,34.92464],[133.90228,34.92413],[133.90226,34.92403],[133.9022,34.9237],[133.90185,34.9231],[133.90167,34.92305],[133.90147,34.92308],[133.90146,34.92313],[133.90139,34.92315],[133.90125,34.92319],[133.90094,34.92326],[133.9009,34.92326],[133.90077,34.92324],[133.90065,34.92322],[133.90051,34.92314],[133.90044,34.92308],[133.9003,34.92274],[133.90006,34.92274],[133.89983,34.92275],[133.89962,34.92273],[133.89941,34.92267],[133.89936,34.92264],[133.89935,34.92255],[133.89937,34.92242],[133.89944,34.92199],[133.89954,34.92169],[133.89958,34.92164],[133.89963,34.92161],[133.90059,34.92163],[133.90074,34.92163],[133.90125,34.92159],[133.90209,34.9215],[133.90266,34.92151],[133.90284,34.92152],[133.90327,34.92153],[133.90426,34.92154],[133.90448,34.92149],[133.90495,34.92119],[133.90501,34.92115],[133.90529,34.92028],[133.9053,34.9197],[133.90538,34.91906],[133.90545,34.91883],[133.90601,34.91835],[133.90612,34.91821],[133.90618,34.91809],[133.90619,34.91799],[133.90598,34.9177],[133.90537,34.91739],[133.90515,34.91732],[133.90471,34.9171],[133.90459,34.91697],[133.90427,34.9164],[133.90405,34.91614],[133.90354,34.91565],[133.90303,34.91567],[133.90274,34.91569],[133.90235,34.91579],[133.90172,34.91583],[133.90161,34.91578],[133.90126,34.91545],[133.90095,34.91518],[133.90072,34.91484],[133.9003,34.91385],[133.89917,34.91391],[133.89858,34.91388],[133.89818,34.91368],[133.89776,34.91376],[133.89752,34.91392],[133.89715,34.91397],[133.89692,34.91393],[133.8961,34.91368],[133.89445,34.91372],[133.89453,34.91256],[133.89446,34.91159],[133.89402,34.91141],[133.89406,34.9099],[133.89407,34.90979],[133.89407,34.90978],[133.89409,34.90972],[133.89409,34.90971],[133.8941,34.9097],[133.89411,34.90968],[133.89412,34.90967],[133.89413,34.90966],[133.89483,34.90926],[133.89512,34.90918],[133.89557,34.90913],[133.89564,34.90907],[133.89566,34.90905],[133.89569,34.90904],[133.8957,34.90902],[133.89571,34.90902],[133.89571,34.90901],[133.89572,34.90899],[133.89569,34.90894],[133.89564,34.90887],[133.89561,34.90883],[133.8956,34.90871],[133.89561,34.90868],[133.89561,34.90861],[133.89568,34.90848],[133.89568,34.90847],[133.89574,34.9084],[133.89577,34.90836],[133.8958,34.90832],[133.89581,34.90832],[133.89581,34.90831],[133.89585,34.90829],[133.89594,34.90823],[133.896,34.90819],[133.89608,34.90816],[133.89627,34.90807],[133.89631,34.90805],[133.89643,34.908],[133.89648,34.90798],[133.8965,34.90798],[133.89653,34.90797],[133.89659,34.90795],[133.89662,34.90794],[133.89665,34.90794],[133.89669,34.90792],[133.8967,34.90792],[133.89673,34.90792],[133.89683,34.9079],[133.89685,34.9079],[133.89687,34.9079],[133.89704,34.90787],[133.89712,34.90786],[133.8972,34.90782],[133.89722,34.90781],[133.89725,34.90779],[133.89726,34.90779],[133.89727,34.90778],[133.89735,34.90775],[133.89754,34.90774],[133.89764,34.90775],[133.89765,34.90775],[133.89773,34.90777],[133.8981,34.90769],[133.89817,34.90767],[133.89858,34.90621],[133.8989,34.9061],[133.89895,34.90606],[133.89906,34.90602],[133.89913,34.90603],[133.89916,34.90603],[133.89923,34.90602],[133.89957,34.906],[133.89976,34.90582],[133.89977,34.90572],[133.89978,34.90567],[133.89978,34.90566],[133.8998,34.90547],[133.8998,34.9054],[133.89979,34.9052],[133.89977,34.90504],[133.89978,34.90471],[133.89978,34.90458],[133.89978,34.90451],[133.89976,34.90437],[133.89975,34.90425],[133.89979,34.90399],[133.8998,34.90392],[133.89982,34.9038],[133.89982,34.90379],[133.89983,34.90373],[133.89988,34.90352],[133.89989,34.90349],[133.89991,34.90341],[133.89994,34.90328],[133.89997,34.9032],[133.9,34.90308],[133.90001,34.90307],[133.90005,34.90297],[133.90015,34.90279],[133.90029,34.9026],[133.90059,34.90217],[133.9006,34.90217],[133.90074,34.90215],[133.90094,34.90206],[133.90133,34.90186],[133.90231,34.9015],[133.90244,34.90146],[133.90255,34.90147],[133.90283,34.90153],[133.90307,34.90171],[133.90316,34.90185],[133.90323,34.90198],[133.90327,34.90212],[133.90333,34.90239],[133.90338,34.90266],[133.90341,34.90283],[133.90343,34.90296],[133.90345,34.90309],[133.90348,34.90315],[133.90374,34.90316],[133.90379,34.90316],[133.904,34.90316],[133.90405,34.90317],[133.90421,34.90321],[133.90428,34.90331],[133.90429,34.90339],[133.9043,34.90351],[133.90429,34.90355],[133.90428,34.90371],[133.90427,34.90384],[133.90427,34.90386],[133.90425,34.90402],[133.90427,34.90405],[133.90496,34.90404],[133.90518,34.90424],[133.90521,34.90472],[133.90532,34.9053],[133.90654,34.9051],[133.90664,34.90508],[133.90693,34.9051],[133.90696,34.9051],[133.90744,34.90528],[133.90751,34.9053],[133.90775,34.90543],[133.90804,34.90574],[133.90886,34.90682],[133.90893,34.90688],[133.90915,34.90675],[133.90923,34.90669],[133.90938,34.90662],[133.90958,34.90652],[133.90979,34.90644],[133.91049,34.90635],[133.91065,34.90631],[133.91066,34.90631],[133.91082,34.9063],[133.91096,34.90632],[133.91121,34.90639],[133.91158,34.90648],[133.91164,34.9065],[133.91185,34.90636],[133.91189,34.90634],[133.9119,34.90633],[133.91198,34.90628],[133.91224,34.90608],[133.91224,34.90599],[133.91224,34.90598],[133.91224,34.90597],[133.91223,34.90597],[133.91223,34.90596],[133.91222,34.90594],[133.91221,34.90593],[133.9122,34.90591],[133.9122,34.90589],[133.91219,34.90588],[133.91218,34.90586],[133.91216,34.90582],[133.91215,34.90581],[133.91215,34.90579],[133.91202,34.90551],[133.91201,34.90549],[133.91196,34.90539],[133.9119,34.90524],[133.91182,34.90503],[133.91187,34.90497],[133.91189,34.90494],[133.91194,34.90488],[133.91198,34.90483],[133.91202,34.90475],[133.91202,34.90474],[133.91204,34.90466],[133.91204,34.90459],[133.91204,34.90455],[133.91201,34.90445],[133.91201,34.90444],[133.91199,34.90442],[133.91193,34.90433],[133.91195,34.90429],[133.91204,34.90405],[133.91205,34.90404],[133.91214,34.90388],[133.9122,34.9038],[133.91228,34.90371],[133.9124,34.90358],[133.91262,34.90344],[133.91267,34.90341],[133.91292,34.90329],[133.91308,34.90323],[133.91331,34.90317],[133.91334,34.90316],[133.91345,34.90315],[133.91369,34.90311],[133.91374,34.9031],[133.91397,34.90308],[133.91402,34.90308],[133.91417,34.90308],[133.91477,34.90332],[133.91494,34.90332],[133.91499,34.90332],[133.91507,34.90332],[133.91514,34.90333],[133.91521,34.90333],[133.91535,34.90333],[133.91542,34.90334],[133.9155,34.90334],[133.91574,34.90334],[133.91574,34.90335],[133.91579,34.90335],[133.91583,34.90335],[133.91594,34.90338],[133.91605,34.90341],[133.91649,34.9035],[133.91654,34.9035],[133.91659,34.9035],[133.91663,34.9035],[133.91688,34.90348],[133.91699,34.90347],[133.91701,34.90346],[133.91707,34.90344],[133.91712,34.90338],[133.91716,34.90327],[133.91719,34.90322],[133.91721,34.90319],[133.91726,34.90312],[133.91728,34.90308],[133.91732,34.90302],[133.91738,34.90273],[133.91741,34.90264],[133.91752,34.90248],[133.9177,34.90259],[133.91807,34.90281],[133.91808,34.90281],[133.91812,34.90281],[133.91813,34.90281],[133.91816,34.9028],[133.91844,34.90266],[133.91857,34.9026],[133.91863,34.90257],[133.91864,34.90257],[133.91885,34.9025],[133.91886,34.9025],[133.91896,34.90247],[133.91913,34.90237],[133.91923,34.90228],[133.91966,34.90221],[133.92004,34.90244],[133.92008,34.90248],[133.9201,34.90253],[133.92009,34.90257],[133.91996,34.90277],[133.9199,34.90286],[133.91986,34.90298],[133.91986,34.90299],[133.91985,34.90306],[133.91984,34.90314],[133.91984,34.90318],[133.91986,34.90334],[133.91993,34.90345],[133.91999,34.90351],[133.92007,34.90361],[133.92015,34.90366],[133.92053,34.9039],[133.9206,34.90394],[133.92079,34.90405],[133.92084,34.904],[133.92091,34.90389],[133.92093,34.90331],[133.92103,34.90305],[133.92262,34.90237],[133.92305,34.90217],[133.92318,34.90191],[133.92325,34.90169],[133.92315,34.90091],[133.92322,34.90052],[133.92322,34.90044],[133.92308,34.90008],[133.92296,34.89997],[133.92279,34.89986],[133.92278,34.89981],[133.9229,34.89937],[133.92283,34.8991],[133.92222,34.89837],[133.92221,34.89695],[133.92183,34.89615],[133.92145,34.89482],[133.92269,34.89328],[133.9241,34.89281],[133.92542,34.89287],[133.92725,34.89324],[133.92785,34.89294],[133.92794,34.89293],[133.92787,34.89282],[133.928,34.89216],[133.92802,34.892],[133.9278,34.89126],[133.92858,34.89062],[133.92949,34.88948],[133.92996,34.88885],[133.93048,34.88813],[133.93103,34.88766],[133.9317,34.8874],[133.93198,34.88713],[133.93221,34.88681],[133.93238,34.88645],[133.93255,34.88636],[133.93278,34.88631],[133.93338,34.88621],[133.93407,34.88611],[133.93427,34.88593],[133.93439,34.8858],[133.93584,34.88535],[133.93651,34.88514],[133.937,34.88499],[133.93866,34.88415],[133.93831,34.88357],[133.93738,34.88222],[133.93596,34.88156],[133.93577,34.88146],[133.93517,34.88095],[133.93493,34.88077],[133.93446,34.88046],[133.93402,34.87986],[133.9336,34.87839],[133.93265,34.87741],[133.93121,34.8772],[133.93089,34.87661],[133.93064,34.87655],[133.93048,34.87657],[133.93012,34.8766],[133.92979,34.87646],[133.92948,34.87648],[133.92798,34.87552],[133.92793,34.87415],[133.92716,34.87306],[133.92716,34.87304],[133.92749,34.87266],[133.92778,34.87248],[133.92807,34.87261],[133.9287,34.87323],[133.92924,34.87391],[133.92945,34.87433],[133.9301,34.87443],[133.93073,34.87434],[133.93134,34.87438],[133.93172,34.87422],[133.93195,34.87422],[133.93247,34.87431],[133.93264,34.87427],[133.93282,34.87413],[133.93279,34.87387],[133.93293,34.87347],[133.93298,34.87341],[133.93361,34.8732],[133.9337,34.87323],[133.9342,34.87361],[133.93464,34.87353],[133.93547,34.87254],[133.93618,34.87162],[133.93771,34.87091],[133.93816,34.87102],[133.93884,34.87118],[133.94115,34.87117],[133.94265,34.87054],[133.94364,34.86983],[133.94385,34.87008],[133.94403,34.87011],[133.94495,34.86976],[133.94515,34.86974],[133.94559,34.86992],[133.94614,34.87029],[133.94655,34.87068],[133.94661,34.87079],[133.94685,34.87103],[133.9475,34.87118],[133.9485,34.87107],[133.94905,34.87136],[133.94922,34.8719],[133.94927,34.87236],[133.94927,34.87262],[133.94918,34.87286],[133.94974,34.87353],[133.95017,34.87336],[133.95106,34.87275],[133.95252,34.87203],[133.95321,34.8719],[133.95375,34.87204],[133.95406,34.87222],[133.95457,34.87239],[133.9553,34.87285],[133.95573,34.87319],[133.95624,34.87345],[133.95688,34.87329],[133.95922,34.873],[133.96007,34.87269],[133.961,34.87458],[133.96355,34.87417],[133.96426,34.87468],[133.96502,34.87578],[133.96636,34.87648],[133.96747,34.87628],[133.96945,34.87754],[133.97038,34.87784],[133.97209,34.87724],[133.97298,34.87763],[133.97359,34.87841],[133.97432,34.87859],[133.97538,34.87916],[133.97631,34.88069],[133.97567,34.88127],[133.9756,34.88192],[133.97577,34.88278],[133.97737,34.88374],[133.97966,34.88643],[133.98053,34.8866],[133.982,34.88684],[133.98381,34.88675],[133.98492,34.88686],[133.98566,34.88669],[133.98817,34.88683],[133.9894,34.88744],[133.99066,34.88779],[133.99104,34.88836],[133.99215,34.88849],[133.99386,34.88953],[133.99493,34.88991],[133.99561,34.89045],[133.99699,34.8909],[133.99802,34.89046],[133.99864,34.89045],[133.9993,34.89105],[134.00045,34.892],[134.0011,34.89323],[134.00201,34.89379],[134.00285,34.89401],[134.00325,34.89477],[134.00435,34.89471],[134.00453,34.89587],[134.00382,34.89695],[134.00195,34.89843],[134.00159,34.89907],[134.00114,34.90065],[134.00154,34.90203],[134.00065,34.90314],[134.0021,34.90419],[134.00235,34.90573],[134.00162,34.90663],[134.00139,34.90736],[134.00269,34.90817],[134.00321,34.90881],[134.00208,34.91014],[134.00196,34.91108],[134.00239,34.91155],[134.00247,34.9116],[134.00344,34.91201],[134.00635,34.91202],[134.00668,34.91241],[134.00697,34.91327],[134.00748,34.91367],[134.00759,34.91399],[134.00731,34.91469],[134.00856,34.91509],[134.00883,34.91643],[134.01,34.91677],[134.01124,34.91735],[134.01124,34.91779],[134.01062,34.91933],[134.01097,34.92084],[134.01153,34.92122],[134.01137,34.92226],[134.01095,34.92274],[134.011,34.92332],[134.01187,34.92381],[134.01219,34.92668],[134.01217,34.92712],[134.01298,34.92791],[134.01304,34.9289],[134.01354,34.9297],[134.01247,34.93074],[134.0124,34.93131],[134.01281,34.9318],[134.01317,34.93265],[134.01369,34.93382],[134.01432,34.93444],[134.01414,34.93472],[134.01402,34.93566],[134.01448,34.93662],[134.01563,34.93815],[134.01112,34.93746],[134.00982,34.93684],[134.00788,34.93649],[134.00741,34.93655],[134.00674,34.93713],[134.00625,34.93763],[134.00662,34.93867],[134.00652,34.93906],[134.0061,34.93949],[134.00573,34.9398],[134.00559,34.94045],[134.00525,34.94119],[134.00453,34.94146],[134.00392,34.94172],[134.0031,34.94262],[134.00335,34.94325],[134.00356,34.94374],[134.00356,34.94419],[134.00377,34.94508],[134.00386,34.9453],[134.00423,34.94605],[134.00415,34.94627],[134.00379,34.94684],[134.00375,34.947],[134.0037,34.94763],[134.00294,34.94783],[134.00239,34.94802],[134.00181,34.94855],[134.00185,34.94941],[134.00211,34.95033],[134.00189,34.95118],[134.00149,34.95124],[134.00106,34.95174],[134.00106,34.95199],[134.00058,34.95245],[134.0002,34.95319],[134.00056,34.9536],[134.00193,34.95424],[134.00248,34.95447],[134.00277,34.95477],[134.0028,34.95483],[134.00262,34.95566],[134.00245,34.9562],[134.00221,34.95729],[134.00267,34.95882],[134.00291,34.95891],[134.00354,34.95879],[134.00498,34.95838],[134.00503,34.95867],[134.00499,34.95893],[134.0048,34.95935],[134.00297,34.96095],[134.00261,34.96225],[134.00286,34.9628],[134.00446,34.96389],[134.00414,34.9645],[134.00171,34.96416],[133.99856,34.96438],[133.99645,34.96381],[133.99485,34.96384],[133.99402,34.96459],[133.99312,34.96476],[133.99233,34.96452],[133.99064,34.96305],[133.98983,34.96309],[133.98927,34.96335],[133.98762,34.96337],[133.98687,34.96375],[133.98666,34.96409]],[[133.96923,34.93],[133.96962,34.92937],[133.96965,34.9291],[133.96923,34.93]],[[133.99003,34.9219],[133.9875,34.92095],[133.98749,34.92103],[133.99003,34.9219]],[[133.97047,34.89685],[133.97035,34.89675],[133.97037,34.89682],[133.97047,34.89685]],[[133.95113,34.88732],[133.95066,34.88737],[133.95141,34.88759],[133.95113,34.88732]]]}},{"type":"Feature","properties":{"nm":"美咲町","b":[133.7617,34.9226,134.1221,35.0517],"c":[133.93836,34.98365]},"geometry":{"type":"Polygon","coordinates":[[[133.9685,35.01122],[133.96823,35.0113],[133.96725,35.01133],[133.96632,35.01122],[133.96455,35.01169],[133.96339,35.01184],[133.9626,35.01169],[133.96248,35.0111],[133.96212,35.01011],[133.96183,35.00967],[133.96134,35.00805],[133.96115,35.00783],[133.96104,35.00769],[133.96037,35.00748],[133.9597,35.00792],[133.95898,35.0083],[133.95854,35.00865],[133.95781,35.00919],[133.95736,35.00931],[133.95682,35.00892],[133.95622,35.00906],[133.95535,35.00862],[133.95474,35.00832],[133.95429,35.0086],[133.95404,35.00871],[133.95349,35.00883],[133.95308,35.00872],[133.95258,35.00848],[133.95228,35.00878],[133.95226,35.00878],[133.95211,35.00878],[133.95187,35.00893],[133.95159,35.00905],[133.95122,35.00922],[133.95099,35.00948],[133.95031,35.01048],[133.95004,35.01121],[133.94984,35.01202],[133.94975,35.01214],[133.94973,35.01218],[133.94979,35.01256],[133.94968,35.01293],[133.94923,35.01368],[133.94911,35.01394],[133.94913,35.01405],[133.94903,35.01455],[133.94862,35.01502],[133.94829,35.0152],[133.9478,35.0165],[133.94754,35.01712],[133.94767,35.01729],[133.94776,35.01774],[133.94762,35.0188],[133.94793,35.0197],[133.9479,35.02044],[133.9479,35.0213],[133.94949,35.02177],[133.94973,35.0221],[133.9503,35.02317],[133.94995,35.02398],[133.94995,35.02417],[133.95004,35.02435],[133.95007,35.02448],[133.95009,35.02454],[133.95019,35.02559],[133.95031,35.02688],[133.95032,35.02806],[133.94995,35.02858],[133.94992,35.02877],[133.95005,35.02924],[133.95041,35.0297],[133.95107,35.03033],[133.951,35.03047],[133.95132,35.03046],[133.95194,35.03136],[133.9528,35.03213],[133.95381,35.03257],[133.95421,35.0333],[133.95537,35.03355],[133.95546,35.03381],[133.95546,35.03387],[133.95545,35.03397],[133.95447,35.0351],[133.9545,35.03563],[133.95444,35.03611],[133.95453,35.03678],[133.95433,35.03735],[133.95435,35.03747],[133.95466,35.03808],[133.95539,35.03819],[133.95565,35.03843],[133.9557,35.03868],[133.95502,35.04004],[133.95526,35.04077],[133.95565,35.0409],[133.95612,35.04234],[133.95663,35.04286],[133.95649,35.04401],[133.95648,35.04412],[133.95692,35.04469],[133.95694,35.04479],[133.95675,35.04501],[133.95636,35.04513],[133.95612,35.04519],[133.95597,35.0453],[133.95579,35.04567],[133.95548,35.04643],[133.95546,35.04689],[133.95554,35.04711],[133.95572,35.04729],[133.95598,35.04742],[133.95612,35.04755],[133.95617,35.04777],[133.95633,35.04812],[133.95567,35.04864],[133.95469,35.04906],[133.95337,35.05006],[133.95318,35.05028],[133.9527,35.0513],[133.952,35.05115],[133.94904,35.05164],[133.94808,35.05168],[133.94801,35.05056],[133.94793,35.04939],[133.94804,35.04877],[133.94849,35.04744],[133.94876,35.04679],[133.94863,35.04556],[133.94864,35.04548],[133.94914,35.04512],[133.94955,35.0446],[133.94963,35.04436],[133.94964,35.04411],[133.94933,35.04361],[133.9491,35.04341],[133.94856,35.0439],[133.94842,35.04395],[133.94804,35.04392],[133.948,35.04393],[133.94687,35.04392],[133.94623,35.0439],[133.9459,35.04383],[133.94541,35.0437],[133.94505,35.04373],[133.94457,35.04365],[133.94386,35.04341],[133.94282,35.04344],[133.94266,35.04331],[133.94256,35.04315],[133.94236,35.04284],[133.94228,35.04273],[133.94196,35.04262],[133.94181,35.04255],[133.94157,35.04204],[133.94133,35.04181],[133.94097,35.04147],[133.94073,35.04135],[133.9404,35.04129],[133.94017,35.0411],[133.93998,35.04089],[133.93948,35.04033],[133.93898,35.04065],[133.9386,35.0406],[133.93837,35.04045],[133.93803,35.04016],[133.93759,35.04031],[133.93741,35.04037],[133.93707,35.0406],[133.9366,35.04121],[133.93636,35.04156],[133.93608,35.0417],[133.93563,35.04168],[133.93535,35.04151],[133.93498,35.04119],[133.93455,35.0411],[133.93414,35.04069],[133.93369,35.04056],[133.93309,35.0404],[133.93292,35.04021],[133.93258,35.04004],[133.93208,35.03996],[133.93181,35.0405],[133.93177,35.04057],[133.9315,35.04048],[133.9312,35.04037],[133.93128,35.04011],[133.93135,35.03899],[133.93242,35.0385],[133.93296,35.03807],[133.93313,35.03773],[133.93422,35.03744],[133.93471,35.0373],[133.93505,35.03725],[133.93534,35.03701],[133.93575,35.0369],[133.93644,35.03663],[133.93706,35.03639],[133.93747,35.03632],[133.93759,35.0357],[133.93777,35.03471],[133.93786,35.03449],[133.93807,35.03386],[133.93835,35.03337],[133.93841,35.03326],[133.93789,35.03297],[133.9378,35.03178],[133.93779,35.03151],[133.93783,35.02962],[133.93649,35.02923],[133.93668,35.02861],[133.93606,35.02856],[133.9343,35.0284],[133.93437,35.02791],[133.93461,35.02762],[133.93462,35.02752],[133.93461,35.02722],[133.93448,35.02705],[133.9342,35.02615],[133.93466,35.0259],[133.93468,35.02516],[133.93476,35.02469],[133.93471,35.02448],[133.93488,35.02377],[133.93501,35.02341],[133.93488,35.02241],[133.93457,35.02209],[133.93338,35.02105],[133.93344,35.02039],[133.93189,35.01991],[133.93148,35.01933],[133.93166,35.0179],[133.93029,35.016],[133.93008,35.01478],[133.93032,35.01455],[133.93012,35.01437],[133.92993,35.01426],[133.92968,35.01376],[133.92892,35.01325],[133.92866,35.01287],[133.92732,35.01235],[133.92616,35.01125],[133.92504,35.01055],[133.92424,35.01047],[133.92311,35.01027],[133.92243,35.01049],[133.92196,35.01046],[133.92099,35.01069],[133.92079,35.01084],[133.92067,35.01108],[133.92044,35.01109],[133.91911,35.01089],[133.91878,35.01127],[133.91899,35.01023],[133.92023,35.00964],[133.91977,35.0091],[133.92029,35.00863],[133.92054,35.00787],[133.92017,35.00737],[133.91951,35.00738],[133.91934,35.007],[133.91981,35.00654],[133.91894,35.00536],[133.91889,35.00526],[133.91909,35.00455],[133.91956,35.00413],[133.91809,35.00321],[133.91744,35.00232],[133.91648,35.00217],[133.91601,35.00198],[133.91479,35.0014],[133.91443,35.00133],[133.91368,35.0007],[133.9132,35.00024],[133.91301,35.00005],[133.91217,34.99968],[133.91201,34.99975],[133.91159,34.99977],[133.91092,34.99946],[133.90999,34.99867],[133.90984,34.99807],[133.90998,34.9976],[133.90948,34.99682],[133.90947,34.99655],[133.90953,34.99565],[133.90926,34.99516],[133.90928,34.99504],[133.90937,34.99437],[133.90888,34.99385],[133.90798,34.9933],[133.90777,34.99337],[133.9072,34.99299],[133.90626,34.99205],[133.90463,34.99173],[133.9043,34.99148],[133.90401,34.99049],[133.90382,34.99021],[133.90353,34.99003],[133.90333,34.98996],[133.90262,34.98951],[133.90245,34.98947],[133.90231,34.98953],[133.9018,34.98961],[133.9013,34.98956],[133.90018,34.98835],[133.89971,34.98749],[133.89985,34.98635],[133.89966,34.98623],[133.89907,34.98578],[133.89743,34.98538],[133.89682,34.98497],[133.89674,34.98489],[133.89611,34.98452],[133.89592,34.98421],[133.89547,34.98389],[133.89497,34.98403],[133.89427,34.98408],[133.89398,34.98415],[133.89338,34.98444],[133.8932,34.98457],[133.8926,34.98497],[133.89175,34.98631],[133.89145,34.98678],[133.89117,34.98716],[133.89091,34.98811],[133.89081,34.98901],[133.89047,34.98934],[133.89007,34.98976],[133.88938,34.99009],[133.88925,34.99041],[133.88809,34.9908],[133.8878,34.99096],[133.88749,34.99141],[133.88758,34.99204],[133.8872,34.99314],[133.88638,34.99337],[133.88519,34.99289],[133.88308,34.99219],[133.88273,34.99212],[133.88175,34.992],[133.88097,34.9915],[133.88069,34.99139],[133.87897,34.9905],[133.87843,34.99194],[133.87751,34.99414],[133.8769,34.99638],[133.8772,34.99678],[133.87714,34.99738],[133.8768,34.9988],[133.87549,35.00047],[133.87514,35.00114],[133.87518,35.00194],[133.87498,35.00223],[133.87425,35.0028],[133.87422,35.00326],[133.87397,35.0044],[133.87374,35.00533],[133.8737,35.00545],[133.87261,35.00649],[133.8723,35.00686],[133.87196,35.00847],[133.87211,35.00912],[133.87235,35.00941],[133.87255,35.00972],[133.87425,35.01152],[133.87536,35.01164],[133.87564,35.01164],[133.87628,35.01248],[133.8772,35.01315],[133.87779,35.01322],[133.87838,35.01282],[133.87859,35.01323],[133.87902,35.01359],[133.87951,35.01375],[133.88017,35.01356],[133.87972,35.01449],[133.87941,35.01574],[133.87928,35.01655],[133.87896,35.0176],[133.87842,35.01846],[133.87844,35.01888],[133.87882,35.02005],[133.87914,35.02037],[133.87913,35.02182],[133.87913,35.02282],[133.87847,35.02335],[133.87812,35.0238],[133.87783,35.02509],[133.87704,35.02624],[133.87733,35.02721],[133.87795,35.02802],[133.87766,35.02916],[133.87777,35.03071],[133.87751,35.0319],[133.87689,35.03287],[133.87754,35.0342],[133.87818,35.03487],[133.87786,35.03616],[133.87732,35.0367],[133.87559,35.03663],[133.87355,35.03743],[133.87345,35.03796],[133.87407,35.03923],[133.87399,35.04007],[133.87432,35.04076],[133.87442,35.04089],[133.87483,35.04162],[133.87498,35.04222],[133.87459,35.04247],[133.87292,35.0427],[133.87111,35.04274],[133.87029,35.04272],[133.86731,35.04264],[133.86623,35.04257],[133.86524,35.04232],[133.86443,35.04183],[133.86399,35.04105],[133.86366,35.04028],[133.86306,35.04018],[133.8626,35.04024],[133.86206,35.0404],[133.86141,35.03983],[133.86062,35.03987],[133.85857,35.04017],[133.85824,35.04024],[133.85797,35.04007],[133.85726,35.03965],[133.85685,35.03991],[133.85646,35.04022],[133.85613,35.04033],[133.85556,35.04003],[133.85527,35.03984],[133.8549,35.03974],[133.8544,35.04011],[133.85426,35.04032],[133.85397,35.04065],[133.85368,35.04072],[133.85231,35.03932],[133.85193,35.03933],[133.85119,35.03964],[133.85106,35.03964],[133.85034,35.03938],[133.85,35.03937],[133.84936,35.03971],[133.84857,35.03973],[133.84816,35.03972],[133.84761,35.04013],[133.84658,35.03985],[133.84598,35.03991],[133.84484,35.03971],[133.84412,35.03933],[133.84385,35.0386],[133.84318,35.03807],[133.84244,35.03815],[133.8416,35.03853],[133.84147,35.03878],[133.84201,35.04005],[133.84228,35.04037],[133.84222,35.04091],[133.84175,35.04078],[133.84158,35.0407],[133.84124,35.04066],[133.84037,35.04033],[133.8401,35.04052],[133.84003,35.04074],[133.83979,35.04107],[133.83977,35.04123],[133.83961,35.04162],[133.83949,35.04225],[133.83894,35.04289],[133.83856,35.04302],[133.83793,35.04401],[133.83779,35.04454],[133.83724,35.04518],[133.83648,35.04585],[133.8362,35.04622],[133.83611,35.04648],[133.83588,35.04703],[133.83568,35.04718],[133.83541,35.04728],[133.83525,35.04709],[133.83515,35.04701],[133.83479,35.04674],[133.83454,35.04672],[133.83418,35.04644],[133.83377,35.04639],[133.83321,35.04611],[133.83221,35.04576],[133.83187,35.04518],[133.83165,35.04446],[133.8304,35.04479],[133.82937,35.0444],[133.82848,35.04442],[133.82796,35.04421],[133.82749,35.04412],[133.82657,35.04448],[133.82624,35.04469],[133.82605,35.04465],[133.82508,35.04391],[133.82353,35.04341],[133.82298,35.04233],[133.82255,35.04203],[133.82109,35.04207],[133.81936,35.04429],[133.81846,35.04458],[133.81768,35.04388],[133.81548,35.04344],[133.81704,35.04224],[133.81736,35.0391],[133.81814,35.03855],[133.81933,35.03839],[133.81961,35.03801],[133.81907,35.03705],[133.81956,35.03575],[133.81891,35.03549],[133.81865,35.03441],[133.81815,35.0341],[133.81701,35.03417],[133.81608,35.0337],[133.81634,35.03325],[133.81521,35.03266],[133.81469,35.03215],[133.8152,35.03159],[133.81537,35.03109],[133.81378,35.03035],[133.81218,35.0299],[133.81162,35.02719],[133.81122,35.027],[133.80987,35.02688],[133.80847,35.027],[133.80813,35.0266],[133.80518,35.0263],[133.80522,35.02528],[133.80499,35.02468],[133.80435,35.02419],[133.80259,35.02241],[133.80177,35.02254],[133.80054,35.02162],[133.79933,35.02136],[133.79802,35.02196],[133.79734,35.0219],[133.79614,35.02125],[133.79422,35.02142],[133.793,35.02153],[133.79258,35.02103],[133.79135,35.02052],[133.79014,35.02055],[133.78971,35.02031],[133.78917,35.02044],[133.78823,35.02002],[133.78647,35.01972],[133.78525,35.01971],[133.785,35.01965],[133.78447,35.01882],[133.78439,35.01787],[133.78389,35.01701],[133.78467,35.01646],[133.78521,35.01593],[133.78644,35.01644],[133.78709,35.01596],[133.78704,35.01499],[133.78782,35.01506],[133.7883,35.01409],[133.7883,35.01183],[133.78906,35.01168],[133.78967,35.00955],[133.78898,35.00884],[133.78856,35.00761],[133.78874,35.00708],[133.78841,35.00654],[133.7875,35.00652],[133.78605,35.00415],[133.78586,35.00293],[133.78666,35.003],[133.7872,35.00257],[133.78765,35.00158],[133.78701,35.00029],[133.78692,34.9996],[133.78639,34.99851],[133.78622,34.99759],[133.78658,34.99734],[133.78627,34.99609],[133.78739,34.99535],[133.78818,34.99445],[133.78837,34.99371],[133.78782,34.99274],[133.78857,34.99067],[133.78815,34.98958],[133.78756,34.98915],[133.78917,34.98737],[133.79019,34.98644],[133.79169,34.98541],[133.79337,34.98297],[133.7943,34.98222],[133.79664,34.98158],[133.79912,34.98113],[133.8007,34.9808],[133.80271,34.97972],[133.80321,34.97902],[133.80359,34.97834],[133.80366,34.97717],[133.80412,34.9757],[133.80469,34.97495],[133.80499,34.97426],[133.80479,34.9734],[133.80511,34.97238],[133.80487,34.97098],[133.80481,34.97005],[133.80513,34.9692],[133.80499,34.96856],[133.80239,34.96583],[133.80256,34.96488],[133.80342,34.96286],[133.80499,34.96202],[133.80532,34.96093],[133.80608,34.96098],[133.80673,34.96062],[133.8067,34.96014],[133.8076,34.95853],[133.80767,34.95799],[133.80832,34.95726],[133.80797,34.95656],[133.8083,34.95486],[133.80934,34.95469],[133.80951,34.95363],[133.80884,34.95253],[133.80888,34.95153],[133.80753,34.95134],[133.80552,34.95144],[133.80384,34.95187],[133.80297,34.95259],[133.80174,34.95311],[133.80063,34.95317],[133.80005,34.95375],[133.79984,34.9549],[133.80033,34.95653],[133.79931,34.95883],[133.79792,34.95974],[133.7969,34.95987],[133.79497,34.95933],[133.79425,34.95927],[133.79217,34.95922],[133.79124,34.95886],[133.79044,34.95791],[133.78999,34.95668],[133.78925,34.95563],[133.78803,34.95554],[133.78753,34.95494],[133.78664,34.95482],[133.78559,34.9553],[133.78501,34.95603],[133.78469,34.95791],[133.78406,34.95873],[133.78277,34.95931],[133.78214,34.9601],[133.78093,34.96114],[133.77961,34.9614],[133.77868,34.96116],[133.77704,34.96103],[133.77656,34.96067],[133.77503,34.96076],[133.77399,34.96023],[133.7736,34.96045],[133.7725,34.96074],[133.77169,34.96033],[133.77051,34.95893],[133.77067,34.95862],[133.76989,34.95804],[133.76974,34.95753],[133.76859,34.95677],[133.76661,34.95683],[133.76583,34.95638],[133.76523,34.95537],[133.76378,34.95486],[133.7634,34.95455],[133.76259,34.95311],[133.76171,34.95246],[133.76286,34.95156],[133.76249,34.94976],[133.7625,34.94931],[133.76371,34.94841],[133.7639,34.94709],[133.76433,34.94604],[133.7641,34.9456],[133.76321,34.94531],[133.76555,34.94361],[133.76626,34.94149],[133.76575,34.94046],[133.76589,34.93881],[133.76634,34.93726],[133.76655,34.93719],[133.76816,34.9369],[133.7693,34.93586],[133.77053,34.93632],[133.77236,34.93638],[133.77367,34.93548],[133.77401,34.93468],[133.77499,34.93352],[133.77555,34.93399],[133.77627,34.93552],[133.77688,34.93576],[133.77788,34.9352],[133.77915,34.93247],[133.77883,34.93155],[133.77955,34.92966],[133.78048,34.92912],[133.78132,34.92941],[133.78224,34.92904],[133.78299,34.92914],[133.78381,34.92948],[133.7842,34.93031],[133.78475,34.93036],[133.78545,34.92988],[133.78643,34.92962],[133.78733,34.92892],[133.78764,34.92836],[133.78907,34.92885],[133.78984,34.92866],[133.79058,34.92784],[133.79132,34.92848],[133.79199,34.92854],[133.79238,34.92897],[133.79235,34.92982],[133.79362,34.93031],[133.79378,34.93108],[133.79362,34.93234],[133.79402,34.93257],[133.79494,34.93238],[133.79569,34.93271],[133.79813,34.93318],[133.79905,34.93369],[133.79929,34.93413],[133.79878,34.93472],[133.7993,34.93616],[133.79913,34.93696],[133.7983,34.93831],[133.79844,34.93929],[133.79943,34.93967],[133.80117,34.93946],[133.80215,34.9399],[133.80329,34.93953],[133.80506,34.93954],[133.80688,34.94011],[133.80749,34.94101],[133.80833,34.94177],[133.80899,34.94204],[133.80949,34.94288],[133.81007,34.94511],[133.81131,34.94627],[133.81282,34.94611],[133.81403,34.94639],[133.81542,34.94781],[133.81667,34.94941],[133.81757,34.95027],[133.8209,34.95264],[133.82176,34.95289],[133.82312,34.95288],[133.83039,34.95179],[133.83158,34.95142],[133.83305,34.95059],[133.83388,34.94969],[133.83467,34.94699],[133.83537,34.94514],[133.8359,34.94477],[133.84344,34.945],[133.84489,34.94432],[133.8455,34.94348],[133.84576,34.94209],[133.84582,34.94018],[133.84606,34.93902],[133.8473,34.93691],[133.8491,34.93541],[133.85025,34.93426],[133.85219,34.93619],[133.85273,34.9384],[133.85286,34.93912],[133.85231,34.9399],[133.85167,34.94027],[133.85101,34.94104],[133.8498,34.94196],[133.84918,34.94295],[133.85099,34.94331],[133.85217,34.94395],[133.85245,34.94535],[133.85436,34.94518],[133.85526,34.9445],[133.85665,34.94297],[133.8583,34.94314],[133.86098,34.94375],[133.8618,34.94239],[133.86187,34.94187],[133.8625,34.94151],[133.86283,34.94091],[133.86299,34.93956],[133.86303,34.93855],[133.86395,34.93797],[133.86399,34.937],[133.86551,34.93671],[133.86555,34.93652],[133.86603,34.93472],[133.86677,34.93391],[133.86849,34.93284],[133.86918,34.9328],[133.86913,34.93391],[133.86899,34.93409],[133.86906,34.9348],[133.86905,34.93484],[133.86881,34.93499],[133.86866,34.93516],[133.86859,34.93539],[133.86859,34.93558],[133.86862,34.93583],[133.86865,34.93598],[133.86873,34.93615],[133.86873,34.93664],[133.86884,34.93737],[133.86879,34.93758],[133.86888,34.93777],[133.86902,34.93784],[133.8694,34.93791],[133.86998,34.93797],[133.87025,34.938],[133.87017,34.93863],[133.87068,34.9385],[133.87082,34.93856],[133.8711,34.93867],[133.8716,34.93873],[133.87262,34.93904],[133.87318,34.93978],[133.87355,34.94009],[133.87445,34.94046],[133.87515,34.94077],[133.87551,34.94084],[133.87606,34.94091],[133.87633,34.94138],[133.87827,34.94333],[133.87919,34.94381],[133.88024,34.94459],[133.88042,34.9449],[133.88144,34.94617],[133.88195,34.94715],[133.88241,34.9476],[133.88273,34.94815],[133.88274,34.94816],[133.88311,34.94824],[133.88405,34.94832],[133.88488,34.94838],[133.88506,34.94879],[133.88647,34.94815],[133.88695,34.94727],[133.88705,34.94692],[133.88733,34.94655],[133.88782,34.94644],[133.88735,34.94557],[133.88775,34.94457],[133.88785,34.94422],[133.88835,34.94375],[133.88904,34.94392],[133.88984,34.94482],[133.89029,34.94499],[133.8923,34.9451],[133.89217,34.94469],[133.89223,34.94449],[133.89242,34.94444],[133.89312,34.94439],[133.89334,34.94441],[133.89469,34.94456],[133.89496,34.94446],[133.89543,34.94436],[133.89601,34.94469],[133.89601,34.94476],[133.89597,34.94496],[133.89602,34.94507],[133.89613,34.94507],[133.89668,34.94515],[133.89768,34.94476],[133.89772,34.94463],[133.89768,34.94403],[133.8978,34.94352],[133.89828,34.94312],[133.89849,34.94285],[133.90075,34.94296],[133.90176,34.94295],[133.90179,34.94329],[133.90184,34.94346],[133.90198,34.94398],[133.90215,34.9443],[133.90167,34.94431],[133.9017,34.94482],[133.90204,34.94534],[133.90161,34.94641],[133.9016,34.94658],[133.90163,34.94661],[133.90165,34.94663],[133.90184,34.94667],[133.90221,34.94653],[133.90254,34.94629],[133.90269,34.94604],[133.90283,34.94572],[133.90339,34.94606],[133.90394,34.94624],[133.90426,34.94713],[133.90505,34.94765],[133.90519,34.94785],[133.90511,34.94851],[133.90567,34.94881],[133.90617,34.94892],[133.90798,34.94866],[133.90842,34.94829],[133.90916,34.94787],[133.91076,34.94775],[133.91178,34.94706],[133.91211,34.94653],[133.91216,34.94645],[133.91213,34.94641],[133.91212,34.9464],[133.91196,34.94634],[133.91191,34.94632],[133.91171,34.94625],[133.91166,34.94625],[133.91159,34.94624],[133.91138,34.94623],[133.9105,34.94608],[133.91038,34.94601],[133.91031,34.94589],[133.91025,34.94578],[133.91024,34.94567],[133.91023,34.94559],[133.91023,34.94557],[133.91023,34.94553],[133.91023,34.94552],[133.91024,34.94534],[133.91028,34.94498],[133.91028,34.94497],[133.9102,34.94464],[133.91011,34.94396],[133.91009,34.9438],[133.91006,34.94367],[133.91005,34.94359],[133.91031,34.94405],[133.91177,34.94439],[133.91344,34.94509],[133.9148,34.94606],[133.91593,34.9467],[133.91767,34.94742],[133.91825,34.94835],[133.91852,34.94966],[133.91981,34.95],[133.921,34.94998],[133.92107,34.95057],[133.92209,34.9511],[133.92277,34.95211],[133.92329,34.95381],[133.92281,34.95516],[133.92362,34.95601],[133.92392,34.95662],[133.92617,34.95795],[133.92662,34.95977],[133.92632,34.9601],[133.92601,34.96241],[133.92648,34.96333],[133.92876,34.96452],[133.92916,34.96412],[133.93053,34.96491],[133.93047,34.96555],[133.93087,34.96609],[133.93235,34.96594],[133.93397,34.96651],[133.9351,34.96792],[133.93482,34.96997],[133.93494,34.97056],[133.93549,34.97248],[133.93526,34.97346],[133.93477,34.9741],[133.9355,34.97437],[133.93592,34.97504],[133.93767,34.9756],[133.93775,34.97514],[133.94004,34.9734],[133.94101,34.97312],[133.9417,34.97193],[133.94207,34.97042],[133.94257,34.96968],[133.94459,34.96879],[133.94619,34.96773],[133.94649,34.96661],[133.94765,34.96589],[133.94937,34.96614],[133.95082,34.96571],[133.95244,34.96568],[133.95315,34.96597],[133.95403,34.96588],[133.95478,34.9653],[133.95518,34.96454],[133.95505,34.96398],[133.95552,34.96342],[133.95655,34.96306],[133.95639,34.96281],[133.95766,34.96212],[133.9583,34.96222],[133.95875,34.96179],[133.9603,34.96111],[133.96181,34.96111],[133.96336,34.9606],[133.96346,34.95997],[133.96434,34.96002],[133.96462,34.96046],[133.9659,34.96073],[133.96553,34.96115],[133.96712,34.96173],[133.96746,34.96233],[133.96876,34.96174],[133.97159,34.96168],[133.97337,34.96184],[133.97478,34.9626],[133.97515,34.96302],[133.97742,34.96447],[133.97937,34.96442],[133.98073,34.96471],[133.98157,34.96435],[133.9823,34.96442],[133.98319,34.96374],[133.98458,34.96378],[133.9859,34.96413],[133.98653,34.96453],[133.98666,34.96409],[133.98687,34.96375],[133.98762,34.96337],[133.98927,34.96335],[133.98983,34.96309],[133.99064,34.96305],[133.99233,34.96452],[133.99312,34.96476],[133.99402,34.96459],[133.99485,34.96384],[133.99645,34.96381],[133.99856,34.96438],[134.00171,34.96416],[134.00414,34.9645],[134.00446,34.96389],[134.00286,34.9628],[134.00261,34.96225],[134.00297,34.96095],[134.0048,34.95935],[134.00499,34.95893],[134.00503,34.95867],[134.00498,34.95838],[134.00354,34.95879],[134.00291,34.95891],[134.00267,34.95882],[134.00221,34.95729],[134.00245,34.9562],[134.00262,34.95566],[134.0028,34.95483],[134.00277,34.95477],[134.00248,34.95447],[134.00193,34.95424],[134.00056,34.9536],[134.0002,34.95319],[134.00058,34.95245],[134.00106,34.95199],[134.00106,34.95174],[134.00149,34.95124],[134.00189,34.95118],[134.00211,34.95033],[134.00185,34.94941],[134.00181,34.94855],[134.00239,34.94802],[134.00294,34.94783],[134.0037,34.94763],[134.00375,34.947],[134.00379,34.94684],[134.00415,34.94627],[134.00423,34.94605],[134.00386,34.9453],[134.00377,34.94508],[134.00356,34.94419],[134.00356,34.94374],[134.00335,34.94325],[134.0031,34.94262],[134.00392,34.94172],[134.00453,34.94146],[134.00525,34.94119],[134.00559,34.94045],[134.00573,34.9398],[134.0061,34.93949],[134.00652,34.93906],[134.00662,34.93867],[134.00625,34.93763],[134.00674,34.93713],[134.00741,34.93655],[134.00788,34.93649],[134.00982,34.93684],[134.01112,34.93746],[134.01563,34.93815],[134.01672,34.93878],[134.01754,34.93925],[134.01926,34.9411],[134.01932,34.94141],[134.01906,34.94192],[134.01875,34.94213],[134.0185,34.94313],[134.01873,34.94347],[134.01875,34.94356],[134.01806,34.94489],[134.01812,34.94532],[134.01916,34.94586],[134.01998,34.94584],[134.02067,34.946],[134.02168,34.94664],[134.02261,34.94781],[134.02282,34.94864],[134.0251,34.95089],[134.02563,34.95016],[134.02548,34.94953],[134.02699,34.9492],[134.02903,34.94672],[134.02998,34.94621],[134.0311,34.94615],[134.03245,34.94466],[134.03361,34.94403],[134.03436,34.94393],[134.03559,34.94433],[134.03676,34.94344],[134.03818,34.94318],[134.03927,34.94342],[134.04049,34.9433],[134.04114,34.94251],[134.04299,34.94139],[134.04429,34.94036],[134.04562,34.94009],[134.04714,34.93899],[134.04924,34.93799],[134.04974,34.93791],[134.04915,34.93721],[134.04941,34.93669],[134.05164,34.93716],[134.05244,34.93748],[134.05286,34.93771],[134.05345,34.93791],[134.05385,34.93811],[134.05415,34.93823],[134.05464,34.93834],[134.05502,34.93836],[134.05708,34.93831],[134.05827,34.93851],[134.05895,34.93945],[134.06204,34.93831],[134.06368,34.93795],[134.06415,34.93786],[134.06504,34.93753],[134.06656,34.93731],[134.06731,34.93685],[134.06788,34.93765],[134.06835,34.93774],[134.06978,34.93795],[134.07063,34.93858],[134.07124,34.93901],[134.07169,34.93968],[134.07257,34.94128],[134.07466,34.9409],[134.07625,34.94087],[134.07913,34.941],[134.08221,34.94164],[134.08504,34.94234],[134.08689,34.9426],[134.0882,34.94236],[134.08928,34.94175],[134.0899,34.94113],[134.08994,34.94109],[134.09074,34.93997],[134.09142,34.93842],[134.09162,34.93716],[134.09103,34.93576],[134.09026,34.93467],[134.08873,34.9309],[134.08888,34.92967],[134.08981,34.92832],[134.09135,34.92772],[134.09185,34.92739],[134.09328,34.92647],[134.09543,34.92557],[134.09637,34.92552],[134.09804,34.9245],[134.09897,34.92307],[134.09997,34.92299],[134.10121,34.92283],[134.10221,34.92264],[134.10224,34.92276],[134.10232,34.92302],[134.10255,34.92342],[134.1033,34.92422],[134.10477,34.925],[134.10678,34.92538],[134.10876,34.92561],[134.10867,34.92671],[134.10739,34.92815],[134.10767,34.92898],[134.10957,34.93005],[134.11115,34.93057],[134.11217,34.93075],[134.1121,34.93254],[134.11307,34.93259],[134.11457,34.93223],[134.11718,34.9313],[134.11989,34.93129],[134.12069,34.93107],[134.12123,34.9313],[134.12181,34.93255],[134.12212,34.9345],[134.12166,34.93557],[134.1212,34.93571],[134.12098,34.93572],[134.11975,34.93577],[134.11902,34.93706],[134.11562,34.93772],[134.11362,34.93851],[134.11233,34.93956],[134.11195,34.93985],[134.11001,34.9406],[134.10802,34.94267],[134.10779,34.94325],[134.10793,34.94403],[134.10704,34.94487],[134.10617,34.94615],[134.10626,34.94711],[134.10526,34.94759],[134.10388,34.94895],[134.10431,34.94984],[134.10355,34.95068],[134.10338,34.95137],[134.10335,34.95144],[134.1023,34.95258],[134.1016,34.95274],[134.10154,34.9529],[134.10159,34.95321],[134.10013,34.95249],[134.10158,34.95322],[134.10132,34.95376],[134.10077,34.95395],[134.1,34.95375],[134.09979,34.95425],[134.09866,34.95444],[134.09747,34.954],[134.09663,34.95407],[134.09519,34.95477],[134.09447,34.95537],[134.09294,34.95576],[134.09283,34.95651],[134.09229,34.95724],[134.09277,34.95896],[134.09354,34.95965],[134.0928,34.96003],[134.09185,34.96125],[134.09233,34.96269],[134.09181,34.96328],[134.08971,34.96286],[134.08869,34.96324],[134.08855,34.96336],[134.08824,34.9638],[134.08845,34.96359],[134.08836,34.96402],[134.09122,34.96508],[134.0924,34.96514],[134.0931,34.96477],[134.09385,34.9648],[134.09502,34.96582],[134.09713,34.96599],[134.09738,34.96549],[134.09951,34.96597],[134.10029,34.96782],[134.10047,34.96884],[134.10091,34.96944],[134.10196,34.97002],[134.10289,34.97108],[134.10471,34.97212],[134.10606,34.97245],[134.10706,34.9724],[134.1084,34.97281],[134.10706,34.9725],[134.10703,34.97341],[134.10667,34.97467],[134.10702,34.97553],[134.10638,34.97652],[134.10559,34.97687],[134.10379,34.97628],[134.10351,34.9754],[134.10211,34.97454],[134.10065,34.9744],[134.10021,34.97471],[134.10025,34.9776],[134.10073,34.97787],[134.1026,34.97791],[134.10348,34.97818],[134.1029,34.9793],[134.10277,34.98093],[134.10408,34.98142],[134.10513,34.98219],[134.10502,34.98273],[134.10283,34.98269],[134.10123,34.98364],[134.09986,34.98394],[134.0999,34.98444],[134.09933,34.9862],[134.09987,34.9877],[134.09996,34.98856],[134.1014,34.98911],[134.10178,34.98972],[134.10332,34.98972],[134.10437,34.98951],[134.10577,34.98979],[134.10616,34.98911],[134.1075,34.98895],[134.10944,34.98977],[134.10965,34.99045],[134.11087,34.99242],[134.10918,34.99216],[134.10827,34.99088],[134.10674,34.99089],[134.10652,34.99192],[134.10653,34.99211],[134.1048,34.99288],[134.10409,34.99304],[134.10372,34.99348],[134.10204,34.99449],[134.10193,34.99488],[134.10104,34.99561],[134.10028,34.99655],[134.09891,34.99602],[134.09759,34.99572],[134.09595,34.99363],[134.0956,34.99292],[134.09446,34.99163],[134.09492,34.99013],[134.09412,34.98939],[134.09345,34.98723],[134.09386,34.98632],[134.09323,34.98648],[134.09179,34.98733],[134.09154,34.98794],[134.08958,34.9878],[134.08889,34.98708],[134.08772,34.98745],[134.08693,34.988],[134.0874,34.98903],[134.0882,34.9897],[134.08821,34.99091],[134.08732,34.99181],[134.08702,34.99276],[134.08644,34.99317],[134.08626,34.99392],[134.08668,34.99508],[134.0867,34.99666],[134.08717,34.99732],[134.0876,34.99761],[134.08768,34.99766],[134.0879,34.9979],[134.08806,34.99823],[134.08818,34.99843],[134.08844,34.99863],[134.08886,34.99888],[134.08908,34.99911],[134.08978,34.99928],[134.0904,34.9996],[134.09052,34.99992],[134.0905,35.00003],[134.09035,35.00039],[134.09027,35.00104],[134.09006,35.00137],[134.08982,35.0017],[134.08981,35.00196],[134.08985,35.00219],[134.09025,35.00261],[134.09059,35.00291],[134.09081,35.00368],[134.09044,35.00443],[134.09025,35.00499],[134.08987,35.00587],[134.08996,35.00658],[134.08971,35.00698],[134.08872,35.00709],[134.08858,35.00785],[134.08829,35.00818],[134.0879,35.00835],[134.08737,35.00944],[134.08791,35.00998],[134.08804,35.01046],[134.08817,35.01101],[134.08814,35.01122],[134.08817,35.01138],[134.0882,35.01148],[134.08817,35.01177],[134.08758,35.01188],[134.08732,35.01222],[134.08712,35.01306],[134.08726,35.01386],[134.08726,35.01432],[134.08722,35.01449],[134.08711,35.01513],[134.08703,35.01561],[134.08679,35.0158],[134.08604,35.01695],[134.08575,35.01725],[134.08536,35.01746],[134.08546,35.01795],[134.085,35.01831],[134.08446,35.01865],[134.0841,35.01868],[134.08386,35.01926],[134.08304,35.01982],[134.0827,35.02041],[134.08242,35.0206],[134.08228,35.02064],[134.08149,35.02129],[134.08072,35.02202],[134.08054,35.02235],[134.07983,35.0226],[134.07887,35.02369],[134.07824,35.02398],[134.07811,35.02413],[134.07658,35.02482],[134.07557,35.02479],[134.07532,35.02469],[134.07525,35.02471],[134.07354,35.02487],[134.07188,35.02394],[134.0707,35.02255],[134.06977,35.02263],[134.06889,35.023],[134.06693,35.02257],[134.065,35.0225],[134.06436,35.0219],[134.06351,35.02051],[134.06205,35.02099],[134.06162,35.02135],[134.06078,35.02101],[134.05942,35.022],[134.05914,35.02282],[134.05856,35.02269],[134.05834,35.02394],[134.05711,35.02495],[134.05504,35.02556],[134.05319,35.02499],[134.05285,35.02513],[134.05155,35.02489],[134.05087,35.02586],[134.05012,35.02589],[134.04927,35.02537],[134.04745,35.02566],[134.04703,35.0257],[134.04662,35.02611],[134.04623,35.02592],[134.04597,35.02585],[134.04514,35.02564],[134.04484,35.02549],[134.0442,35.02543],[134.04365,35.0255],[134.04342,35.0251],[134.0432,35.02486],[134.04305,35.02481],[134.04282,35.02469],[134.04227,35.02384],[134.0421,35.02361],[134.04161,35.02338],[134.04155,35.02334],[134.04143,35.02303],[134.04144,35.02148],[134.0416,35.02128],[134.04171,35.0209],[134.04061,35.02011],[134.03986,35.01948],[134.03964,35.01918],[134.039,35.0188],[134.03851,35.01867],[134.03824,35.01847],[134.03805,35.01827],[134.03748,35.01806],[134.03735,35.01803],[134.03677,35.01767],[134.03524,35.01668],[134.0345,35.01599],[134.03419,35.01528],[134.0337,35.01499],[134.03234,35.01489],[134.03168,35.01452],[134.03262,35.01356],[134.03282,35.01329],[134.03454,35.01038],[134.03481,35.00997],[134.03572,35.00867],[134.03707,35.00598],[134.03793,35.00489],[134.03826,35.00451],[134.03932,35.0033],[134.04025,35.00229],[134.03942,35.00194],[134.03812,35.00163],[134.03675,35.00197],[134.03589,35.00266],[134.03477,35.00294],[134.0324,35.00224],[134.03171,35.0027],[134.03077,35.00236],[134.02982,35.00251],[134.02887,35.00347],[134.02865,35.00422],[134.02758,35.00474],[134.02646,35.00486],[134.02641,35.0058],[134.02563,35.00672],[134.02579,35.00809],[134.02499,35.00605],[134.02384,35.00579],[134.02339,35.00622],[134.02282,35.00612],[134.01997,35.00738],[134.01814,35.00851],[134.01793,35.00883],[134.01764,35.00914],[134.01624,35.00928],[134.0159,35.00948],[134.01564,35.00987],[134.01537,35.01026],[134.01513,35.01052],[134.01492,35.01071],[134.01453,35.011],[134.01429,35.01128],[134.01421,35.01152],[134.01405,35.01167],[134.0139,35.01176],[134.01368,35.01185],[134.01332,35.01206],[134.01332,35.01236],[134.01338,35.01305],[134.01341,35.01346],[134.0124,35.01341],[134.01061,35.01504],[134.01137,35.01554],[134.01219,35.01595],[134.01175,35.01683],[134.01139,35.01721],[134.0109,35.01755],[134.01083,35.01776],[134.01099,35.01796],[134.01104,35.01843],[134.01097,35.01859],[134.01074,35.01876],[134.01027,35.01893],[134.00907,35.01836],[134.00891,35.01825],[134.00864,35.01768],[134.00795,35.01727],[134.00726,35.01704],[134.00656,35.01674],[134.0063,35.0166],[134.00627,35.01656],[134.00559,35.0158],[134.00546,35.01573],[134.00491,35.01564],[134.0037,35.01647],[134.00346,35.01717],[134.00344,35.01727],[134.00343,35.01737],[134.00341,35.01777],[134.00288,35.01831],[134.0026,35.01836],[134.00216,35.01847],[134.00203,35.01858],[134.00109,35.01978],[133.99975,35.02031],[133.99885,35.02061],[133.99801,35.02086],[133.99721,35.02103],[133.99677,35.02101],[133.99618,35.02101],[133.99601,35.02106],[133.99512,35.02152],[133.99478,35.02182],[133.99464,35.02201],[133.99457,35.0222],[133.99453,35.02237],[133.99435,35.02264],[133.99412,35.02302],[133.99406,35.02307],[133.99376,35.02319],[133.99341,35.02348],[133.99308,35.0241],[133.99302,35.02415],[133.99232,35.02413],[133.99169,35.02514],[133.99162,35.02531],[133.99126,35.02598],[133.99016,35.02625],[133.98957,35.02629],[133.98883,35.02661],[133.98869,35.02667],[133.9881,35.02636],[133.98796,35.02625],[133.98773,35.02571],[133.98763,35.02554],[133.98706,35.02527],[133.98634,35.02488],[133.98609,35.0248],[133.98575,35.02487],[133.98518,35.02483],[133.98376,35.02401],[133.98325,35.02361],[133.98288,35.0233],[133.98136,35.02248],[133.981,35.02226],[133.97943,35.02155],[133.97924,35.02028],[133.97856,35.01991],[133.9773,35.01971],[133.97702,35.01935],[133.97691,35.01911],[133.97704,35.01875],[133.9769,35.01857],[133.97658,35.01812],[133.97623,35.01724],[133.97594,35.01631],[133.97589,35.01587],[133.97564,35.0156],[133.97521,35.0154],[133.97305,35.01501],[133.97263,35.01525],[133.97222,35.01546],[133.97213,35.01545],[133.97214,35.01521],[133.97202,35.01475],[133.97202,35.01393],[133.97193,35.0133],[133.97211,35.01298],[133.97242,35.01256],[133.97302,35.01189],[133.97271,35.01179],[133.97194,35.01173],[133.97187,35.01173],[133.97142,35.01171],[133.97094,35.01148],[133.96881,35.0111],[133.9685,35.01122]],[[134.04025,35.00229],[134.04058,35.00188],[134.04097,35.00119],[134.04025,35.00229]],[[133.93951,35.01299],[133.93935,35.01297],[133.93947,35.0133],[133.93951,35.01299]],[[133.93744,35.01598],[133.93768,35.01606],[133.93723,35.01517],[133.93744,35.01598]],[[133.94178,35.03747],[133.94148,35.03723],[133.94208,35.03775],[133.94178,35.03747]]]}},{"type":"Feature","properties":{"nm":"吉備中央町","b":[133.6399,34.7435,133.8782,34.9554],"c":[133.75104,34.85868]},"geometry":{"type":"MultiPolygon","coordinates":[[[[133.65862,34.85648],[133.65725,34.85446],[133.65634,34.85263],[133.65484,34.85107],[133.65304,34.85036],[133.65228,34.85067],[133.65107,34.85063],[133.65087,34.8504],[133.65131,34.84926],[133.6504,34.84881],[133.64795,34.84814],[133.647,34.84739],[133.64622,34.84635],[133.64575,34.84511],[133.6457,34.84276],[133.64547,34.84229],[133.64506,34.84155],[133.64468,34.83998],[133.64434,34.83942],[133.64333,34.83869],[133.64214,34.83809],[133.6417,34.83728],[133.64069,34.83614],[133.64057,34.83576],[133.64085,34.8335],[133.63993,34.83244],[133.64023,34.8311],[133.64026,34.83093],[133.6403,34.83067],[133.64134,34.82936],[133.64246,34.82916],[133.64444,34.82843],[133.64512,34.82804],[133.6458,34.82802],[133.64653,34.8278],[133.64738,34.82718],[133.64789,34.82698],[133.64831,34.8266],[133.64834,34.82633],[133.64746,34.82524],[133.64773,34.82392],[133.6483,34.82329],[133.64804,34.82232],[133.64796,34.82176],[133.64777,34.82112],[133.64787,34.82069],[133.6477,34.82023],[133.64773,34.81924],[133.648,34.81924],[133.64912,34.81913],[133.65012,34.81898],[133.65129,34.81858],[133.65124,34.81827],[133.65025,34.81871],[133.64827,34.81887],[133.64791,34.81821],[133.64805,34.81644],[133.64756,34.81537],[133.6476,34.8141],[133.64857,34.8129],[133.65026,34.81328],[133.65104,34.81187],[133.6506,34.81143],[133.65038,34.81045],[133.6505,34.81024],[133.65212,34.80944],[133.65339,34.80816],[133.65361,34.80808],[133.65382,34.80789],[133.6541,34.80751],[133.65459,34.80692],[133.65472,34.8069],[133.65474,34.80654],[133.65631,34.80476],[133.6565,34.8046],[133.65725,34.8037],[133.65714,34.80354],[133.65723,34.80331],[133.65737,34.80305],[133.65824,34.80295],[133.65836,34.80291],[133.65824,34.80271],[133.65786,34.80264],[133.65806,34.80222],[133.65811,34.80206],[133.65843,34.80155],[133.6592,34.80024],[133.65886,34.79982],[133.6597,34.79941],[133.66013,34.79941],[133.65984,34.79923],[133.65987,34.79843],[133.65966,34.79724],[133.66036,34.79669],[133.66076,34.79655],[133.66037,34.79539],[133.65999,34.79465],[133.65933,34.79435],[133.65899,34.79398],[133.65902,34.79335],[133.65896,34.79235],[133.65983,34.79187],[133.66024,34.79065],[133.66076,34.78963],[133.66083,34.78947],[133.66154,34.78864],[133.6619,34.78869],[133.66249,34.78841],[133.66221,34.78784],[133.66248,34.78683],[133.66163,34.78631],[133.66161,34.78589],[133.6618,34.78512],[133.66106,34.78397],[133.66196,34.78221],[133.66107,34.7814],[133.66151,34.78082],[133.66185,34.77926],[133.66214,34.77871],[133.66339,34.77778],[133.66588,34.77612],[133.66665,34.77515],[133.66764,34.77282],[133.66862,34.77267],[133.6693,34.77263],[133.66987,34.77192],[133.67114,34.77109],[133.67227,34.77094],[133.67375,34.77018],[133.67391,34.76872],[133.67475,34.76747],[133.6749,34.76687],[133.67491,34.76622],[133.67437,34.76529],[133.67409,34.76419],[133.67424,34.76318],[133.67454,34.7629],[133.6763,34.76295],[133.6768,34.76267],[133.67754,34.7613],[133.67777,34.76112],[133.67799,34.76033],[133.67772,34.75941],[133.67828,34.7591],[133.67791,34.7583],[133.67786,34.75758],[133.6787,34.75687],[133.67876,34.75671],[133.67884,34.75658],[133.67888,34.75652],[133.6795,34.75585],[133.67951,34.75562],[133.67919,34.75487],[133.67919,34.75477],[133.67927,34.7543],[133.67974,34.75361],[133.68025,34.75319],[133.68036,34.75279],[133.68038,34.75256],[133.68018,34.75191],[133.68029,34.75136],[133.68131,34.75099],[133.68161,34.75085],[133.68189,34.75053],[133.68191,34.74984],[133.682,34.74954],[133.68269,34.74958],[133.68302,34.74923],[133.68308,34.74889],[133.68342,34.74805],[133.68431,34.74741],[133.68565,34.74735],[133.68638,34.74684],[133.68704,34.74653],[133.68728,34.74642],[133.68776,34.74574],[133.6872,34.74494],[133.68692,34.74398],[133.68692,34.74352],[133.68716,34.74365],[133.68753,34.74394],[133.68891,34.74553],[133.68956,34.74804],[133.68941,34.74879],[133.6895,34.74914],[133.69005,34.74981],[133.6902,34.75081],[133.69078,34.75185],[133.69124,34.75221],[133.69127,34.75282],[133.69139,34.754],[133.69108,34.75449],[133.69129,34.7556],[133.6916,34.75565],[133.69254,34.75602],[133.6927,34.75662],[133.6929,34.75723],[133.69301,34.75744],[133.69308,34.75741],[133.69331,34.75732],[133.69364,34.7572],[133.69395,34.75704],[133.695,34.75698],[133.6957,34.75701],[133.69594,34.75722],[133.69646,34.7577],[133.69737,34.75852],[133.69848,34.76058],[133.69956,34.76146],[133.69996,34.76158],[133.70053,34.76149],[133.70062,34.76122],[133.70018,34.76012],[133.70037,34.75992],[133.70085,34.75975],[133.70139,34.75925],[133.70269,34.75914],[133.70367,34.75919],[133.70534,34.75959],[133.70603,34.76076],[133.7063,34.76178],[133.7069,34.76246],[133.70814,34.76252],[133.70967,34.76282],[133.71142,34.76376],[133.71158,34.76525],[133.7119,34.76582],[133.71218,34.76622],[133.7131,34.76706],[133.71405,34.76738],[133.71525,34.76957],[133.71582,34.77009],[133.7187,34.7714],[133.71915,34.77174],[133.71959,34.77268],[133.7194,34.77495],[133.7203,34.77543],[133.72139,34.77551],[133.72228,34.77518],[133.72297,34.7746],[133.72598,34.77432],[133.72688,34.7747],[133.72836,34.77441],[133.72839,34.77229],[133.72892,34.77106],[133.73053,34.77014],[133.73127,34.76946],[133.73213,34.76914],[133.7339,34.76896],[133.7349,34.76853],[133.73594,34.7688],[133.73704,34.76843],[133.73868,34.76848],[133.74,34.76797],[133.73956,34.76888],[133.74001,34.76986],[133.74141,34.77093],[133.74168,34.77176],[133.74333,34.77323],[133.74361,34.77381],[133.74352,34.77639],[133.74393,34.7769],[133.74613,34.77706],[133.74666,34.77771],[133.74691,34.77831],[133.74711,34.77867],[133.74717,34.77881],[133.74747,34.77981],[133.74783,34.78],[133.74862,34.78136],[133.74881,34.782],[133.74913,34.78278],[133.7477,34.78455],[133.74743,34.78564],[133.74786,34.78682],[133.74804,34.78705],[133.74806,34.78742],[133.74874,34.78755],[133.74883,34.78745],[133.74968,34.78684],[133.74999,34.78663],[133.75058,34.78641],[133.75139,34.78619],[133.75296,34.78568],[133.75363,34.78475],[133.75372,34.78434],[133.75406,34.78387],[133.75477,34.78329],[133.75542,34.78233],[133.75597,34.78212],[133.75659,34.78288],[133.75749,34.78489],[133.75803,34.78554],[133.75893,34.7859],[133.76006,34.78602],[133.76086,34.78615],[133.76199,34.78647],[133.76273,34.78737],[133.76313,34.78764],[133.76346,34.78773],[133.76513,34.78864],[133.76622,34.78972],[133.76641,34.78956],[133.76651,34.78938],[133.7671,34.78862],[133.76745,34.78784],[133.76746,34.78764],[133.76749,34.78691],[133.76754,34.78681],[133.76813,34.78654],[133.76983,34.78645],[133.77053,34.78646],[133.77119,34.7864],[133.7716,34.78631],[133.77189,34.78623],[133.772,34.78624],[133.77329,34.7868],[133.77333,34.78746],[133.77382,34.78837],[133.77353,34.78899],[133.77348,34.78925],[133.77344,34.79004],[133.77394,34.79108],[133.7741,34.79142],[133.77409,34.79171],[133.77409,34.79223],[133.77398,34.79284],[133.77409,34.79398],[133.77429,34.79421],[133.77445,34.79483],[133.77412,34.79555],[133.77401,34.79574],[133.77434,34.79651],[133.77425,34.79716],[133.77468,34.79799],[133.77495,34.79924],[133.77483,34.79932],[133.77442,34.79933],[133.77407,34.79943],[133.77355,34.7993],[133.77318,34.79959],[133.77421,34.80035],[133.77558,34.80129],[133.7761,34.80182],[133.77662,34.80233],[133.77746,34.80262],[133.7783,34.80337],[133.77873,34.80358],[133.77934,34.80421],[133.7795,34.80449],[133.78007,34.80499],[133.78013,34.80553],[133.7802,34.8058],[133.78058,34.80642],[133.7808,34.80689],[133.78102,34.80773],[133.78106,34.80781],[133.78111,34.8079],[133.78111,34.8085],[133.78084,34.80886],[133.78145,34.80899],[133.78273,34.8092],[133.7833,34.80946],[133.78311,34.81023],[133.78305,34.81052],[133.78317,34.81075],[133.78357,34.81094],[133.78418,34.81127],[133.78501,34.81133],[133.78543,34.81137],[133.78579,34.81135],[133.78725,34.81111],[133.78734,34.81109],[133.78957,34.81306],[133.79147,34.8141],[133.79226,34.81435],[133.79489,34.81384],[133.79518,34.81456],[133.79519,34.81666],[133.79539,34.8174],[133.79626,34.81809],[133.79629,34.81876],[133.79715,34.81927],[133.79842,34.81968],[133.7994,34.81976],[133.79959,34.8193],[133.7994,34.81826],[133.79875,34.81707],[133.79884,34.81567],[133.79909,34.81513],[133.79994,34.81463],[133.80142,34.81462],[133.80233,34.81388],[133.80255,34.81308],[133.80333,34.81308],[133.80515,34.81245],[133.80667,34.8121],[133.80712,34.81162],[133.80699,34.80954],[133.80716,34.8089],[133.80751,34.8083],[133.80786,34.80802],[133.8091,34.80767],[133.80961,34.80749],[133.80988,34.80734],[133.81036,34.8073],[133.81067,34.80728],[133.81153,34.80702],[133.81202,34.80674],[133.8128,34.80609],[133.8134,34.80579],[133.81441,34.80563],[133.81476,34.80556],[133.81555,34.8055],[133.81621,34.80554],[133.81677,34.80566],[133.81778,34.80604],[133.81845,34.80648],[133.81858,34.80681],[133.81892,34.80759],[133.81896,34.80796],[133.81906,34.80821],[133.81923,34.80834],[133.81928,34.8084],[133.81928,34.80897],[133.81951,34.80929],[133.81969,34.80945],[133.82004,34.81031],[133.82003,34.81053],[133.82005,34.81081],[133.81978,34.81107],[133.81894,34.81199],[133.81847,34.81253],[133.81836,34.8127],[133.8182,34.8132],[133.81822,34.81336],[133.81841,34.81365],[133.81849,34.81391],[133.81859,34.81431],[133.81856,34.81442],[133.81841,34.81468],[133.81834,34.81499],[133.81824,34.81517],[133.81807,34.81539],[133.81804,34.81554],[133.81804,34.81569],[133.81815,34.81589],[133.8182,34.81605],[133.81819,34.81616],[133.81788,34.81662],[133.81784,34.81674],[133.81783,34.81709],[133.81791,34.81736],[133.81797,34.81766],[133.81803,34.81784],[133.81829,34.81846],[133.81831,34.81865],[133.8184,34.81877],[133.81844,34.8188],[133.81857,34.81881],[133.81893,34.8189],[133.81947,34.81912],[133.81991,34.81923],[133.82032,34.81937],[133.82024,34.81958],[133.82009,34.82015],[133.82013,34.82047],[133.8202,34.82093],[133.82029,34.82112],[133.81995,34.82149],[133.81944,34.82199],[133.81937,34.82213],[133.81929,34.82235],[133.819,34.82276],[133.81906,34.82299],[133.81906,34.82307],[133.81803,34.82375],[133.81781,34.82394],[133.81772,34.82443],[133.81765,34.82523],[133.81765,34.82538],[133.8177,34.82563],[133.81754,34.82621],[133.81738,34.82632],[133.81711,34.82645],[133.81704,34.82653],[133.81693,34.82674],[133.81699,34.82696],[133.81713,34.82728],[133.81725,34.82764],[133.81658,34.82844],[133.81626,34.82888],[133.8162,34.82967],[133.81657,34.83153],[133.8174,34.83288],[133.81745,34.83328],[133.81768,34.83361],[133.81776,34.83471],[133.81849,34.83521],[133.81988,34.83514],[133.8203,34.83589],[133.82074,34.83656],[133.8215,34.83683],[133.8223,34.83746],[133.82363,34.83757],[133.82478,34.83859],[133.82506,34.83936],[133.82596,34.84003],[133.82643,34.84009],[133.82821,34.84168],[133.82996,34.84224],[133.83079,34.84228],[133.83139,34.84214],[133.83254,34.84331],[133.83302,34.84353],[133.83332,34.84353],[133.83398,34.84335],[133.83435,34.84313],[133.83409,34.8424],[133.83344,34.84175],[133.83327,34.84129],[133.83345,34.84118],[133.83414,34.84163],[133.83531,34.84213],[133.83763,34.84225],[133.83825,34.8424],[133.83932,34.84269],[133.84168,34.84364],[133.8433,34.84453],[133.84355,34.84554],[133.84283,34.84611],[133.84275,34.84671],[133.84287,34.84859],[133.84364,34.84985],[133.84437,34.85037],[133.84469,34.85053],[133.84496,34.85064],[133.8451,34.85075],[133.84517,34.85092],[133.84525,34.85101],[133.84563,34.85131],[133.84572,34.85136],[133.84597,34.85148],[133.84608,34.85157],[133.84621,34.8517],[133.84627,34.85172],[133.84676,34.85186],[133.8469,34.85198],[133.84711,34.85222],[133.8478,34.85301],[133.84818,34.85359],[133.84819,34.8537],[133.84814,34.85388],[133.848,34.85412],[133.84789,34.85425],[133.84715,34.85473],[133.84686,34.85671],[133.84582,34.85718],[133.84545,34.85882],[133.84491,34.86006],[133.84614,34.86158],[133.84626,34.8628],[133.84705,34.86421],[133.84675,34.8648],[133.84506,34.86623],[133.84459,34.86734],[133.84359,34.86763],[133.84395,34.86823],[133.84303,34.86861],[133.84238,34.86924],[133.84417,34.8717],[133.84528,34.8732],[133.84584,34.87418],[133.84656,34.87488],[133.84688,34.87584],[133.84677,34.87633],[133.84732,34.87807],[133.84768,34.87873],[133.84901,34.8789],[133.85017,34.87956],[133.84958,34.87991],[133.84924,34.88023],[133.84916,34.88121],[133.84933,34.88206],[133.84929,34.8822],[133.84808,34.88353],[133.84794,34.88369],[133.84785,34.88406],[133.84789,34.8842],[133.84823,34.88461],[133.8483,34.88483],[133.84813,34.88569],[133.84866,34.88623],[133.84931,34.88648],[133.84987,34.88729],[133.85051,34.88744],[133.8512,34.8869],[133.8522,34.8868],[133.85268,34.88697],[133.8514,34.88779],[133.85125,34.88809],[133.85114,34.88921],[133.8516,34.89049],[133.85246,34.89127],[133.85268,34.89146],[133.85464,34.89287],[133.85535,34.89333],[133.85508,34.8939],[133.85658,34.89509],[133.85697,34.89519],[133.85805,34.89432],[133.85908,34.89413],[133.85977,34.8941],[133.86007,34.89417],[133.86039,34.89445],[133.86087,34.89485],[133.8625,34.89535],[133.86299,34.89554],[133.86365,34.896],[133.86475,34.89657],[133.86528,34.89715],[133.86562,34.89767],[133.86565,34.89774],[133.86555,34.89803],[133.86531,34.8984],[133.8651,34.89921],[133.86593,34.90029],[133.86619,34.90043],[133.8665,34.90043],[133.86735,34.90049],[133.86828,34.90014],[133.86867,34.90034],[133.86902,34.90042],[133.86945,34.90033],[133.87013,34.90019],[133.87166,34.90027],[133.87186,34.90036],[133.87259,34.90071],[133.87291,34.90056],[133.87319,34.90064],[133.87408,34.90113],[133.87514,34.90191],[133.87547,34.9021],[133.8757,34.90214],[133.87635,34.90206],[133.87678,34.90216],[133.87819,34.90317],[133.87776,34.90363],[133.87741,34.90403],[133.87715,34.90444],[133.87636,34.90606],[133.87611,34.90648],[133.87539,34.90687],[133.87358,34.90714],[133.87333,34.90716],[133.87225,34.90704],[133.87006,34.90605],[133.86912,34.90561],[133.86796,34.90535],[133.86712,34.90537],[133.86457,34.90589],[133.86398,34.90612],[133.86278,34.90709],[133.86203,34.90888],[133.86033,34.91131],[133.85946,34.91224],[133.85809,34.91303],[133.85599,34.91378],[133.85417,34.91439],[133.85202,34.91494],[133.85112,34.91538],[133.84985,34.91642],[133.84857,34.91859],[133.84709,34.92102],[133.84703,34.92212],[133.84776,34.92374],[133.84854,34.92459],[133.85046,34.92589],[133.85152,34.92647],[133.85221,34.92712],[133.85264,34.92813],[133.85268,34.92894],[133.85261,34.92984],[133.85221,34.93137],[133.85162,34.93258],[133.85025,34.93426],[133.8491,34.93541],[133.8473,34.93691],[133.84606,34.93902],[133.84582,34.94018],[133.84576,34.94209],[133.8455,34.94348],[133.84489,34.94432],[133.84344,34.945],[133.8359,34.94477],[133.83537,34.94514],[133.83467,34.94699],[133.83388,34.94969],[133.83305,34.95059],[133.83158,34.95142],[133.83039,34.95179],[133.82312,34.95288],[133.82176,34.95289],[133.8209,34.95264],[133.81757,34.95027],[133.81667,34.94941],[133.81542,34.94781],[133.81403,34.94639],[133.81282,34.94611],[133.81131,34.94627],[133.81007,34.94511],[133.80949,34.94288],[133.80899,34.94204],[133.80833,34.94177],[133.80749,34.94101],[133.80688,34.94011],[133.80506,34.93954],[133.80329,34.93953],[133.80215,34.9399],[133.80117,34.93946],[133.79943,34.93967],[133.79844,34.93929],[133.7983,34.93831],[133.79913,34.93696],[133.7993,34.93616],[133.79878,34.93472],[133.79929,34.93413],[133.79905,34.93369],[133.79813,34.93318],[133.79569,34.93271],[133.79494,34.93238],[133.79402,34.93257],[133.79362,34.93234],[133.79378,34.93108],[133.79362,34.93031],[133.79235,34.92982],[133.79238,34.92897],[133.79199,34.92854],[133.79132,34.92848],[133.79058,34.92784],[133.78984,34.92866],[133.78907,34.92885],[133.78764,34.92836],[133.78733,34.92892],[133.78643,34.92962],[133.78545,34.92988],[133.78475,34.93036],[133.7842,34.93031],[133.78381,34.92948],[133.78299,34.92914],[133.78224,34.92904],[133.78132,34.92941],[133.78048,34.92912],[133.77955,34.92966],[133.77883,34.93155],[133.77915,34.93247],[133.77788,34.9352],[133.77688,34.93576],[133.77627,34.93552],[133.77555,34.93399],[133.77499,34.93352],[133.77401,34.93468],[133.77367,34.93548],[133.77236,34.93638],[133.77053,34.93632],[133.7693,34.93586],[133.76816,34.9369],[133.76655,34.93719],[133.76634,34.93726],[133.76589,34.93881],[133.76575,34.94046],[133.76626,34.94149],[133.76555,34.94361],[133.76321,34.94531],[133.7641,34.9456],[133.76433,34.94604],[133.7639,34.94709],[133.76371,34.94841],[133.7625,34.94931],[133.76249,34.94976],[133.76286,34.95156],[133.76171,34.95246],[133.76122,34.95274],[133.7595,34.95301],[133.75821,34.95291],[133.75507,34.95209],[133.75482,34.95107],[133.75584,34.95032],[133.75578,34.94982],[133.75465,34.94996],[133.75392,34.94973],[133.75304,34.9488],[133.75153,34.94733],[133.75134,34.94665],[133.75099,34.94678],[133.74995,34.94543],[133.74844,34.945],[133.74775,34.94533],[133.74739,34.9459],[133.74727,34.94605],[133.7466,34.94666],[133.74465,34.94737],[133.74347,34.94706],[133.74261,34.94567],[133.74193,34.94556],[133.74141,34.94608],[133.74007,34.94691],[133.73863,34.94723],[133.73816,34.94755],[133.73691,34.94761],[133.73517,34.94884],[133.73371,34.95017],[133.73198,34.94973],[133.73094,34.94998],[133.72882,34.95018],[133.72792,34.9501],[133.72546,34.94931],[133.72467,34.94885],[133.72355,34.94885],[133.72308,34.94933],[133.72237,34.949],[133.72154,34.94907],[133.72106,34.94977],[133.72094,34.95067],[133.72115,34.95208],[133.72141,34.95259],[133.72102,34.95319],[133.72042,34.95342],[133.72016,34.95402],[133.71953,34.95401],[133.71838,34.95449],[133.71692,34.95545],[133.71591,34.9547],[133.71581,34.95384],[133.71502,34.9531],[133.71419,34.95272],[133.71517,34.95061],[133.71605,34.9505],[133.71658,34.94996],[133.71731,34.94968],[133.71754,34.94899],[133.71674,34.94851],[133.71679,34.94764],[133.71818,34.94704],[133.71852,34.94568],[133.71899,34.9448],[133.71876,34.94417],[133.71792,34.94349],[133.71904,34.94236],[133.71968,34.94135],[133.71923,34.94036],[133.71849,34.93944],[133.71908,34.9387],[133.71929,34.93779],[133.71991,34.93632],[133.71936,34.93521],[133.72019,34.93347],[133.71981,34.93309],[133.72003,34.93254],[133.71918,34.93204],[133.71879,34.93108],[133.7178,34.93039],[133.71786,34.92999],[133.71718,34.92915],[133.71709,34.92819],[133.71802,34.9276],[133.71783,34.92666],[133.71722,34.92599],[133.71558,34.92642],[133.7154,34.92574],[133.71432,34.92485],[133.71389,34.92389],[133.71391,34.92273],[133.71203,34.92069],[133.71202,34.91941],[133.71334,34.91709],[133.71373,34.91607],[133.7149,34.9146],[133.71502,34.91421],[133.71525,34.91328],[133.71541,34.91309],[133.71572,34.91294],[133.71643,34.91258],[133.71667,34.91225],[133.71682,34.91215],[133.71708,34.91207],[133.71745,34.91195],[133.71762,34.91186],[133.7177,34.91166],[133.71772,34.91133],[133.71791,34.91109],[133.71789,34.91075],[133.718,34.90982],[133.71788,34.90924],[133.71768,34.90887],[133.71746,34.90862],[133.71673,34.90827],[133.71523,34.90744],[133.715,34.90736],[133.71447,34.90695],[133.7143,34.90664],[133.71419,34.90651],[133.7136,34.90632],[133.71307,34.90608],[133.71294,34.90604],[133.71192,34.90537],[133.71168,34.905],[133.71152,34.90458],[133.71142,34.90427],[133.71126,34.90418],[133.71081,34.90368],[133.71076,34.90338],[133.71083,34.90314],[133.71095,34.90299],[133.71058,34.90288],[133.7103,34.90283],[133.70988,34.90178],[133.70913,34.90136],[133.70888,34.90109],[133.7087,34.90081],[133.70861,34.90047],[133.70817,34.90018],[133.7077,34.89977],[133.70734,34.89947],[133.70699,34.89918],[133.70692,34.89908],[133.70668,34.89826],[133.70648,34.89738],[133.70629,34.89713],[133.706,34.89645],[133.70591,34.89611],[133.70575,34.89568],[133.70518,34.8949],[133.70513,34.89482],[133.70512,34.89454],[133.70551,34.89376],[133.70558,34.89337],[133.70551,34.89297],[133.70543,34.89293],[133.70482,34.8929],[133.70436,34.89278],[133.70419,34.8928],[133.70281,34.89303],[133.7027,34.89304],[133.70264,34.89307],[133.70205,34.89362],[133.70152,34.89348],[133.70123,34.89327],[133.70061,34.89319],[133.6997,34.89343],[133.69953,34.89339],[133.69916,34.89324],[133.69894,34.89322],[133.69847,34.89324],[133.6978,34.89263],[133.69748,34.89193],[133.69721,34.8917],[133.69693,34.8916],[133.6949,34.89141],[133.69445,34.89162],[133.69386,34.89178],[133.69294,34.89133],[133.69277,34.89097],[133.69247,34.89039],[133.69224,34.89011],[133.69186,34.88987],[133.69119,34.88913],[133.69108,34.8887],[133.69076,34.8882],[133.69033,34.88801],[133.69022,34.888],[133.68962,34.88813],[133.68942,34.88815],[133.68915,34.88811],[133.68896,34.88807],[133.68846,34.88797],[133.68818,34.88794],[133.68805,34.88784],[133.68784,34.88769],[133.68748,34.88751],[133.6868,34.88716],[133.68669,34.88697],[133.6864,34.88633],[133.68638,34.88627],[133.68617,34.88565],[133.68532,34.88392],[133.68469,34.88352],[133.6842,34.88337],[133.6837,34.88339],[133.68254,34.8841],[133.68179,34.88423],[133.68181,34.88358],[133.68274,34.88279],[133.68278,34.88226],[133.68248,34.88221],[133.68172,34.88225],[133.68147,34.88221],[133.68117,34.882],[133.68136,34.88146],[133.68271,34.88056],[133.68308,34.87946],[133.68271,34.87859],[133.68226,34.87833],[133.68216,34.87834],[133.68122,34.87897],[133.68079,34.87901],[133.67974,34.87937],[133.67901,34.87848],[133.67828,34.87829],[133.67797,34.87833],[133.67734,34.8784],[133.67609,34.87806],[133.67512,34.87811],[133.6738,34.87871],[133.67324,34.87865],[133.6728,34.87818],[133.67168,34.8779],[133.67094,34.87782],[133.67023,34.87744],[133.66951,34.87623],[133.66894,34.87576],[133.66393,34.87437],[133.66336,34.87381],[133.6635,34.87319],[133.66426,34.87209],[133.66421,34.87148],[133.66351,34.86905],[133.66345,34.86846],[133.66392,34.86665],[133.6646,34.86579],[133.66469,34.865],[133.66389,34.86388],[133.66073,34.85947],[133.65862,34.85648]],[[133.68449,34.82047],[133.68416,34.81976],[133.68427,34.82007],[133.68449,34.82047]],[[133.69106,34.8724],[133.69148,34.87251],[133.69139,34.87234],[133.69106,34.8724]],[[133.69927,34.86266],[133.69959,34.86261],[133.69956,34.86215],[133.69927,34.86266]],[[133.7356,34.79208],[133.73563,34.79245],[133.73567,34.79272],[133.7356,34.79208]],[[133.76561,34.84307],[133.76677,34.84303],[133.76607,34.84291],[133.76561,34.84307]],[[133.71474,34.77889],[133.71417,34.77873],[133.71302,34.77878],[133.71474,34.77889]],[[133.70526,34.78081],[133.7053,34.78053],[133.70519,34.78078],[133.70526,34.78081]],[[133.69942,34.77691],[133.6992,34.77716],[133.69989,34.77688],[133.69942,34.77691]],[[133.67387,34.78376],[133.67423,34.78379],[133.67431,34.78361],[133.67387,34.78376]],[[133.80364,34.88869],[133.80346,34.88887],[133.80377,34.88882],[133.80364,34.88869]],[[133.80443,34.88915],[133.8054,34.88911],[133.80532,34.88904],[133.80443,34.88915]],[[133.80173,34.9098],[133.8009,34.91073],[133.80269,34.9088],[133.80173,34.9098]],[[133.77878,34.86533],[133.77777,34.86532],[133.77849,34.86533],[133.77878,34.86533]],[[133.76206,34.87251],[133.76327,34.87288],[133.7624,34.87259],[133.76206,34.87251]],[[133.76448,34.85485],[133.76484,34.85481],[133.76347,34.85443],[133.76448,34.85485]],[[133.76459,34.83641],[133.76627,34.83697],[133.76648,34.83703],[133.76459,34.83641]],[[133.77132,34.83761],[133.77138,34.83793],[133.77163,34.83757],[133.77132,34.83761]],[[133.76915,34.83906],[133.76913,34.83902],[133.76922,34.83925],[133.76915,34.83906]],[[133.76587,34.89629],[133.76574,34.89675],[133.76585,34.8972],[133.76587,34.89629]],[[133.75229,34.89351],[133.75113,34.89403],[133.75154,34.894],[133.75229,34.89351]]],[[[133.76273,34.83628],[133.76254,34.83596],[133.76271,34.83624],[133.76273,34.83628]]],[[[133.71876,34.79896],[133.71762,34.79886],[133.71854,34.79894],[133.71876,34.79896]]]]}}]}