{"type":"FeatureCollection","features":[{"type":"Feature","properties":{"m":"入舟町","b":[140.6925,41.7602,140.7056,41.7745],"c":[140.69849,41.76931],"k":"いりふねちょう"},"geometry":{"type":"Polygon","coordinates":[[[140.70526,41.77348],[140.70564,41.77393],[140.70402,41.77394],[140.70114,41.77394],[140.70111,41.77454],[140.69991,41.77325],[140.69836,41.7732],[140.6999,41.77321],[140.69991,41.77228],[140.7,41.77321],[140.70037,41.77308],[140.70085,41.77297],[140.70085,41.77291],[140.70086,41.77165],[140.70004,41.77166],[140.69992,41.77198],[140.69952,41.77198],[140.69974,41.77098],[140.69949,41.77098],[140.69802,41.7708],[140.69768,41.77239],[140.69746,41.77428],[140.69707,41.77364],[140.69714,41.7733],[140.69778,41.77042],[140.69752,41.76994],[140.69639,41.76883],[140.69583,41.76842],[140.69473,41.76746],[140.69469,41.76723],[140.69461,41.76708],[140.6939,41.76591],[140.69388,41.76589],[140.69283,41.76497],[140.69261,41.76467],[140.69257,41.76446],[140.69257,41.76424],[140.6925,41.7636],[140.6925,41.76349],[140.69254,41.76276],[140.69258,41.76258],[140.69258,41.76225],[140.69264,41.76185],[140.69268,41.7617],[140.69276,41.76144],[140.69275,41.76123],[140.69275,41.76115],[140.69282,41.76084],[140.69284,41.76065],[140.69287,41.76033],[140.6929,41.76018],[140.69429,41.76046],[140.69344,41.76344],[140.69376,41.76528],[140.6953,41.76693],[140.69569,41.76731],[140.6962,41.7681],[140.69696,41.7684],[140.69722,41.76849],[140.69778,41.76878],[140.69866,41.76928],[140.69904,41.7694],[140.69927,41.76949],[140.6998,41.76983],[140.70015,41.77037],[140.70148,41.77109],[140.70176,41.77095],[140.70282,41.77179],[140.70526,41.77348]]]}},{"type":"Feature","properties":{"m":"船見町","b":[140.6934,41.7605,140.7086,41.7711],"c":[140.7003,41.76619],"k":"ふなみちょう"},"geometry":{"type":"Polygon","coordinates":[[[140.70148,41.77109],[140.70015,41.77037],[140.6998,41.76983],[140.69927,41.76949],[140.69904,41.7694],[140.69866,41.76928],[140.69778,41.76878],[140.69722,41.76849],[140.69696,41.7684],[140.6962,41.7681],[140.69569,41.76731],[140.6953,41.76693],[140.69376,41.76528],[140.69344,41.76344],[140.69429,41.76046],[140.69542,41.76115],[140.69552,41.7619],[140.69551,41.7623],[140.69555,41.76351],[140.69585,41.76415],[140.69616,41.76425],[140.69653,41.76442],[140.6972,41.76463],[140.69822,41.76453],[140.69966,41.76592],[140.70001,41.76511],[140.70292,41.76356],[140.70394,41.76344],[140.70466,41.76386],[140.70594,41.76405],[140.70599,41.76484],[140.70861,41.76569],[140.70762,41.76653],[140.70087,41.77026],[140.70176,41.77095],[140.70148,41.77109]]]}},{"type":"Feature","properties":{"m":"弥生町","b":[140.7009,41.7657,140.7107,41.7718],"c":[140.70587,41.76878],"k":"やよいちょう"},"geometry":{"type":"Polygon","coordinates":[[[140.70176,41.77095],[140.70087,41.77026],[140.70762,41.76653],[140.70861,41.76569],[140.70918,41.76625],[140.70994,41.76585],[140.71071,41.76657],[140.7083,41.76893],[140.70727,41.76946],[140.70282,41.77179],[140.70176,41.77095]]]}},{"type":"Feature","properties":{"m":"弁天町","b":[140.7011,41.7695,140.7119,41.7847],"c":[140.70599,41.77641],"k":"べんてんちょう"},"geometry":{"type":"Polygon","coordinates":[[[140.70282,41.77179],[140.70727,41.76946],[140.70909,41.77127],[140.71002,41.77234],[140.71014,41.77234],[140.71055,41.77282],[140.71096,41.77325],[140.71191,41.77419],[140.71018,41.77516],[140.70846,41.77504],[140.70707,41.77366],[140.7061,41.77381],[140.70599,41.77397],[140.70584,41.77533],[140.70573,41.77546],[140.70572,41.77547],[140.70556,41.77545],[140.70401,41.77548],[140.70554,41.77563],[140.70568,41.77564],[140.70571,41.77562],[140.70573,41.77578],[140.70574,41.77592],[140.70568,41.776],[140.70564,41.77605],[140.7056,41.77605],[140.70558,41.77604],[140.70361,41.77606],[140.70344,41.77619],[140.7056,41.77624],[140.70564,41.77626],[140.70565,41.77626],[140.70575,41.77629],[140.70575,41.77722],[140.70659,41.77724],[140.707,41.77724],[140.7087,41.77727],[140.70869,41.77734],[140.70863,41.77733],[140.70699,41.77767],[140.707,41.7777],[140.707,41.77808],[140.71144,41.77895],[140.71124,41.77917],[140.71117,41.77936],[140.71116,41.77955],[140.71105,41.77998],[140.71103,41.78004],[140.71092,41.78043],[140.70939,41.78013],[140.70846,41.78045],[140.70849,41.78045],[140.70845,41.78057],[140.70838,41.78062],[140.70831,41.78093],[140.70487,41.78026],[140.70446,41.78228],[140.70399,41.78463],[140.70434,41.78464],[140.70444,41.78472],[140.70201,41.78446],[140.70213,41.78349],[140.70283,41.77996],[140.70284,41.77995],[140.70304,41.77811],[140.70301,41.778],[140.7024,41.77579],[140.70111,41.77454],[140.70114,41.77394],[140.70402,41.77394],[140.70564,41.77393],[140.70526,41.77348],[140.70282,41.77179]]]}},{"type":"Feature","properties":{"m":"大町","b":[140.7073,41.7666,140.7164,41.7727],"c":[140.71168,41.76994],"k":"おおまち"},"geometry":{"type":"Polygon","coordinates":[[[140.71071,41.76657],[140.71222,41.76794],[140.71284,41.76778],[140.71301,41.7683],[140.71305,41.76843],[140.7128,41.76869],[140.71193,41.76841],[140.71242,41.76874],[140.71225,41.76907],[140.71189,41.76953],[140.71207,41.76968],[140.71217,41.76971],[140.71278,41.76997],[140.71391,41.76946],[140.7137,41.76902],[140.7145,41.76926],[140.71556,41.77042],[140.71643,41.77165],[140.71557,41.77214],[140.7145,41.77273],[140.71291,41.77158],[140.71185,41.77081],[140.71261,41.77012],[140.71173,41.76976],[140.71223,41.7703],[140.71192,41.77062],[140.71145,41.77045],[140.71039,41.77064],[140.71095,41.77101],[140.71131,41.77129],[140.71014,41.77234],[140.71002,41.77234],[140.70909,41.77127],[140.70727,41.76946],[140.7083,41.76893],[140.71071,41.76657]]]}},{"type":"Feature","properties":{"m":"末広町","b":[140.7107,41.7618,140.72,41.7679],"c":[140.71572,41.76504],"k":"すえひろちょう"},"geometry":{"type":"Polygon","coordinates":[[[140.71071,41.76657],[140.71668,41.76289],[140.71781,41.76176],[140.72005,41.76276],[140.71807,41.76555],[140.71714,41.76663],[140.71678,41.76709],[140.71633,41.76687],[140.71615,41.76705],[140.71628,41.76721],[140.71554,41.76685],[140.71496,41.76659],[140.71482,41.76665],[140.71475,41.7666],[140.71437,41.76683],[140.71438,41.76686],[140.71355,41.76724],[140.71339,41.76734],[140.71333,41.76742],[140.7133,41.7674],[140.71306,41.76764],[140.71306,41.7677],[140.71284,41.76778],[140.71222,41.76794],[140.71071,41.76657]]]}},{"type":"Feature","properties":{"m":"元町","b":[140.7059,41.7598,140.718,41.7666],"c":[140.71191,41.7629],"k":"もとまち"},"geometry":{"type":"Polygon","coordinates":[[[140.70594,41.76405],[140.7073,41.76379],[140.70831,41.76321],[140.70848,41.76246],[140.70889,41.76078],[140.70923,41.76011],[140.71057,41.7598],[140.71399,41.76091],[140.71477,41.75988],[140.71803,41.76091],[140.71781,41.76176],[140.71668,41.76289],[140.71071,41.76657],[140.70994,41.76585],[140.70918,41.76625],[140.70861,41.76569],[140.70599,41.76484],[140.70594,41.76405]]]}},{"type":"Feature","properties":{"m":"青柳町","b":[140.7106,41.7533,140.7226,41.7609],"c":[140.71666,41.75734],"k":"あおやぎちょう"},"geometry":{"type":"Polygon","coordinates":[[[140.71057,41.7598],[140.71081,41.75874],[140.71254,41.75871],[140.71199,41.75635],[140.71203,41.75608],[140.71215,41.75539],[140.71364,41.75542],[140.71548,41.75493],[140.71762,41.75469],[140.71925,41.75375],[140.72121,41.75334],[140.72066,41.75392],[140.72147,41.75509],[140.7226,41.75484],[140.72241,41.75657],[140.72152,41.75694],[140.72065,41.75747],[140.71803,41.76091],[140.71477,41.75988],[140.71399,41.76091],[140.71057,41.7598]]]}},{"type":"Feature","properties":{"m":"谷地頭町","b":[140.7078,41.7475,140.7176,41.7554],"c":[140.71303,41.75231],"k":"やちがしらちょう"},"geometry":{"type":"Polygon","coordinates":[[[140.71215,41.75539],[140.71171,41.75508],[140.71118,41.75468],[140.71011,41.75433],[140.70861,41.75397],[140.70837,41.75324],[140.70788,41.75206],[140.70784,41.7516],[140.70899,41.75086],[140.70997,41.75093],[140.7101,41.751],[140.71159,41.75046],[140.71216,41.75022],[140.71225,41.74984],[140.71425,41.74838],[140.71469,41.74807],[140.71541,41.74786],[140.71583,41.74772],[140.71652,41.74752],[140.71483,41.74926],[140.71535,41.74921],[140.71602,41.75055],[140.71762,41.75469],[140.71548,41.75493],[140.71364,41.75542],[140.71215,41.75539]]]}},{"type":"Feature","properties":{"m":"住吉町","b":[140.7148,41.7463,140.7215,41.7547],"c":[140.71782,41.74999],"k":"すみよしちょう"},"geometry":{"type":"Polygon","coordinates":[[[140.71762,41.75469],[140.71602,41.75055],[140.71535,41.74921],[140.71483,41.74926],[140.71652,41.74752],[140.7182,41.74726],[140.71894,41.74715],[140.72047,41.74671],[140.72151,41.74629],[140.71983,41.74831],[140.71938,41.74951],[140.71811,41.7514],[140.71925,41.75375],[140.71762,41.75469]]]}},{"type":"Feature","properties":{"m":"宝来町","b":[140.7178,41.7566,140.7247,41.7636],"c":[140.72123,41.76008],"k":"ほうらいちょう"},"geometry":{"type":"Polygon","coordinates":[[[140.71781,41.76176],[140.71803,41.76091],[140.72065,41.75747],[140.72152,41.75694],[140.72241,41.75657],[140.72466,41.75935],[140.72409,41.75965],[140.72125,41.76364],[140.72005,41.76276],[140.71781,41.76176]]]}},{"type":"Feature","properties":{"m":"東川町","b":[140.7212,41.7593,140.7277,41.7652],"c":[140.72433,41.76235],"k":"ひがしかわちょう"},"geometry":{"type":"Polygon","coordinates":[[[140.72466,41.75935],[140.72773,41.76215],[140.72642,41.76301],[140.72327,41.76516],[140.72125,41.76364],[140.72409,41.75965],[140.72466,41.75935]]]}},{"type":"Feature","properties":{"m":"豊川町","b":[140.7167,41.7628,140.7241,41.7702],"c":[140.72012,41.76645],"k":"とよかわちょう"},"geometry":{"type":"Polygon","coordinates":[[[140.71714,41.76663],[140.71807,41.76555],[140.72005,41.76276],[140.72125,41.76364],[140.72327,41.76516],[140.72408,41.76588],[140.72296,41.76679],[140.72097,41.76834],[140.71993,41.76911],[140.72049,41.76956],[140.71975,41.77018],[140.71888,41.76957],[140.71672,41.76809],[140.71741,41.76742],[140.7172,41.76731],[140.71711,41.76718],[140.71703,41.76725],[140.71697,41.76735],[140.71678,41.76709],[140.71714,41.76663]]]}},{"type":"Feature","properties":{"m":"大手町","b":[140.7198,41.7659,140.7274,41.7727],"c":[140.72362,41.76948],"k":"おおてまち"},"geometry":{"type":"Polygon","coordinates":[[[140.72408,41.76588],[140.72524,41.76693],[140.72683,41.76877],[140.72738,41.76943],[140.72614,41.77007],[140.72693,41.77098],[140.7253,41.77169],[140.7244,41.772],[140.72327,41.77267],[140.72233,41.77232],[140.7224,41.77221],[140.7214,41.77132],[140.71975,41.77018],[140.72049,41.76956],[140.71993,41.76911],[140.72097,41.76834],[140.72296,41.76679],[140.72408,41.76588]]]}},{"type":"Feature","properties":{"m":"栄町","b":[140.7233,41.7621,140.7299,41.7669],"c":[140.72654,41.76451],"k":"さかえちょう"},"geometry":{"type":"Polygon","coordinates":[[[140.72642,41.76301],[140.72773,41.76215],[140.72989,41.76384],[140.72843,41.76479],[140.72524,41.76693],[140.72408,41.76588],[140.72327,41.76516],[140.72642,41.76301]]]}},{"type":"Feature","properties":{"m":"旭町","b":[140.7252,41.7648,140.7306,41.7688],"c":[140.72785,41.76682],"k":"あさひちょう"},"geometry":{"type":"Polygon","coordinates":[[[140.72524,41.76693],[140.72843,41.76479],[140.73063,41.76687],[140.72683,41.76877],[140.72524,41.76693]]]}},{"type":"Feature","properties":{"m":"東雲町","b":[140.7268,41.7669,140.7331,41.7715],"c":[140.7299,41.76917],"k":"しののめちょう"},"geometry":{"type":"Polygon","coordinates":[[[140.72683,41.76877],[140.73063,41.76687],[140.73245,41.76883],[140.73306,41.76946],[140.72903,41.77152],[140.72738,41.76943],[140.72683,41.76877]]]}},{"type":"Feature","properties":{"m":"大森町","b":[140.7284,41.7638,140.7407,41.772],"c":[140.73481,41.76837],"k":"おおもりちょう"},"geometry":{"type":"Polygon","coordinates":[[[140.72989,41.76384],[140.73201,41.76548],[140.73742,41.76824],[140.74048,41.76893],[140.74068,41.76926],[140.74051,41.77138],[140.73918,41.77115],[140.73832,41.77026],[140.73555,41.77199],[140.73404,41.77047],[140.7336,41.77],[140.73337,41.76978],[140.73245,41.76883],[140.73063,41.76687],[140.72843,41.76479],[140.72989,41.76384]]]}},{"type":"Feature","properties":{"m":"松風町","b":[140.729,41.7695,140.7355,41.7745],"c":[140.73227,41.77192],"k":"まつかぜちょう"},"geometry":{"type":"Polygon","coordinates":[[[140.73306,41.76946],[140.73337,41.76978],[140.7336,41.77],[140.73404,41.77047],[140.73555,41.77199],[140.73436,41.77274],[140.73155,41.77455],[140.7296,41.77221],[140.72903,41.77152],[140.73306,41.76946]]]}},{"type":"Feature","properties":{"m":"若松町","b":[140.7211,41.7694,140.7341,41.779],"c":[140.72822,41.77467],"k":"わかまつちょう"},"geometry":{"type":"Polygon","coordinates":[[[140.7253,41.77169],[140.72693,41.77098],[140.72614,41.77007],[140.72738,41.76943],[140.72903,41.77152],[140.7296,41.77221],[140.73155,41.77455],[140.73414,41.77762],[140.73133,41.77895],[140.73035,41.77767],[140.72734,41.77788],[140.72593,41.77758],[140.72526,41.77618],[140.72524,41.77612],[140.72415,41.77372],[140.72395,41.77367],[140.72411,41.77366],[140.72396,41.7735],[140.72349,41.7734],[140.723,41.77332],[140.72286,41.77329],[140.72283,41.77313],[140.72227,41.77294],[140.72268,41.77308],[140.72268,41.7731],[140.72269,41.77311],[140.72268,41.77315],[140.72264,41.77318],[140.72262,41.77319],[140.72234,41.77318],[140.7211,41.77278],[140.72112,41.77274],[140.7212,41.77272],[140.72211,41.77293],[140.72161,41.77267],[140.72162,41.77267],[140.72233,41.77232],[140.72327,41.77267],[140.7244,41.772],[140.7253,41.77169]]]}},{"type":"Feature","properties":{"m":"千歳町","b":[140.7344,41.7703,140.7405,41.7773],"c":[140.73817,41.77338],"k":"ちとせちょう"},"geometry":{"type":"Polygon","coordinates":[[[140.74051,41.77138],[140.7405,41.77145],[140.74024,41.77551],[140.74012,41.77735],[140.73972,41.77705],[140.73561,41.77375],[140.73436,41.77274],[140.73555,41.77199],[140.73832,41.77026],[140.73918,41.77115],[140.74051,41.77138]]]}},{"type":"Feature","properties":{"m":"新川町","b":[140.7315,41.7727,140.7397,41.7794],"c":[140.73546,41.77606],"k":"しんかわちょう"},"geometry":{"type":"Polygon","coordinates":[[[140.73436,41.77274],[140.73561,41.77375],[140.73972,41.77705],[140.73566,41.7794],[140.73414,41.77762],[140.73155,41.77455],[140.73436,41.77274]]]}},{"type":"Feature","properties":{"m":"上新川町","b":[140.7357,41.7771,140.7401,41.7841],"c":[140.73846,41.78011],"k":"かみしんかわちょう"},"geometry":{"type":"Polygon","coordinates":[[[140.74012,41.77735],[140.73999,41.77897],[140.7396,41.78406],[140.73566,41.7794],[140.73972,41.77705],[140.74012,41.77735]]]}},{"type":"Feature","properties":{"m":"海岸町","b":[140.7217,41.7762,140.7329,41.7849],"c":[140.72809,41.7813],"k":"かいがんちょう"},"geometry":{"type":"Polygon","coordinates":[[[140.72593,41.77758],[140.72734,41.77788],[140.73035,41.77767],[140.73133,41.77895],[140.73197,41.77935],[140.7323,41.78205],[140.73273,41.78365],[140.73291,41.78474],[140.73235,41.7848],[140.73035,41.78494],[140.73031,41.78458],[140.72682,41.78468],[140.72416,41.78336],[140.72332,41.78336],[140.7221,41.78337],[140.72238,41.78202],[140.72363,41.78201],[140.72404,41.7822],[140.72448,41.78227],[140.72447,41.78202],[140.72458,41.78192],[140.72445,41.78169],[140.72446,41.7808],[140.72466,41.78075],[140.72476,41.78072],[140.7245,41.78081],[140.7245,41.78104],[140.72454,41.78163],[140.72459,41.78165],[140.72464,41.78166],[140.72466,41.78144],[140.72482,41.78164],[140.72505,41.78149],[140.72623,41.78153],[140.72623,41.78152],[140.72611,41.78095],[140.7259,41.77962],[140.72557,41.7778],[140.72447,41.77787],[140.72474,41.77973],[140.72427,41.77978],[140.72403,41.77789],[140.72222,41.77802],[140.72245,41.77989],[140.722,41.77992],[140.72174,41.77771],[140.72336,41.7774],[140.72427,41.77734],[140.72426,41.77698],[140.72428,41.77698],[140.7255,41.77725],[140.72526,41.77618],[140.72593,41.77758]]]}},{"type":"Feature","properties":{"m":"大縄町","b":[140.7313,41.7776,140.7396,41.7841],"c":[140.73469,41.78114],"k":"おおなわちょう"},"geometry":{"type":"Polygon","coordinates":[[[140.73414,41.77762],[140.73566,41.7794],[140.7396,41.78406],[140.73785,41.78321],[140.73682,41.78358],[140.73617,41.78333],[140.73273,41.78365],[140.7323,41.78205],[140.73197,41.77935],[140.73133,41.77895],[140.73414,41.77762]]]}},{"type":"Feature","properties":{"m":"松川町","b":[140.7323,41.7832,140.7409,41.7878],"c":[140.73637,41.78563],"k":"まつかわちょう"},"geometry":{"type":"Polygon","coordinates":[[[140.73273,41.78365],[140.73617,41.78333],[140.73682,41.78358],[140.73785,41.78321],[140.7396,41.78406],[140.73962,41.78503],[140.74091,41.78739],[140.73843,41.78763],[140.73734,41.78766],[140.73546,41.7878],[140.73421,41.78764],[140.73325,41.7878],[140.73235,41.7848],[140.73291,41.78474],[140.73273,41.78365]]]}},{"type":"Feature","properties":{"m":"万代町","b":[140.7239,41.7846,140.7341,41.791],"c":[140.72967,41.78763],"k":"ばんだいちょう"},"geometry":{"type":"Polygon","coordinates":[[[140.73235,41.7848],[140.73325,41.7878],[140.73367,41.78924],[140.73371,41.78936],[140.73411,41.79043],[140.73404,41.79043],[140.73292,41.79033],[140.73055,41.79104],[140.72844,41.79095],[140.72879,41.7896],[140.7289,41.7891],[140.72823,41.78857],[140.72716,41.7885],[140.72717,41.78847],[140.72716,41.78809],[140.72396,41.78816],[140.7239,41.7867],[140.72399,41.78652],[140.72705,41.78642],[140.72682,41.78468],[140.73031,41.78458],[140.73035,41.78494],[140.73235,41.7848]]]}},{"type":"Feature","properties":{"m":"浅野町","b":[140.7185,41.7885,140.7289,41.8007],"c":[140.72358,41.79561],"k":"あさのちょう"},"geometry":{"type":"Polygon","coordinates":[[[140.72823,41.78857],[140.7289,41.7891],[140.72879,41.7896],[140.7283,41.79133],[140.72789,41.79254],[140.7269,41.79478],[140.72671,41.79508],[140.72528,41.79726],[140.72296,41.80074],[140.72181,41.80031],[140.72053,41.79981],[140.71994,41.80062],[140.71847,41.79963],[140.71996,41.80039],[140.71852,41.79959],[140.71926,41.79899],[140.71982,41.79608],[140.71861,41.79515],[140.71862,41.79488],[140.71903,41.79465],[140.71945,41.79402],[140.71955,41.79393],[140.71962,41.79393],[140.71964,41.79394],[140.72102,41.79451],[140.72203,41.79493],[140.72228,41.79465],[140.72364,41.79521],[140.72439,41.79418],[140.72444,41.79415],[140.72446,41.7941],[140.72451,41.79399],[140.72491,41.79408],[140.72476,41.79395],[140.7244,41.79383],[140.72475,41.79311],[140.72516,41.79293],[140.72527,41.79281],[140.72532,41.79272],[140.72539,41.79263],[140.72547,41.79259],[140.72562,41.79228],[140.7257,41.79221],[140.72582,41.79174],[140.7257,41.79169],[140.72573,41.79171],[140.72568,41.79173],[140.72568,41.79168],[140.72565,41.79165],[140.72562,41.79156],[140.72563,41.79153],[140.72559,41.79149],[140.72566,41.79149],[140.72566,41.79157],[140.72603,41.79171],[140.7261,41.79153],[140.72612,41.79141],[140.72623,41.79126],[140.72629,41.79117],[140.72648,41.79095],[140.72649,41.79091],[140.72647,41.79084],[140.72649,41.79075],[140.72648,41.79069],[140.72615,41.7906],[140.72612,41.79065],[140.72614,41.79065],[140.72608,41.79068],[140.72611,41.7906],[140.72609,41.79058],[140.72611,41.79055],[140.72613,41.7905],[140.72617,41.79051],[140.72615,41.79051],[140.72615,41.79057],[140.7267,41.7902],[140.72669,41.79017],[140.72674,41.78996],[140.72683,41.78997],[140.72676,41.78981],[140.72681,41.78971],[140.72682,41.78949],[140.72688,41.78937],[140.72694,41.78927],[140.72652,41.78916],[140.72697,41.78919],[140.72716,41.7885],[140.72823,41.78857]]]}},{"type":"Feature","properties":{"m":"吉川町","b":[140.7267,41.791,140.7326,41.7967],"c":[140.72968,41.79387],"k":"よしかわちょう"},"geometry":{"type":"Polygon","coordinates":[[[140.73055,41.79104],[140.73261,41.79672],[140.7313,41.7964],[140.72671,41.79508],[140.7269,41.79478],[140.72789,41.79254],[140.7283,41.79133],[140.72844,41.79095],[140.73055,41.79104]]]}},{"type":"Feature","properties":{"m":"北浜町","b":[140.723,41.7951,140.7313,41.801],"c":[140.72717,41.7983],"k":"きたはまちょう"},"geometry":{"type":"Polygon","coordinates":[[[140.72671,41.79508],[140.7313,41.7964],[140.73042,41.79787],[140.72889,41.7993],[140.72873,41.80083],[140.72438,41.80099],[140.72296,41.80074],[140.72528,41.79726],[140.72671,41.79508]]]}},{"type":"Feature","properties":{"m":"港町","b":[140.7088,41.7977,140.7339,41.8147],"c":[140.72032,41.80523],"k":"みなとちょう"},"geometry":{"type":"Polygon","coordinates":[[[140.72181,41.80031],[140.72296,41.80074],[140.72438,41.80099],[140.72873,41.80083],[140.73118,41.80072],[140.73286,41.80068],[140.73391,41.80068],[140.73395,41.80143],[140.73299,41.80569],[140.73285,41.80581],[140.73277,41.80586],[140.73184,41.80642],[140.73094,41.8066],[140.73082,41.80674],[140.73076,41.80675],[140.72989,41.80649],[140.72635,41.80609],[140.72827,41.80395],[140.72747,41.80355],[140.72623,41.80472],[140.72532,41.80558],[140.72487,41.80599],[140.72144,41.80921],[140.72066,41.80993],[140.71917,41.81132],[140.71879,41.81167],[140.71663,41.81373],[140.71567,41.81466],[140.71233,41.81185],[140.71268,41.81156],[140.71191,41.81095],[140.70982,41.80844],[140.70961,41.80796],[140.70876,41.8066],[140.70975,41.80754],[140.7107,41.80706],[140.71109,41.80734],[140.71128,41.80726],[140.71177,41.80753],[140.71213,41.8074],[140.71333,41.80663],[140.71326,41.80657],[140.71287,41.80593],[140.71287,41.80597],[140.71285,41.80597],[140.71286,41.80605],[140.71277,41.80607],[140.71279,41.80598],[140.71272,41.80589],[140.7128,41.80587],[140.71247,41.80475],[140.71266,41.80513],[140.71263,41.80523],[140.71288,41.80578],[140.71283,41.80587],[140.71294,41.80592],[140.71335,41.80661],[140.71348,41.80652],[140.71352,41.80655],[140.71469,41.80747],[140.71565,41.8068],[140.71595,41.80694],[140.71582,41.80681],[140.71591,41.8066],[140.71379,41.80464],[140.71293,41.80481],[140.71292,41.80477],[140.71347,41.80447],[140.71306,41.80326],[140.71211,41.80269],[140.71184,41.80276],[140.71136,41.80177],[140.71435,41.79768],[140.71541,41.79814],[140.71506,41.79861],[140.71577,41.79933],[140.71602,41.79956],[140.7166,41.79938],[140.71732,41.80074],[140.71829,41.80042],[140.71796,41.80004],[140.71746,41.80028],[140.7175,41.80023],[140.71729,41.80008],[140.71734,41.79933],[140.71755,41.79912],[140.71744,41.79864],[140.71743,41.79863],[140.71747,41.7986],[140.7175,41.79864],[140.71783,41.79898],[140.71788,41.799],[140.71783,41.79888],[140.71795,41.79894],[140.71806,41.79905],[140.71805,41.79911],[140.71792,41.79904],[140.71847,41.79963],[140.71994,41.80062],[140.72053,41.79981],[140.72181,41.80031]]]}},{"type":"Feature","properties":{"m":"追分町","b":[140.7287,41.7964,140.7339,41.8008],"c":[140.73137,41.79907],"k":"おいわけちょう"},"geometry":{"type":"Polygon","coordinates":[[[140.73261,41.79672],[140.73391,41.80068],[140.73286,41.80068],[140.73118,41.80072],[140.72873,41.80083],[140.72889,41.7993],[140.73042,41.79787],[140.7313,41.7964],[140.73261,41.79672]]]}},{"type":"Feature","properties":{"m":"亀田町","b":[140.7305,41.7903,140.7363,41.8007],"c":[140.73368,41.79529],"k":"かめだまち"},"geometry":{"type":"Polygon","coordinates":[[[140.73404,41.79043],[140.7341,41.79063],[140.73427,41.79121],[140.73466,41.79255],[140.73534,41.79551],[140.73493,41.7977],[140.73624,41.79766],[140.7363,41.80066],[140.73424,41.80068],[140.73391,41.80068],[140.73261,41.79672],[140.73055,41.79104],[140.73292,41.79033],[140.73404,41.79043]]]}},{"type":"Feature","properties":{"m":"大川町","b":[140.7349,41.7953,140.7417,41.8007],"c":[140.73877,41.79804],"k":"おおかわちょう"},"geometry":{"type":"Polygon","coordinates":[[[140.73534,41.79551],[140.73747,41.79616],[140.73848,41.79611],[140.73844,41.79541],[140.74108,41.79532],[140.74168,41.7964],[140.74171,41.8006],[140.74163,41.8006],[140.7363,41.80066],[140.73624,41.79766],[140.73493,41.7977],[140.73534,41.79551]]]}},{"type":"Feature","properties":{"m":"田家町","b":[140.7417,41.7951,140.7512,41.8006],"c":[140.74617,41.79832],"k":"たやちょう"},"geometry":{"type":"Polygon","coordinates":[[[140.74168,41.7964],[140.74351,41.79634],[140.74375,41.79638],[140.74453,41.79643],[140.74498,41.79627],[140.74515,41.79626],[140.7456,41.79621],[140.74615,41.7962],[140.74821,41.79507],[140.75098,41.79841],[140.75123,41.79998],[140.7481,41.80047],[140.74171,41.8006],[140.74168,41.7964]]]}},{"type":"Feature","properties":{"m":"白鳥町","b":[140.7411,41.7905,140.7482,41.7964],"c":[140.74462,41.79407],"k":"しらとりちょう"},"geometry":{"type":"Polygon","coordinates":[[[140.74108,41.79532],[140.74125,41.79411],[140.74153,41.79351],[140.74224,41.79378],[140.7425,41.79383],[140.74356,41.79402],[140.74347,41.79266],[140.74343,41.79185],[140.74343,41.79056],[140.74418,41.7905],[140.74545,41.79128],[140.74734,41.793],[140.7479,41.79462],[140.74821,41.79507],[140.74615,41.7962],[140.7456,41.79621],[140.74515,41.79626],[140.74498,41.79627],[140.74453,41.79643],[140.74375,41.79638],[140.74351,41.79634],[140.74168,41.7964],[140.74108,41.79532]]]}},{"type":"Feature","properties":{"m":"八幡町","b":[140.7341,41.7904,140.7436,41.7962],"c":[140.73833,41.79316],"k":"はちまんちょう"},"geometry":{"type":"Polygon","coordinates":[[[140.73466,41.79255],[140.73427,41.79121],[140.7341,41.79063],[140.73444,41.79043],[140.73472,41.79043],[140.73598,41.79039],[140.73788,41.79102],[140.73905,41.79106],[140.74107,41.79183],[140.74343,41.79185],[140.74347,41.79266],[140.74356,41.79402],[140.7425,41.79383],[140.74224,41.79378],[140.74153,41.79351],[140.74125,41.79411],[140.74108,41.79532],[140.73844,41.79541],[140.73848,41.79611],[140.73747,41.79616],[140.73534,41.79551],[140.73466,41.79255]]]}},{"type":"Feature","properties":{"m":"宮前町","b":[140.7332,41.7874,140.7442,41.7918],"c":[140.73869,41.7895],"k":"みやまえちょう"},"geometry":{"type":"Polygon","coordinates":[[[140.73421,41.78764],[140.73546,41.7878],[140.73734,41.78766],[140.73843,41.78763],[140.74091,41.78739],[140.74239,41.78932],[140.74418,41.7905],[140.74343,41.79056],[140.74343,41.79185],[140.74107,41.79183],[140.73905,41.79106],[140.73788,41.79102],[140.73598,41.79039],[140.73472,41.79043],[140.73444,41.79043],[140.73411,41.79043],[140.73371,41.78936],[140.73367,41.78924],[140.73325,41.7878],[140.73421,41.78764]]]}},{"type":"Feature","properties":{"m":"中島町","b":[140.7396,41.779,140.7444,41.7894],"c":[140.74196,41.78369],"k":"なかじまちょう"},"geometry":{"type":"Polygon","coordinates":[[[140.73999,41.77897],[140.7423,41.77909],[140.74437,41.78075],[140.74388,41.78528],[140.74374,41.78663],[140.74343,41.78939],[140.74239,41.78932],[140.74091,41.78739],[140.73962,41.78503],[140.7396,41.78406],[140.73999,41.77897]]]}},{"type":"Feature","properties":{"m":"千代台町","b":[140.7437,41.7801,140.7508,41.7886],"c":[140.74706,41.78422],"k":"ちよがだいちょう"},"geometry":{"type":"Polygon","coordinates":[[[140.74388,41.78528],[140.74437,41.78075],[140.74446,41.78009],[140.74737,41.78036],[140.74998,41.78058],[140.74977,41.78186],[140.75069,41.78557],[140.75079,41.78595],[140.74914,41.78587],[140.74899,41.78659],[140.7496,41.78859],[140.74906,41.78856],[140.74834,41.78851],[140.74633,41.78836],[140.74517,41.78758],[140.74513,41.78761],[140.74494,41.78741],[140.74374,41.78663],[140.74388,41.78528]]]}},{"type":"Feature","properties":{"m":"堀川町","b":[140.74,41.7755,140.748,41.7807],"c":[140.74402,41.77791],"k":"ほりかわちょう"},"geometry":{"type":"Polygon","coordinates":[[[140.74024,41.77551],[140.74795,41.77653],[140.74737,41.78036],[140.74446,41.78009],[140.74437,41.78075],[140.7423,41.77909],[140.73999,41.77897],[140.74012,41.77735],[140.74024,41.77551]]]}},{"type":"Feature","properties":{"m":"高盛町","b":[140.7402,41.7715,140.7489,41.7765],"c":[140.7443,41.77412],"k":"たかもりちょう"},"geometry":{"type":"Polygon","coordinates":[[[140.7405,41.77145],[140.74576,41.77258],[140.74886,41.77301],[140.74795,41.77653],[140.74024,41.77551],[140.7405,41.77145]]]}},{"type":"Feature","properties":{"m":"宇賀浦町","b":[140.7405,41.769,140.7493,41.773],"c":[140.74456,41.77125],"k":"うがうらちょう"},"geometry":{"type":"Polygon","coordinates":[[[140.74068,41.76926],[140.74086,41.76902],[140.74421,41.77024],[140.74929,41.77145],[140.74886,41.77301],[140.74576,41.77258],[140.7405,41.77145],[140.74051,41.77138],[140.74068,41.76926]]]}},{"type":"Feature","properties":{"m":"日乃出町","b":[140.748,41.7715,140.7569,41.7771],"c":[140.75233,41.7745],"k":"ひのでちょう"},"geometry":{"type":"Polygon","coordinates":[[[140.74886,41.77301],[140.74929,41.77145],[140.75688,41.77289],[140.75656,41.77534],[140.75579,41.77539],[140.75555,41.77715],[140.75059,41.77689],[140.74795,41.77653],[140.74886,41.77301]]]}},{"type":"Feature","properties":{"m":"的場町","b":[140.7474,41.7765,140.7566,41.7806],"c":[140.75182,41.77879],"k":"まとばちょう"},"geometry":{"type":"Polygon","coordinates":[[[140.74737,41.78036],[140.74795,41.77653],[140.75059,41.77689],[140.75555,41.77715],[140.7555,41.77805],[140.75654,41.778],[140.75646,41.77861],[140.75612,41.77859],[140.75659,41.78045],[140.75538,41.7806],[140.74998,41.78058],[140.74737,41.78036]]]}},{"type":"Feature","properties":{"m":"時任町","b":[140.7498,41.7805,140.758,41.7856],"c":[140.7537,41.78285],"k":"ときとうちょう"},"geometry":{"type":"Polygon","coordinates":[[[140.74998,41.78058],[140.75538,41.7806],[140.75659,41.78045],[140.75721,41.78123],[140.75799,41.78476],[140.75739,41.78478],[140.75583,41.78481],[140.75455,41.78499],[140.75069,41.78557],[140.74977,41.78186],[140.74998,41.78058]]]}},{"type":"Feature","properties":{"m":"杉並町","b":[140.7545,41.7848,140.7589,41.7922],"c":[140.75674,41.78849],"k":"すぎなみちょう"},"geometry":{"type":"Polygon","coordinates":[[[140.75583,41.78481],[140.75739,41.78478],[140.75814,41.78553],[140.75836,41.78652],[140.75844,41.78689],[140.75889,41.78922],[140.75862,41.79011],[140.75797,41.79223],[140.75486,41.79212],[140.75537,41.78893],[140.75455,41.78499],[140.75583,41.78481]]]}},{"type":"Feature","properties":{"m":"本町","b":[140.749,41.785,140.7554,41.7921],"c":[140.75234,41.78863],"k":"ほんちょう"},"geometry":{"type":"Polygon","coordinates":[[[140.75069,41.78557],[140.75455,41.78499],[140.75537,41.78893],[140.75486,41.79212],[140.75104,41.79194],[140.74946,41.7909],[140.7499,41.78996],[140.74904,41.78897],[140.74906,41.78856],[140.7496,41.78859],[140.74899,41.78659],[140.74914,41.78587],[140.75079,41.78595],[140.75069,41.78557]]]}},{"type":"Feature","properties":{"m":"梁川町","b":[140.7424,41.7866,140.751,41.7946],"c":[140.74702,41.79054],"k":"やながわちょう"},"geometry":{"type":"Polygon","coordinates":[[[140.74545,41.79128],[140.74418,41.7905],[140.74239,41.78932],[140.74343,41.78939],[140.74374,41.78663],[140.74494,41.78741],[140.74513,41.78761],[140.74517,41.78758],[140.74633,41.78836],[140.74834,41.78851],[140.74906,41.78856],[140.74904,41.78897],[140.7499,41.78996],[140.74946,41.7909],[140.75104,41.79194],[140.74982,41.79299],[140.74879,41.79452],[140.7479,41.79462],[140.74734,41.793],[140.74545,41.79128]]]}},{"type":"Feature","properties":{"m":"五稜郭町","b":[140.7479,41.7919,140.7603,41.8001],"c":[140.75412,41.79587],"k":"ごりょうかくちょう"},"geometry":{"type":"Polygon","coordinates":[[[140.74821,41.79507],[140.7479,41.79462],[140.74879,41.79452],[140.74982,41.79299],[140.75104,41.79194],[140.75486,41.79212],[140.75797,41.79223],[140.75754,41.79416],[140.759,41.79512],[140.75852,41.79563],[140.76031,41.79651],[140.75919,41.79764],[140.7587,41.79943],[140.75726,41.79931],[140.75439,41.79915],[140.75434,41.80012],[140.75124,41.79998],[140.75123,41.79998],[140.75098,41.79841],[140.74821,41.79507]]]}},{"type":"Feature","properties":{"m":"柳町","b":[140.7575,41.792,140.7664,41.7956],"c":[140.76191,41.79358],"k":"やなぎまち"},"geometry":{"type":"Polygon","coordinates":[[[140.75797,41.79223],[140.76122,41.79235],[140.76137,41.79209],[140.76407,41.79209],[140.76638,41.79199],[140.76623,41.79435],[140.7647,41.79432],[140.76269,41.7951],[140.76235,41.79563],[140.759,41.79512],[140.75754,41.79416],[140.75797,41.79223]]]}},{"type":"Feature","properties":{"m":"松陰町","b":[140.758,41.7841,140.7645,41.7923],"c":[140.76116,41.78848],"k":"まつかげちょう"},"geometry":{"type":"Polygon","coordinates":[[[140.75844,41.78689],[140.75836,41.78652],[140.75814,41.78553],[140.75799,41.78476],[140.76025,41.78463],[140.76268,41.78408],[140.76271,41.78414],[140.76408,41.78791],[140.76373,41.78945],[140.7645,41.78951],[140.76407,41.79209],[140.76137,41.79209],[140.76122,41.79235],[140.75797,41.79223],[140.75862,41.79011],[140.75889,41.78922],[140.75844,41.78689]]]}},{"type":"Feature","properties":{"m":"人見町","b":[140.7561,41.7786,140.7627,41.7848],"c":[140.75937,41.78165],"k":"ひとみちょう"},"geometry":{"type":"Polygon","coordinates":[[[140.75646,41.77861],[140.76002,41.77882],[140.76054,41.7786],[140.76268,41.78408],[140.76025,41.78463],[140.75799,41.78476],[140.75721,41.78123],[140.75659,41.78045],[140.75612,41.77859],[140.75646,41.77861]]]}},{"type":"Feature","properties":{"m":"金堀町","b":[140.7555,41.7729,140.7656,41.7796],"c":[140.76041,41.77609],"k":"かなほりちょう"},"geometry":{"type":"Polygon","coordinates":[[[140.75688,41.77289],[140.76137,41.77379],[140.76563,41.7741],[140.76553,41.7745],[140.7653,41.7755],[140.76517,41.77607],[140.76503,41.77665],[140.76438,41.77959],[140.76382,41.77889],[140.76331,41.77825],[140.76233,41.77779],[140.76054,41.7786],[140.76002,41.77882],[140.75646,41.77861],[140.75654,41.778],[140.7555,41.77805],[140.75555,41.77715],[140.75579,41.77539],[140.75656,41.77534],[140.75688,41.77289]]]}},{"type":"Feature","properties":{"m":"乃木町","b":[140.7605,41.7778,140.7668,41.7841],"c":[140.76339,41.78104],"k":"のぎまち"},"geometry":{"type":"Polygon","coordinates":[[[140.76268,41.78408],[140.76054,41.7786],[140.76233,41.77779],[140.76331,41.77825],[140.76382,41.77889],[140.76438,41.77959],[140.76599,41.78161],[140.76682,41.78264],[140.76529,41.78333],[140.76271,41.78414],[140.76268,41.78408]]]}},{"type":"Feature","properties":{"m":"柏木町","b":[140.7627,41.7826,140.7717,41.7921],"c":[140.76711,41.78792],"k":"かしわぎちょう"},"geometry":{"type":"Polygon","coordinates":[[[140.76407,41.79209],[140.7645,41.78951],[140.76373,41.78945],[140.76408,41.78791],[140.76271,41.78414],[140.76529,41.78333],[140.76682,41.78264],[140.76688,41.78272],[140.7703,41.78695],[140.7715,41.78898],[140.77168,41.79163],[140.76638,41.79199],[140.76407,41.79209]]]}},{"type":"Feature","properties":{"m":"川原町","b":[140.7662,41.788,140.7775,41.7945],"c":[140.77176,41.79164],"k":"かわはらちょう"},"geometry":{"type":"Polygon","coordinates":[[[140.76638,41.79199],[140.77168,41.79163],[140.7715,41.78898],[140.77372,41.788],[140.77531,41.78933],[140.77748,41.79034],[140.77511,41.79153],[140.77563,41.79223],[140.77221,41.79332],[140.77096,41.79392],[140.76882,41.79451],[140.76764,41.79421],[140.76623,41.79435],[140.76638,41.79199]]]}},{"type":"Feature","properties":{"m":"深堀町","b":[140.7703,41.782,140.7855,41.791],"c":[140.77864,41.78669],"k":"ふかぼりちょう"},"geometry":{"type":"Polygon","coordinates":[[[140.7703,41.78695],[140.77585,41.78436],[140.77862,41.78348],[140.78064,41.7826],[140.78209,41.78202],[140.78322,41.78332],[140.78477,41.78354],[140.78547,41.78471],[140.78429,41.78591],[140.78292,41.78648],[140.78261,41.78744],[140.78323,41.78838],[140.78259,41.78991],[140.7806,41.79099],[140.77892,41.79097],[140.77748,41.79034],[140.77531,41.78933],[140.77372,41.788],[140.7715,41.78898],[140.7703,41.78695]]]}},{"type":"Feature","properties":{"m":"駒場町","b":[140.7669,41.7776,140.7806,41.7869],"c":[140.77414,41.78213],"k":"こまばちょう"},"geometry":{"type":"Polygon","coordinates":[[[140.76688,41.78272],[140.77125,41.78047],[140.7769,41.77762],[140.77918,41.77806],[140.77993,41.77857],[140.77973,41.7812],[140.78064,41.7826],[140.77862,41.78348],[140.77585,41.78436],[140.7703,41.78695],[140.76688,41.78272]]]}},{"type":"Feature","properties":{"m":"広野町","b":[140.7644,41.7741,140.7717,41.7827],"c":[140.76816,41.77799],"k":"ひろのちょう"},"geometry":{"type":"Polygon","coordinates":[[[140.76517,41.77607],[140.7653,41.7755],[140.76553,41.7745],[140.76563,41.7741],[140.76795,41.77433],[140.7717,41.77445],[140.77174,41.77671],[140.7713,41.78013],[140.77125,41.78047],[140.76688,41.78272],[140.76619,41.78184],[140.76599,41.78161],[140.76438,41.77959],[140.76503,41.77665],[140.76517,41.77607]]]}},{"type":"Feature","properties":{"m":"湯浜町","b":[140.7713,41.7742,140.7797,41.7805],"c":[140.77517,41.77661],"k":"ゆのはまちょう"},"geometry":{"type":"Polygon","coordinates":[[[140.77125,41.78047],[140.7713,41.78013],[140.77174,41.77671],[140.7717,41.77445],[140.77462,41.77451],[140.77856,41.77422],[140.77948,41.77452],[140.77974,41.77563],[140.77918,41.77806],[140.7769,41.77762],[140.77125,41.78047]]]}},{"type":"Feature","properties":{"m":"湯川町","b":[140.7786,41.773,140.8001,41.7869],"c":[140.78817,41.77918],"k":"ゆのかわちょう"},"geometry":{"type":"Polygon","coordinates":[[[140.78064,41.7826],[140.77973,41.7812],[140.77993,41.77857],[140.77918,41.77806],[140.77974,41.77563],[140.77948,41.77452],[140.77856,41.77422],[140.77876,41.77358],[140.78065,41.77411],[140.78309,41.77405],[140.78424,41.77375],[140.78758,41.77395],[140.7886,41.77518],[140.78696,41.77299],[140.78969,41.77315],[140.79078,41.77298],[140.79147,41.77428],[140.79293,41.77373],[140.79436,41.77579],[140.79606,41.776],[140.79637,41.777],[140.79638,41.77757],[140.79657,41.77762],[140.79689,41.7778],[140.79748,41.77823],[140.79794,41.77853],[140.79795,41.77854],[140.79784,41.77891],[140.79827,41.7793],[140.79889,41.77945],[140.79906,41.77954],[140.80009,41.781],[140.79969,41.78078],[140.79441,41.78168],[140.79375,41.78285],[140.79267,41.78393],[140.79108,41.78475],[140.79038,41.78503],[140.79084,41.78613],[140.78811,41.78617],[140.78824,41.78582],[140.78542,41.7869],[140.78429,41.78591],[140.78547,41.78471],[140.78477,41.78354],[140.78322,41.78332],[140.78209,41.78202],[140.78064,41.7826]]]}},{"type":"Feature","properties":{"m":"戸倉町","b":[140.7944,41.7771,140.8096,41.788],"c":[140.80269,41.78225],"k":"とくらちょう"},"geometry":{"type":"Polygon","coordinates":[[[140.79969,41.78078],[140.80009,41.781],[140.79906,41.77954],[140.79889,41.77945],[140.79827,41.7793],[140.79784,41.77891],[140.79795,41.77854],[140.79794,41.77853],[140.79748,41.77823],[140.79689,41.7778],[140.79657,41.77762],[140.79638,41.77757],[140.79739,41.77711],[140.79826,41.7772],[140.80035,41.77756],[140.80199,41.77829],[140.8032,41.77913],[140.80391,41.77959],[140.80502,41.78015],[140.80642,41.78096],[140.80724,41.78161],[140.80734,41.7817],[140.80788,41.78218],[140.80846,41.78278],[140.80892,41.78337],[140.80959,41.78436],[140.80963,41.78488],[140.80948,41.78537],[140.80805,41.78428],[140.80782,41.78484],[140.80761,41.78652],[140.80795,41.78728],[140.80772,41.78753],[140.80721,41.78802],[140.80492,41.78636],[140.80335,41.78504],[140.80006,41.78396],[140.79664,41.78308],[140.79564,41.78259],[140.79492,41.78226],[140.79441,41.78168],[140.79969,41.78078]]]}},{"type":"Feature","properties":{"m":"榎本町","b":[140.7911,41.7817,140.7972,41.7918],"c":[140.79416,41.78679],"k":"えのもとちょう"},"geometry":{"type":"Polygon","coordinates":[[[140.79267,41.78393],[140.79375,41.78285],[140.79441,41.78168],[140.79492,41.78226],[140.79564,41.78259],[140.79536,41.78349],[140.7962,41.78445],[140.79618,41.78466],[140.79417,41.78502],[140.79415,41.78507],[140.79417,41.78513],[140.7951,41.78741],[140.7953,41.78886],[140.79542,41.78947],[140.79721,41.79149],[140.79465,41.7918],[140.79335,41.78935],[140.7929,41.78715],[140.79108,41.78475],[140.79267,41.78393]]]}},{"type":"Feature","properties":{"m":"花園町","b":[140.7769,41.7858,140.7882,41.798],"c":[140.78217,41.79156],"k":"はなぞのちょう"},"geometry":{"type":"Polygon","coordinates":[[[140.78429,41.78591],[140.78542,41.7869],[140.78824,41.78582],[140.78811,41.78617],[140.78724,41.78828],[140.78444,41.79229],[140.78089,41.79565],[140.77944,41.79802],[140.77942,41.79804],[140.77831,41.79643],[140.77694,41.7955],[140.77686,41.79491],[140.77892,41.79097],[140.7806,41.79099],[140.78259,41.78991],[140.78323,41.78838],[140.78261,41.78744],[140.78292,41.78648],[140.78429,41.78591]]]}},{"type":"Feature","properties":{"m":"日吉町","b":[140.7794,41.7848,140.7986,41.8081],"c":[140.78985,41.79657],"k":"ひよしちょう"},"geometry":{"type":"Polygon","coordinates":[[[140.79108,41.78475],[140.7929,41.78715],[140.79335,41.78935],[140.79465,41.7918],[140.79479,41.79268],[140.79659,41.79465],[140.79665,41.79526],[140.79479,41.79657],[140.79378,41.79803],[140.79411,41.79904],[140.79493,41.80044],[140.79718,41.80204],[140.79754,41.80287],[140.79861,41.8034],[140.79855,41.80445],[140.79814,41.80421],[140.79778,41.80416],[140.79759,41.80417],[140.79686,41.80437],[140.79619,41.80465],[140.79532,41.80497],[140.79482,41.80513],[140.79407,41.8055],[140.79371,41.80567],[140.79103,41.80702],[140.78988,41.80809],[140.78911,41.80638],[140.78887,41.80586],[140.78845,41.80496],[140.78759,41.80305],[140.78722,41.8021],[140.78653,41.8007],[140.7861,41.79944],[140.77979,41.79782],[140.77944,41.79802],[140.78089,41.79565],[140.78444,41.79229],[140.78724,41.78828],[140.78811,41.78617],[140.79084,41.78613],[140.79038,41.78503],[140.79108,41.78475]]]}},{"type":"Feature","properties":{"m":"上野町","b":[140.7942,41.7826,140.8049,41.7893],"c":[140.79863,41.78611],"k":"うえのちょう"},"geometry":{"type":"Polygon","coordinates":[[[140.80492,41.78636],[140.80302,41.78719],[140.80252,41.78659],[140.79966,41.78791],[140.80017,41.78855],[140.79816,41.78925],[140.7953,41.78886],[140.7951,41.78741],[140.79417,41.78513],[140.79415,41.78507],[140.79417,41.78502],[140.79618,41.78466],[140.7962,41.78445],[140.79536,41.78349],[140.79564,41.78259],[140.79664,41.78308],[140.80006,41.78396],[140.80335,41.78504],[140.80492,41.78636]]]}},{"type":"Feature","properties":{"m":"高丘町","b":[140.7953,41.7843,140.8128,41.7941],"c":[140.80518,41.78934],"k":"たかおかちょう"},"geometry":{"type":"Polygon","coordinates":[[[140.80948,41.78537],[140.80945,41.78646],[140.81138,41.78725],[140.81172,41.79062],[140.81278,41.79124],[140.81086,41.79273],[140.81108,41.79413],[140.81008,41.79244],[140.81005,41.79238],[140.80905,41.79164],[140.80551,41.79176],[140.80316,41.79131],[140.79721,41.79149],[140.79542,41.78947],[140.7953,41.78886],[140.79816,41.78925],[140.80017,41.78855],[140.79966,41.78791],[140.80252,41.78659],[140.80302,41.78719],[140.80492,41.78636],[140.80721,41.78802],[140.80772,41.78753],[140.80795,41.78728],[140.80761,41.78652],[140.80782,41.78484],[140.80805,41.78428],[140.80948,41.78537]]]}},{"type":"Feature","properties":{"m":"滝沢町","b":[140.7938,41.7915,140.8133,41.8098],"c":[140.80279,41.80117],"k":"たきさわちょう"},"geometry":{"type":"Polygon","coordinates":[[[140.79721,41.79149],[140.79874,41.79346],[140.80233,41.79477],[140.8051,41.79615],[140.80762,41.79782],[140.80861,41.79813],[140.80888,41.79915],[140.80913,41.79992],[140.80906,41.80063],[140.80938,41.80079],[140.80948,41.80104],[140.80945,41.80115],[140.80949,41.80174],[140.80918,41.80203],[140.80917,41.80211],[140.80955,41.80266],[140.80959,41.8033],[140.81036,41.80387],[140.81103,41.80437],[140.8112,41.80433],[140.81128,41.80423],[140.81128,41.80396],[140.81167,41.80369],[140.81198,41.80357],[140.81209,41.80358],[140.81283,41.80396],[140.81329,41.80445],[140.8133,41.80491],[140.81257,41.80524],[140.8122,41.8053],[140.81121,41.80681],[140.81065,41.80751],[140.80999,41.8077],[140.80938,41.8078],[140.80882,41.80788],[140.80787,41.80822],[140.80749,41.80836],[140.80693,41.80873],[140.8064,41.80911],[140.80519,41.80976],[140.80412,41.80946],[140.80344,41.80922],[140.80266,41.80874],[140.80176,41.80817],[140.80101,41.80768],[140.80086,41.80757],[140.80096,41.80738],[140.80119,41.80675],[140.80113,41.8064],[140.8005,41.80612],[140.79975,41.80567],[140.79926,41.80517],[140.79855,41.80445],[140.79861,41.8034],[140.79754,41.80287],[140.79718,41.80204],[140.79493,41.80044],[140.79411,41.79904],[140.79378,41.79803],[140.79479,41.79657],[140.79665,41.79526],[140.79659,41.79465],[140.79479,41.79268],[140.79465,41.7918],[140.79721,41.79149]]]}},{"type":"Feature","properties":{"m":"見晴町","b":[140.7972,41.7912,140.8244,41.8081],"c":[140.8121,41.79889],"k":"みはらしちょう"},"geometry":{"type":"Polygon","coordinates":[[[140.80905,41.79164],[140.81005,41.79238],[140.81008,41.79244],[140.81108,41.79413],[140.81086,41.79273],[140.81278,41.79124],[140.81408,41.7925],[140.81417,41.79394],[140.81505,41.79614],[140.81723,41.79959],[140.81932,41.80056],[140.82201,41.80369],[140.82443,41.80541],[140.82325,41.80602],[140.82345,41.80674],[140.82146,41.80661],[140.81776,41.80814],[140.81617,41.80603],[140.81504,41.80739],[140.81317,41.8061],[140.81311,41.80535],[140.8133,41.80491],[140.81329,41.80445],[140.81283,41.80396],[140.81209,41.80358],[140.81198,41.80357],[140.81167,41.80369],[140.81128,41.80396],[140.81128,41.80423],[140.8112,41.80433],[140.81103,41.80437],[140.81036,41.80387],[140.80959,41.8033],[140.80955,41.80266],[140.80917,41.80211],[140.80918,41.80203],[140.80949,41.80174],[140.80945,41.80115],[140.80948,41.80104],[140.80938,41.80079],[140.80906,41.80063],[140.80913,41.79992],[140.80888,41.79915],[140.80861,41.79813],[140.80762,41.79782],[140.8051,41.79615],[140.80233,41.79477],[140.79874,41.79346],[140.79721,41.79149],[140.80316,41.79131],[140.80551,41.79176],[140.80905,41.79164]]]}},{"type":"Feature","properties":{"m":"鈴蘭丘町","b":[140.8064,41.8052,140.851,41.8334],"c":[140.82942,41.81839],"k":"すずらんおかちょう"},"geometry":{"type":"Polygon","coordinates":[[[140.81257,41.80524],[140.81311,41.80535],[140.81317,41.8061],[140.81504,41.80739],[140.81617,41.80603],[140.81776,41.80814],[140.82146,41.80661],[140.82345,41.80674],[140.82325,41.80602],[140.82443,41.80541],[140.82749,41.80841],[140.82857,41.80883],[140.83079,41.80852],[140.83224,41.80984],[140.83342,41.81128],[140.83274,41.81248],[140.83324,41.81438],[140.83406,41.81454],[140.83649,41.81318],[140.83568,41.81508],[140.83645,41.81572],[140.83847,41.81563],[140.83929,41.81597],[140.84079,41.81754],[140.84342,41.81876],[140.84585,41.82091],[140.84669,41.82267],[140.84871,41.82483],[140.85103,41.82678],[140.85089,41.82786],[140.84923,41.82963],[140.84913,41.83046],[140.84873,41.83062],[140.84822,41.83075],[140.84792,41.831],[140.84745,41.83118],[140.84716,41.83166],[140.84685,41.83174],[140.84673,41.83182],[140.846,41.83218],[140.84559,41.83222],[140.84453,41.83267],[140.84433,41.83271],[140.84381,41.83284],[140.84241,41.83271],[140.84057,41.83337],[140.83965,41.83317],[140.83931,41.83228],[140.83985,41.83116],[140.83731,41.82884],[140.83623,41.82828],[140.8353,41.8283],[140.8336,41.82742],[140.83214,41.82702],[140.83108,41.82645],[140.8307,41.8262],[140.8291,41.82521],[140.82748,41.8249],[140.82636,41.82463],[140.82598,41.82454],[140.82472,41.82333],[140.82367,41.82215],[140.8207,41.82205],[140.8196,41.82111],[140.81798,41.81982],[140.81477,41.81822],[140.81173,41.8162],[140.81051,41.81475],[140.80937,41.81228],[140.80893,41.81142],[140.80851,41.81069],[140.80814,41.81027],[140.8064,41.80911],[140.80693,41.80873],[140.80749,41.80836],[140.80787,41.80822],[140.80882,41.80788],[140.80938,41.8078],[140.80999,41.8077],[140.81065,41.80751],[140.81121,41.80681],[140.8122,41.8053],[140.81257,41.80524]]]}},{"type":"Feature","properties":{"m":"上湯川町","b":[140.805,41.7769,140.8304,41.7954],"c":[140.81834,41.78614],"k":"かみゆのかわちょう"},"geometry":{"type":"Polygon","coordinates":[[[140.80963,41.78488],[140.80959,41.78436],[140.80892,41.78337],[140.80846,41.78278],[140.80788,41.78218],[140.80734,41.7817],[140.80724,41.78161],[140.80642,41.78096],[140.80502,41.78015],[140.80645,41.7796],[140.80739,41.77996],[140.80774,41.77828],[140.80855,41.77705],[140.80967,41.77695],[140.81487,41.77913],[140.81679,41.78031],[140.82026,41.78111],[140.82269,41.78244],[140.82623,41.78386],[140.82828,41.78537],[140.82855,41.78912],[140.83041,41.7933],[140.82803,41.79375],[140.82891,41.79537],[140.82812,41.79522],[140.82705,41.79502],[140.82585,41.79469],[140.82436,41.79324],[140.82294,41.79327],[140.81974,41.79136],[140.81829,41.79128],[140.81717,41.7903],[140.81698,41.79135],[140.81408,41.7925],[140.81278,41.79124],[140.81172,41.79062],[140.81138,41.78725],[140.80945,41.78646],[140.80948,41.78537],[140.80963,41.78488]]]}},{"type":"Feature","properties":{"m":"銅山町","b":[140.8141,41.7903,140.8333,41.8098],"c":[140.82246,41.80069],"k":"どうざんちょう"},"geometry":{"type":"Polygon","coordinates":[[[140.81408,41.7925],[140.81698,41.79135],[140.81717,41.7903],[140.81779,41.79148],[140.81788,41.79333],[140.81934,41.79426],[140.81965,41.79571],[140.81926,41.79703],[140.82008,41.79818],[140.82237,41.79793],[140.82354,41.79778],[140.82392,41.79844],[140.8253,41.80075],[140.82754,41.80258],[140.8274,41.80282],[140.82902,41.80453],[140.82917,41.80478],[140.82974,41.80555],[140.83124,41.80663],[140.83001,41.80765],[140.83105,41.80764],[140.83211,41.80793],[140.83321,41.80899],[140.83327,41.80946],[140.83224,41.80984],[140.83079,41.80852],[140.82857,41.80883],[140.82749,41.80841],[140.82443,41.80541],[140.82201,41.80369],[140.81932,41.80056],[140.81723,41.79959],[140.81505,41.79614],[140.81417,41.79394],[140.81408,41.7925]]]}},{"type":"Feature","properties":{"m":"旭岡町","b":[140.828,41.7854,140.8587,41.8161],"c":[140.83956,41.79982],"k":"あさひおかちょう"},"geometry":{"type":"Polygon","coordinates":[[[140.82803,41.79375],[140.83041,41.7933],[140.82855,41.78912],[140.82828,41.78537],[140.83179,41.78631],[140.83232,41.78615],[140.8353,41.78539],[140.83766,41.7867],[140.83819,41.78854],[140.83858,41.7893],[140.84153,41.79155],[140.84399,41.79269],[140.84497,41.79277],[140.84448,41.79304],[140.84332,41.79409],[140.8429,41.79508],[140.84192,41.79726],[140.841,41.79823],[140.84051,41.79892],[140.84007,41.7992],[140.84194,41.8019],[140.84402,41.80481],[140.84584,41.80548],[140.8483,41.80585],[140.84854,41.80722],[140.85014,41.80922],[140.85203,41.80948],[140.85333,41.81037],[140.85603,41.81126],[140.85797,41.81145],[140.85873,41.81246],[140.85482,41.81606],[140.85406,41.81579],[140.85235,41.81458],[140.85187,41.81398],[140.8513,41.81358],[140.85077,41.81344],[140.85044,41.81342],[140.84828,41.81347],[140.84685,41.81311],[140.84465,41.81248],[140.84408,41.81099],[140.84442,41.81018],[140.84361,41.80947],[140.84229,41.80922],[140.84066,41.80853],[140.83998,41.80825],[140.83933,41.80711],[140.83782,41.80606],[140.83689,41.80461],[140.83547,41.80288],[140.83521,41.803],[140.83303,41.80406],[140.83181,41.80282],[140.83126,41.8024],[140.83095,41.80218],[140.8309,41.80139],[140.83082,41.80056],[140.83068,41.79993],[140.83056,41.79889],[140.83037,41.79844],[140.82891,41.79537],[140.82803,41.79375]]]}},{"type":"Feature","properties":{"m":"西旭岡町","b":[140.8172,41.7903,140.84,41.8103],"c":[140.8286,41.80073],"k":"にしあさひおかちょう"},"geometry":{"type":"Polygon","coordinates":[[[140.82585,41.79469],[140.82705,41.79502],[140.82812,41.79522],[140.82891,41.79537],[140.83037,41.79844],[140.83056,41.79889],[140.83068,41.79993],[140.83082,41.80056],[140.8309,41.80139],[140.83058,41.80151],[140.83095,41.80218],[140.83126,41.8024],[140.83181,41.80282],[140.83303,41.80406],[140.83521,41.803],[140.83547,41.80288],[140.83689,41.80461],[140.83782,41.80606],[140.83933,41.80711],[140.83998,41.80825],[140.83803,41.81026],[140.83734,41.81003],[140.83603,41.80979],[140.83541,41.80906],[140.83505,41.80858],[140.83417,41.80914],[140.83327,41.80946],[140.83321,41.80899],[140.83211,41.80793],[140.83105,41.80764],[140.83001,41.80765],[140.83124,41.80663],[140.82974,41.80555],[140.82917,41.80478],[140.82902,41.80453],[140.82749,41.80291],[140.8274,41.80282],[140.82754,41.80258],[140.8253,41.80075],[140.82392,41.79844],[140.82354,41.79778],[140.82237,41.79793],[140.82008,41.79818],[140.81926,41.79703],[140.81965,41.79571],[140.81934,41.79426],[140.81788,41.79333],[140.81779,41.79148],[140.81717,41.7903],[140.81829,41.79128],[140.81974,41.79136],[140.82294,41.79327],[140.82436,41.79324],[140.82585,41.79469]]]}},{"type":"Feature","properties":{"m":"鱒川町","b":[140.8322,41.8083,140.8905,41.8535],"c":[140.86169,41.82998],"k":"ますかわちょう"},"geometry":{"type":"Polygon","coordinates":[[[140.83224,41.80984],[140.83327,41.80946],[140.83417,41.80914],[140.83505,41.80858],[140.83541,41.80906],[140.83603,41.80979],[140.83734,41.81003],[140.83803,41.81026],[140.83998,41.80825],[140.84066,41.80853],[140.84229,41.80922],[140.84361,41.80947],[140.84442,41.81018],[140.84408,41.81099],[140.84465,41.81248],[140.84685,41.81311],[140.84828,41.81347],[140.85044,41.81342],[140.85077,41.81344],[140.8513,41.81358],[140.85187,41.81398],[140.85235,41.81458],[140.85406,41.81579],[140.85482,41.81606],[140.85873,41.81246],[140.85889,41.81265],[140.85952,41.81331],[140.85928,41.81416],[140.86107,41.8165],[140.8613,41.81756],[140.86111,41.81903],[140.86187,41.82056],[140.86041,41.8211],[140.86082,41.82163],[140.8614,41.82189],[140.86189,41.82248],[140.8623,41.82334],[140.86255,41.82357],[140.86267,41.82361],[140.86287,41.82378],[140.86292,41.82382],[140.86335,41.82402],[140.8638,41.8246],[140.86529,41.82483],[140.86533,41.82503],[140.86565,41.82531],[140.86569,41.82553],[140.86696,41.82581],[140.86769,41.82621],[140.86775,41.82651],[140.868,41.827],[140.86858,41.82767],[140.86966,41.82779],[140.87206,41.8287],[140.87318,41.82999],[140.87332,41.83033],[140.87365,41.83118],[140.87427,41.83177],[140.87596,41.83272],[140.87811,41.83475],[140.87861,41.83539],[140.87986,41.83727],[140.8807,41.83847],[140.88083,41.84013],[140.8806,41.84069],[140.88401,41.84288],[140.88535,41.8437],[140.88624,41.84462],[140.88688,41.84697],[140.88695,41.84775],[140.8874,41.84844],[140.88916,41.84989],[140.89006,41.85217],[140.8905,41.85321],[140.88781,41.85353],[140.88644,41.85318],[140.88531,41.85241],[140.88435,41.85056],[140.88245,41.84877],[140.88149,41.84803],[140.8794,41.84697],[140.87717,41.84641],[140.87556,41.84617],[140.87152,41.8458],[140.86935,41.84546],[140.86849,41.84454],[140.86729,41.84368],[140.86627,41.84331],[140.86431,41.84323],[140.86358,41.84321],[140.86294,41.84286],[140.86239,41.84197],[140.86204,41.84163],[140.86057,41.84087],[140.85928,41.8402],[140.85917,41.83985],[140.8592,41.83969],[140.85945,41.83903],[140.85938,41.83894],[140.85909,41.8389],[140.85816,41.83902],[140.85736,41.83876],[140.85706,41.83827],[140.85639,41.83682],[140.85586,41.83602],[140.85521,41.83543],[140.85384,41.83516],[140.85371,41.83445],[140.85424,41.83325],[140.8539,41.83275],[140.85341,41.83245],[140.85131,41.83244],[140.85051,41.83234],[140.85029,41.83218],[140.84992,41.83164],[140.84979,41.83129],[140.84927,41.83064],[140.84913,41.83046],[140.84923,41.82963],[140.85089,41.82786],[140.85103,41.82678],[140.84871,41.82483],[140.84669,41.82267],[140.84585,41.82091],[140.84342,41.81876],[140.84079,41.81754],[140.83929,41.81597],[140.83847,41.81563],[140.83645,41.81572],[140.83568,41.81508],[140.83649,41.81318],[140.83406,41.81454],[140.83324,41.81438],[140.83274,41.81248],[140.83342,41.81128],[140.83224,41.80984]]]}},{"type":"Feature","properties":{"m":"寅沢町","b":[140.8169,41.8305,140.8638,41.9188],"c":[140.84142,41.87574]},"geometry":{"type":"Polygon","coordinates":[[[140.84381,41.83284],[140.84433,41.83271],[140.84453,41.83267],[140.84559,41.83222],[140.846,41.83218],[140.84673,41.83182],[140.84685,41.83174],[140.84716,41.83166],[140.84745,41.83118],[140.84792,41.831],[140.84822,41.83075],[140.84873,41.83062],[140.84913,41.83046],[140.84927,41.83064],[140.84979,41.83129],[140.84992,41.83164],[140.85029,41.83218],[140.85051,41.83234],[140.85131,41.83244],[140.85341,41.83245],[140.8539,41.83275],[140.85424,41.83325],[140.85371,41.83445],[140.85384,41.83516],[140.85521,41.83543],[140.85586,41.83602],[140.85639,41.83682],[140.85706,41.83827],[140.85736,41.83876],[140.85816,41.83902],[140.85909,41.8389],[140.85938,41.83894],[140.85945,41.83903],[140.8592,41.83969],[140.85917,41.83985],[140.85928,41.8402],[140.86057,41.84087],[140.86204,41.84163],[140.86239,41.84197],[140.86294,41.84286],[140.86358,41.84321],[140.86374,41.84381],[140.86313,41.84562],[140.86299,41.84703],[140.86166,41.8498],[140.86105,41.8518],[140.86096,41.85396],[140.8623,41.85507],[140.86175,41.85925],[140.86231,41.85992],[140.86141,41.86074],[140.86147,41.86145],[140.86074,41.86308],[140.86115,41.86517],[140.86065,41.86818],[140.85997,41.86874],[140.85795,41.86888],[140.8562,41.86961],[140.85522,41.871],[140.85286,41.87213],[140.85258,41.87373],[140.85359,41.87465],[140.85368,41.87573],[140.85185,41.87955],[140.85156,41.88272],[140.85108,41.88435],[140.85273,41.88602],[140.8534,41.88795],[140.85455,41.88928],[140.85435,41.89056],[140.855,41.89245],[140.85656,41.8943],[140.85767,41.89636],[140.85866,41.89758],[140.86068,41.89822],[140.86211,41.89926],[140.86314,41.90191],[140.86376,41.90473],[140.86346,41.90552],[140.86123,41.90657],[140.86202,41.90909],[140.86163,41.91029],[140.85984,41.91216],[140.85389,41.91344],[140.85157,41.91429],[140.85063,41.91494],[140.84933,41.91701],[140.84706,41.91761],[140.84276,41.91765],[140.84123,41.91745],[140.83691,41.91614],[140.833,41.9165],[140.82998,41.9166],[140.82578,41.9165],[140.8203,41.91876],[140.82028,41.91853],[140.82052,41.91728],[140.82187,41.91483],[140.8241,41.91271],[140.82516,41.91188],[140.82718,41.90968],[140.82847,41.90919],[140.82941,41.90696],[140.82947,41.90338],[140.82927,41.90089],[140.82897,41.89767],[140.82858,41.89574],[140.8276,41.89277],[140.82694,41.89173],[140.82514,41.88975],[140.82462,41.8892],[140.82426,41.88888],[140.8239,41.88852],[140.82364,41.88807],[140.82271,41.88586],[140.82197,41.88537],[140.82049,41.88384],[140.81909,41.88144],[140.8178,41.88065],[140.81721,41.87973],[140.81722,41.8776],[140.8174,41.87463],[140.81778,41.87345],[140.81835,41.87201],[140.81808,41.87066],[140.81707,41.86877],[140.81693,41.86764],[140.81758,41.86585],[140.81759,41.86492],[140.81795,41.86199],[140.81985,41.85773],[140.82159,41.8561],[140.82428,41.85506],[140.82506,41.85474],[140.82546,41.85407],[140.82556,41.85369],[140.82753,41.85175],[140.83001,41.84842],[140.83061,41.8477],[140.83099,41.84641],[140.83197,41.8448],[140.83527,41.84101],[140.83827,41.84021],[140.84087,41.83846],[140.84038,41.83734],[140.84039,41.83586],[140.84019,41.83495],[140.84007,41.83461],[140.84009,41.83441],[140.83965,41.83317],[140.84057,41.83337],[140.84241,41.83271],[140.84381,41.83284]]]}},{"type":"Feature","properties":{"m":"三森町","b":[140.8188,41.8432,140.9009,41.9258],"c":[140.86873,41.88553],"k":"みつもりちょう"},"geometry":{"type":"Polygon","coordinates":[[[140.86431,41.84323],[140.86627,41.84331],[140.86729,41.84368],[140.86849,41.84454],[140.86935,41.84546],[140.87152,41.8458],[140.87556,41.84617],[140.87717,41.84641],[140.8794,41.84697],[140.88149,41.84803],[140.88245,41.84877],[140.88435,41.85056],[140.88531,41.85241],[140.88644,41.85318],[140.88781,41.85353],[140.8905,41.85321],[140.89121,41.85547],[140.89125,41.85739],[140.89125,41.85919],[140.89117,41.85965],[140.89097,41.86006],[140.8905,41.86119],[140.8904,41.86169],[140.89043,41.86258],[140.89041,41.8635],[140.88951,41.86561],[140.88872,41.86689],[140.88835,41.86898],[140.88862,41.87008],[140.88828,41.87139],[140.88813,41.87233],[140.88881,41.87502],[140.88898,41.87572],[140.88937,41.87719],[140.88933,41.87829],[140.88899,41.87932],[140.8887,41.88033],[140.88924,41.88175],[140.88936,41.88232],[140.88939,41.88363],[140.88574,41.88544],[140.88395,41.885],[140.88241,41.8848],[140.88097,41.88488],[140.8786,41.88488],[140.87828,41.88481],[140.876,41.88406],[140.87524,41.88409],[140.87359,41.88465],[140.8736,41.88498],[140.87514,41.88617],[140.876,41.88685],[140.87741,41.88805],[140.87769,41.88824],[140.87982,41.88934],[140.88219,41.89066],[140.88349,41.89126],[140.88502,41.89192],[140.88751,41.89251],[140.89001,41.89404],[140.8904,41.89425],[140.89145,41.89464],[140.89288,41.8947],[140.89372,41.89475],[140.89506,41.89492],[140.89585,41.89536],[140.89781,41.89725],[140.89893,41.89755],[140.89974,41.89767],[140.89976,41.89808],[140.89978,41.89825],[140.90043,41.8987],[140.90076,41.89934],[140.90091,41.89998],[140.90086,41.90042],[140.90056,41.90091],[140.90072,41.90208],[140.90072,41.90318],[140.9008,41.90478],[140.90047,41.90473],[140.89891,41.90424],[140.89856,41.90417],[140.89785,41.9041],[140.89761,41.90402],[140.89679,41.90346],[140.89603,41.90327],[140.89565,41.90326],[140.89273,41.90396],[140.89223,41.90407],[140.88969,41.90456],[140.88885,41.90492],[140.88713,41.90582],[140.88674,41.90633],[140.88631,41.90673],[140.88567,41.90696],[140.88446,41.90681],[140.88279,41.90674],[140.88124,41.90674],[140.88099,41.90677],[140.88009,41.90688],[140.87989,41.90685],[140.87862,41.90625],[140.87848,41.90619],[140.87664,41.90627],[140.87603,41.90661],[140.87449,41.90647],[140.87347,41.90669],[140.87341,41.90833],[140.8727,41.90927],[140.87016,41.90952],[140.8697,41.90962],[140.86928,41.90989],[140.86928,41.911],[140.86914,41.91131],[140.86794,41.91231],[140.8675,41.91344],[140.86726,41.91391],[140.86709,41.91523],[140.86659,41.91668],[140.86582,41.91767],[140.86582,41.91922],[140.86482,41.92076],[140.86397,41.92163],[140.86231,41.92273],[140.86175,41.92307],[140.86079,41.92343],[140.86043,41.92345],[140.85908,41.92322],[140.85723,41.92308],[140.85569,41.92352],[140.85277,41.92406],[140.85062,41.92369],[140.84993,41.92338],[140.84885,41.92285],[140.84735,41.9232],[140.84691,41.92321],[140.84457,41.92321],[140.84292,41.92411],[140.84176,41.92448],[140.84072,41.92422],[140.84029,41.92407],[140.8388,41.92412],[140.83645,41.9251],[140.8338,41.92584],[140.83158,41.92566],[140.82949,41.92514],[140.82785,41.92484],[140.82725,41.92461],[140.82597,41.92407],[140.82463,41.92418],[140.8231,41.92428],[140.82145,41.92368],[140.81988,41.92315],[140.81881,41.92282],[140.81912,41.9223],[140.81977,41.92113],[140.82038,41.91992],[140.8203,41.91876],[140.82578,41.9165],[140.82998,41.9166],[140.833,41.9165],[140.83691,41.91614],[140.84123,41.91745],[140.84276,41.91765],[140.84706,41.91761],[140.84933,41.91701],[140.85063,41.91494],[140.85157,41.91429],[140.85389,41.91344],[140.85984,41.91216],[140.86163,41.91029],[140.86202,41.90909],[140.86123,41.90657],[140.86346,41.90552],[140.86376,41.90473],[140.86314,41.90191],[140.86211,41.89926],[140.86068,41.89822],[140.85866,41.89758],[140.85767,41.89636],[140.85656,41.8943],[140.855,41.89245],[140.85435,41.89056],[140.85455,41.88928],[140.8534,41.88795],[140.85273,41.88602],[140.85108,41.88435],[140.85156,41.88272],[140.85185,41.87955],[140.85368,41.87573],[140.85359,41.87465],[140.85258,41.87373],[140.85286,41.87213],[140.85522,41.871],[140.8562,41.86961],[140.85795,41.86888],[140.85997,41.86874],[140.86065,41.86818],[140.86115,41.86517],[140.86074,41.86308],[140.86147,41.86145],[140.86141,41.86074],[140.86231,41.85992],[140.86175,41.85925],[140.8623,41.85507],[140.86096,41.85396],[140.86105,41.8518],[140.86166,41.8498],[140.86299,41.84703],[140.86313,41.84562],[140.86374,41.84381],[140.86358,41.84321],[140.86431,41.84323]]]}},{"type":"Feature","properties":{"m":"紅葉山町","b":[140.8736,41.8051,140.9446,41.8977],"c":[140.90669,41.8636],"k":"もみじやまちょう"},"geometry":{"type":"Polygon","coordinates":[[[140.88535,41.8437],[140.88401,41.84288],[140.8806,41.84069],[140.88083,41.84013],[140.8807,41.83847],[140.88212,41.83763],[140.88352,41.83711],[140.88564,41.8369],[140.88616,41.83617],[140.8853,41.83353],[140.88488,41.83262],[140.88554,41.83106],[140.88632,41.83045],[140.88662,41.83017],[140.88697,41.82985],[140.8871,41.82962],[140.88748,41.82938],[140.88755,41.82909],[140.88768,41.82881],[140.88788,41.82853],[140.88803,41.82814],[140.88856,41.82705],[140.88849,41.82681],[140.88881,41.82661],[140.88864,41.82594],[140.88864,41.82563],[140.88869,41.82548],[140.88848,41.82543],[140.88887,41.82512],[140.88899,41.82472],[140.88908,41.82458],[140.88894,41.82439],[140.88922,41.82378],[140.88964,41.82331],[140.88978,41.82322],[140.8898,41.82308],[140.88973,41.82264],[140.88971,41.82253],[140.88968,41.82203],[140.88953,41.82197],[140.88955,41.82167],[140.88967,41.82156],[140.88971,41.82134],[140.88969,41.82132],[140.8896,41.82131],[140.88958,41.82112],[140.88953,41.82111],[140.88943,41.82116],[140.88952,41.82101],[140.88963,41.82076],[140.88938,41.82075],[140.88917,41.8203],[140.88922,41.82005],[140.88924,41.81969],[140.8891,41.81959],[140.88936,41.81881],[140.88868,41.81805],[140.88767,41.81644],[140.88651,41.81507],[140.88552,41.81315],[140.88539,41.81142],[140.88726,41.80972],[140.88737,41.80959],[140.88766,41.80856],[140.88801,41.80791],[140.88803,41.80752],[140.88793,41.80724],[140.88752,41.8073],[140.88659,41.80743],[140.88597,41.80719],[140.88573,41.80636],[140.88583,41.80609],[140.88605,41.80582],[140.88759,41.80535],[140.88826,41.80522],[140.88843,41.80514],[140.88988,41.80705],[140.8914,41.80786],[140.89254,41.80804],[140.89279,41.80984],[140.89336,41.81142],[140.89204,41.81364],[140.89195,41.81469],[140.89351,41.81565],[140.89397,41.81653],[140.89406,41.81894],[140.89499,41.82114],[140.89705,41.823],[140.89657,41.8243],[140.89548,41.82517],[140.89651,41.82578],[140.89621,41.82714],[140.89798,41.82822],[140.8981,41.82985],[140.89904,41.83041],[140.89878,41.83267],[140.9018,41.83417],[140.9043,41.8348],[140.90463,41.83653],[140.90585,41.83775],[140.90798,41.83896],[140.91043,41.83976],[140.91183,41.84116],[140.9142,41.84208],[140.91543,41.84152],[140.9163,41.84202],[140.91489,41.84299],[140.91515,41.84381],[140.91768,41.84462],[140.91746,41.8456],[140.91886,41.84651],[140.92031,41.84649],[140.92078,41.84826],[140.92504,41.85194],[140.92618,41.85442],[140.9248,41.85465],[140.92576,41.85665],[140.92735,41.8576],[140.92782,41.85912],[140.93063,41.86148],[140.93268,41.86228],[140.93363,41.86373],[140.93541,41.86497],[140.93681,41.86709],[140.93844,41.86887],[140.93933,41.87098],[140.93918,41.87258],[140.93972,41.87347],[140.94103,41.87408],[140.94298,41.87663],[140.94464,41.87761],[140.94463,41.87832],[140.94464,41.87909],[140.94395,41.87941],[140.94218,41.87908],[140.94133,41.87905],[140.94069,41.87925],[140.93954,41.88036],[140.93786,41.88149],[140.93721,41.88175],[140.9364,41.88251],[140.93527,41.8838],[140.93435,41.88412],[140.93348,41.88482],[140.93282,41.88502],[140.93245,41.88514],[140.93013,41.88628],[140.9292,41.88633],[140.9283,41.88624],[140.92726,41.88659],[140.92661,41.88657],[140.92603,41.88668],[140.92519,41.88692],[140.92419,41.88772],[140.92391,41.88821],[140.92273,41.88834],[140.92076,41.88803],[140.92046,41.88821],[140.92019,41.88956],[140.91953,41.89024],[140.91764,41.89012],[140.91686,41.89057],[140.91661,41.8907],[140.91577,41.89093],[140.91435,41.89075],[140.91369,41.89067],[140.91297,41.89187],[140.91265,41.89203],[140.91213,41.89247],[140.9117,41.89277],[140.91157,41.89279],[140.91062,41.8927],[140.9099,41.89271],[140.90955,41.89334],[140.90935,41.89362],[140.90879,41.89411],[140.90863,41.89517],[140.90852,41.89538],[140.90762,41.8958],[140.90673,41.89628],[140.9066,41.89638],[140.90574,41.89653],[140.90488,41.89623],[140.90439,41.89592],[140.90365,41.8959],[140.90268,41.89596],[140.90187,41.89602],[140.90147,41.89587],[140.90072,41.89579],[140.89987,41.89692],[140.89974,41.89767],[140.89893,41.89755],[140.89781,41.89725],[140.89585,41.89536],[140.89506,41.89492],[140.89372,41.89475],[140.89288,41.8947],[140.89145,41.89464],[140.8904,41.89425],[140.89001,41.89404],[140.88751,41.89251],[140.88502,41.89192],[140.88349,41.89126],[140.88219,41.89066],[140.87982,41.88934],[140.87769,41.88824],[140.87741,41.88805],[140.876,41.88685],[140.87514,41.88617],[140.8736,41.88498],[140.87359,41.88465],[140.87524,41.88409],[140.876,41.88406],[140.87828,41.88481],[140.8786,41.88488],[140.88097,41.88488],[140.88241,41.8848],[140.88395,41.885],[140.88574,41.88544],[140.88939,41.88363],[140.88936,41.88232],[140.88924,41.88175],[140.8887,41.88033],[140.88899,41.87932],[140.88933,41.87829],[140.88937,41.87719],[140.88898,41.87572],[140.88881,41.87502],[140.88813,41.87233],[140.88828,41.87139],[140.88862,41.87008],[140.88835,41.86898],[140.88872,41.86689],[140.88951,41.86561],[140.89041,41.8635],[140.89043,41.86258],[140.8904,41.86169],[140.8905,41.86119],[140.89097,41.86006],[140.89117,41.85965],[140.89125,41.85919],[140.89125,41.85739],[140.89121,41.85547],[140.89107,41.85423],[140.89006,41.85217],[140.88916,41.84989],[140.8874,41.84844],[140.88695,41.84775],[140.88688,41.84697],[140.88624,41.84462],[140.88535,41.8437]]]}},{"type":"Feature","properties":{"m":"庵原町","b":[140.8564,41.7899,140.8898,41.8385],"c":[140.87364,41.81545],"k":"いおはらちょう"},"geometry":{"type":"Polygon","coordinates":[[[140.87986,41.83727],[140.87861,41.83539],[140.87811,41.83475],[140.87596,41.83272],[140.87427,41.83177],[140.87365,41.83118],[140.87332,41.83033],[140.87318,41.82999],[140.87206,41.8287],[140.86966,41.82779],[140.86858,41.82767],[140.868,41.827],[140.86775,41.82651],[140.86769,41.82621],[140.86696,41.82581],[140.86569,41.82553],[140.86565,41.82531],[140.86533,41.82503],[140.86529,41.82483],[140.8638,41.8246],[140.86335,41.82402],[140.86292,41.82382],[140.86287,41.82378],[140.86267,41.82361],[140.86255,41.82357],[140.8623,41.82334],[140.86189,41.82248],[140.8614,41.82189],[140.86082,41.82163],[140.86041,41.8211],[140.86187,41.82056],[140.86111,41.81903],[140.8613,41.81756],[140.86107,41.8165],[140.85928,41.81416],[140.85952,41.81331],[140.85889,41.81265],[140.85946,41.81228],[140.86001,41.81196],[140.86124,41.80905],[140.86123,41.80665],[140.86059,41.80503],[140.86082,41.80447],[140.85986,41.8033],[140.85948,41.80149],[140.86042,41.79909],[140.86035,41.79817],[140.86386,41.79734],[140.86336,41.79657],[140.86178,41.79609],[140.86001,41.79418],[140.85748,41.7932],[140.85639,41.79087],[140.85714,41.79048],[140.85981,41.78993],[140.86177,41.79],[140.86238,41.79186],[140.86412,41.79357],[140.86472,41.79531],[140.86598,41.79698],[140.86851,41.79636],[140.87053,41.79614],[140.87308,41.79622],[140.87419,41.79746],[140.87452,41.79866],[140.87226,41.80026],[140.87164,41.80161],[140.87165,41.80269],[140.87233,41.80403],[140.87674,41.80334],[140.87827,41.80528],[140.87891,41.80694],[140.88282,41.80615],[140.88358,41.80699],[140.88306,41.80799],[140.88353,41.80938],[140.88591,41.80911],[140.88789,41.80804],[140.88766,41.80856],[140.88737,41.80959],[140.88726,41.80972],[140.88539,41.81142],[140.88552,41.81315],[140.88651,41.81507],[140.88767,41.81644],[140.88868,41.81805],[140.88936,41.81881],[140.8891,41.81959],[140.88924,41.81969],[140.88922,41.82005],[140.88917,41.8203],[140.88938,41.82075],[140.88963,41.82076],[140.88952,41.82101],[140.88943,41.82116],[140.88953,41.82111],[140.88958,41.82112],[140.8896,41.82131],[140.88969,41.82132],[140.88971,41.82134],[140.88967,41.82156],[140.88955,41.82167],[140.88953,41.82197],[140.88968,41.82203],[140.88971,41.82253],[140.88973,41.82264],[140.8898,41.82308],[140.88978,41.82322],[140.88964,41.82331],[140.88922,41.82378],[140.88894,41.82439],[140.88908,41.82458],[140.88899,41.82472],[140.88887,41.82512],[140.88848,41.82543],[140.88869,41.82548],[140.88864,41.82563],[140.88864,41.82594],[140.88881,41.82661],[140.88849,41.82681],[140.88856,41.82705],[140.88803,41.82814],[140.88788,41.82853],[140.88768,41.82881],[140.88755,41.82909],[140.88748,41.82938],[140.8871,41.82962],[140.88697,41.82985],[140.88662,41.83017],[140.88632,41.83045],[140.88554,41.83106],[140.88488,41.83262],[140.8853,41.83353],[140.88616,41.83617],[140.88564,41.8369],[140.88352,41.83711],[140.88212,41.83763],[140.8807,41.83847],[140.87986,41.83727]]]}},{"type":"Feature","properties":{"m":"亀尾町","b":[140.8401,41.7888,140.8639,41.8126],"c":[140.85223,41.80024],"k":"かめおちょう"},"geometry":{"type":"Polygon","coordinates":[[[140.84584,41.80548],[140.84402,41.80481],[140.84194,41.8019],[140.84007,41.7992],[140.84051,41.79892],[140.841,41.79823],[140.84192,41.79726],[140.8429,41.79508],[140.84332,41.79409],[140.84448,41.79304],[140.84497,41.79277],[140.84399,41.79269],[140.84153,41.79155],[140.84249,41.79167],[140.84455,41.79258],[140.84674,41.79139],[140.84796,41.79134],[140.85006,41.79059],[140.84925,41.78919],[140.85129,41.78879],[140.85269,41.78952],[140.85442,41.79086],[140.85639,41.79087],[140.85748,41.7932],[140.86001,41.79418],[140.86178,41.79609],[140.86336,41.79657],[140.86386,41.79734],[140.86035,41.79817],[140.86042,41.79909],[140.85948,41.80149],[140.85986,41.8033],[140.86082,41.80447],[140.86059,41.80503],[140.86123,41.80665],[140.86124,41.80905],[140.86001,41.81196],[140.85946,41.81228],[140.85889,41.81265],[140.85873,41.81246],[140.85797,41.81145],[140.85603,41.81126],[140.85333,41.81037],[140.85203,41.80948],[140.85014,41.80922],[140.84854,41.80722],[140.8483,41.80585],[140.84584,41.80548]]]}},{"type":"Feature","properties":{"m":"米原町","b":[140.8382,41.7787,140.8618,41.7926],"c":[140.85168,41.78634],"k":"まいはらちょう"},"geometry":{"type":"Polygon","coordinates":[[[140.83819,41.78854],[140.83912,41.78738],[140.84059,41.78701],[140.84235,41.78857],[140.84438,41.78878],[140.84592,41.78853],[140.84646,41.78651],[140.84598,41.78518],[140.84684,41.78412],[140.84847,41.78336],[140.85136,41.78296],[140.85167,41.78254],[140.8509,41.78081],[140.84902,41.78014],[140.85185,41.77901],[140.85274,41.77871],[140.85384,41.77935],[140.85762,41.77978],[140.85906,41.78016],[140.85918,41.78095],[140.85797,41.78224],[140.85955,41.78573],[140.85983,41.78705],[140.86143,41.78817],[140.86177,41.79],[140.85981,41.78993],[140.85714,41.79048],[140.85639,41.79087],[140.85442,41.79086],[140.85269,41.78952],[140.85129,41.78879],[140.84925,41.78919],[140.85006,41.79059],[140.84796,41.79134],[140.84674,41.79139],[140.84455,41.79258],[140.84249,41.79167],[140.84153,41.79155],[140.83858,41.7893],[140.83819,41.78854]]]}},{"type":"Feature","properties":{"m":"東畑町","b":[140.8527,41.7778,140.89,41.8094],"c":[140.87494,41.79576],"k":"ひがしはたちょう"},"geometry":{"type":"Polygon","coordinates":[[[140.88759,41.80535],[140.88605,41.80582],[140.88583,41.80609],[140.88573,41.80636],[140.88597,41.80719],[140.88659,41.80743],[140.88752,41.8073],[140.88793,41.80724],[140.88803,41.80752],[140.88801,41.80791],[140.88789,41.80804],[140.88591,41.80911],[140.88353,41.80938],[140.88306,41.80799],[140.88358,41.80699],[140.88282,41.80615],[140.87891,41.80694],[140.87827,41.80528],[140.87674,41.80334],[140.87233,41.80403],[140.87165,41.80269],[140.87164,41.80161],[140.87226,41.80026],[140.87452,41.79866],[140.87419,41.79746],[140.87308,41.79622],[140.87053,41.79614],[140.86851,41.79636],[140.86598,41.79698],[140.86472,41.79531],[140.86412,41.79357],[140.86238,41.79186],[140.86177,41.79],[140.86143,41.78817],[140.85983,41.78705],[140.85955,41.78573],[140.85797,41.78224],[140.85918,41.78095],[140.85906,41.78016],[140.85762,41.77978],[140.85384,41.77935],[140.85274,41.77871],[140.85651,41.77783],[140.85735,41.77871],[140.85777,41.77962],[140.85852,41.77938],[140.85951,41.77981],[140.85978,41.78102],[140.85982,41.78143],[140.85932,41.78259],[140.85949,41.78368],[140.86002,41.78576],[140.86036,41.78626],[140.86072,41.78721],[140.86206,41.78754],[140.8621,41.78748],[140.8633,41.78707],[140.86452,41.78648],[140.86685,41.78711],[140.8685,41.78744],[140.87036,41.78964],[140.87152,41.78852],[140.87394,41.7876],[140.87861,41.78758],[140.87861,41.78659],[140.87902,41.78621],[140.88009,41.78902],[140.88105,41.79162],[140.88227,41.79492],[140.88277,41.79624],[140.88432,41.80053],[140.88479,41.80177],[140.88755,41.8018],[140.88887,41.80219],[140.89001,41.80313],[140.8895,41.80325],[140.88927,41.80349],[140.88896,41.80422],[140.88857,41.80505],[140.88826,41.80522],[140.88759,41.80535]]]}},{"type":"Feature","properties":{"m":"鉄山町","b":[140.879,41.7646,140.971,41.8776],"c":[140.92112,41.82059],"k":"てつざんちょう"},"geometry":{"type":"Polygon","coordinates":[[[140.88843,41.80514],[140.88857,41.80505],[140.88896,41.80422],[140.88927,41.80349],[140.8895,41.80325],[140.89001,41.80313],[140.88887,41.80219],[140.88755,41.8018],[140.88479,41.80177],[140.88432,41.80053],[140.88277,41.79624],[140.88227,41.79492],[140.88105,41.79162],[140.88009,41.78902],[140.87902,41.78621],[140.87963,41.78567],[140.88191,41.78525],[140.88401,41.78565],[140.88433,41.784],[140.88479,41.78233],[140.88629,41.78238],[140.88588,41.78088],[140.88617,41.78028],[140.88683,41.77913],[140.88817,41.77846],[140.88881,41.77784],[140.89176,41.77742],[140.89449,41.77578],[140.89829,41.77489],[140.90083,41.77463],[140.90301,41.77517],[140.90448,41.775],[140.90492,41.77419],[140.90621,41.77366],[140.9078,41.77271],[140.9087,41.77269],[140.90946,41.77183],[140.91024,41.77194],[140.91286,41.7702],[140.91213,41.7696],[140.91275,41.76914],[140.91442,41.76809],[140.91561,41.76784],[140.91594,41.76766],[140.9165,41.76708],[140.91772,41.76583],[140.91871,41.76474],[140.91966,41.76459],[140.92356,41.76521],[140.92359,41.76561],[140.92247,41.7665],[140.92203,41.76708],[140.9223,41.76762],[140.92202,41.76905],[140.9219,41.76924],[140.92138,41.7696],[140.92099,41.76999],[140.92104,41.77026],[140.92136,41.77129],[140.92132,41.7714],[140.92117,41.77197],[140.92158,41.77209],[140.92182,41.77236],[140.92195,41.7725],[140.92271,41.77287],[140.92346,41.77316],[140.92365,41.77321],[140.92458,41.77392],[140.92679,41.77573],[140.92811,41.77746],[140.92837,41.77813],[140.9284,41.77974],[140.92798,41.78105],[140.92746,41.78467],[140.92909,41.78503],[140.93006,41.78562],[140.93025,41.78626],[140.93026,41.78673],[140.93045,41.78698],[140.93146,41.78746],[140.93174,41.78789],[140.932,41.78839],[140.93275,41.78832],[140.9332,41.78835],[140.9336,41.78881],[140.93395,41.78922],[140.93361,41.79021],[140.93518,41.791],[140.93614,41.79269],[140.93576,41.7936],[140.93539,41.79445],[140.93587,41.79585],[140.93661,41.79641],[140.93544,41.79646],[140.93395,41.79671],[140.93231,41.79618],[140.93069,41.7961],[140.92985,41.79586],[140.92861,41.79575],[140.92797,41.79576],[140.9268,41.79587],[140.92533,41.79593],[140.92272,41.79632],[140.92108,41.79644],[140.92034,41.79624],[140.91924,41.796],[140.91759,41.79587],[140.91702,41.79603],[140.91687,41.7976],[140.91701,41.79838],[140.91702,41.79845],[140.91665,41.79858],[140.91622,41.7984],[140.91529,41.79799],[140.91481,41.79803],[140.9146,41.79803],[140.91355,41.7978],[140.91314,41.79769],[140.91273,41.79767],[140.91249,41.79796],[140.91191,41.79946],[140.91114,41.80035],[140.91039,41.80095],[140.90961,41.80119],[140.90926,41.8012],[140.90859,41.80095],[140.90654,41.79998],[140.90499,41.79994],[140.90552,41.80085],[140.90691,41.8021],[140.90773,41.80383],[140.90841,41.80411],[140.90912,41.80459],[140.91108,41.80521],[140.91146,41.80521],[140.91172,41.80526],[140.91196,41.8055],[140.91201,41.80571],[140.91216,41.80587],[140.91233,41.80595],[140.91295,41.80606],[140.91317,41.80614],[140.91346,41.80621],[140.91359,41.80609],[140.91375,41.80606],[140.91402,41.80632],[140.91462,41.80649],[140.9152,41.807],[140.91596,41.80748],[140.91639,41.80772],[140.91689,41.80806],[140.91725,41.80847],[140.91798,41.80902],[140.91827,41.80927],[140.91832,41.80952],[140.91835,41.80966],[140.91815,41.80995],[140.91934,41.81109],[140.91957,41.8113],[140.92011,41.81192],[140.92033,41.81213],[140.92081,41.8124],[140.92215,41.8129],[140.92306,41.81325],[140.92369,41.81346],[140.92364,41.81395],[140.92369,41.81469],[140.92351,41.81544],[140.92313,41.81607],[140.92316,41.8164],[140.92339,41.81675],[140.92379,41.81696],[140.92472,41.81638],[140.92491,41.81636],[140.92656,41.81718],[140.92863,41.81781],[140.92907,41.81796],[140.93017,41.81825],[140.93116,41.81841],[140.93318,41.81881],[140.93496,41.81914],[140.93527,41.81917],[140.93601,41.81923],[140.93697,41.81918],[140.9375,41.81928],[140.93938,41.82023],[140.94105,41.82109],[140.94196,41.82131],[140.94427,41.82187],[140.94557,41.82228],[140.94592,41.82246],[140.94814,41.8239],[140.94885,41.82503],[140.94915,41.82629],[140.94915,41.82646],[140.94962,41.8282],[140.95043,41.83],[140.95103,41.83063],[140.95139,41.83142],[140.9519,41.83244],[140.95191,41.8333],[140.95107,41.83378],[140.94988,41.83351],[140.94874,41.83257],[140.94696,41.83228],[140.94671,41.8317],[140.94715,41.83055],[140.94646,41.82828],[140.94502,41.82732],[140.94242,41.82597],[140.9417,41.8256],[140.94063,41.82462],[140.93937,41.82344],[140.93727,41.82218],[140.93662,41.82209],[140.93598,41.82223],[140.93581,41.82276],[140.93645,41.82449],[140.9376,41.8259],[140.93896,41.82691],[140.94145,41.82918],[140.94267,41.83129],[140.9428,41.8316],[140.94309,41.83301],[140.94313,41.83383],[140.94312,41.83537],[140.94332,41.83681],[140.94411,41.83983],[140.94581,41.84262],[140.94574,41.84291],[140.94579,41.84411],[140.94735,41.84523],[140.95,41.84604],[140.9512,41.84679],[140.95237,41.84857],[140.95389,41.84982],[140.95434,41.85023],[140.95577,41.85266],[140.95605,41.85341],[140.95646,41.8542],[140.95702,41.8548],[140.95811,41.85522],[140.95989,41.85525],[140.96251,41.85613],[140.96386,41.85745],[140.96502,41.85816],[140.96559,41.85817],[140.96677,41.85745],[140.96842,41.85674],[140.96872,41.85695],[140.96944,41.85705],[140.96964,41.85708],[140.97067,41.85765],[140.97104,41.85802],[140.97072,41.8584],[140.97062,41.85856],[140.97061,41.85886],[140.96908,41.8609],[140.96914,41.86162],[140.96906,41.86182],[140.96831,41.86268],[140.96832,41.86281],[140.96923,41.8635],[140.96947,41.86385],[140.96953,41.86405],[140.96921,41.86451],[140.96876,41.86534],[140.96914,41.8664],[140.96908,41.86679],[140.96889,41.86693],[140.96762,41.86742],[140.96761,41.8684],[140.96753,41.86877],[140.96733,41.86907],[140.96603,41.86953],[140.96464,41.86947],[140.96256,41.86879],[140.96244,41.86888],[140.96184,41.86966],[140.96141,41.86989],[140.96063,41.87049],[140.95962,41.8708],[140.95803,41.87146],[140.95703,41.87185],[140.95668,41.87205],[140.95613,41.87227],[140.95519,41.87237],[140.95466,41.8722],[140.95431,41.87206],[140.95264,41.87158],[140.9524,41.87159],[140.95214,41.87204],[140.95162,41.87333],[140.95068,41.87415],[140.95017,41.87486],[140.94968,41.87522],[140.94941,41.87528],[140.94717,41.87587],[140.94632,41.87588],[140.94515,41.87665],[140.94475,41.87717],[140.94464,41.87761],[140.94298,41.87663],[140.94103,41.87408],[140.93972,41.87347],[140.93918,41.87258],[140.93933,41.87098],[140.93844,41.86887],[140.93681,41.86709],[140.93541,41.86497],[140.93363,41.86373],[140.93268,41.86228],[140.93063,41.86148],[140.92782,41.85912],[140.92735,41.8576],[140.92576,41.85665],[140.9248,41.85465],[140.92618,41.85442],[140.92504,41.85194],[140.92078,41.84826],[140.92031,41.84649],[140.91886,41.84651],[140.91746,41.8456],[140.91768,41.84462],[140.91515,41.84381],[140.91489,41.84299],[140.9163,41.84202],[140.91543,41.84152],[140.9142,41.84208],[140.91183,41.84116],[140.91043,41.83976],[140.90798,41.83896],[140.90585,41.83775],[140.90463,41.83653],[140.9043,41.8348],[140.9018,41.83417],[140.89878,41.83267],[140.89904,41.83041],[140.8981,41.82985],[140.89798,41.82822],[140.89621,41.82714],[140.89651,41.82578],[140.89548,41.82517],[140.89657,41.8243],[140.89705,41.823],[140.89499,41.82114],[140.89406,41.81894],[140.89397,41.81653],[140.89351,41.81565],[140.89195,41.81469],[140.89204,41.81364],[140.89336,41.81142],[140.89279,41.80984],[140.89254,41.80804],[140.8914,41.80786],[140.88988,41.80705],[140.88843,41.80514]]]}},{"type":"Feature","properties":{"m":"蛾眉野町","b":[140.905,41.7585,141.0184,41.8582],"c":[140.96692,41.80411],"k":"がびのちょう"},"geometry":{"type":"Polygon","coordinates":[[[140.96677,41.85745],[140.96559,41.85817],[140.96502,41.85816],[140.96386,41.85745],[140.96251,41.85613],[140.95989,41.85525],[140.95811,41.85522],[140.95702,41.8548],[140.95646,41.8542],[140.95605,41.85341],[140.95577,41.85266],[140.95434,41.85023],[140.95389,41.84982],[140.95237,41.84857],[140.9512,41.84679],[140.95,41.84604],[140.94735,41.84523],[140.94579,41.84411],[140.94574,41.84291],[140.94581,41.84262],[140.94411,41.83983],[140.94332,41.83681],[140.94312,41.83537],[140.94313,41.83383],[140.94309,41.83301],[140.9428,41.8316],[140.94267,41.83129],[140.94145,41.82918],[140.93896,41.82691],[140.9376,41.8259],[140.93645,41.82449],[140.93581,41.82276],[140.93598,41.82223],[140.93662,41.82209],[140.93727,41.82218],[140.93937,41.82344],[140.94063,41.82462],[140.9417,41.8256],[140.94242,41.82597],[140.94502,41.82732],[140.94646,41.82828],[140.94715,41.83055],[140.94671,41.8317],[140.94696,41.83228],[140.94874,41.83257],[140.94988,41.83351],[140.95107,41.83378],[140.95191,41.8333],[140.9519,41.83244],[140.95139,41.83142],[140.95103,41.83063],[140.95043,41.83],[140.94962,41.8282],[140.94915,41.82646],[140.94915,41.82629],[140.94885,41.82503],[140.94814,41.8239],[140.94592,41.82246],[140.94557,41.82228],[140.94427,41.82187],[140.94196,41.82131],[140.94105,41.82109],[140.93938,41.82023],[140.9375,41.81928],[140.93697,41.81918],[140.93601,41.81923],[140.93527,41.81917],[140.93496,41.81914],[140.93318,41.81881],[140.93116,41.81841],[140.93017,41.81825],[140.92907,41.81796],[140.92863,41.81781],[140.92656,41.81718],[140.92491,41.81636],[140.92472,41.81638],[140.92379,41.81696],[140.92339,41.81675],[140.92316,41.8164],[140.92313,41.81607],[140.92351,41.81544],[140.92369,41.81469],[140.92364,41.81395],[140.92369,41.81346],[140.92306,41.81325],[140.92215,41.8129],[140.92081,41.8124],[140.92033,41.81213],[140.92011,41.81192],[140.91957,41.8113],[140.91934,41.81109],[140.91815,41.80995],[140.91835,41.80966],[140.91832,41.80952],[140.91827,41.80927],[140.91798,41.80902],[140.91725,41.80847],[140.91689,41.80806],[140.91639,41.80772],[140.91596,41.80748],[140.9152,41.807],[140.91462,41.80649],[140.91402,41.80632],[140.91375,41.80606],[140.91359,41.80609],[140.91346,41.80621],[140.91317,41.80614],[140.91295,41.80606],[140.91233,41.80595],[140.91216,41.80587],[140.91201,41.80571],[140.91196,41.8055],[140.91172,41.80526],[140.91146,41.80521],[140.91108,41.80521],[140.90912,41.80459],[140.90841,41.80411],[140.90773,41.80383],[140.90691,41.8021],[140.90552,41.80085],[140.90499,41.79994],[140.90654,41.79998],[140.90859,41.80095],[140.90926,41.8012],[140.90961,41.80119],[140.91039,41.80095],[140.91114,41.80035],[140.91191,41.79946],[140.91249,41.79796],[140.91273,41.79767],[140.91314,41.79769],[140.91355,41.7978],[140.9146,41.79803],[140.91481,41.79803],[140.91529,41.79799],[140.91622,41.7984],[140.91665,41.79858],[140.91702,41.79845],[140.91701,41.79838],[140.91687,41.7976],[140.91702,41.79603],[140.91759,41.79587],[140.91924,41.796],[140.92034,41.79624],[140.92108,41.79644],[140.92272,41.79632],[140.92533,41.79593],[140.9268,41.79587],[140.92797,41.79576],[140.92861,41.79575],[140.92985,41.79586],[140.93069,41.7961],[140.93231,41.79618],[140.93395,41.79671],[140.93544,41.79646],[140.93661,41.79641],[140.93587,41.79585],[140.93539,41.79445],[140.93576,41.7936],[140.93614,41.79269],[140.93518,41.791],[140.93361,41.79021],[140.93395,41.78922],[140.9336,41.78881],[140.9332,41.78835],[140.93275,41.78832],[140.932,41.78839],[140.93174,41.78789],[140.93146,41.78746],[140.93045,41.78698],[140.93026,41.78673],[140.93025,41.78626],[140.93006,41.78562],[140.92909,41.78503],[140.92746,41.78467],[140.92798,41.78105],[140.9284,41.77974],[140.92837,41.77813],[140.92811,41.77746],[140.92679,41.77573],[140.92458,41.77392],[140.92365,41.77321],[140.92346,41.77316],[140.92271,41.77287],[140.92195,41.7725],[140.92182,41.77236],[140.92158,41.77209],[140.92117,41.77197],[140.92132,41.7714],[140.92136,41.77129],[140.92104,41.77026],[140.92099,41.76999],[140.92138,41.7696],[140.9219,41.76924],[140.92202,41.76905],[140.9223,41.76762],[140.92203,41.76708],[140.92247,41.7665],[140.92359,41.76561],[140.92356,41.76521],[140.92378,41.76521],[140.92536,41.76502],[140.92632,41.76476],[140.9271,41.76414],[140.92829,41.76361],[140.9294,41.76283],[140.9304,41.76226],[140.93203,41.7613],[140.93289,41.76116],[140.93355,41.76101],[140.93395,41.76061],[140.93414,41.75991],[140.93485,41.75947],[140.93575,41.75921],[140.93684,41.75881],[140.93735,41.75869],[140.93822,41.75854],[140.93921,41.75892],[140.94312,41.76023],[140.94325,41.76037],[140.94386,41.76113],[140.944,41.76121],[140.94454,41.76136],[140.94607,41.76239],[140.94676,41.76272],[140.94781,41.76273],[140.948,41.76279],[140.9483,41.76323],[140.9491,41.76334],[140.95,41.76314],[140.95121,41.76355],[140.95183,41.7637],[140.95305,41.76381],[140.95325,41.76411],[140.95365,41.76465],[140.95402,41.76484],[140.95568,41.76556],[140.95651,41.76563],[140.95828,41.76489],[140.9587,41.76481],[140.95929,41.7648],[140.96029,41.76438],[140.96094,41.76422],[140.96266,41.76474],[140.96385,41.76495],[140.96436,41.76475],[140.96536,41.76415],[140.96694,41.76362],[140.96716,41.76356],[140.96737,41.76386],[140.96747,41.76391],[140.96811,41.76379],[140.97021,41.76366],[140.97119,41.76364],[140.97248,41.76392],[140.97314,41.76488],[140.97386,41.76554],[140.97415,41.76566],[140.97539,41.76588],[140.97564,41.76597],[140.97617,41.76627],[140.97651,41.76653],[140.977,41.76673],[140.97731,41.76676],[140.97801,41.76688],[140.97834,41.76714],[140.97857,41.7674],[140.97946,41.76839],[140.98081,41.76943],[140.9852,41.77044],[140.9873,41.77076],[140.98913,41.7705],[140.99086,41.76974],[140.99196,41.76903],[140.9932,41.7687],[140.99415,41.76864],[140.99479,41.76879],[140.99539,41.76928],[140.9958,41.76955],[140.99673,41.76979],[140.99694,41.76992],[140.99713,41.77013],[140.99729,41.77021],[140.99945,41.77062],[140.9992,41.77165],[140.99928,41.77188],[141.00005,41.7726],[141.00108,41.77305],[141.00292,41.77325],[141.00387,41.77365],[141.00418,41.77412],[141.00518,41.77471],[141.00593,41.77525],[141.00608,41.77544],[141.00678,41.77581],[141.00714,41.776],[141.00762,41.77662],[141.00781,41.7771],[141.0083,41.77723],[141.00979,41.77679],[141.01157,41.7771],[141.01205,41.77755],[141.01246,41.7794],[141.01182,41.78032],[141.01275,41.7811],[141.01395,41.78148],[141.01408,41.78196],[141.01388,41.78297],[141.01311,41.78383],[141.01333,41.78458],[141.0133,41.78519],[141.01249,41.78687],[141.01164,41.78786],[141.01191,41.78871],[141.01252,41.78928],[141.0145,41.79181],[141.01559,41.79262],[141.01729,41.7931],[141.01801,41.79345],[141.0184,41.7945],[141.01833,41.79514],[141.01794,41.79555],[141.01713,41.79624],[141.01642,41.79685],[141.01564,41.79747],[141.01571,41.7979],[141.01616,41.79876],[141.01628,41.79902],[141.01517,41.79958],[141.01308,41.80169],[141.01202,41.8024],[141.01127,41.80284],[141.01047,41.8029],[141.00948,41.80366],[141.00889,41.8049],[141.00858,41.80682],[141.00816,41.80741],[141.0082,41.80826],[141.0078,41.80904],[141.00641,41.81092],[141.00556,41.81285],[141.00578,41.8141],[141.0059,41.81498],[141.00413,41.81602],[141.00307,41.81785],[141.00102,41.81955],[141.00062,41.81989],[141.00035,41.8203],[141.00035,41.82093],[141.00006,41.82197],[140.99973,41.82288],[141.00031,41.82584],[141.00011,41.82662],[140.99867,41.82827],[140.99903,41.82857],[141.00013,41.82893],[141.00049,41.82929],[141.00151,41.83076],[141.0031,41.83253],[141.00343,41.83367],[141.00268,41.83474],[141.00238,41.83507],[141.00178,41.83556],[141.00039,41.83579],[141.0001,41.836],[141.00027,41.83624],[141.00212,41.83707],[141.00387,41.83777],[141.0051,41.83917],[141.00588,41.84011],[141.00586,41.84127],[141.00606,41.84175],[141.00603,41.84388],[141.00579,41.84401],[141.00439,41.84411],[141.00307,41.84472],[141.00212,41.84494],[141.00117,41.84501],[141.00024,41.84538],[140.99872,41.84507],[140.99709,41.8445],[140.99361,41.84485],[140.99273,41.84476],[140.99119,41.84561],[140.9904,41.84691],[140.98988,41.84722],[140.98743,41.84727],[140.98582,41.84684],[140.98377,41.84651],[140.98307,41.84673],[140.98241,41.84678],[140.98136,41.84653],[140.98108,41.8464],[140.98084,41.84635],[140.97989,41.8474],[140.97958,41.84778],[140.97895,41.84861],[140.97867,41.8489],[140.97801,41.84946],[140.97406,41.84939],[140.97325,41.84984],[140.9728,41.8508],[140.97271,41.85145],[140.97251,41.85154],[140.96955,41.85374],[140.96856,41.85393],[140.96754,41.85495],[140.9677,41.85574],[140.96842,41.85674],[140.96677,41.85745]]]}},{"type":"Feature","properties":{"m":"根崎町","b":[140.7908,41.7661,140.816,41.7743],"c":[140.80423,41.76968],"k":"ねさきちょう"},"geometry":{"type":"Polygon","coordinates":[[[140.79147,41.77428],[140.79078,41.77298],[140.7963,41.77191],[140.79985,41.77094],[140.80282,41.76831],[140.80351,41.76901],[140.80642,41.7675],[140.80861,41.76701],[140.80925,41.76765],[140.8114,41.76728],[140.81335,41.76613],[140.81534,41.76638],[140.81596,41.7677],[140.81531,41.76738],[140.81362,41.76762],[140.81055,41.76854],[140.81104,41.76946],[140.81046,41.77024],[140.81002,41.76923],[140.80824,41.7693],[140.80819,41.76886],[140.80457,41.76972],[140.80049,41.77143],[140.80134,41.7725],[140.79937,41.77184],[140.79692,41.77258],[140.79705,41.77301],[140.79414,41.7731],[140.79293,41.77373],[140.79147,41.77428]]]}},{"type":"Feature","properties":{"m":"高松町","b":[140.7929,41.7674,140.8227,41.7824],"c":[140.80919,41.77447],"k":"たかまつちょう"},"geometry":{"type":"Polygon","coordinates":[[[140.79293,41.77373],[140.79414,41.7731],[140.79705,41.77301],[140.79692,41.77258],[140.79937,41.77184],[140.80134,41.7725],[140.80049,41.77143],[140.80457,41.76972],[140.80819,41.76886],[140.80824,41.7693],[140.81002,41.76923],[140.81046,41.77024],[140.81104,41.76946],[140.81055,41.76854],[140.81362,41.76762],[140.81531,41.76738],[140.81596,41.7677],[140.8165,41.76943],[140.81802,41.77045],[140.81993,41.77551],[140.82269,41.78244],[140.82026,41.78111],[140.81679,41.78031],[140.81487,41.77913],[140.80967,41.77695],[140.80855,41.77705],[140.80774,41.77828],[140.80739,41.77996],[140.80645,41.7796],[140.80502,41.78015],[140.80391,41.77959],[140.8032,41.77913],[140.80199,41.77829],[140.80035,41.77756],[140.79826,41.7772],[140.79739,41.77711],[140.79637,41.777],[140.79606,41.776],[140.79436,41.77579],[140.79293,41.77373]]]}},{"type":"Feature","properties":{"m":"志海苔町","b":[140.8153,41.7621,140.8263,41.7694],"c":[140.82039,41.76591],"k":"しのりちょう"},"geometry":{"type":"Polygon","coordinates":[[[140.81534,41.76638],[140.81696,41.76617],[140.81787,41.76419],[140.81972,41.76502],[140.82053,41.76464],[140.82015,41.76387],[140.8218,41.76416],[140.82321,41.76375],[140.82322,41.76331],[140.82525,41.76205],[140.82635,41.76395],[140.82551,41.76407],[140.82395,41.76576],[140.8219,41.76631],[140.82152,41.76738],[140.82034,41.76772],[140.81913,41.76874],[140.8165,41.76943],[140.81596,41.7677],[140.81534,41.76638]]]}},{"type":"Feature","properties":{"m":"瀬戸川町","b":[140.8165,41.7677,140.8323,41.7863],"c":[140.82326,41.77688],"k":"せとがわちょう"},"geometry":{"type":"Polygon","coordinates":[[[140.82269,41.78244],[140.81993,41.77551],[140.81802,41.77045],[140.8165,41.76943],[140.81913,41.76874],[140.82034,41.76772],[140.8205,41.76875],[140.82214,41.76987],[140.82302,41.77287],[140.82554,41.77403],[140.82604,41.77514],[140.82603,41.77716],[140.82452,41.77768],[140.82545,41.77874],[140.82548,41.78039],[140.82729,41.78242],[140.83158,41.78516],[140.83232,41.78615],[140.83179,41.78631],[140.82828,41.78537],[140.82623,41.78386],[140.82269,41.78244]]]}},{"type":"Feature","properties":{"m":"赤坂町","b":[140.8203,41.764,140.8485,41.7888],"c":[140.83373,41.77745],"k":"あかさかちょう"},"geometry":{"type":"Polygon","coordinates":[[[140.83232,41.78615],[140.83158,41.78516],[140.82729,41.78242],[140.82548,41.78039],[140.82545,41.77874],[140.82452,41.77768],[140.82603,41.77716],[140.82604,41.77514],[140.82554,41.77403],[140.82302,41.77287],[140.82214,41.76987],[140.8205,41.76875],[140.82034,41.76772],[140.82152,41.76738],[140.8219,41.76631],[140.82395,41.76576],[140.82551,41.76407],[140.82635,41.76395],[140.82804,41.76578],[140.82839,41.76567],[140.83106,41.76722],[140.83275,41.76854],[140.83438,41.77104],[140.83655,41.77298],[140.83772,41.77354],[140.84193,41.77697],[140.84433,41.77977],[140.84609,41.78119],[140.84595,41.78186],[140.84737,41.7821],[140.84847,41.78336],[140.84684,41.78412],[140.84598,41.78518],[140.84646,41.78651],[140.84592,41.78853],[140.84438,41.78878],[140.84235,41.78857],[140.84059,41.78701],[140.83912,41.78738],[140.83819,41.78854],[140.83766,41.7867],[140.8353,41.78539],[140.83232,41.78615]]]}},{"type":"Feature","properties":{"m":"銭亀町","b":[140.8253,41.759,140.8412,41.7658],"c":[140.8324,41.76245],"k":"ぜにかめちょう"},"geometry":{"type":"Polygon","coordinates":[[[140.82525,41.76205],[140.82711,41.76144],[140.82836,41.76141],[140.83184,41.76066],[140.83426,41.75958],[140.83509,41.75976],[140.83634,41.75904],[140.83749,41.75981],[140.83727,41.76042],[140.83997,41.76205],[140.84116,41.76212],[140.82839,41.76567],[140.82804,41.76578],[140.82635,41.76395],[140.82525,41.76205]]]}},{"type":"Feature","properties":{"m":"中野町","b":[140.8284,41.7621,140.8519,41.7834],"c":[140.84091,41.77097],"k":"なかのちょう"},"geometry":{"type":"Polygon","coordinates":[[[140.84847,41.78336],[140.84737,41.7821],[140.84595,41.78186],[140.84609,41.78119],[140.84433,41.77977],[140.84193,41.77697],[140.83772,41.77354],[140.83655,41.77298],[140.83438,41.77104],[140.83275,41.76854],[140.83106,41.76722],[140.82839,41.76567],[140.84116,41.76212],[140.84245,41.76362],[140.84359,41.76413],[140.84374,41.76457],[140.84413,41.7652],[140.84429,41.76627],[140.84336,41.76636],[140.84256,41.76642],[140.84609,41.76844],[140.84657,41.7688],[140.84835,41.77005],[140.84541,41.77292],[140.84389,41.77542],[140.84458,41.77684],[140.84895,41.77831],[140.85011,41.77819],[140.85185,41.77901],[140.84902,41.78014],[140.8509,41.78081],[140.85167,41.78254],[140.85136,41.78296],[140.84847,41.78336]]]}},{"type":"Feature","properties":{"m":"新湊町","b":[140.8373,41.7576,140.8574,41.7641],"c":[140.84773,41.76129],"k":"しんみなとちょう"},"geometry":{"type":"Polygon","coordinates":[[[140.83749,41.75981],[140.8393,41.76066],[140.84138,41.76075],[140.84654,41.75978],[140.84658,41.75763],[140.84699,41.75872],[140.84937,41.7588],[140.84947,41.75953],[140.85082,41.75913],[140.85322,41.76009],[140.85506,41.7599],[140.85742,41.76208],[140.85694,41.76247],[140.85577,41.76236],[140.8544,41.76254],[140.85299,41.76331],[140.85281,41.7631],[140.8529,41.76237],[140.85175,41.76242],[140.8517,41.76194],[140.85038,41.76208],[140.84951,41.76184],[140.84878,41.76181],[140.84735,41.76299],[140.84574,41.76327],[140.84549,41.7639],[140.84382,41.76398],[140.84359,41.76413],[140.84245,41.76362],[140.84116,41.76212],[140.83997,41.76205],[140.83727,41.76042],[140.83749,41.75981]]]}},{"type":"Feature","properties":{"m":"石倉町","b":[140.8426,41.7618,140.8596,41.779],"c":[140.85141,41.76977],"k":"いしくらちょう"},"geometry":{"type":"Polygon","coordinates":[[[140.85185,41.77901],[140.85011,41.77819],[140.84895,41.77831],[140.84458,41.77684],[140.84389,41.77542],[140.84541,41.77292],[140.84835,41.77005],[140.84657,41.7688],[140.84609,41.76844],[140.84256,41.76642],[140.84336,41.76636],[140.84429,41.76627],[140.84413,41.7652],[140.84374,41.76457],[140.84359,41.76413],[140.84382,41.76398],[140.84549,41.7639],[140.84574,41.76327],[140.84735,41.76299],[140.84878,41.76181],[140.84951,41.76184],[140.85038,41.76208],[140.8517,41.76194],[140.85175,41.76242],[140.8529,41.76237],[140.85281,41.7631],[140.85299,41.76331],[140.8544,41.76254],[140.85577,41.76236],[140.85694,41.76247],[140.85762,41.76238],[140.85858,41.76567],[140.8586,41.76696],[140.85957,41.76891],[140.85965,41.76947],[140.85918,41.77091],[140.8576,41.77152],[140.85649,41.7717],[140.85526,41.7724],[140.85449,41.77299],[140.85429,41.77366],[140.85426,41.77407],[140.85495,41.77483],[140.85712,41.77522],[140.85673,41.7759],[140.85642,41.77648],[140.85588,41.77752],[140.85359,41.77703],[140.85324,41.77738],[140.85255,41.77822],[140.85274,41.77871],[140.85185,41.77901]]]}},{"type":"Feature","properties":{"m":"古川町","b":[140.8551,41.7541,140.8771,41.769],"c":[140.86661,41.762],"k":"ふるかわちょう"},"geometry":{"type":"Polygon","coordinates":[[[140.85506,41.7599],[140.8582,41.75954],[140.86171,41.75874],[140.86652,41.75699],[140.86882,41.75582],[140.8691,41.7552],[140.87141,41.75412],[140.87183,41.75493],[140.87191,41.755],[140.87253,41.75585],[140.87263,41.75583],[140.8731,41.7582],[140.87329,41.75871],[140.87431,41.75972],[140.87556,41.76158],[140.8762,41.76138],[140.87633,41.76156],[140.87679,41.7628],[140.87709,41.76359],[140.87477,41.76455],[140.87377,41.76474],[140.87428,41.76566],[140.87303,41.76599],[140.87175,41.76728],[140.86796,41.76619],[140.86421,41.76697],[140.86241,41.76686],[140.86049,41.769],[140.85957,41.76891],[140.8586,41.76696],[140.85858,41.76567],[140.85762,41.76238],[140.85742,41.76208],[140.85506,41.7599]]]}},{"type":"Feature","properties":{"m":"豊原町","b":[140.8526,41.7636,140.8867,41.7896],"c":[140.87043,41.77723],"k":"とよはらちょう"},"geometry":{"type":"Polygon","coordinates":[[[140.87152,41.78852],[140.87036,41.78964],[140.8685,41.78744],[140.86685,41.78711],[140.86452,41.78648],[140.8633,41.78707],[140.8621,41.78748],[140.86206,41.78754],[140.86072,41.78721],[140.86036,41.78626],[140.86002,41.78576],[140.85949,41.78368],[140.85932,41.78259],[140.85982,41.78143],[140.85978,41.78102],[140.85951,41.77981],[140.85852,41.77938],[140.85777,41.77962],[140.85735,41.77871],[140.85651,41.77783],[140.85274,41.77871],[140.85255,41.77822],[140.85324,41.77738],[140.85359,41.77703],[140.85588,41.77752],[140.85642,41.77648],[140.85673,41.7759],[140.85712,41.77522],[140.85495,41.77483],[140.85426,41.77407],[140.85429,41.77366],[140.85449,41.77299],[140.85526,41.7724],[140.85649,41.7717],[140.8576,41.77152],[140.85918,41.77091],[140.85965,41.76947],[140.85957,41.76891],[140.86049,41.769],[140.86241,41.76686],[140.86421,41.76697],[140.86796,41.76619],[140.87175,41.76728],[140.87303,41.76599],[140.87428,41.76566],[140.87377,41.76474],[140.87477,41.76455],[140.87709,41.76359],[140.87759,41.76554],[140.8779,41.76645],[140.87854,41.7694],[140.87922,41.77068],[140.88518,41.77873],[140.88667,41.77937],[140.88617,41.78028],[140.88588,41.78088],[140.88629,41.78238],[140.88479,41.78233],[140.88433,41.784],[140.88401,41.78565],[140.88191,41.78525],[140.87963,41.78567],[140.87902,41.78621],[140.87861,41.78659],[140.87861,41.78758],[140.87394,41.7876],[140.87152,41.78852]]]}},{"type":"Feature","properties":{"m":"石崎町","b":[140.8714,41.7474,140.9,41.7579],"c":[140.88442,41.75269],"k":"いしざきちょう"},"geometry":{"type":"Polygon","coordinates":[[[140.87141,41.75412],[140.87227,41.75333],[140.87479,41.75251],[140.87768,41.75224],[140.88107,41.75253],[140.8869,41.75158],[140.89018,41.75067],[140.89416,41.74917],[140.89763,41.74815],[140.89808,41.74737],[140.9,41.74942],[140.89847,41.75011],[140.89781,41.74965],[140.89437,41.75033],[140.89506,41.75136],[140.89397,41.75213],[140.89305,41.75139],[140.89204,41.75178],[140.89228,41.75252],[140.89107,41.75183],[140.89112,41.75237],[140.88985,41.75282],[140.88963,41.75208],[140.88794,41.75285],[140.88667,41.75238],[140.88431,41.75321],[140.88318,41.7551],[140.88226,41.75509],[140.87813,41.75594],[140.87865,41.7576],[140.8774,41.7579],[140.87571,41.75587],[140.87629,41.75567],[140.87519,41.75335],[140.87183,41.75493],[140.87141,41.75412]]]}},{"type":"Feature","properties":{"m":"鶴野町","b":[140.8718,41.7524,140.9045,41.7794],"c":[140.8878,41.76625],"k":"つるのちょう"},"geometry":{"type":"Polygon","coordinates":[[[140.89449,41.77578],[140.89176,41.77742],[140.88881,41.77784],[140.88817,41.77846],[140.88683,41.77913],[140.88667,41.77937],[140.88518,41.77873],[140.87922,41.77068],[140.87854,41.7694],[140.8779,41.76645],[140.87759,41.76554],[140.87709,41.76359],[140.87679,41.7628],[140.87633,41.76156],[140.8762,41.76138],[140.87556,41.76158],[140.87431,41.75972],[140.87329,41.75871],[140.8731,41.7582],[140.87263,41.75583],[140.87253,41.75585],[140.87191,41.755],[140.87183,41.75493],[140.87519,41.75335],[140.87629,41.75567],[140.87571,41.75587],[140.8774,41.7579],[140.87865,41.7576],[140.87813,41.75594],[140.88226,41.75509],[140.88318,41.7551],[140.88431,41.75321],[140.88667,41.75238],[140.88794,41.75285],[140.88941,41.75493],[140.89009,41.7571],[140.89088,41.75819],[140.89026,41.7586],[140.89108,41.76103],[140.89123,41.76136],[140.89378,41.76178],[140.89526,41.76208],[140.8979,41.76273],[140.89846,41.76293],[140.8985,41.76301],[140.8984,41.76329],[140.8982,41.7634],[140.89741,41.76425],[140.89834,41.76514],[140.89962,41.76612],[140.90049,41.76616],[140.90159,41.77034],[140.90177,41.77021],[140.90241,41.77009],[140.90301,41.76989],[140.90424,41.76968],[140.90417,41.77034],[140.90404,41.77051],[140.90329,41.77092],[140.90297,41.77103],[140.90448,41.775],[140.90301,41.77517],[140.90083,41.77463],[140.89829,41.77489],[140.89449,41.77578]]]}},{"type":"Feature","properties":{"m":"白石町","b":[140.8879,41.7494,140.9197,41.775],"c":[140.90374,41.76102],"k":"しろいしちょう"},"geometry":{"type":"Polygon","coordinates":[[[140.91772,41.76583],[140.9165,41.76708],[140.91594,41.76766],[140.91561,41.76784],[140.91442,41.76809],[140.91275,41.76914],[140.91213,41.7696],[140.91286,41.7702],[140.91024,41.77194],[140.90946,41.77183],[140.9087,41.77269],[140.9078,41.77271],[140.90621,41.77366],[140.90492,41.77419],[140.90448,41.775],[140.90297,41.77103],[140.90329,41.77092],[140.90404,41.77051],[140.90417,41.77034],[140.90424,41.76968],[140.90301,41.76989],[140.90241,41.77009],[140.90177,41.77021],[140.90159,41.77034],[140.90049,41.76616],[140.89962,41.76612],[140.89834,41.76514],[140.89741,41.76425],[140.8982,41.7634],[140.8984,41.76329],[140.8985,41.76301],[140.89846,41.76293],[140.8979,41.76273],[140.89526,41.76208],[140.89378,41.76178],[140.89123,41.76136],[140.89108,41.76103],[140.89026,41.7586],[140.89088,41.75819],[140.89009,41.7571],[140.88941,41.75493],[140.88794,41.75285],[140.88963,41.75208],[140.88985,41.75282],[140.89112,41.75237],[140.89107,41.75183],[140.89228,41.75252],[140.89204,41.75178],[140.89305,41.75139],[140.89397,41.75213],[140.89506,41.75136],[140.89437,41.75033],[140.89781,41.74965],[140.89847,41.75011],[140.9,41.74942],[140.89993,41.74971],[140.90186,41.75121],[140.90536,41.75293],[140.90669,41.75465],[140.90704,41.75612],[140.90859,41.75693],[140.91027,41.7569],[140.91043,41.75688],[140.91098,41.75692],[140.9119,41.75727],[140.91244,41.75757],[140.91331,41.75836],[140.91433,41.75847],[140.91512,41.75875],[140.91513,41.75953],[140.91521,41.75982],[140.91559,41.76037],[140.91743,41.76172],[140.9178,41.76251],[140.91829,41.76298],[140.91848,41.76314],[140.91886,41.76361],[140.91966,41.76459],[140.91871,41.76474],[140.91772,41.76583]]]}},{"type":"Feature","properties":{"m":"富岡町","b":[140.7411,41.8,140.7585,41.8141],"c":[140.74858,41.80687],"k":"とみおかちょう"},"geometry":{"type":"Polygon","coordinates":[[[140.74171,41.8006],[140.7481,41.80047],[140.75123,41.79998],[140.75124,41.79998],[140.75192,41.80211],[140.75307,41.80224],[140.75373,41.80355],[140.75532,41.80526],[140.75538,41.80585],[140.7554,41.80597],[140.75628,41.80899],[140.75616,41.81062],[140.75853,41.81202],[140.75323,41.81233],[140.75328,41.81262],[140.75142,41.8128],[140.75127,41.81281],[140.74978,41.81304],[140.74911,41.81321],[140.74862,41.81348],[140.74824,41.8137],[140.74755,41.81411],[140.74634,41.81351],[140.74527,41.81241],[140.74223,41.80992],[140.74163,41.80709],[140.7411,41.80321],[140.74163,41.8006],[140.74171,41.8006]]]}},{"type":"Feature","properties":{"m":"中道","b":[140.7512,41.7991,140.7649,41.8136],"c":[140.75832,41.80662],"k":"なかみち"},"geometry":{"type":"Polygon","coordinates":[[[140.75726,41.79931],[140.75737,41.80044],[140.7573,41.80099],[140.7573,41.80122],[140.75724,41.80174],[140.76018,41.80455],[140.76199,41.80632],[140.76256,41.80744],[140.76495,41.81207],[140.75957,41.81359],[140.75853,41.81202],[140.75616,41.81062],[140.75628,41.80899],[140.7554,41.80597],[140.75538,41.80585],[140.75532,41.80526],[140.75373,41.80355],[140.75307,41.80224],[140.75192,41.80211],[140.75124,41.79998],[140.75434,41.80012],[140.75439,41.79915],[140.75726,41.79931]]]}},{"type":"Feature","properties":{"m":"山の手","b":[140.773,41.7978,140.7899,41.8105],"c":[140.78208,41.80402],"k":"やまのて"},"geometry":{"type":"Polygon","coordinates":[[[140.78599,41.8093],[140.78499,41.80961],[140.78436,41.80991],[140.78347,41.81037],[140.78327,41.81048],[140.78216,41.80921],[140.78168,41.80905],[140.77837,41.8076],[140.77729,41.80547],[140.77296,41.80417],[140.77369,41.80294],[140.77762,41.79976],[140.77942,41.79804],[140.77944,41.79802],[140.77979,41.79782],[140.7861,41.79944],[140.78653,41.8007],[140.78722,41.8021],[140.78759,41.80305],[140.78845,41.80496],[140.78887,41.80586],[140.78911,41.80638],[140.78988,41.80809],[140.7882,41.80861],[140.78698,41.80901],[140.78599,41.8093]]]}},{"type":"Feature","properties":{"m":"本通","b":[140.7573,41.7903,140.7794,41.8047],"c":[140.76936,41.79807],"k":"ほんどおり"},"geometry":{"type":"Polygon","coordinates":[[[140.759,41.79512],[140.76235,41.79563],[140.76269,41.7951],[140.7647,41.79432],[140.76623,41.79435],[140.76764,41.79421],[140.76882,41.79451],[140.77096,41.79392],[140.77221,41.79332],[140.77563,41.79223],[140.77511,41.79153],[140.77748,41.79034],[140.77892,41.79097],[140.77686,41.79491],[140.77694,41.7955],[140.77831,41.79643],[140.77942,41.79804],[140.77762,41.79976],[140.77369,41.80294],[140.7723,41.80337],[140.76994,41.8038],[140.76822,41.80474],[140.76688,41.80301],[140.76584,41.80297],[140.76448,41.80291],[140.76451,41.80129],[140.76142,41.80122],[140.76091,41.80116],[140.75811,41.801],[140.7573,41.80099],[140.75737,41.80044],[140.75726,41.79931],[140.7587,41.79943],[140.75919,41.79764],[140.76031,41.79651],[140.75852,41.79563],[140.759,41.79512]]]}},{"type":"Feature","properties":{"m":"鍛治","b":[140.7572,41.801,140.7737,41.8121],"c":[140.76568,41.80593],"k":"かじ"},"geometry":{"type":"Polygon","coordinates":[[[140.7573,41.80122],[140.7573,41.80099],[140.75811,41.801],[140.76091,41.80116],[140.76142,41.80122],[140.76451,41.80129],[140.76448,41.80291],[140.76584,41.80297],[140.76688,41.80301],[140.76822,41.80474],[140.76994,41.8038],[140.7723,41.80337],[140.77369,41.80294],[140.77296,41.80417],[140.77085,41.80875],[140.77056,41.80936],[140.76885,41.81067],[140.76499,41.81205],[140.76495,41.81207],[140.76256,41.80744],[140.76199,41.80632],[140.76018,41.80455],[140.75724,41.80174],[140.7573,41.80122]]]}},{"type":"Feature","properties":{"m":"陣川町","b":[140.7667,41.819,140.8256,41.8577],"c":[140.79539,41.83882],"k":"じんかわちょう"},"geometry":{"type":"Polygon","coordinates":[[[140.82546,41.85407],[140.82506,41.85474],[140.82428,41.85506],[140.82159,41.8561],[140.81985,41.85773],[140.81916,41.85752],[140.81882,41.85744],[140.81689,41.8569],[140.81427,41.85631],[140.81235,41.85559],[140.81176,41.85518],[140.81135,41.85468],[140.811,41.85445],[140.81054,41.85443],[140.80968,41.85473],[140.80879,41.85525],[140.80862,41.85544],[140.80812,41.85622],[140.80753,41.85688],[140.80698,41.85726],[140.80666,41.85718],[140.80433,41.8542],[140.80361,41.85324],[140.80314,41.85259],[140.80322,41.85217],[140.80049,41.85128],[140.79851,41.85064],[140.79779,41.85029],[140.79609,41.84986],[140.79553,41.85009],[140.79405,41.8499],[140.79305,41.84943],[140.79159,41.84825],[140.79113,41.84785],[140.79108,41.84684],[140.79055,41.84627],[140.79051,41.84542],[140.79067,41.8444],[140.79064,41.84384],[140.7887,41.84362],[140.78831,41.84293],[140.78712,41.84208],[140.7859,41.84183],[140.78432,41.8415],[140.78352,41.84109],[140.78254,41.84055],[140.78115,41.83969],[140.78084,41.83911],[140.78037,41.83827],[140.77862,41.83766],[140.77789,41.83659],[140.77686,41.83652],[140.77605,41.83565],[140.77423,41.83543],[140.77391,41.83479],[140.77422,41.83443],[140.77432,41.83409],[140.77419,41.8341],[140.774,41.8344],[140.77196,41.83349],[140.7714,41.833],[140.77121,41.83209],[140.77092,41.83015],[140.77148,41.82931],[140.77087,41.82782],[140.76947,41.8266],[140.76944,41.82234],[140.76672,41.81999],[140.76826,41.81996],[140.77039,41.81953],[140.77119,41.81905],[140.7722,41.82114],[140.77302,41.82093],[140.77425,41.82159],[140.77478,41.8212],[140.77347,41.82045],[140.77534,41.81943],[140.77629,41.81992],[140.77763,41.8193],[140.77901,41.82093],[140.78077,41.82162],[140.78502,41.82396],[140.78562,41.82429],[140.78756,41.82532],[140.78833,41.82572],[140.79143,41.82736],[140.80085,41.83248],[140.80128,41.83356],[140.80335,41.83429],[140.80627,41.83439],[140.80666,41.83507],[140.80911,41.83526],[140.81126,41.83586],[140.81163,41.83671],[140.81275,41.83729],[140.81268,41.83912],[140.81448,41.84018],[140.81697,41.84743],[140.81982,41.85029],[140.82301,41.85273],[140.82309,41.85377],[140.82557,41.85324],[140.82556,41.85369],[140.82546,41.85407]]]}},{"type":"Feature","properties":{"m":"神山町","b":[140.7613,41.8188,140.7715,41.8321],"c":[140.76684,41.82422],"k":"かみやまちょう"},"geometry":{"type":"Polygon","coordinates":[[[140.77121,41.83209],[140.77088,41.83121],[140.76962,41.83053],[140.76895,41.82948],[140.76768,41.82852],[140.76792,41.82745],[140.76488,41.82632],[140.76437,41.82469],[140.76435,41.8229],[140.76312,41.82235],[140.76234,41.82177],[140.76127,41.81883],[140.76445,41.81992],[140.76581,41.81949],[140.76672,41.81999],[140.76944,41.82234],[140.76947,41.8266],[140.77087,41.82782],[140.77148,41.82931],[140.77092,41.83015],[140.77121,41.83209]]]}},{"type":"Feature","properties":{"m":"神山","b":[140.7596,41.8094,140.7727,41.82],"c":[140.7664,41.81569],"k":"かみやま"},"geometry":{"type":"Polygon","coordinates":[[[140.76495,41.81207],[140.76499,41.81205],[140.76885,41.81067],[140.77056,41.80936],[140.76951,41.81203],[140.77037,41.81389],[140.77268,41.81566],[140.77163,41.81527],[140.77164,41.81812],[140.77119,41.81905],[140.77039,41.81953],[140.76826,41.81996],[140.76672,41.81999],[140.76581,41.81949],[140.76445,41.81992],[140.76127,41.81883],[140.76222,41.81752],[140.76126,41.81665],[140.76147,41.81602],[140.75957,41.8136],[140.75957,41.81359],[140.76495,41.81207]]]}},{"type":"Feature","properties":{"m":"東山町","b":[140.7724,41.8042,140.8409,41.8538],"c":[140.80975,41.82689],"k":"ひがしやまちょう"},"geometry":{"type":"Polygon","coordinates":[[[140.79778,41.80416],[140.79814,41.80421],[140.79855,41.80445],[140.79926,41.80517],[140.79975,41.80567],[140.8005,41.80612],[140.80113,41.8064],[140.80119,41.80675],[140.80096,41.80738],[140.80086,41.80757],[140.80101,41.80768],[140.80176,41.80817],[140.80266,41.80874],[140.80344,41.80922],[140.80412,41.80946],[140.80519,41.80976],[140.8064,41.80911],[140.80814,41.81027],[140.80851,41.81069],[140.80893,41.81142],[140.80937,41.81228],[140.81051,41.81475],[140.81173,41.8162],[140.81477,41.81822],[140.81798,41.81982],[140.8196,41.82111],[140.8207,41.82205],[140.82367,41.82215],[140.82472,41.82333],[140.82598,41.82454],[140.82636,41.82463],[140.82748,41.8249],[140.8291,41.82521],[140.8307,41.8262],[140.83108,41.82645],[140.83214,41.82702],[140.8336,41.82742],[140.8353,41.8283],[140.83623,41.82828],[140.83731,41.82884],[140.83985,41.83116],[140.83931,41.83228],[140.84009,41.83441],[140.84007,41.83461],[140.84019,41.83495],[140.84039,41.83586],[140.84038,41.83734],[140.84087,41.83846],[140.83827,41.84021],[140.83527,41.84101],[140.83197,41.8448],[140.83099,41.84641],[140.83061,41.8477],[140.83001,41.84842],[140.82753,41.85175],[140.82556,41.85369],[140.82557,41.85324],[140.82309,41.85377],[140.82301,41.85273],[140.81982,41.85029],[140.81697,41.84743],[140.81448,41.84018],[140.81268,41.83912],[140.81275,41.83729],[140.81163,41.83671],[140.81126,41.83586],[140.80911,41.83526],[140.80666,41.83507],[140.80627,41.83439],[140.80335,41.83429],[140.80128,41.83356],[140.80085,41.83248],[140.79143,41.82736],[140.78833,41.82572],[140.78756,41.82532],[140.78562,41.82429],[140.78502,41.82396],[140.78077,41.82162],[140.77901,41.82093],[140.77763,41.8193],[140.77671,41.81679],[140.77566,41.81575],[140.77298,41.81564],[140.77268,41.81566],[140.77243,41.81403],[140.77334,41.81321],[140.77278,41.81187],[140.77376,41.81214],[140.77511,41.81132],[140.77932,41.81332],[140.78044,41.81321],[140.78067,41.81316],[140.78251,41.81232],[140.78333,41.81257],[140.78416,41.81298],[140.7851,41.81304],[140.7851,41.81229],[140.78407,41.81202],[140.78295,41.81063],[140.78327,41.81048],[140.78347,41.81037],[140.78436,41.80991],[140.78499,41.80961],[140.78599,41.8093],[140.78698,41.80901],[140.7882,41.80861],[140.78988,41.80809],[140.79103,41.80702],[140.79371,41.80567],[140.79407,41.8055],[140.79482,41.80513],[140.79532,41.80497],[140.79619,41.80465],[140.79686,41.80437],[140.79759,41.80417],[140.79778,41.80416]]]}},{"type":"Feature","properties":{"m":"東山","b":[140.7695,41.8042,140.7851,41.8157],"c":[140.77595,41.80978],"k":"ひがしやま"},"geometry":{"type":"Polygon","coordinates":[[[140.77085,41.80875],[140.77296,41.80417],[140.77729,41.80547],[140.77837,41.8076],[140.78168,41.80905],[140.78216,41.80921],[140.78327,41.81048],[140.78295,41.81063],[140.78407,41.81202],[140.7851,41.81229],[140.7851,41.81304],[140.78416,41.81298],[140.78333,41.81257],[140.78251,41.81232],[140.78067,41.81316],[140.78044,41.81321],[140.77932,41.81332],[140.77511,41.81132],[140.77376,41.81214],[140.77278,41.81187],[140.77334,41.81321],[140.77243,41.81403],[140.77268,41.81566],[140.77037,41.81389],[140.76951,41.81203],[140.77056,41.80936],[140.77085,41.80875]]]}},{"type":"Feature","properties":{"m":"美原","b":[140.7401,41.812,140.7631,41.828],"c":[140.75271,41.81972],"k":"みはら"},"geometry":{"type":"Polygon","coordinates":[[[140.74824,41.8137],[140.74862,41.81348],[140.74911,41.81321],[140.74978,41.81304],[140.75127,41.81281],[140.75142,41.8128],[140.75328,41.81262],[140.75323,41.81233],[140.75853,41.81202],[140.75957,41.81359],[140.75957,41.8136],[140.76147,41.81602],[140.76126,41.81665],[140.76222,41.81752],[140.76127,41.81883],[140.76234,41.82177],[140.76312,41.82235],[140.76154,41.82224],[140.75967,41.82301],[140.75994,41.8235],[140.76015,41.82384],[140.75938,41.82463],[140.75665,41.82622],[140.75382,41.82803],[140.75063,41.82626],[140.74754,41.82407],[140.74586,41.82582],[140.74453,41.82494],[140.74354,41.82429],[140.74257,41.82365],[140.7421,41.82334],[140.74013,41.822],[140.74073,41.82159],[140.74128,41.8212],[140.74173,41.82091],[140.74234,41.8205],[140.74511,41.81869],[140.74556,41.81755],[140.74569,41.81719],[140.74583,41.81682],[140.74617,41.8159],[140.74636,41.81539],[140.74689,41.81454],[140.74699,41.81445],[140.74755,41.81411],[140.74824,41.8137]]]}},{"type":"Feature","properties":{"m":"赤川町","b":[140.7555,41.8247,140.7828,41.8587],"c":[140.76837,41.83661],"k":"あかがわちょう"},"geometry":{"type":"Polygon","coordinates":[[[140.76962,41.83053],[140.76932,41.83086],[140.76968,41.83136],[140.77052,41.83196],[140.7708,41.83238],[140.77094,41.83299],[140.77088,41.8331],[140.77243,41.83406],[140.77376,41.83504],[140.77405,41.83614],[140.77458,41.8372],[140.77533,41.83877],[140.77202,41.83987],[140.77214,41.83995],[140.77246,41.84007],[140.77261,41.84011],[140.77287,41.84035],[140.77301,41.8406],[140.77311,41.8411],[140.77332,41.84164],[140.77373,41.84237],[140.7739,41.84287],[140.77428,41.84326],[140.77452,41.84389],[140.77487,41.84421],[140.77582,41.84437],[140.77607,41.84472],[140.77647,41.84549],[140.77662,41.84602],[140.77732,41.84627],[140.77744,41.8466],[140.7775,41.84679],[140.77765,41.84716],[140.77745,41.84819],[140.77756,41.84876],[140.77806,41.84936],[140.7781,41.84952],[140.77818,41.84997],[140.77836,41.85012],[140.77861,41.85038],[140.77874,41.85067],[140.77877,41.85126],[140.77894,41.85146],[140.77993,41.85198],[140.77988,41.85317],[140.78016,41.8535],[140.78123,41.85423],[140.78186,41.85469],[140.78209,41.85484],[140.78208,41.85513],[140.78191,41.85549],[140.78202,41.85602],[140.78258,41.85641],[140.78271,41.85698],[140.78279,41.85719],[140.78278,41.85744],[140.78264,41.85775],[140.78268,41.85799],[140.78264,41.8582],[140.78266,41.85847],[140.78272,41.85869],[140.78237,41.85872],[140.78197,41.85852],[140.78179,41.85829],[140.7817,41.85826],[140.7816,41.85809],[140.78154,41.85789],[140.78111,41.85716],[140.78058,41.85649],[140.78007,41.85575],[140.77917,41.85454],[140.77847,41.85318],[140.77701,41.85181],[140.77416,41.84673],[140.77137,41.84378],[140.77096,41.84289],[140.76887,41.84057],[140.76876,41.83964],[140.76739,41.83694],[140.76651,41.83718],[140.76434,41.83701],[140.76239,41.8359],[140.76163,41.83479],[140.75957,41.83345],[140.75805,41.83187],[140.75546,41.83031],[140.75669,41.82943],[140.75946,41.8274],[140.76437,41.82469],[140.76488,41.82632],[140.76792,41.82745],[140.76768,41.82852],[140.76895,41.82948],[140.76962,41.83053]]]}},{"type":"Feature","properties":{"m":"赤川","b":[140.7538,41.8222,140.7644,41.8294],"c":[140.75973,41.82566],"k":"あかがわ"},"geometry":{"type":"Polygon","coordinates":[[[140.76437,41.82469],[140.75946,41.8274],[140.75669,41.82943],[140.75382,41.82803],[140.75665,41.82622],[140.75938,41.82463],[140.76015,41.82384],[140.75994,41.8235],[140.75967,41.82301],[140.76154,41.82224],[140.76312,41.82235],[140.76435,41.8229],[140.76437,41.82469]]]}},{"type":"Feature","properties":{"m":"亀田中野町","b":[140.7501,41.8303,140.791,41.9182],"c":[140.77186,41.86946],"k":"かめだなかのちょう"},"geometry":{"type":"Polygon","coordinates":[[[140.77917,41.85454],[140.78007,41.85575],[140.78058,41.85649],[140.78111,41.85716],[140.78154,41.85789],[140.7816,41.85809],[140.7817,41.85826],[140.78179,41.85829],[140.78197,41.85852],[140.78237,41.85872],[140.78276,41.8588],[140.78217,41.86048],[140.78229,41.86145],[140.78226,41.86179],[140.78244,41.86211],[140.78244,41.86278],[140.78231,41.86315],[140.78213,41.86362],[140.78247,41.86426],[140.7826,41.86475],[140.78319,41.86512],[140.78379,41.86552],[140.78415,41.86603],[140.78437,41.8664],[140.78521,41.86874],[140.78588,41.8692],[140.78703,41.87061],[140.78672,41.8712],[140.78519,41.87357],[140.78521,41.8757],[140.78546,41.87634],[140.78572,41.87665],[140.78566,41.87692],[140.78508,41.8775],[140.78468,41.8799],[140.78512,41.88004],[140.78564,41.8803],[140.78654,41.88047],[140.78713,41.88095],[140.78893,41.88114],[140.78934,41.88107],[140.78991,41.88098],[140.79065,41.88107],[140.79098,41.88149],[140.7905,41.88282],[140.78957,41.8864],[140.78921,41.88834],[140.78915,41.88958],[140.78911,41.89051],[140.78805,41.89115],[140.78728,41.89258],[140.78786,41.89431],[140.78811,41.89633],[140.78765,41.89902],[140.78727,41.89976],[140.78604,41.90158],[140.78517,41.90322],[140.78476,41.90475],[140.78436,41.9065],[140.78423,41.90835],[140.7844,41.91066],[140.7852,41.91317],[140.78562,41.91523],[140.78467,41.91716],[140.78352,41.91823],[140.78303,41.91784],[140.78266,41.91712],[140.78291,41.91594],[140.78328,41.91521],[140.78343,41.91482],[140.7837,41.91379],[140.78372,41.91343],[140.78354,41.91225],[140.78348,41.9117],[140.78319,41.91082],[140.78284,41.91028],[140.7825,41.90989],[140.78206,41.90959],[140.78134,41.90911],[140.78072,41.90847],[140.78054,41.90824],[140.78015,41.9078],[140.77996,41.90765],[140.77963,41.90741],[140.77944,41.90723],[140.77927,41.90701],[140.77921,41.90687],[140.77877,41.9065],[140.77856,41.90626],[140.77848,41.90593],[140.77845,41.90566],[140.77818,41.90514],[140.77752,41.9042],[140.77713,41.90376],[140.77613,41.90323],[140.77573,41.90215],[140.77526,41.90173],[140.77521,41.90023],[140.7752,41.89989],[140.77528,41.89947],[140.77554,41.8989],[140.77514,41.89811],[140.77503,41.89801],[140.77473,41.89724],[140.7747,41.89684],[140.77402,41.89608],[140.77373,41.89576],[140.77368,41.8957],[140.7737,41.8953],[140.77369,41.89515],[140.77329,41.89442],[140.77315,41.89415],[140.77272,41.89394],[140.7724,41.89352],[140.77235,41.89344],[140.77215,41.89309],[140.7712,41.8921],[140.77093,41.89157],[140.7709,41.89123],[140.77063,41.89034],[140.77068,41.89009],[140.77075,41.88999],[140.77055,41.88963],[140.7705,41.88955],[140.77046,41.88908],[140.77041,41.88883],[140.7703,41.88859],[140.77025,41.88832],[140.77002,41.88803],[140.77004,41.88788],[140.77003,41.88752],[140.77015,41.88722],[140.76996,41.8868],[140.7697,41.88652],[140.76956,41.88619],[140.76921,41.88601],[140.76906,41.88548],[140.76884,41.88502],[140.76888,41.88492],[140.76886,41.88449],[140.76851,41.88433],[140.76838,41.88398],[140.7683,41.88354],[140.7682,41.8828],[140.76794,41.882],[140.76806,41.88175],[140.76828,41.88153],[140.76824,41.88122],[140.76812,41.88117],[140.76778,41.88062],[140.76776,41.88048],[140.76773,41.88017],[140.7676,41.87976],[140.76758,41.87961],[140.76764,41.87943],[140.76755,41.87923],[140.76759,41.87903],[140.76752,41.87891],[140.76752,41.87885],[140.76763,41.87869],[140.76764,41.87846],[140.76744,41.87812],[140.76697,41.87755],[140.76678,41.87746],[140.76645,41.87738],[140.76631,41.8773],[140.76608,41.87725],[140.76601,41.8772],[140.7658,41.87689],[140.76575,41.87675],[140.76563,41.87648],[140.76527,41.87624],[140.76515,41.87618],[140.76487,41.87608],[140.7648,41.87604],[140.76468,41.87598],[140.76448,41.8756],[140.76418,41.87563],[140.76377,41.87542],[140.76344,41.87529],[140.76335,41.87524],[140.76304,41.87485],[140.76276,41.87443],[140.76262,41.87438],[140.76192,41.87431],[140.76173,41.87401],[140.76138,41.87403],[140.76106,41.87402],[140.76058,41.87406],[140.75967,41.87393],[140.75932,41.8738],[140.75892,41.87395],[140.7586,41.87398],[140.75851,41.87399],[140.7583,41.87406],[140.75812,41.87407],[140.75778,41.87392],[140.75706,41.87374],[140.75699,41.87373],[140.75683,41.87364],[140.75675,41.8735],[140.75642,41.87339],[140.75618,41.8733],[140.75593,41.8732],[140.75542,41.87316],[140.75053,41.87323],[140.75185,41.8723],[140.75349,41.8703],[140.75364,41.86931],[140.75343,41.86607],[140.75478,41.86261],[140.75666,41.86017],[140.75881,41.85902],[140.76021,41.85686],[140.75987,41.85449],[140.76017,41.85189],[140.76071,41.84994],[140.75901,41.84762],[140.75884,41.84675],[140.75555,41.84474],[140.75251,41.84359],[140.75364,41.84271],[140.7532,41.84149],[140.75463,41.84087],[140.75205,41.83879],[140.75376,41.83814],[140.75165,41.83618],[140.75107,41.83563],[140.7501,41.83495],[140.75078,41.83433],[140.75222,41.83407],[140.75394,41.83297],[140.75546,41.83031],[140.75805,41.83187],[140.75957,41.83345],[140.76163,41.83479],[140.76239,41.8359],[140.76434,41.83701],[140.76651,41.83718],[140.76739,41.83694],[140.76876,41.83964],[140.76887,41.84057],[140.77096,41.84289],[140.77137,41.84378],[140.77416,41.84673],[140.77701,41.85181],[140.77847,41.85318],[140.77917,41.85454]]]}},{"type":"Feature","properties":{"m":"水元町","b":[140.7693,41.8305,140.8071,41.8618],"c":[140.7865,41.84909]},"geometry":{"type":"Polygon","coordinates":[[[140.7714,41.833],[140.77196,41.83349],[140.774,41.8344],[140.77419,41.8341],[140.77432,41.83409],[140.77422,41.83443],[140.77391,41.83479],[140.77423,41.83543],[140.77605,41.83565],[140.77686,41.83652],[140.77789,41.83659],[140.77862,41.83766],[140.78037,41.83827],[140.78084,41.83911],[140.78115,41.83969],[140.78254,41.84055],[140.78352,41.84109],[140.78432,41.8415],[140.7859,41.84183],[140.78712,41.84208],[140.78831,41.84293],[140.7887,41.84362],[140.79064,41.84384],[140.79067,41.8444],[140.79051,41.84542],[140.79055,41.84627],[140.79108,41.84684],[140.79113,41.84785],[140.79159,41.84825],[140.79305,41.84943],[140.79405,41.8499],[140.79553,41.85009],[140.79609,41.84986],[140.79779,41.85029],[140.79851,41.85064],[140.80049,41.85128],[140.80322,41.85217],[140.80314,41.85259],[140.80361,41.85324],[140.80433,41.8542],[140.80666,41.85718],[140.80698,41.85726],[140.80714,41.85717],[140.80691,41.85751],[140.79802,41.85674],[140.79678,41.85673],[140.79534,41.85614],[140.79303,41.85425],[140.79098,41.85357],[140.78943,41.85381],[140.78906,41.85451],[140.78933,41.85626],[140.78899,41.85841],[140.78759,41.8593],[140.78226,41.86179],[140.78229,41.86145],[140.78217,41.86048],[140.78276,41.8588],[140.78272,41.85869],[140.78266,41.85847],[140.78264,41.8582],[140.78268,41.85799],[140.78264,41.85775],[140.78278,41.85744],[140.78279,41.85719],[140.78271,41.85698],[140.78258,41.85641],[140.78202,41.85602],[140.78191,41.85549],[140.78208,41.85513],[140.78209,41.85484],[140.78186,41.85469],[140.78123,41.85423],[140.78016,41.8535],[140.77988,41.85317],[140.77993,41.85198],[140.77894,41.85146],[140.77877,41.85126],[140.77874,41.85067],[140.77861,41.85038],[140.77836,41.85012],[140.77818,41.84997],[140.7781,41.84952],[140.77806,41.84936],[140.77756,41.84876],[140.77745,41.84819],[140.77765,41.84716],[140.7775,41.84679],[140.77744,41.8466],[140.77732,41.84627],[140.77662,41.84602],[140.77647,41.84549],[140.77607,41.84472],[140.77582,41.84437],[140.77487,41.84421],[140.77452,41.84389],[140.77428,41.84326],[140.7739,41.84287],[140.77373,41.84237],[140.77332,41.84164],[140.77311,41.8411],[140.77301,41.8406],[140.77287,41.84035],[140.77261,41.84011],[140.77246,41.84007],[140.77214,41.83995],[140.77202,41.83987],[140.77533,41.83877],[140.77458,41.8372],[140.77405,41.83614],[140.77376,41.83504],[140.77243,41.83406],[140.77088,41.8331],[140.77094,41.83299],[140.7708,41.83238],[140.77052,41.83196],[140.76968,41.83136],[140.76932,41.83086],[140.76962,41.83053],[140.77088,41.83121],[140.77121,41.83209],[140.7714,41.833]]]}},{"type":"Feature","properties":{"m":"亀田大森町","b":[140.7821,41.8536,140.8295,41.9314],"c":[140.80405,41.89242],"k":"おおもりちょう"},"geometry":{"type":"Polygon","coordinates":[[[140.81795,41.86199],[140.81759,41.86492],[140.81758,41.86585],[140.81693,41.86764],[140.81707,41.86877],[140.81808,41.87066],[140.81835,41.87201],[140.81778,41.87345],[140.8174,41.87463],[140.81722,41.8776],[140.81721,41.87973],[140.8178,41.88065],[140.81909,41.88144],[140.82049,41.88384],[140.82197,41.88537],[140.82271,41.88586],[140.82364,41.88807],[140.8239,41.88852],[140.82426,41.88888],[140.82462,41.8892],[140.82514,41.88975],[140.82694,41.89173],[140.8276,41.89277],[140.82858,41.89574],[140.82897,41.89767],[140.82927,41.90089],[140.82947,41.90338],[140.82941,41.90696],[140.82847,41.90919],[140.82718,41.90968],[140.82516,41.91188],[140.8241,41.91271],[140.82187,41.91483],[140.82052,41.91728],[140.82028,41.91853],[140.82038,41.91992],[140.81977,41.92113],[140.81912,41.9223],[140.81881,41.92282],[140.81786,41.92251],[140.81741,41.92238],[140.81414,41.92184],[140.8135,41.92185],[140.81261,41.92205],[140.81124,41.92299],[140.81046,41.92323],[140.80986,41.92339],[140.8096,41.92347],[140.80911,41.92362],[140.80838,41.92403],[140.80763,41.92467],[140.80614,41.92496],[140.80496,41.92513],[140.80349,41.92567],[140.80247,41.92611],[140.80182,41.92647],[140.80087,41.92695],[140.80036,41.92702],[140.80006,41.92699],[140.79918,41.92678],[140.79841,41.92657],[140.79796,41.9265],[140.79741,41.92659],[140.79717,41.9267],[140.7962,41.92735],[140.79544,41.92781],[140.79337,41.92874],[140.79251,41.92899],[140.7915,41.92921],[140.79107,41.92939],[140.79072,41.92959],[140.79045,41.92979],[140.78918,41.9309],[140.78905,41.93098],[140.78808,41.93144],[140.78737,41.93142],[140.78708,41.93136],[140.78692,41.93068],[140.78685,41.93046],[140.78652,41.9291],[140.78621,41.92751],[140.78598,41.9258],[140.78586,41.92411],[140.78581,41.92365],[140.78552,41.92205],[140.78521,41.92099],[140.78493,41.92052],[140.78462,41.92014],[140.7846,41.92004],[140.78459,41.9195],[140.7845,41.91921],[140.78352,41.91823],[140.78467,41.91716],[140.78562,41.91523],[140.7852,41.91317],[140.7844,41.91066],[140.78423,41.90835],[140.78436,41.9065],[140.78476,41.90475],[140.78517,41.90322],[140.78604,41.90158],[140.78727,41.89976],[140.78765,41.89902],[140.78811,41.89633],[140.78786,41.89431],[140.78728,41.89258],[140.78805,41.89115],[140.78911,41.89051],[140.78915,41.88958],[140.78921,41.88834],[140.78957,41.8864],[140.7905,41.88282],[140.79098,41.88149],[140.79065,41.88107],[140.78991,41.88098],[140.78934,41.88107],[140.78893,41.88114],[140.78713,41.88095],[140.78654,41.88047],[140.78564,41.8803],[140.78512,41.88004],[140.78468,41.8799],[140.78508,41.8775],[140.78566,41.87692],[140.78572,41.87665],[140.78546,41.87634],[140.78521,41.8757],[140.78519,41.87357],[140.78672,41.8712],[140.78703,41.87061],[140.78588,41.8692],[140.78521,41.86874],[140.78437,41.8664],[140.78415,41.86603],[140.78379,41.86552],[140.78319,41.86512],[140.7826,41.86475],[140.78247,41.86426],[140.78213,41.86362],[140.78231,41.86315],[140.78244,41.86278],[140.78244,41.86211],[140.78226,41.86179],[140.78759,41.8593],[140.78899,41.85841],[140.78933,41.85626],[140.78906,41.85451],[140.78943,41.85381],[140.79098,41.85357],[140.79303,41.85425],[140.79534,41.85614],[140.79678,41.85673],[140.79802,41.85674],[140.80691,41.85751],[140.80714,41.85717],[140.80753,41.85688],[140.80812,41.85622],[140.80862,41.85544],[140.80879,41.85525],[140.80968,41.85473],[140.81054,41.85443],[140.811,41.85445],[140.81135,41.85468],[140.81176,41.85518],[140.81235,41.85559],[140.81427,41.85631],[140.81689,41.8569],[140.81882,41.85744],[140.81916,41.85752],[140.81985,41.85773],[140.81795,41.86199]]]}},{"type":"Feature","properties":{"m":"石川町","b":[140.7316,41.822,140.7546,41.8482],"c":[140.74337,41.83565],"k":"いしかわちょう"},"geometry":{"type":"Polygon","coordinates":[[[140.7421,41.82334],[140.74257,41.82365],[140.74354,41.82429],[140.74453,41.82494],[140.74586,41.82582],[140.74305,41.82882],[140.743,41.82916],[140.74491,41.83087],[140.74736,41.83078],[140.74871,41.83126],[140.75394,41.83297],[140.75222,41.83407],[140.75078,41.83433],[140.7501,41.83495],[140.75107,41.83563],[140.75165,41.83618],[140.75376,41.83814],[140.75205,41.83879],[140.75463,41.84087],[140.7532,41.84149],[140.75364,41.84271],[140.75251,41.84359],[140.75099,41.84249],[140.75005,41.84315],[140.75081,41.8437],[140.75223,41.84665],[140.74937,41.84807],[140.74794,41.84819],[140.74641,41.84657],[140.74564,41.84512],[140.74438,41.84471],[140.74264,41.84564],[140.74128,41.84338],[140.74065,41.84289],[140.73737,41.84453],[140.73569,41.84306],[140.73463,41.84218],[140.73618,41.84025],[140.73763,41.83971],[140.73711,41.83903],[140.73709,41.83613],[140.73527,41.83354],[140.73543,41.83241],[140.73627,41.83159],[140.73676,41.8294],[140.73535,41.82829],[140.73379,41.82796],[140.73297,41.82798],[140.73159,41.82788],[140.73172,41.82713],[140.73156,41.82555],[140.73492,41.82519],[140.73635,41.82456],[140.73755,41.82376],[140.73929,41.82258],[140.74013,41.822],[140.7421,41.82334]]]}},{"type":"Feature","properties":{"m":"桔梗","b":[140.7211,41.8255,140.739,41.8531],"c":[140.72894,41.84253],"k":"ききょう"},"geometry":{"type":"Polygon","coordinates":[[[140.73172,41.82713],[140.73159,41.82788],[140.73144,41.82908],[140.73129,41.83035],[140.73109,41.83209],[140.7311,41.83234],[140.73113,41.83289],[140.7313,41.834],[140.73163,41.8354],[140.73116,41.83612],[140.73089,41.83978],[140.7309,41.84258],[140.7304,41.84607],[140.73543,41.84725],[140.73435,41.84929],[140.73767,41.85003],[140.73898,41.85033],[140.73873,41.85089],[140.73819,41.85221],[140.73679,41.85238],[140.73192,41.8524],[140.73192,41.85305],[140.72949,41.85224],[140.72946,41.85224],[140.72758,41.85231],[140.72346,41.8509],[140.72202,41.85085],[140.72111,41.85059],[140.72107,41.85058],[140.72217,41.8482],[140.72438,41.8435],[140.7249,41.84189],[140.72663,41.83413],[140.72686,41.83206],[140.72687,41.83201],[140.72718,41.83063],[140.72731,41.83008],[140.72743,41.82946],[140.72756,41.82884],[140.7276,41.82866],[140.72783,41.82758],[140.72824,41.82592],[140.72835,41.82549],[140.7299,41.82552],[140.73156,41.82555],[140.73172,41.82713]]]}},{"type":"Feature","properties":{"m":"桔梗町","b":[140.7179,41.8229,140.7607,41.8732],"c":[140.74507,41.85325],"k":"ききょうちょう"},"geometry":{"type":"MultiPolygon","coordinates":[[[[140.75053,41.87323],[140.74752,41.87121],[140.7458,41.87009],[140.74407,41.86896],[140.74316,41.86783],[140.74288,41.86725],[140.74264,41.86693],[140.74249,41.86671],[140.74207,41.86629],[140.74247,41.86526],[140.74147,41.86477],[140.73996,41.86376],[140.73943,41.86347],[140.73829,41.86306],[140.73768,41.86259],[140.73744,41.8614],[140.737,41.86208],[140.73538,41.86082],[140.73519,41.85902],[140.73386,41.85646],[140.73282,41.85353],[140.73192,41.85305],[140.73192,41.8524],[140.73679,41.85238],[140.73819,41.85221],[140.73873,41.85089],[140.73898,41.85033],[140.73767,41.85003],[140.73435,41.84929],[140.73543,41.84725],[140.7304,41.84607],[140.7309,41.84258],[140.73089,41.83978],[140.73116,41.83612],[140.73163,41.8354],[140.7313,41.834],[140.73113,41.83289],[140.7311,41.83234],[140.73109,41.83209],[140.73129,41.83035],[140.73144,41.82908],[140.73159,41.82788],[140.73297,41.82798],[140.73379,41.82796],[140.73535,41.82829],[140.73676,41.8294],[140.73627,41.83159],[140.73543,41.83241],[140.73527,41.83354],[140.73709,41.83613],[140.73711,41.83903],[140.73763,41.83971],[140.73618,41.84025],[140.73463,41.84218],[140.73569,41.84306],[140.73737,41.84453],[140.74065,41.84289],[140.74128,41.84338],[140.74264,41.84564],[140.74438,41.84471],[140.74564,41.84512],[140.74641,41.84657],[140.74794,41.84819],[140.74937,41.84807],[140.75223,41.84665],[140.75081,41.8437],[140.75005,41.84315],[140.75099,41.84249],[140.75251,41.84359],[140.75555,41.84474],[140.75884,41.84675],[140.75901,41.84762],[140.76071,41.84994],[140.76017,41.85189],[140.75987,41.85449],[140.76021,41.85686],[140.75881,41.85902],[140.75666,41.86017],[140.75478,41.86261],[140.75343,41.86607],[140.75364,41.86931],[140.75349,41.8703],[140.75185,41.8723],[140.75053,41.87323]]],[[[140.72824,41.82592],[140.72707,41.82591],[140.72755,41.82473],[140.72875,41.82289],[140.72835,41.82549],[140.72824,41.82592]]],[[[140.72663,41.83413],[140.7249,41.84189],[140.72438,41.8435],[140.72217,41.8482],[140.72107,41.85058],[140.71788,41.84912],[140.72071,41.8425],[140.72416,41.83326],[140.72466,41.83186],[140.72686,41.83206],[140.72663,41.83413]]]]}},{"type":"Feature","properties":{"m":"西桔梗町","b":[140.6946,41.8151,140.7288,41.8491],"c":[140.71448,41.83391],"k":"にしききょうちょう"},"geometry":{"type":"Polygon","coordinates":[[[140.72783,41.82758],[140.7276,41.82866],[140.72756,41.82884],[140.72743,41.82946],[140.72731,41.83008],[140.72718,41.83063],[140.72687,41.83201],[140.72466,41.83186],[140.72416,41.83326],[140.72071,41.8425],[140.71788,41.84912],[140.71414,41.84812],[140.71174,41.8483],[140.70935,41.84791],[140.70644,41.84786],[140.70237,41.84659],[140.70006,41.84637],[140.6991,41.84605],[140.69701,41.8443],[140.69573,41.84367],[140.6946,41.84219],[140.69723,41.84118],[140.70001,41.84073],[140.70187,41.83975],[140.70292,41.837],[140.70369,41.83556],[140.70547,41.83214],[140.70624,41.83007],[140.7096,41.82605],[140.70985,41.82574],[140.71147,41.82374],[140.71296,41.82236],[140.71846,41.81787],[140.71958,41.81676],[140.72127,41.81509],[140.72666,41.81876],[140.72878,41.82257],[140.72875,41.82289],[140.72755,41.82473],[140.72707,41.82591],[140.72824,41.82592],[140.72783,41.82758]]]}},{"type":"Feature","properties":{"m":"昭和町","b":[140.7173,41.8102,140.7309,41.8226],"c":[140.72567,41.81496],"k":"しょうわちょう"},"geometry":{"type":"Polygon","coordinates":[[[140.71958,41.81676],[140.71811,41.81524],[140.71773,41.81484],[140.71733,41.81443],[140.71925,41.81377],[140.71951,41.81368],[140.72045,41.81336],[140.72949,41.81019],[140.73088,41.81044],[140.73014,41.81211],[140.72908,41.81655],[140.72934,41.81974],[140.72878,41.82257],[140.72666,41.81876],[140.72127,41.81509],[140.71958,41.81676]]]}},{"type":"Feature","properties":{"m":"昭和","b":[140.7284,41.8078,140.7475,41.8255],"c":[140.73657,41.81675],"k":"しょうわ"},"geometry":{"type":"Polygon","coordinates":[[[140.74527,41.81241],[140.74634,41.81351],[140.74755,41.81411],[140.74699,41.81445],[140.74689,41.81454],[140.74636,41.81539],[140.74617,41.8159],[140.74583,41.81682],[140.74569,41.81719],[140.74556,41.81755],[140.74511,41.81869],[140.74234,41.8205],[140.74173,41.82091],[140.74128,41.8212],[140.74073,41.82159],[140.73929,41.82258],[140.73755,41.82376],[140.73635,41.82456],[140.73492,41.82519],[140.73156,41.82555],[140.7299,41.82552],[140.72835,41.82549],[140.72875,41.82289],[140.72878,41.82257],[140.72934,41.81974],[140.72908,41.81655],[140.73014,41.81211],[140.73088,41.81044],[140.73158,41.80921],[140.732,41.80859],[140.73242,41.80776],[140.73268,41.80778],[140.73283,41.80827],[140.7346,41.80892],[140.73556,41.80939],[140.73576,41.80938],[140.73597,41.80918],[140.74223,41.80992],[140.74527,41.81241]]]}},{"type":"Feature","properties":{"m":"亀田本町","b":[140.7324,41.8006,140.7422,41.8099],"c":[140.73749,41.80518],"k":"かめだほんちょう"},"geometry":{"type":"Polygon","coordinates":[[[140.73391,41.80068],[140.73424,41.80068],[140.7363,41.80066],[140.74163,41.8006],[140.7411,41.80321],[140.74163,41.80709],[140.74223,41.80992],[140.73597,41.80918],[140.73576,41.80938],[140.7346,41.80892],[140.73283,41.80827],[140.73268,41.80778],[140.73242,41.80776],[140.73282,41.80634],[140.73299,41.80569],[140.73395,41.80143],[140.73391,41.80068]]]}},{"type":"Feature","properties":{"m":"亀田港町","b":[140.7166,41.8036,140.7329,41.8144],"c":[140.7253,41.80935],"k":"かめだみなとちょう"},"geometry":{"type":"Polygon","coordinates":[[[140.73082,41.80674],[140.73094,41.8066],[140.73184,41.80642],[140.73277,41.80586],[140.73285,41.80581],[140.73282,41.80634],[140.73242,41.80776],[140.732,41.80859],[140.73158,41.80921],[140.73088,41.81044],[140.72949,41.81019],[140.72045,41.81336],[140.71951,41.81368],[140.71925,41.81377],[140.71733,41.81443],[140.71663,41.81373],[140.71879,41.81167],[140.71917,41.81132],[140.72066,41.80993],[140.72144,41.80921],[140.72487,41.80599],[140.72532,41.80558],[140.72623,41.80472],[140.72747,41.80355],[140.72827,41.80395],[140.72635,41.80609],[140.72989,41.80649],[140.73076,41.80675],[140.73082,41.80674]]]}},{"type":"Feature","properties":{"m":"陣川","b":[140.7712,41.8153,140.7776,41.8216],"c":[140.77407,41.81816],"k":"じんかわ"},"geometry":{"type":"Polygon","coordinates":[[[140.77347,41.82045],[140.77478,41.8212],[140.77425,41.82159],[140.77302,41.82093],[140.7722,41.82114],[140.77119,41.81905],[140.77164,41.81812],[140.77163,41.81527],[140.77268,41.81566],[140.77298,41.81564],[140.77566,41.81575],[140.77671,41.81679],[140.77763,41.8193],[140.77629,41.81992],[140.77534,41.81943],[140.77347,41.82045]]]}},{"type":"Feature","properties":{"m":"北美原","b":[140.743,41.8241,140.7567,41.833],"c":[140.74954,41.82886],"k":"きたみはら"},"geometry":{"type":"Polygon","coordinates":[[[140.74754,41.82407],[140.75063,41.82626],[140.75382,41.82803],[140.75669,41.82943],[140.75546,41.83031],[140.75394,41.83297],[140.74871,41.83126],[140.74736,41.83078],[140.74491,41.83087],[140.743,41.82916],[140.74305,41.82882],[140.74586,41.82582],[140.74754,41.82407]]]}},{"type":"Feature","properties":{"m":"函館山","b":[140.6925,41.74,140.7222,41.7659],"c":[140.70426,41.75262]},"geometry":{"type":"Polygon","coordinates":[[[140.6929,41.76018],[140.69316,41.75763],[140.69249,41.75666],[140.69389,41.75543],[140.6934,41.75381],[140.69572,41.75272],[140.69724,41.75052],[140.69834,41.74771],[140.69917,41.74447],[140.69888,41.74341],[140.70013,41.74207],[140.70201,41.74058],[140.70401,41.73997],[140.70665,41.74065],[140.7099,41.74224],[140.71129,41.74346],[140.71321,41.74376],[140.71669,41.74525],[140.71833,41.74509],[140.71914,41.74447],[140.71951,41.74495],[140.7216,41.74452],[140.72218,41.74552],[140.72151,41.74629],[140.72047,41.74671],[140.71894,41.74715],[140.7182,41.74726],[140.71652,41.74752],[140.71583,41.74772],[140.71541,41.74786],[140.71469,41.74807],[140.71425,41.74838],[140.71225,41.74984],[140.71216,41.75022],[140.71159,41.75046],[140.7101,41.751],[140.70997,41.75093],[140.70899,41.75086],[140.70784,41.7516],[140.70788,41.75206],[140.70837,41.75324],[140.70861,41.75397],[140.71011,41.75433],[140.71118,41.75468],[140.71171,41.75508],[140.71203,41.75608],[140.71199,41.75635],[140.71254,41.75871],[140.71081,41.75874],[140.71057,41.7598],[140.70923,41.76011],[140.70889,41.76078],[140.70848,41.76246],[140.70831,41.76321],[140.7073,41.76379],[140.70594,41.76405],[140.70466,41.76386],[140.70394,41.76344],[140.70292,41.76356],[140.70001,41.76511],[140.69966,41.76592],[140.69822,41.76453],[140.6972,41.76463],[140.69653,41.76442],[140.69616,41.76425],[140.69585,41.76415],[140.69555,41.76351],[140.69551,41.7623],[140.69552,41.7619],[140.69542,41.76115],[140.69429,41.76046],[140.6929,41.76018]]]}},{"type":"Feature","properties":{"m":"小安町","b":[140.8981,41.7377,140.9342,41.7569],"c":[140.91661,41.7465],"k":"おやすちょう"},"geometry":{"type":"MultiPolygon","coordinates":[[[[140.916,41.74194],[140.91568,41.7422],[140.91548,41.74206],[140.916,41.74194]]],[[[140.91533,41.74189],[140.91536,41.74219],[140.9151,41.74199],[140.91533,41.74189]]],[[[140.91696,41.74158],[140.91643,41.74195],[140.91638,41.74174],[140.91696,41.74158]]],[[[140.92094,41.74027],[140.92097,41.74033],[140.9209,41.74033],[140.92094,41.74027]]],[[[140.92042,41.7403],[140.92058,41.74038],[140.9205,41.74048],[140.92042,41.7403]]],[[[140.92079,41.74023],[140.92081,41.74029],[140.92073,41.74028],[140.92079,41.74023]]],[[[140.92083,41.74031],[140.92079,41.74047],[140.92063,41.74045],[140.92083,41.74031]]],[[[140.89808,41.74737],[140.89994,41.74721],[140.90196,41.74619],[140.90267,41.74639],[140.90501,41.74591],[140.90866,41.74458],[140.90876,41.74428],[140.91464,41.74273],[140.9167,41.74184],[140.91856,41.74149],[140.9228,41.73984],[140.92738,41.73827],[140.92861,41.73767],[140.92979,41.73891],[140.93066,41.73847],[140.93227,41.73896],[140.93233,41.73967],[140.93339,41.74077],[140.93423,41.74248],[140.93408,41.74361],[140.93298,41.74575],[140.93089,41.74777],[140.92854,41.74631],[140.92729,41.74566],[140.92552,41.74635],[140.92436,41.74691],[140.92346,41.74681],[140.92313,41.74665],[140.92219,41.74634],[140.92161,41.74646],[140.92075,41.74706],[140.92014,41.74761],[140.91995,41.74785],[140.91967,41.74901],[140.91961,41.74953],[140.91804,41.74927],[140.91694,41.7494],[140.91551,41.75072],[140.91497,41.75177],[140.9145,41.75232],[140.91423,41.75257],[140.91349,41.75329],[140.91281,41.75401],[140.91227,41.75452],[140.91094,41.75563],[140.91056,41.75598],[140.91027,41.7569],[140.90859,41.75693],[140.90704,41.75612],[140.90669,41.75465],[140.90536,41.75293],[140.90186,41.75121],[140.89993,41.74971],[140.9,41.74942],[140.89808,41.74737]]]]}},{"type":"Feature","properties":{"m":"釜谷町","b":[140.9286,41.7229,140.9526,41.7602],"c":[140.94268,41.74154],"k":"かまやちょう"},"geometry":{"type":"MultiPolygon","coordinates":[[[[140.93899,41.73063],[140.93907,41.73075],[140.93877,41.73081],[140.93899,41.73063]]],[[[140.94782,41.72357],[140.94787,41.72363],[140.94776,41.72366],[140.94782,41.72357]]],[[[140.94354,41.72815],[140.94345,41.72835],[140.94328,41.72814],[140.94354,41.72815]]],[[[140.94301,41.72827],[140.94284,41.72849],[140.94277,41.72827],[140.94301,41.72827]]],[[[140.93954,41.73047],[140.93954,41.73071],[140.93938,41.73066],[140.93954,41.73047]]],[[[140.93942,41.73097],[140.93878,41.73093],[140.93935,41.73069],[140.93951,41.73074],[140.9397,41.73054],[140.93942,41.73097]]],[[[140.93895,41.73118],[140.93874,41.73126],[140.93875,41.73106],[140.93895,41.73118]]],[[[140.93921,41.75892],[140.93822,41.75854],[140.93735,41.75869],[140.93684,41.75881],[140.9362,41.75876],[140.93696,41.75802],[140.93765,41.75754],[140.93846,41.7572],[140.93888,41.75707],[140.93927,41.7572],[140.93936,41.75721],[140.94043,41.75673],[140.93965,41.75553],[140.93937,41.75511],[140.93849,41.7535],[140.93772,41.75278],[140.93628,41.7507],[140.93462,41.75027],[140.93321,41.7501],[140.93263,41.74997],[140.93195,41.74888],[140.93195,41.74874],[140.93089,41.74777],[140.93298,41.74575],[140.93408,41.74361],[140.93423,41.74248],[140.93339,41.74077],[140.93233,41.73967],[140.93227,41.73896],[140.93066,41.73847],[140.92979,41.73891],[140.92861,41.73767],[140.93188,41.73576],[140.93407,41.73492],[140.93459,41.73355],[140.93716,41.73267],[140.93806,41.73133],[140.93841,41.73137],[140.93996,41.73092],[140.93997,41.73046],[140.94066,41.73062],[140.94044,41.73007],[140.94248,41.72883],[140.94319,41.72894],[140.94491,41.72715],[140.94569,41.72573],[140.94688,41.72539],[140.94731,41.72398],[140.94812,41.72399],[140.94807,41.7229],[140.94879,41.72293],[140.9495,41.72317],[140.95027,41.72306],[140.9509,41.72381],[140.95197,41.72408],[140.95185,41.72478],[140.95179,41.72584],[140.95225,41.72693],[140.95258,41.72942],[140.95261,41.73167],[140.95221,41.73331],[140.95225,41.73361],[140.95237,41.73398],[140.95226,41.73459],[140.95192,41.7351],[140.95143,41.73575],[140.95053,41.73709],[140.95015,41.7385],[140.94939,41.73919],[140.94886,41.7398],[140.94892,41.7408],[140.94929,41.74186],[140.94953,41.74247],[140.95003,41.74418],[140.95033,41.74572],[140.95035,41.74708],[140.95027,41.74799],[140.95004,41.74884],[140.94959,41.74961],[140.94954,41.7506],[140.94945,41.75111],[140.94928,41.75243],[140.94789,41.7534],[140.94711,41.75447],[140.94639,41.75526],[140.94679,41.75611],[140.94743,41.75621],[140.94865,41.75576],[140.94936,41.75602],[140.94821,41.75693],[140.94582,41.75775],[140.94419,41.75864],[140.94396,41.7593],[140.94411,41.75966],[140.94416,41.76017],[140.94312,41.76023],[140.93921,41.75892]]]]}},{"type":"Feature","properties":{"m":"汐首町","b":[140.9488,41.7102,140.9664,41.7336],"c":[140.95832,41.7216],"k":"しおくびちょう"},"geometry":{"type":"MultiPolygon","coordinates":[[[[140.95312,41.71428],[140.95335,41.71454],[140.95311,41.71442],[140.95312,41.71428]]],[[[140.95258,41.72942],[140.95225,41.72693],[140.95179,41.72584],[140.95185,41.72478],[140.95197,41.72408],[140.9509,41.72381],[140.95027,41.72306],[140.9495,41.72317],[140.94879,41.72293],[140.949,41.72204],[140.94976,41.72194],[140.95009,41.7208],[140.94989,41.72061],[140.95066,41.71972],[140.95093,41.71776],[140.95039,41.71653],[140.95053,41.71484],[140.9513,41.71538],[140.95367,41.71459],[140.9543,41.71365],[140.95718,41.7122],[140.95677,41.71133],[140.95795,41.71224],[140.95972,41.71188],[140.96158,41.71079],[140.9657,41.71027],[140.9657,41.71032],[140.96606,41.71069],[140.96576,41.71119],[140.96607,41.71164],[140.96607,41.71197],[140.9664,41.71233],[140.96644,41.71233],[140.96628,41.71298],[140.96624,41.71311],[140.96636,41.71383],[140.96636,41.71419],[140.966,41.71474],[140.96551,41.71491],[140.96549,41.71542],[140.9655,41.71636],[140.96542,41.71745],[140.96542,41.71791],[140.96554,41.72041],[140.9656,41.72284],[140.96534,41.72387],[140.96489,41.72458],[140.96365,41.72535],[140.9623,41.72554],[140.96199,41.7256],[140.96182,41.7259],[140.9626,41.72619],[140.96392,41.72677],[140.96452,41.72779],[140.96495,41.7291],[140.96432,41.7299],[140.96263,41.73058],[140.96191,41.7308],[140.96064,41.73116],[140.95974,41.73156],[140.95833,41.73213],[140.95762,41.7326],[140.95732,41.73284],[140.95601,41.73342],[140.95549,41.73343],[140.95447,41.73355],[140.95259,41.73341],[140.95221,41.73331],[140.95261,41.73167],[140.95258,41.72942]]],[[[140.95058,41.71884],[140.95071,41.71899],[140.95043,41.71888],[140.95058,41.71884]]],[[[140.95072,41.71786],[140.9508,41.71798],[140.95068,41.7179],[140.95072,41.71786]]],[[[140.95,41.72082],[140.95003,41.72093],[140.94974,41.72087],[140.95,41.72082]]],[[[140.94981,41.72146],[140.94986,41.72155],[140.94975,41.72151],[140.94981,41.72146]]],[[[140.95218,41.71462],[140.95217,41.71478],[140.95194,41.71475],[140.95218,41.71462]]],[[[140.95059,41.71708],[140.95067,41.71718],[140.95025,41.71703],[140.95059,41.71708]]],[[[140.9506,41.71722],[140.9507,41.71735],[140.95053,41.71726],[140.9506,41.71722]]],[[[140.94979,41.72173],[140.94943,41.7217],[140.94975,41.72161],[140.94979,41.72173]]],[[[140.94999,41.72023],[140.95008,41.72036],[140.94993,41.72028],[140.94999,41.72023]]],[[[140.96401,41.71018],[140.96402,41.71023],[140.96394,41.71019],[140.96401,41.71018]]],[[[140.96372,41.7102],[140.96378,41.71029],[140.96366,41.71027],[140.96372,41.7102]]]]}},{"type":"Feature","properties":{"m":"瀬田来町","b":[140.956,41.7098,140.9909,41.7451],"c":[140.97421,41.72715],"k":"せたらいちょう"},"geometry":{"type":"MultiPolygon","coordinates":[[[[140.98672,41.71516],[140.98686,41.71541],[140.98672,41.7154],[140.98672,41.71516]]],[[[140.97854,41.71294],[140.97859,41.71302],[140.97834,41.71305],[140.97854,41.71294]]],[[[140.96604,41.70982],[140.96603,41.70988],[140.96598,41.70984],[140.96604,41.70982]]],[[[140.96802,41.70989],[140.96808,41.71003],[140.96799,41.71],[140.96802,41.70989]]],[[[140.96865,41.70985],[140.96928,41.71011],[140.96912,41.71028],[140.96865,41.70985]]],[[[140.96955,41.71019],[140.96968,41.71026],[140.9696,41.71032],[140.96955,41.71019]]],[[[140.96979,41.7105],[140.96988,41.71064],[140.96974,41.71061],[140.96979,41.7105]]],[[[140.97108,41.71072],[140.97067,41.71068],[140.9709,41.71054],[140.97108,41.71072]]],[[[140.97071,41.71086],[140.97075,41.71096],[140.97054,41.71094],[140.97071,41.71086]]],[[[140.97223,41.7111],[140.97233,41.71116],[140.97213,41.71122],[140.97223,41.7111]]],[[[140.98248,41.71353],[140.98254,41.71363],[140.98244,41.71367],[140.98248,41.71353]]],[[[140.98298,41.71356],[140.98303,41.71367],[140.98288,41.71366],[140.98298,41.71356]]],[[[140.98194,41.71375],[140.98198,41.71384],[140.98186,41.71386],[140.98194,41.71375]]],[[[140.99005,41.71549],[140.99014,41.71573],[140.99002,41.71575],[140.99005,41.71549]]],[[[140.99049,41.71638],[140.99068,41.71642],[140.99063,41.71651],[140.99049,41.71638]]],[[[140.95732,41.73284],[140.95762,41.7326],[140.95833,41.73213],[140.95974,41.73156],[140.96064,41.73116],[140.96191,41.7308],[140.96263,41.73058],[140.96432,41.7299],[140.96495,41.7291],[140.96452,41.72779],[140.96392,41.72677],[140.9626,41.72619],[140.96182,41.7259],[140.96199,41.7256],[140.9623,41.72554],[140.96365,41.72535],[140.96489,41.72458],[140.96534,41.72387],[140.9656,41.72284],[140.96554,41.72041],[140.96542,41.71791],[140.96542,41.71745],[140.9655,41.71636],[140.96549,41.71542],[140.96551,41.71491],[140.966,41.71474],[140.96636,41.71419],[140.96636,41.71383],[140.96624,41.71311],[140.96628,41.71298],[140.96644,41.71233],[140.9664,41.71233],[140.96607,41.71197],[140.96607,41.71164],[140.96576,41.71119],[140.96606,41.71069],[140.9657,41.71032],[140.9657,41.71027],[140.96841,41.71016],[140.97041,41.71138],[140.97228,41.71158],[140.97535,41.71246],[140.97585,41.71312],[140.98077,41.71405],[140.9826,41.71392],[140.98373,41.71424],[140.98465,41.71539],[140.98699,41.71548],[140.98826,41.71522],[140.98893,41.71591],[140.99093,41.71666],[140.99012,41.7189],[140.98819,41.72027],[140.98746,41.72115],[140.98607,41.72147],[140.98432,41.72256],[140.98342,41.72492],[140.98431,41.72728],[140.98431,41.72831],[140.98514,41.72959],[140.98414,41.73185],[140.9844,41.73256],[140.98394,41.73415],[140.98291,41.73597],[140.98279,41.73878],[140.97991,41.7409],[140.97663,41.74512],[140.97578,41.74457],[140.9755,41.74437],[140.97442,41.74373],[140.97287,41.74314],[140.97177,41.74295],[140.97006,41.74258],[140.96634,41.74225],[140.96593,41.74201],[140.966,41.74163],[140.96609,41.74065],[140.96638,41.73964],[140.9663,41.739],[140.96601,41.73784],[140.9652,41.73746],[140.96388,41.73683],[140.96117,41.73552],[140.96004,41.73504],[140.95841,41.7343],[140.95713,41.73384],[140.95657,41.73367],[140.95601,41.73342],[140.95732,41.73284]]],[[[140.96645,41.70991],[140.9662,41.70992],[140.96613,41.70979],[140.96645,41.70991]]],[[[140.96651,41.70987],[140.96649,41.70992],[140.96646,41.70989],[140.96651,41.70987]]],[[[140.97476,41.71166],[140.97487,41.71172],[140.97461,41.71177],[140.97476,41.71166]]],[[[140.9725,41.7112],[140.97259,41.7113],[140.9724,41.71125],[140.9725,41.7112]]],[[[140.97555,41.71218],[140.97515,41.71203],[140.97572,41.71204],[140.97555,41.71218]]],[[[140.96889,41.70978],[140.96911,41.71],[140.96882,41.70991],[140.96889,41.70978]]],[[[140.97556,41.71224],[140.97571,41.71244],[140.97552,41.71241],[140.97556,41.71224]]],[[[140.97719,41.71263],[140.9773,41.71265],[140.97714,41.71274],[140.97719,41.71263]]],[[[140.9779,41.7128],[140.97824,41.71313],[140.97803,41.7131],[140.9779,41.7128]]],[[[140.98013,41.71319],[140.97999,41.713],[140.98024,41.71305],[140.98013,41.71319]]],[[[140.97873,41.71329],[140.97871,41.7134],[140.97864,41.71335],[140.97873,41.71329]]],[[[140.98068,41.71337],[140.98069,41.71346],[140.98055,41.71339],[140.98068,41.71337]]]]}},{"type":"Feature","properties":{"m":"弁才町","b":[140.9766,41.7147,140.9994,41.7472],"c":[140.98831,41.73079],"k":"べんざいちょう"},"geometry":{"type":"MultiPolygon","coordinates":[[[[140.99682,41.71473],[140.99676,41.71504],[140.99666,41.71478],[140.99682,41.71473]]],[[[140.99093,41.71666],[140.99152,41.71726],[140.99284,41.71756],[140.99559,41.71702],[140.99703,41.71472],[140.99764,41.7152],[140.99776,41.71636],[140.99938,41.71697],[140.99848,41.71762],[140.99872,41.71923],[140.99677,41.72272],[140.99527,41.72634],[140.99374,41.72767],[140.99221,41.72958],[140.99151,41.73196],[140.99246,41.73599],[140.99201,41.73645],[140.9913,41.73728],[140.99048,41.73794],[140.98986,41.73905],[140.98931,41.73941],[140.98847,41.74017],[140.9882,41.7406],[140.98717,41.74172],[140.98662,41.74248],[140.98592,41.74318],[140.98535,41.74499],[140.98516,41.74573],[140.9845,41.74654],[140.98345,41.7468],[140.98289,41.74694],[140.98186,41.74718],[140.98003,41.74666],[140.97916,41.74621],[140.97818,41.74603],[140.97698,41.74563],[140.97663,41.74512],[140.97991,41.7409],[140.98279,41.73878],[140.98291,41.73597],[140.98394,41.73415],[140.9844,41.73256],[140.98414,41.73185],[140.98514,41.72959],[140.98431,41.72831],[140.98431,41.72728],[140.98342,41.72492],[140.98432,41.72256],[140.98607,41.72147],[140.98746,41.72115],[140.98819,41.72027],[140.99012,41.7189],[140.99093,41.71666]]]]}},{"type":"Feature","properties":{"m":"泊町","b":[140.9967,41.7135,141.0052,41.7192],"c":[141.00079,41.71624],"k":"とまりまち"},"geometry":{"type":"MultiPolygon","coordinates":[[[[141.00329,41.71482],[141.00322,41.71506],[141.00303,41.71493],[141.00329,41.71482]]],[[[141.00449,41.71494],[141.00445,41.71507],[141.00439,41.71498],[141.00449,41.71494]]],[[[140.99703,41.71472],[140.99904,41.71431],[141.00058,41.71478],[141.00516,41.71555],[141.00484,41.7167],[141.0037,41.71672],[141.00268,41.71754],[141.00053,41.71769],[140.99872,41.71923],[140.99848,41.71762],[140.99938,41.71697],[140.99776,41.71636],[140.99764,41.7152],[140.99703,41.71472]]],[[[140.99719,41.71387],[140.99672,41.71373],[140.99749,41.71371],[140.99719,41.71387]]],[[[140.99954,41.71402],[140.99914,41.71402],[140.99967,41.71386],[140.99954,41.71402]]],[[[141.00217,41.71407],[141.00203,41.71432],[141.00199,41.71413],[141.00217,41.71407]]],[[[141.00256,41.71458],[141.00263,41.71463],[141.00248,41.71468],[141.00256,41.71458]]],[[[141.00258,41.71425],[141.00271,41.71433],[141.00256,41.71435],[141.00258,41.71425]]],[[[141.00504,41.71448],[141.00516,41.71456],[141.00507,41.7146],[141.00504,41.71448]]],[[[141.00021,41.71417],[141.00048,41.71456],[141.00009,41.71428],[141.00021,41.71417]]],[[[141.00438,41.71451],[141.00445,41.71473],[141.00428,41.7146],[141.00438,41.71451]]],[[[141.00176,41.71472],[141.00175,41.71473],[141.00161,41.71459],[141.00176,41.71472]]],[[[140.9969,41.7144],[140.99697,41.7147],[140.99674,41.7146],[140.9969,41.7144]]],[[[140.99762,41.71354],[140.99692,41.7137],[140.99683,41.71355],[140.99762,41.71354]]],[[[140.99749,41.71381],[140.99749,41.71384],[140.99733,41.71384],[140.99749,41.71381]]],[[[141.0043,41.71472],[141.00417,41.71481],[141.00416,41.71475],[141.0043,41.71472]]],[[[141.00296,41.71465],[141.00301,41.71476],[141.00287,41.71471],[141.00296,41.71465]]]]}},{"type":"Feature","properties":{"m":"館町","b":[140.9915,41.7151,141.0088,41.736],"c":[140.99901,41.72536],"k":"たてまち"},"geometry":{"type":"MultiPolygon","coordinates":[[[[140.99872,41.71923],[141.00053,41.71769],[141.00268,41.71754],[141.0037,41.71672],[141.00484,41.7167],[141.00516,41.71555],[141.00733,41.71533],[141.00701,41.71641],[141.00876,41.71695],[141.00879,41.71828],[141.0058,41.71906],[141.00423,41.72058],[141.00392,41.72169],[141.00298,41.7227],[141.00263,41.72373],[141.00247,41.72686],[141.00217,41.72757],[141.00087,41.7284],[140.99946,41.73014],[140.99953,41.73152],[140.99769,41.73188],[140.99679,41.73262],[140.9954,41.73451],[140.99246,41.73599],[140.99151,41.73196],[140.99221,41.72958],[140.99374,41.72767],[140.99527,41.72634],[140.99677,41.72272],[140.99872,41.71923]]],[[[141.00577,41.71509],[141.00586,41.71526],[141.00568,41.71519],[141.00577,41.71509]]],[[[141.00621,41.7151],[141.00612,41.71534],[141.00599,41.71518],[141.00621,41.7151]]]]}},{"type":"Feature","properties":{"m":"浜町","b":[140.9925,41.7176,141.0304,41.7452],"c":[141.01238,41.73125],"k":"はまちょう"},"geometry":{"type":"MultiPolygon","coordinates":[[[[141.02962,41.71809],[141.02978,41.71835],[141.02944,41.71837],[141.02962,41.71809]]],[[[141.02271,41.71893],[141.02274,41.71903],[141.02258,41.71898],[141.02271,41.71893]]],[[[141.02173,41.71964],[141.02175,41.71973],[141.02162,41.71975],[141.02173,41.71964]]],[[[141.02152,41.7203],[141.02149,41.72043],[141.02133,41.72036],[141.02152,41.7203]]],[[[141.02155,41.72044],[141.02147,41.72068],[141.02138,41.72054],[141.02155,41.72044]]],[[[141.00879,41.71828],[141.00914,41.71893],[141.01081,41.72013],[141.01511,41.72212],[141.01731,41.72261],[141.02039,41.72236],[141.0218,41.72126],[141.02243,41.71911],[141.02415,41.71992],[141.02648,41.71947],[141.02762,41.71896],[141.02781,41.71803],[141.03036,41.71891],[141.02836,41.72041],[141.02534,41.72311],[141.02564,41.72422],[141.02385,41.72546],[141.02151,41.72652],[141.02165,41.72754],[141.02071,41.72846],[141.0213,41.72943],[141.02109,41.73111],[141.02029,41.7325],[141.02153,41.73363],[141.02168,41.73747],[141.02301,41.73863],[141.02518,41.73841],[141.02765,41.73885],[141.0262,41.74124],[141.02533,41.74224],[141.02317,41.74386],[141.02178,41.74518],[141.02071,41.74432],[141.02015,41.74389],[141.01864,41.74308],[141.01388,41.74152],[141.0125,41.74106],[141.01176,41.74085],[141.01028,41.74056],[141.00878,41.74038],[141.00819,41.74032],[141.00718,41.74013],[141.00595,41.73937],[141.00468,41.73903],[141.00266,41.7381],[141.00213,41.73791],[141.00099,41.73774],[140.99953,41.73712],[140.99848,41.73679],[140.9969,41.73653],[140.99558,41.73629],[140.99515,41.73622],[140.99414,41.73612],[140.99246,41.73599],[140.9954,41.73451],[140.99679,41.73262],[140.99769,41.73188],[140.99953,41.73152],[140.99946,41.73014],[141.00087,41.7284],[141.00217,41.72757],[141.00247,41.72686],[141.00263,41.72373],[141.00298,41.7227],[141.00392,41.72169],[141.00423,41.72058],[141.0058,41.71906],[141.00879,41.71828]]],[[[141.0286,41.71804],[141.02784,41.7179],[141.02817,41.71759],[141.0286,41.71804]]]]}},{"type":"Feature","properties":{"m":"新二見町","b":[141.0203,41.7189,141.0335,41.7386],"c":[141.02582,41.72832],"k":"しんふたみちょう"},"geometry":{"type":"MultiPolygon","coordinates":[[[[141.03036,41.71891],[141.02907,41.72087],[141.02941,41.72194],[141.02988,41.72254],[141.03066,41.72313],[141.03104,41.72404],[141.03355,41.72649],[141.03131,41.72774],[141.02947,41.72836],[141.02698,41.72871],[141.02494,41.72939],[141.02432,41.7302],[141.02394,41.73196],[141.0246,41.73528],[141.02427,41.73688],[141.02518,41.73841],[141.02301,41.73863],[141.02168,41.73747],[141.02153,41.73363],[141.02029,41.7325],[141.02109,41.73111],[141.0213,41.72943],[141.02071,41.72846],[141.02165,41.72754],[141.02151,41.72652],[141.02385,41.72546],[141.02564,41.72422],[141.02534,41.72311],[141.02836,41.72041],[141.03036,41.71891]]],[[[141.03127,41.72331],[141.03122,41.72336],[141.03096,41.72323],[141.03127,41.72331]]],[[[141.03194,41.72337],[141.03164,41.72354],[141.0316,41.72345],[141.03194,41.72337]]],[[[141.0319,41.72373],[141.03197,41.7238],[141.03175,41.7238],[141.0319,41.72373]]],[[[141.03124,41.72373],[141.0313,41.72383],[141.03116,41.72379],[141.03124,41.72373]]],[[[141.0319,41.72384],[141.03184,41.72397],[141.03157,41.72391],[141.0319,41.72384]]],[[[141.03144,41.72393],[141.03155,41.72402],[141.03132,41.72408],[141.03144,41.72393]]],[[[141.03147,41.7241],[141.03156,41.72422],[141.03143,41.72425],[141.03147,41.7241]]],[[[141.03043,41.71931],[141.0306,41.71967],[141.03029,41.71933],[141.03043,41.71931]]],[[[141.03015,41.72055],[141.03022,41.72061],[141.02997,41.72069],[141.03015,41.72055]]],[[[141.02952,41.72111],[141.02941,41.72134],[141.02929,41.72125],[141.02952,41.72111]]],[[[141.02956,41.72128],[141.02957,41.72138],[141.02948,41.72139],[141.02956,41.72128]]],[[[141.03018,41.7222],[141.03026,41.72225],[141.03015,41.72228],[141.03018,41.7222]]],[[[141.02988,41.72219],[141.02991,41.72226],[141.02972,41.72226],[141.02988,41.72219]]],[[[141.03005,41.72225],[141.03008,41.72237],[141.02988,41.72236],[141.03005,41.72225]]]]}},{"type":"Feature","properties":{"m":"原木町","b":[141.0093,41.725,141.0533,41.7645],"c":[141.03031,41.745],"k":"はらきちょう"},"geometry":{"type":"MultiPolygon","coordinates":[[[[141.05021,41.72583],[141.05016,41.72596],[141.05006,41.72592],[141.05021,41.72583]]],[[[141.04482,41.72534],[141.04509,41.72565],[141.04483,41.72565],[141.04482,41.72534]]],[[[141.05017,41.72564],[141.05007,41.72579],[141.04992,41.72565],[141.05017,41.72564]]],[[[141.04464,41.72553],[141.0447,41.7257],[141.04457,41.72565],[141.04464,41.72553]]],[[[141.05112,41.72602],[141.05125,41.72614],[141.05105,41.72619],[141.05112,41.72602]]],[[[141.0437,41.72598],[141.04374,41.7261],[141.04361,41.72604],[141.0437,41.72598]]],[[[141.03487,41.72658],[141.03494,41.7267],[141.03482,41.72673],[141.03487,41.72658]]],[[[141.03816,41.72669],[141.03837,41.72675],[141.03836,41.72696],[141.03816,41.72669]]],[[[141.04117,41.72684],[141.0413,41.72687],[141.0412,41.727],[141.04117,41.72684]]],[[[141.03858,41.72688],[141.03871,41.72703],[141.03848,41.72707],[141.03858,41.72688]]],[[[141.03536,41.72698],[141.03538,41.72714],[141.03517,41.72706],[141.03536,41.72698]]],[[[141.04169,41.72696],[141.04182,41.72717],[141.04154,41.72718],[141.04169,41.72696]]],[[[141.0387,41.72715],[141.03859,41.72709],[141.03877,41.72705],[141.0387,41.72715]]],[[[141.04085,41.72718],[141.04107,41.72734],[141.04081,41.72731],[141.04085,41.72718]]],[[[141.04183,41.7272],[141.04195,41.7274],[141.04172,41.7273],[141.04183,41.7272]]],[[[141.03806,41.72696],[141.03871,41.72735],[141.0384,41.72736],[141.03806,41.72696]]],[[[141.03891,41.72719],[141.03893,41.72738],[141.03872,41.72724],[141.03891,41.72719]]],[[[141.0425,41.72731],[141.04267,41.72749],[141.04243,41.72738],[141.0425,41.72731]]],[[[141.03919,41.72724],[141.03901,41.72746],[141.039,41.72723],[141.03919,41.72724]]],[[[141.02518,41.73841],[141.02427,41.73688],[141.0246,41.73528],[141.02394,41.73196],[141.02432,41.7302],[141.02494,41.72939],[141.02698,41.72871],[141.02947,41.72836],[141.03131,41.72774],[141.03355,41.72649],[141.03717,41.72784],[141.03804,41.72746],[141.03853,41.72741],[141.03938,41.72788],[141.04322,41.72751],[141.04444,41.7257],[141.0457,41.72585],[141.04707,41.72532],[141.04942,41.72612],[141.04988,41.72572],[141.05001,41.72596],[141.05017,41.726],[141.05027,41.7259],[141.05062,41.72616],[141.05171,41.72633],[141.05269,41.72594],[141.05331,41.7266],[141.0493,41.72725],[141.047,41.7285],[141.04513,41.73035],[141.04493,41.7316],[141.04417,41.733],[141.04292,41.734],[141.04283,41.73462],[141.04161,41.73608],[141.03986,41.73703],[141.03832,41.73856],[141.03695,41.73924],[141.03623,41.7407],[141.0352,41.74122],[141.03446,41.7424],[141.03721,41.74565],[141.03742,41.74692],[141.03644,41.74766],[141.0356,41.74905],[141.03459,41.74951],[141.03467,41.75087],[141.03321,41.75186],[141.0336,41.75276],[141.0359,41.75335],[141.03772,41.75436],[141.03961,41.75464],[141.0422,41.75656],[141.04257,41.75716],[141.04219,41.75798],[141.04171,41.75868],[141.04109,41.75914],[141.03919,41.75962],[141.0378,41.76057],[141.03667,41.76113],[141.03561,41.76115],[141.03511,41.76179],[141.03437,41.76233],[141.03282,41.76317],[141.0324,41.76326],[141.03067,41.7644],[141.03022,41.76448],[141.02999,41.76418],[141.02927,41.7637],[141.02741,41.76295],[141.02671,41.76242],[141.02552,41.761],[141.02488,41.76052],[141.02367,41.76007],[141.02318,41.75886],[141.02298,41.75812],[141.02249,41.75647],[141.02244,41.75622],[141.02156,41.75499],[141.0173,41.75562],[141.01634,41.75567],[141.01487,41.7559],[141.01419,41.75605],[141.01284,41.75629],[141.01171,41.75608],[141.01054,41.75605],[141.00963,41.75577],[141.00927,41.75551],[141.00934,41.75497],[141.00972,41.75422],[141.00985,41.75393],[141.01063,41.75272],[141.01109,41.75194],[141.01164,41.75142],[141.01262,41.75075],[141.01389,41.75022],[141.016,41.74933],[141.0172,41.74879],[141.02005,41.7463],[141.02178,41.74518],[141.02317,41.74386],[141.02533,41.74224],[141.0262,41.74124],[141.02765,41.73885],[141.02518,41.73841]]],[[[141.04659,41.72527],[141.04629,41.72527],[141.04625,41.72498],[141.04659,41.72527]]],[[[141.04668,41.7253],[141.04666,41.72542],[141.04658,41.72531],[141.04668,41.7253]]],[[[141.0482,41.72559],[141.04721,41.72531],[141.04792,41.72518],[141.0482,41.72559]]]]}},{"type":"Feature","properties":{"m":"丸山町","b":[140.9433,41.7334,141.0302,41.7775],"c":[140.98684,41.75509],"k":"まるやまちょう"},"geometry":{"type":"Polygon","coordinates":[[[141.01157,41.7771],[141.00979,41.77679],[141.0083,41.77723],[141.00781,41.7771],[141.00762,41.77662],[141.00714,41.776],[141.00678,41.77581],[141.00608,41.77544],[141.00593,41.77525],[141.00518,41.77471],[141.00418,41.77412],[141.00387,41.77365],[141.00292,41.77325],[141.00108,41.77305],[141.00005,41.7726],[140.99928,41.77188],[140.9992,41.77165],[140.99945,41.77062],[140.99729,41.77021],[140.99713,41.77013],[140.99694,41.76992],[140.99673,41.76979],[140.9958,41.76955],[140.99539,41.76928],[140.99479,41.76879],[140.99415,41.76864],[140.9932,41.7687],[140.99196,41.76903],[140.99086,41.76974],[140.98913,41.7705],[140.9873,41.77076],[140.9852,41.77044],[140.98081,41.76943],[140.97946,41.76839],[140.97857,41.7674],[140.97834,41.76714],[140.97801,41.76688],[140.97731,41.76676],[140.977,41.76673],[140.97651,41.76653],[140.97617,41.76627],[140.97564,41.76597],[140.97539,41.76588],[140.97415,41.76566],[140.97386,41.76554],[140.97314,41.76488],[140.97248,41.76392],[140.97119,41.76364],[140.97021,41.76366],[140.96811,41.76379],[140.96747,41.76391],[140.96737,41.76386],[140.96716,41.76356],[140.96694,41.76362],[140.96536,41.76415],[140.96436,41.76475],[140.96385,41.76495],[140.96266,41.76474],[140.96094,41.76422],[140.96029,41.76438],[140.95929,41.7648],[140.9587,41.76481],[140.95828,41.76489],[140.95651,41.76563],[140.95568,41.76556],[140.95402,41.76484],[140.95365,41.76465],[140.95325,41.76411],[140.95305,41.76381],[140.95183,41.7637],[140.95121,41.76355],[140.95,41.76314],[140.9491,41.76334],[140.9483,41.76323],[140.948,41.76279],[140.94781,41.76273],[140.94676,41.76272],[140.94607,41.76239],[140.94454,41.76136],[140.944,41.76121],[140.94386,41.76113],[140.94325,41.76037],[140.94416,41.76017],[140.94411,41.75966],[140.94396,41.7593],[140.94419,41.75864],[140.94582,41.75775],[140.94821,41.75693],[140.94936,41.75602],[140.94865,41.75576],[140.94743,41.75621],[140.94679,41.75611],[140.94639,41.75526],[140.94711,41.75447],[140.94789,41.7534],[140.94928,41.75243],[140.94945,41.75111],[140.94954,41.7506],[140.94959,41.74961],[140.95004,41.74884],[140.95027,41.74799],[140.95035,41.74708],[140.95033,41.74572],[140.95003,41.74418],[140.94953,41.74247],[140.94929,41.74186],[140.94892,41.7408],[140.94886,41.7398],[140.94939,41.73919],[140.95015,41.7385],[140.95053,41.73709],[140.95143,41.73575],[140.95192,41.7351],[140.95226,41.73459],[140.95237,41.73398],[140.95225,41.73361],[140.95259,41.73341],[140.95447,41.73355],[140.95549,41.73343],[140.95601,41.73342],[140.95657,41.73367],[140.95713,41.73384],[140.95841,41.7343],[140.96004,41.73504],[140.96117,41.73552],[140.96388,41.73683],[140.9652,41.73746],[140.96601,41.73784],[140.9663,41.739],[140.96638,41.73964],[140.96609,41.74065],[140.966,41.74163],[140.96593,41.74201],[140.96634,41.74225],[140.97006,41.74258],[140.97177,41.74295],[140.97287,41.74314],[140.97442,41.74373],[140.9755,41.74437],[140.97578,41.74457],[140.97663,41.74512],[140.97698,41.74563],[140.97818,41.74603],[140.97916,41.74621],[140.98003,41.74666],[140.98186,41.74718],[140.98289,41.74694],[140.98345,41.7468],[140.9845,41.74654],[140.98516,41.74573],[140.98535,41.74499],[140.98592,41.74318],[140.98662,41.74248],[140.98717,41.74172],[140.9882,41.7406],[140.98847,41.74017],[140.98931,41.73941],[140.98986,41.73905],[140.99048,41.73794],[140.9913,41.73728],[140.99201,41.73645],[140.99246,41.73599],[140.99414,41.73612],[140.99515,41.73622],[140.99558,41.73629],[140.9969,41.73653],[140.99848,41.73679],[140.99953,41.73712],[141.00099,41.73774],[141.00213,41.73791],[141.00266,41.7381],[141.00468,41.73903],[141.00595,41.73937],[141.00718,41.74013],[141.00819,41.74032],[141.00878,41.74038],[141.01028,41.74056],[141.01176,41.74085],[141.0125,41.74106],[141.01388,41.74152],[141.01864,41.74308],[141.02015,41.74389],[141.02071,41.74432],[141.02178,41.74518],[141.02005,41.7463],[141.0172,41.74879],[141.016,41.74933],[141.01389,41.75022],[141.01262,41.75075],[141.01164,41.75142],[141.01109,41.75194],[141.01063,41.75272],[141.00985,41.75393],[141.00972,41.75422],[141.00934,41.75497],[141.00927,41.75551],[141.00963,41.75577],[141.01054,41.75605],[141.01171,41.75608],[141.01284,41.75629],[141.01419,41.75605],[141.01487,41.7559],[141.01634,41.75567],[141.0173,41.75562],[141.02156,41.75499],[141.02244,41.75622],[141.02249,41.75647],[141.02298,41.75812],[141.02318,41.75886],[141.02367,41.76007],[141.02488,41.76052],[141.02552,41.761],[141.02671,41.76242],[141.02741,41.76295],[141.02927,41.7637],[141.02999,41.76418],[141.03022,41.76448],[141.02987,41.76547],[141.02936,41.76658],[141.02713,41.76707],[141.02633,41.76706],[141.02549,41.76779],[141.02502,41.76837],[141.02395,41.76929],[141.02115,41.77065],[141.02058,41.77169],[141.02007,41.77266],[141.01939,41.77272],[141.01851,41.77262],[141.01702,41.7738],[141.0162,41.77445],[141.01497,41.77459],[141.01468,41.77459],[141.01447,41.77531],[141.01435,41.77555],[141.01307,41.77702],[141.01205,41.77755],[141.01157,41.7771]]]}},{"type":"Feature","properties":{"m":"小安山町","b":[140.9103,41.7457,140.9404,41.7652],"c":[140.92526,41.75551],"k":"おやすやまちょう"},"geometry":{"type":"Polygon","coordinates":[[[140.91966,41.76459],[140.91886,41.76361],[140.91848,41.76314],[140.91829,41.76298],[140.9178,41.76251],[140.91743,41.76172],[140.91559,41.76037],[140.91521,41.75982],[140.91513,41.75953],[140.91512,41.75875],[140.91433,41.75847],[140.91331,41.75836],[140.91244,41.75757],[140.9119,41.75727],[140.91098,41.75692],[140.91043,41.75688],[140.91027,41.7569],[140.91056,41.75598],[140.91094,41.75563],[140.91227,41.75452],[140.91281,41.75401],[140.91349,41.75329],[140.91423,41.75257],[140.9145,41.75232],[140.91497,41.75177],[140.91551,41.75072],[140.91694,41.7494],[140.91804,41.74927],[140.91961,41.74953],[140.91967,41.74901],[140.91995,41.74785],[140.92014,41.74761],[140.92075,41.74706],[140.92161,41.74646],[140.92219,41.74634],[140.92313,41.74665],[140.92346,41.74681],[140.92436,41.74691],[140.92552,41.74635],[140.92729,41.74566],[140.92854,41.74631],[140.93089,41.74777],[140.93195,41.74874],[140.93195,41.74888],[140.93263,41.74997],[140.93321,41.7501],[140.93462,41.75027],[140.93628,41.7507],[140.93772,41.75278],[140.93849,41.7535],[140.93937,41.75511],[140.93965,41.75553],[140.94043,41.75673],[140.93936,41.75721],[140.93927,41.7572],[140.93888,41.75707],[140.93846,41.7572],[140.93765,41.75754],[140.93696,41.75802],[140.9362,41.75876],[140.93575,41.75921],[140.93485,41.75947],[140.93414,41.75991],[140.93395,41.76061],[140.93355,41.76101],[140.93289,41.76116],[140.93203,41.7613],[140.9304,41.76226],[140.9294,41.76283],[140.92829,41.76361],[140.9271,41.76414],[140.92632,41.76476],[140.92536,41.76502],[140.92378,41.76521],[140.92356,41.76521],[140.91966,41.76459]]]}},{"type":"Feature","properties":{"m":"日浦町","b":[141.0332,41.7266,141.0696,41.7572],"c":[141.04603,41.74245],"k":"ひうらちょう"},"geometry":{"type":"Polygon","coordinates":[[[141.05331,41.7266],[141.05273,41.72785],[141.05215,41.72737],[141.05135,41.72793],[141.05106,41.73026],[141.05184,41.73036],[141.05073,41.73174],[141.05249,41.73457],[141.05349,41.73511],[141.05496,41.73489],[141.05541,41.73577],[141.0559,41.73486],[141.05942,41.73551],[141.06006,41.7374],[141.06135,41.73836],[141.06238,41.73845],[141.06327,41.73755],[141.06406,41.73792],[141.06563,41.73776],[141.06647,41.73828],[141.06842,41.73856],[141.06962,41.73953],[141.06833,41.74047],[141.06464,41.74058],[141.05932,41.73983],[141.05736,41.73913],[141.05427,41.73799],[141.0518,41.73668],[141.05157,41.73671],[141.05166,41.73702],[141.05168,41.73739],[141.05147,41.73741],[141.05034,41.73737],[141.05083,41.73795],[141.05136,41.74032],[141.05075,41.74207],[141.04974,41.74386],[141.05008,41.74428],[141.05062,41.74541],[141.04893,41.74611],[141.0486,41.747],[141.04961,41.74943],[141.04943,41.75153],[141.04844,41.75317],[141.04802,41.75366],[141.04698,41.75399],[141.04404,41.75596],[141.04257,41.75716],[141.0422,41.75656],[141.03961,41.75464],[141.03772,41.75436],[141.0359,41.75335],[141.0336,41.75276],[141.03321,41.75186],[141.03467,41.75087],[141.03459,41.74951],[141.0356,41.74905],[141.03644,41.74766],[141.03742,41.74692],[141.03721,41.74565],[141.03446,41.7424],[141.0352,41.74122],[141.03623,41.7407],[141.03695,41.73924],[141.03832,41.73856],[141.03986,41.73703],[141.04161,41.73608],[141.04283,41.73462],[141.04292,41.734],[141.04417,41.733],[141.04493,41.7316],[141.04513,41.73035],[141.047,41.7285],[141.0493,41.72725],[141.05331,41.7266]]]}},{"type":"Feature","properties":{"m":"豊浦町","b":[141.048,41.7391,141.0793,41.754],"c":[141.05888,41.74571],"k":"とようらちょう"},"geometry":{"type":"MultiPolygon","coordinates":[[[[141.07643,41.74145],[141.07646,41.7415],[141.07638,41.74157],[141.07643,41.74145]]],[[[141.07343,41.74124],[141.07346,41.74133],[141.0733,41.7413],[141.07343,41.74124]]],[[[141.07556,41.74129],[141.07528,41.7414],[141.0751,41.74125],[141.07556,41.74129]]],[[[141.07616,41.7414],[141.07619,41.74152],[141.07607,41.7415],[141.07616,41.7414]]],[[[141.07557,41.7416],[141.07501,41.74164],[141.07488,41.74144],[141.07557,41.7416]]],[[[141.07934,41.74292],[141.07927,41.74297],[141.0783,41.74225],[141.07934,41.74292]]],[[[141.06962,41.73953],[141.06923,41.74111],[141.07037,41.74143],[141.07226,41.74107],[141.07292,41.74146],[141.07456,41.74155],[141.0752,41.74205],[141.07651,41.74207],[141.07605,41.74295],[141.0749,41.74186],[141.0739,41.74217],[141.07556,41.74401],[141.07371,41.74433],[141.06937,41.74444],[141.06889,41.74443],[141.06824,41.74462],[141.06758,41.74479],[141.06675,41.74522],[141.06289,41.74604],[141.06044,41.74674],[141.05962,41.7469],[141.05933,41.74756],[141.05819,41.7478],[141.05794,41.74862],[141.05855,41.74995],[141.05843,41.75074],[141.05777,41.75158],[141.05713,41.75371],[141.05447,41.75396],[141.05115,41.75328],[141.04802,41.75366],[141.04844,41.75317],[141.04943,41.75153],[141.04961,41.74943],[141.0486,41.747],[141.04893,41.74611],[141.05062,41.74541],[141.05008,41.74428],[141.05096,41.74316],[141.05161,41.74284],[141.05302,41.7425],[141.05581,41.74194],[141.05679,41.74005],[141.05736,41.73913],[141.05932,41.73983],[141.06464,41.74058],[141.06833,41.74047],[141.06962,41.73953]]],[[[141.07355,41.74031],[141.07352,41.74098],[141.07266,41.74035],[141.07355,41.74031]]]]}},{"type":"Feature","properties":{"m":"大澗町","b":[141.0647,41.744,141.079,41.7519],"c":[141.07106,41.74767],"k":"おおまちょう"},"geometry":{"type":"MultiPolygon","coordinates":[[[[141.06758,41.74479],[141.06824,41.74462],[141.06889,41.74443],[141.06937,41.74444],[141.07371,41.74433],[141.07556,41.74401],[141.07661,41.74569],[141.07612,41.74858],[141.07662,41.75039],[141.07449,41.75038],[141.07356,41.75073],[141.07103,41.75104],[141.06758,41.75193],[141.0647,41.74567],[141.06675,41.74522],[141.06758,41.74479]]],[[[141.07904,41.7453],[141.0789,41.74539],[141.07882,41.74535],[141.07904,41.7453]]],[[[141.07821,41.74546],[141.07822,41.74553],[141.07805,41.74556],[141.07821,41.74546]]]]}},{"type":"Feature","properties":{"m":"中浜町","b":[141.0633,41.7504,141.0803,41.7632],"c":[141.07077,41.75653],"k":"なかはまちょう"},"geometry":{"type":"Polygon","coordinates":[[[141.07662,41.75039],[141.07865,41.75406],[141.07865,41.75477],[141.08027,41.75734],[141.07946,41.75763],[141.07624,41.75789],[141.07574,41.75841],[141.07137,41.76046],[141.07094,41.76183],[141.06858,41.76287],[141.06669,41.76324],[141.06327,41.76261],[141.06348,41.75757],[141.06412,41.75577],[141.06758,41.75193],[141.07103,41.75104],[141.07356,41.75073],[141.07449,41.75038],[141.07662,41.75039]]]}},{"type":"Feature","properties":{"m":"川上町","b":[141.0429,41.7607,141.091,41.8031],"c":[141.06861,41.7781],"k":"かわかみちょう"},"geometry":{"type":"Polygon","coordinates":[[[141.07094,41.76183],[141.07112,41.76246],[141.06934,41.76311],[141.07245,41.76288],[141.07311,41.76318],[141.07602,41.76084],[141.07777,41.76066],[141.0779,41.7622],[141.07842,41.76351],[141.07782,41.76483],[141.0778,41.76648],[141.07898,41.76789],[141.08045,41.76772],[141.08083,41.76679],[141.08249,41.76636],[141.08547,41.76607],[141.08917,41.76682],[141.09098,41.76793],[141.08876,41.77063],[141.08662,41.77296],[141.08481,41.77505],[141.08344,41.77723],[141.08044,41.78505],[141.0795,41.79072],[141.07899,41.79262],[141.07748,41.79463],[141.07481,41.79634],[141.06782,41.79912],[141.06493,41.80029],[141.06292,41.80132],[141.05899,41.80233],[141.05744,41.80275],[141.0571,41.80311],[141.05793,41.80026],[141.05986,41.79594],[141.0634,41.7936],[141.06386,41.79298],[141.06374,41.79236],[141.06242,41.79144],[141.06187,41.79034],[141.06196,41.78901],[141.06335,41.78278],[141.06348,41.77878],[141.06314,41.77697],[141.06201,41.77576],[141.06082,41.77508],[141.05866,41.77492],[141.05335,41.77615],[141.04778,41.77771],[141.04723,41.77727],[141.04643,41.77571],[141.04578,41.77442],[141.04459,41.77384],[141.04295,41.77228],[141.04293,41.7712],[141.04338,41.77058],[141.04956,41.76773],[141.05806,41.76419],[141.06327,41.76261],[141.06669,41.76324],[141.06858,41.76287],[141.07094,41.76183]]]}},{"type":"Feature","properties":{"m":"女那川町","b":[141.0693,41.7573,141.0959,41.7686],"c":[141.08284,41.76285],"k":"めながわちょう"},"geometry":{"type":"MultiPolygon","coordinates":[[[[141.09203,41.76215],[141.0917,41.76222],[141.09189,41.76192],[141.09203,41.76215]]],[[[141.09357,41.76377],[141.09349,41.76381],[141.0935,41.76376],[141.09357,41.76377]]],[[[141.09226,41.76497],[141.09242,41.76502],[141.09218,41.76504],[141.09226,41.76497]]],[[[141.09568,41.76732],[141.09574,41.76736],[141.09566,41.76739],[141.09568,41.76732]]],[[[141.09566,41.76744],[141.09585,41.76757],[141.09559,41.76752],[141.09566,41.76744]]],[[[141.08027,41.75734],[141.08195,41.75902],[141.08413,41.76013],[141.08516,41.75927],[141.08828,41.76022],[141.08777,41.76151],[141.08851,41.76128],[141.08901,41.76211],[141.0912,41.76213],[141.09212,41.7629],[141.09331,41.76236],[141.09329,41.76361],[141.09262,41.76477],[141.09146,41.76514],[141.09203,41.76579],[141.0914,41.76717],[141.0932,41.76735],[141.09402,41.76786],[141.09465,41.76727],[141.09542,41.76761],[141.0936,41.76831],[141.09215,41.76857],[141.0914,41.76837],[141.09098,41.76793],[141.08917,41.76682],[141.08547,41.76607],[141.08249,41.76636],[141.08083,41.76679],[141.08045,41.76772],[141.07898,41.76789],[141.0778,41.76648],[141.07782,41.76483],[141.07842,41.76351],[141.0779,41.7622],[141.07777,41.76066],[141.07602,41.76084],[141.07311,41.76318],[141.07245,41.76288],[141.06934,41.76311],[141.07112,41.76246],[141.07094,41.76183],[141.07137,41.76046],[141.07574,41.75841],[141.07624,41.75789],[141.07946,41.75763],[141.08027,41.75734]]],[[[141.089,41.76102],[141.089,41.76109],[141.08891,41.76108],[141.089,41.76102]]],[[[141.08875,41.76097],[141.08851,41.76114],[141.08854,41.76102],[141.08875,41.76097]]],[[[141.0894,41.76112],[141.08944,41.76123],[141.0893,41.7612],[141.0894,41.76112]]],[[[141.0896,41.76129],[141.08967,41.76135],[141.08954,41.76131],[141.0896,41.76129]]],[[[141.08721,41.7587],[141.08716,41.75877],[141.08664,41.75858],[141.08721,41.7587]]],[[[141.08812,41.76081],[141.08814,41.76089],[141.08803,41.76086],[141.08812,41.76081]]],[[[141.08834,41.76082],[141.08834,41.76091],[141.08826,41.76091],[141.08834,41.76082]]],[[[141.09222,41.76172],[141.09254,41.76189],[141.09213,41.76182],[141.09222,41.76172]]]]}},{"type":"Feature","properties":{"m":"高岱町","b":[141.0571,41.7679,141.1354,41.8573],"c":[141.0874,41.81304],"k":"たかだいちょう"},"geometry":{"type":"Polygon","coordinates":[[[141.08662,41.77296],[141.08876,41.77063],[141.09098,41.76793],[141.0914,41.76837],[141.09215,41.76857],[141.0936,41.76831],[141.09441,41.76873],[141.09466,41.76949],[141.09466,41.77121],[141.09603,41.77438],[141.099,41.77739],[141.10354,41.7831],[141.1048,41.78418],[141.10168,41.78793],[141.10144,41.78818],[141.10133,41.78851],[141.10114,41.78915],[141.1013,41.7898],[141.10138,41.79005],[141.1014,41.79029],[141.10135,41.79053],[141.10124,41.79075],[141.10117,41.79097],[141.1009,41.79121],[141.10067,41.79156],[141.10036,41.79236],[141.10043,41.79241],[141.10193,41.79181],[141.10266,41.79069],[141.10353,41.79092],[141.10414,41.79095],[141.10422,41.79049],[141.10436,41.79024],[141.10454,41.79012],[141.10473,41.78887],[141.10515,41.78839],[141.10531,41.78832],[141.10557,41.78854],[141.10563,41.78859],[141.10605,41.78886],[141.10671,41.78876],[141.10728,41.78842],[141.10765,41.78848],[141.10779,41.78861],[141.10823,41.78873],[141.10824,41.78808],[141.10919,41.78692],[141.11074,41.78647],[141.11188,41.7868],[141.11171,41.78752],[141.11124,41.7883],[141.11262,41.789],[141.11364,41.78924],[141.11462,41.78915],[141.1152,41.78931],[141.11653,41.78953],[141.11826,41.78977],[141.12003,41.79032],[141.12197,41.79056],[141.12595,41.79108],[141.12628,41.79115],[141.1263,41.79047],[141.12808,41.79035],[141.12881,41.79076],[141.12899,41.79089],[141.12969,41.79099],[141.13037,41.79084],[141.13071,41.79036],[141.13111,41.79006],[141.13171,41.7899],[141.13364,41.78937],[141.13418,41.78893],[141.13444,41.78776],[141.13473,41.7873],[141.13483,41.7869],[141.13471,41.7863],[141.13518,41.78671],[141.13544,41.78751],[141.13499,41.78911],[141.13434,41.7901],[141.13253,41.79202],[141.13056,41.79371],[141.12648,41.79578],[141.12509,41.79642],[141.12288,41.7981],[141.12229,41.7993],[141.12242,41.80082],[141.12349,41.8026],[141.12364,41.80377],[141.12313,41.8052],[141.12262,41.80686],[141.12217,41.80947],[141.12135,41.81253],[141.12108,41.81263],[141.12056,41.81364],[141.1199,41.8147],[141.11848,41.8147],[141.11831,41.81477],[141.11742,41.81472],[141.11689,41.81481],[141.11588,41.81497],[141.11561,41.81469],[141.11439,41.814],[141.11405,41.81335],[141.11289,41.81196],[141.11102,41.81138],[141.11041,41.81099],[141.10974,41.8116],[141.1085,41.8118],[141.10788,41.81167],[141.10739,41.81141],[141.10673,41.81116],[141.10533,41.81126],[141.10418,41.81164],[141.10365,41.81169],[141.10283,41.81151],[141.10248,41.81155],[141.09873,41.81294],[141.09828,41.81288],[141.09794,41.8128],[141.09499,41.81318],[141.09462,41.81503],[141.09411,41.81609],[141.09454,41.81983],[141.09408,41.82087],[141.09343,41.82222],[141.09325,41.82254],[141.09319,41.82325],[141.09343,41.82492],[141.09214,41.82744],[141.09202,41.82878],[141.09309,41.83144],[141.09373,41.83202],[141.09584,41.833],[141.09742,41.83368],[141.09751,41.83532],[141.09742,41.83609],[141.09526,41.83732],[141.09455,41.83799],[141.09325,41.83833],[141.09321,41.83886],[141.09459,41.84056],[141.09493,41.84131],[141.0947,41.84263],[141.0946,41.84414],[141.09523,41.84607],[141.09596,41.84677],[141.09596,41.84726],[141.09508,41.84892],[141.09381,41.8495],[141.0927,41.84961],[141.09208,41.85049],[141.09204,41.8519],[141.09072,41.85243],[141.09045,41.85405],[141.08979,41.85561],[141.08498,41.85735],[141.08345,41.85662],[141.08249,41.85532],[141.07632,41.85509],[141.07462,41.8539],[141.07225,41.85449],[141.07079,41.85411],[141.07028,41.85316],[141.06922,41.85289],[141.0684,41.85285],[141.06722,41.85183],[141.06565,41.85099],[141.06465,41.84744],[141.06559,41.84546],[141.06485,41.84445],[141.06544,41.84308],[141.06502,41.84143],[141.0655,41.84046],[141.06491,41.83833],[141.06494,41.8367],[141.0638,41.83453],[141.06074,41.82984],[141.06017,41.82838],[141.06007,41.8268],[141.06061,41.82383],[141.06023,41.82292],[141.05905,41.82195],[141.05839,41.81892],[141.05778,41.81778],[141.05791,41.8167],[141.05995,41.81484],[141.0603,41.81392],[141.05985,41.81205],[141.05765,41.8083],[141.05718,41.80702],[141.0571,41.80311],[141.05744,41.80275],[141.05899,41.80233],[141.06292,41.80132],[141.06493,41.80029],[141.06782,41.79912],[141.07481,41.79634],[141.07748,41.79463],[141.07899,41.79262],[141.0795,41.79072],[141.08044,41.78505],[141.08344,41.77723],[141.08481,41.77505],[141.08662,41.77296]]]}},{"type":"Feature","properties":{"m":"日ノ浜町","b":[141.0936,41.7675,141.113,41.7924],"c":[141.10336,41.78307],"k":"ひのはまちょう"},"geometry":{"type":"MultiPolygon","coordinates":[[[[141.09623,41.76748],[141.09631,41.76765],[141.0961,41.76772],[141.09623,41.76748]]],[[[141.09542,41.76761],[141.09584,41.76785],[141.09607,41.76946],[141.09554,41.77035],[141.09648,41.77029],[141.09558,41.77172],[141.0985,41.77532],[141.10294,41.77987],[141.10593,41.78256],[141.10899,41.7848],[141.11191,41.7861],[141.11297,41.7861],[141.11301,41.78672],[141.11179,41.78798],[141.11171,41.78752],[141.11188,41.7868],[141.11074,41.78647],[141.10919,41.78692],[141.10824,41.78808],[141.10823,41.78873],[141.10779,41.78861],[141.10765,41.78848],[141.10728,41.78842],[141.10671,41.78876],[141.10605,41.78886],[141.10563,41.78859],[141.10557,41.78854],[141.10531,41.78832],[141.10515,41.78839],[141.10473,41.78887],[141.10454,41.79012],[141.10436,41.79024],[141.10422,41.79049],[141.10414,41.79095],[141.10353,41.79092],[141.10266,41.79069],[141.10193,41.79181],[141.10043,41.79241],[141.10036,41.79236],[141.10067,41.79156],[141.1009,41.79121],[141.10117,41.79097],[141.10124,41.79075],[141.10135,41.79053],[141.1014,41.79029],[141.10138,41.79005],[141.1013,41.7898],[141.10114,41.78915],[141.10133,41.78851],[141.10144,41.78818],[141.10168,41.78793],[141.1048,41.78418],[141.10354,41.7831],[141.099,41.77739],[141.09603,41.77438],[141.09466,41.77121],[141.09466,41.76949],[141.09441,41.76873],[141.0936,41.76831],[141.09542,41.76761]]]]}},{"type":"Feature","properties":{"m":"古武井町","b":[141.1112,41.7859,141.1348,41.7912],"c":[141.12352,41.78902],"k":"こぶいちょう"},"geometry":{"type":"Polygon","coordinates":[[[141.13471,41.7863],[141.13483,41.7869],[141.13473,41.7873],[141.13444,41.78776],[141.13418,41.78893],[141.13364,41.78937],[141.13171,41.7899],[141.13111,41.79006],[141.13071,41.79036],[141.13037,41.79084],[141.12969,41.79099],[141.12899,41.79089],[141.12881,41.79076],[141.12808,41.79035],[141.1263,41.79047],[141.12628,41.79115],[141.12595,41.79108],[141.12197,41.79056],[141.12003,41.79032],[141.11826,41.78977],[141.11653,41.78953],[141.1152,41.78931],[141.11462,41.78915],[141.11364,41.78924],[141.11262,41.789],[141.11124,41.7883],[141.11179,41.78798],[141.11301,41.78672],[141.11429,41.78742],[141.11571,41.78743],[141.11873,41.78842],[141.11984,41.78826],[141.12363,41.78851],[141.12657,41.78901],[141.1298,41.78911],[141.13069,41.78809],[141.13249,41.78825],[141.13327,41.7879],[141.13354,41.78636],[141.13205,41.78595],[141.13425,41.78587],[141.13462,41.78597],[141.13471,41.7863]]]}},{"type":"Feature","properties":{"m":"柏野町","b":[141.1214,41.7853,141.1659,41.8139],"c":[141.1421,41.80041],"k":"かしわのちょう"},"geometry":{"type":"Polygon","coordinates":[[[141.12217,41.80947],[141.12262,41.80686],[141.12313,41.8052],[141.12364,41.80377],[141.12349,41.8026],[141.12242,41.80082],[141.12229,41.7993],[141.12288,41.7981],[141.12509,41.79642],[141.12648,41.79578],[141.13056,41.79371],[141.13253,41.79202],[141.13434,41.7901],[141.13499,41.78911],[141.13544,41.78751],[141.13518,41.78671],[141.13462,41.78597],[141.13497,41.78534],[141.13738,41.7853],[141.13821,41.78616],[141.13893,41.78767],[141.13914,41.78542],[141.14284,41.78705],[141.14474,41.78752],[141.14758,41.78722],[141.14795,41.78814],[141.14817,41.78927],[141.14988,41.7892],[141.15004,41.78922],[141.15133,41.7894],[141.15159,41.78947],[141.15215,41.78959],[141.1526,41.78967],[141.15261,41.78964],[141.15294,41.78938],[141.15375,41.78922],[141.16181,41.79117],[141.15987,41.79389],[141.15964,41.79459],[141.15965,41.79723],[141.16002,41.79841],[141.16078,41.79985],[141.16264,41.80195],[141.16367,41.80293],[141.16591,41.8048],[141.15924,41.81025],[141.15025,41.80689],[141.14888,41.80671],[141.1466,41.80792],[141.14673,41.8089],[141.14594,41.80834],[141.14315,41.80957],[141.14294,41.81009],[141.14242,41.80986],[141.13849,41.81172],[141.13376,41.81394],[141.1233,41.81273],[141.12135,41.81253],[141.12217,41.80947]]]}},{"type":"Feature","properties":{"m":"恵山町","b":[141.1343,41.7832,141.1645,41.7938],"c":[141.15132,41.78722],"k":"えさんちょう"},"geometry":{"type":"MultiPolygon","coordinates":[[[[141.15602,41.78403],[141.15612,41.78413],[141.15555,41.78414],[141.15602,41.78403]]],[[[141.13425,41.78587],[141.13477,41.7844],[141.13582,41.78375],[141.13897,41.78359],[141.14104,41.7847],[141.14236,41.78508],[141.14556,41.78486],[141.14675,41.78438],[141.1472,41.78477],[141.15052,41.78497],[141.15457,41.78451],[141.15773,41.78539],[141.15962,41.7871],[141.16265,41.78943],[141.16291,41.79032],[141.16402,41.7917],[141.16452,41.79324],[141.16378,41.79382],[141.16171,41.79138],[141.16181,41.79117],[141.15375,41.78922],[141.15294,41.78938],[141.15261,41.78964],[141.1526,41.78967],[141.15215,41.78959],[141.15159,41.78947],[141.15133,41.7894],[141.15004,41.78922],[141.14988,41.7892],[141.14817,41.78927],[141.14795,41.78814],[141.14758,41.78722],[141.14474,41.78752],[141.14284,41.78705],[141.13914,41.78542],[141.13893,41.78767],[141.13821,41.78616],[141.13738,41.7853],[141.13497,41.78534],[141.13462,41.78597],[141.13425,41.78587]]],[[[141.1396,41.78322],[141.13969,41.78338],[141.13947,41.78328],[141.1396,41.78322]]],[[[141.15599,41.78381],[141.15602,41.78394],[141.15589,41.78387],[141.15599,41.78381]]],[[[141.15569,41.78386],[141.15566,41.78397],[141.15558,41.78387],[141.15569,41.78386]]],[[[141.15629,41.78389],[141.15628,41.78401],[141.1562,41.78394],[141.15629,41.78389]]]]}},{"type":"Feature","properties":{"m":"御崎町","b":[141.1596,41.7914,141.186,41.8048],"c":[141.17031,41.7996],"k":"みさきちょう"},"geometry":{"type":"MultiPolygon","coordinates":[[[[141.17714,41.79839],[141.17725,41.79842],[141.17724,41.79855],[141.17714,41.79839]]],[[[141.16367,41.80293],[141.16264,41.80195],[141.16078,41.79985],[141.16002,41.79841],[141.15965,41.79723],[141.15964,41.79459],[141.15987,41.79389],[141.16171,41.79138],[141.16378,41.79382],[141.16452,41.79324],[141.16779,41.79465],[141.1711,41.79566],[141.17119,41.79538],[141.17431,41.79585],[141.17542,41.79721],[141.17761,41.79893],[141.17898,41.79854],[141.18088,41.79908],[141.18189,41.79997],[141.18596,41.80183],[141.18015,41.80427],[141.16871,41.80468],[141.16591,41.8048],[141.16367,41.80293]]],[[[141.17489,41.79603],[141.17488,41.79609],[141.1748,41.79604],[141.17489,41.79603]]],[[[141.175,41.7959],[141.17502,41.79599],[141.17493,41.79595],[141.175,41.7959]]],[[[141.17676,41.79766],[141.17686,41.79768],[141.17667,41.7978],[141.17676,41.79766]]]]}},{"type":"Feature","properties":{"m":"日和山町","b":[140.9987,41.7457,141.0692,41.8535],"c":[141.03634,41.80485],"k":"ひよりやまちょう"},"geometry":{"type":"Polygon","coordinates":[[[141.0051,41.83917],[141.00387,41.83777],[141.00212,41.83707],[141.00027,41.83624],[141.0001,41.836],[141.00039,41.83579],[141.00178,41.83556],[141.00238,41.83507],[141.00268,41.83474],[141.00343,41.83367],[141.0031,41.83253],[141.00151,41.83076],[141.00049,41.82929],[141.00013,41.82893],[140.99903,41.82857],[140.99867,41.82827],[141.00011,41.82662],[141.00031,41.82584],[140.99973,41.82288],[141.00006,41.82197],[141.00035,41.82093],[141.00035,41.8203],[141.00062,41.81989],[141.00102,41.81955],[141.00307,41.81785],[141.00413,41.81602],[141.0059,41.81498],[141.00578,41.8141],[141.00556,41.81285],[141.00641,41.81092],[141.0078,41.80904],[141.0082,41.80826],[141.00816,41.80741],[141.00858,41.80682],[141.00889,41.8049],[141.00948,41.80366],[141.01047,41.8029],[141.01127,41.80284],[141.01202,41.8024],[141.01308,41.80169],[141.01517,41.79958],[141.01628,41.79902],[141.01616,41.79876],[141.01571,41.7979],[141.01564,41.79747],[141.01642,41.79685],[141.01713,41.79624],[141.01794,41.79555],[141.01833,41.79514],[141.0184,41.7945],[141.01801,41.79345],[141.01729,41.7931],[141.01559,41.79262],[141.0145,41.79181],[141.01252,41.78928],[141.01191,41.78871],[141.01164,41.78786],[141.01249,41.78687],[141.0133,41.78519],[141.01333,41.78458],[141.01311,41.78383],[141.01388,41.78297],[141.01408,41.78196],[141.01395,41.78148],[141.01275,41.7811],[141.01182,41.78032],[141.01246,41.7794],[141.01205,41.77755],[141.01307,41.77702],[141.01435,41.77555],[141.01447,41.77531],[141.01468,41.77459],[141.01497,41.77459],[141.0162,41.77445],[141.01702,41.7738],[141.01851,41.77262],[141.01939,41.77272],[141.02007,41.77266],[141.02058,41.77169],[141.02115,41.77065],[141.02395,41.76929],[141.02502,41.76837],[141.02549,41.76779],[141.02633,41.76706],[141.02713,41.76707],[141.02936,41.76658],[141.02987,41.76547],[141.03067,41.7644],[141.0324,41.76326],[141.03282,41.76317],[141.03437,41.76233],[141.03511,41.76179],[141.03561,41.76115],[141.03667,41.76113],[141.0378,41.76057],[141.03919,41.75962],[141.04109,41.75914],[141.04171,41.75868],[141.04219,41.75798],[141.04257,41.75716],[141.04404,41.75596],[141.04698,41.75399],[141.04802,41.75366],[141.05115,41.75328],[141.05447,41.75396],[141.05713,41.75371],[141.05777,41.75158],[141.05843,41.75074],[141.05855,41.74995],[141.05794,41.74862],[141.05819,41.7478],[141.05933,41.74756],[141.05962,41.7469],[141.06044,41.74674],[141.0647,41.74567],[141.06758,41.75193],[141.06412,41.75577],[141.06348,41.75757],[141.06327,41.76261],[141.05806,41.76419],[141.04956,41.76773],[141.04338,41.77058],[141.04293,41.7712],[141.04295,41.77228],[141.04459,41.77384],[141.04578,41.77442],[141.04643,41.77571],[141.04723,41.77727],[141.04778,41.77771],[141.05335,41.77615],[141.05866,41.77492],[141.06082,41.77508],[141.06201,41.77576],[141.06314,41.77697],[141.06348,41.77878],[141.06335,41.78278],[141.06196,41.78901],[141.06187,41.79034],[141.06242,41.79144],[141.06374,41.79236],[141.06386,41.79298],[141.0634,41.7936],[141.05986,41.79594],[141.05793,41.80026],[141.0571,41.80311],[141.05718,41.80702],[141.05765,41.8083],[141.05985,41.81205],[141.0603,41.81392],[141.05995,41.81484],[141.05791,41.8167],[141.05778,41.81778],[141.05839,41.81892],[141.05905,41.82195],[141.06023,41.82292],[141.06061,41.82383],[141.06007,41.8268],[141.06017,41.82838],[141.06074,41.82984],[141.0638,41.83453],[141.06494,41.8367],[141.06491,41.83833],[141.0655,41.84046],[141.06502,41.84143],[141.06544,41.84308],[141.06485,41.84445],[141.06559,41.84546],[141.06465,41.84744],[141.06565,41.85099],[141.06722,41.85183],[141.0684,41.85285],[141.06922,41.85289],[141.06778,41.85352],[141.06567,41.85353],[141.06372,41.85226],[141.06335,41.85078],[141.0616,41.84902],[141.06309,41.84741],[141.06071,41.84603],[141.05771,41.84564],[141.05452,41.8444],[141.05308,41.84276],[141.05223,41.84221],[141.05051,41.84254],[141.0497,41.84405],[141.04813,41.8446],[141.04677,41.84549],[141.04407,41.84519],[141.04245,41.84588],[141.03979,41.84543],[141.03908,41.84585],[141.03622,41.84587],[141.03356,41.84552],[141.03254,41.84516],[141.0312,41.84232],[141.0306,41.84211],[141.02857,41.84316],[141.0272,41.84319],[141.026,41.8423],[141.02374,41.84282],[141.02195,41.8426],[141.02185,41.84141],[141.02083,41.83995],[141.0201,41.83969],[141.017,41.83952],[141.01584,41.83972],[141.01365,41.83958],[141.00898,41.83978],[141.00669,41.84085],[141.006,41.84085],[141.00588,41.84011],[141.0051,41.83917]]]}},{"type":"Feature","properties":{"m":"吉畑町","b":[141.0497,41.7367,141.0574,41.7443],"c":[141.05334,41.74013],"k":"きちはたちょう"},"geometry":{"type":"Polygon","coordinates":[[[141.05168,41.73739],[141.05166,41.73702],[141.05157,41.73671],[141.0518,41.73668],[141.05427,41.73799],[141.05736,41.73913],[141.05679,41.74005],[141.05581,41.74194],[141.05302,41.7425],[141.05161,41.74284],[141.05096,41.74316],[141.05008,41.74428],[141.04974,41.74386],[141.05075,41.74207],[141.05136,41.74032],[141.05083,41.73795],[141.05034,41.73737],[141.05147,41.73741],[141.05168,41.73739]]]}},{"type":"Feature","properties":{"m":"絵紙山町","b":[141.092,41.811,141.1433,41.8562],"c":[141.11403,41.8345],"k":"えがみやまちょう"},"geometry":{"type":"Polygon","coordinates":[[[141.0927,41.84961],[141.09381,41.8495],[141.09508,41.84892],[141.09596,41.84726],[141.09596,41.84677],[141.09523,41.84607],[141.0946,41.84414],[141.0947,41.84263],[141.09493,41.84131],[141.09459,41.84056],[141.09321,41.83886],[141.09325,41.83833],[141.09455,41.83799],[141.09526,41.83732],[141.09742,41.83609],[141.09751,41.83532],[141.09742,41.83368],[141.09584,41.833],[141.09373,41.83202],[141.09309,41.83144],[141.09202,41.82878],[141.09214,41.82744],[141.09343,41.82492],[141.09319,41.82325],[141.09325,41.82254],[141.09343,41.82222],[141.09408,41.82087],[141.09454,41.81983],[141.09411,41.81609],[141.09462,41.81503],[141.09499,41.81318],[141.09794,41.8128],[141.09828,41.81288],[141.09873,41.81294],[141.10248,41.81155],[141.10283,41.81151],[141.10365,41.81169],[141.10418,41.81164],[141.10533,41.81126],[141.10673,41.81116],[141.10739,41.81141],[141.10788,41.81167],[141.1085,41.8118],[141.10974,41.8116],[141.11041,41.81099],[141.11102,41.81138],[141.11289,41.81196],[141.11405,41.81335],[141.11439,41.814],[141.11561,41.81469],[141.11462,41.81442],[141.11285,41.81469],[141.11152,41.81587],[141.1124,41.81728],[141.11489,41.81856],[141.11489,41.82003],[141.11768,41.82098],[141.12157,41.82272],[141.12324,41.82297],[141.12703,41.82391],[141.12811,41.82474],[141.13452,41.82658],[141.13401,41.82716],[141.13329,41.82782],[141.13319,41.82818],[141.13339,41.82902],[141.13379,41.83101],[141.13492,41.83279],[141.13509,41.83335],[141.13476,41.83383],[141.13475,41.83384],[141.13277,41.83606],[141.13128,41.83764],[141.13072,41.83876],[141.13145,41.83925],[141.13527,41.84046],[141.13667,41.84143],[141.1376,41.8427],[141.13849,41.84451],[141.13986,41.84831],[141.14148,41.8485],[141.14329,41.8512],[141.14113,41.85476],[141.13651,41.85623],[141.13646,41.85577],[141.13584,41.85554],[141.1357,41.85548],[141.13462,41.85479],[141.13394,41.85456],[141.1299,41.85347],[141.12725,41.85237],[141.12562,41.85075],[141.12439,41.84955],[141.12306,41.8492],[141.12151,41.84915],[141.12124,41.84919],[141.11931,41.84997],[141.11678,41.84903],[141.11508,41.8481],[141.11234,41.84749],[141.11012,41.84675],[141.10895,41.84717],[141.10733,41.84846],[141.10711,41.84916],[141.10622,41.8494],[141.10537,41.85029],[141.10322,41.8505],[141.10051,41.85054],[141.09797,41.85126],[141.0944,41.85151],[141.09313,41.85178],[141.09204,41.8519],[141.09208,41.85049],[141.0927,41.84961]]]}},{"type":"Feature","properties":{"m":"銚子町","b":[141.1307,41.8334,141.1501,41.8579],"c":[141.14081,41.84524],"k":"ちょうしちょう"},"geometry":{"type":"Polygon","coordinates":[[[141.13667,41.84143],[141.13527,41.84046],[141.13145,41.83925],[141.13072,41.83876],[141.13128,41.83764],[141.13277,41.83606],[141.13475,41.83384],[141.13575,41.83338],[141.13717,41.83407],[141.13829,41.83415],[141.14011,41.83516],[141.14003,41.83621],[141.14093,41.8368],[141.14097,41.83758],[141.14221,41.83773],[141.14342,41.83801],[141.14421,41.83766],[141.14343,41.84349],[141.14337,41.84757],[141.14562,41.84867],[141.14689,41.84882],[141.14812,41.84981],[141.14932,41.84996],[141.14981,41.85078],[141.15008,41.85278],[141.14898,41.85395],[141.14762,41.8547],[141.14577,41.85506],[141.14692,41.85556],[141.14516,41.85613],[141.14499,41.85658],[141.14245,41.85734],[141.14074,41.85738],[141.13676,41.85794],[141.13603,41.85723],[141.13651,41.85623],[141.14113,41.85476],[141.14329,41.8512],[141.14148,41.8485],[141.13986,41.84831],[141.13849,41.84451],[141.1376,41.8427],[141.13667,41.84143]]]}},{"type":"Feature","properties":{"m":"新浜町","b":[141.1332,41.8266,141.1462,41.8378],"c":[141.13945,41.83195],"k":"しんはまちょう"},"geometry":{"type":"Polygon","coordinates":[[[141.13476,41.83383],[141.13509,41.83335],[141.13492,41.83279],[141.13379,41.83101],[141.13339,41.82902],[141.13319,41.82818],[141.13329,41.82782],[141.13401,41.82716],[141.13452,41.82658],[141.13632,41.82685],[141.1371,41.82702],[141.13743,41.82723],[141.13859,41.82781],[141.14385,41.83124],[141.14617,41.83185],[141.14511,41.83404],[141.14369,41.83784],[141.14221,41.83773],[141.14097,41.83758],[141.14093,41.8368],[141.14003,41.83621],[141.14011,41.83516],[141.13829,41.83415],[141.13717,41.83407],[141.13575,41.83338],[141.13475,41.83384],[141.13476,41.83383]]]}},{"type":"Feature","properties":{"m":"新八幡町","b":[141.1386,41.8261,141.147,41.8319],"c":[141.14292,41.82934],"k":"しんはちまんちょう"},"geometry":{"type":"Polygon","coordinates":[[[141.13859,41.82781],[141.13859,41.8277],[141.13871,41.82716],[141.13913,41.82642],[141.13936,41.82644],[141.13971,41.82609],[141.14026,41.82644],[141.13922,41.82763],[141.14133,41.82768],[141.14232,41.82789],[141.14295,41.82803],[141.14332,41.82806],[141.14338,41.82819],[141.14363,41.8283],[141.14377,41.82828],[141.14394,41.8283],[141.14394,41.8286],[141.1443,41.82901],[141.14486,41.82938],[141.14494,41.82973],[141.14608,41.82974],[141.14639,41.82986],[141.14664,41.83007],[141.14674,41.83024],[141.14704,41.8305],[141.14617,41.83185],[141.14385,41.83124],[141.13859,41.82781]]]}},{"type":"Feature","properties":{"m":"島泊町","b":[141.1416,41.8219,141.1486,41.8304],"c":[141.14542,41.82588],"k":"しまどまりちょう"},"geometry":{"type":"Polygon","coordinates":[[[141.14608,41.82974],[141.14494,41.82973],[141.14486,41.82938],[141.1443,41.82901],[141.14394,41.8286],[141.14394,41.8283],[141.14377,41.82828],[141.14363,41.8283],[141.14338,41.82819],[141.14332,41.82806],[141.14332,41.82709],[141.14157,41.82498],[141.14225,41.82284],[141.14273,41.8221],[141.14333,41.8219],[141.14466,41.82187],[141.14499,41.82199],[141.14594,41.82273],[141.14611,41.82326],[141.14694,41.8235],[141.14842,41.82342],[141.1486,41.82665],[141.14814,41.82787],[141.14861,41.82945],[141.14706,41.83045],[141.14674,41.83024],[141.14664,41.83007],[141.14639,41.82986],[141.14608,41.82974]]]}},{"type":"Feature","properties":{"m":"富浦町","b":[141.1481,41.8217,141.1594,41.8295],"c":[141.15311,41.82516],"k":"とみうらちょう"},"geometry":{"type":"Polygon","coordinates":[[[141.14842,41.82342],[141.14853,41.82237],[141.15193,41.82166],[141.15205,41.82317],[141.15376,41.82242],[141.15558,41.82209],[141.15653,41.82196],[141.15701,41.82198],[141.1576,41.82203],[141.15808,41.8238],[141.15942,41.82581],[141.1581,41.82675],[141.15609,41.82747],[141.15242,41.82782],[141.14861,41.82945],[141.14814,41.82787],[141.1486,41.82665],[141.14842,41.82342]]]}},{"type":"Feature","properties":{"m":"元村町","b":[141.1576,41.8135,141.1763,41.8258],"c":[141.1661,41.81926],"k":"もとむらちょう"},"geometry":{"type":"Polygon","coordinates":[[[141.1576,41.82203],[141.15783,41.82175],[141.15837,41.82131],[141.16045,41.81919],[141.1618,41.81822],[141.16274,41.81767],[141.16651,41.81564],[141.16742,41.81496],[141.16861,41.81373],[141.16959,41.81346],[141.17078,41.81429],[141.17113,41.8146],[141.17182,41.81556],[141.17238,41.81621],[141.173,41.81693],[141.17381,41.81822],[141.17632,41.82094],[141.17454,41.82035],[141.17323,41.82044],[141.17192,41.81956],[141.17096,41.81974],[141.16711,41.82176],[141.16665,41.82136],[141.16362,41.82203],[141.15942,41.82581],[141.15808,41.8238],[141.1576,41.82203]]]}},{"type":"Feature","properties":{"m":"恵山岬町","b":[141.1696,41.8018,141.1875,41.8211],"c":[141.17859,41.81121],"k":"えさんみさきちょう"},"geometry":{"type":"Polygon","coordinates":[[[141.18596,41.80183],[141.1866,41.80212],[141.18542,41.80304],[141.18499,41.80403],[141.18614,41.80537],[141.18539,41.80544],[141.18546,41.8063],[141.18628,41.80676],[141.18746,41.80887],[141.18608,41.81061],[141.18425,41.81128],[141.18334,41.81226],[141.18394,41.81483],[141.18497,41.81495],[141.18446,41.81556],[141.18335,41.81571],[141.18232,41.81704],[141.18308,41.81759],[141.18071,41.81771],[141.17916,41.81845],[141.179,41.81953],[141.17823,41.82067],[141.17733,41.82112],[141.17632,41.82094],[141.17381,41.81822],[141.173,41.81693],[141.17238,41.81621],[141.17182,41.81556],[141.17113,41.8146],[141.17078,41.81429],[141.16959,41.81346],[141.17189,41.80933],[141.17346,41.8071],[141.17422,41.8056],[141.17416,41.80449],[141.18015,41.80427],[141.18596,41.80183]]]}},{"type":"Feature","properties":{"m":"新恵山町","b":[141.1115,41.8045,141.1742,41.828],"c":[141.14392,41.81618],"k":"しんえさんちょう"},"geometry":{"type":"Polygon","coordinates":[[[141.11588,41.81497],[141.11689,41.81481],[141.11742,41.81472],[141.11831,41.81477],[141.11848,41.8147],[141.1199,41.8147],[141.12056,41.81364],[141.12108,41.81263],[141.1233,41.81273],[141.13376,41.81394],[141.13849,41.81172],[141.14242,41.80986],[141.14294,41.81009],[141.14315,41.80957],[141.14594,41.80834],[141.14673,41.8089],[141.1466,41.80792],[141.14888,41.80671],[141.15025,41.80689],[141.15924,41.81025],[141.16591,41.8048],[141.17416,41.80449],[141.17422,41.8056],[141.17346,41.8071],[141.17189,41.80933],[141.16959,41.81346],[141.16861,41.81373],[141.16742,41.81496],[141.16651,41.81564],[141.16274,41.81767],[141.1618,41.81822],[141.16045,41.81919],[141.15837,41.82131],[141.15783,41.82175],[141.15701,41.82198],[141.15653,41.82196],[141.15558,41.82209],[141.15376,41.82242],[141.15205,41.82317],[141.15193,41.82166],[141.14853,41.82237],[141.14842,41.82342],[141.14694,41.8235],[141.14611,41.82326],[141.14594,41.82273],[141.14499,41.82199],[141.14466,41.82187],[141.14333,41.8219],[141.14273,41.8221],[141.14225,41.82284],[141.14157,41.82498],[141.14332,41.82709],[141.14295,41.82803],[141.14232,41.82789],[141.14133,41.82768],[141.13922,41.82763],[141.14026,41.82644],[141.13971,41.82609],[141.13936,41.82644],[141.13913,41.82642],[141.13871,41.82716],[141.13859,41.8277],[141.13743,41.82723],[141.1371,41.82702],[141.13632,41.82685],[141.13452,41.82658],[141.12811,41.82474],[141.12703,41.82391],[141.12324,41.82297],[141.12157,41.82272],[141.11768,41.82098],[141.11489,41.82003],[141.11489,41.81856],[141.1124,41.81728],[141.11152,41.81587],[141.11285,41.81469],[141.11462,41.81442],[141.11561,41.81469],[141.11588,41.81497]]]}},{"type":"Feature","properties":{"m":"古部町","b":[141.092,41.8468,141.1373,41.8751],"c":[141.11228,41.85892],"k":"ふるべちょう"},"geometry":{"type":"Polygon","coordinates":[[[141.09313,41.85178],[141.0944,41.85151],[141.09797,41.85126],[141.10051,41.85054],[141.10322,41.8505],[141.10537,41.85029],[141.10622,41.8494],[141.10711,41.84916],[141.10733,41.84846],[141.10895,41.84717],[141.11012,41.84675],[141.11234,41.84749],[141.11508,41.8481],[141.11678,41.84903],[141.11931,41.84997],[141.12124,41.84919],[141.12151,41.84915],[141.12306,41.8492],[141.12439,41.84955],[141.12562,41.85075],[141.12725,41.85237],[141.1299,41.85347],[141.13394,41.85456],[141.13462,41.85479],[141.1357,41.85548],[141.13584,41.85554],[141.13646,41.85577],[141.13651,41.85623],[141.13603,41.85723],[141.13676,41.85794],[141.13732,41.85857],[141.13537,41.85818],[141.13359,41.85826],[141.13012,41.85933],[141.12817,41.86029],[141.12609,41.86222],[141.12634,41.86302],[141.12499,41.86324],[141.12462,41.86408],[141.12285,41.86458],[141.1229,41.8654],[141.12195,41.8653],[141.12275,41.86436],[141.12072,41.86415],[141.11782,41.86522],[141.11837,41.86648],[141.11683,41.86636],[141.11677,41.86723],[141.11757,41.86783],[141.11609,41.8694],[141.11394,41.87078],[141.11339,41.87163],[141.11037,41.87321],[141.11106,41.87376],[141.10914,41.87376],[141.10951,41.87426],[141.10789,41.87446],[141.10644,41.87514],[141.10539,41.87386],[141.10437,41.87202],[141.10313,41.86918],[141.10136,41.86711],[141.09815,41.86462],[141.09706,41.86346],[141.09594,41.86096],[141.09598,41.859],[141.09542,41.85663],[141.09411,41.85426],[141.09204,41.8519],[141.09313,41.85178]]]}},{"type":"Feature","properties":{"m":"木直町","b":[141.0281,41.8422,141.1064,41.8922],"c":[141.06387,41.86705],"k":"きなおしちょう"},"geometry":{"type":"Polygon","coordinates":[[[141.09204,41.8519],[141.09411,41.85426],[141.09542,41.85663],[141.09598,41.859],[141.09594,41.86096],[141.09706,41.86346],[141.09815,41.86462],[141.10136,41.86711],[141.10313,41.86918],[141.10437,41.87202],[141.10539,41.87386],[141.10644,41.87514],[141.10391,41.87485],[141.10288,41.87503],[141.09734,41.87717],[141.09656,41.87821],[141.09729,41.87906],[141.09649,41.87962],[141.09543,41.87885],[141.0914,41.87905],[141.09005,41.88005],[141.08634,41.88053],[141.08472,41.88166],[141.08282,41.88198],[141.08194,41.88275],[141.08244,41.88327],[141.07898,41.88462],[141.07812,41.88591],[141.07498,41.88735],[141.07166,41.88755],[141.07116,41.88818],[141.06848,41.88926],[141.0702,41.88832],[141.06872,41.88734],[141.06573,41.88792],[141.0659,41.88848],[141.06864,41.88834],[141.0653,41.8888],[141.06383,41.88848],[141.06225,41.88882],[141.06128,41.88996],[141.05587,41.89],[141.05523,41.89134],[141.05433,41.89117],[141.05393,41.89206],[141.0529,41.8914],[141.05193,41.89141],[141.05063,41.89222],[141.04974,41.89103],[141.04789,41.88645],[141.04612,41.88283],[141.04268,41.87786],[141.03953,41.87415],[141.03853,41.8723],[141.03762,41.86752],[141.03711,41.86664],[141.0356,41.86554],[141.0299,41.86323],[141.03072,41.86121],[141.03011,41.85997],[141.02844,41.85802],[141.02808,41.85601],[141.02871,41.85444],[141.03067,41.85245],[141.03187,41.85053],[141.03317,41.84718],[141.03356,41.84552],[141.03622,41.84587],[141.03908,41.84585],[141.03979,41.84543],[141.04245,41.84588],[141.04407,41.84519],[141.04677,41.84549],[141.04813,41.8446],[141.0497,41.84405],[141.05051,41.84254],[141.05223,41.84221],[141.05308,41.84276],[141.05452,41.8444],[141.05771,41.84564],[141.06071,41.84603],[141.06309,41.84741],[141.0616,41.84902],[141.06335,41.85078],[141.06372,41.85226],[141.06567,41.85353],[141.06778,41.85352],[141.06922,41.85289],[141.07028,41.85316],[141.07079,41.85411],[141.07225,41.85449],[141.07462,41.8539],[141.07632,41.85509],[141.08249,41.85532],[141.08345,41.85662],[141.08498,41.85735],[141.08979,41.85561],[141.09045,41.85405],[141.09072,41.85243],[141.09204,41.8519]]]}},{"type":"Feature","properties":{"m":"尾札部町","b":[140.9675,41.8395,141.0506,41.9003],"c":[141.00723,41.86984],"k":"おさつべちょう"},"geometry":{"type":"MultiPolygon","coordinates":[[[[141.04829,41.8929],[141.04838,41.89306],[141.04816,41.89306],[141.04829,41.8929]]],[[[140.96761,41.8684],[140.96762,41.86742],[140.96889,41.86693],[140.96908,41.86679],[140.96914,41.8664],[140.96876,41.86534],[140.96921,41.86451],[140.96953,41.86405],[140.96947,41.86385],[140.96923,41.8635],[140.96832,41.86281],[140.96831,41.86268],[140.96906,41.86182],[140.96914,41.86162],[140.96908,41.8609],[140.97061,41.85886],[140.97062,41.85856],[140.97072,41.8584],[140.97104,41.85802],[140.97067,41.85765],[140.96964,41.85708],[140.96944,41.85705],[140.96872,41.85695],[140.96842,41.85674],[140.9677,41.85574],[140.96754,41.85495],[140.96856,41.85393],[140.96955,41.85374],[140.97251,41.85154],[140.97271,41.85145],[140.9728,41.8508],[140.97325,41.84984],[140.97406,41.84939],[140.97801,41.84946],[140.97867,41.8489],[140.97895,41.84861],[140.97958,41.84778],[140.97989,41.8474],[140.98084,41.84635],[140.98108,41.8464],[140.98136,41.84653],[140.98241,41.84678],[140.98307,41.84673],[140.98377,41.84651],[140.98582,41.84684],[140.98743,41.84727],[140.98988,41.84722],[140.9904,41.84691],[140.99119,41.84561],[140.99273,41.84476],[140.99361,41.84485],[140.99709,41.8445],[140.99872,41.84507],[141.00024,41.84538],[141.00117,41.84501],[141.00212,41.84494],[141.00307,41.84472],[141.00439,41.84411],[141.00579,41.84401],[141.00603,41.84388],[141.00606,41.84175],[141.00586,41.84127],[141.006,41.84085],[141.00669,41.84085],[141.00898,41.83978],[141.01365,41.83958],[141.01584,41.83972],[141.017,41.83952],[141.0201,41.83969],[141.02083,41.83995],[141.02185,41.84141],[141.02195,41.8426],[141.02374,41.84282],[141.026,41.8423],[141.0272,41.84319],[141.02857,41.84316],[141.0306,41.84211],[141.0312,41.84232],[141.03254,41.84516],[141.03356,41.84552],[141.03317,41.84718],[141.03187,41.85053],[141.03067,41.85245],[141.02871,41.85444],[141.02808,41.85601],[141.02844,41.85802],[141.03011,41.85997],[141.03072,41.86121],[141.0299,41.86323],[141.0356,41.86554],[141.03711,41.86664],[141.03762,41.86752],[141.03853,41.8723],[141.03953,41.87415],[141.04268,41.87786],[141.04612,41.88283],[141.04789,41.88645],[141.04974,41.89103],[141.05063,41.89222],[141.04951,41.892],[141.04793,41.89292],[141.04634,41.89337],[141.04309,41.89348],[141.0424,41.89309],[141.04039,41.89397],[141.03551,41.89443],[141.03366,41.895],[141.03165,41.89509],[141.02943,41.89287],[141.02528,41.89285],[141.0239,41.89347],[141.02407,41.89245],[141.02308,41.89268],[141.02265,41.89185],[141.02165,41.89193],[141.02113,41.89271],[141.02007,41.89137],[141.01696,41.89268],[141.0171,41.89402],[141.01637,41.89326],[141.01339,41.89318],[141.01089,41.8936],[141.01,41.89428],[141.00956,41.89612],[141.00872,41.89696],[141.00861,41.89579],[141.00627,41.89681],[141.00318,41.89764],[141.00261,41.89809],[140.9992,41.89868],[140.99806,41.89928],[140.99569,41.89972],[140.99515,41.90027],[140.99405,41.89927],[140.99395,41.89933],[140.99344,41.89865],[140.99049,41.89686],[140.98973,41.89509],[140.98887,41.8944],[140.98673,41.89376],[140.98539,41.89156],[140.98424,41.88809],[140.98248,41.88625],[140.9822,41.88395],[140.97932,41.88089],[140.97842,41.87901],[140.97614,41.87713],[140.97683,41.87416],[140.97565,41.87252],[140.97549,41.87079],[140.97359,41.8701],[140.97018,41.87065],[140.9692,41.87038],[140.96753,41.86877],[140.96761,41.8684]]]]}},{"type":"Feature","properties":{"m":"川汲町","b":[140.8997,41.8688,140.9951,41.913],"c":[140.95576,41.89118],"k":"かっくみちょう"},"geometry":{"type":"Polygon","coordinates":[[[140.89987,41.89692],[140.90072,41.89579],[140.90147,41.89587],[140.90187,41.89602],[140.90268,41.89596],[140.90365,41.8959],[140.90439,41.89592],[140.90488,41.89623],[140.90574,41.89653],[140.9066,41.89638],[140.90673,41.89628],[140.90762,41.8958],[140.90852,41.89538],[140.90863,41.89517],[140.90879,41.89411],[140.90935,41.89362],[140.90955,41.89334],[140.9099,41.89271],[140.91062,41.8927],[140.91157,41.89279],[140.9117,41.89277],[140.91213,41.89247],[140.91265,41.89203],[140.91297,41.89187],[140.91369,41.89067],[140.91435,41.89075],[140.91577,41.89093],[140.91661,41.8907],[140.91686,41.89057],[140.91764,41.89012],[140.91953,41.89024],[140.92019,41.88956],[140.92046,41.88821],[140.92076,41.88803],[140.92273,41.88834],[140.92391,41.88821],[140.92419,41.88772],[140.92519,41.88692],[140.92603,41.88668],[140.92661,41.88657],[140.92726,41.88659],[140.9283,41.88624],[140.9292,41.88633],[140.93013,41.88628],[140.93245,41.88514],[140.93282,41.88502],[140.93348,41.88482],[140.93435,41.88412],[140.93527,41.8838],[140.9364,41.88251],[140.93721,41.88175],[140.93786,41.88149],[140.93954,41.88036],[140.94069,41.87925],[140.94133,41.87905],[140.94218,41.87908],[140.94395,41.87941],[140.94464,41.87909],[140.94463,41.87832],[140.94464,41.87761],[140.94475,41.87717],[140.94515,41.87665],[140.94632,41.87588],[140.94717,41.87587],[140.94941,41.87528],[140.94968,41.87522],[140.95017,41.87486],[140.95068,41.87415],[140.95162,41.87333],[140.95214,41.87204],[140.9524,41.87159],[140.95264,41.87158],[140.95431,41.87206],[140.95466,41.8722],[140.95519,41.87237],[140.95613,41.87227],[140.95668,41.87205],[140.95703,41.87185],[140.95803,41.87146],[140.95962,41.8708],[140.96063,41.87049],[140.96141,41.86989],[140.96184,41.86966],[140.96244,41.86888],[140.96256,41.86879],[140.96464,41.86947],[140.96603,41.86953],[140.96733,41.86907],[140.96753,41.86877],[140.9692,41.87038],[140.97018,41.87065],[140.97359,41.8701],[140.97549,41.87079],[140.97565,41.87252],[140.97683,41.87416],[140.97614,41.87713],[140.97842,41.87901],[140.97932,41.88089],[140.9822,41.88395],[140.98248,41.88625],[140.98424,41.88809],[140.98539,41.89156],[140.98673,41.89376],[140.98887,41.8944],[140.98973,41.89509],[140.99049,41.89686],[140.99344,41.89865],[140.99395,41.89933],[140.99405,41.89927],[140.99515,41.90027],[140.99469,41.9013],[140.99277,41.90242],[140.99069,41.90321],[140.98534,41.904],[140.98363,41.90453],[140.98436,41.90561],[140.98353,41.90584],[140.98307,41.90508],[140.98064,41.90629],[140.98018,41.90585],[140.97912,41.90622],[140.97593,41.90819],[140.97369,41.90895],[140.96842,41.91228],[140.96675,41.91296],[140.96559,41.91182],[140.96547,41.91155],[140.96509,41.91095],[140.96437,41.90986],[140.96256,41.90989],[140.96249,41.90949],[140.96174,41.90784],[140.96174,41.90762],[140.96115,41.9069],[140.96041,41.90642],[140.96045,41.90593],[140.95853,41.90572],[140.9577,41.90562],[140.95641,41.9055],[140.95514,41.90562],[140.95399,41.90416],[140.9536,41.90356],[140.95233,41.90329],[140.95049,41.90232],[140.95054,41.90201],[140.94868,41.90106],[140.9473,41.90112],[140.9459,41.90109],[140.94545,41.90095],[140.94378,41.90032],[140.9419,41.89983],[140.93941,41.89968],[140.93847,41.89927],[140.93576,41.89893],[140.92727,41.89996],[140.92337,41.90015],[140.91831,41.90075],[140.9128,41.90174],[140.91116,41.90144],[140.90663,41.89891],[140.90381,41.89804],[140.90184,41.89804],[140.89977,41.89816],[140.89974,41.89767],[140.89987,41.89692]]]}},{"type":"Feature","properties":{"m":"安浦町","b":[140.9286,41.9003,140.9667,41.9228],"c":[140.94907,41.91123],"k":"やすうらちょう"},"geometry":{"type":"Polygon","coordinates":[[[140.94545,41.90095],[140.9459,41.90109],[140.9473,41.90112],[140.94868,41.90106],[140.95054,41.90201],[140.95049,41.90232],[140.95233,41.90329],[140.9536,41.90356],[140.95399,41.90416],[140.95514,41.90562],[140.95641,41.9055],[140.9577,41.90562],[140.95853,41.90572],[140.96045,41.90593],[140.96041,41.90642],[140.96115,41.9069],[140.96174,41.90762],[140.96174,41.90784],[140.96249,41.90949],[140.96256,41.90989],[140.96437,41.90986],[140.96509,41.91095],[140.96547,41.91155],[140.96559,41.91182],[140.96675,41.91296],[140.96451,41.91456],[140.96058,41.91566],[140.96125,41.91623],[140.95929,41.91741],[140.9589,41.91715],[140.95635,41.91952],[140.95407,41.92208],[140.95378,41.92285],[140.94978,41.92161],[140.94875,41.92109],[140.94845,41.92029],[140.94541,41.91838],[140.94357,41.91713],[140.94253,41.9155],[140.94176,41.91451],[140.94066,41.91399],[140.93776,41.9132],[140.93287,41.91507],[140.93253,41.91498],[140.93177,41.91441],[140.93087,41.91398],[140.9297,41.91282],[140.92875,41.91223],[140.92859,41.91189],[140.9292,41.91095],[140.93076,41.91052],[140.93386,41.91001],[140.93464,41.90905],[140.93551,41.90752],[140.93858,41.90685],[140.93957,41.90622],[140.94123,41.90436],[140.94222,41.90145],[140.94378,41.90032],[140.94545,41.90095]]]}},{"type":"Feature","properties":{"m":"臼尻町","b":[140.7983,41.898,140.9538,41.9866],"c":[140.87812,41.93509],"k":"うすじりちょう"},"geometry":{"type":"Polygon","coordinates":[[[140.81988,41.92315],[140.82145,41.92368],[140.8231,41.92428],[140.82463,41.92418],[140.82597,41.92407],[140.82725,41.92461],[140.82785,41.92484],[140.82949,41.92514],[140.83158,41.92566],[140.8338,41.92584],[140.83645,41.9251],[140.8388,41.92412],[140.84029,41.92407],[140.84072,41.92422],[140.84176,41.92448],[140.84292,41.92411],[140.84457,41.92321],[140.84691,41.92321],[140.84735,41.9232],[140.84885,41.92285],[140.84993,41.92338],[140.85062,41.92369],[140.85277,41.92406],[140.85569,41.92352],[140.85723,41.92308],[140.85908,41.92322],[140.86043,41.92345],[140.86079,41.92343],[140.86175,41.92307],[140.86231,41.92273],[140.86397,41.92163],[140.86482,41.92076],[140.86582,41.91922],[140.86582,41.91767],[140.86659,41.91668],[140.86709,41.91523],[140.86726,41.91391],[140.8675,41.91344],[140.86794,41.91231],[140.86914,41.91131],[140.86928,41.911],[140.86928,41.90989],[140.8697,41.90962],[140.87016,41.90952],[140.8727,41.90927],[140.87341,41.90833],[140.87347,41.90669],[140.87449,41.90647],[140.87603,41.90661],[140.87664,41.90627],[140.87848,41.90619],[140.87862,41.90625],[140.87989,41.90685],[140.88009,41.90688],[140.88099,41.90677],[140.88124,41.90674],[140.88279,41.90674],[140.88446,41.90681],[140.88567,41.90696],[140.88631,41.90673],[140.88674,41.90633],[140.88713,41.90582],[140.88885,41.90492],[140.88969,41.90456],[140.89223,41.90407],[140.89273,41.90396],[140.89565,41.90326],[140.89603,41.90327],[140.89679,41.90346],[140.89761,41.90402],[140.89785,41.9041],[140.89856,41.90417],[140.89891,41.90424],[140.90047,41.90473],[140.9008,41.90478],[140.90072,41.90318],[140.90072,41.90208],[140.90056,41.90091],[140.90086,41.90042],[140.90091,41.89998],[140.90076,41.89934],[140.90043,41.8987],[140.89977,41.89816],[140.90184,41.89804],[140.90381,41.89804],[140.90663,41.89891],[140.91116,41.90144],[140.9128,41.90174],[140.91831,41.90075],[140.92337,41.90015],[140.92727,41.89996],[140.93576,41.89893],[140.93847,41.89927],[140.93941,41.89968],[140.9419,41.89983],[140.94378,41.90032],[140.94222,41.90145],[140.94123,41.90436],[140.93957,41.90622],[140.93858,41.90685],[140.93551,41.90752],[140.93464,41.90905],[140.93386,41.91001],[140.93076,41.91052],[140.9292,41.91095],[140.92859,41.91189],[140.92875,41.91223],[140.9297,41.91282],[140.93087,41.91398],[140.93177,41.91441],[140.93253,41.91498],[140.93287,41.91507],[140.93776,41.9132],[140.94066,41.91399],[140.94176,41.91451],[140.94253,41.9155],[140.94357,41.91713],[140.94541,41.91838],[140.94845,41.92029],[140.94875,41.92109],[140.94978,41.92161],[140.95378,41.92285],[140.9524,41.92529],[140.95197,41.92708],[140.94998,41.93163],[140.94942,41.93408],[140.9505,41.9352],[140.95044,41.93674],[140.94905,41.93666],[140.94845,41.93512],[140.94723,41.93415],[140.94608,41.9343],[140.94627,41.93518],[140.94556,41.93529],[140.94532,41.93443],[140.94329,41.93448],[140.94288,41.93394],[140.94102,41.93443],[140.93923,41.9355],[140.93505,41.93271],[140.93259,41.93166],[140.92952,41.9298],[140.92865,41.92903],[140.92775,41.92728],[140.92766,41.92569],[140.92693,41.92465],[140.92502,41.9238],[140.92329,41.92382],[140.9211,41.92207],[140.91904,41.92084],[140.91801,41.92064],[140.91646,41.92131],[140.91453,41.92094],[140.91402,41.92212],[140.91219,41.9217],[140.91198,41.92264],[140.91054,41.92438],[140.90826,41.92587],[140.90788,41.92658],[140.90734,41.92805],[140.90761,41.92954],[140.9102,41.93113],[140.91103,41.93187],[140.91155,41.93309],[140.91155,41.93567],[140.91076,41.93803],[140.91117,41.93918],[140.91292,41.94082],[140.91444,41.94207],[140.91462,41.9432],[140.91425,41.94508],[140.91379,41.94528],[140.91259,41.94545],[140.91003,41.94602],[140.90953,41.94659],[140.90727,41.94867],[140.90598,41.94926],[140.90455,41.95002],[140.90281,41.95148],[140.90141,41.95431],[140.90037,41.95562],[140.89813,41.95867],[140.89481,41.96046],[140.89222,41.96258],[140.89023,41.96437],[140.88975,41.9655],[140.88804,41.96694],[140.8877,41.9676],[140.88823,41.96954],[140.88948,41.97109],[140.88946,41.97218],[140.88745,41.97387],[140.8871,41.97476],[140.88672,41.97816],[140.88638,41.98211],[140.88383,41.98418],[140.88267,41.98616],[140.88215,41.98658],[140.88033,41.98557],[140.87901,41.98412],[140.87735,41.9818],[140.87514,41.98032],[140.87479,41.97982],[140.87335,41.97766],[140.8701,41.97517],[140.86921,41.97391],[140.86941,41.97351],[140.86886,41.97194],[140.8663,41.97011],[140.86446,41.96937],[140.86169,41.96852],[140.86158,41.96818],[140.86236,41.96703],[140.86486,41.96525],[140.86507,41.96475],[140.86486,41.96427],[140.86403,41.9643],[140.8623,41.9628],[140.86083,41.96125],[140.86037,41.96102],[140.85996,41.96078],[140.85978,41.96058],[140.85953,41.95982],[140.85848,41.95996],[140.85819,41.95994],[140.85771,41.95942],[140.85751,41.95868],[140.85668,41.95876],[140.85549,41.96018],[140.8531,41.96066],[140.85082,41.96034],[140.84888,41.96157],[140.84743,41.96467],[140.84692,41.96566],[140.84509,41.96662],[140.84364,41.96712],[140.84308,41.96779],[140.84136,41.96887],[140.84001,41.96941],[140.84034,41.9673],[140.84199,41.96554],[140.84273,41.9635],[140.84239,41.96253],[140.84055,41.96119],[140.83816,41.96053],[140.83718,41.95947],[140.83741,41.95811],[140.83656,41.95645],[140.83529,41.95598],[140.83413,41.95446],[140.83424,41.95353],[140.83272,41.95271],[140.83175,41.95108],[140.82928,41.9518],[140.82866,41.9532],[140.82641,41.9541],[140.82556,41.95312],[140.82438,41.95266],[140.82334,41.94861],[140.82147,41.94772],[140.81808,41.9444],[140.81565,41.94354],[140.81404,41.94326],[140.81319,41.94213],[140.81316,41.9403],[140.81167,41.93897],[140.80894,41.93719],[140.80356,41.93409],[140.80176,41.93325],[140.80132,41.93264],[140.80108,41.93059],[140.79845,41.92758],[140.7983,41.92723],[140.79841,41.92657],[140.79918,41.92678],[140.80006,41.92699],[140.80036,41.92702],[140.80087,41.92695],[140.80182,41.92647],[140.80247,41.92611],[140.80349,41.92567],[140.80496,41.92513],[140.80614,41.92496],[140.80763,41.92467],[140.80838,41.92403],[140.80911,41.92362],[140.8096,41.92347],[140.80986,41.92339],[140.81046,41.92323],[140.81124,41.92299],[140.81261,41.92205],[140.8135,41.92185],[140.81414,41.92184],[140.81741,41.92238],[140.81786,41.92251],[140.81881,41.92282],[140.81988,41.92315]]]}},{"type":"Feature","properties":{"m":"豊崎町","b":[140.9079,41.9206,140.9392,41.9568],"c":[140.92366,41.93738],"k":"とよさきちょう"},"geometry":{"type":"MultiPolygon","coordinates":[[[[140.93269,41.95012],[140.9326,41.94871],[140.93267,41.9487],[140.93269,41.95012]]],[[[140.93923,41.9355],[140.93805,41.93716],[140.93696,41.93759],[140.93596,41.93995],[140.93526,41.94015],[140.93497,41.94126],[140.93332,41.94334],[140.93287,41.94591],[140.93379,41.94641],[140.9327,41.94827],[140.93111,41.94948],[140.93201,41.95068],[140.93159,41.95203],[140.93305,41.952],[140.93239,41.95251],[140.93219,41.95361],[140.93273,41.95411],[140.93083,41.95437],[140.9296,41.95677],[140.92694,41.95642],[140.92573,41.95588],[140.92463,41.95479],[140.92298,41.95429],[140.92259,41.95278],[140.91921,41.95069],[140.91978,41.94986],[140.91924,41.94941],[140.91826,41.94863],[140.91795,41.94733],[140.91788,41.94652],[140.91808,41.9461],[140.91799,41.94588],[140.9175,41.94498],[140.91776,41.94451],[140.91788,41.94357],[140.91712,41.94259],[140.9162,41.94123],[140.91503,41.9404],[140.91305,41.93828],[140.91354,41.93748],[140.91393,41.93707],[140.91368,41.93626],[140.91314,41.93483],[140.91296,41.93387],[140.91398,41.93238],[140.91337,41.93166],[140.91306,41.93048],[140.91108,41.92917],[140.90927,41.92799],[140.90797,41.92759],[140.90805,41.9269],[140.90788,41.92658],[140.90826,41.92587],[140.91054,41.92438],[140.91198,41.92264],[140.91219,41.9217],[140.91402,41.92212],[140.91453,41.92094],[140.91646,41.92131],[140.91801,41.92064],[140.91904,41.92084],[140.9211,41.92207],[140.92329,41.92382],[140.92502,41.9238],[140.92693,41.92465],[140.92766,41.92569],[140.92775,41.92728],[140.92865,41.92903],[140.92952,41.9298],[140.93259,41.93166],[140.93505,41.93271],[140.93923,41.9355]]]]}},{"type":"Feature","properties":{"m":"大船町","b":[140.8902,41.9266,140.9296,41.9752],"c":[140.91013,41.95833],"k":"おおふねちょう"},"geometry":{"type":"MultiPolygon","coordinates":[[[[140.92857,41.95901],[140.92852,41.9591],[140.9285,41.95901],[140.92857,41.95901]]],[[[140.92837,41.95927],[140.92842,41.95934],[140.92834,41.95938],[140.92837,41.95927]]],[[[140.91991,41.96555],[140.91996,41.96566],[140.91987,41.96564],[140.91991,41.96555]]],[[[140.92019,41.96581],[140.92028,41.9659],[140.92001,41.96588],[140.92019,41.96581]]],[[[140.91998,41.96609],[140.91999,41.96619],[140.91993,41.9661],[140.91998,41.96609]]],[[[140.89222,41.96258],[140.89481,41.96046],[140.89813,41.95867],[140.90037,41.95562],[140.90141,41.95431],[140.90281,41.95148],[140.90455,41.95002],[140.90598,41.94926],[140.90727,41.94867],[140.90953,41.94659],[140.91003,41.94602],[140.91259,41.94545],[140.91379,41.94528],[140.91425,41.94508],[140.91462,41.9432],[140.91444,41.94207],[140.91292,41.94082],[140.91117,41.93918],[140.91076,41.93803],[140.91155,41.93567],[140.91155,41.93309],[140.91103,41.93187],[140.9102,41.93113],[140.90761,41.92954],[140.90734,41.92805],[140.90788,41.92658],[140.90805,41.9269],[140.90797,41.92759],[140.90927,41.92799],[140.91108,41.92917],[140.91306,41.93048],[140.91337,41.93166],[140.91398,41.93238],[140.91296,41.93387],[140.91314,41.93483],[140.91368,41.93626],[140.91393,41.93707],[140.91354,41.93748],[140.91305,41.93828],[140.91503,41.9404],[140.9162,41.94123],[140.91712,41.94259],[140.91788,41.94357],[140.91776,41.94451],[140.9175,41.94498],[140.91799,41.94588],[140.91808,41.9461],[140.91788,41.94652],[140.91795,41.94733],[140.91826,41.94863],[140.91924,41.94941],[140.91978,41.94986],[140.91921,41.95069],[140.92259,41.95278],[140.92298,41.95429],[140.92463,41.95479],[140.92573,41.95588],[140.92694,41.95642],[140.9296,41.95677],[140.92802,41.95916],[140.92674,41.96027],[140.92372,41.96133],[140.92229,41.96209],[140.91833,41.96686],[140.91861,41.96749],[140.91725,41.9676],[140.91562,41.96841],[140.91525,41.96923],[140.91425,41.9691],[140.91347,41.97113],[140.91263,41.97251],[140.90962,41.97517],[140.90872,41.97421],[140.90828,41.97484],[140.90694,41.97401],[140.90514,41.97346],[140.9025,41.97197],[140.90062,41.97022],[140.89915,41.9692],[140.89671,41.96903],[140.89559,41.96851],[140.89371,41.96599],[140.89023,41.96437],[140.89222,41.96258]]]]}},{"type":"Feature","properties":{"m":"双見町","b":[140.8864,41.9644,140.9096,41.9937],"c":[140.89676,41.9793],"k":"ふたみちょう"},"geometry":{"type":"Polygon","coordinates":[[[140.88672,41.97816],[140.8871,41.97476],[140.88745,41.97387],[140.88946,41.97218],[140.88948,41.97109],[140.88823,41.96954],[140.8877,41.9676],[140.88804,41.96694],[140.88975,41.9655],[140.89023,41.96437],[140.89371,41.96599],[140.89559,41.96851],[140.89671,41.96903],[140.89915,41.9692],[140.90062,41.97022],[140.9025,41.97197],[140.90514,41.97346],[140.90694,41.97401],[140.90828,41.97484],[140.90872,41.97421],[140.90962,41.97517],[140.90898,41.97658],[140.90867,41.97919],[140.90879,41.98259],[140.90819,41.98361],[140.90593,41.98636],[140.90526,41.98608],[140.90422,41.98715],[140.90205,41.98824],[140.90072,41.98981],[140.89952,41.9907],[140.89773,41.99137],[140.89671,41.99233],[140.89619,41.99202],[140.89498,41.99366],[140.89333,41.99206],[140.89281,41.9925],[140.89121,41.98967],[140.89055,41.98988],[140.88843,41.98567],[140.88731,41.98415],[140.88638,41.98211],[140.88672,41.97816]]]}},{"type":"Feature","properties":{"m":"岩戸町","b":[140.8391,41.9587,140.895,42.0093],"c":[140.86251,41.98606],"k":"いわとちょう"},"geometry":{"type":"MultiPolygon","coordinates":[[[[140.88939,41.99866],[140.88934,41.99921],[140.88921,41.99875],[140.88939,41.99866]]],[[[140.84136,41.96887],[140.84308,41.96779],[140.84364,41.96712],[140.84509,41.96662],[140.84692,41.96566],[140.84743,41.96467],[140.84888,41.96157],[140.85082,41.96034],[140.8531,41.96066],[140.85549,41.96018],[140.85668,41.95876],[140.85751,41.95868],[140.85771,41.95942],[140.85819,41.95994],[140.85848,41.95996],[140.85953,41.95982],[140.85978,41.96058],[140.85996,41.96078],[140.86037,41.96102],[140.86083,41.96125],[140.8623,41.9628],[140.86403,41.9643],[140.86486,41.96427],[140.86507,41.96475],[140.86486,41.96525],[140.86236,41.96703],[140.86158,41.96818],[140.86169,41.96852],[140.86446,41.96937],[140.8663,41.97011],[140.86886,41.97194],[140.86941,41.97351],[140.86921,41.97391],[140.8701,41.97517],[140.87335,41.97766],[140.87479,41.97982],[140.87514,41.98032],[140.87735,41.9818],[140.87901,41.98412],[140.88033,41.98557],[140.88215,41.98658],[140.88267,41.98616],[140.88383,41.98418],[140.88638,41.98211],[140.88731,41.98415],[140.88843,41.98567],[140.89055,41.98988],[140.89121,41.98967],[140.89281,41.9925],[140.89333,41.99206],[140.89498,41.99366],[140.89358,41.99468],[140.89316,41.99569],[140.89142,41.99693],[140.89174,41.99793],[140.89059,41.99763],[140.88849,41.99917],[140.88605,42.00014],[140.88284,42.00005],[140.88048,42.00125],[140.87913,42.00316],[140.87879,42.00508],[140.87562,42.00681],[140.87313,42.00692],[140.87309,42.00733],[140.87158,42.00707],[140.87,42.00755],[140.86913,42.00665],[140.86587,42.00833],[140.86464,42.00931],[140.86361,42.00803],[140.86309,42.00792],[140.86134,42.00692],[140.85868,42.00583],[140.85683,42.00401],[140.85627,42.00312],[140.85565,42.00267],[140.8551,42.00193],[140.85367,42.00142],[140.85184,42.00065],[140.84933,41.99933],[140.84861,41.99864],[140.84702,41.99709],[140.84424,41.99529],[140.84255,41.99401],[140.84217,41.99277],[140.84192,41.9907],[140.84053,41.98833],[140.83943,41.98692],[140.83943,41.98671],[140.83915,41.984],[140.83963,41.98305],[140.8403,41.98223],[140.84011,41.9812],[140.83964,41.97973],[140.83933,41.97842],[140.83974,41.97763],[140.83957,41.97621],[140.84037,41.97481],[140.84109,41.97313],[140.84038,41.97157],[140.83992,41.97],[140.84001,41.96941],[140.84136,41.96887]]]]}},{"type":"Feature","properties":{"m":"字神山","b":[139.983,41.6051,139.997,41.632],"c":[139.98951,41.61686]},"geometry":{"type":"Polygon","coordinates":[[[139.9832,41.60609],[139.98438,41.60626],[139.9847,41.60509],[139.98744,41.60595],[139.98863,41.606],[139.98859,41.61128],[139.98919,41.6138],[139.99203,41.61851],[139.99295,41.62051],[139.99359,41.62279],[139.99472,41.6256],[139.997,41.632],[139.99573,41.63176],[139.99344,41.63017],[139.99259,41.62801],[139.99256,41.62718],[139.99147,41.62409],[139.9909,41.62417],[139.991,41.62286],[139.98897,41.61779],[139.9878,41.61576],[139.98558,41.61355],[139.98442,41.61095],[139.98366,41.61028],[139.98297,41.60802],[139.9832,41.60609]]]}},{"type":"Feature","properties":{"m":"字原口","b":[139.9821,41.5574,140.0633,41.6321],"c":[140.02184,41.59807]},"geometry":{"type":"Polygon","coordinates":[[[139.9832,41.60609],[139.98428,41.60431],[139.98352,41.60253],[139.98268,41.60174],[139.98215,41.60025],[139.98206,41.59828],[139.98305,41.59613],[139.98311,41.59516],[139.98246,41.59369],[139.98378,41.59155],[139.98486,41.5894],[139.9849,41.58987],[139.98509,41.59015],[139.9854,41.58999],[139.99197,41.59086],[139.99324,41.59114],[139.99485,41.59199],[139.9962,41.59198],[139.99852,41.58947],[140.00012,41.58598],[140.00134,41.58454],[140.00487,41.58246],[140.00533,41.5814],[140.00476,41.57858],[140.00482,41.57625],[140.00676,41.57356],[140.00829,41.57056],[140.00951,41.56889],[140.01147,41.56523],[140.01422,41.56239],[140.01494,41.56216],[140.01966,41.56243],[140.02214,41.56168],[140.02307,41.56016],[140.0244,41.55825],[140.0259,41.55739],[140.02846,41.55739],[140.03073,41.55821],[140.03208,41.5575],[140.03309,41.5583],[140.03415,41.55989],[140.03567,41.56366],[140.03766,41.56776],[140.03955,41.57093],[140.04155,41.57389],[140.04437,41.57704],[140.04621,41.57866],[140.05024,41.58284],[140.05713,41.58832],[140.05968,41.59231],[140.06244,41.59385],[140.06327,41.59683],[140.06238,41.59805],[140.06196,41.60019],[140.06223,41.60168],[140.06081,41.60405],[140.05914,41.60631],[140.05801,41.60653],[140.05453,41.60807],[140.05394,41.60861],[140.0521,41.60861],[140.04967,41.60939],[140.04846,41.6106],[140.04719,41.61131],[140.04614,41.61334],[140.04613,41.61456],[140.04244,41.61602],[140.04118,41.6175],[140.03949,41.61876],[140.03861,41.621],[140.03745,41.62212],[140.03829,41.62429],[140.03733,41.62432],[140.03654,41.62511],[140.03518,41.62725],[140.03243,41.62889],[140.03144,41.62831],[140.02966,41.62832],[140.02779,41.62779],[140.0281,41.62887],[140.02634,41.63196],[140.02301,41.6318],[140.02183,41.632],[140.01702,41.6304],[140.0159,41.62931],[140.01267,41.62897],[140.00869,41.62961],[140.00556,41.62974],[140.00136,41.63085],[139.9985,41.63214],[139.997,41.632],[139.99472,41.6256],[139.99359,41.62279],[139.99295,41.62051],[139.99203,41.61851],[139.98919,41.6138],[139.98859,41.61128],[139.98863,41.606],[139.98744,41.60595],[139.9847,41.60509],[139.98438,41.60626],[139.9832,41.60609]]]}},{"type":"Feature","properties":{"m":"字白坂","b":[139.9807,41.567,140.0083,41.592],"c":[139.99466,41.57893]},"geometry":{"type":"MultiPolygon","coordinates":[[[[139.98273,41.56817],[139.9822,41.56786],[139.98254,41.56768],[139.98273,41.56817]]],[[[139.98385,41.57198],[139.98404,41.5721],[139.98412,41.57245],[139.98406,41.57252],[139.98398,41.57212],[139.98385,41.57198]]],[[[139.98464,41.57312],[139.98434,41.57265],[139.98474,41.57265],[139.98464,41.57312]]],[[[139.98321,41.57577],[139.9835,41.57631],[139.98297,41.57591],[139.98321,41.57577]]],[[[139.98284,41.57644],[139.98319,41.57681],[139.98237,41.57692],[139.98284,41.57644]]],[[[139.98235,41.57771],[139.98248,41.57782],[139.9823,41.57822],[139.98235,41.57771]]],[[[139.98178,41.58113],[139.98195,41.58154],[139.98154,41.58169],[139.98178,41.58113]]],[[[139.98117,41.58356],[139.98132,41.58408],[139.98066,41.58383],[139.98117,41.58356]]],[[[139.9854,41.58999],[139.98497,41.58985],[139.98494,41.58948],[139.98452,41.58905],[139.9839,41.58805],[139.98324,41.58756],[139.9832,41.58567],[139.9822,41.58547],[139.98226,41.58393],[139.98335,41.58374],[139.98417,41.58227],[139.9838,41.58081],[139.98427,41.57987],[139.98433,41.57813],[139.98492,41.57672],[139.98398,41.57578],[139.98442,41.57541],[139.98748,41.57436],[139.98832,41.5733],[139.98879,41.57115],[139.98932,41.56702],[139.99413,41.56706],[139.99936,41.56754],[140.00154,41.56797],[140.00829,41.57056],[140.00676,41.57356],[140.00482,41.57625],[140.00476,41.57858],[140.00533,41.5814],[140.00487,41.58246],[140.00134,41.58454],[140.00012,41.58598],[139.99852,41.58947],[139.9962,41.59198],[139.99485,41.59199],[139.99324,41.59114],[139.99197,41.59086],[139.9854,41.58999]]]]}},{"type":"Feature","properties":{"m":"字二越","b":[139.9827,41.5501,140.0231,41.5754],"c":[140.00058,41.56118]},"geometry":{"type":"MultiPolygon","coordinates":[[[[139.98385,41.55725],[139.98462,41.55753],[139.98496,41.55835],[139.98385,41.55725]]],[[[139.98322,41.5598],[139.98295,41.56102],[139.98279,41.55962],[139.98322,41.5598]]],[[[139.98323,41.56118],[139.98333,41.5621],[139.98273,41.56131],[139.98323,41.56118]]],[[[139.98432,41.56225],[139.98463,41.56333],[139.98438,41.5629],[139.98432,41.56225]]],[[[140.00829,41.57056],[140.00154,41.56797],[139.99936,41.56754],[139.99413,41.56706],[139.98932,41.56702],[139.98879,41.57115],[139.98832,41.5733],[139.98748,41.57436],[139.98442,41.57541],[139.98399,41.57413],[139.98522,41.57356],[139.98425,41.57115],[139.98498,41.57017],[139.98434,41.56888],[139.98632,41.56682],[139.98671,41.56594],[139.98632,41.5637],[139.98542,41.56295],[139.98466,41.56304],[139.98441,41.56167],[139.98477,41.56072],[139.98597,41.55987],[139.98508,41.5571],[139.98591,41.55774],[139.98476,41.55583],[139.98458,41.55493],[139.98611,41.55695],[139.98634,41.55581],[139.9855,41.55434],[139.98673,41.55478],[139.98685,41.55352],[139.98766,41.55179],[139.98832,41.55145],[139.99042,41.55235],[139.99035,41.55306],[139.99152,41.5536],[139.99293,41.555],[139.99478,41.55556],[139.99457,41.55618],[139.99618,41.55688],[139.99813,41.55702],[139.9989,41.5567],[140.00078,41.555],[140.00212,41.55096],[140.00368,41.55008],[140.00415,41.55086],[140.00924,41.55308],[140.01769,41.55738],[140.0217,41.5593],[140.02307,41.56016],[140.02214,41.56168],[140.01966,41.56243],[140.01494,41.56216],[140.01422,41.56239],[140.01147,41.56523],[140.00951,41.56889],[140.00829,41.57056]]],[[[139.9857,41.55154],[139.9861,41.5521],[139.98588,41.55289],[139.9857,41.55154]]]]}},{"type":"Feature","properties":{"m":"字江良","b":[139.9858,41.5412,140.0037,41.557],"c":[139.99576,41.54944]},"geometry":{"type":"Polygon","coordinates":[[[139.98766,41.55179],[139.98581,41.5511],[139.98626,41.55033],[139.98783,41.55067],[139.9888,41.54854],[139.98945,41.54842],[139.99135,41.54661],[139.99103,41.546],[139.99184,41.54518],[139.99067,41.54493],[139.99146,41.54339],[139.99313,41.5418],[139.99457,41.54174],[139.9959,41.54115],[139.9969,41.54216],[139.99911,41.54306],[139.9982,41.54386],[140.00054,41.54623],[140.00246,41.54757],[140.00349,41.54887],[140.00368,41.55008],[140.00212,41.55096],[140.00078,41.555],[139.9989,41.5567],[139.99813,41.55702],[139.99618,41.55688],[139.99457,41.55618],[139.99478,41.55556],[139.99293,41.555],[139.99152,41.5536],[139.99035,41.55306],[139.99042,41.55235],[139.98832,41.55145],[139.98766,41.55179]]]}},{"type":"Feature","properties":{"m":"字大津","b":[139.9959,41.5369,140.1732,41.5939],"c":[140.08879,41.56493]},"geometry":{"type":"Polygon","coordinates":[[[140.02307,41.56016],[140.0217,41.5593],[140.01769,41.55738],[140.00924,41.55308],[140.00415,41.55086],[140.00368,41.55008],[140.00349,41.54887],[140.00246,41.54757],[140.00054,41.54623],[139.9982,41.54386],[139.99911,41.54306],[139.9969,41.54216],[139.9959,41.54115],[139.9969,41.5407],[139.99922,41.54116],[139.99786,41.54042],[139.99699,41.54056],[139.99864,41.53805],[140.00087,41.53855],[140.00448,41.53859],[140.0061,41.53797],[140.01063,41.53832],[140.0127,41.5388],[140.01362,41.53855],[140.01491,41.53738],[140.01621,41.53689],[140.01766,41.53733],[140.01863,41.53848],[140.0205,41.53946],[140.02235,41.53992],[140.02881,41.54017],[140.03122,41.54074],[140.03212,41.54146],[140.03374,41.54366],[140.03652,41.5467],[140.03774,41.54764],[140.04044,41.54886],[140.04434,41.54989],[140.04842,41.55038],[140.05174,41.55046],[140.05583,41.5501],[140.05957,41.54922],[140.06258,41.54826],[140.06687,41.54662],[140.0719,41.54506],[140.07563,41.54465],[140.07932,41.54465],[140.08935,41.54527],[140.09168,41.54561],[140.10113,41.54629],[140.10652,41.54678],[140.11208,41.54762],[140.13093,41.55022],[140.13475,41.5508],[140.13968,41.55174],[140.14333,41.55263],[140.14702,41.55401],[140.155,41.55644],[140.16339,41.55926],[140.17316,41.56328],[140.17068,41.56636],[140.17034,41.56791],[140.16762,41.56978],[140.16624,41.57156],[140.16616,41.57276],[140.16528,41.57397],[140.16448,41.57749],[140.16284,41.57891],[140.16012,41.57925],[140.15876,41.58006],[140.15682,41.58176],[140.1546,41.583],[140.15028,41.58431],[140.1472,41.58318],[140.14558,41.58337],[140.14342,41.58255],[140.14114,41.58243],[140.13861,41.58198],[140.13559,41.58265],[140.13359,41.58231],[140.13201,41.58249],[140.13043,41.5832],[140.12913,41.58192],[140.12577,41.57988],[140.12344,41.57969],[140.12147,41.57921],[140.11882,41.57743],[140.11811,41.57613],[140.1162,41.57574],[140.11625,41.57667],[140.11535,41.57813],[140.11346,41.57986],[140.11234,41.5814],[140.11286,41.58275],[140.1117,41.58459],[140.11083,41.58519],[140.10922,41.58551],[140.10823,41.58611],[140.10618,41.58654],[140.1048,41.58734],[140.10308,41.58961],[140.10126,41.5901],[140.09944,41.59239],[140.09817,41.59191],[140.09681,41.59085],[140.09534,41.59156],[140.09372,41.59036],[140.09159,41.59028],[140.08916,41.59098],[140.08689,41.59084],[140.08431,41.59008],[140.08257,41.59087],[140.07774,41.58936],[140.0758,41.58984],[140.0742,41.59117],[140.07027,41.58965],[140.0674,41.59016],[140.06659,41.59076],[140.063,41.59231],[140.06244,41.59385],[140.05968,41.59231],[140.05713,41.58832],[140.05024,41.58284],[140.04621,41.57866],[140.04437,41.57704],[140.04155,41.57389],[140.03955,41.57093],[140.03766,41.56776],[140.03567,41.56366],[140.03415,41.55989],[140.03309,41.5583],[140.03208,41.5575],[140.03073,41.55821],[140.02846,41.55739],[140.0259,41.55739],[140.0244,41.55825],[140.02307,41.56016]]]}},{"type":"Feature","properties":{"m":"字高野","b":[139.9956,41.5266,140.1763,41.5633],"c":[140.09772,41.53983]},"geometry":{"type":"MultiPolygon","coordinates":[[[[139.99603,41.53465],[139.99562,41.53464],[139.99578,41.53444],[139.99603,41.53465]]],[[[139.99864,41.53805],[139.99887,41.53684],[139.9985,41.53534],[140.00089,41.53273],[140.0018,41.53104],[140.00165,41.53157],[140.00184,41.5317],[140.00205,41.53151],[140.00245,41.53086],[140.00358,41.53072],[140.00449,41.53076],[140.0063,41.5315],[140.00491,41.5302],[140.00465,41.5291],[140.00551,41.5279],[140.01312,41.52926],[140.01578,41.52946],[140.01846,41.52795],[140.01915,41.52731],[140.02053,41.52692],[140.02239,41.52714],[140.02442,41.52794],[140.02564,41.52888],[140.02759,41.5292],[140.03245,41.52934],[140.03563,41.53033],[140.03884,41.53008],[140.04229,41.53005],[140.044,41.52959],[140.04493,41.52872],[140.04746,41.52762],[140.05032,41.52845],[140.05241,41.52831],[140.05572,41.52665],[140.05744,41.52662],[140.06069,41.52902],[140.06353,41.52996],[140.06887,41.5307],[140.07455,41.53096],[140.0787,41.53076],[140.08117,41.53048],[140.08371,41.52951],[140.0893,41.52878],[140.09608,41.52843],[140.1066,41.52821],[140.1139,41.52796],[140.1179,41.52838],[140.12097,41.52836],[140.12632,41.52756],[140.12972,41.52758],[140.13435,41.52819],[140.13721,41.5289],[140.14659,41.53206],[140.14828,41.53221],[140.15344,41.53314],[140.15746,41.53366],[140.16089,41.53436],[140.16357,41.53509],[140.16542,41.53588],[140.16835,41.53764],[140.16964,41.53863],[140.17201,41.54168],[140.17427,41.54404],[140.17235,41.54543],[140.17215,41.54605],[140.17337,41.54759],[140.17519,41.54842],[140.17629,41.54998],[140.17573,41.55102],[140.174,41.55243],[140.1738,41.55331],[140.17447,41.5561],[140.17389,41.55741],[140.17438,41.55881],[140.17527,41.55982],[140.17575,41.5615],[140.17477,41.56247],[140.17316,41.56328],[140.16339,41.55926],[140.155,41.55644],[140.14702,41.55401],[140.14333,41.55263],[140.13968,41.55174],[140.13475,41.5508],[140.13093,41.55022],[140.11208,41.54762],[140.10652,41.54678],[140.10113,41.54629],[140.09168,41.54561],[140.08935,41.54527],[140.07932,41.54465],[140.07563,41.54465],[140.0719,41.54506],[140.06687,41.54662],[140.06258,41.54826],[140.05957,41.54922],[140.05583,41.5501],[140.05174,41.55046],[140.04842,41.55038],[140.04434,41.54989],[140.04044,41.54886],[140.03774,41.54764],[140.03652,41.5467],[140.03374,41.54366],[140.03212,41.54146],[140.03122,41.54074],[140.02881,41.54017],[140.02235,41.53992],[140.0205,41.53946],[140.01863,41.53848],[140.01766,41.53733],[140.01621,41.53689],[140.01491,41.53738],[140.01362,41.53855],[140.0127,41.5388],[140.01063,41.53832],[140.0061,41.53797],[140.00448,41.53859],[140.00087,41.53855],[139.99864,41.53805]]]]}},{"type":"Feature","properties":{"m":"字清部","b":[140.0017,41.5204,140.0185,41.5316],"c":[140.00834,41.52603]},"geometry":{"type":"Polygon","coordinates":[[[140.00358,41.53072],[140.00249,41.5304],[140.00219,41.53117],[140.00193,41.53158],[140.00175,41.53155],[140.00209,41.52975],[140.0018,41.52783],[140.0024,41.52399],[140.00354,41.52264],[140.00435,41.5223],[140.00455,41.52146],[140.00638,41.52041],[140.00985,41.52123],[140.00845,41.52351],[140.01134,41.524],[140.01474,41.52528],[140.01733,41.52761],[140.01846,41.52795],[140.01578,41.52946],[140.01312,41.52926],[140.00551,41.5279],[140.00465,41.5291],[140.00491,41.5302],[140.0063,41.5315],[140.00449,41.53076],[140.00358,41.53072]]]}},{"type":"Feature","properties":{"m":"字小浜","b":[140.0064,41.5078,140.0574,41.5303],"c":[140.02826,41.52054]},"geometry":{"type":"MultiPolygon","coordinates":[[[[140.01846,41.52795],[140.01733,41.52761],[140.01474,41.52528],[140.01134,41.524],[140.00845,41.52351],[140.00985,41.52123],[140.00638,41.52041],[140.00747,41.51841],[140.00811,41.51626],[140.00778,41.5154],[140.0086,41.51377],[140.00832,41.51217],[140.00769,41.51245],[140.0087,41.51035],[140.00963,41.50923],[140.0099,41.51015],[140.01029,41.50913],[140.01077,41.50967],[140.0122,41.50918],[140.01291,41.50784],[140.01452,41.50836],[140.01695,41.50878],[140.02214,41.51047],[140.03244,41.51399],[140.0408,41.51712],[140.04458,41.51875],[140.05204,41.52265],[140.05562,41.52488],[140.05744,41.52662],[140.05572,41.52665],[140.05241,41.52831],[140.05032,41.52845],[140.04746,41.52762],[140.04493,41.52872],[140.044,41.52959],[140.04229,41.53005],[140.03884,41.53008],[140.03563,41.53033],[140.03245,41.52934],[140.02759,41.5292],[140.02564,41.52888],[140.02442,41.52794],[140.02239,41.52714],[140.02053,41.52692],[140.01915,41.52731],[140.01846,41.52795]]],[[[140.00714,41.51548],[140.00738,41.51537],[140.00728,41.51561],[140.00714,41.51548]]]]}},{"type":"Feature","properties":{"m":"字茂草","b":[140.0111,41.4921,140.1817,41.544],"c":[140.10374,41.51843]},"geometry":{"type":"MultiPolygon","coordinates":[[[[140.01157,41.50426],[140.01109,41.50454],[140.01114,41.50395],[140.01157,41.50426]]],[[[140.05744,41.52662],[140.05562,41.52488],[140.05204,41.52265],[140.04458,41.51875],[140.0408,41.51712],[140.03244,41.51399],[140.02214,41.51047],[140.01695,41.50878],[140.01452,41.50836],[140.01291,41.50784],[140.01251,41.50665],[140.01294,41.50614],[140.01263,41.50501],[140.01336,41.50315],[140.01222,41.50171],[140.01271,41.50101],[140.01534,41.50072],[140.01692,41.4993],[140.01671,41.49682],[140.01588,41.49645],[140.01635,41.49463],[140.01563,41.49397],[140.01585,41.49316],[140.01455,41.49262],[140.015,41.49209],[140.01893,41.49234],[140.01891,41.49315],[140.02168,41.49509],[140.02465,41.49893],[140.02797,41.50397],[140.02951,41.506],[140.03181,41.50782],[140.03308,41.50848],[140.03663,41.50926],[140.03947,41.50945],[140.045,41.50947],[140.04878,41.50858],[140.05369,41.50794],[140.05863,41.50839],[140.06183,41.50952],[140.06919,41.51243],[140.07517,41.51392],[140.07989,41.51456],[140.08241,41.51471],[140.08469,41.51458],[140.08695,41.51413],[140.09076,41.51277],[140.0958,41.5103],[140.10087,41.50811],[140.10331,41.50672],[140.10471,41.50633],[140.10979,41.50439],[140.11265,41.50356],[140.11443,41.50326],[140.12193,41.50077],[140.12368,41.49972],[140.12584,41.50075],[140.13001,41.5011],[140.13317,41.50215],[140.13597,41.50372],[140.14047,41.50475],[140.14482,41.509],[140.14651,41.51026],[140.15127,41.51432],[140.15298,41.51503],[140.1548,41.51493],[140.15618,41.51584],[140.15689,41.51844],[140.1571,41.52013],[140.15765,41.52148],[140.15895,41.5228],[140.1617,41.52331],[140.16854,41.52453],[140.16872,41.52518],[140.17273,41.52503],[140.17372,41.52536],[140.1753,41.52705],[140.17569,41.52879],[140.17645,41.53005],[140.17639,41.53177],[140.17715,41.53273],[140.17774,41.53373],[140.17998,41.53563],[140.18009,41.53721],[140.18099,41.53794],[140.18168,41.53947],[140.18108,41.54075],[140.17935,41.54269],[140.17849,41.5433],[140.17554,41.54393],[140.17427,41.54404],[140.17201,41.54168],[140.16964,41.53863],[140.16835,41.53764],[140.16542,41.53588],[140.16357,41.53509],[140.16089,41.53436],[140.15746,41.53366],[140.15344,41.53314],[140.14828,41.53221],[140.14659,41.53206],[140.13721,41.5289],[140.13435,41.52819],[140.12972,41.52758],[140.12632,41.52756],[140.12097,41.52836],[140.1179,41.52838],[140.1139,41.52796],[140.1066,41.52821],[140.09608,41.52843],[140.0893,41.52878],[140.08371,41.52951],[140.08117,41.53048],[140.0787,41.53076],[140.07455,41.53096],[140.06887,41.5307],[140.06353,41.52996],[140.06069,41.52902],[140.05744,41.52662]]]]}},{"type":"Feature","properties":{"m":"字静浦","b":[140.0127,41.4835,140.0586,41.5095],"c":[140.03567,41.49875]},"geometry":{"type":"Polygon","coordinates":[[[140.015,41.49209],[140.01528,41.49145],[140.0143,41.4914],[140.01431,41.49315],[140.01299,41.493],[140.01273,41.49217],[140.01367,41.49231],[140.01404,41.49136],[140.01535,41.49143],[140.01581,41.49045],[140.01569,41.48933],[140.01632,41.48898],[140.01699,41.48635],[140.01745,41.48703],[140.02031,41.48507],[140.02109,41.48544],[140.02214,41.4847],[140.02207,41.48354],[140.02537,41.48371],[140.02462,41.48468],[140.02434,41.48598],[140.02475,41.48735],[140.02335,41.48713],[140.03057,41.48939],[140.03534,41.49184],[140.03903,41.49287],[140.04303,41.49368],[140.04473,41.49434],[140.04614,41.49534],[140.05034,41.49912],[140.05366,41.50249],[140.05787,41.50776],[140.05863,41.50839],[140.05369,41.50794],[140.04878,41.50858],[140.045,41.50947],[140.03947,41.50945],[140.03663,41.50926],[140.03308,41.50848],[140.03181,41.50782],[140.02951,41.506],[140.02797,41.50397],[140.02465,41.49893],[140.02168,41.49509],[140.01891,41.49315],[140.01893,41.49234],[140.015,41.49209]]]}},{"type":"Feature","properties":{"m":"字赤神","b":[140.02,41.473,140.1237,41.5147],"c":[140.07384,41.4954]},"geometry":{"type":"MultiPolygon","coordinates":[[[[140.0212,41.48105],[140.01997,41.48086],[140.02159,41.47943],[140.02199,41.48018],[140.0212,41.48105]]],[[[140.05863,41.50839],[140.05787,41.50776],[140.05366,41.50249],[140.05034,41.49912],[140.04614,41.49534],[140.04473,41.49434],[140.04303,41.49368],[140.03903,41.49287],[140.03534,41.49184],[140.03057,41.48939],[140.02335,41.48713],[140.02475,41.48735],[140.02434,41.48598],[140.02462,41.48468],[140.02537,41.48371],[140.02207,41.48354],[140.02189,41.48216],[140.02514,41.48035],[140.02494,41.47882],[140.02565,41.47784],[140.02494,41.47776],[140.02627,41.47573],[140.02633,41.47471],[140.02802,41.47397],[140.02717,41.47362],[140.02881,41.47302],[140.03397,41.47456],[140.03597,41.47635],[140.03611,41.47679],[140.0384,41.47659],[140.04005,41.47724],[140.04168,41.47743],[140.043,41.4781],[140.04359,41.47963],[140.04479,41.48014],[140.04788,41.48247],[140.05008,41.48269],[140.05153,41.48348],[140.05381,41.48315],[140.05436,41.48442],[140.05554,41.48482],[140.05782,41.48454],[140.06163,41.48513],[140.06282,41.48599],[140.0645,41.4864],[140.06559,41.48579],[140.06701,41.48557],[140.07231,41.48616],[140.07623,41.48614],[140.08089,41.48631],[140.08348,41.48627],[140.08811,41.48575],[140.09844,41.4853],[140.10082,41.48501],[140.10411,41.48427],[140.10439,41.48518],[140.10769,41.48737],[140.11329,41.49016],[140.11689,41.49222],[140.11815,41.49349],[140.12046,41.49714],[140.12194,41.49855],[140.12368,41.49972],[140.12193,41.50077],[140.11443,41.50326],[140.11265,41.50356],[140.10979,41.50439],[140.10471,41.50633],[140.10331,41.50672],[140.10087,41.50811],[140.0958,41.5103],[140.09076,41.51277],[140.08695,41.51413],[140.08469,41.51458],[140.08241,41.51471],[140.07989,41.51456],[140.07517,41.51392],[140.06919,41.51243],[140.06183,41.50952],[140.05863,41.50839]]]]}},{"type":"Feature","properties":{"m":"字札前","b":[140.0262,41.4541,140.1008,41.4864],"c":[140.05618,41.47406]},"geometry":{"type":"Polygon","coordinates":[[[140.02881,41.47302],[140.02934,41.47131],[140.02853,41.47115],[140.02967,41.46837],[140.0297,41.46768],[140.02855,41.46589],[140.02757,41.46498],[140.02656,41.4633],[140.02741,41.46332],[140.02623,41.46215],[140.02773,41.46128],[140.02769,41.46061],[140.02885,41.46068],[140.02971,41.45963],[140.03066,41.45972],[140.02984,41.45895],[140.03026,41.45785],[140.03195,41.45681],[140.0325,41.45693],[140.0347,41.45603],[140.0355,41.45514],[140.03514,41.45449],[140.03676,41.45405],[140.03788,41.45518],[140.03892,41.45552],[140.04095,41.45786],[140.04398,41.45849],[140.04656,41.45926],[140.04777,41.46094],[140.04853,41.46362],[140.04984,41.46595],[140.05184,41.4664],[140.05352,41.4677],[140.05599,41.46816],[140.06001,41.46937],[140.06172,41.4692],[140.06329,41.47022],[140.06335,41.47262],[140.06422,41.47371],[140.06572,41.47439],[140.06946,41.47495],[140.07156,41.47481],[140.07426,41.47403],[140.07559,41.4742],[140.0776,41.47499],[140.07971,41.4754],[140.08254,41.47519],[140.08456,41.47578],[140.0857,41.47643],[140.0874,41.47895],[140.0888,41.47991],[140.09233,41.48128],[140.09589,41.48213],[140.09795,41.4828],[140.0994,41.48359],[140.10082,41.48501],[140.09844,41.4853],[140.08811,41.48575],[140.08348,41.48627],[140.08089,41.48631],[140.07623,41.48614],[140.07231,41.48616],[140.06701,41.48557],[140.06559,41.48579],[140.0645,41.4864],[140.06282,41.48599],[140.06163,41.48513],[140.05782,41.48454],[140.05554,41.48482],[140.05436,41.48442],[140.05381,41.48315],[140.05153,41.48348],[140.05008,41.48269],[140.04788,41.48247],[140.04479,41.48014],[140.04359,41.47963],[140.043,41.4781],[140.04168,41.47743],[140.04005,41.47724],[140.0384,41.47659],[140.03611,41.47679],[140.03597,41.47635],[140.03397,41.47456],[140.02881,41.47302]]]}},{"type":"Feature","properties":{"m":"字館浜","b":[140.0364,41.4341,140.1041,41.485],"c":[140.07063,41.45763]},"geometry":{"type":"MultiPolygon","coordinates":[[[[140.03918,41.44408],[140.04079,41.44515],[140.04007,41.44569],[140.03922,41.44489],[140.03918,41.44408]]],[[[140.10082,41.48501],[140.0994,41.48359],[140.09795,41.4828],[140.09589,41.48213],[140.09233,41.48128],[140.0888,41.47991],[140.0874,41.47895],[140.0857,41.47643],[140.08456,41.47578],[140.08254,41.47519],[140.07971,41.4754],[140.0776,41.47499],[140.07559,41.4742],[140.07426,41.47403],[140.07156,41.47481],[140.06946,41.47495],[140.06572,41.47439],[140.06422,41.47371],[140.06335,41.47262],[140.06329,41.47022],[140.06172,41.4692],[140.06001,41.46937],[140.05599,41.46816],[140.05352,41.4677],[140.05184,41.4664],[140.04984,41.46595],[140.04853,41.46362],[140.04777,41.46094],[140.04656,41.45926],[140.04398,41.45849],[140.04095,41.45786],[140.03892,41.45552],[140.03788,41.45518],[140.03676,41.45405],[140.03642,41.45149],[140.03723,41.45086],[140.03872,41.4509],[140.04044,41.45017],[140.04088,41.44821],[140.04022,41.44739],[140.04309,41.44682],[140.04381,41.44731],[140.04735,41.4463],[140.0499,41.44429],[140.05013,41.44381],[140.05307,41.44233],[140.05449,41.44014],[140.05451,41.43956],[140.05677,41.43953],[140.05737,41.43877],[140.05933,41.43848],[140.06488,41.43489],[140.06533,41.43408],[140.06886,41.43631],[140.07025,41.43673],[140.07905,41.4383],[140.07998,41.43865],[140.08203,41.44017],[140.08408,41.44252],[140.08619,41.44562],[140.09059,41.45464],[140.09176,41.45655],[140.09462,41.46272],[140.09565,41.46647],[140.09565,41.46834],[140.09513,41.46987],[140.09518,41.47103],[140.09758,41.47782],[140.09952,41.47977],[140.10077,41.48042],[140.10292,41.48238],[140.10411,41.48427],[140.10082,41.48501]]]]}},{"type":"Feature","properties":{"m":"字建石","b":[140.0653,41.422,140.0924,41.4425],"c":[140.07959,41.43143]},"geometry":{"type":"Polygon","coordinates":[[[140.06533,41.43408],[140.06725,41.43299],[140.06842,41.43129],[140.06968,41.43124],[140.07062,41.43064],[140.07263,41.42857],[140.07325,41.42742],[140.07295,41.42568],[140.07421,41.42572],[140.0743,41.42416],[140.07593,41.42399],[140.07674,41.42345],[140.07649,41.42261],[140.07979,41.42222],[140.08029,41.42324],[140.08174,41.42285],[140.08289,41.42361],[140.08445,41.42323],[140.08483,41.42205],[140.08666,41.42286],[140.08734,41.42496],[140.08966,41.4247],[140.09244,41.42513],[140.0915,41.42609],[140.08959,41.42736],[140.08714,41.42736],[140.08746,41.43846],[140.08653,41.44025],[140.08526,41.44107],[140.08408,41.44252],[140.08203,41.44017],[140.07998,41.43865],[140.07905,41.4383],[140.07025,41.43673],[140.06886,41.43631],[140.06533,41.43408]]]}},{"type":"Feature","properties":{"m":"字弁天","b":[140.0844,41.4172,140.094,41.4251],"c":[140.08907,41.42205]},"geometry":{"type":"Polygon","coordinates":[[[140.08483,41.42205],[140.08443,41.42121],[140.08564,41.4209],[140.0867,41.41989],[140.08843,41.41942],[140.08761,41.41834],[140.08794,41.41719],[140.0889,41.4178],[140.09024,41.41788],[140.09008,41.41861],[140.09185,41.41936],[140.09396,41.42084],[140.09274,41.42029],[140.09272,41.42028],[140.09236,41.41993],[140.09233,41.41993],[140.09198,41.41959],[140.09195,41.41959],[140.09178,41.41943],[140.09128,41.41928],[140.09076,41.41915],[140.09076,41.41914],[140.09054,41.41914],[140.09054,41.41916],[140.09051,41.41919],[140.09045,41.41921],[140.09028,41.41926],[140.09018,41.41937],[140.09007,41.41941],[140.08949,41.42005],[140.08859,41.41958],[140.08695,41.42003],[140.0872,41.42063],[140.08684,41.4201],[140.08583,41.42104],[140.08611,41.42156],[140.0873,41.42083],[140.08751,41.42135],[140.08912,41.42093],[140.08897,41.42046],[140.08922,41.42093],[140.09008,41.4207],[140.09082,41.42138],[140.09144,41.42193],[140.09189,41.42212],[140.09189,41.42215],[140.09153,41.42206],[140.09211,41.42278],[140.09254,41.42216],[140.09258,41.42213],[140.0928,41.42234],[140.09189,41.42329],[140.09282,41.42434],[140.09244,41.42513],[140.08966,41.4247],[140.08734,41.42496],[140.08666,41.42286],[140.08483,41.42205]]]}},{"type":"Feature","properties":{"m":"字愛宕","b":[140.0841,41.4261,140.104,41.4665],"c":[140.09401,41.44366]},"geometry":{"type":"Polygon","coordinates":[[[140.08408,41.44252],[140.08526,41.44107],[140.08653,41.44025],[140.08746,41.43846],[140.08714,41.42736],[140.08959,41.42736],[140.0915,41.42609],[140.09254,41.42786],[140.09525,41.42804],[140.09699,41.4284],[140.09788,41.42847],[140.09764,41.42946],[140.09856,41.42997],[140.09859,41.43106],[140.10083,41.43125],[140.10328,41.43051],[140.10315,41.43244],[140.10402,41.43149],[140.10372,41.43327],[140.10343,41.43438],[140.10056,41.43651],[140.09962,41.43792],[140.09922,41.44123],[140.09955,41.44477],[140.09882,41.44744],[140.09945,41.45052],[140.09878,41.45225],[140.0985,41.45499],[140.09944,41.45637],[140.10021,41.45909],[140.10058,41.46195],[140.09897,41.46437],[140.09702,41.46598],[140.09565,41.46647],[140.09462,41.46272],[140.09176,41.45655],[140.09059,41.45464],[140.08619,41.44562],[140.08408,41.44252]]]}},{"type":"Feature","properties":{"m":"字大磯","b":[140.0915,41.424,140.0989,41.4284],"c":[140.09512,41.42613]},"geometry":{"type":"Polygon","coordinates":[[[140.09244,41.42513],[140.09282,41.42434],[140.09588,41.42458],[140.09807,41.42404],[140.09887,41.4244],[140.09837,41.42523],[140.09751,41.42677],[140.09699,41.4284],[140.09525,41.42804],[140.09254,41.42786],[140.0915,41.42609],[140.09244,41.42513]]]}},{"type":"Feature","properties":{"m":"字博多","b":[140.097,41.4252,140.103,41.4312],"c":[140.10004,41.42814]},"geometry":{"type":"Polygon","coordinates":[[[140.09699,41.4284],[140.09751,41.42677],[140.09837,41.42523],[140.10061,41.42589],[140.10256,41.42606],[140.10305,41.42885],[140.10105,41.43039],[140.10083,41.43125],[140.09859,41.43106],[140.09856,41.42997],[140.09764,41.42946],[140.09788,41.42847],[140.09699,41.4284]]]}},{"type":"Feature","properties":{"m":"字西館","b":[140.0985,41.4333,140.1091,41.4591],"c":[140.10295,41.44532]},"geometry":{"type":"Polygon","coordinates":[[[140.10372,41.43327],[140.10552,41.43366],[140.10797,41.43341],[140.10913,41.43362],[140.10915,41.43441],[140.10824,41.43534],[140.1063,41.43911],[140.10562,41.43962],[140.10526,41.44117],[140.10643,41.44354],[140.10753,41.44503],[140.10729,41.44707],[140.106,41.44947],[140.10596,41.45129],[140.10553,41.45265],[140.10401,41.45545],[140.10233,41.45683],[140.10222,41.45812],[140.10021,41.45909],[140.09944,41.45637],[140.0985,41.45499],[140.09878,41.45225],[140.09945,41.45052],[140.09882,41.44744],[140.09955,41.44477],[140.09922,41.44123],[140.09962,41.43792],[140.10056,41.43651],[140.10343,41.43438],[140.10372,41.43327]]]}},{"type":"Feature","properties":{"m":"字唐津","b":[140.1008,41.4257,140.108,41.4324],"c":[140.10451,41.42837]},"geometry":{"type":"Polygon","coordinates":[[[140.10083,41.43125],[140.10105,41.43039],[140.10305,41.42885],[140.10256,41.42606],[140.1052,41.42599],[140.10526,41.4257],[140.10764,41.4265],[140.10778,41.42688],[140.10803,41.42737],[140.10679,41.42868],[140.10582,41.42887],[140.10568,41.43017],[140.10447,41.42997],[140.10402,41.43149],[140.10315,41.43244],[140.10328,41.43051],[140.10083,41.43125]]]}},{"type":"Feature","properties":{"m":"字松城","b":[140.1037,41.4269,140.1108,41.4337],"c":[140.10752,41.4308]},"geometry":{"type":"Polygon","coordinates":[[[140.10402,41.43149],[140.10447,41.42997],[140.10568,41.43017],[140.10582,41.42887],[140.10679,41.42868],[140.10803,41.42737],[140.10778,41.42688],[140.11076,41.42793],[140.11012,41.4306],[140.11062,41.43163],[140.10913,41.43362],[140.10797,41.43341],[140.10552,41.43366],[140.10372,41.43327],[140.10402,41.43149]]]}},{"type":"Feature","properties":{"m":"字神明","b":[140.0951,41.4333,140.1208,41.4804],"c":[140.10865,41.45992]},"geometry":{"type":"Polygon","coordinates":[[[140.09565,41.46647],[140.09702,41.46598],[140.09897,41.46437],[140.10058,41.46195],[140.10021,41.45909],[140.10222,41.45812],[140.10233,41.45683],[140.10401,41.45545],[140.10553,41.45265],[140.10596,41.45129],[140.106,41.44947],[140.10729,41.44707],[140.10753,41.44503],[140.10643,41.44354],[140.10526,41.44117],[140.10562,41.43962],[140.1063,41.43911],[140.10824,41.43534],[140.10915,41.43441],[140.10983,41.43332],[140.11207,41.43409],[140.11311,41.43546],[140.11301,41.43626],[140.11457,41.43704],[140.11523,41.43699],[140.11515,41.43912],[140.11698,41.44218],[140.11616,41.44385],[140.11571,41.44743],[140.11615,41.45197],[140.11682,41.45314],[140.12017,41.45507],[140.12085,41.45652],[140.11966,41.45803],[140.11944,41.45956],[140.11829,41.46085],[140.11684,41.46142],[140.11738,41.46462],[140.11859,41.467],[140.11837,41.46798],[140.11683,41.46953],[140.11656,41.47146],[140.11663,41.47351],[140.11585,41.47414],[140.11277,41.47511],[140.10979,41.47581],[140.10346,41.47798],[140.10244,41.47858],[140.10077,41.48042],[140.09952,41.47977],[140.09758,41.47782],[140.09518,41.47103],[140.09513,41.46987],[140.09565,41.46834],[140.09565,41.46647]]]}},{"type":"Feature","properties":{"m":"字福山","b":[140.1091,41.4264,140.1146,41.437],"c":[140.1118,41.43103]},"geometry":{"type":"Polygon","coordinates":[[[140.10913,41.43362],[140.11062,41.43163],[140.11012,41.4306],[140.11076,41.42793],[140.11284,41.42723],[140.1128,41.42643],[140.11424,41.42739],[140.11414,41.4279],[140.11234,41.42894],[140.11276,41.43292],[140.11253,41.43399],[140.11457,41.43704],[140.11301,41.43626],[140.11311,41.43546],[140.11207,41.43409],[140.10983,41.43332],[140.10915,41.43441],[140.10913,41.43362]]]}},{"type":"Feature","properties":{"m":"字豊岡","b":[140.1123,41.4279,140.1202,41.4422],"c":[140.11622,41.43397]},"geometry":{"type":"Polygon","coordinates":[[[140.11457,41.43704],[140.11253,41.43399],[140.11276,41.43292],[140.11234,41.42894],[140.11414,41.4279],[140.11627,41.4283],[140.11835,41.42994],[140.11987,41.4308],[140.11962,41.43159],[140.1202,41.43312],[140.1186,41.4352],[140.1187,41.43692],[140.11919,41.43917],[140.11777,41.44154],[140.11698,41.44218],[140.11515,41.43912],[140.11523,41.43699],[140.11457,41.43704]]]}},{"type":"Feature","properties":{"m":"字月島","b":[140.1141,41.4274,140.1246,41.4316],"c":[140.11957,41.4294]},"geometry":{"type":"Polygon","coordinates":[[[140.11424,41.42739],[140.1169,41.42773],[140.11719,41.4283],[140.12004,41.4303],[140.12233,41.42921],[140.12419,41.4288],[140.12457,41.42907],[140.12428,41.42981],[140.12219,41.42983],[140.12093,41.43054],[140.12054,41.43164],[140.11962,41.43159],[140.11987,41.4308],[140.11835,41.42994],[140.11627,41.4283],[140.11414,41.4279],[140.11424,41.42739]]]}},{"type":"Feature","properties":{"m":"字東山","b":[140.1157,41.4298,140.1277,41.4565],"c":[140.12099,41.44262]},"geometry":{"type":"Polygon","coordinates":[[[140.11698,41.44218],[140.11777,41.44154],[140.11919,41.43917],[140.1187,41.43692],[140.1186,41.4352],[140.1202,41.43312],[140.11962,41.43159],[140.12054,41.43164],[140.12093,41.43054],[140.12219,41.42983],[140.12428,41.42981],[140.12565,41.43049],[140.12623,41.43158],[140.12542,41.43218],[140.12597,41.43588],[140.12769,41.43834],[140.12504,41.43958],[140.1235,41.44057],[140.12326,41.44157],[140.12289,41.45428],[140.12085,41.45652],[140.12017,41.45507],[140.11682,41.45314],[140.11615,41.45197],[140.11571,41.44743],[140.11616,41.44385],[140.11698,41.44218]]]}},{"type":"Feature","properties":{"m":"字朝日","b":[140.1243,41.4272,140.1382,41.4383],"c":[140.13036,41.43178]},"geometry":{"type":"Polygon","coordinates":[[[140.12457,41.42907],[140.127,41.43039],[140.12809,41.43066],[140.13076,41.43024],[140.13233,41.4293],[140.13334,41.42801],[140.13534,41.42729],[140.13665,41.42716],[140.1369,41.42835],[140.13791,41.42898],[140.13824,41.4299],[140.13717,41.43016],[140.13375,41.43109],[140.13261,41.43068],[140.13107,41.43094],[140.12883,41.43256],[140.12942,41.4365],[140.1284,41.43655],[140.1283,41.43771],[140.12769,41.43834],[140.12597,41.43588],[140.12542,41.43218],[140.12623,41.43158],[140.12565,41.43049],[140.12428,41.42981],[140.12457,41.42907]]]}},{"type":"Feature","properties":{"m":"字上川","b":[140.1008,41.4302,140.1838,41.5245],"c":[140.14587,41.47948]},"geometry":{"type":"Polygon","coordinates":[[[140.12368,41.49972],[140.12194,41.49855],[140.12046,41.49714],[140.11815,41.49349],[140.11689,41.49222],[140.11329,41.49016],[140.10769,41.48737],[140.10439,41.48518],[140.10411,41.48427],[140.10292,41.48238],[140.10077,41.48042],[140.10244,41.47858],[140.10346,41.47798],[140.10979,41.47581],[140.11277,41.47511],[140.11585,41.47414],[140.11663,41.47351],[140.11656,41.47146],[140.11683,41.46953],[140.11837,41.46798],[140.11859,41.467],[140.11738,41.46462],[140.11684,41.46142],[140.11829,41.46085],[140.11944,41.45956],[140.11966,41.45803],[140.12085,41.45652],[140.12289,41.45428],[140.12326,41.44157],[140.1235,41.44057],[140.12504,41.43958],[140.12769,41.43834],[140.1283,41.43771],[140.1284,41.43655],[140.12942,41.4365],[140.12883,41.43256],[140.13107,41.43094],[140.13261,41.43068],[140.13375,41.43109],[140.13717,41.43016],[140.13779,41.4324],[140.13776,41.43592],[140.13975,41.44109],[140.14182,41.44514],[140.14409,41.44851],[140.14541,41.44993],[140.14941,41.45187],[140.15192,41.4523],[140.15497,41.45321],[140.15635,41.45383],[140.15782,41.45495],[140.15968,41.45866],[140.1608,41.45981],[140.16428,41.46188],[140.17005,41.46414],[140.1765,41.46682],[140.17776,41.4677],[140.1789,41.46952],[140.18046,41.4739],[140.18014,41.47453],[140.18184,41.47659],[140.18196,41.47726],[140.18356,41.48031],[140.18382,41.48127],[140.18341,41.48293],[140.18273,41.48418],[140.1829,41.48608],[140.18351,41.48768],[140.18367,41.48818],[140.1827,41.48961],[140.18165,41.49221],[140.18086,41.49319],[140.18057,41.49339],[140.18012,41.49362],[140.17923,41.49388],[140.17797,41.49418],[140.17791,41.49457],[140.17796,41.49571],[140.17735,41.49735],[140.17547,41.49878],[140.17549,41.49927],[140.17535,41.49992],[140.17529,41.50038],[140.17471,41.50127],[140.17448,41.50156],[140.17386,41.50302],[140.17349,41.50424],[140.17154,41.50656],[140.17105,41.50672],[140.16922,41.5072],[140.16801,41.509],[140.16858,41.5099],[140.16863,41.51142],[140.16866,41.51148],[140.16928,41.51168],[140.16952,41.51176],[140.16986,41.51211],[140.17001,41.51352],[140.16936,41.5147],[140.16976,41.51535],[140.16922,41.51704],[140.16927,41.51826],[140.16899,41.51868],[140.16878,41.52024],[140.16873,41.52054],[140.16726,41.52174],[140.16747,41.52202],[140.16752,41.52214],[140.1683,41.52392],[140.16854,41.52453],[140.1617,41.52331],[140.15895,41.5228],[140.15765,41.52148],[140.1571,41.52013],[140.15689,41.51844],[140.15618,41.51584],[140.1548,41.51493],[140.15298,41.51503],[140.15127,41.51432],[140.14651,41.51026],[140.14482,41.509],[140.14047,41.50475],[140.13597,41.50372],[140.13317,41.50215],[140.13001,41.5011],[140.12584,41.50075],[140.12368,41.49972]]]}},{"type":"Feature","properties":{"m":"字大沢","b":[140.1367,41.425,140.199,41.4739],"c":[140.16779,41.44967]},"geometry":{"type":"Polygon","coordinates":[[[140.13665,41.42716],[140.13898,41.42705],[140.14123,41.42761],[140.14184,41.4267],[140.14179,41.42802],[140.14344,41.42872],[140.1468,41.42764],[140.14762,41.42654],[140.14939,41.42545],[140.15226,41.42501],[140.1538,41.42545],[140.15515,41.42707],[140.15528,41.42814],[140.15489,41.43104],[140.15586,41.43439],[140.1565,41.43569],[140.15788,41.43673],[140.16207,41.43888],[140.16394,41.43961],[140.16693,41.44127],[140.1688,41.44159],[140.17514,41.44076],[140.17967,41.44103],[140.18158,41.44157],[140.18489,41.44338],[140.18821,41.44622],[140.19191,41.45061],[140.1942,41.45532],[140.19677,41.45919],[140.19896,41.46093],[140.19829,41.46148],[140.19753,41.46343],[140.1982,41.46447],[140.19806,41.46531],[140.19611,41.46562],[140.19392,41.46682],[140.18974,41.47024],[140.18662,41.47054],[140.18571,41.47094],[140.18466,41.47261],[140.18278,41.47299],[140.18046,41.4739],[140.1789,41.46952],[140.17776,41.4677],[140.1765,41.46682],[140.17005,41.46414],[140.16428,41.46188],[140.1608,41.45981],[140.15968,41.45866],[140.15782,41.45495],[140.15635,41.45383],[140.15497,41.45321],[140.15192,41.4523],[140.14941,41.45187],[140.14541,41.44993],[140.14409,41.44851],[140.14182,41.44514],[140.13975,41.44109],[140.13776,41.43592],[140.13779,41.4324],[140.13717,41.43016],[140.13824,41.4299],[140.13791,41.42898],[140.1369,41.42835],[140.13665,41.42716]]]}},{"type":"Feature","properties":{"m":"字荒谷","b":[140.1535,41.4158,140.2073,41.4609],"c":[140.1795,41.43275]},"geometry":{"type":"Polygon","coordinates":[[[140.1538,41.42545],[140.15352,41.42516],[140.15518,41.42446],[140.15645,41.42341],[140.15885,41.42253],[140.16032,41.42072],[140.1626,41.41925],[140.16307,41.41835],[140.16364,41.41856],[140.16417,41.41768],[140.16537,41.41725],[140.16621,41.41616],[140.16869,41.41583],[140.17061,41.41841],[140.17102,41.41822],[140.17298,41.41973],[140.17537,41.42059],[140.1772,41.42211],[140.17904,41.4223],[140.18186,41.42327],[140.18311,41.42348],[140.18732,41.42344],[140.18849,41.42312],[140.18922,41.42385],[140.19369,41.42466],[140.19636,41.42474],[140.198,41.4244],[140.2001,41.425],[140.20474,41.42668],[140.20599,41.42651],[140.20727,41.42718],[140.20711,41.42846],[140.20678,41.43052],[140.20437,41.43147],[140.20361,41.432],[140.20208,41.43247],[140.20168,41.43288],[140.20118,41.43319],[140.20056,41.43318],[140.19948,41.43313],[140.19843,41.43318],[140.19738,41.43412],[140.19677,41.43424],[140.19628,41.43418],[140.19436,41.43375],[140.19384,41.43372],[140.1937,41.4339],[140.19401,41.43473],[140.19479,41.43515],[140.19623,41.43589],[140.19746,41.43695],[140.19775,41.43726],[140.198,41.43779],[140.19788,41.43874],[140.19789,41.43967],[140.19774,41.44012],[140.19715,41.44102],[140.1966,41.44156],[140.19567,41.44216],[140.19499,41.44266],[140.19335,41.44478],[140.1924,41.44541],[140.19296,41.44586],[140.1937,41.44666],[140.19589,41.44726],[140.19638,41.44824],[140.19674,41.44983],[140.19656,41.45022],[140.19776,41.45155],[140.19825,41.45234],[140.19788,41.45312],[140.19779,41.45407],[140.19755,41.45537],[140.19772,41.45579],[140.19971,41.45716],[140.20019,41.45762],[140.20028,41.45843],[140.19984,41.46047],[140.19896,41.46093],[140.19677,41.45919],[140.1942,41.45532],[140.19191,41.45061],[140.18821,41.44622],[140.18489,41.44338],[140.18158,41.44157],[140.17967,41.44103],[140.17514,41.44076],[140.1688,41.44159],[140.16693,41.44127],[140.16394,41.43961],[140.16207,41.43888],[140.15788,41.43673],[140.1565,41.43569],[140.15586,41.43439],[140.15489,41.43104],[140.15528,41.42814],[140.15515,41.42707],[140.1538,41.42545]]]}},{"type":"Feature","properties":{"m":"字白神","b":[140.1687,41.3978,140.2083,41.4267],"c":[140.19042,41.41301]},"geometry":{"type":"Polygon","coordinates":[[[140.16869,41.41583],[140.16967,41.41507],[140.16896,41.41435],[140.17005,41.41453],[140.17173,41.41249],[140.17378,41.41058],[140.17643,41.4087],[140.17897,41.40655],[140.17928,41.40572],[140.18079,41.40494],[140.18064,41.40382],[140.18194,41.40356],[140.18374,41.40207],[140.18289,41.4013],[140.18508,41.40208],[140.18628,41.40185],[140.18889,41.40072],[140.19153,41.39994],[140.19396,41.39837],[140.19745,41.3978],[140.19993,41.39828],[140.20031,41.39941],[140.20167,41.40018],[140.20225,41.40243],[140.20321,41.40257],[140.2029,41.40319],[140.20489,41.40457],[140.20447,41.40641],[140.20228,41.40746],[140.20182,41.40811],[140.20189,41.40981],[140.2036,41.41206],[140.20606,41.41287],[140.2083,41.41407],[140.20825,41.41589],[140.20613,41.41707],[140.20577,41.41874],[140.20635,41.42075],[140.20549,41.42171],[140.20511,41.42331],[140.20422,41.42453],[140.20456,41.4254],[140.20599,41.42651],[140.20474,41.42668],[140.2001,41.425],[140.198,41.4244],[140.19636,41.42474],[140.19369,41.42466],[140.18922,41.42385],[140.18849,41.42312],[140.18732,41.42344],[140.18311,41.42348],[140.18186,41.42327],[140.17904,41.4223],[140.1772,41.42211],[140.17537,41.42059],[140.17298,41.41973],[140.17102,41.41822],[140.17061,41.41841],[140.16869,41.41583]]]}},{"type":"Feature","properties":{"m":"字大島","b":[139.3332,41.4924,139.3823,41.5225],"c":[139.356,41.50895]},"geometry":{"type":"Polygon","coordinates":[[[139.3453,41.49242],[139.3463,41.4928],[139.34843,41.49505],[139.34948,41.49535],[139.35016,41.4947],[139.35035,41.49541],[139.35201,41.49631],[139.35373,41.49622],[139.35445,41.49725],[139.35787,41.49814],[139.35947,41.49782],[139.36417,41.49859],[139.36773,41.49859],[139.37075,41.49881],[139.37215,41.49957],[139.37462,41.50034],[139.37706,41.50229],[139.37953,41.5033],[139.38132,41.50463],[139.38227,41.50614],[139.38185,41.51012],[139.38075,41.51124],[139.37935,41.5133],[139.3788,41.51454],[139.37783,41.51558],[139.37709,41.51707],[139.37529,41.5192],[139.37384,41.52029],[139.37125,41.5211],[139.3687,41.52108],[139.36814,41.52145],[139.36435,41.5208],[139.36238,41.52092],[139.36028,41.52027],[139.35764,41.52034],[139.35326,41.52019],[139.35091,41.52067],[139.34704,41.52188],[139.34543,41.52173],[139.34104,41.52247],[139.33903,41.52243],[139.33867,41.52175],[139.33588,41.5201],[139.33456,41.51846],[139.33316,41.51486],[139.33333,41.51196],[139.33459,41.51019],[139.33424,41.50948],[139.33587,41.50812],[139.33738,41.50439],[139.33768,41.50256],[139.33674,41.50024],[139.33686,41.49924],[139.33822,41.49662],[139.3381,41.49471],[139.33775,41.49431],[139.33871,41.4928],[139.34068,41.49269],[139.34105,41.4934],[139.34212,41.49366],[139.34424,41.4925],[139.3453,41.49242]]]}},{"type":"Feature","properties":{"m":"字小島","b":[139.7833,41.3528,139.8153,41.3662],"c":[139.80389,41.36007]},"geometry":{"type":"MultiPolygon","coordinates":[[[[139.78467,41.36123],[139.78523,41.36279],[139.78448,41.36357],[139.78334,41.36292],[139.78369,41.36096],[139.78467,41.36123]]],[[[139.80976,41.3632],[139.80828,41.36349],[139.80644,41.36521],[139.80395,41.36611],[139.80162,41.36622],[139.79951,41.36521],[139.79643,41.36289],[139.79434,41.36068],[139.79234,41.35976],[139.79284,41.35773],[139.79362,41.3578],[139.79452,41.35883],[139.79739,41.3589],[139.79849,41.35801],[139.79852,41.35674],[139.79724,41.35606],[139.7967,41.35525],[139.79768,41.35469],[139.79667,41.35396],[139.79689,41.35308],[139.79777,41.35276],[139.79791,41.35343],[139.79898,41.35286],[139.79928,41.35352],[139.80053,41.35373],[139.80024,41.35427],[139.80179,41.35571],[139.80468,41.3546],[139.80555,41.35488],[139.80578,41.35421],[139.80699,41.35421],[139.8069,41.35479],[139.80879,41.35664],[139.81192,41.35704],[139.81308,41.3579],[139.81404,41.36024],[139.813,41.36159],[139.81379,41.36181],[139.81324,41.36285],[139.81468,41.36465],[139.81457,41.36344],[139.81535,41.36375],[139.81532,41.36472],[139.81462,41.36501],[139.81356,41.36447],[139.81248,41.3646],[139.81199,41.36339],[139.80976,41.3632]]]]}},{"type":"Feature","properties":{"m":"字三岳","b":[140.2398,41.4827,140.2812,41.5319],"c":[140.25773,41.50872]},"geometry":{"type":"Polygon","coordinates":[[[140.2812,41.52699],[140.27861,41.52873],[140.27593,41.53016],[140.27416,41.53003],[140.27339,41.53055],[140.2717,41.53048],[140.26967,41.52994],[140.26815,41.53029],[140.26481,41.53188],[140.26349,41.53184],[140.26101,41.53097],[140.26029,41.53029],[140.25926,41.52946],[140.25654,41.52822],[140.25324,41.52651],[140.25209,41.52513],[140.24883,41.52234],[140.24667,41.52057],[140.2446,41.51907],[140.2434,41.51845],[140.24222,41.51771],[140.24135,41.51608],[140.24072,41.51433],[140.24071,41.51387],[140.2402,41.51238],[140.24012,41.51132],[140.23981,41.51026],[140.24146,41.50598],[140.24285,41.50459],[140.2431,41.5042],[140.24413,41.50263],[140.24451,41.50225],[140.24489,41.50136],[140.24603,41.49999],[140.24611,41.49983],[140.24697,41.49855],[140.24759,41.49576],[140.2483,41.49285],[140.24973,41.49054],[140.24973,41.49036],[140.24963,41.49025],[140.24851,41.48953],[140.24817,41.48912],[140.24798,41.48878],[140.24785,41.48855],[140.24776,41.48839],[140.24767,41.48823],[140.24767,41.48801],[140.24777,41.48778],[140.24785,41.48766],[140.2483,41.4873],[140.24872,41.48673],[140.24891,41.48645],[140.2498,41.48615],[140.25147,41.48589],[140.25241,41.48532],[140.25524,41.48266],[140.25489,41.48394],[140.25763,41.48548],[140.25652,41.48758],[140.25683,41.48816],[140.25746,41.4893],[140.25975,41.48827],[140.26101,41.48972],[140.26366,41.49201],[140.26497,41.4929],[140.26657,41.4932],[140.26952,41.49684],[140.26937,41.49866],[140.27001,41.49985],[140.2717,41.50131],[140.27252,41.50246],[140.27201,41.50502],[140.27128,41.50622],[140.27067,41.50815],[140.26517,41.50889],[140.26386,41.5082],[140.26183,41.50999],[140.25976,41.51111],[140.25644,41.51226],[140.25339,41.51238],[140.24936,41.5113],[140.24854,41.51235],[140.24719,41.51317],[140.25103,41.51589],[140.25455,41.51936],[140.25568,41.52001],[140.25891,41.52066],[140.26126,41.52209],[140.26472,41.52335],[140.26577,41.5235],[140.26813,41.52305],[140.27006,41.52304],[140.27435,41.52207],[140.27801,41.52172],[140.27908,41.52187],[140.2795,41.52456],[140.28048,41.52647],[140.2812,41.52699]]]}},{"type":"Feature","properties":{"m":"字月崎","b":[140.2549,41.481,140.2672,41.4932],"c":[140.26172,41.48643]},"geometry":{"type":"Polygon","coordinates":[[[140.25683,41.48816],[140.25652,41.48758],[140.25763,41.48548],[140.25489,41.48394],[140.25524,41.48266],[140.25804,41.48164],[140.25849,41.48104],[140.25903,41.48099],[140.26215,41.48245],[140.2662,41.48377],[140.26719,41.48372],[140.26711,41.48395],[140.26688,41.48408],[140.26636,41.48427],[140.266,41.48444],[140.26567,41.4847],[140.26599,41.48501],[140.26625,41.48522],[140.26629,41.48525],[140.26631,41.48526],[140.26637,41.48531],[140.2664,41.48533],[140.26644,41.48536],[140.26647,41.48539],[140.26661,41.48551],[140.26666,41.48556],[140.26668,41.48559],[140.2667,41.48561],[140.26671,41.48563],[140.26672,41.48563],[140.26672,41.48564],[140.26673,41.48565],[140.26675,41.48568],[140.26677,41.48572],[140.26681,41.4858],[140.26686,41.48589],[140.26691,41.48603],[140.26694,41.48619],[140.26694,41.48661],[140.26685,41.48692],[140.26682,41.48722],[140.26682,41.48732],[140.26682,41.48735],[140.26668,41.48762],[140.26593,41.48935],[140.26653,41.49075],[140.26657,41.4932],[140.26497,41.4929],[140.26366,41.49201],[140.26101,41.48972],[140.25975,41.48827],[140.25746,41.4893],[140.25683,41.48816]]]}},{"type":"Feature","properties":{"m":"字福島","b":[140.2144,41.4735,140.2595,41.5001],"c":[140.23615,41.48608]},"geometry":{"type":"Polygon","coordinates":[[[140.25241,41.48532],[140.25147,41.48589],[140.2498,41.48615],[140.24891,41.48645],[140.24872,41.48673],[140.2483,41.4873],[140.24785,41.48766],[140.24777,41.48778],[140.24767,41.48801],[140.24767,41.48823],[140.24545,41.48891],[140.24207,41.48968],[140.24043,41.48973],[140.23801,41.48964],[140.23739,41.48978],[140.23617,41.49038],[140.23366,41.49095],[140.23254,41.49105],[140.23124,41.49055],[140.23106,41.49054],[140.23077,41.49083],[140.23081,41.49107],[140.23088,41.49157],[140.22896,41.4918],[140.22813,41.49268],[140.22787,41.4934],[140.22712,41.49507],[140.22657,41.49533],[140.22598,41.49631],[140.22644,41.49829],[140.2266,41.49924],[140.22558,41.50009],[140.22471,41.50013],[140.22425,41.49993],[140.22383,41.49881],[140.22366,41.49852],[140.22235,41.49834],[140.22131,41.49861],[140.22036,41.49912],[140.22037,41.49938],[140.21976,41.49968],[140.21936,41.49975],[140.21876,41.49967],[140.21741,41.49881],[140.21551,41.49721],[140.21509,41.49633],[140.21542,41.49539],[140.21535,41.49468],[140.21505,41.49433],[140.21438,41.4932],[140.21445,41.49193],[140.21657,41.49012],[140.21728,41.48882],[140.21795,41.48845],[140.21903,41.48765],[140.22086,41.48873],[140.22181,41.48884],[140.22282,41.48709],[140.22444,41.48601],[140.22513,41.4845],[140.22799,41.48237],[140.22994,41.48238],[140.23044,41.48097],[140.23142,41.48099],[140.2321,41.48165],[140.23345,41.48079],[140.23578,41.48087],[140.23763,41.47847],[140.2393,41.47826],[140.24235,41.47867],[140.24494,41.47628],[140.24542,41.475],[140.24685,41.47456],[140.24934,41.47428],[140.2511,41.47471],[140.25428,41.47354],[140.25414,41.47439],[140.25466,41.47647],[140.25549,41.47708],[140.25604,41.4765],[140.25679,41.47696],[140.25803,41.47716],[140.25826,41.47779],[140.2572,41.47805],[140.258,41.4796],[140.25787,41.47966],[140.2581,41.48008],[140.2593,41.47943],[140.25944,41.47941],[140.25948,41.48014],[140.25811,41.48049],[140.25849,41.48104],[140.25804,41.48164],[140.25524,41.48266],[140.25241,41.48532]]]}},{"type":"Feature","properties":{"m":"字日向","b":[140.2533,41.4658,140.2587,41.4771],"c":[140.25577,41.47171]},"geometry":{"type":"Polygon","coordinates":[[[140.25679,41.47696],[140.25604,41.4765],[140.25549,41.47708],[140.25466,41.47647],[140.25414,41.47439],[140.25428,41.47354],[140.25428,41.47162],[140.255,41.47038],[140.25459,41.46928],[140.25334,41.4678],[140.25362,41.46713],[140.25481,41.46666],[140.25573,41.46577],[140.25723,41.46916],[140.25689,41.4723],[140.25742,41.4723],[140.25773,41.47364],[140.25846,41.47356],[140.25868,41.47542],[140.2577,41.47506],[140.25736,41.47337],[140.25677,41.47343],[140.25717,41.47549],[140.25666,41.47619],[140.25679,41.47696]]]}},{"type":"Feature","properties":{"m":"字白符","b":[140.1801,41.4581,140.2557,41.4888],"c":[140.21754,41.47209]},"geometry":{"type":"Polygon","coordinates":[[[140.18046,41.4739],[140.18278,41.47299],[140.18466,41.47261],[140.18571,41.47094],[140.18662,41.47054],[140.18974,41.47024],[140.19392,41.46682],[140.19611,41.46562],[140.19806,41.46531],[140.1982,41.46447],[140.19753,41.46343],[140.19829,41.46148],[140.19896,41.46093],[140.19984,41.46047],[140.20028,41.45843],[140.20183,41.4586],[140.2053,41.45809],[140.2071,41.45824],[140.20936,41.45806],[140.21195,41.45866],[140.21515,41.45838],[140.2188,41.45894],[140.22183,41.45835],[140.22316,41.45852],[140.22558,41.45968],[140.22683,41.45925],[140.22924,41.46],[140.23037,41.45969],[140.2349,41.46128],[140.23833,41.46161],[140.24167,41.46262],[140.24501,41.4619],[140.24575,41.46192],[140.24595,41.46258],[140.24798,41.46401],[140.25062,41.4649],[140.25212,41.46453],[140.25573,41.46577],[140.25481,41.46666],[140.25362,41.46713],[140.25334,41.4678],[140.25459,41.46928],[140.255,41.47038],[140.25428,41.47162],[140.25428,41.47354],[140.2511,41.47471],[140.24934,41.47428],[140.24685,41.47456],[140.24542,41.475],[140.24494,41.47628],[140.24235,41.47867],[140.2393,41.47826],[140.23763,41.47847],[140.23578,41.48087],[140.23345,41.48079],[140.2321,41.48165],[140.23142,41.48099],[140.23044,41.48097],[140.22994,41.48238],[140.22799,41.48237],[140.22513,41.4845],[140.22444,41.48601],[140.22282,41.48709],[140.22181,41.48884],[140.22086,41.48873],[140.21903,41.48765],[140.21671,41.48745],[140.21574,41.48707],[140.21471,41.48644],[140.21294,41.48579],[140.21227,41.48496],[140.21134,41.48477],[140.20962,41.48531],[140.20832,41.48569],[140.20623,41.485],[140.2058,41.48451],[140.20572,41.4842],[140.20579,41.483],[140.20539,41.48299],[140.20507,41.48442],[140.2044,41.48521],[140.20301,41.48517],[140.20053,41.48323],[140.19928,41.48425],[140.19842,41.48451],[140.19599,41.4835],[140.19511,41.48243],[140.19391,41.48245],[140.19205,41.48172],[140.18999,41.48233],[140.18807,41.48175],[140.18759,41.48176],[140.18656,41.48085],[140.18575,41.48098],[140.18427,41.48072],[140.18356,41.48031],[140.18196,41.47726],[140.18184,41.47659],[140.18014,41.47453],[140.18046,41.4739]]]}},{"type":"Feature","properties":{"m":"字宮歌","b":[140.2094,41.4487,140.2469,41.4626],"c":[140.23,41.45622]},"geometry":{"type":"Polygon","coordinates":[[[140.20936,41.45806],[140.20962,41.45725],[140.21076,41.45573],[140.21101,41.45549],[140.2115,41.45496],[140.21213,41.45409],[140.21253,41.45349],[140.21431,41.45235],[140.21631,41.45327],[140.21819,41.45251],[140.22057,41.45268],[140.22259,41.45319],[140.22366,41.45296],[140.22426,41.45192],[140.22454,41.45034],[140.22616,41.44919],[140.22761,41.44867],[140.22821,41.45031],[140.22921,41.45114],[140.23167,41.45099],[140.23237,41.45281],[140.2332,41.45272],[140.23366,41.45168],[140.23529,41.45184],[140.23607,41.4532],[140.23678,41.4533],[140.23945,41.45268],[140.24128,41.45152],[140.24165,41.45117],[140.24282,41.45199],[140.24493,41.45496],[140.24507,41.45639],[140.24415,41.4565],[140.24414,41.45746],[140.24479,41.45802],[140.24691,41.45881],[140.24632,41.46138],[140.24575,41.46192],[140.24501,41.4619],[140.24167,41.46262],[140.23833,41.46161],[140.2349,41.46128],[140.23037,41.45969],[140.22924,41.46],[140.22683,41.45925],[140.22558,41.45968],[140.22316,41.45852],[140.22183,41.45835],[140.2188,41.45894],[140.21515,41.45838],[140.21195,41.45866],[140.20936,41.45806]]]}},{"type":"Feature","properties":{"m":"字豊浜","b":[140.2276,41.4477,140.2413,41.4533],"c":[140.23464,41.45043]},"geometry":{"type":"Polygon","coordinates":[[[140.22761,41.44867],[140.23128,41.44851],[140.23209,41.44772],[140.2341,41.44869],[140.235,41.44882],[140.23677,41.44975],[140.23743,41.44954],[140.2377,41.44839],[140.23931,41.44804],[140.24055,41.44791],[140.24081,41.44847],[140.23863,41.44907],[140.23831,41.44978],[140.24128,41.45152],[140.23945,41.45268],[140.23678,41.4533],[140.23607,41.4532],[140.23529,41.45184],[140.23366,41.45168],[140.2332,41.45272],[140.23237,41.45281],[140.23167,41.45099],[140.22921,41.45114],[140.22821,41.45031],[140.22761,41.44867]]]}},{"type":"Feature","properties":{"m":"字吉岡","b":[140.2141,41.4428,140.2393,41.4533],"c":[140.22481,41.44765]},"geometry":{"type":"Polygon","coordinates":[[[140.21431,41.45235],[140.21413,41.45111],[140.21425,41.45054],[140.21458,41.44985],[140.21485,41.44927],[140.21501,41.44875],[140.2155,41.44787],[140.21587,41.44698],[140.21632,41.44611],[140.21682,41.44537],[140.21738,41.44473],[140.21901,41.44424],[140.22304,41.44434],[140.22404,41.44302],[140.22564,41.44277],[140.23079,41.44351],[140.23097,41.44394],[140.23442,41.44437],[140.23664,41.44562],[140.23779,41.44672],[140.23854,41.44657],[140.23931,41.44804],[140.2377,41.44839],[140.23743,41.44954],[140.23677,41.44975],[140.235,41.44882],[140.2341,41.44869],[140.23209,41.44772],[140.23128,41.44851],[140.22761,41.44867],[140.22616,41.44919],[140.22454,41.45034],[140.22426,41.45192],[140.22366,41.45296],[140.22259,41.45319],[140.22057,41.45268],[140.21819,41.45251],[140.21631,41.45327],[140.21431,41.45235]]]}},{"type":"Feature","properties":{"m":"字美山","b":[140.1924,41.4315,140.2174,41.4586],"c":[140.20504,41.44533]},"geometry":{"type":"Polygon","coordinates":[[[140.19715,41.44102],[140.19774,41.44012],[140.19789,41.43967],[140.19788,41.43874],[140.198,41.43779],[140.19775,41.43726],[140.19746,41.43695],[140.19623,41.43589],[140.19479,41.43515],[140.19401,41.43473],[140.1937,41.4339],[140.19384,41.43372],[140.19436,41.43375],[140.19628,41.43418],[140.19677,41.43424],[140.19738,41.43412],[140.19843,41.43318],[140.19948,41.43313],[140.20056,41.43318],[140.20118,41.43319],[140.20168,41.43288],[140.20208,41.43247],[140.20361,41.432],[140.20437,41.43147],[140.20462,41.43197],[140.2068,41.4334],[140.20869,41.43433],[140.20987,41.435],[140.2108,41.43567],[140.21101,41.43584],[140.21159,41.43614],[140.21282,41.4364],[140.21297,41.43645],[140.21332,41.4368],[140.21361,41.4371],[140.21404,41.43737],[140.21363,41.43791],[140.21345,41.43843],[140.21359,41.4395],[140.21356,41.43991],[140.21378,41.44087],[140.21408,41.4415],[140.21441,41.44212],[140.21456,41.44227],[140.21506,41.44257],[140.21586,41.44302],[140.21659,41.44345],[140.21679,41.44395],[140.21696,41.44435],[140.21738,41.44473],[140.21682,41.44537],[140.21632,41.44611],[140.21587,41.44698],[140.2155,41.44787],[140.21501,41.44875],[140.21485,41.44927],[140.21458,41.44985],[140.21425,41.45054],[140.21413,41.45111],[140.21431,41.45235],[140.21253,41.45349],[140.21213,41.45409],[140.2115,41.45496],[140.21101,41.45549],[140.21076,41.45573],[140.20962,41.45725],[140.20936,41.45806],[140.2071,41.45824],[140.2053,41.45809],[140.20183,41.4586],[140.20028,41.45843],[140.20019,41.45762],[140.19971,41.45716],[140.19772,41.45579],[140.19755,41.45537],[140.19779,41.45407],[140.19788,41.45312],[140.19825,41.45234],[140.19776,41.45155],[140.19656,41.45022],[140.19674,41.44983],[140.19638,41.44824],[140.19589,41.44726],[140.1937,41.44666],[140.19296,41.44586],[140.1924,41.44541],[140.19335,41.44478],[140.19499,41.44266],[140.19567,41.44216],[140.1966,41.44156],[140.19715,41.44102]]]}},{"type":"Feature","properties":{"m":"字館崎","b":[140.2134,41.437,140.2387,41.4456],"c":[140.2252,41.44091]},"geometry":{"type":"Polygon","coordinates":[[[140.21738,41.44473],[140.21696,41.44435],[140.21679,41.44395],[140.21659,41.44345],[140.21586,41.44302],[140.21506,41.44257],[140.21456,41.44227],[140.21441,41.44212],[140.21408,41.4415],[140.21378,41.44087],[140.21356,41.43991],[140.21359,41.4395],[140.21345,41.43843],[140.21363,41.43791],[140.21404,41.43737],[140.21593,41.43734],[140.21674,41.43808],[140.22271,41.43768],[140.22563,41.43776],[140.22902,41.43698],[140.23098,41.43699],[140.2312,41.43774],[140.23228,41.43797],[140.23484,41.4405],[140.23584,41.4403],[140.23686,41.44108],[140.23678,41.44232],[140.23872,41.44396],[140.23787,41.44385],[140.23664,41.44562],[140.23442,41.44437],[140.23097,41.44394],[140.23079,41.44351],[140.22564,41.44277],[140.22404,41.44302],[140.22304,41.44434],[140.21901,41.44424],[140.21738,41.44473]]]}},{"type":"Feature","properties":{"m":"字吉野","b":[140.2044,41.4284,140.231,41.4381],"c":[140.21791,41.43326]},"geometry":{"type":"Polygon","coordinates":[[[140.20711,41.42846],[140.20853,41.42876],[140.21252,41.42889],[140.21327,41.42929],[140.21698,41.42936],[140.21675,41.42885],[140.22008,41.42937],[140.21963,41.42861],[140.22289,41.42835],[140.22311,41.42966],[140.22432,41.42997],[140.22745,41.43238],[140.22975,41.4347],[140.23098,41.43699],[140.22902,41.43698],[140.22563,41.43776],[140.22271,41.43768],[140.21674,41.43808],[140.21593,41.43734],[140.21404,41.43737],[140.21361,41.4371],[140.21332,41.4368],[140.21297,41.43645],[140.21282,41.4364],[140.21159,41.43614],[140.21101,41.43584],[140.2108,41.43567],[140.20987,41.435],[140.20869,41.43433],[140.2068,41.4334],[140.20462,41.43197],[140.20437,41.43147],[140.20678,41.43052],[140.20711,41.42846]]]}},{"type":"Feature","properties":{"m":"字松浦","b":[140.2018,41.4046,140.2229,41.4294],"c":[140.21185,41.41874]},"geometry":{"type":"Polygon","coordinates":[[[140.20599,41.42651],[140.20456,41.4254],[140.20422,41.42453],[140.20511,41.42331],[140.20549,41.42171],[140.20635,41.42075],[140.20577,41.41874],[140.20613,41.41707],[140.20825,41.41589],[140.2083,41.41407],[140.20606,41.41287],[140.2036,41.41206],[140.20189,41.40981],[140.20182,41.40811],[140.20228,41.40746],[140.20447,41.40641],[140.20489,41.40457],[140.207,41.40606],[140.2095,41.40732],[140.21034,41.40687],[140.2122,41.40865],[140.21394,41.40907],[140.21609,41.41004],[140.21599,41.41111],[140.21666,41.41292],[140.21689,41.41445],[140.21658,41.41636],[140.21745,41.41847],[140.2193,41.41949],[140.22,41.42021],[140.22023,41.42232],[140.22088,41.42269],[140.22063,41.42483],[140.22261,41.42649],[140.22289,41.42835],[140.21963,41.42861],[140.22008,41.42937],[140.21675,41.42885],[140.21698,41.42936],[140.21327,41.42929],[140.21252,41.42889],[140.20853,41.42876],[140.20711,41.42846],[140.20727,41.42718],[140.20599,41.42651]]]}},{"type":"Feature","properties":{"m":"字千軒","b":[140.1645,41.527,140.3252,41.6269],"c":[140.24447,41.5657]},"geometry":{"type":"Polygon","coordinates":[[[140.17316,41.56328],[140.17477,41.56247],[140.17575,41.5615],[140.17527,41.55982],[140.17438,41.55881],[140.17389,41.55741],[140.17447,41.5561],[140.1738,41.55331],[140.174,41.55243],[140.17573,41.55102],[140.17629,41.54998],[140.17519,41.54842],[140.17337,41.54759],[140.17517,41.54733],[140.17717,41.5471],[140.17782,41.54696],[140.18054,41.54655],[140.18209,41.54664],[140.18401,41.54657],[140.18522,41.54621],[140.18689,41.54555],[140.18766,41.54526],[140.1919,41.54384],[140.19404,41.54298],[140.19716,41.54224],[140.19828,41.54193],[140.20079,41.54077],[140.20136,41.54081],[140.206,41.54256],[140.21024,41.54387],[140.21229,41.54447],[140.21762,41.54663],[140.22212,41.54801],[140.224,41.54847],[140.22561,41.54851],[140.22776,41.54804],[140.22975,41.54793],[140.23216,41.54766],[140.23449,41.54732],[140.23819,41.54647],[140.24089,41.54616],[140.24282,41.54538],[140.24877,41.54173],[140.25121,41.53938],[140.25612,41.53383],[140.25807,41.53164],[140.26075,41.53095],[140.26101,41.53097],[140.26349,41.53184],[140.26481,41.53188],[140.26815,41.53029],[140.26967,41.52994],[140.2717,41.53048],[140.27339,41.53055],[140.27416,41.53003],[140.27593,41.53016],[140.27861,41.52873],[140.2812,41.52699],[140.28182,41.52719],[140.28578,41.52754],[140.28921,41.5278],[140.29412,41.52833],[140.29822,41.52856],[140.30461,41.52826],[140.30826,41.5279],[140.3103,41.52787],[140.31163,41.52817],[140.31188,41.52831],[140.31283,41.5289],[140.31388,41.52959],[140.31598,41.52989],[140.31743,41.53062],[140.31886,41.53253],[140.32049,41.53393],[140.32082,41.53463],[140.32034,41.53615],[140.3211,41.53769],[140.32232,41.53869],[140.32254,41.54055],[140.32405,41.54182],[140.32438,41.54197],[140.32473,41.54231],[140.32477,41.54242],[140.32491,41.54407],[140.32448,41.54475],[140.32431,41.54546],[140.32514,41.54672],[140.32516,41.55058],[140.32511,41.55159],[140.32437,41.55356],[140.32394,41.5543],[140.32303,41.55523],[140.32273,41.55595],[140.32256,41.55659],[140.32117,41.55788],[140.32028,41.5589],[140.31982,41.56027],[140.3195,41.56148],[140.31868,41.56218],[140.31833,41.56369],[140.31787,41.56378],[140.31645,41.56342],[140.31564,41.56397],[140.31554,41.56527],[140.3137,41.56793],[140.31317,41.56885],[140.31314,41.56942],[140.31253,41.56992],[140.31259,41.57101],[140.3124,41.57158],[140.31091,41.57361],[140.30997,41.57492],[140.30944,41.57644],[140.30935,41.57672],[140.30904,41.57708],[140.309,41.57724],[140.30789,41.57825],[140.30798,41.57934],[140.30798,41.57992],[140.30762,41.58129],[140.30747,41.58152],[140.30667,41.58195],[140.30652,41.58372],[140.30571,41.58447],[140.30523,41.58502],[140.3051,41.58595],[140.30577,41.58646],[140.30598,41.58699],[140.30552,41.58743],[140.30604,41.58855],[140.3069,41.58973],[140.30692,41.59013],[140.30586,41.59058],[140.3047,41.59073],[140.30213,41.59158],[140.29622,41.59429],[140.29602,41.59428],[140.29273,41.5927],[140.29244,41.59259],[140.29122,41.591],[140.29118,41.58972],[140.29074,41.58864],[140.28985,41.5876],[140.28928,41.58729],[140.28923,41.58614],[140.28939,41.58519],[140.2896,41.58454],[140.28968,41.58399],[140.28953,41.5839],[140.28847,41.58349],[140.28691,41.58236],[140.28493,41.58251],[140.28439,41.58249],[140.28334,41.58251],[140.28303,41.5825],[140.28265,41.58232],[140.28154,41.5807],[140.28152,41.58063],[140.28011,41.57976],[140.2799,41.5797],[140.27951,41.57965],[140.27931,41.5797],[140.27893,41.5797],[140.27828,41.57931],[140.27798,41.57936],[140.27776,41.57931],[140.27714,41.57884],[140.27668,41.57865],[140.2759,41.57839],[140.27526,41.57828],[140.27429,41.57755],[140.27395,41.57715],[140.2739,41.57707],[140.27371,41.57614],[140.27369,41.57605],[140.27254,41.57526],[140.27043,41.57438],[140.26953,41.57464],[140.26856,41.57492],[140.26835,41.57493],[140.2676,41.57474],[140.26578,41.5745],[140.26473,41.57378],[140.26369,41.57377],[140.2629,41.57481],[140.26177,41.57493],[140.26075,41.57462],[140.25994,41.57507],[140.25779,41.57546],[140.2568,41.57611],[140.25537,41.57633],[140.25478,41.57696],[140.25112,41.57705],[140.25078,41.57738],[140.25012,41.57845],[140.24901,41.57867],[140.24875,41.57887],[140.24729,41.57964],[140.24592,41.5803],[140.24551,41.58055],[140.24462,41.58077],[140.243,41.58123],[140.24232,41.58157],[140.24156,41.58375],[140.24159,41.58449],[140.23954,41.58475],[140.23847,41.58785],[140.23693,41.58815],[140.23367,41.58927],[140.2331,41.59076],[140.232,41.59247],[140.22965,41.59271],[140.22707,41.59215],[140.22539,41.59243],[140.22424,41.59303],[140.22307,41.5924],[140.22204,41.59428],[140.22009,41.5948],[140.21863,41.59642],[140.21713,41.59708],[140.21615,41.5982],[140.21631,41.60019],[140.21446,41.60135],[140.21403,41.60204],[140.21205,41.60299],[140.21175,41.60362],[140.21236,41.60571],[140.21166,41.60694],[140.21168,41.60849],[140.21073,41.61057],[140.21133,41.61197],[140.21116,41.61293],[140.21352,41.61402],[140.21591,41.61541],[140.21595,41.61594],[140.21727,41.61685],[140.21748,41.61877],[140.21694,41.61922],[140.21413,41.61973],[140.21282,41.62056],[140.21321,41.62277],[140.21373,41.62422],[140.21126,41.62503],[140.20851,41.62537],[140.20696,41.62521],[140.20521,41.62568],[140.20314,41.62685],[140.20128,41.62689],[140.20066,41.62639],[140.2003,41.62538],[140.19913,41.62434],[140.19851,41.62259],[140.19725,41.62204],[140.19558,41.62183],[140.19432,41.61977],[140.19435,41.6186],[140.19505,41.6171],[140.19432,41.61595],[140.19427,41.61431],[140.19476,41.61356],[140.19343,41.61293],[140.19333,41.61152],[140.19511,41.60855],[140.19548,41.6067],[140.19486,41.60489],[140.195,41.60271],[140.19427,41.60133],[140.19432,41.60022],[140.19335,41.59951],[140.19111,41.59971],[140.19014,41.59934],[140.1892,41.59808],[140.18791,41.59745],[140.18633,41.59383],[140.18515,41.59292],[140.18486,41.59118],[140.1837,41.58999],[140.18096,41.58911],[140.18046,41.58843],[140.17819,41.58846],[140.17619,41.58814],[140.17405,41.58723],[140.17363,41.58676],[140.17297,41.58439],[140.17186,41.58363],[140.16928,41.58019],[140.16743,41.57857],[140.16448,41.57749],[140.16528,41.57397],[140.16616,41.57276],[140.16624,41.57156],[140.16762,41.56978],[140.17034,41.56791],[140.17068,41.56636],[140.17316,41.56328]]]}},{"type":"Feature","properties":{"m":"字岩部","b":[140.3109,41.4998,140.4088,41.5447],"c":[140.35811,41.5225]},"geometry":{"type":"Polygon","coordinates":[[[140.31388,41.52959],[140.31283,41.5289],[140.31188,41.52831],[140.31163,41.52817],[140.31094,41.52785],[140.3125,41.52584],[140.31336,41.52413],[140.31374,41.52225],[140.3144,41.51869],[140.31529,41.51652],[140.31678,41.51485],[140.31801,41.51331],[140.31843,41.5115],[140.31797,41.51038],[140.31804,41.50803],[140.31806,41.50566],[140.31853,41.50143],[140.31995,41.49992],[140.3222,41.49977],[140.32374,41.50053],[140.32552,41.50174],[140.32573,41.50145],[140.3275,41.50182],[140.32804,41.50145],[140.32869,41.50259],[140.33142,41.50485],[140.33499,41.50604],[140.33719,41.50711],[140.33866,41.50708],[140.33907,41.50662],[140.34084,41.50648],[140.34271,41.50511],[140.34281,41.50621],[140.34375,41.50641],[140.34503,41.50498],[140.34686,41.50517],[140.34821,41.50589],[140.34892,41.50582],[140.34988,41.50667],[140.34988,41.50776],[140.35226,41.5092],[140.35194,41.51003],[140.35274,41.51114],[140.35251,41.51166],[140.3541,41.51237],[140.35568,41.51199],[140.3564,41.51257],[140.35616,41.51322],[140.36182,41.51522],[140.36539,41.51535],[140.36682,41.51476],[140.36738,41.51405],[140.3685,41.51476],[140.36937,41.51457],[140.37056,41.51568],[140.37268,41.51558],[140.37277,41.5161],[140.37434,41.51638],[140.37463,41.51578],[140.3759,41.51545],[140.37681,41.51459],[140.37782,41.51476],[140.37983,41.51589],[140.38028,41.51522],[140.38534,41.51499],[140.38609,41.51569],[140.38903,41.51594],[140.38847,41.51687],[140.38937,41.51716],[140.39026,41.51612],[140.39149,41.51607],[140.39529,41.51702],[140.39834,41.5184],[140.39837,41.51939],[140.39976,41.51919],[140.40019,41.51797],[140.40133,41.51826],[140.40367,41.51817],[140.40428,41.51928],[140.40527,41.51941],[140.40576,41.51768],[140.40757,41.51662],[140.40866,41.51658],[140.40853,41.51816],[140.40755,41.51993],[140.40786,41.52325],[140.40882,41.5246],[140.40663,41.52593],[140.40382,41.52643],[140.40182,41.52734],[140.39908,41.52742],[140.3974,41.52789],[140.39657,41.52944],[140.39583,41.53171],[140.39453,41.53321],[140.39388,41.53466],[140.39237,41.53588],[140.3922,41.53672],[140.39093,41.53767],[140.39031,41.53884],[140.38887,41.53955],[140.38898,41.54165],[140.38827,41.54357],[140.3873,41.54412],[140.38446,41.5447],[140.38266,41.54418],[140.37987,41.54372],[140.37885,41.54315],[140.37741,41.54296],[140.37528,41.5428],[140.37262,41.54309],[140.3701,41.54211],[140.36459,41.54044],[140.36278,41.53899],[140.36271,41.53722],[140.36222,41.53635],[140.36257,41.53522],[140.36243,41.53389],[140.36165,41.53206],[140.36157,41.53104],[140.36237,41.52937],[140.36224,41.52879],[140.35837,41.52811],[140.35587,41.52734],[140.35458,41.52766],[140.35162,41.52905],[140.34849,41.53],[140.34609,41.52971],[140.3431,41.52973],[140.33979,41.52888],[140.33727,41.52685],[140.33227,41.52849],[140.33009,41.52843],[140.32666,41.52726],[140.32472,41.52746],[140.32322,41.5283],[140.31994,41.52772],[140.31598,41.52989],[140.31388,41.52959]]]}},{"type":"Feature","properties":{"m":"字日の出","b":[140.2791,41.493,140.3257,41.5286],"c":[140.30224,41.51307]},"geometry":{"type":"Polygon","coordinates":[[[140.2795,41.52456],[140.27908,41.52187],[140.28077,41.52136],[140.28284,41.52092],[140.284,41.52037],[140.28469,41.51945],[140.28595,41.51763],[140.28665,41.51656],[140.28861,41.51372],[140.28935,41.51218],[140.29226,41.50858],[140.29271,41.50779],[140.29394,41.5043],[140.29462,41.50369],[140.29447,41.50266],[140.29446,41.50174],[140.29494,41.50109],[140.29517,41.50038],[140.29517,41.49979],[140.29514,41.49938],[140.29504,41.49869],[140.2947,41.49834],[140.29433,41.49707],[140.2948,41.49665],[140.29605,41.49645],[140.2981,41.49659],[140.2985,41.49672],[140.29895,41.49756],[140.29937,41.49806],[140.30009,41.498],[140.30189,41.4987],[140.30266,41.49822],[140.30302,41.49727],[140.30331,41.49691],[140.30458,41.49516],[140.30513,41.49479],[140.30602,41.49403],[140.30632,41.49299],[140.30974,41.4937],[140.3108,41.49546],[140.31356,41.49677],[140.31523,41.49695],[140.31745,41.49823],[140.3199,41.49855],[140.32308,41.49965],[140.32573,41.50145],[140.32552,41.50174],[140.32374,41.50053],[140.3222,41.49977],[140.31995,41.49992],[140.31853,41.50143],[140.31806,41.50566],[140.31804,41.50803],[140.31797,41.51038],[140.31843,41.5115],[140.31801,41.51331],[140.31678,41.51485],[140.31529,41.51652],[140.3144,41.51869],[140.31374,41.52225],[140.31336,41.52413],[140.3125,41.52584],[140.31094,41.52785],[140.3103,41.52787],[140.30826,41.5279],[140.30461,41.52826],[140.29822,41.52856],[140.29412,41.52833],[140.28921,41.5278],[140.28578,41.52754],[140.28182,41.52719],[140.28048,41.52647],[140.2795,41.52456]]]}},{"type":"Feature","properties":{"m":"字浦和","b":[140.2868,41.49,140.3063,41.4994],"c":[140.29584,41.49433]},"geometry":{"type":"Polygon","coordinates":[[[140.30602,41.49403],[140.30513,41.49479],[140.30458,41.49516],[140.30331,41.49691],[140.30302,41.49727],[140.30266,41.49822],[140.30189,41.4987],[140.30009,41.498],[140.29937,41.49806],[140.29895,41.49756],[140.2985,41.49672],[140.2981,41.49659],[140.29605,41.49645],[140.2948,41.49665],[140.29433,41.49707],[140.2947,41.49834],[140.29504,41.49869],[140.29514,41.49938],[140.29363,41.49862],[140.29259,41.49855],[140.29152,41.49789],[140.29058,41.49763],[140.2879,41.49727],[140.28732,41.4943],[140.28726,41.49353],[140.28682,41.49284],[140.28718,41.49248],[140.28768,41.49186],[140.28753,41.49125],[140.28821,41.49044],[140.29117,41.49065],[140.29252,41.48996],[140.29342,41.4914],[140.29563,41.49094],[140.29619,41.49008],[140.29625,41.49147],[140.29955,41.49129],[140.30449,41.49205],[140.30632,41.49299],[140.30602,41.49403]]]}},{"type":"Feature","properties":{"m":"字塩釜","b":[140.2472,41.4837,140.2952,41.5235],"c":[140.27522,41.50636]},"geometry":{"type":"Polygon","coordinates":[[[140.26657,41.4932],[140.26653,41.49075],[140.26593,41.48935],[140.26668,41.48762],[140.26682,41.48735],[140.26682,41.48732],[140.26682,41.48722],[140.26685,41.48692],[140.26694,41.48661],[140.26694,41.48619],[140.26691,41.48603],[140.26686,41.48589],[140.26681,41.4858],[140.26677,41.48572],[140.26675,41.48568],[140.26673,41.48565],[140.26672,41.48564],[140.26672,41.48563],[140.26671,41.48563],[140.2667,41.48561],[140.26668,41.48559],[140.26666,41.48556],[140.26661,41.48551],[140.26647,41.48539],[140.26644,41.48536],[140.2664,41.48533],[140.26637,41.48531],[140.26631,41.48526],[140.26629,41.48525],[140.26625,41.48522],[140.26599,41.48501],[140.26567,41.4847],[140.266,41.48444],[140.26636,41.48427],[140.26688,41.48408],[140.26711,41.48395],[140.26719,41.48372],[140.26812,41.48455],[140.27161,41.48564],[140.27311,41.48554],[140.27465,41.48635],[140.27694,41.48671],[140.27813,41.48722],[140.2824,41.48831],[140.28606,41.4899],[140.28821,41.49044],[140.28753,41.49125],[140.28768,41.49186],[140.28718,41.49248],[140.28682,41.49284],[140.28726,41.49353],[140.28732,41.4943],[140.2879,41.49727],[140.29058,41.49763],[140.29152,41.49789],[140.29259,41.49855],[140.29363,41.49862],[140.29517,41.49979],[140.29517,41.50038],[140.29494,41.50109],[140.29446,41.50174],[140.29447,41.50266],[140.29462,41.50369],[140.29394,41.5043],[140.29271,41.50779],[140.29226,41.50858],[140.28935,41.51218],[140.28861,41.51372],[140.28665,41.51656],[140.28595,41.51763],[140.28469,41.51945],[140.284,41.52037],[140.28284,41.52092],[140.28077,41.52136],[140.27908,41.52187],[140.27801,41.52172],[140.27435,41.52207],[140.27006,41.52304],[140.26813,41.52305],[140.26577,41.5235],[140.26472,41.52335],[140.26126,41.52209],[140.25891,41.52066],[140.25568,41.52001],[140.25455,41.51936],[140.25103,41.51589],[140.24719,41.51317],[140.24854,41.51235],[140.24936,41.5113],[140.25339,41.51238],[140.25644,41.51226],[140.25976,41.51111],[140.26183,41.50999],[140.26386,41.5082],[140.26517,41.50889],[140.27067,41.50815],[140.27128,41.50622],[140.27201,41.50502],[140.27252,41.50246],[140.2717,41.50131],[140.27001,41.49985],[140.26937,41.49866],[140.26952,41.49684],[140.26657,41.4932]]]}},{"type":"Feature","properties":{"m":"字檜倉","b":[140.1673,41.4803,140.2608,41.5485],"c":[140.21049,41.51727]},"geometry":{"type":"Polygon","coordinates":[[[140.17235,41.54543],[140.17427,41.54404],[140.17554,41.54393],[140.17849,41.5433],[140.17935,41.54269],[140.18108,41.54075],[140.18168,41.53947],[140.18099,41.53794],[140.18009,41.53721],[140.17998,41.53563],[140.17774,41.53373],[140.17715,41.53273],[140.17639,41.53177],[140.17645,41.53005],[140.17569,41.52879],[140.1753,41.52705],[140.17372,41.52536],[140.17273,41.52503],[140.16872,41.52518],[140.16854,41.52453],[140.1683,41.52392],[140.16752,41.52214],[140.16747,41.52202],[140.16726,41.52174],[140.16873,41.52054],[140.16878,41.52024],[140.16899,41.51868],[140.16927,41.51826],[140.16922,41.51704],[140.16976,41.51535],[140.16936,41.5147],[140.17001,41.51352],[140.16986,41.51211],[140.16952,41.51176],[140.16928,41.51168],[140.16866,41.51148],[140.16863,41.51142],[140.16858,41.5099],[140.16801,41.509],[140.16922,41.5072],[140.17105,41.50672],[140.17154,41.50656],[140.17349,41.50424],[140.17386,41.50302],[140.17448,41.50156],[140.17471,41.50127],[140.17529,41.50038],[140.17535,41.49992],[140.17549,41.49927],[140.17547,41.49878],[140.17735,41.49735],[140.17796,41.49571],[140.17791,41.49457],[140.17797,41.49418],[140.17923,41.49388],[140.18012,41.49362],[140.18057,41.49339],[140.18086,41.49319],[140.18165,41.49221],[140.1827,41.48961],[140.18367,41.48818],[140.18351,41.48768],[140.1829,41.48608],[140.18273,41.48418],[140.18341,41.48293],[140.18382,41.48127],[140.18356,41.48031],[140.18427,41.48072],[140.18575,41.48098],[140.18656,41.48085],[140.18759,41.48176],[140.18807,41.48175],[140.18999,41.48233],[140.19205,41.48172],[140.19391,41.48245],[140.19511,41.48243],[140.19599,41.4835],[140.19842,41.48451],[140.19928,41.48425],[140.20053,41.48323],[140.20301,41.48517],[140.2044,41.48521],[140.20507,41.48442],[140.20539,41.48299],[140.20579,41.483],[140.20572,41.4842],[140.2058,41.48451],[140.20623,41.485],[140.20832,41.48569],[140.20962,41.48531],[140.21134,41.48477],[140.21227,41.48496],[140.21294,41.48579],[140.21471,41.48644],[140.21574,41.48707],[140.21671,41.48745],[140.21903,41.48765],[140.21795,41.48845],[140.21728,41.48882],[140.21657,41.49012],[140.21445,41.49193],[140.21438,41.4932],[140.21505,41.49433],[140.21535,41.49468],[140.21542,41.49539],[140.21509,41.49633],[140.21551,41.49721],[140.21741,41.49881],[140.21876,41.49967],[140.21936,41.49975],[140.21976,41.49968],[140.22037,41.49938],[140.22036,41.49912],[140.22131,41.49861],[140.22235,41.49834],[140.22366,41.49852],[140.22383,41.49881],[140.22425,41.49993],[140.22471,41.50013],[140.22558,41.50009],[140.2266,41.49924],[140.22644,41.49829],[140.22598,41.49631],[140.22657,41.49533],[140.22712,41.49507],[140.22787,41.4934],[140.22813,41.49268],[140.22896,41.4918],[140.23088,41.49157],[140.23081,41.49107],[140.23077,41.49083],[140.23106,41.49054],[140.23124,41.49055],[140.23254,41.49105],[140.23366,41.49095],[140.23617,41.49038],[140.23739,41.48978],[140.23801,41.48964],[140.24043,41.48973],[140.24207,41.48968],[140.24545,41.48891],[140.24767,41.48823],[140.24776,41.48839],[140.24785,41.48855],[140.24798,41.48878],[140.24817,41.48912],[140.24851,41.48953],[140.24963,41.49025],[140.24973,41.49036],[140.24973,41.49054],[140.2483,41.49285],[140.24759,41.49576],[140.24697,41.49855],[140.24611,41.49983],[140.24603,41.49999],[140.24489,41.50136],[140.24451,41.50225],[140.24413,41.50263],[140.2431,41.5042],[140.24285,41.50459],[140.24146,41.50598],[140.23981,41.51026],[140.24012,41.51132],[140.2402,41.51238],[140.24071,41.51387],[140.24072,41.51433],[140.24135,41.51608],[140.24222,41.51771],[140.2434,41.51845],[140.2446,41.51907],[140.24667,41.52057],[140.24883,41.52234],[140.25209,41.52513],[140.25324,41.52651],[140.25654,41.52822],[140.25926,41.52946],[140.26029,41.53029],[140.26075,41.53095],[140.25807,41.53164],[140.25612,41.53383],[140.25121,41.53938],[140.24877,41.54173],[140.24282,41.54538],[140.24089,41.54616],[140.23819,41.54647],[140.23449,41.54732],[140.23216,41.54766],[140.22975,41.54793],[140.22776,41.54804],[140.22561,41.54851],[140.224,41.54847],[140.22212,41.54801],[140.21762,41.54663],[140.21229,41.54447],[140.21024,41.54387],[140.206,41.54256],[140.20136,41.54081],[140.20079,41.54077],[140.19828,41.54193],[140.19716,41.54224],[140.19404,41.54298],[140.1919,41.54384],[140.18766,41.54526],[140.18689,41.54555],[140.18522,41.54621],[140.18401,41.54657],[140.18209,41.54664],[140.18054,41.54655],[140.17782,41.54696],[140.17717,41.5471],[140.17517,41.54733],[140.17337,41.54759],[140.17215,41.54605],[140.17235,41.54543]]]}},{"type":"Feature","properties":{"m":"字中ノ川","b":[140.347,41.6322,140.4346,41.6689],"c":[140.39291,41.65223]},"geometry":{"type":"Polygon","coordinates":[[[140.38932,41.66808],[140.38881,41.66839],[140.38831,41.66893],[140.38787,41.66894],[140.38703,41.66879],[140.38624,41.66808],[140.38412,41.66775],[140.38315,41.66765],[140.38287,41.66787],[140.38227,41.66856],[140.38145,41.6674],[140.38073,41.66745],[140.37907,41.66707],[140.37782,41.66678],[140.37614,41.66661],[140.37463,41.66563],[140.37346,41.66548],[140.37278,41.66577],[140.3725,41.66578],[140.37203,41.66524],[140.3704,41.66534],[140.36929,41.66436],[140.36913,41.66424],[140.36883,41.66466],[140.36826,41.66456],[140.36765,41.66402],[140.36767,41.66435],[140.36389,41.66253],[140.35792,41.65902],[140.35614,41.65759],[140.35482,41.6546],[140.34987,41.65293],[140.34696,41.65218],[140.34779,41.65089],[140.35037,41.64772],[140.35426,41.64327],[140.35819,41.63987],[140.35966,41.63941],[140.36056,41.63971],[140.36213,41.64125],[140.36345,41.64321],[140.36536,41.64503],[140.36988,41.64804],[140.37269,41.64923],[140.37417,41.64957],[140.37975,41.64973],[140.38291,41.64927],[140.3872,41.64801],[140.3916,41.64657],[140.39363,41.64552],[140.39823,41.64394],[140.40114,41.64364],[140.40312,41.6431],[140.40491,41.64295],[140.40956,41.64194],[140.41124,41.64133],[140.41667,41.63879],[140.42682,41.63602],[140.42688,41.63406],[140.42996,41.63269],[140.43157,41.63218],[140.43175,41.63535],[140.43236,41.64055],[140.43315,41.65053],[140.43457,41.6591],[140.43443,41.6592],[140.43003,41.65783],[140.43028,41.65738],[140.42892,41.65587],[140.42887,41.65561],[140.4272,41.65571],[140.42627,41.65486],[140.42547,41.65444],[140.42516,41.65413],[140.42424,41.65367],[140.42256,41.65464],[140.42071,41.65494],[140.42045,41.65475],[140.42032,41.65517],[140.41924,41.65538],[140.41836,41.65567],[140.41791,41.65571],[140.41489,41.65413],[140.41415,41.65349],[140.4133,41.65337],[140.41263,41.65331],[140.41404,41.654],[140.4144,41.65441],[140.41571,41.65498],[140.41691,41.65562],[140.41668,41.6563],[140.41448,41.65632],[140.41343,41.65604],[140.41131,41.65661],[140.40978,41.65694],[140.40901,41.65619],[140.40836,41.65643],[140.40805,41.65643],[140.40759,41.65609],[140.40674,41.65575],[140.40459,41.65531],[140.40393,41.65498],[140.40296,41.65553],[140.40173,41.65617],[140.40084,41.65659],[140.40149,41.65724],[140.40169,41.65775],[140.40236,41.65633],[140.40385,41.65572],[140.40492,41.65601],[140.40621,41.65651],[140.40706,41.65702],[140.40755,41.65746],[140.40746,41.65809],[140.40685,41.65861],[140.40615,41.65902],[140.40472,41.65909],[140.40402,41.65945],[140.40345,41.65987],[140.40127,41.66143],[140.39718,41.66359],[140.39628,41.66451],[140.39516,41.66565],[140.39299,41.66694],[140.39145,41.66786],[140.38932,41.66808]]]}},{"type":"Feature","properties":{"m":"字森越","b":[140.3311,41.6095,140.4316,41.6527],"c":[140.3913,41.63434]},"geometry":{"type":"Polygon","coordinates":[[[140.34696,41.65218],[140.34624,41.65251],[140.34232,41.65266],[140.3398,41.65233],[140.33668,41.6512],[140.33372,41.64925],[140.33258,41.64794],[140.33121,41.64441],[140.33114,41.64308],[140.33463,41.64328],[140.33861,41.64304],[140.34031,41.64313],[140.34283,41.64268],[140.3446,41.64208],[140.34824,41.64006],[140.35118,41.63699],[140.35367,41.63562],[140.35548,41.63521],[140.36256,41.6347],[140.36545,41.63395],[140.36718,41.63295],[140.37117,41.63018],[140.37655,41.62812],[140.38024,41.62713],[140.38571,41.62633],[140.39209,41.62619],[140.39473,41.62558],[140.39992,41.62398],[140.40187,41.62326],[140.40544,41.62155],[140.40925,41.6187],[140.41126,41.61804],[140.4183,41.61691],[140.41847,41.61614],[140.41813,41.61364],[140.41891,41.61222],[140.41988,41.61154],[140.42132,41.61132],[140.42806,41.60958],[140.42934,41.60945],[140.42975,41.61448],[140.4307,41.6224],[140.43157,41.63218],[140.42996,41.63269],[140.42688,41.63406],[140.42682,41.63602],[140.41667,41.63879],[140.41124,41.64133],[140.40956,41.64194],[140.40491,41.64295],[140.40312,41.6431],[140.40114,41.64364],[140.39823,41.64394],[140.39363,41.64552],[140.3916,41.64657],[140.3872,41.64801],[140.38291,41.64927],[140.37975,41.64973],[140.37417,41.64957],[140.37269,41.64923],[140.36988,41.64804],[140.36536,41.64503],[140.36345,41.64321],[140.36213,41.64125],[140.36056,41.63971],[140.35966,41.63941],[140.35819,41.63987],[140.35426,41.64327],[140.35037,41.64772],[140.34779,41.65089],[140.34696,41.65218]]]}},{"type":"Feature","properties":{"m":"字重内","b":[140.3311,41.5944,140.4293,41.6433],"c":[140.37868,41.61707]},"geometry":{"type":"Polygon","coordinates":[[[140.33114,41.64308],[140.33235,41.63507],[140.33185,41.63124],[140.33216,41.62804],[140.33279,41.6253],[140.3331,41.62053],[140.33369,41.61954],[140.33679,41.61931],[140.33985,41.61932],[140.34683,41.6198],[140.35191,41.61844],[140.35726,41.61806],[140.35991,41.61724],[140.36037,41.61624],[140.36128,41.61223],[140.36159,41.60848],[140.36218,41.60669],[140.36535,41.60578],[140.3695,41.60419],[140.37264,41.60337],[140.37436,41.60262],[140.37562,41.60089],[140.37744,41.60056],[140.37955,41.60069],[140.3813,41.5998],[140.384,41.59903],[140.38569,41.59783],[140.3868,41.59749],[140.39025,41.59883],[140.3913,41.59964],[140.39318,41.60046],[140.39396,41.60021],[140.39534,41.59889],[140.39602,41.59679],[140.39703,41.59514],[140.39815,41.59446],[140.39902,41.59437],[140.40546,41.59611],[140.40801,41.59762],[140.40858,41.59833],[140.40823,41.60032],[140.40862,41.60264],[140.40967,41.60478],[140.41077,41.60525],[140.41251,41.60525],[140.41586,41.60459],[140.41768,41.60335],[140.41723,41.60211],[140.4158,41.6017],[140.41504,41.60092],[140.4154,41.59906],[140.41668,41.59769],[140.41854,41.59653],[140.42122,41.59572],[140.42301,41.59548],[140.42879,41.59534],[140.42865,41.59956],[140.42872,41.60285],[140.42906,41.60823],[140.42934,41.60945],[140.42806,41.60958],[140.42132,41.61132],[140.41988,41.61154],[140.41891,41.61222],[140.41813,41.61364],[140.41847,41.61614],[140.4183,41.61691],[140.41126,41.61804],[140.40925,41.6187],[140.40544,41.62155],[140.40187,41.62326],[140.39992,41.62398],[140.39473,41.62558],[140.39209,41.62619],[140.38571,41.62633],[140.38024,41.62713],[140.37655,41.62812],[140.37117,41.63018],[140.36718,41.63295],[140.36545,41.63395],[140.36256,41.6347],[140.35548,41.63521],[140.35367,41.63562],[140.35118,41.63699],[140.34824,41.64006],[140.3446,41.64208],[140.34283,41.64268],[140.34031,41.64313],[140.33861,41.64304],[140.33463,41.64328],[140.33114,41.64308]]]}},{"type":"Feature","properties":{"m":"字元町","b":[140.3708,41.543,140.4306,41.6052],"c":[140.40114,41.57711]},"geometry":{"type":"Polygon","coordinates":[[[140.38266,41.54418],[140.38285,41.54488],[140.38256,41.54784],[140.38188,41.55253],[140.38222,41.55451],[140.38329,41.55654],[140.38654,41.56147],[140.38977,41.56548],[140.39162,41.56949],[140.39315,41.57077],[140.39396,41.57042],[140.39556,41.56864],[140.39924,41.56571],[140.39985,41.56498],[140.40287,41.56277],[140.40509,41.56188],[140.40922,41.56176],[140.4134,41.56214],[140.41549,41.56285],[140.41679,41.56392],[140.41737,41.56585],[140.41903,41.56767],[140.41994,41.56774],[140.4235,41.56624],[140.42564,41.56604],[140.42829,41.56722],[140.42933,41.56726],[140.42968,41.56581],[140.43039,41.56592],[140.43004,41.56888],[140.42902,41.57521],[140.42907,41.58401],[140.42893,41.58536],[140.43053,41.58572],[140.43064,41.58654],[140.42891,41.58557],[140.42867,41.59032],[140.42879,41.59534],[140.42301,41.59548],[140.42122,41.59572],[140.41854,41.59653],[140.41668,41.59769],[140.4154,41.59906],[140.41504,41.60092],[140.4158,41.6017],[140.41723,41.60211],[140.41768,41.60335],[140.41586,41.60459],[140.41251,41.60525],[140.41077,41.60525],[140.40967,41.60478],[140.40862,41.60264],[140.40823,41.60032],[140.40858,41.59833],[140.40801,41.59762],[140.40546,41.59611],[140.39902,41.59437],[140.39815,41.59446],[140.39708,41.59349],[140.396,41.59148],[140.39408,41.5894],[140.39268,41.58885],[140.38825,41.58776],[140.38203,41.58641],[140.37841,41.58539],[140.3752,41.58372],[140.37368,41.58049],[140.37199,41.57847],[140.37085,41.57742],[140.37088,41.57574],[140.37257,41.57369],[140.37341,41.5716],[140.37346,41.57008],[140.37265,41.56862],[140.37228,41.56696],[140.37201,41.56304],[140.37272,41.56069],[140.37438,41.55697],[140.3752,41.55221],[140.37581,41.54728],[140.37642,41.54476],[140.37741,41.54296],[140.37885,41.54315],[140.37987,41.54372],[140.38266,41.54418]]]}},{"type":"Feature","properties":{"m":"字涌元","b":[140.3819,41.5436,140.4372,41.5708],"c":[140.40661,41.55592]},"geometry":{"type":"Polygon","coordinates":[[[140.38827,41.54357],[140.39109,41.54366],[140.39475,41.54453],[140.39746,41.54539],[140.40135,41.54603],[140.40637,41.54741],[140.40792,41.54766],[140.41184,41.5477],[140.41771,41.54737],[140.42073,41.54759],[140.42318,41.54844],[140.42526,41.54967],[140.42857,41.552],[140.43145,41.55369],[140.43478,41.55524],[140.43717,41.55598],[140.43657,41.55864],[140.4368,41.55934],[140.43345,41.55962],[140.43197,41.56192],[140.43107,41.56163],[140.43039,41.56592],[140.42968,41.56581],[140.42933,41.56726],[140.42829,41.56722],[140.42564,41.56604],[140.4235,41.56624],[140.41994,41.56774],[140.41903,41.56767],[140.41737,41.56585],[140.41679,41.56392],[140.41549,41.56285],[140.4134,41.56214],[140.40922,41.56176],[140.40509,41.56188],[140.40287,41.56277],[140.39985,41.56498],[140.39924,41.56571],[140.39556,41.56864],[140.39396,41.57042],[140.39315,41.57077],[140.39162,41.56949],[140.38977,41.56548],[140.38654,41.56147],[140.38329,41.55654],[140.38222,41.55451],[140.38188,41.55253],[140.38256,41.54784],[140.38285,41.54488],[140.38266,41.54418],[140.38446,41.5447],[140.3873,41.54412],[140.38827,41.54357]]]}},{"type":"Feature","properties":{"m":"字小谷石","b":[140.3883,41.5166,140.4396,41.556],"c":[140.4131,41.53862]},"geometry":{"type":"Polygon","coordinates":[[[140.40866,41.51658],[140.40931,41.51716],[140.40982,41.51879],[140.40882,41.51922],[140.40913,41.52049],[140.41081,41.52177],[140.41198,41.52145],[140.41482,41.52399],[140.4168,41.5252],[140.41731,41.52633],[140.42017,41.52885],[140.41958,41.53042],[140.42027,41.53184],[140.4212,41.53265],[140.42231,41.5322],[140.42164,41.53304],[140.42277,41.53317],[140.42408,41.53457],[140.42612,41.53504],[140.42834,41.53448],[140.42942,41.53494],[140.42992,41.53614],[140.42913,41.53781],[140.43107,41.54017],[140.43209,41.54045],[140.43299,41.54157],[140.43272,41.54235],[140.43339,41.54369],[140.43549,41.54596],[140.43703,41.54814],[140.43629,41.55042],[140.43668,41.55216],[140.43754,41.55286],[140.43896,41.55286],[140.43964,41.55346],[140.43912,41.55406],[140.43766,41.55425],[140.43748,41.55527],[140.43845,41.55554],[140.43717,41.55598],[140.43478,41.55524],[140.43145,41.55369],[140.42857,41.552],[140.42526,41.54967],[140.42318,41.54844],[140.42073,41.54759],[140.41771,41.54737],[140.41184,41.5477],[140.40792,41.54766],[140.40637,41.54741],[140.40135,41.54603],[140.39746,41.54539],[140.39475,41.54453],[140.39109,41.54366],[140.38827,41.54357],[140.38898,41.54165],[140.38887,41.53955],[140.39031,41.53884],[140.39093,41.53767],[140.3922,41.53672],[140.39237,41.53588],[140.39388,41.53466],[140.39453,41.53321],[140.39583,41.53171],[140.39657,41.52944],[140.3974,41.52789],[140.39908,41.52742],[140.40182,41.52734],[140.40382,41.52643],[140.40663,41.52593],[140.40882,41.5246],[140.40786,41.52325],[140.40755,41.51993],[140.40853,41.51816],[140.40866,41.51658]]]}},{"type":"Feature","properties":{"m":"字上雷","b":[140.3497,41.5649,140.3981,41.6067],"c":[140.36892,41.59028]},"geometry":{"type":"Polygon","coordinates":[[[140.36218,41.60669],[140.36165,41.60611],[140.35597,41.60393],[140.35359,41.60195],[140.35166,41.59927],[140.35091,41.59765],[140.35129,41.59665],[140.35253,41.59618],[140.35425,41.59499],[140.35364,41.59312],[140.35094,41.5888],[140.34967,41.58635],[140.34968,41.58563],[140.35159,41.58345],[140.35333,41.57965],[140.35517,41.57638],[140.35552,41.57477],[140.35531,41.57188],[140.35576,41.56935],[140.35647,41.56815],[140.35838,41.56625],[140.36006,41.5653],[140.36158,41.56493],[140.36153,41.5676],[140.36233,41.57322],[140.36411,41.57615],[140.36559,41.57769],[140.36706,41.5787],[140.36966,41.57913],[140.37199,41.57847],[140.37368,41.58049],[140.3752,41.58372],[140.37841,41.58539],[140.38203,41.58641],[140.38825,41.58776],[140.39268,41.58885],[140.39408,41.5894],[140.396,41.59148],[140.39708,41.59349],[140.39815,41.59446],[140.39703,41.59514],[140.39602,41.59679],[140.39534,41.59889],[140.39396,41.60021],[140.39318,41.60046],[140.3913,41.59964],[140.39025,41.59883],[140.3868,41.59749],[140.38569,41.59783],[140.384,41.59903],[140.3813,41.5998],[140.37955,41.60069],[140.37744,41.60056],[140.37562,41.60089],[140.37436,41.60262],[140.37264,41.60337],[140.3695,41.60419],[140.36535,41.60578],[140.36218,41.60669]]]}},{"type":"Feature","properties":{"m":"字湯ノ里","b":[140.2107,41.5269,140.3774,41.6649],"c":[140.29978,41.60287]},"geometry":{"type":"Polygon","coordinates":[[[140.243,41.58123],[140.24462,41.58077],[140.24551,41.58055],[140.24592,41.5803],[140.24729,41.57964],[140.24875,41.57887],[140.24901,41.57867],[140.25012,41.57845],[140.25078,41.57738],[140.25112,41.57705],[140.25478,41.57696],[140.25537,41.57633],[140.2568,41.57611],[140.25779,41.57546],[140.25994,41.57507],[140.26075,41.57462],[140.26177,41.57493],[140.2629,41.57481],[140.26369,41.57377],[140.26473,41.57378],[140.26578,41.5745],[140.2676,41.57474],[140.26835,41.57493],[140.26856,41.57492],[140.26953,41.57464],[140.27043,41.57438],[140.27254,41.57526],[140.27369,41.57605],[140.27371,41.57614],[140.2739,41.57707],[140.27395,41.57715],[140.27429,41.57755],[140.27526,41.57828],[140.2759,41.57839],[140.27668,41.57865],[140.27714,41.57884],[140.27776,41.57931],[140.27798,41.57936],[140.27828,41.57931],[140.27893,41.5797],[140.27931,41.5797],[140.27951,41.57965],[140.2799,41.5797],[140.28011,41.57976],[140.28152,41.58063],[140.28154,41.5807],[140.28265,41.58232],[140.28303,41.5825],[140.28334,41.58251],[140.28439,41.58249],[140.28493,41.58251],[140.28691,41.58236],[140.28847,41.58349],[140.28953,41.5839],[140.28968,41.58399],[140.2896,41.58454],[140.28939,41.58519],[140.28923,41.58614],[140.28928,41.58729],[140.28985,41.5876],[140.29074,41.58864],[140.29118,41.58972],[140.29122,41.591],[140.29244,41.59259],[140.29273,41.5927],[140.29602,41.59428],[140.29622,41.59429],[140.30213,41.59158],[140.3047,41.59073],[140.30586,41.59058],[140.30692,41.59013],[140.3069,41.58973],[140.30604,41.58855],[140.30552,41.58743],[140.30598,41.58699],[140.30577,41.58646],[140.3051,41.58595],[140.30523,41.58502],[140.30571,41.58447],[140.30652,41.58372],[140.30667,41.58195],[140.30747,41.58152],[140.30762,41.58129],[140.30798,41.57992],[140.30798,41.57934],[140.30789,41.57825],[140.309,41.57724],[140.30904,41.57708],[140.30935,41.57672],[140.30944,41.57644],[140.30997,41.57492],[140.31091,41.57361],[140.3124,41.57158],[140.31259,41.57101],[140.31253,41.56992],[140.31314,41.56942],[140.31317,41.56885],[140.3137,41.56793],[140.31554,41.56527],[140.31564,41.56397],[140.31645,41.56342],[140.31787,41.56378],[140.31833,41.56369],[140.31868,41.56218],[140.3195,41.56148],[140.31982,41.56027],[140.32028,41.5589],[140.32117,41.55788],[140.32256,41.55659],[140.32273,41.55595],[140.32303,41.55523],[140.32394,41.5543],[140.32437,41.55356],[140.32511,41.55159],[140.32516,41.55058],[140.32514,41.54672],[140.32431,41.54546],[140.32448,41.54475],[140.32491,41.54407],[140.32477,41.54242],[140.32473,41.54231],[140.32438,41.54197],[140.32405,41.54182],[140.32254,41.54055],[140.32232,41.53869],[140.3211,41.53769],[140.32034,41.53615],[140.32082,41.53463],[140.32049,41.53393],[140.31886,41.53253],[140.31743,41.53062],[140.31598,41.52989],[140.31994,41.52772],[140.32322,41.5283],[140.32472,41.52746],[140.32666,41.52726],[140.33009,41.52843],[140.33227,41.52849],[140.33727,41.52685],[140.33979,41.52888],[140.3431,41.52973],[140.34609,41.52971],[140.34849,41.53],[140.35162,41.52905],[140.35458,41.52766],[140.35587,41.52734],[140.35837,41.52811],[140.36224,41.52879],[140.36237,41.52937],[140.36157,41.53104],[140.36165,41.53206],[140.36243,41.53389],[140.36257,41.53522],[140.36222,41.53635],[140.36271,41.53722],[140.36278,41.53899],[140.36459,41.54044],[140.3701,41.54211],[140.37262,41.54309],[140.37528,41.5428],[140.37741,41.54296],[140.37642,41.54476],[140.37581,41.54728],[140.3752,41.55221],[140.37438,41.55697],[140.37272,41.56069],[140.37201,41.56304],[140.37228,41.56696],[140.37265,41.56862],[140.37346,41.57008],[140.37341,41.5716],[140.37257,41.57369],[140.37088,41.57574],[140.37085,41.57742],[140.37199,41.57847],[140.36966,41.57913],[140.36706,41.5787],[140.36559,41.57769],[140.36411,41.57615],[140.36233,41.57322],[140.36153,41.5676],[140.36158,41.56493],[140.36006,41.5653],[140.35838,41.56625],[140.35647,41.56815],[140.35576,41.56935],[140.35531,41.57188],[140.35552,41.57477],[140.35517,41.57638],[140.35333,41.57965],[140.35159,41.58345],[140.34968,41.58563],[140.34967,41.58635],[140.35094,41.5888],[140.35364,41.59312],[140.35425,41.59499],[140.35253,41.59618],[140.35129,41.59665],[140.35091,41.59765],[140.35166,41.59927],[140.35359,41.60195],[140.35597,41.60393],[140.36165,41.60611],[140.36218,41.60669],[140.36159,41.60848],[140.36128,41.61223],[140.36037,41.61624],[140.35991,41.61724],[140.35726,41.61806],[140.35191,41.61844],[140.34683,41.6198],[140.33985,41.61932],[140.33679,41.61931],[140.33369,41.61954],[140.3331,41.62053],[140.33279,41.6253],[140.33216,41.62804],[140.33185,41.63124],[140.33235,41.63507],[140.33114,41.64308],[140.33121,41.64441],[140.33258,41.64794],[140.33372,41.64925],[140.33668,41.6512],[140.3398,41.65233],[140.34232,41.65266],[140.34624,41.65251],[140.34696,41.65218],[140.34987,41.65293],[140.35482,41.6546],[140.35614,41.65759],[140.35792,41.65902],[140.36389,41.66253],[140.36767,41.66435],[140.36762,41.6648],[140.36639,41.66492],[140.36604,41.66479],[140.36484,41.66389],[140.36438,41.66421],[140.36271,41.664],[140.36175,41.66366],[140.3605,41.66365],[140.36029,41.66434],[140.35978,41.66432],[140.35727,41.6639],[140.35617,41.66335],[140.35634,41.66283],[140.35616,41.66259],[140.35522,41.66317],[140.35515,41.6627],[140.3545,41.66276],[140.35406,41.66226],[140.35189,41.66243],[140.35143,41.66214],[140.35045,41.66223],[140.3501,41.66203],[140.34948,41.66064],[140.34899,41.66019],[140.34823,41.65992],[140.34723,41.66027],[140.34697,41.65977],[140.34644,41.65937],[140.34533,41.65915],[140.34468,41.65917],[140.34363,41.65902],[140.34231,41.65932],[140.34119,41.65893],[140.3408,41.65817],[140.33927,41.65803],[140.33886,41.65763],[140.33898,41.65717],[140.33819,41.65701],[140.33768,41.65679],[140.33727,41.65621],[140.33694,41.65534],[140.33654,41.65492],[140.33445,41.65397],[140.33403,41.65359],[140.33369,41.65327],[140.33306,41.65267],[140.33258,41.65231],[140.33106,41.65197],[140.32976,41.65229],[140.32768,41.65246],[140.3261,41.65248],[140.32337,41.65251],[140.32086,41.65316],[140.31951,41.65339],[140.31801,41.65309],[140.31738,41.6533],[140.31711,41.6534],[140.31577,41.654],[140.31548,41.65464],[140.3148,41.65503],[140.31446,41.65518],[140.31394,41.65541],[140.31309,41.65663],[140.313,41.65717],[140.31262,41.65754],[140.31169,41.65835],[140.30995,41.65884],[140.30857,41.65986],[140.30808,41.66013],[140.30764,41.6612],[140.30551,41.66198],[140.30326,41.66218],[140.30139,41.66287],[140.29986,41.66311],[140.29874,41.66296],[140.2953,41.66211],[140.29473,41.66206],[140.29428,41.66213],[140.29263,41.66294],[140.28897,41.66292],[140.28868,41.66291],[140.28732,41.66274],[140.28636,41.66256],[140.28521,41.66301],[140.28389,41.66278],[140.28212,41.66275],[140.28143,41.65979],[140.27828,41.65884],[140.27785,41.6581],[140.27579,41.65686],[140.27101,41.65687],[140.27004,41.65608],[140.26803,41.65541],[140.26483,41.6533],[140.26379,41.65296],[140.26151,41.65288],[140.25913,41.65328],[140.25774,41.65263],[140.25559,41.64914],[140.25409,41.64899],[140.2531,41.64696],[140.25141,41.6469],[140.25112,41.64561],[140.24999,41.64569],[140.25005,41.64412],[140.24959,41.64376],[140.24919,41.64171],[140.24598,41.63925],[140.24404,41.63837],[140.24139,41.63636],[140.23869,41.63595],[140.23653,41.6348],[140.23593,41.63366],[140.23515,41.63325],[140.23217,41.63336],[140.23067,41.63376],[140.22827,41.63363],[140.22581,41.63391],[140.22489,41.63282],[140.22254,41.63139],[140.22128,41.63004],[140.21755,41.62877],[140.21688,41.62826],[140.21647,41.62697],[140.21373,41.62422],[140.21321,41.62277],[140.21282,41.62056],[140.21413,41.61973],[140.21694,41.61922],[140.21748,41.61877],[140.21727,41.61685],[140.21595,41.61594],[140.21591,41.61541],[140.21352,41.61402],[140.21116,41.61293],[140.21133,41.61197],[140.21073,41.61057],[140.21168,41.60849],[140.21166,41.60694],[140.21236,41.60571],[140.21175,41.60362],[140.21205,41.60299],[140.21403,41.60204],[140.21446,41.60135],[140.21631,41.60019],[140.21615,41.5982],[140.21713,41.59708],[140.21863,41.59642],[140.22009,41.5948],[140.22204,41.59428],[140.22307,41.5924],[140.22424,41.59303],[140.22539,41.59243],[140.22707,41.59215],[140.22965,41.59271],[140.232,41.59247],[140.2331,41.59076],[140.23367,41.58927],[140.23693,41.58815],[140.23847,41.58785],[140.23954,41.58475],[140.24159,41.58449],[140.24156,41.58375],[140.24232,41.58157],[140.243,41.58123]]]}},{"type":"Feature","properties":{"m":"字大釜谷","b":[140.4686,41.7205,140.5556,41.7828],"c":[140.51046,41.75634]},"geometry":{"type":"Polygon","coordinates":[[[140.54925,41.74557],[140.54804,41.74717],[140.54619,41.74759],[140.54463,41.74812],[140.5428,41.74783],[140.54144,41.74799],[140.54033,41.74766],[140.53934,41.74789],[140.53612,41.74867],[140.53508,41.74995],[140.53409,41.75041],[140.53265,41.75076],[140.53134,41.75202],[140.52994,41.75185],[140.52881,41.75227],[140.52751,41.75377],[140.52605,41.75431],[140.52567,41.75522],[140.52379,41.7569],[140.52267,41.75723],[140.52222,41.75852],[140.52144,41.75944],[140.51838,41.76069],[140.51788,41.76215],[140.51694,41.7621],[140.5146,41.76331],[140.51303,41.765],[140.51178,41.76634],[140.51039,41.76723],[140.50927,41.76748],[140.50815,41.76877],[140.50693,41.77139],[140.50675,41.77154],[140.50447,41.77253],[140.50217,41.77309],[140.50017,41.77297],[140.49823,41.77248],[140.49794,41.77244],[140.4964,41.77256],[140.49543,41.77278],[140.49468,41.77511],[140.49466,41.77596],[140.49226,41.77712],[140.48827,41.77897],[140.48628,41.77921],[140.48332,41.78046],[140.48199,41.78061],[140.47937,41.78164],[140.47766,41.78226],[140.47641,41.78279],[140.47193,41.77622],[140.47025,41.77252],[140.4686,41.76966],[140.47348,41.76679],[140.4773,41.76429],[140.48415,41.76166],[140.48804,41.75941],[140.49124,41.75828],[140.49481,41.75654],[140.49762,41.75585],[140.50051,41.75241],[140.50197,41.75109],[140.50406,41.75043],[140.50695,41.75025],[140.50897,41.74988],[140.5127,41.74863],[140.51604,41.74926],[140.5182,41.74885],[140.52159,41.74852],[140.52293,41.7481],[140.52446,41.74859],[140.52705,41.74805],[140.52768,41.74778],[140.52767,41.74685],[140.52745,41.74636],[140.52797,41.74602],[140.52749,41.74541],[140.52754,41.7451],[140.52879,41.74468],[140.52816,41.74388],[140.52781,41.74347],[140.52823,41.74121],[140.5291,41.74037],[140.53108,41.73958],[140.53137,41.73886],[140.53227,41.73793],[140.53254,41.73763],[140.53395,41.73789],[140.5341,41.73742],[140.53321,41.73681],[140.53291,41.73659],[140.53369,41.73619],[140.53514,41.73631],[140.53505,41.73576],[140.53562,41.73507],[140.53482,41.73456],[140.53635,41.73347],[140.53653,41.73258],[140.5358,41.73187],[140.5366,41.73179],[140.53794,41.73163],[140.5372,41.72987],[140.53728,41.72934],[140.53914,41.72786],[140.54062,41.72731],[140.54092,41.72679],[140.54278,41.72668],[140.54369,41.7257],[140.54463,41.72596],[140.54592,41.72457],[140.54608,41.72331],[140.54751,41.72279],[140.54847,41.72246],[140.54847,41.72156],[140.54865,41.72123],[140.54929,41.72084],[140.55147,41.72047],[140.55303,41.72068],[140.55543,41.7228],[140.55547,41.7229],[140.55556,41.72328],[140.55549,41.72341],[140.55528,41.72358],[140.55515,41.72364],[140.55498,41.72371],[140.55487,41.72378],[140.55477,41.72388],[140.5547,41.72396],[140.55467,41.72402],[140.55461,41.72414],[140.55457,41.72421],[140.55445,41.72438],[140.55436,41.72451],[140.55424,41.72469],[140.55408,41.72482],[140.55391,41.7249],[140.55382,41.72495],[140.55365,41.72507],[140.55362,41.72512],[140.55353,41.72523],[140.55346,41.72529],[140.55331,41.72543],[140.5532,41.72559],[140.55313,41.72571],[140.55309,41.72578],[140.55299,41.7259],[140.55285,41.72605],[140.55279,41.72618],[140.55278,41.72631],[140.55281,41.72651],[140.55279,41.72676],[140.55266,41.72707],[140.55183,41.72807],[140.55145,41.72825],[140.55102,41.72831],[140.55081,41.72836],[140.5496,41.72932],[140.54831,41.73097],[140.54767,41.73192],[140.54609,41.73486],[140.54577,41.73622],[140.54604,41.73798],[140.5475,41.74114],[140.54974,41.74223],[140.55043,41.74404],[140.5504,41.74458],[140.55026,41.74526],[140.54925,41.74557]]]}},{"type":"Feature","properties":{"m":"字御宮野","b":[140.5407,41.7152,140.5493,41.7267],"c":[140.544,41.72105]},"geometry":{"type":"Polygon","coordinates":[[[140.54865,41.72123],[140.54847,41.72156],[140.54847,41.72246],[140.54751,41.72279],[140.54608,41.72331],[140.54592,41.72457],[140.54463,41.72596],[140.54369,41.7257],[140.54278,41.72668],[140.54136,41.72529],[140.54067,41.72278],[140.54094,41.71984],[140.54127,41.71951],[140.54097,41.71746],[140.54126,41.71517],[140.54272,41.71585],[140.54703,41.71864],[140.54783,41.71982],[140.54929,41.72084],[140.54865,41.72123]]]}},{"type":"Feature","properties":{"m":"字釜谷","b":[140.5125,41.7078,140.5428,41.7493],"c":[140.52768,41.7303]},"geometry":{"type":"Polygon","coordinates":[[[140.54092,41.72679],[140.54062,41.72731],[140.53914,41.72786],[140.53728,41.72934],[140.5372,41.72987],[140.53794,41.73163],[140.5366,41.73179],[140.5358,41.73187],[140.53653,41.73258],[140.53635,41.73347],[140.53482,41.73456],[140.53562,41.73507],[140.53505,41.73576],[140.53514,41.73631],[140.53369,41.73619],[140.53291,41.73659],[140.53321,41.73681],[140.5341,41.73742],[140.53395,41.73789],[140.53254,41.73763],[140.53227,41.73793],[140.53137,41.73886],[140.53108,41.73958],[140.5291,41.74037],[140.52823,41.74121],[140.52781,41.74347],[140.52816,41.74388],[140.52879,41.74468],[140.52754,41.7451],[140.52749,41.74541],[140.52797,41.74602],[140.52745,41.74636],[140.52767,41.74685],[140.52768,41.74778],[140.52705,41.74805],[140.52446,41.74859],[140.52293,41.7481],[140.52159,41.74852],[140.5182,41.74885],[140.51604,41.74926],[140.5127,41.74863],[140.51253,41.74614],[140.51308,41.745],[140.51437,41.74347],[140.51477,41.74209],[140.51437,41.74087],[140.51339,41.73937],[140.51336,41.73822],[140.51272,41.73536],[140.51351,41.7327],[140.5144,41.73195],[140.51779,41.72998],[140.5264,41.72842],[140.52831,41.72754],[140.52886,41.72636],[140.52861,41.72371],[140.5266,41.71565],[140.52661,41.71324],[140.52713,41.71141],[140.52982,41.71054],[140.5313,41.70895],[140.53211,41.70851],[140.53256,41.70777],[140.53489,41.70846],[140.53451,41.70888],[140.53608,41.71045],[140.53883,41.71172],[140.53941,41.71342],[140.54066,41.71493],[140.54126,41.71517],[140.54097,41.71746],[140.54127,41.71951],[140.54094,41.71984],[140.54067,41.72278],[140.54136,41.72529],[140.54278,41.72668],[140.54092,41.72679]]]}},{"type":"Feature","properties":{"m":"字亀川","b":[140.4577,41.7,140.5326,41.7697],"c":[140.50003,41.73698]},"geometry":{"type":"Polygon","coordinates":[[[140.50897,41.74988],[140.50695,41.75025],[140.50406,41.75043],[140.50197,41.75109],[140.50051,41.75241],[140.49762,41.75585],[140.49481,41.75654],[140.49124,41.75828],[140.48804,41.75941],[140.48415,41.76166],[140.4773,41.76429],[140.47348,41.76679],[140.4686,41.76966],[140.4641,41.76622],[140.46198,41.76418],[140.45772,41.76046],[140.45821,41.75936],[140.45998,41.75864],[140.46126,41.75874],[140.46204,41.75824],[140.46396,41.75827],[140.4645,41.75649],[140.46687,41.75566],[140.46654,41.75486],[140.46762,41.75422],[140.46867,41.75421],[140.47011,41.7533],[140.47099,41.75202],[140.47213,41.74952],[140.47206,41.74862],[140.47072,41.74868],[140.47073,41.74804],[140.4718,41.74666],[140.47335,41.74644],[140.47396,41.74572],[140.47698,41.74632],[140.47886,41.74479],[140.47987,41.74441],[140.48194,41.74442],[140.4825,41.74406],[140.48411,41.74413],[140.48617,41.74268],[140.48672,41.74151],[140.4882,41.74012],[140.48887,41.74022],[140.48934,41.73933],[140.49389,41.73868],[140.49425,41.7376],[140.49608,41.73594],[140.49616,41.73518],[140.49708,41.73422],[140.49646,41.73252],[140.49566,41.73169],[140.49856,41.7303],[140.49993,41.72824],[140.5009,41.72618],[140.50212,41.72622],[140.50325,41.72567],[140.50301,41.72489],[140.50374,41.72445],[140.50332,41.72263],[140.5034,41.7223],[140.50374,41.72142],[140.50439,41.7201],[140.50508,41.71971],[140.50772,41.71893],[140.50887,41.71754],[140.50884,41.71684],[140.50871,41.71654],[140.51055,41.71538],[140.51132,41.71407],[140.51121,41.71184],[140.51034,41.71122],[140.51031,41.71087],[140.51109,41.70892],[140.51166,41.70844],[140.51194,41.70713],[140.51327,41.70471],[140.51484,41.70364],[140.51547,41.70243],[140.51656,41.70147],[140.51856,41.70172],[140.52339,41.70019],[140.52427,41.70005],[140.52686,41.70048],[140.52822,41.70138],[140.52886,41.70231],[140.52931,41.70405],[140.53256,41.70777],[140.53211,41.70851],[140.5313,41.70895],[140.52982,41.71054],[140.52713,41.71141],[140.52661,41.71324],[140.5266,41.71565],[140.52861,41.72371],[140.52886,41.72636],[140.52831,41.72754],[140.5264,41.72842],[140.51779,41.72998],[140.5144,41.73195],[140.51351,41.7327],[140.51272,41.73536],[140.51336,41.73822],[140.51339,41.73937],[140.51437,41.74087],[140.51477,41.74209],[140.51437,41.74347],[140.51308,41.745],[140.51253,41.74614],[140.5127,41.74863],[140.50897,41.74988]]]}},{"type":"Feature","properties":{"m":"字泉沢","b":[140.4956,41.6977,140.5166,41.7084],"c":[140.50659,41.70208]},"geometry":{"type":"Polygon","coordinates":[[[140.51166,41.70844],[140.51091,41.70702],[140.51143,41.70513],[140.50993,41.70475],[140.50378,41.70312],[140.49958,41.70232],[140.49913,41.70261],[140.49819,41.70427],[140.49692,41.70395],[140.49613,41.70366],[140.49559,41.70196],[140.49658,41.70128],[140.49641,41.70062],[140.50157,41.69957],[140.50201,41.69767],[140.50222,41.69946],[140.50375,41.69929],[140.50697,41.69947],[140.51391,41.70032],[140.51519,41.70129],[140.51656,41.70147],[140.51547,41.70243],[140.51484,41.70364],[140.51327,41.70471],[140.51194,41.70713],[140.51166,41.70844]]]}},{"type":"Feature","properties":{"m":"字二乃岱","b":[140.4969,41.7023,140.5117,41.7226],"c":[140.50446,41.71089]},"geometry":{"type":"Polygon","coordinates":[[[140.51109,41.70892],[140.51031,41.71087],[140.51034,41.71122],[140.51121,41.71184],[140.51132,41.71407],[140.51055,41.71538],[140.50871,41.71654],[140.50884,41.71684],[140.50887,41.71754],[140.50772,41.71893],[140.50508,41.71971],[140.50439,41.7201],[140.50374,41.72142],[140.5034,41.7223],[140.50332,41.72263],[140.5018,41.72057],[140.50098,41.71846],[140.50012,41.71609],[140.49995,41.71368],[140.4994,41.71183],[140.49826,41.70972],[140.49711,41.70645],[140.49692,41.70395],[140.49819,41.70427],[140.49913,41.70261],[140.49958,41.70232],[140.50378,41.70312],[140.50993,41.70475],[140.51143,41.70513],[140.51091,41.70702],[140.51166,41.70844],[140.51109,41.70892]]]}},{"type":"Feature","properties":{"m":"字橋呉","b":[140.4518,41.6984,140.5037,41.7605],"c":[140.48237,41.73292]},"geometry":{"type":"Polygon","coordinates":[[[140.45772,41.76046],[140.45314,41.75662],[140.45176,41.75494],[140.45193,41.75438],[140.45412,41.75347],[140.45514,41.75233],[140.45963,41.75167],[140.45955,41.74964],[140.46059,41.74831],[140.4622,41.74722],[140.46461,41.74626],[140.46536,41.74561],[140.46548,41.74397],[140.46608,41.74308],[140.46677,41.74091],[140.47084,41.73478],[140.47402,41.73272],[140.47467,41.73204],[140.47548,41.72996],[140.47695,41.72796],[140.47786,41.7258],[140.48094,41.72319],[140.48171,41.72124],[140.48501,41.71752],[140.48668,41.7167],[140.49019,41.71423],[140.49176,41.71208],[140.49374,41.70786],[140.49439,41.70569],[140.49393,41.70161],[140.49318,41.69844],[140.4949,41.69879],[140.49641,41.70062],[140.49658,41.70128],[140.49559,41.70196],[140.49613,41.70366],[140.49692,41.70395],[140.49711,41.70645],[140.49826,41.70972],[140.4994,41.71183],[140.49995,41.71368],[140.50012,41.71609],[140.50098,41.71846],[140.5018,41.72057],[140.50332,41.72263],[140.50374,41.72445],[140.50301,41.72489],[140.50325,41.72567],[140.50212,41.72622],[140.5009,41.72618],[140.49993,41.72824],[140.49856,41.7303],[140.49566,41.73169],[140.49646,41.73252],[140.49708,41.73422],[140.49616,41.73518],[140.49608,41.73594],[140.49425,41.7376],[140.49389,41.73868],[140.48934,41.73933],[140.48887,41.74022],[140.4882,41.74012],[140.48672,41.74151],[140.48617,41.74268],[140.48411,41.74413],[140.4825,41.74406],[140.48194,41.74442],[140.47987,41.74441],[140.47886,41.74479],[140.47698,41.74632],[140.47396,41.74572],[140.47335,41.74644],[140.4718,41.74666],[140.47073,41.74804],[140.47072,41.74868],[140.47206,41.74862],[140.47213,41.74952],[140.47099,41.75202],[140.47011,41.7533],[140.46867,41.75421],[140.46762,41.75422],[140.46654,41.75486],[140.46687,41.75566],[140.4645,41.75649],[140.46396,41.75827],[140.46204,41.75824],[140.46126,41.75874],[140.45998,41.75864],[140.45821,41.75936],[140.45772,41.76046]]]}},{"type":"Feature","properties":{"m":"字幸連","b":[140.4233,41.6978,140.4944,41.7892],"c":[140.45538,41.74836]},"geometry":{"type":"Polygon","coordinates":[[[140.46439,41.78915],[140.4641,41.78918],[140.46256,41.78892],[140.45968,41.78906],[140.45771,41.78871],[140.45512,41.78901],[140.45192,41.78859],[140.45017,41.78782],[140.44857,41.78828],[140.44736,41.78887],[140.44619,41.7882],[140.44474,41.78795],[140.44411,41.78796],[140.44401,41.78695],[140.44305,41.78538],[140.44177,41.78427],[140.43977,41.78205],[140.43831,41.77974],[140.43718,41.77842],[140.43598,41.77767],[140.43387,41.77736],[140.43233,41.77607],[140.4298,41.77579],[140.42882,41.7748],[140.4256,41.77413],[140.42438,41.77355],[140.42329,41.77126],[140.42356,41.77001],[140.42451,41.7683],[140.42543,41.7656],[140.42445,41.76286],[140.42336,41.75956],[140.42328,41.75671],[140.42411,41.75442],[140.42621,41.74886],[140.42609,41.74543],[140.42529,41.74137],[140.42555,41.7395],[140.42597,41.73987],[140.42981,41.74207],[140.43118,41.74345],[140.43396,41.74467],[140.43582,41.74522],[140.4395,41.74582],[140.4389,41.74387],[140.43911,41.74068],[140.44006,41.73859],[140.43995,41.73621],[140.44005,41.73555],[140.44201,41.7338],[140.44189,41.73285],[140.44385,41.73137],[140.44424,41.72978],[140.44517,41.72927],[140.44619,41.72736],[140.44686,41.72727],[140.4494,41.7259],[140.4504,41.72471],[140.45457,41.72146],[140.45796,41.71968],[140.46055,41.71794],[140.46149,41.71825],[140.46362,41.71698],[140.46589,41.716],[140.4661,41.71499],[140.46529,41.71408],[140.46578,41.71316],[140.46795,41.71215],[140.46926,41.70978],[140.4718,41.70818],[140.47313,41.70802],[140.47408,41.70837],[140.47471,41.7078],[140.47501,41.70654],[140.47583,41.70571],[140.4749,41.70536],[140.4747,41.70457],[140.47656,41.70439],[140.47695,41.70298],[140.47756,41.70231],[140.47706,41.7013],[140.47784,41.70045],[140.4794,41.70069],[140.48086,41.70038],[140.48355,41.69847],[140.48288,41.69788],[140.48732,41.6978],[140.49318,41.69844],[140.49393,41.70161],[140.49439,41.70569],[140.49374,41.70786],[140.49176,41.71208],[140.49019,41.71423],[140.48668,41.7167],[140.48501,41.71752],[140.48171,41.72124],[140.48094,41.72319],[140.47786,41.7258],[140.47695,41.72796],[140.47548,41.72996],[140.47467,41.73204],[140.47402,41.73272],[140.47084,41.73478],[140.46677,41.74091],[140.46608,41.74308],[140.46548,41.74397],[140.46536,41.74561],[140.46461,41.74626],[140.4622,41.74722],[140.46059,41.74831],[140.45955,41.74964],[140.45963,41.75167],[140.45514,41.75233],[140.45412,41.75347],[140.45193,41.75438],[140.45176,41.75494],[140.45314,41.75662],[140.45772,41.76046],[140.46198,41.76418],[140.4641,41.76622],[140.4686,41.76966],[140.47025,41.77252],[140.47193,41.77622],[140.47641,41.78279],[140.47405,41.78399],[140.47211,41.78455],[140.47022,41.78462],[140.46874,41.78608],[140.46709,41.78643],[140.46621,41.78812],[140.46532,41.78869],[140.46439,41.78915]]]}},{"type":"Feature","properties":{"m":"字札苅","b":[140.4399,41.6947,140.4778,41.7362],"c":[140.45827,41.71046]},"geometry":{"type":"Polygon","coordinates":[[[140.43995,41.73621],[140.43985,41.73489],[140.44007,41.73175],[140.44054,41.72821],[140.44063,41.72192],[140.44093,41.71896],[140.44193,41.7177],[140.44462,41.71771],[140.44644,41.71806],[140.44777,41.71742],[140.44906,41.71774],[140.45033,41.71752],[140.45159,41.716],[140.45365,41.71493],[140.45429,41.71426],[140.45418,41.71308],[140.45457,41.71058],[140.45397,41.70904],[140.45089,41.70379],[140.45067,41.70202],[140.45154,41.69908],[140.45306,41.69733],[140.45373,41.69576],[140.45542,41.69466],[140.46054,41.69705],[140.46336,41.69741],[140.46605,41.69719],[140.46991,41.69749],[140.47181,41.6973],[140.47322,41.69752],[140.47535,41.69845],[140.47784,41.70045],[140.47706,41.7013],[140.47756,41.70231],[140.47695,41.70298],[140.47656,41.70439],[140.4747,41.70457],[140.4749,41.70536],[140.47583,41.70571],[140.47501,41.70654],[140.47471,41.7078],[140.47408,41.70837],[140.47313,41.70802],[140.4718,41.70818],[140.46926,41.70978],[140.46795,41.71215],[140.46578,41.71316],[140.46529,41.71408],[140.4661,41.71499],[140.46589,41.716],[140.46362,41.71698],[140.46149,41.71825],[140.46055,41.71794],[140.45796,41.71968],[140.45457,41.72146],[140.4504,41.72471],[140.4494,41.7259],[140.44686,41.72727],[140.44619,41.72736],[140.44517,41.72927],[140.44424,41.72978],[140.44385,41.73137],[140.44189,41.73285],[140.44201,41.7338],[140.44005,41.73555],[140.43995,41.73621]]]}},{"type":"Feature","properties":{"m":"字大平","b":[140.4255,41.6858,140.4554,41.7458],"c":[140.43878,41.71407]},"geometry":{"type":"Polygon","coordinates":[[[140.42555,41.7395],[140.42575,41.73832],[140.42606,41.73807],[140.42761,41.73599],[140.42748,41.73378],[140.42741,41.73347],[140.42741,41.73238],[140.4268,41.73039],[140.42694,41.72898],[140.42796,41.72637],[140.42793,41.72279],[140.42638,41.7194],[140.42579,41.71855],[140.42664,41.71625],[140.42637,41.71545],[140.42707,41.71265],[140.42677,41.71112],[140.42725,41.7085],[140.4279,41.70774],[140.42834,41.70586],[140.42924,41.70347],[140.43069,41.7012],[140.43389,41.69785],[140.43445,41.69628],[140.43566,41.69535],[140.43658,41.69375],[140.43968,41.69215],[140.43985,41.69159],[140.44226,41.68979],[140.44328,41.68847],[140.44324,41.68724],[140.44434,41.68701],[140.44579,41.6858],[140.44754,41.68675],[140.44882,41.68905],[140.44995,41.68982],[140.45209,41.69208],[140.45542,41.69466],[140.45373,41.69576],[140.45306,41.69733],[140.45154,41.69908],[140.45067,41.70202],[140.45089,41.70379],[140.45397,41.70904],[140.45457,41.71058],[140.45418,41.71308],[140.45429,41.71426],[140.45365,41.71493],[140.45159,41.716],[140.45033,41.71752],[140.44906,41.71774],[140.44777,41.71742],[140.44644,41.71806],[140.44462,41.71771],[140.44193,41.7177],[140.44093,41.71896],[140.44063,41.72192],[140.44054,41.72821],[140.44007,41.73175],[140.43985,41.73489],[140.43995,41.73621],[140.44006,41.73859],[140.43911,41.74068],[140.4389,41.74387],[140.4395,41.74582],[140.43582,41.74522],[140.43396,41.74467],[140.43118,41.74345],[140.42981,41.74207],[140.42597,41.73987],[140.42555,41.7395]]]}},{"type":"Feature","properties":{"m":"字前浜","b":[140.439,41.6766,140.4419,41.6817],"c":[140.44037,41.67903]},"geometry":{"type":"Polygon","coordinates":[[[140.43996,41.67661],[140.44188,41.68128],[140.44115,41.68168],[140.44046,41.6801],[140.43935,41.67863],[140.43897,41.67737],[140.43996,41.67661]]]}},{"type":"Feature","properties":{"m":"字木古内","b":[140.4068,41.6742,140.4458,41.7191],"c":[140.42389,41.69613]},"geometry":{"type":"Polygon","coordinates":[[[140.42579,41.71855],[140.42534,41.71845],[140.42265,41.71837],[140.42133,41.71846],[140.41609,41.71912],[140.41359,41.71887],[140.41261,41.71849],[140.41124,41.7167],[140.4109,41.71403],[140.40985,41.7123],[140.40766,41.70974],[140.40679,41.70829],[140.40679,41.70563],[140.40792,41.70428],[140.40971,41.70275],[140.41159,41.7008],[140.41384,41.6985],[140.41499,41.69649],[140.41543,41.6951],[140.41641,41.6914],[140.41707,41.68461],[140.41695,41.68266],[140.41637,41.67894],[140.41604,41.67832],[140.41798,41.67751],[140.41826,41.67731],[140.41826,41.67597],[140.41985,41.67436],[140.42096,41.67439],[140.42344,41.67516],[140.42396,41.67507],[140.42697,41.67418],[140.42783,41.67623],[140.4287,41.67605],[140.43169,41.67549],[140.43218,41.67724],[140.43331,41.67779],[140.43363,41.67861],[140.43471,41.67939],[140.4355,41.67958],[140.43695,41.6803],[140.43586,41.6815],[140.43626,41.68173],[140.43583,41.6832],[140.43651,41.68353],[140.43761,41.68512],[140.43857,41.68416],[140.43922,41.68437],[140.44099,41.68282],[140.44131,41.68332],[140.44283,41.68258],[140.44579,41.6858],[140.44434,41.68701],[140.44324,41.68724],[140.44328,41.68847],[140.44226,41.68979],[140.43985,41.69159],[140.43968,41.69215],[140.43658,41.69375],[140.43566,41.69535],[140.43445,41.69628],[140.43389,41.69785],[140.43069,41.7012],[140.42924,41.70347],[140.42834,41.70586],[140.4279,41.70774],[140.42725,41.7085],[140.42677,41.71112],[140.42707,41.71265],[140.42637,41.71545],[140.42664,41.71625],[140.42579,41.71855]]]}},{"type":"Feature","properties":{"m":"字本町","b":[140.4262,41.6684,140.4428,41.6851],"c":[140.43435,41.67594]},"geometry":{"type":"Polygon","coordinates":[[[140.44188,41.68128],[140.44283,41.68258],[140.44131,41.68332],[140.44099,41.68282],[140.43922,41.68437],[140.43857,41.68416],[140.43761,41.68512],[140.43651,41.68353],[140.43583,41.6832],[140.43626,41.68173],[140.43586,41.6815],[140.43695,41.6803],[140.4355,41.67958],[140.43471,41.67939],[140.43363,41.67861],[140.43331,41.67779],[140.43218,41.67724],[140.43169,41.67549],[140.4287,41.67605],[140.42783,41.67623],[140.42697,41.67418],[140.4262,41.67266],[140.42747,41.67239],[140.42685,41.67085],[140.42697,41.66994],[140.42758,41.66995],[140.42755,41.66841],[140.43038,41.6694],[140.43036,41.67014],[140.4327,41.66934],[140.43317,41.67035],[140.43387,41.67038],[140.43407,41.67127],[140.43558,41.67231],[140.43694,41.67264],[140.4373,41.6717],[140.43996,41.67661],[140.43897,41.67737],[140.43935,41.67863],[140.44046,41.6801],[140.44115,41.68168],[140.44188,41.68128]]]}},{"type":"Feature","properties":{"m":"字新道","b":[140.4155,41.6558,140.4373,41.6726],"c":[140.42704,41.66318]},"geometry":{"type":"Polygon","coordinates":[[[140.43443,41.6592],[140.43459,41.65923],[140.43581,41.66657],[140.43637,41.66924],[140.4373,41.6717],[140.43694,41.67264],[140.43558,41.67231],[140.43407,41.67127],[140.43387,41.67038],[140.43317,41.67035],[140.4327,41.66934],[140.43036,41.67014],[140.43038,41.6694],[140.42755,41.66841],[140.41647,41.6661],[140.41862,41.66386],[140.41835,41.66349],[140.41724,41.66279],[140.4173,41.66153],[140.41717,41.6611],[140.41552,41.65964],[140.41612,41.65884],[140.41774,41.65782],[140.4187,41.65804],[140.42075,41.6579],[140.4216,41.65771],[140.42394,41.65644],[140.42463,41.65632],[140.42657,41.65589],[140.42866,41.6558],[140.42892,41.65587],[140.43028,41.65738],[140.43003,41.65783],[140.43443,41.6592]]]}},{"type":"Feature","properties":{"m":"字鶴岡","b":[140.3941,41.6661,140.4276,41.6808],"c":[140.41024,41.67235]},"geometry":{"type":"Polygon","coordinates":[[[140.42396,41.67507],[140.42344,41.67516],[140.42096,41.67439],[140.41985,41.67436],[140.41783,41.67433],[140.41537,41.67465],[140.4115,41.67368],[140.41071,41.674],[140.40964,41.67565],[140.40723,41.67581],[140.4034,41.6769],[140.40272,41.67908],[140.39674,41.68083],[140.3961,41.68069],[140.39493,41.67902],[140.3945,41.67757],[140.39417,41.6751],[140.39406,41.67245],[140.39576,41.67241],[140.39755,41.67203],[140.40046,41.67096],[140.40331,41.66948],[140.40748,41.66757],[140.41082,41.66649],[140.41647,41.6661],[140.42755,41.66841],[140.42758,41.66995],[140.42697,41.66994],[140.42685,41.67085],[140.42747,41.67239],[140.4262,41.67266],[140.42697,41.67418],[140.42396,41.67507]]]}},{"type":"Feature","properties":{"m":"字建川","b":[140.322,41.6533,140.4289,41.6869],"c":[140.36013,41.67093]},"geometry":{"type":"Polygon","coordinates":[[[140.39145,41.66786],[140.39299,41.66694],[140.39516,41.66565],[140.39628,41.66451],[140.39718,41.66359],[140.40127,41.66143],[140.40345,41.65987],[140.40402,41.65945],[140.40472,41.65909],[140.40615,41.65902],[140.40685,41.65861],[140.40746,41.65809],[140.40755,41.65746],[140.40706,41.65702],[140.40621,41.65651],[140.40492,41.65601],[140.40385,41.65572],[140.40236,41.65633],[140.40169,41.65775],[140.40149,41.65724],[140.40084,41.65659],[140.40173,41.65617],[140.40296,41.65553],[140.40393,41.65498],[140.40459,41.65531],[140.40674,41.65575],[140.40759,41.65609],[140.40805,41.65643],[140.40836,41.65643],[140.40901,41.65619],[140.40978,41.65694],[140.41131,41.65661],[140.41343,41.65604],[140.41448,41.65632],[140.41668,41.6563],[140.41691,41.65562],[140.41571,41.65498],[140.4144,41.65441],[140.41404,41.654],[140.41263,41.65331],[140.4133,41.65337],[140.41415,41.65349],[140.41489,41.65413],[140.41791,41.65571],[140.41836,41.65567],[140.41924,41.65538],[140.42032,41.65517],[140.42045,41.65475],[140.42071,41.65494],[140.42256,41.65464],[140.42424,41.65367],[140.42516,41.65413],[140.42547,41.65444],[140.42627,41.65486],[140.4272,41.65571],[140.42887,41.65561],[140.42892,41.65587],[140.42866,41.6558],[140.42657,41.65589],[140.42463,41.65632],[140.42394,41.65644],[140.4216,41.65771],[140.42075,41.6579],[140.4187,41.65804],[140.41774,41.65782],[140.41612,41.65884],[140.41552,41.65964],[140.41717,41.6611],[140.4173,41.66153],[140.41724,41.66279],[140.41835,41.66349],[140.41862,41.66386],[140.41647,41.6661],[140.41082,41.66649],[140.40748,41.66757],[140.40331,41.66948],[140.40046,41.67096],[140.39755,41.67203],[140.39576,41.67241],[140.39406,41.67245],[140.3876,41.67237],[140.38381,41.67269],[140.38075,41.67261],[140.3792,41.67298],[140.37805,41.67417],[140.37807,41.67612],[140.37634,41.67708],[140.37196,41.67782],[140.37115,41.67892],[140.37078,41.68056],[140.37,41.6821],[140.36999,41.68519],[140.3697,41.6864],[140.36722,41.68548],[140.36635,41.68447],[140.36522,41.68231],[140.36269,41.67964],[140.3611,41.68097],[140.36067,41.68311],[140.36078,41.68447],[140.3593,41.68486],[140.35902,41.68649],[140.35378,41.685],[140.35141,41.6841],[140.34774,41.68477],[140.34573,41.68551],[140.34279,41.68533],[140.34091,41.68598],[140.33807,41.68624],[140.33764,41.68666],[140.33548,41.68646],[140.33266,41.68689],[140.33132,41.68626],[140.32325,41.67413],[140.32197,41.67201],[140.32238,41.6704],[140.32411,41.66826],[140.32505,41.6646],[140.32663,41.6627],[140.33158,41.65889],[140.33654,41.65492],[140.33694,41.65534],[140.33727,41.65621],[140.33768,41.65679],[140.33819,41.65701],[140.33898,41.65717],[140.33886,41.65763],[140.33927,41.65803],[140.3408,41.65817],[140.34119,41.65893],[140.34231,41.65932],[140.34363,41.65902],[140.34468,41.65917],[140.34533,41.65915],[140.34644,41.65937],[140.34697,41.65977],[140.34723,41.66027],[140.34823,41.65992],[140.34899,41.66019],[140.34948,41.66064],[140.3501,41.66203],[140.35045,41.66223],[140.35143,41.66214],[140.35189,41.66243],[140.35406,41.66226],[140.3545,41.66276],[140.35515,41.6627],[140.35522,41.66317],[140.35616,41.66259],[140.35634,41.66283],[140.35617,41.66335],[140.35727,41.6639],[140.35978,41.66432],[140.36029,41.66434],[140.3605,41.66365],[140.36175,41.66366],[140.36271,41.664],[140.36438,41.66421],[140.36484,41.66389],[140.36604,41.66479],[140.36639,41.66492],[140.36762,41.6648],[140.36767,41.66435],[140.36765,41.66402],[140.36826,41.66456],[140.36883,41.66466],[140.36913,41.66424],[140.36929,41.66436],[140.3704,41.66534],[140.37203,41.66524],[140.3725,41.66578],[140.37278,41.66577],[140.37346,41.66548],[140.37463,41.66563],[140.37614,41.66661],[140.37782,41.66678],[140.37907,41.66707],[140.38073,41.66745],[140.38145,41.6674],[140.38227,41.66856],[140.38287,41.66787],[140.38315,41.66765],[140.38412,41.66775],[140.38624,41.66808],[140.38703,41.66879],[140.38787,41.66894],[140.38831,41.66893],[140.38881,41.66839],[140.38932,41.66808],[140.39145,41.66786]]]}},{"type":"Feature","properties":{"m":"字瓜谷","b":[140.3409,41.6784,140.3961,41.795],"c":[140.3671,41.73804]},"geometry":{"type":"Polygon","coordinates":[[[140.3728,41.795],[140.37166,41.79417],[140.37139,41.79404],[140.37046,41.79358],[140.36729,41.79231],[140.36561,41.79172],[140.36464,41.79083],[140.36247,41.79009],[140.36173,41.78954],[140.36071,41.7882],[140.35823,41.78708],[140.35486,41.78568],[140.35316,41.78549],[140.35311,41.78536],[140.35243,41.78381],[140.35295,41.78263],[140.35296,41.78092],[140.35275,41.7798],[140.35315,41.779],[140.35327,41.77853],[140.35284,41.77781],[140.35051,41.77726],[140.3497,41.77637],[140.34929,41.77539],[140.34953,41.7748],[140.34972,41.77469],[140.35054,41.77447],[140.35137,41.77368],[140.35144,41.77349],[140.35077,41.77255],[140.35001,41.77133],[140.35091,41.77036],[140.35116,41.7699],[140.35105,41.76815],[140.35197,41.76755],[140.35206,41.76584],[140.35147,41.76484],[140.35078,41.76367],[140.35126,41.76274],[140.35173,41.76223],[140.35175,41.76209],[140.35169,41.76192],[140.3504,41.76091],[140.34985,41.75985],[140.34955,41.75856],[140.34976,41.75663],[140.34876,41.75546],[140.3468,41.75399],[140.34475,41.75284],[140.34346,41.75276],[140.34139,41.75107],[140.34155,41.75063],[140.34391,41.74978],[140.34409,41.74885],[140.34637,41.74811],[140.34741,41.74703],[140.34842,41.74609],[140.34907,41.74471],[140.3501,41.74402],[140.35057,41.74296],[140.35071,41.7411],[140.34943,41.73892],[140.34949,41.73855],[140.34979,41.73806],[140.34849,41.73754],[140.34542,41.73556],[140.34506,41.73473],[140.34336,41.73293],[140.34396,41.73185],[140.34343,41.73028],[140.34229,41.72921],[140.34138,41.7263],[140.34248,41.7257],[140.34245,41.72492],[140.34214,41.72366],[140.34091,41.72319],[140.34324,41.72256],[140.34516,41.72249],[140.34893,41.72271],[140.35184,41.7216],[140.3594,41.72079],[140.36456,41.71967],[140.36463,41.71761],[140.36498,41.7165],[140.36452,41.71583],[140.36117,41.71409],[140.36037,41.71305],[140.35997,41.71173],[140.36013,41.71033],[140.36372,41.70958],[140.36517,41.70902],[140.3651,41.70794],[140.366,41.70713],[140.36693,41.70377],[140.36683,41.70085],[140.36805,41.70027],[140.37127,41.69962],[140.36824,41.69818],[140.36554,41.69815],[140.36559,41.69548],[140.36717,41.69335],[140.36991,41.69228],[140.37118,41.68937],[140.37212,41.68902],[140.37408,41.68909],[140.37602,41.68749],[140.37794,41.68708],[140.38036,41.68709],[140.3811,41.68548],[140.38339,41.68545],[140.38434,41.68507],[140.38646,41.68165],[140.38786,41.67983],[140.38979,41.67892],[140.39255,41.67842],[140.39422,41.679],[140.39549,41.6799],[140.3961,41.68069],[140.3951,41.68334],[140.39282,41.68762],[140.39007,41.69255],[140.38727,41.69732],[140.38688,41.69884],[140.38721,41.70053],[140.38852,41.70498],[140.38833,41.70913],[140.38767,41.71186],[140.38696,41.71379],[140.38481,41.71652],[140.37885,41.72211],[140.3766,41.72516],[140.37579,41.72699],[140.37556,41.729],[140.37507,41.73077],[140.37424,41.73209],[140.37366,41.73236],[140.37249,41.7331],[140.3721,41.73359],[140.37105,41.73405],[140.37091,41.73553],[140.3719,41.73664],[140.37272,41.73855],[140.37321,41.73987],[140.37471,41.74057],[140.3761,41.74093],[140.37864,41.74103],[140.38032,41.74048],[140.38052,41.74142],[140.3803,41.74355],[140.37945,41.74547],[140.37779,41.7478],[140.37673,41.74971],[140.37616,41.75133],[140.37604,41.75372],[140.37625,41.75673],[140.37768,41.76098],[140.37883,41.76419],[140.37889,41.76614],[140.37721,41.77021],[140.3758,41.7764],[140.37451,41.78317],[140.3732,41.78953],[140.37279,41.79273],[140.3728,41.795]]]}},{"type":"Feature","properties":{"m":"字大川","b":[140.281,41.652,140.3955,41.7232],"c":[140.33078,41.69108]},"geometry":{"type":"Polygon","coordinates":[[[140.28389,41.66278],[140.28521,41.66301],[140.28636,41.66256],[140.28732,41.66274],[140.28868,41.66291],[140.28897,41.66292],[140.29263,41.66294],[140.29428,41.66213],[140.29473,41.66206],[140.2953,41.66211],[140.29874,41.66296],[140.29986,41.66311],[140.30139,41.66287],[140.30326,41.66218],[140.30551,41.66198],[140.30764,41.6612],[140.30808,41.66013],[140.30857,41.65986],[140.30995,41.65884],[140.31169,41.65835],[140.31262,41.65754],[140.313,41.65717],[140.31309,41.65663],[140.31394,41.65541],[140.31446,41.65518],[140.3148,41.65503],[140.31548,41.65464],[140.31577,41.654],[140.31711,41.6534],[140.31738,41.6533],[140.31801,41.65309],[140.31951,41.65339],[140.32086,41.65316],[140.32337,41.65251],[140.3261,41.65248],[140.32768,41.65246],[140.32976,41.65229],[140.33106,41.65197],[140.33258,41.65231],[140.33306,41.65267],[140.33369,41.65327],[140.33403,41.65359],[140.33445,41.65397],[140.33654,41.65492],[140.33158,41.65889],[140.32663,41.6627],[140.32505,41.6646],[140.32411,41.66826],[140.32238,41.6704],[140.32197,41.67201],[140.32325,41.67413],[140.33132,41.68626],[140.33266,41.68689],[140.33548,41.68646],[140.33764,41.68666],[140.33807,41.68624],[140.34091,41.68598],[140.34279,41.68533],[140.34573,41.68551],[140.34774,41.68477],[140.35141,41.6841],[140.35378,41.685],[140.35902,41.68649],[140.3593,41.68486],[140.36078,41.68447],[140.36067,41.68311],[140.3611,41.68097],[140.36269,41.67964],[140.36522,41.68231],[140.36635,41.68447],[140.36722,41.68548],[140.3697,41.6864],[140.36999,41.68519],[140.37,41.6821],[140.37078,41.68056],[140.37115,41.67892],[140.37196,41.67782],[140.37634,41.67708],[140.37807,41.67612],[140.37805,41.67417],[140.3792,41.67298],[140.38075,41.67261],[140.38381,41.67269],[140.3876,41.67237],[140.39406,41.67245],[140.39417,41.6751],[140.3945,41.67757],[140.39493,41.67902],[140.39549,41.6799],[140.39422,41.679],[140.39255,41.67842],[140.38979,41.67892],[140.38786,41.67983],[140.38646,41.68165],[140.38434,41.68507],[140.38339,41.68545],[140.3811,41.68548],[140.38036,41.68709],[140.37794,41.68708],[140.37602,41.68749],[140.37408,41.68909],[140.37212,41.68902],[140.37118,41.68937],[140.36991,41.69228],[140.36717,41.69335],[140.36559,41.69548],[140.36554,41.69815],[140.36824,41.69818],[140.37127,41.69962],[140.36805,41.70027],[140.36683,41.70085],[140.36693,41.70377],[140.366,41.70713],[140.3651,41.70794],[140.36517,41.70902],[140.36372,41.70958],[140.36013,41.71033],[140.35997,41.71173],[140.36037,41.71305],[140.36117,41.71409],[140.36452,41.71583],[140.36498,41.7165],[140.36463,41.71761],[140.36456,41.71967],[140.3594,41.72079],[140.35184,41.7216],[140.34893,41.72271],[140.34516,41.72249],[140.34324,41.72256],[140.34091,41.72319],[140.34041,41.72289],[140.33918,41.72205],[140.33785,41.72226],[140.33517,41.7226],[140.33203,41.72204],[140.33068,41.72128],[140.32909,41.72153],[140.3287,41.72132],[140.32677,41.72001],[140.32604,41.71991],[140.32521,41.72018],[140.32425,41.71969],[140.32419,41.71863],[140.32296,41.71741],[140.32297,41.71694],[140.32307,41.71616],[140.32156,41.71496],[140.32009,41.71432],[140.31966,41.71435],[140.31858,41.71528],[140.31839,41.7162],[140.31747,41.71638],[140.31582,41.71651],[140.3135,41.71737],[140.31137,41.71703],[140.31055,41.71678],[140.309,41.71786],[140.30881,41.71796],[140.30862,41.71789],[140.30551,41.7169],[140.3043,41.71637],[140.3043,41.71503],[140.30425,41.71348],[140.30507,41.71302],[140.30457,41.71177],[140.30222,41.71015],[140.30277,41.70949],[140.30289,41.70807],[140.30106,41.70752],[140.30047,41.70613],[140.3002,41.70548],[140.30042,41.70502],[140.30264,41.70408],[140.30259,41.70397],[140.30205,41.7036],[140.30082,41.70272],[140.29925,41.70028],[140.29992,41.69955],[140.30068,41.6989],[140.30033,41.69816],[140.29976,41.69755],[140.29965,41.69665],[140.29964,41.69564],[140.29969,41.69468],[140.29878,41.69321],[140.29991,41.6923],[140.29959,41.69115],[140.3009,41.69029],[140.30226,41.68941],[140.30287,41.68871],[140.3023,41.68781],[140.30122,41.68684],[140.29981,41.6863],[140.29678,41.68556],[140.29616,41.68426],[140.29616,41.68266],[140.29644,41.68132],[140.29584,41.68005],[140.2944,41.68022],[140.29328,41.67973],[140.29311,41.67819],[140.29227,41.67707],[140.2905,41.67519],[140.28988,41.67428],[140.28934,41.67374],[140.2873,41.67331],[140.28477,41.6715],[140.2829,41.67109],[140.28196,41.67078],[140.28265,41.66871],[140.28221,41.66796],[140.28104,41.66651],[140.28192,41.66485],[140.28212,41.66275],[140.28389,41.66278]]]}},{"type":"Feature","properties":{"m":"字中野","b":[140.3709,41.6737,140.4441,41.8137],"c":[140.40356,41.75479]},"geometry":{"type":"Polygon","coordinates":[[[140.442,41.79235],[140.44153,41.79359],[140.43976,41.79598],[140.43711,41.79632],[140.43576,41.79636],[140.43509,41.79625],[140.43474,41.79908],[140.43483,41.79926],[140.43502,41.79995],[140.43456,41.80085],[140.43492,41.80372],[140.43415,41.80506],[140.43295,41.80539],[140.43259,41.80558],[140.43146,41.80655],[140.43046,41.80805],[140.42901,41.80875],[140.42674,41.80947],[140.42412,41.81072],[140.42409,41.81196],[140.42324,41.81275],[140.42186,41.81318],[140.4209,41.813],[140.41901,41.8133],[140.41663,41.81296],[140.41472,41.81231],[140.41225,41.81241],[140.41155,41.81258],[140.41093,41.813],[140.41,41.81373],[140.4086,41.81263],[140.40858,41.81134],[140.40719,41.80996],[140.4021,41.80964],[140.40151,41.80955],[140.40027,41.80776],[140.39952,41.80718],[140.3987,41.80592],[140.39862,41.80523],[140.39759,41.80575],[140.39458,41.80653],[140.39324,41.80658],[140.39184,41.80727],[140.39059,41.80726],[140.38947,41.80813],[140.38848,41.80882],[140.38789,41.80787],[140.38646,41.80686],[140.38571,41.80649],[140.38224,41.80628],[140.3806,41.80533],[140.37814,41.80556],[140.37741,41.80403],[140.37724,41.80189],[140.37888,41.79917],[140.37765,41.79889],[140.37438,41.79811],[140.3736,41.79622],[140.3728,41.795],[140.37279,41.79273],[140.3732,41.78953],[140.37451,41.78317],[140.3758,41.7764],[140.37721,41.77021],[140.37889,41.76614],[140.37883,41.76419],[140.37768,41.76098],[140.37625,41.75673],[140.37604,41.75372],[140.37616,41.75133],[140.37673,41.74971],[140.37779,41.7478],[140.37945,41.74547],[140.3803,41.74355],[140.38052,41.74142],[140.38032,41.74048],[140.37864,41.74103],[140.3761,41.74093],[140.37471,41.74057],[140.37321,41.73987],[140.37272,41.73855],[140.3719,41.73664],[140.37091,41.73553],[140.37105,41.73405],[140.3721,41.73359],[140.37249,41.7331],[140.37366,41.73236],[140.37424,41.73209],[140.37507,41.73077],[140.37556,41.729],[140.37579,41.72699],[140.3766,41.72516],[140.37885,41.72211],[140.38481,41.71652],[140.38696,41.71379],[140.38767,41.71186],[140.38833,41.70913],[140.38852,41.70498],[140.38721,41.70053],[140.38688,41.69884],[140.38727,41.69732],[140.39007,41.69255],[140.39282,41.68762],[140.3951,41.68334],[140.3961,41.68069],[140.39674,41.68083],[140.40272,41.67908],[140.4034,41.6769],[140.40723,41.67581],[140.40964,41.67565],[140.41071,41.674],[140.4115,41.67368],[140.41537,41.67465],[140.41783,41.67433],[140.41985,41.67436],[140.41826,41.67597],[140.41826,41.67731],[140.41798,41.67751],[140.41604,41.67832],[140.41637,41.67894],[140.41695,41.68266],[140.41707,41.68461],[140.41641,41.6914],[140.41543,41.6951],[140.41499,41.69649],[140.41384,41.6985],[140.41159,41.7008],[140.40971,41.70275],[140.40792,41.70428],[140.40679,41.70563],[140.40679,41.70829],[140.40766,41.70974],[140.40985,41.7123],[140.4109,41.71403],[140.41124,41.7167],[140.41261,41.71849],[140.41359,41.71887],[140.41609,41.71912],[140.42133,41.71846],[140.42265,41.71837],[140.42534,41.71845],[140.42638,41.7194],[140.42793,41.72279],[140.42796,41.72637],[140.42694,41.72898],[140.4268,41.73039],[140.42741,41.73238],[140.42741,41.73347],[140.42748,41.73378],[140.42761,41.73599],[140.42606,41.73807],[140.42575,41.73832],[140.42556,41.73905],[140.42555,41.7395],[140.42529,41.74137],[140.42609,41.74543],[140.42621,41.74886],[140.42411,41.75442],[140.42328,41.75671],[140.42336,41.75956],[140.42445,41.76286],[140.42543,41.7656],[140.42451,41.7683],[140.42356,41.77001],[140.42329,41.77126],[140.42438,41.77355],[140.4256,41.77413],[140.42882,41.7748],[140.4298,41.77579],[140.43233,41.77607],[140.43387,41.77736],[140.43598,41.77767],[140.43718,41.77842],[140.43831,41.77974],[140.43977,41.78205],[140.44177,41.78427],[140.44305,41.78538],[140.44401,41.78695],[140.44371,41.78808],[140.4437,41.78978],[140.44406,41.79054],[140.442,41.79235]]]}},{"type":"Feature","properties":{"m":"字宮浜","b":[140.7656,41.9857,140.8204,42.0468],"c":[140.79024,42.01859]},"geometry":{"type":"Polygon","coordinates":[[[140.82042,42.03555],[140.82016,42.03654],[140.81811,42.04011],[140.81662,42.04028],[140.81453,42.04216],[140.81335,42.04421],[140.81245,42.04681],[140.81208,42.0468],[140.81124,42.04653],[140.81065,42.04632],[140.8091,42.04534],[140.8056,42.04449],[140.80429,42.04448],[140.80234,42.0436],[140.79989,42.04166],[140.79898,42.04144],[140.79758,42.04243],[140.79382,42.03959],[140.7911,42.03873],[140.79034,42.03776],[140.78878,42.03712],[140.78587,42.03687],[140.78423,42.03644],[140.78335,42.03681],[140.78194,42.0365],[140.78042,42.03689],[140.77894,42.03566],[140.77746,42.03574],[140.77582,42.03453],[140.77007,42.03354],[140.76879,42.03248],[140.76684,42.03277],[140.76587,42.03245],[140.76776,42.02949],[140.76829,42.02635],[140.7692,42.02318],[140.7691,42.02147],[140.76823,42.01839],[140.76622,42.0167],[140.76565,42.01516],[140.76733,42.01335],[140.76759,42.01232],[140.76699,42.00937],[140.76775,42.00771],[140.77185,42.00371],[140.77513,42.0017],[140.77575,41.99983],[140.77776,41.99865],[140.77836,41.99768],[140.77823,41.99679],[140.7795,41.99342],[140.78132,41.99147],[140.78343,41.99006],[140.78537,41.98738],[140.7854,41.98669],[140.78644,41.98686],[140.78791,41.98566],[140.79086,41.98664],[140.79744,42.00027],[140.79876,41.99979],[140.80039,41.99936],[140.80279,41.99958],[140.80417,42.00042],[140.80454,42.0014],[140.8046,42.00466],[140.80531,42.0091],[140.80623,42.01191],[140.80703,42.01364],[140.80791,42.016],[140.80828,42.01796],[140.80962,42.01929],[140.80925,42.02199],[140.80812,42.02365],[140.80812,42.0246],[140.80733,42.02475],[140.80691,42.02595],[140.80636,42.02631],[140.80606,42.02672],[140.80637,42.02882],[140.80693,42.02919],[140.80714,42.02961],[140.80757,42.03079],[140.80869,42.03117],[140.81,42.03235],[140.81047,42.03347],[140.81222,42.03328],[140.81439,42.03385],[140.81556,42.03383],[140.8194,42.03457],[140.82042,42.03555]]]}},{"type":"Feature","properties":{"m":"字鹿部","b":[140.7823,41.9265,140.8427,42.0356],"c":[140.81127,41.97839]},"geometry":{"type":"Polygon","coordinates":[[[140.78737,41.93142],[140.78808,41.93144],[140.78905,41.93098],[140.78918,41.9309],[140.79045,41.92979],[140.79072,41.92959],[140.79107,41.92939],[140.7915,41.92921],[140.79251,41.92899],[140.79337,41.92874],[140.79544,41.92781],[140.7962,41.92735],[140.79717,41.9267],[140.79741,41.92659],[140.79796,41.9265],[140.79841,41.92657],[140.7983,41.92723],[140.79845,41.92758],[140.80108,41.93059],[140.80132,41.93264],[140.80176,41.93325],[140.80356,41.93409],[140.80894,41.93719],[140.81167,41.93897],[140.81316,41.9403],[140.81319,41.94213],[140.81404,41.94326],[140.81565,41.94354],[140.81808,41.9444],[140.82147,41.94772],[140.82334,41.94861],[140.82438,41.95266],[140.82556,41.95312],[140.82641,41.9541],[140.82866,41.9532],[140.82928,41.9518],[140.83175,41.95108],[140.83272,41.95271],[140.83424,41.95353],[140.83413,41.95446],[140.83529,41.95598],[140.83656,41.95645],[140.83741,41.95811],[140.83718,41.95947],[140.83816,41.96053],[140.84055,41.96119],[140.84239,41.96253],[140.84273,41.9635],[140.84199,41.96554],[140.84034,41.9673],[140.84001,41.96941],[140.83992,41.97],[140.84038,41.97157],[140.83872,41.97321],[140.83544,41.97589],[140.83256,41.97683],[140.83233,41.9798],[140.83346,41.98134],[140.83199,41.98442],[140.83115,41.98711],[140.83112,41.99078],[140.82983,41.99421],[140.82841,41.99636],[140.82795,41.99791],[140.82849,42.00073],[140.82982,42.00501],[140.83153,42.00871],[140.83242,42.01319],[140.83353,42.0159],[140.83432,42.01717],[140.83464,42.01851],[140.83439,42.02001],[140.83596,42.02136],[140.83652,42.02302],[140.83752,42.02333],[140.8375,42.02398],[140.83844,42.02492],[140.83553,42.02636],[140.83339,42.02812],[140.8306,42.02909],[140.82852,42.03028],[140.82788,42.02986],[140.82568,42.03144],[140.82703,42.03189],[140.82547,42.03191],[140.82295,42.03358],[140.82245,42.03322],[140.82123,42.03411],[140.82042,42.03555],[140.8194,42.03457],[140.81556,42.03383],[140.81439,42.03385],[140.81222,42.03328],[140.81047,42.03347],[140.81,42.03235],[140.80869,42.03117],[140.80757,42.03079],[140.80714,42.02961],[140.80693,42.02919],[140.80637,42.02882],[140.80606,42.02672],[140.80636,42.02631],[140.80691,42.02595],[140.80733,42.02475],[140.80812,42.0246],[140.80812,42.02365],[140.80925,42.02199],[140.80962,42.01929],[140.80828,42.01796],[140.80791,42.016],[140.80703,42.01364],[140.80623,42.01191],[140.80531,42.0091],[140.8046,42.00466],[140.80454,42.0014],[140.80417,42.00042],[140.80279,41.99958],[140.80039,41.99936],[140.79876,41.99979],[140.79744,42.00027],[140.79086,41.98664],[140.78791,41.98566],[140.78644,41.98686],[140.7854,41.98669],[140.78415,41.98641],[140.78486,41.98452],[140.78474,41.98412],[140.78419,41.98291],[140.78381,41.98212],[140.7834,41.98067],[140.78359,41.98015],[140.78409,41.97796],[140.78419,41.97727],[140.78548,41.97657],[140.78635,41.9759],[140.78745,41.97296],[140.78658,41.97156],[140.78688,41.97117],[140.78706,41.97059],[140.78543,41.9688],[140.78577,41.96788],[140.78709,41.96174],[140.78653,41.96053],[140.78649,41.95948],[140.78646,41.95827],[140.7846,41.9563],[140.78481,41.95509],[140.78432,41.95354],[140.78421,41.95321],[140.78334,41.95215],[140.78367,41.95126],[140.78405,41.95076],[140.7841,41.9491],[140.78438,41.94717],[140.78382,41.94603],[140.78397,41.94408],[140.78406,41.9432],[140.78472,41.94233],[140.78613,41.94161],[140.78571,41.93972],[140.78538,41.93822],[140.78519,41.93744],[140.78465,41.9362],[140.78374,41.93542],[140.78233,41.93422],[140.78255,41.93368],[140.78356,41.93343],[140.78598,41.93178],[140.78643,41.93153],[140.78683,41.93149],[140.78707,41.9314],[140.78708,41.93136],[140.78737,41.93142]]]}},{"type":"Feature","properties":{"m":"字大岩","b":[140.8279,41.9716,140.8646,42.0249],"c":[140.84138,42.0027]},"geometry":{"type":"Polygon","coordinates":[[[140.84109,41.97313],[140.84037,41.97481],[140.83957,41.97621],[140.83974,41.97763],[140.83933,41.97842],[140.83964,41.97973],[140.84011,41.9812],[140.8403,41.98223],[140.83963,41.98305],[140.83915,41.984],[140.83943,41.98671],[140.83943,41.98692],[140.84053,41.98833],[140.84192,41.9907],[140.84217,41.99277],[140.84255,41.99401],[140.84424,41.99529],[140.84702,41.99709],[140.84861,41.99864],[140.84933,41.99933],[140.85184,42.00065],[140.85367,42.00142],[140.8551,42.00193],[140.85565,42.00267],[140.85627,42.00312],[140.85683,42.00401],[140.85868,42.00583],[140.86134,42.00692],[140.86309,42.00792],[140.86361,42.00803],[140.86464,42.00931],[140.86316,42.01019],[140.8625,42.01122],[140.86047,42.01115],[140.85791,42.01163],[140.85504,42.01267],[140.85179,42.01438],[140.84915,42.01632],[140.84724,42.01851],[140.84515,42.02004],[140.84305,42.02239],[140.84009,42.02369],[140.83844,42.02492],[140.8375,42.02398],[140.83752,42.02333],[140.83652,42.02302],[140.83596,42.02136],[140.83439,42.02001],[140.83464,42.01851],[140.83432,42.01717],[140.83353,42.0159],[140.83242,42.01319],[140.83153,42.00871],[140.82982,42.00501],[140.82849,42.00073],[140.82795,41.99791],[140.82841,41.99636],[140.82983,41.99421],[140.83112,41.99078],[140.83115,41.98711],[140.83199,41.98442],[140.83346,41.98134],[140.83233,41.9798],[140.83256,41.97683],[140.83544,41.97589],[140.83872,41.97321],[140.84038,41.97157],[140.84109,41.97313]]]}},{"type":"Feature","properties":{"m":"字本別","b":[140.6773,42.0249,140.8128,42.0973],"c":[140.75273,42.05956]},"geometry":{"type":"Polygon","coordinates":[[[140.74314,42.02748],[140.74447,42.02848],[140.74468,42.03039],[140.7457,42.03128],[140.74933,42.03242],[140.75111,42.03248],[140.7519,42.03318],[140.75268,42.03264],[140.75422,42.03296],[140.75649,42.03276],[140.76105,42.0319],[140.76247,42.03192],[140.76587,42.03245],[140.76684,42.03277],[140.76879,42.03248],[140.77007,42.03354],[140.77582,42.03453],[140.77746,42.03574],[140.77894,42.03566],[140.78042,42.03689],[140.78194,42.0365],[140.78335,42.03681],[140.78423,42.03644],[140.78587,42.03687],[140.78878,42.03712],[140.79034,42.03776],[140.7911,42.03873],[140.79382,42.03959],[140.79758,42.04243],[140.79898,42.04144],[140.79989,42.04166],[140.80234,42.0436],[140.80429,42.04448],[140.8056,42.04449],[140.8091,42.04534],[140.81065,42.04632],[140.81124,42.04653],[140.81208,42.0468],[140.81277,42.04839],[140.81235,42.04983],[140.81139,42.05137],[140.81018,42.0518],[140.80533,42.05489],[140.80499,42.05567],[140.80399,42.05566],[140.80325,42.05774],[140.80321,42.06111],[140.80379,42.06649],[140.80418,42.06782],[140.80293,42.07175],[140.80325,42.0727],[140.80255,42.07383],[140.80298,42.07545],[140.80246,42.07687],[140.80134,42.07687],[140.79988,42.0762],[140.79768,42.07594],[140.79718,42.07622],[140.79564,42.07477],[140.79382,42.07513],[140.79204,42.07606],[140.7903,42.07613],[140.78761,42.07726],[140.78505,42.07998],[140.78307,42.0812],[140.77957,42.08244],[140.77811,42.0833],[140.77576,42.08402],[140.77437,42.08483],[140.77226,42.08722],[140.77147,42.08897],[140.76956,42.09118],[140.76852,42.09383],[140.76741,42.09533],[140.76705,42.09732],[140.7657,42.09707],[140.76414,42.09701],[140.76251,42.0972],[140.76177,42.09655],[140.76095,42.09581],[140.75981,42.09568],[140.75852,42.09482],[140.75701,42.0937],[140.7557,42.09354],[140.7549,42.09346],[140.75407,42.09357],[140.7523,42.09302],[140.75111,42.09236],[140.75065,42.09169],[140.74974,42.09077],[140.74928,42.0903],[140.74819,42.08976],[140.74749,42.089],[140.74598,42.08774],[140.74525,42.08718],[140.74412,42.08587],[140.74168,42.08362],[140.73993,42.08199],[140.73939,42.08041],[140.73752,42.07894],[140.73594,42.07738],[140.73439,42.07694],[140.73258,42.07617],[140.72819,42.07502],[140.72386,42.0737],[140.72297,42.07315],[140.70171,42.07158],[140.68817,42.07057],[140.68408,42.06794],[140.68041,42.06558],[140.67733,42.06359],[140.67736,42.06284],[140.69296,42.05496],[140.69373,42.05462],[140.6977,42.05384],[140.70048,42.05287],[140.70272,42.05166],[140.7038,42.05064],[140.70446,42.04944],[140.70801,42.05025],[140.7092,42.05034],[140.71123,42.04947],[140.71395,42.04576],[140.71633,42.04461],[140.71918,42.04349],[140.72093,42.04145],[140.72163,42.04114],[140.7255,42.04031],[140.72609,42.04081],[140.72901,42.04222],[140.73004,42.0374],[140.73177,42.03007],[140.73328,42.0249],[140.73364,42.02491],[140.74033,42.02874],[140.74314,42.02748]]]}},{"type":"Feature","properties":{"m":"字駒見","b":[140.7333,41.9864,140.7854,42.0332],"c":[140.75588,42.01551]},"geometry":{"type":"Polygon","coordinates":[[[140.78415,41.98641],[140.7854,41.98669],[140.78537,41.98738],[140.78343,41.99006],[140.78132,41.99147],[140.7795,41.99342],[140.77823,41.99679],[140.77836,41.99768],[140.77776,41.99865],[140.77575,41.99983],[140.77513,42.0017],[140.77185,42.00371],[140.76775,42.00771],[140.76699,42.00937],[140.76759,42.01232],[140.76733,42.01335],[140.76565,42.01516],[140.76622,42.0167],[140.76823,42.01839],[140.7691,42.02147],[140.7692,42.02318],[140.76829,42.02635],[140.76776,42.02949],[140.76587,42.03245],[140.76247,42.03192],[140.76105,42.0319],[140.75649,42.03276],[140.75422,42.03296],[140.75268,42.03264],[140.7519,42.03318],[140.75111,42.03248],[140.74933,42.03242],[140.7457,42.03128],[140.74468,42.03039],[140.74447,42.02848],[140.74314,42.02748],[140.74246,42.0264],[140.73725,42.02336],[140.73531,42.02267],[140.73454,42.02122],[140.73639,42.02067],[140.73994,42.01897],[140.74157,42.01554],[140.74131,42.015],[140.73446,42.00924],[140.73327,42.0081],[140.73467,42.0073],[140.73608,42.00751],[140.73827,42.00566],[140.73953,42.00509],[140.74144,42.00594],[140.74644,42.00585],[140.74759,42.00541],[140.74995,42.00556],[140.75141,42.00502],[140.75216,42.00376],[140.75451,42.00295],[140.75553,42.00227],[140.75659,42.0023],[140.75895,42.00305],[140.76013,42.00281],[140.76114,42.00173],[140.76276,42.00208],[140.76495,42.00143],[140.76483,42.0023],[140.76705,42.00236],[140.76832,42.00133],[140.76997,42.00048],[140.77071,41.99923],[140.77242,41.99725],[140.77322,41.997],[140.77436,41.99462],[140.77522,41.99434],[140.77625,41.99199],[140.77716,41.99096],[140.77811,41.99103],[140.77978,41.98997],[140.7815,41.98971],[140.78261,41.98862],[140.78315,41.98731],[140.78415,41.98641]]]}},{"type":"Feature","properties":{"m":"字赤井川","b":[140.5737,41.9942,140.6993,42.0409],"c":[140.64404,42.01463]},"geometry":{"type":"Polygon","coordinates":[[[140.69931,42.00654],[140.69927,42.00823],[140.69333,42.02282],[140.68958,42.03246],[140.68025,42.03304],[140.65985,42.04091],[140.65228,42.02758],[140.64416,42.01377],[140.64242,42.01344],[140.64188,42.01583],[140.63955,42.0199],[140.63827,42.02025],[140.63307,42.02103],[140.62919,42.02092],[140.62853,42.02072],[140.62137,42.02183],[140.61549,42.02293],[140.61429,42.02331],[140.60988,42.024],[140.60519,42.03082],[140.60281,42.03141],[140.60116,42.031],[140.59951,42.02997],[140.5983,42.02812],[140.59817,42.02709],[140.59949,42.02599],[140.59891,42.02453],[140.59925,42.02383],[140.59765,42.02088],[140.5964,42.01968],[140.5945,42.01895],[140.5937,42.01908],[140.5891,42.01745],[140.58675,42.01491],[140.5859,42.01446],[140.58438,42.01255],[140.58356,42.01216],[140.58271,42.01082],[140.58152,42.00985],[140.58132,42.00839],[140.575,42.00509],[140.57368,42.00386],[140.57613,42.00331],[140.58013,42.00578],[140.58212,42.00487],[140.58283,42.00368],[140.5844,42.00335],[140.58617,42.00145],[140.58952,42.00107],[140.59115,41.99647],[140.59254,41.9969],[140.59383,41.99685],[140.59604,41.99748],[140.59664,41.99818],[140.59816,41.99891],[140.60162,41.99985],[140.60492,42.00163],[140.60497,42.00233],[140.60656,42.00242],[140.60782,42.00402],[140.60886,42.00355],[140.60904,42.00433],[140.61177,42.00394],[140.61273,42.00459],[140.61539,42.00553],[140.61628,42.00538],[140.6177,42.00433],[140.61746,42.00219],[140.61843,42.00212],[140.61972,42.00061],[140.62201,42.00076],[140.62281,42.00038],[140.62405,42.00068],[140.62709,42.00083],[140.62735,42.00002],[140.62571,41.99874],[140.62546,41.99717],[140.62762,41.99531],[140.62927,41.99532],[140.63239,41.99422],[140.63221,41.99469],[140.6331,41.99605],[140.63426,41.99639],[140.63336,41.99678],[140.63362,41.99808],[140.63325,41.99871],[140.63461,41.99911],[140.63456,42],[140.63575,42.00052],[140.63686,41.99987],[140.63802,42.00054],[140.6387,41.99994],[140.64083,42.00023],[140.64322,42.00017],[140.64359,42.00057],[140.64504,42.00053],[140.64551,41.99976],[140.64692,42.00057],[140.64774,42.00174],[140.64986,42.00227],[140.65111,42.0032],[140.6519,42.0023],[140.65562,42.00231],[140.65771,42.00349],[140.6582,42.00288],[140.66104,42.00211],[140.66194,42.00116],[140.66471,42.00152],[140.6663,42.00105],[140.6669,41.99984],[140.66908,42.0002],[140.67165,41.99971],[140.67261,41.99912],[140.67254,42.0014],[140.67283,42.00211],[140.67427,42.0022],[140.67528,42.00115],[140.67703,42.00037],[140.67921,42.00149],[140.68124,42.00195],[140.68377,42.00137],[140.68606,42.00177],[140.68644,42.00259],[140.68948,42.0047],[140.6922,42.00576],[140.69312,42.00655],[140.69539,42.00739],[140.6964,42.00734],[140.69761,42.0066],[140.69859,42.00513],[140.69924,42.00544],[140.69931,42.00654]]]}},{"type":"Feature","properties":{"m":"字駒ケ岳","b":[140.5329,41.9606,140.6896,42.0806],"c":[140.60213,42.03036]},"geometry":{"type":"Polygon","coordinates":[[[140.58281,41.96083],[140.5829,41.9609],[140.58458,41.96146],[140.58422,41.9629],[140.58343,41.9638],[140.58151,41.96403],[140.58108,41.96474],[140.57875,41.96528],[140.57787,41.96581],[140.57711,41.97041],[140.57709,41.97188],[140.57541,41.97349],[140.57505,41.9747],[140.57592,41.97579],[140.57742,41.97642],[140.57971,41.97682],[140.58095,41.97757],[140.58486,41.98197],[140.58624,41.98232],[140.58673,41.98356],[140.58647,41.9845],[140.58804,41.98583],[140.58832,41.98717],[140.58719,41.9883],[140.58694,41.9899],[140.58624,41.99122],[140.58666,41.99272],[140.58801,41.99334],[140.58976,41.99607],[140.59115,41.99647],[140.58952,42.00107],[140.58617,42.00145],[140.5844,42.00335],[140.58283,42.00368],[140.58212,42.00487],[140.58013,42.00578],[140.57613,42.00331],[140.57368,42.00386],[140.575,42.00509],[140.58132,42.00839],[140.58152,42.00985],[140.58271,42.01082],[140.58356,42.01216],[140.58438,42.01255],[140.5859,42.01446],[140.58675,42.01491],[140.5891,42.01745],[140.5937,42.01908],[140.5945,42.01895],[140.5964,42.01968],[140.59765,42.02088],[140.59925,42.02383],[140.59891,42.02453],[140.59949,42.02599],[140.59817,42.02709],[140.5983,42.02812],[140.59951,42.02997],[140.60116,42.031],[140.60281,42.03141],[140.60519,42.03082],[140.60988,42.024],[140.61429,42.02331],[140.61549,42.02293],[140.62137,42.02183],[140.62853,42.02072],[140.62919,42.02092],[140.63307,42.02103],[140.63827,42.02025],[140.63955,42.0199],[140.64188,42.01583],[140.64242,42.01344],[140.64416,42.01377],[140.65228,42.02758],[140.65985,42.04091],[140.68025,42.03304],[140.68958,42.03246],[140.68874,42.03471],[140.6829,42.04868],[140.68008,42.05557],[140.67747,42.06255],[140.6254,42.07088],[140.6234,42.07391],[140.61841,42.07412],[140.61661,42.07436],[140.61546,42.07475],[140.61362,42.07613],[140.61177,42.0764],[140.61064,42.07651],[140.60952,42.07689],[140.60839,42.07748],[140.60754,42.07748],[140.60655,42.07672],[140.6048,42.07559],[140.60356,42.07565],[140.60077,42.07636],[140.59995,42.07684],[140.59883,42.07932],[140.59701,42.08038],[140.5949,42.08056],[140.59511,42.07981],[140.59424,42.07905],[140.59423,42.07903],[140.59543,42.07824],[140.5953,42.07712],[140.59578,42.07673],[140.59608,42.0756],[140.59742,42.07541],[140.59781,42.0753],[140.59856,42.07451],[140.5989,42.07347],[140.59933,42.07327],[140.59999,42.07325],[140.60038,42.07166],[140.60078,42.07126],[140.60121,42.06968],[140.601,42.06864],[140.6012,42.06779],[140.6006,42.0666],[140.60105,42.06609],[140.60024,42.06525],[140.59986,42.06455],[140.59835,42.06348],[140.59732,42.06258],[140.59735,42.06204],[140.59625,42.06179],[140.595,42.06146],[140.59488,42.06086],[140.59463,42.06056],[140.59388,42.06037],[140.59386,42.06006],[140.59405,42.05938],[140.59291,42.05865],[140.59203,42.05722],[140.59131,42.05681],[140.59063,42.05595],[140.58913,42.05518],[140.5878,42.05448],[140.58701,42.05353],[140.5857,42.05257],[140.58461,42.05222],[140.58332,42.05172],[140.58105,42.04972],[140.57724,42.04832],[140.57565,42.04757],[140.57401,42.04783],[140.57229,42.04727],[140.56987,42.04636],[140.56821,42.04548],[140.56694,42.04522],[140.5664,42.04377],[140.5664,42.043],[140.56408,42.0421],[140.56389,42.04151],[140.56291,42.04091],[140.56251,42.04066],[140.56123,42.03961],[140.5593,42.03895],[140.55894,42.03797],[140.55755,42.03695],[140.55607,42.03633],[140.55423,42.03611],[140.55377,42.03453],[140.55211,42.0341],[140.55138,42.03305],[140.5499,42.03268],[140.5487,42.03173],[140.54867,42.03109],[140.54625,42.02931],[140.54449,42.0285],[140.5441,42.02745],[140.5432,42.02734],[140.5422,42.02629],[140.54127,42.02622],[140.53984,42.02496],[140.5365,42.02259],[140.53525,42.02103],[140.53513,42.01994],[140.53551,42.01768],[140.53533,42.01456],[140.53584,42.01166],[140.53563,42.01111],[140.53374,42.00978],[140.53289,42.00661],[140.53358,42.00461],[140.53394,42.0023],[140.53632,41.99751],[140.53699,41.9966],[140.54052,41.99319],[140.54342,41.99404],[140.54394,41.99447],[140.54407,41.99466],[140.54429,41.99516],[140.54571,41.99519],[140.54663,41.99536],[140.54685,41.99358],[140.54626,41.99345],[140.54514,41.99259],[140.54399,41.99203],[140.54357,41.99093],[140.5443,41.99026],[140.54413,41.98922],[140.54407,41.98898],[140.54453,41.98775],[140.54496,41.98602],[140.54602,41.98475],[140.54604,41.98391],[140.54454,41.98326],[140.54464,41.98197],[140.54466,41.9815],[140.543,41.97935],[140.54292,41.97908],[140.54459,41.97688],[140.54614,41.97655],[140.54925,41.97738],[140.55062,41.97749],[140.55197,41.9785],[140.55381,41.97929],[140.55534,41.97845],[140.55739,41.97882],[140.55902,41.9787],[140.55952,41.97908],[140.56072,41.97936],[140.56202,41.97913],[140.56394,41.97932],[140.56534,41.97891],[140.56586,41.9785],[140.56458,41.9777],[140.56458,41.97701],[140.56702,41.97503],[140.5677,41.97381],[140.5676,41.97224],[140.56853,41.9705],[140.56949,41.97026],[140.57,41.96851],[140.57249,41.96829],[140.57421,41.96875],[140.57602,41.96752],[140.57775,41.96279],[140.57978,41.961],[140.58095,41.96062],[140.58281,41.96083]]]}},{"type":"Feature","properties":{"m":"字尾白内町","b":[140.6026,42.0626,140.6775,42.119],"c":[140.63199,42.09075]},"geometry":{"type":"Polygon","coordinates":[[[140.67736,42.06284],[140.67733,42.06359],[140.67672,42.06477],[140.66566,42.07183],[140.66495,42.07353],[140.66332,42.07447],[140.65942,42.07501],[140.65576,42.07599],[140.65112,42.07927],[140.6498,42.08072],[140.64833,42.08144],[140.64522,42.08226],[140.64489,42.08316],[140.64535,42.08432],[140.64463,42.08551],[140.64433,42.09081],[140.6434,42.09181],[140.64366,42.09356],[140.6448,42.09593],[140.64587,42.09752],[140.64484,42.09931],[140.64418,42.09991],[140.64375,42.10128],[140.64398,42.10455],[140.64334,42.10679],[140.64194,42.10802],[140.64011,42.10972],[140.63845,42.11085],[140.63662,42.1117],[140.63584,42.11217],[140.63538,42.11245],[140.63447,42.11317],[140.63322,42.11443],[140.63188,42.11481],[140.62998,42.11596],[140.62938,42.11611],[140.62779,42.11898],[140.62525,42.11819],[140.62249,42.11699],[140.6136,42.1143],[140.60404,42.11226],[140.60429,42.11074],[140.60322,42.10962],[140.60278,42.10883],[140.60346,42.10834],[140.60352,42.10782],[140.60346,42.10693],[140.6041,42.10588],[140.60288,42.10462],[140.60258,42.10261],[140.60333,42.10125],[140.60363,42.10096],[140.60438,42.09951],[140.6045,42.09915],[140.60456,42.09826],[140.60643,42.09622],[140.60854,42.09475],[140.60997,42.09405],[140.61373,42.08827],[140.61929,42.08016],[140.6234,42.07391],[140.6254,42.07088],[140.67747,42.06255],[140.67736,42.06284]]]}},{"type":"Feature","properties":{"m":"字東森町","b":[140.5885,42.1022,140.6041,42.1089],"c":[140.59857,42.10547]},"geometry":{"type":"Polygon","coordinates":[[[140.60352,42.10782],[140.60346,42.10834],[140.60278,42.10883],[140.60279,42.10888],[140.59946,42.10814],[140.59581,42.10732],[140.59125,42.10637],[140.5885,42.10628],[140.59298,42.10528],[140.59462,42.10446],[140.59581,42.10294],[140.5963,42.10279],[140.59733,42.10249],[140.59819,42.10218],[140.60133,42.10249],[140.60258,42.10261],[140.60288,42.10462],[140.6041,42.10588],[140.60346,42.10693],[140.60352,42.10782]]]}},{"type":"Feature","properties":{"m":"字港町","b":[140.5884,42.1063,140.6043,42.1133],"c":[140.59645,42.10941]},"geometry":{"type":"Polygon","coordinates":[[[140.60429,42.11074],[140.60404,42.11226],[140.60273,42.11205],[140.60246,42.1126],[140.60053,42.11215],[140.59988,42.11164],[140.59915,42.11327],[140.5986,42.11311],[140.59924,42.11156],[140.59715,42.11123],[140.59687,42.11193],[140.596,42.11171],[140.59628,42.11104],[140.58945,42.10955],[140.58888,42.11094],[140.58843,42.11085],[140.58957,42.10748],[140.5885,42.10628],[140.59125,42.10637],[140.59581,42.10732],[140.59946,42.10814],[140.60279,42.10888],[140.60322,42.10962],[140.60429,42.11074]]]}},{"type":"Feature","properties":{"m":"字新川町","b":[140.5796,42.1048,140.5896,42.1108],"c":[140.58479,42.10706]},"geometry":{"type":"Polygon","coordinates":[[[140.58843,42.11085],[140.58888,42.10882],[140.58396,42.10815],[140.58004,42.1083],[140.58018,42.10736],[140.57961,42.1066],[140.58263,42.10555],[140.58414,42.10478],[140.58446,42.10535],[140.58721,42.10575],[140.5885,42.10628],[140.58957,42.10748],[140.58843,42.11085]]]}},{"type":"Feature","properties":{"m":"字森川町","b":[140.5636,42.0742,140.5875,42.1066],"c":[140.57836,42.09017]},"geometry":{"type":"Polygon","coordinates":[[[140.57961,42.1066],[140.5775,42.10478],[140.5782,42.10384],[140.57795,42.10258],[140.57731,42.1022],[140.57624,42.09996],[140.57529,42.09897],[140.57389,42.0982],[140.57309,42.09671],[140.57213,42.09585],[140.57205,42.09481],[140.57107,42.09193],[140.56946,42.08946],[140.57014,42.08802],[140.56961,42.08539],[140.56858,42.08317],[140.56896,42.08118],[140.56778,42.07837],[140.56697,42.07802],[140.56657,42.07651],[140.56479,42.07542],[140.56357,42.07418],[140.56715,42.07509],[140.57,42.0777],[140.57246,42.08082],[140.57419,42.08223],[140.57524,42.08245],[140.57669,42.08199],[140.57902,42.07933],[140.57964,42.07689],[140.58202,42.07744],[140.58312,42.07787],[140.58408,42.07791],[140.58554,42.0785],[140.5866,42.08032],[140.58733,42.08065],[140.58706,42.08151],[140.58676,42.08226],[140.58559,42.08308],[140.58539,42.08339],[140.58478,42.08451],[140.585,42.08552],[140.58456,42.08631],[140.58444,42.08704],[140.584,42.08794],[140.58456,42.08942],[140.58481,42.09121],[140.5856,42.0921],[140.58627,42.09344],[140.58641,42.09414],[140.58673,42.09493],[140.58751,42.09631],[140.58721,42.09685],[140.58709,42.09708],[140.58704,42.09748],[140.58648,42.09804],[140.58478,42.10081],[140.58502,42.10212],[140.58418,42.10346],[140.58414,42.10478],[140.58263,42.10555],[140.57961,42.1066]]]}},{"type":"Feature","properties":{"m":"字常盤町","b":[140.5841,42.0935,140.5979,42.1063],"c":[140.59083,42.10047]},"geometry":{"type":"Polygon","coordinates":[[[140.59298,42.10528],[140.5885,42.10628],[140.58721,42.10575],[140.58446,42.10535],[140.58414,42.10478],[140.58418,42.10346],[140.58502,42.10212],[140.58478,42.10081],[140.58648,42.09804],[140.58704,42.09748],[140.58709,42.09708],[140.58721,42.09685],[140.58751,42.09631],[140.58703,42.09528],[140.5894,42.09353],[140.58969,42.09403],[140.59118,42.09521],[140.59299,42.09558],[140.59621,42.09633],[140.59705,42.09688],[140.59789,42.09832],[140.59761,42.10038],[140.59741,42.10068],[140.59581,42.10294],[140.59462,42.10446],[140.59298,42.10528]]]}},{"type":"Feature","properties":{"m":"字白川","b":[140.5948,42.0739,140.6234,42.0992],"c":[140.60753,42.08422]},"geometry":{"type":"Polygon","coordinates":[[[140.6048,42.07559],[140.60655,42.07672],[140.60754,42.07748],[140.60839,42.07748],[140.60952,42.07689],[140.61064,42.07651],[140.61177,42.0764],[140.61362,42.07613],[140.61546,42.07475],[140.61661,42.07436],[140.61841,42.07412],[140.6234,42.07391],[140.61929,42.08016],[140.61373,42.08827],[140.60997,42.09405],[140.60854,42.09475],[140.60643,42.09622],[140.60456,42.09826],[140.6045,42.09915],[140.60324,42.09823],[140.60332,42.09693],[140.60223,42.09508],[140.60202,42.09401],[140.60129,42.09345],[140.60157,42.09252],[140.59955,42.09248],[140.59835,42.09107],[140.59909,42.08974],[140.59778,42.08879],[140.59708,42.08758],[140.59661,42.08561],[140.59603,42.08512],[140.5961,42.0837],[140.59545,42.08208],[140.59477,42.08141],[140.5949,42.08056],[140.59701,42.08038],[140.59883,42.07932],[140.59995,42.07684],[140.60077,42.07636],[140.60356,42.07565],[140.6048,42.07559]]]}},{"type":"Feature","properties":{"m":"字姫川","b":[140.5372,42.04,140.6012,42.0953],"c":[140.57199,42.06364]},"geometry":{"type":"Polygon","coordinates":[[[140.56291,42.04091],[140.56389,42.04151],[140.56408,42.0421],[140.5664,42.043],[140.5664,42.04377],[140.56694,42.04522],[140.56821,42.04548],[140.56987,42.04636],[140.57229,42.04727],[140.57401,42.04783],[140.57565,42.04757],[140.57724,42.04832],[140.58105,42.04972],[140.58332,42.05172],[140.58461,42.05222],[140.5857,42.05257],[140.58701,42.05353],[140.5878,42.05448],[140.58913,42.05518],[140.59063,42.05595],[140.59131,42.05681],[140.59203,42.05722],[140.59291,42.05865],[140.59405,42.05938],[140.59386,42.06006],[140.59388,42.06037],[140.59463,42.06056],[140.59488,42.06086],[140.595,42.06146],[140.59625,42.06179],[140.59735,42.06204],[140.59732,42.06258],[140.59835,42.06348],[140.59986,42.06455],[140.60024,42.06525],[140.60105,42.06609],[140.6006,42.0666],[140.6012,42.06779],[140.601,42.06864],[140.60121,42.06968],[140.60078,42.07126],[140.60038,42.07166],[140.59999,42.07325],[140.59933,42.07327],[140.5989,42.07347],[140.59856,42.07451],[140.59781,42.0753],[140.59742,42.07541],[140.59608,42.0756],[140.59578,42.07673],[140.5953,42.07712],[140.59543,42.07824],[140.59423,42.07903],[140.59424,42.07905],[140.59511,42.07981],[140.5949,42.08056],[140.59477,42.08141],[140.59545,42.08208],[140.5961,42.0837],[140.59603,42.08512],[140.59572,42.08636],[140.59169,42.09152],[140.5894,42.09353],[140.58703,42.09528],[140.58673,42.09493],[140.58641,42.09414],[140.58627,42.09344],[140.5856,42.0921],[140.58481,42.09121],[140.58456,42.08942],[140.584,42.08794],[140.58444,42.08704],[140.58456,42.08631],[140.585,42.08552],[140.58478,42.08451],[140.58539,42.08339],[140.58559,42.08308],[140.58676,42.08226],[140.58706,42.08151],[140.58733,42.08065],[140.5866,42.08032],[140.58554,42.0785],[140.58408,42.07791],[140.58312,42.07787],[140.58202,42.07744],[140.57964,42.07689],[140.57902,42.07933],[140.57669,42.08199],[140.57524,42.08245],[140.57419,42.08223],[140.57246,42.08082],[140.57,42.0777],[140.56715,42.07509],[140.56504,42.07443],[140.56309,42.07407],[140.56184,42.07356],[140.56169,42.07339],[140.5605,42.07236],[140.55951,42.07102],[140.55848,42.07025],[140.55575,42.06958],[140.55447,42.06909],[140.55384,42.06936],[140.55227,42.06881],[140.55154,42.06817],[140.54995,42.06716],[140.54653,42.06575],[140.54084,42.05702],[140.5413,42.05363],[140.53985,42.05109],[140.53892,42.04866],[140.53724,42.03996],[140.53895,42.0402],[140.54196,42.04642],[140.54797,42.05004],[140.55082,42.04928],[140.55124,42.04892],[140.55194,42.04782],[140.55294,42.04713],[140.55505,42.04629],[140.55651,42.04458],[140.55792,42.04336],[140.55996,42.04256],[140.56251,42.04066],[140.56291,42.04091]]]}},{"type":"Feature","properties":{"m":"字清澄町","b":[140.5707,42.0958,140.5779,42.1052],"c":[140.57409,42.10112]},"geometry":{"type":"Polygon","coordinates":[[[140.57795,42.10258],[140.57548,42.10519],[140.57453,42.10516],[140.57154,42.1024],[140.57176,42.10158],[140.57072,42.09961],[140.57221,42.09929],[140.57169,42.09778],[140.57163,42.0962],[140.57213,42.09585],[140.57309,42.09671],[140.57389,42.0982],[140.57529,42.09897],[140.57624,42.09996],[140.57731,42.1022],[140.57795,42.10258]]]}},{"type":"Feature","properties":{"m":"字御幸町","b":[140.5742,42.1026,140.5802,42.109],"c":[140.57717,42.10641]},"geometry":{"type":"Polygon","coordinates":[[[140.58004,42.1083],[140.57887,42.10826],[140.57652,42.10896],[140.57441,42.1063],[140.57415,42.10553],[140.57453,42.10516],[140.57548,42.10519],[140.57795,42.10258],[140.5782,42.10384],[140.5775,42.10478],[140.57961,42.1066],[140.58018,42.10736],[140.58004,42.1083]]]}},{"type":"Feature","properties":{"m":"字本町","b":[140.567,42.1055,140.5765,42.1111],"c":[140.57156,42.10821]},"geometry":{"type":"Polygon","coordinates":[[[140.57652,42.10896],[140.57174,42.1097],[140.5701,42.11026],[140.56886,42.11106],[140.56838,42.10947],[140.56716,42.10774],[140.567,42.10619],[140.56777,42.1072],[140.56898,42.10669],[140.56994,42.1075],[140.57415,42.10553],[140.57441,42.1063],[140.57652,42.10896]]]}},{"type":"Feature","properties":{"m":"字上台町","b":[140.5572,42.0895,140.5745,42.1075],"c":[140.56684,42.09898]},"geometry":{"type":"Polygon","coordinates":[[[140.57213,42.09585],[140.57163,42.0962],[140.57169,42.09778],[140.57221,42.09929],[140.57072,42.09961],[140.57176,42.10158],[140.57154,42.1024],[140.57453,42.10516],[140.57415,42.10553],[140.56994,42.1075],[140.56898,42.10669],[140.56777,42.1072],[140.567,42.10619],[140.56393,42.10456],[140.56273,42.10323],[140.56168,42.10265],[140.55991,42.10238],[140.55901,42.10077],[140.55722,42.09871],[140.55738,42.09805],[140.55895,42.09852],[140.56018,42.09826],[140.56162,42.09636],[140.56218,42.09513],[140.56384,42.09442],[140.56488,42.09269],[140.5655,42.09061],[140.56647,42.09003],[140.56946,42.08946],[140.57107,42.09193],[140.57205,42.09481],[140.57213,42.09585]]]}},{"type":"Feature","properties":{"m":"字霞台","b":[140.4774,41.9851,140.5701,42.0985],"c":[140.51984,42.03709]},"geometry":{"type":"Polygon","coordinates":[[[140.49721,41.98719],[140.49833,41.9881],[140.49944,41.98844],[140.50176,41.98828],[140.50257,41.98773],[140.50372,41.98768],[140.50511,41.98791],[140.50818,41.98645],[140.50903,41.98553],[140.51027,41.98509],[140.51214,41.98657],[140.51443,41.98736],[140.51578,41.98835],[140.516,41.98959],[140.51628,41.99012],[140.51616,41.99046],[140.5156,41.99125],[140.51518,41.99275],[140.51561,41.99377],[140.51719,41.99557],[140.51661,41.99729],[140.51661,41.99852],[140.51632,41.99914],[140.51631,41.99941],[140.51897,41.99945],[140.52162,41.99992],[140.52285,41.99923],[140.52419,41.99849],[140.52444,41.99716],[140.52499,41.99636],[140.52612,41.99579],[140.52769,41.99554],[140.53066,41.99384],[140.5322,41.99339],[140.53392,41.99275],[140.53464,41.99216],[140.53606,41.99224],[140.53688,41.99181],[140.53796,41.99233],[140.53969,41.99293],[140.54052,41.99319],[140.53699,41.9966],[140.53632,41.99751],[140.53394,42.0023],[140.53358,42.00461],[140.53289,42.00661],[140.53374,42.00978],[140.53563,42.01111],[140.53584,42.01166],[140.53533,42.01456],[140.53551,42.01768],[140.53513,42.01994],[140.53525,42.02103],[140.5365,42.02259],[140.53984,42.02496],[140.54127,42.02622],[140.5422,42.02629],[140.5432,42.02734],[140.5441,42.02745],[140.54449,42.0285],[140.54625,42.02931],[140.54867,42.03109],[140.5487,42.03173],[140.5499,42.03268],[140.55138,42.03305],[140.55211,42.0341],[140.55377,42.03453],[140.55423,42.03611],[140.55607,42.03633],[140.55755,42.03695],[140.55894,42.03797],[140.5593,42.03895],[140.56123,42.03961],[140.56251,42.04066],[140.55996,42.04256],[140.55792,42.04336],[140.55651,42.04458],[140.55505,42.04629],[140.55294,42.04713],[140.55194,42.04782],[140.55124,42.04892],[140.55082,42.04928],[140.54797,42.05004],[140.54196,42.04642],[140.53895,42.0402],[140.53724,42.03996],[140.53892,42.04866],[140.53985,42.05109],[140.5413,42.05363],[140.54084,42.05702],[140.54653,42.06575],[140.54995,42.06716],[140.55154,42.06817],[140.55227,42.06881],[140.55384,42.06936],[140.55447,42.06909],[140.55575,42.06958],[140.55848,42.07025],[140.55951,42.07102],[140.5605,42.07236],[140.56169,42.07339],[140.56184,42.07356],[140.56309,42.07407],[140.56357,42.07418],[140.56479,42.07542],[140.56657,42.07651],[140.56697,42.07802],[140.56778,42.07837],[140.56896,42.08118],[140.56858,42.08317],[140.56961,42.08539],[140.57014,42.08802],[140.56946,42.08946],[140.56647,42.09003],[140.5655,42.09061],[140.56488,42.09269],[140.56384,42.09442],[140.56218,42.09513],[140.56162,42.09636],[140.56018,42.09826],[140.55895,42.09852],[140.55738,42.09805],[140.55683,42.09698],[140.55526,42.09414],[140.55415,42.09288],[140.55311,42.09274],[140.55238,42.09166],[140.55347,42.0893],[140.5531,42.08795],[140.55212,42.0875],[140.55055,42.088],[140.54987,42.08779],[140.54969,42.08669],[140.54811,42.08586],[140.54674,42.08408],[140.54658,42.08199],[140.54333,42.082],[140.5418,42.08108],[140.53841,42.07691],[140.53605,42.07673],[140.53504,42.07562],[140.53451,42.07423],[140.53335,42.07493],[140.53126,42.07507],[140.52852,42.0757],[140.52796,42.07627],[140.52574,42.07726],[140.52555,42.07614],[140.52402,42.07568],[140.52211,42.07429],[140.52177,42.07312],[140.52091,42.0726],[140.51973,42.07341],[140.51691,42.07386],[140.51469,42.0745],[140.51451,42.07402],[140.51584,42.07108],[140.51481,42.07008],[140.5138,42.07049],[140.51186,42.06956],[140.51107,42.06963],[140.51028,42.07086],[140.50842,42.06944],[140.50781,42.06733],[140.50815,42.06648],[140.50584,42.06509],[140.50374,42.06573],[140.50295,42.06536],[140.50361,42.06208],[140.50275,42.06109],[140.5024,42.05951],[140.50187,42.05885],[140.4995,42.05738],[140.49986,42.05629],[140.49884,42.05563],[140.49892,42.05483],[140.49818,42.054],[140.49619,42.05317],[140.49474,42.0517],[140.49229,42.05094],[140.49039,42.0495],[140.48859,42.04764],[140.48844,42.0462],[140.48665,42.0454],[140.4858,42.04268],[140.48477,42.04151],[140.48284,42.04028],[140.48195,42.03765],[140.48212,42.03677],[140.48069,42.03596],[140.47918,42.03446],[140.47888,42.03319],[140.47995,42.03275],[140.48139,42.03094],[140.48131,42.0284],[140.48064,42.02775],[140.48002,42.02601],[140.47853,42.02516],[140.478,42.0253],[140.47791,42.02322],[140.47836,42.02208],[140.47785,42.02038],[140.47918,42.01913],[140.47799,42.01782],[140.47743,42.01641],[140.4782,42.0157],[140.4782,42.01401],[140.48008,42.01244],[140.4797,42.01073],[140.48112,42.00956],[140.48477,42.0075],[140.4859,42.00583],[140.48663,42.0054],[140.49088,42.00183],[140.49163,42.00045],[140.49334,41.99207],[140.49365,41.98945],[140.49435,41.98653],[140.49581,41.98714],[140.49721,41.98719]]]}},{"type":"Feature","properties":{"m":"字栗ケ丘","b":[140.4296,41.9863,140.5568,42.102],"c":[140.48027,42.04887]},"geometry":{"type":"Polygon","coordinates":[[[140.4722,41.99276],[140.47433,41.99188],[140.47786,41.99151],[140.47841,41.99136],[140.47978,41.99076],[140.48277,41.9889],[140.48408,41.98764],[140.48505,41.98748],[140.4864,41.98752],[140.48939,41.98769],[140.49157,41.98686],[140.49314,41.98628],[140.49435,41.98653],[140.49365,41.98945],[140.49334,41.99207],[140.49163,42.00045],[140.49088,42.00183],[140.48663,42.0054],[140.4859,42.00583],[140.48477,42.0075],[140.48112,42.00956],[140.4797,42.01073],[140.48008,42.01244],[140.4782,42.01401],[140.4782,42.0157],[140.47743,42.01641],[140.47799,42.01782],[140.47918,42.01913],[140.47785,42.02038],[140.47836,42.02208],[140.47791,42.02322],[140.478,42.0253],[140.47853,42.02516],[140.48002,42.02601],[140.48064,42.02775],[140.48131,42.0284],[140.48139,42.03094],[140.47995,42.03275],[140.47888,42.03319],[140.47918,42.03446],[140.48069,42.03596],[140.48212,42.03677],[140.48195,42.03765],[140.48284,42.04028],[140.48477,42.04151],[140.4858,42.04268],[140.48665,42.0454],[140.48844,42.0462],[140.48859,42.04764],[140.49039,42.0495],[140.49229,42.05094],[140.49474,42.0517],[140.49619,42.05317],[140.49818,42.054],[140.49892,42.05483],[140.49884,42.05563],[140.49986,42.05629],[140.4995,42.05738],[140.50187,42.05885],[140.5024,42.05951],[140.50275,42.06109],[140.50361,42.06208],[140.50295,42.06536],[140.50374,42.06573],[140.50584,42.06509],[140.50815,42.06648],[140.50781,42.06733],[140.50842,42.06944],[140.51028,42.07086],[140.51107,42.06963],[140.51186,42.06956],[140.5138,42.07049],[140.51481,42.07008],[140.51584,42.07108],[140.51451,42.07402],[140.51469,42.0745],[140.51691,42.07386],[140.51973,42.07341],[140.52091,42.0726],[140.52177,42.07312],[140.52211,42.07429],[140.52402,42.07568],[140.52555,42.07614],[140.52574,42.07726],[140.52796,42.07627],[140.52852,42.0757],[140.53126,42.07507],[140.53335,42.07493],[140.53451,42.07423],[140.53504,42.07562],[140.53605,42.07673],[140.53841,42.07691],[140.5418,42.08108],[140.54333,42.082],[140.54658,42.08199],[140.54674,42.08408],[140.54811,42.08586],[140.54969,42.08669],[140.54987,42.08779],[140.55055,42.088],[140.55212,42.0875],[140.5531,42.08795],[140.55347,42.0893],[140.55238,42.09166],[140.55311,42.09274],[140.55415,42.09288],[140.55526,42.09414],[140.55683,42.09698],[140.55581,42.09835],[140.55638,42.09988],[140.55538,42.1015],[140.55311,42.10135],[140.55036,42.10146],[140.54599,42.10198],[140.54296,42.10151],[140.54044,42.10039],[140.538,42.09745],[140.53722,42.09655],[140.53401,42.09391],[140.53198,42.09314],[140.52802,42.09157],[140.52692,42.09097],[140.52625,42.09054],[140.52346,42.08772],[140.52201,42.08655],[140.52022,42.08598],[140.51842,42.08609],[140.51522,42.08678],[140.51437,42.08688],[140.51273,42.08653],[140.51291,42.08768],[140.51085,42.09079],[140.51021,42.09171],[140.50906,42.09188],[140.50573,42.09081],[140.5022,42.0852],[140.49938,42.08314],[140.49904,42.08263],[140.49931,42.08],[140.4974,42.08052],[140.49656,42.08062],[140.4939,42.08067],[140.49144,42.08058],[140.49072,42.08014],[140.4898,42.07818],[140.48952,42.0771],[140.48831,42.07681],[140.48698,42.07711],[140.48577,42.07809],[140.48446,42.07829],[140.48345,42.07852],[140.48242,42.0796],[140.4819,42.08119],[140.48125,42.08123],[140.47925,42.08115],[140.47828,42.08147],[140.47663,42.08265],[140.47552,42.08391],[140.47455,42.08419],[140.47352,42.08406],[140.47314,42.08414],[140.4722,42.08482],[140.47144,42.08686],[140.4711,42.08745],[140.47052,42.08787],[140.46683,42.08946],[140.46701,42.08875],[140.46873,42.0875],[140.46917,42.08596],[140.4666,42.08121],[140.46449,42.0786],[140.46137,42.07574],[140.45771,42.0732],[140.45593,42.07142],[140.45485,42.06951],[140.4552,42.06732],[140.455,42.0658],[140.45427,42.06327],[140.45429,42.05923],[140.45336,42.05663],[140.4509,42.05446],[140.45009,42.05271],[140.44784,42.05088],[140.44457,42.0497],[140.43672,42.04874],[140.43632,42.04779],[140.43464,42.0471],[140.43444,42.04549],[140.43349,42.04445],[140.43355,42.04335],[140.43233,42.0411],[140.4321,42.03937],[140.43326,42.03654],[140.4327,42.0354],[140.43126,42.0341],[140.43145,42.03276],[140.43253,42.03155],[140.43337,42.02859],[140.43336,42.02766],[140.43239,42.02542],[140.42955,42.02316],[140.43294,42.02226],[140.43547,42.02122],[140.43751,42.01894],[140.43868,42.01837],[140.44034,42.01818],[140.44281,42.01742],[140.44365,42.01636],[140.44398,42.01488],[140.44939,42.01391],[140.45101,42.01308],[140.4534,42.01226],[140.45393,42.01032],[140.45516,42.00843],[140.45758,42.00696],[140.45868,42.00492],[140.45977,42.00443],[140.46078,42.00328],[140.4635,42.00212],[140.4649,42.00195],[140.46439,42.00076],[140.46494,41.99838],[140.46604,41.99727],[140.47004,41.99504],[140.47086,41.99344],[140.4722,41.99276]]]}},{"type":"Feature","properties":{"m":"字鳥崎町","b":[140.5538,42.097,140.5689,42.1124],"c":[140.5606,42.10641]},"geometry":{"type":"Polygon","coordinates":[[[140.56886,42.11106],[140.56688,42.11085],[140.5635,42.11093],[140.55955,42.11175],[140.55822,42.11236],[140.55714,42.10881],[140.55637,42.10854],[140.55405,42.10663],[140.55384,42.10581],[140.55453,42.1048],[140.55585,42.10476],[140.55636,42.10385],[140.55558,42.10273],[140.55538,42.1015],[140.55638,42.09988],[140.55581,42.09835],[140.55683,42.09698],[140.55738,42.09805],[140.55722,42.09871],[140.55901,42.10077],[140.55991,42.10238],[140.56168,42.10265],[140.56273,42.10323],[140.56393,42.10456],[140.567,42.10619],[140.56716,42.10774],[140.56838,42.10947],[140.56886,42.11106]]]}},{"type":"Feature","properties":{"m":"字富士見町","b":[140.5341,42.0975,140.5582,42.1151],"c":[140.54667,42.10634]},"geometry":{"type":"Polygon","coordinates":[[[140.55538,42.1015],[140.55558,42.10273],[140.55636,42.10385],[140.55585,42.10476],[140.55453,42.1048],[140.55384,42.10581],[140.55405,42.10663],[140.55637,42.10854],[140.55714,42.10881],[140.55822,42.11236],[140.54961,42.11315],[140.54744,42.11393],[140.5455,42.1151],[140.54383,42.11276],[140.54296,42.10946],[140.54111,42.10781],[140.5399,42.10735],[140.53844,42.10616],[140.53751,42.10485],[140.53503,42.10291],[140.53408,42.10162],[140.53406,42.10064],[140.53467,42.09954],[140.5355,42.0987],[140.538,42.09745],[140.54044,42.10039],[140.54296,42.10151],[140.54599,42.10198],[140.55036,42.10146],[140.55311,42.10135],[140.55538,42.1015]]]}},{"type":"Feature","properties":{"m":"字鷲ノ木町","b":[140.4995,42.0999,140.5455,42.1218],"c":[140.5243,42.11101]},"geometry":{"type":"Polygon","coordinates":[[[140.5455,42.1151],[140.54414,42.11529],[140.54224,42.11641],[140.53815,42.11929],[140.53543,42.12137],[140.53337,42.12182],[140.5316,42.12155],[140.53006,42.12172],[140.52763,42.11964],[140.52636,42.11936],[140.52507,42.11825],[140.52363,42.11798],[140.51983,42.11816],[140.51268,42.1171],[140.5089,42.11524],[140.50446,42.11359],[140.50111,42.11254],[140.49946,42.11181],[140.49971,42.11114],[140.49971,42.1103],[140.50085,42.10944],[140.5027,42.10922],[140.50545,42.11039],[140.50727,42.1116],[140.50821,42.11186],[140.50862,42.11178],[140.51051,42.11083],[140.51071,42.11032],[140.51055,42.10941],[140.50911,42.10854],[140.50451,42.10638],[140.50347,42.10528],[140.50335,42.10469],[140.50396,42.10398],[140.50536,42.10358],[140.50906,42.10443],[140.50971,42.1046],[140.51111,42.10441],[140.51223,42.10359],[140.5141,42.10118],[140.51567,42.10019],[140.51739,42.09985],[140.51745,42.10042],[140.51856,42.10145],[140.52076,42.10216],[140.52074,42.10277],[140.52144,42.10242],[140.52236,42.10247],[140.52257,42.10342],[140.52427,42.10407],[140.52471,42.10524],[140.52638,42.10428],[140.5295,42.10284],[140.53146,42.10237],[140.53503,42.10291],[140.53751,42.10485],[140.53844,42.10616],[140.5399,42.10735],[140.54111,42.10781],[140.54296,42.10946],[140.54383,42.11276],[140.5455,42.1151]]]}},{"type":"Feature","properties":{"m":"字蛯谷町","b":[140.4913,42.1118,140.5301,42.1353],"c":[140.5081,42.1232]},"geometry":{"type":"Polygon","coordinates":[[[140.53006,42.12172],[140.52011,42.12563],[140.51711,42.128],[140.51529,42.1287],[140.51302,42.13035],[140.51181,42.13151],[140.51155,42.13233],[140.50989,42.13328],[140.50848,42.13527],[140.50173,42.13215],[140.49875,42.13034],[140.49607,42.12844],[140.49335,42.12596],[140.49129,42.12436],[140.49392,42.1209],[140.49637,42.1176],[140.4972,42.11733],[140.49851,42.11692],[140.49889,42.11588],[140.49932,42.11503],[140.49884,42.11436],[140.49822,42.11363],[140.49841,42.113],[140.49946,42.11181],[140.50111,42.11254],[140.50446,42.11359],[140.5089,42.11524],[140.51268,42.1171],[140.51983,42.11816],[140.52363,42.11798],[140.52507,42.11825],[140.52636,42.11936],[140.52763,42.11964],[140.53006,42.12172]]]}},{"type":"Feature","properties":{"m":"字本茅部町","b":[140.477,42.1244,140.5085,42.1537],"c":[140.49229,42.13903]},"geometry":{"type":"Polygon","coordinates":[[[140.49335,42.12596],[140.49607,42.12844],[140.49875,42.13034],[140.50173,42.13215],[140.50848,42.13527],[140.50711,42.13574],[140.5037,42.14037],[140.50289,42.142],[140.50193,42.14244],[140.49884,42.14678],[140.49207,42.15099],[140.489,42.15174],[140.48574,42.15368],[140.4846,42.15327],[140.4841,42.15126],[140.48447,42.14633],[140.48425,42.14481],[140.48396,42.14365],[140.48219,42.14245],[140.48111,42.14177],[140.47982,42.14104],[140.47884,42.14118],[140.47754,42.14049],[140.47705,42.13973],[140.48108,42.13699],[140.48333,42.13467],[140.48471,42.1328],[140.48511,42.13102],[140.48567,42.13035],[140.48854,42.12828],[140.49129,42.12436],[140.49335,42.12596]]]}},{"type":"Feature","properties":{"m":"字石倉町","b":[140.4307,42.1397,140.4857,42.1768],"c":[140.46183,42.15794]},"geometry":{"type":"Polygon","coordinates":[[[140.47754,42.14049],[140.47884,42.14118],[140.47982,42.14104],[140.48111,42.14177],[140.48219,42.14245],[140.48396,42.14365],[140.48425,42.14481],[140.48447,42.14633],[140.4841,42.15126],[140.4846,42.15327],[140.48574,42.15368],[140.48334,42.15543],[140.47774,42.15655],[140.47556,42.15788],[140.47379,42.1597],[140.47124,42.16151],[140.47097,42.16144],[140.46869,42.16325],[140.46557,42.16418],[140.46316,42.16585],[140.46091,42.16949],[140.46058,42.17095],[140.45945,42.17254],[140.45841,42.17519],[140.4568,42.17678],[140.45666,42.17622],[140.45653,42.17606],[140.45559,42.17517],[140.45537,42.17335],[140.4544,42.17257],[140.45393,42.17251],[140.45195,42.17184],[140.45154,42.17152],[140.4516,42.17015],[140.44988,42.16894],[140.44763,42.16834],[140.4466,42.16818],[140.44539,42.16811],[140.44393,42.16883],[140.44333,42.16886],[140.44268,42.16869],[140.44108,42.16869],[140.44082,42.16875],[140.43932,42.16848],[140.43906,42.16835],[140.43851,42.16634],[140.43816,42.16616],[140.43749,42.16562],[140.43679,42.16527],[140.4365,42.16455],[140.4347,42.16344],[140.43408,42.16248],[140.43339,42.16272],[140.43185,42.1633],[140.4312,42.163],[140.43091,42.16232],[140.43069,42.16228],[140.43196,42.15972],[140.43332,42.15787],[140.43667,42.15953],[140.44239,42.16039],[140.44514,42.16127],[140.44672,42.16055],[140.44748,42.15924],[140.44748,42.15707],[140.44863,42.15593],[140.45003,42.1554],[140.45486,42.15539],[140.45715,42.15614],[140.46049,42.15469],[140.4632,42.15103],[140.46389,42.14927],[140.46502,42.14769],[140.46758,42.14659],[140.46938,42.145],[140.47209,42.14338],[140.47398,42.14317],[140.47522,42.14196],[140.47603,42.14046],[140.47705,42.13973],[140.47754,42.14049]]]}},{"type":"Feature","properties":{"m":"字濁川","b":[140.4147,42.0487,140.4885,42.1613],"c":[140.44651,42.10941]},"geometry":{"type":"Polygon","coordinates":[[[140.46683,42.08946],[140.46803,42.09022],[140.4693,42.09068],[140.46997,42.09148],[140.47085,42.09298],[140.4678,42.09348],[140.46575,42.09417],[140.46462,42.09478],[140.46409,42.09568],[140.46283,42.09874],[140.46083,42.10088],[140.45828,42.10251],[140.4578,42.10329],[140.45806,42.10431],[140.45895,42.10563],[140.46114,42.10722],[140.4624,42.10852],[140.46372,42.11022],[140.46467,42.11226],[140.46604,42.11675],[140.46667,42.1182],[140.47004,42.12024],[140.47107,42.12068],[140.47478,42.12115],[140.47653,42.12141],[140.48051,42.12261],[140.48412,42.12405],[140.4861,42.12544],[140.48854,42.12828],[140.48567,42.13035],[140.48511,42.13102],[140.48471,42.1328],[140.48333,42.13467],[140.48108,42.13699],[140.47705,42.13973],[140.47603,42.14046],[140.47522,42.14196],[140.47398,42.14317],[140.47209,42.14338],[140.46938,42.145],[140.46758,42.14659],[140.46502,42.14769],[140.46389,42.14927],[140.4632,42.15103],[140.46049,42.15469],[140.45715,42.15614],[140.45486,42.15539],[140.45003,42.1554],[140.44863,42.15593],[140.44748,42.15707],[140.44748,42.15924],[140.44672,42.16055],[140.44514,42.16127],[140.44239,42.16039],[140.43667,42.15953],[140.43332,42.15787],[140.43423,42.1567],[140.43439,42.15455],[140.43395,42.15423],[140.43139,42.15414],[140.43012,42.15376],[140.4289,42.15279],[140.4274,42.14983],[140.42677,42.14497],[140.42763,42.14363],[140.42968,42.14237],[140.42969,42.14156],[140.42836,42.14061],[140.42806,42.14027],[140.42894,42.13715],[140.42868,42.13596],[140.42824,42.13494],[140.42547,42.13178],[140.42385,42.13033],[140.42295,42.12857],[140.42273,42.12736],[140.42256,42.12712],[140.42191,42.12611],[140.42174,42.12569],[140.4218,42.12448],[140.42301,42.12312],[140.42353,42.12199],[140.4238,42.12175],[140.42501,42.12101],[140.4257,42.1204],[140.42552,42.11996],[140.42441,42.1193],[140.42317,42.11855],[140.42279,42.11809],[140.42091,42.11628],[140.41769,42.1158],[140.41667,42.11437],[140.4167,42.11261],[140.41558,42.11136],[140.41472,42.11079],[140.41492,42.10929],[140.41622,42.10774],[140.4179,42.10702],[140.41783,42.10561],[140.41905,42.10405],[140.42012,42.1038],[140.42124,42.102],[140.42068,42.10147],[140.42135,42.10008],[140.42062,42.09841],[140.41934,42.09736],[140.42058,42.09546],[140.42265,42.09439],[140.42265,42.09344],[140.42494,42.09089],[140.42523,42.0894],[140.42607,42.08752],[140.42727,42.08623],[140.42877,42.08585],[140.42911,42.0853],[140.42526,42.08291],[140.42467,42.08165],[140.42417,42.07942],[140.42427,42.07749],[140.42319,42.07609],[140.42385,42.07247],[140.42501,42.07101],[140.42594,42.06892],[140.42773,42.06743],[140.42826,42.06498],[140.42887,42.06379],[140.43112,42.06268],[140.43206,42.06128],[140.43192,42.05992],[140.43398,42.05733],[140.4343,42.05481],[140.43389,42.05294],[140.43515,42.05247],[140.43718,42.05081],[140.43672,42.04874],[140.44457,42.0497],[140.44784,42.05088],[140.45009,42.05271],[140.4509,42.05446],[140.45336,42.05663],[140.45429,42.05923],[140.45427,42.06327],[140.455,42.0658],[140.4552,42.06732],[140.45485,42.06951],[140.45593,42.07142],[140.45771,42.0732],[140.46137,42.07574],[140.46449,42.0786],[140.4666,42.08121],[140.46917,42.08596],[140.46873,42.0875],[140.46701,42.08875],[140.46683,42.08946]]]}},{"type":"Feature","properties":{"m":"字三岱","b":[140.3934,42.1108,140.4344,42.1627],"c":[140.41515,42.13566]},"geometry":{"type":"Polygon","coordinates":[[[140.43196,42.15972],[140.43113,42.1613],[140.43069,42.16228],[140.43062,42.16227],[140.42913,42.16273],[140.42853,42.16233],[140.42667,42.16244],[140.42526,42.16105],[140.42419,42.15989],[140.42202,42.15962],[140.42137,42.15887],[140.42122,42.15845],[140.42041,42.15729],[140.4194,42.15678],[140.41808,42.15552],[140.41805,42.15461],[140.41807,42.15449],[140.41743,42.15292],[140.41662,42.15273],[140.41581,42.15237],[140.4132,42.15065],[140.41234,42.15012],[140.41195,42.14858],[140.41265,42.14794],[140.41261,42.14685],[140.41301,42.14663],[140.41266,42.14659],[140.41208,42.14644],[140.41167,42.14703],[140.41074,42.14733],[140.4096,42.14591],[140.41036,42.14547],[140.4098,42.14466],[140.40892,42.14431],[140.40715,42.14377],[140.40541,42.14401],[140.40463,42.14262],[140.40493,42.14138],[140.40465,42.13989],[140.40369,42.13889],[140.40225,42.13704],[140.40073,42.13563],[140.40011,42.13458],[140.39945,42.13437],[140.3989,42.13421],[140.39817,42.13345],[140.39762,42.1325],[140.39778,42.13161],[140.3976,42.13064],[140.39679,42.1293],[140.39681,42.12832],[140.39609,42.1272],[140.39572,42.12709],[140.39479,42.12627],[140.39367,42.12483],[140.39378,42.12458],[140.39343,42.12319],[140.39347,42.1231],[140.39918,42.12111],[140.40372,42.11796],[140.40551,42.11745],[140.4071,42.11751],[140.40834,42.11756],[140.41242,42.11567],[140.41296,42.11454],[140.41374,42.11404],[140.41431,42.1126],[140.41472,42.11079],[140.41558,42.11136],[140.4167,42.11261],[140.41667,42.11437],[140.41769,42.1158],[140.42091,42.11628],[140.42279,42.11809],[140.42317,42.11855],[140.42441,42.1193],[140.42552,42.11996],[140.4257,42.1204],[140.42501,42.12101],[140.4238,42.12175],[140.42353,42.12199],[140.42301,42.12312],[140.4218,42.12448],[140.42174,42.12569],[140.42191,42.12611],[140.42256,42.12712],[140.42273,42.12736],[140.42295,42.12857],[140.42385,42.13033],[140.42547,42.13178],[140.42824,42.13494],[140.42868,42.13596],[140.42894,42.13715],[140.42806,42.14027],[140.42836,42.14061],[140.42969,42.14156],[140.42968,42.14237],[140.42763,42.14363],[140.42677,42.14497],[140.4274,42.14983],[140.4289,42.15279],[140.43012,42.15376],[140.43139,42.15414],[140.43395,42.15423],[140.43439,42.15455],[140.43423,42.1567],[140.43332,42.15787],[140.43196,42.15972]]]}},{"type":"Feature","properties":{"m":"字栄町","b":[140.5894,42.0851,140.6045,42.1029],"c":[140.59759,42.09493]},"geometry":{"type":"Polygon","coordinates":[[[140.60438,42.09951],[140.60363,42.10096],[140.60333,42.10125],[140.60258,42.10261],[140.60133,42.10249],[140.59819,42.10218],[140.59733,42.10249],[140.5963,42.10279],[140.59581,42.10294],[140.59741,42.10068],[140.59761,42.10038],[140.59789,42.09832],[140.59705,42.09688],[140.59621,42.09633],[140.59299,42.09558],[140.59118,42.09521],[140.58969,42.09403],[140.5894,42.09353],[140.59169,42.09152],[140.59572,42.08636],[140.59603,42.08512],[140.59661,42.08561],[140.59708,42.08758],[140.59778,42.08879],[140.59909,42.08974],[140.59835,42.09107],[140.59955,42.09248],[140.60157,42.09252],[140.60129,42.09345],[140.60202,42.09401],[140.60223,42.09508],[140.60332,42.09693],[140.60324,42.09823],[140.6045,42.09915],[140.60438,42.09951]]]}},{"type":"Feature","properties":{"m":"字清滝","b":[140.4578,42.0927,140.4997,42.1283],"c":[140.47964,42.1088]},"geometry":{"type":"Polygon","coordinates":[[[140.49971,42.11114],[140.49946,42.11181],[140.49841,42.113],[140.49822,42.11363],[140.49884,42.11436],[140.49932,42.11503],[140.49889,42.11588],[140.49851,42.11692],[140.4972,42.11733],[140.49637,42.1176],[140.49392,42.1209],[140.49129,42.12436],[140.48854,42.12828],[140.4861,42.12544],[140.48412,42.12405],[140.48051,42.12261],[140.47653,42.12141],[140.47478,42.12115],[140.47107,42.12068],[140.47004,42.12024],[140.46667,42.1182],[140.46604,42.11675],[140.46467,42.11226],[140.46372,42.11022],[140.4624,42.10852],[140.46114,42.10722],[140.45895,42.10563],[140.45806,42.10431],[140.4578,42.10329],[140.45828,42.10251],[140.46083,42.10088],[140.46283,42.09874],[140.46409,42.09568],[140.46462,42.09478],[140.46575,42.09417],[140.4678,42.09348],[140.47085,42.09298],[140.4761,42.09271],[140.4794,42.09325],[140.48064,42.09382],[140.48186,42.09514],[140.48232,42.09664],[140.48332,42.09747],[140.48662,42.09809],[140.49063,42.10047],[140.49603,42.10316],[140.49706,42.10394],[140.49918,42.10657],[140.49919,42.10925],[140.49971,42.1103],[140.49971,42.11114]]]}},{"type":"Feature","properties":{"m":"字桂川","b":[140.4668,42.0768,140.538,42.1119],"c":[140.50201,42.09344]},"geometry":{"type":"Polygon","coordinates":[[[140.47052,42.08787],[140.4711,42.08745],[140.47144,42.08686],[140.4722,42.08482],[140.47314,42.08414],[140.47352,42.08406],[140.47455,42.08419],[140.47552,42.08391],[140.47663,42.08265],[140.47828,42.08147],[140.47925,42.08115],[140.48125,42.08123],[140.4819,42.08119],[140.48242,42.0796],[140.48345,42.07852],[140.48446,42.07829],[140.48577,42.07809],[140.48698,42.07711],[140.48831,42.07681],[140.48952,42.0771],[140.4898,42.07818],[140.49072,42.08014],[140.49144,42.08058],[140.4939,42.08067],[140.49656,42.08062],[140.4974,42.08052],[140.49931,42.08],[140.49904,42.08263],[140.49938,42.08314],[140.5022,42.0852],[140.50573,42.09081],[140.50906,42.09188],[140.51021,42.09171],[140.51085,42.09079],[140.51291,42.08768],[140.51273,42.08653],[140.51437,42.08688],[140.51522,42.08678],[140.51842,42.08609],[140.52022,42.08598],[140.52201,42.08655],[140.52346,42.08772],[140.52625,42.09054],[140.52692,42.09097],[140.52802,42.09157],[140.53198,42.09314],[140.53401,42.09391],[140.53722,42.09655],[140.538,42.09745],[140.5355,42.0987],[140.53467,42.09954],[140.53406,42.10064],[140.53408,42.10162],[140.53503,42.10291],[140.53146,42.10237],[140.5295,42.10284],[140.52638,42.10428],[140.52471,42.10524],[140.52427,42.10407],[140.52257,42.10342],[140.52236,42.10247],[140.52144,42.10242],[140.52074,42.10277],[140.52076,42.10216],[140.51856,42.10145],[140.51745,42.10042],[140.51739,42.09985],[140.51567,42.10019],[140.5141,42.10118],[140.51223,42.10359],[140.51111,42.10441],[140.50971,42.1046],[140.50906,42.10443],[140.50536,42.10358],[140.50396,42.10398],[140.50335,42.10469],[140.50347,42.10528],[140.50451,42.10638],[140.50911,42.10854],[140.51055,42.10941],[140.51071,42.11032],[140.51051,42.11083],[140.50862,42.11178],[140.50821,42.11186],[140.50727,42.1116],[140.50545,42.11039],[140.5027,42.10922],[140.50085,42.10944],[140.49971,42.1103],[140.49919,42.10925],[140.49918,42.10657],[140.49706,42.10394],[140.49603,42.10316],[140.49063,42.10047],[140.48662,42.09809],[140.48332,42.09747],[140.48232,42.09664],[140.48186,42.09514],[140.48064,42.09382],[140.4794,42.09325],[140.4761,42.09271],[140.47085,42.09298],[140.46997,42.09148],[140.4693,42.09068],[140.46803,42.09022],[140.46683,42.08946],[140.47052,42.08787]]]}},{"type":"Feature","properties":{"m":"字砂原西","b":[140.6278,42.0872,140.6627,42.1288],"c":[140.64964,42.11139]},"geometry":{"type":"Polygon","coordinates":[[[140.62998,42.11596],[140.63188,42.11481],[140.63322,42.11443],[140.63447,42.11317],[140.63584,42.11217],[140.63662,42.1117],[140.63845,42.11085],[140.64011,42.10972],[140.64194,42.10802],[140.64334,42.10679],[140.64398,42.10455],[140.64375,42.10128],[140.64418,42.09991],[140.64484,42.09931],[140.64587,42.09752],[140.6448,42.09593],[140.64366,42.09356],[140.64605,42.09153],[140.64939,42.08918],[140.65065,42.08842],[140.65341,42.08729],[140.65476,42.08722],[140.65552,42.08751],[140.65719,42.08895],[140.65869,42.09033],[140.65857,42.09147],[140.65834,42.09188],[140.65668,42.09347],[140.65423,42.09481],[140.65217,42.0953],[140.65155,42.09519],[140.652,42.10106],[140.66197,42.1011],[140.66228,42.10846],[140.66056,42.10846],[140.6595,42.11092],[140.65932,42.11123],[140.65911,42.11185],[140.65934,42.11201],[140.66039,42.11197],[140.66119,42.11144],[140.66151,42.1108],[140.66272,42.11071],[140.66214,42.11857],[140.66175,42.124],[140.66159,42.12816],[140.66197,42.12876],[140.66155,42.12874],[140.65761,42.12872],[140.65488,42.12826],[140.6525,42.12744],[140.64983,42.12615],[140.64564,42.12457],[140.64358,42.12448],[140.64222,42.12357],[140.64032,42.12284],[140.63782,42.12219],[140.63628,42.12207],[140.6341,42.12157],[140.63128,42.12057],[140.62779,42.11898],[140.62938,42.11611],[140.62998,42.11596]],[[140.63897,42.11233],[140.64048,42.11192],[140.63907,42.11201],[140.63897,42.11233]]]}},{"type":"Feature","properties":{"m":"字砂原","b":[140.6434,42.0636,140.7375,42.1388],"c":[140.69291,42.09925]},"geometry":{"type":"MultiPolygon","coordinates":[[[[140.66214,42.11857],[140.66272,42.11071],[140.66151,42.1108],[140.66119,42.11144],[140.66039,42.11197],[140.65934,42.11201],[140.65911,42.11185],[140.65932,42.11123],[140.6595,42.11092],[140.66056,42.10846],[140.66228,42.10846],[140.66197,42.1011],[140.652,42.10106],[140.65155,42.09519],[140.65217,42.0953],[140.65423,42.09481],[140.65668,42.09347],[140.65834,42.09188],[140.65857,42.09147],[140.65869,42.09033],[140.65719,42.08895],[140.65552,42.08751],[140.65476,42.08722],[140.65341,42.08729],[140.65065,42.08842],[140.64939,42.08918],[140.64605,42.09153],[140.64366,42.09356],[140.6434,42.09181],[140.64433,42.09081],[140.64463,42.08551],[140.64535,42.08432],[140.64489,42.08316],[140.64522,42.08226],[140.64833,42.08144],[140.6498,42.08072],[140.65112,42.07927],[140.65576,42.07599],[140.65942,42.07501],[140.66332,42.07447],[140.66495,42.07353],[140.66566,42.07183],[140.67672,42.06477],[140.67733,42.06359],[140.68041,42.06558],[140.68408,42.06794],[140.68817,42.07057],[140.70171,42.07158],[140.72297,42.07315],[140.72386,42.0737],[140.72819,42.07502],[140.73258,42.07617],[140.73439,42.07694],[140.73594,42.07738],[140.73752,42.07894],[140.73017,42.08257],[140.73068,42.09054],[140.72819,42.09064],[140.72825,42.09095],[140.73104,42.09504],[140.73276,42.09511],[140.73296,42.09931],[140.72921,42.09931],[140.72853,42.10001],[140.7283,42.10045],[140.72665,42.10328],[140.72673,42.10766],[140.72403,42.1078],[140.72421,42.11009],[140.72699,42.10998],[140.72751,42.11474],[140.72429,42.11496],[140.72446,42.1163],[140.72385,42.11693],[140.7239,42.1173],[140.72376,42.11885],[140.72204,42.11931],[140.71785,42.11984],[140.7183,42.12385],[140.72801,42.12379],[140.7304,42.12617],[140.72749,42.12738],[140.72603,42.12822],[140.72246,42.13101],[140.72086,42.13294],[140.71793,42.13506],[140.71561,42.13652],[140.71152,42.13781],[140.71057,42.13834],[140.70799,42.13881],[140.70654,42.13852],[140.70273,42.13535],[140.6998,42.13265],[140.69452,42.12852],[140.69207,42.12714],[140.68956,42.12661],[140.68856,42.12597],[140.68749,42.12681],[140.68654,42.12666],[140.68615,42.1256],[140.68366,42.1255],[140.68085,42.1262],[140.67934,42.12602],[140.67611,42.12619],[140.67466,42.12638],[140.67002,42.12769],[140.66404,42.12877],[140.66197,42.12876],[140.66159,42.12816],[140.66175,42.124],[140.66214,42.11857]],[[140.71234,42.1226],[140.71188,42.12282],[140.71209,42.12671],[140.71445,42.12562],[140.71421,42.12411],[140.71355,42.12387],[140.71344,42.12342],[140.71295,42.12261],[140.71234,42.1226]]],[[[140.68595,42.10935],[140.69723,42.10871],[140.69867,42.10863],[140.6953,42.10882],[140.68595,42.10935]]]]}},{"type":"Feature","properties":{"m":"字砂原東","b":[140.7119,42.0789,140.7671,42.1267],"c":[140.74253,42.10485]},"geometry":{"type":"MultiPolygon","coordinates":[[[[140.71295,42.12261],[140.71344,42.12342],[140.71355,42.12387],[140.71421,42.12411],[140.71445,42.12562],[140.71209,42.12671],[140.71188,42.12282],[140.71234,42.1226],[140.71295,42.12261]]],[[[140.72376,42.11885],[140.7239,42.1173],[140.72385,42.11693],[140.72446,42.1163],[140.72429,42.11496],[140.72751,42.11474],[140.72699,42.10998],[140.72421,42.11009],[140.72403,42.1078],[140.72673,42.10766],[140.72665,42.10328],[140.7283,42.10045],[140.72853,42.10001],[140.72921,42.09931],[140.73296,42.09931],[140.73276,42.09511],[140.73104,42.09504],[140.72825,42.09095],[140.72819,42.09064],[140.73068,42.09054],[140.73017,42.08257],[140.73752,42.07894],[140.73939,42.08041],[140.73993,42.08199],[140.74168,42.08362],[140.74412,42.08587],[140.74525,42.08718],[140.74598,42.08774],[140.74749,42.089],[140.74819,42.08976],[140.74928,42.0903],[140.74974,42.09077],[140.75065,42.09169],[140.75111,42.09236],[140.7523,42.09302],[140.75407,42.09357],[140.7549,42.09346],[140.7557,42.09354],[140.75701,42.0937],[140.75852,42.09482],[140.75981,42.09568],[140.76095,42.09581],[140.76177,42.09655],[140.76251,42.0972],[140.76414,42.09701],[140.7657,42.09707],[140.76705,42.09732],[140.76565,42.10052],[140.7655,42.1031],[140.76486,42.10446],[140.76471,42.10577],[140.76358,42.10755],[140.76295,42.10894],[140.76208,42.11217],[140.76169,42.11457],[140.7608,42.11581],[140.75842,42.11711],[140.75461,42.11769],[140.75055,42.11918],[140.74824,42.11924],[140.74591,42.11978],[140.74332,42.12022],[140.74239,42.12064],[140.74059,42.12228],[140.73878,42.12304],[140.73511,42.12321],[140.73239,42.1245],[140.7304,42.12617],[140.72801,42.12379],[140.7183,42.12385],[140.71785,42.11984],[140.72204,42.11931],[140.72376,42.11885]],[[140.73865,42.11089],[140.73852,42.1107],[140.73803,42.11119],[140.73865,42.11089]]]]}},{"type":"Feature","properties":{"m":"元町","b":[140.2646,42.2574,140.2699,42.2622],"c":[140.2674,42.26008]},"geometry":{"type":"Polygon","coordinates":[[[140.26884,42.25876],[140.26881,42.25943],[140.26984,42.26016],[140.26988,42.26222],[140.2646,42.26116],[140.26511,42.25989],[140.26654,42.25743],[140.26795,42.25807],[140.26884,42.25876]]]}},{"type":"Feature","properties":{"m":"本町","b":[140.2668,42.2512,140.2773,42.2588],"c":[140.27211,42.25472]},"geometry":{"type":"Polygon","coordinates":[[[140.26795,42.25807],[140.26682,42.25717],[140.2695,42.25547],[140.27091,42.2547],[140.27078,42.25447],[140.27154,42.25343],[140.27328,42.25252],[140.27412,42.25268],[140.27715,42.25121],[140.27727,42.25262],[140.27381,42.25464],[140.27206,42.25569],[140.27117,42.2562],[140.27077,42.25657],[140.27017,42.25716],[140.2687,42.25781],[140.26884,42.25876],[140.26795,42.25807]]]}},{"type":"Feature","properties":{"m":"東町","b":[140.2687,42.2557,140.2762,42.2637],"c":[140.27231,42.25955]},"geometry":{"type":"Polygon","coordinates":[[[140.26884,42.25876],[140.2687,42.25781],[140.27017,42.25716],[140.27077,42.25657],[140.27117,42.2562],[140.27206,42.25569],[140.27284,42.25646],[140.27485,42.25758],[140.27593,42.25764],[140.27548,42.25966],[140.27624,42.26011],[140.2752,42.26041],[140.27466,42.26018],[140.27483,42.26137],[140.27358,42.26312],[140.27334,42.26366],[140.27186,42.26292],[140.27081,42.26249],[140.26988,42.26222],[140.26984,42.26016],[140.26881,42.25943],[140.26884,42.25876]]]}},{"type":"Feature","properties":{"m":"豊河町","b":[140.2734,42.2576,140.2809,42.268],"c":[140.27746,42.26206]},"geometry":{"type":"Polygon","coordinates":[[[140.2752,42.26041],[140.27624,42.26011],[140.27548,42.25966],[140.27593,42.25764],[140.27761,42.25768],[140.27886,42.25758],[140.28061,42.25811],[140.28088,42.25853],[140.27962,42.26281],[140.27933,42.26569],[140.27883,42.26801],[140.27596,42.26552],[140.27533,42.26492],[140.27398,42.26401],[140.27337,42.26368],[140.27358,42.26312],[140.27483,42.26137],[140.27466,42.26018],[140.2752,42.26041]]]}},{"type":"Feature","properties":{"m":"富士見町","b":[140.2721,42.2526,140.2776,42.2577],"c":[140.27547,42.2556]},"geometry":{"type":"Polygon","coordinates":[[[140.27381,42.25464],[140.27727,42.25262],[140.27761,42.25768],[140.27593,42.25764],[140.27485,42.25758],[140.27284,42.25646],[140.27206,42.25569],[140.27381,42.25464]]]}},{"type":"Feature","properties":{"m":"東雲町","b":[140.2772,42.2478,140.2865,42.2581],"c":[140.28101,42.25271]},"geometry":{"type":"Polygon","coordinates":[[[140.27715,42.25121],[140.27897,42.25024],[140.28347,42.24775],[140.28449,42.24789],[140.28648,42.24863],[140.2853,42.24997],[140.28312,42.25362],[140.28357,42.25377],[140.28258,42.25594],[140.2819,42.25643],[140.28141,42.25648],[140.2811,42.25743],[140.28061,42.25811],[140.27886,42.25758],[140.27761,42.25768],[140.27727,42.25262],[140.27715,42.25121]]]}},{"type":"Feature","properties":{"m":"内浦町","b":[140.2788,42.2435,140.294,42.2686],"c":[140.28583,42.25324]},"geometry":{"type":"Polygon","coordinates":[[[140.28061,42.25811],[140.2811,42.25743],[140.28141,42.25648],[140.2819,42.25643],[140.28258,42.25594],[140.28357,42.25377],[140.28312,42.25362],[140.2853,42.24997],[140.28648,42.24863],[140.28449,42.24789],[140.28347,42.24775],[140.28602,42.24635],[140.28667,42.24599],[140.28719,42.2457],[140.28928,42.24454],[140.29213,42.24346],[140.2925,42.24426],[140.29404,42.24574],[140.29036,42.24972],[140.2895,42.25184],[140.28897,42.2523],[140.28805,42.25187],[140.28609,42.25421],[140.28638,42.25463],[140.2849,42.25562],[140.284,42.25708],[140.28308,42.25951],[140.28266,42.26135],[140.28144,42.26485],[140.28108,42.26483],[140.28065,42.2686],[140.27883,42.26801],[140.27933,42.26569],[140.27962,42.26281],[140.28088,42.25853],[140.28061,42.25811]]]}},{"type":"Feature","properties":{"m":"住初町","b":[140.2565,42.2538,140.2665,42.2612],"c":[140.26274,42.25714]},"geometry":{"type":"Polygon","coordinates":[[[140.26511,42.25989],[140.2646,42.26116],[140.26211,42.25963],[140.25929,42.25851],[140.25654,42.25811],[140.25851,42.25743],[140.26002,42.25602],[140.25994,42.2553],[140.2609,42.2552],[140.26004,42.25381],[140.26378,42.25429],[140.26402,42.25434],[140.26429,42.25435],[140.26481,42.2543],[140.26595,42.25452],[140.26629,42.25744],[140.26654,42.25743],[140.26511,42.25989]]]}},{"type":"Feature","properties":{"m":"末広町","b":[140.2657,42.2525,140.2709,42.2574],"c":[140.26784,42.25457]},"geometry":{"type":"Polygon","coordinates":[[[140.2695,42.25547],[140.26682,42.25717],[140.26629,42.25744],[140.26595,42.25452],[140.26594,42.25445],[140.2657,42.25255],[140.2685,42.25278],[140.27007,42.25309],[140.27025,42.25421],[140.27091,42.2547],[140.2695,42.25547]]]}},{"type":"Feature","properties":{"m":"相生町","b":[140.2699,42.2493,140.2775,42.2545],"c":[140.27366,42.25133]},"geometry":{"type":"Polygon","coordinates":[[[140.27078,42.25447],[140.27025,42.25421],[140.27007,42.25309],[140.26993,42.25227],[140.27076,42.2517],[140.27114,42.25168],[140.27156,42.2511],[140.27212,42.25107],[140.27231,42.24954],[140.27748,42.24928],[140.27715,42.25121],[140.27412,42.25268],[140.27328,42.25252],[140.27154,42.25343],[140.27078,42.25447]]]}},{"type":"Feature","properties":{"m":"栄町","b":[140.2516,42.2502,140.2609,42.2581],"c":[140.25608,42.25424]},"geometry":{"type":"Polygon","coordinates":[[[140.25654,42.25811],[140.25204,42.25754],[140.25252,42.25571],[140.25163,42.25364],[140.25243,42.25259],[140.25232,42.2519],[140.25201,42.25108],[140.25519,42.2509],[140.25691,42.25083],[140.25838,42.25071],[140.25974,42.25018],[140.26004,42.25381],[140.2609,42.2552],[140.25994,42.2553],[140.26002,42.25602],[140.25851,42.25743],[140.25654,42.25811]]]}},{"type":"Feature","properties":{"m":"宮園町","b":[140.2597,42.2483,140.266,42.2545],"c":[140.26297,42.25164]},"geometry":{"type":"Polygon","coordinates":[[[140.26481,42.2543],[140.26429,42.25435],[140.26402,42.25434],[140.26378,42.25429],[140.26004,42.25381],[140.25974,42.25018],[140.26219,42.24916],[140.26515,42.24827],[140.26522,42.24832],[140.26532,42.24906],[140.26548,42.25074],[140.26567,42.25234],[140.2657,42.25255],[140.26594,42.25445],[140.26595,42.25452],[140.26481,42.2543]]]}},{"type":"Feature","properties":{"m":"三杉町","b":[140.2723,42.2421,140.2867,42.2512],"c":[140.28012,42.24681]},"geometry":{"type":"Polygon","coordinates":[[[140.27715,42.25121],[140.27748,42.24928],[140.27231,42.24954],[140.27236,42.24912],[140.27246,42.24816],[140.27519,42.24802],[140.27543,42.2469],[140.27643,42.247],[140.27678,42.24704],[140.27794,42.24716],[140.27855,42.24552],[140.28018,42.24335],[140.28094,42.24208],[140.28505,42.2446],[140.28667,42.24599],[140.28602,42.24635],[140.28228,42.2484],[140.27897,42.25024],[140.27715,42.25121]]]}},{"type":"Feature","properties":{"m":"出雲町","b":[140.2653,42.248,140.2725,42.2531],"c":[140.26882,42.25036]},"geometry":{"type":"Polygon","coordinates":[[[140.2685,42.25278],[140.2657,42.25255],[140.26567,42.25234],[140.26548,42.25074],[140.26532,42.24906],[140.26935,42.24814],[140.27032,42.24798],[140.27129,42.24806],[140.27246,42.24816],[140.27236,42.24912],[140.27231,42.24954],[140.27212,42.25107],[140.27156,42.2511],[140.27114,42.25168],[140.27076,42.2517],[140.26993,42.25227],[140.27007,42.25309],[140.2685,42.25278]]]}},{"type":"Feature","properties":{"m":"緑町","b":[140.2536,42.2411,140.2809,42.2509],"c":[140.26787,42.24616]},"geometry":{"type":"Polygon","coordinates":[[[140.25691,42.25083],[140.25519,42.2509],[140.25362,42.24756],[140.25363,42.24743],[140.26598,42.24432],[140.27847,42.24108],[140.28094,42.24208],[140.28018,42.24335],[140.27855,42.24552],[140.27794,42.24716],[140.27678,42.24704],[140.27643,42.247],[140.27543,42.2469],[140.27519,42.24802],[140.27129,42.24806],[140.27032,42.24798],[140.26935,42.24814],[140.26532,42.24906],[140.26522,42.24832],[140.26515,42.24827],[140.26219,42.24916],[140.25974,42.25018],[140.25838,42.25071],[140.25691,42.25083]]]}},{"type":"Feature","properties":{"m":"黒岩","b":[140.2084,42.3353,140.2947,42.395],"c":[140.2521,42.3637]},"geometry":{"type":"Polygon","coordinates":[[[140.23533,42.37859],[140.23236,42.38019],[140.232,42.38098],[140.22977,42.3835],[140.22733,42.38411],[140.22642,42.38455],[140.22391,42.38508],[140.22346,42.38573],[140.22272,42.38695],[140.22202,42.38846],[140.22193,42.38956],[140.22249,42.39081],[140.22338,42.39219],[140.2246,42.39284],[140.22854,42.39419],[140.23053,42.3948],[140.22905,42.39498],[140.22717,42.39453],[140.22312,42.39437],[140.21986,42.39311],[140.21626,42.39243],[140.21418,42.39052],[140.21263,42.38973],[140.21232,42.38822],[140.21238,42.38577],[140.21147,42.38284],[140.2104,42.38057],[140.20956,42.37676],[140.20858,42.36706],[140.20841,42.36361],[140.21157,42.3633],[140.21465,42.36238],[140.21734,42.36125],[140.21993,42.35992],[140.22247,42.35791],[140.22382,42.3563],[140.22504,42.35438],[140.22906,42.34753],[140.23123,42.34551],[140.23352,42.3441],[140.23939,42.34167],[140.24323,42.33885],[140.24426,42.33837],[140.25223,42.33574],[140.25654,42.33527],[140.25825,42.33543],[140.26034,42.33608],[140.264,42.3385],[140.26584,42.33934],[140.2695,42.34024],[140.2732,42.3404],[140.28205,42.3393],[140.28268,42.34249],[140.28307,42.34342],[140.28422,42.34795],[140.28547,42.35203],[140.28643,42.35443],[140.28635,42.35496],[140.28825,42.35965],[140.28962,42.36249],[140.28944,42.36295],[140.29006,42.36498],[140.29362,42.37221],[140.29469,42.37476],[140.29151,42.37602],[140.291,42.37675],[140.29038,42.3786],[140.29031,42.3788],[140.28931,42.37949],[140.28877,42.37941],[140.28673,42.3801],[140.28653,42.38068],[140.28587,42.38122],[140.28339,42.38174],[140.28249,42.38289],[140.28248,42.38383],[140.28052,42.38433],[140.27872,42.385],[140.27807,42.38571],[140.27725,42.38608],[140.27627,42.38554],[140.27442,42.38593],[140.27406,42.38592],[140.2736,42.3863],[140.27205,42.38598],[140.27153,42.3869],[140.27063,42.38678],[140.26971,42.3863],[140.26769,42.38558],[140.26608,42.3849],[140.26508,42.38469],[140.26377,42.38416],[140.26304,42.38335],[140.26224,42.38268],[140.26193,42.38261],[140.26161,42.38199],[140.26064,42.38173],[140.26018,42.3813],[140.25956,42.38121],[140.25729,42.38012],[140.25596,42.37983],[140.25346,42.37977],[140.25087,42.38028],[140.24941,42.37995],[140.24788,42.38063],[140.24597,42.38039],[140.24479,42.38048],[140.24423,42.38052],[140.24249,42.37966],[140.24074,42.37883],[140.23756,42.37867],[140.23533,42.37859]]]}},{"type":"Feature","properties":{"m":"山崎","b":[140.2032,42.3012,140.282,42.3636],"c":[140.23999,42.32832]},"geometry":{"type":"Polygon","coordinates":[[[140.20841,42.36361],[140.20613,42.35407],[140.20539,42.3514],[140.20484,42.34617],[140.20348,42.34067],[140.20319,42.33708],[140.20326,42.33389],[140.20361,42.33136],[140.20463,42.32793],[140.20602,42.32594],[140.20769,42.32537],[140.21332,42.32531],[140.21575,42.32485],[140.2166,42.32427],[140.21781,42.32197],[140.21857,42.31818],[140.21852,42.31623],[140.21799,42.31035],[140.2176,42.30779],[140.22943,42.30634],[140.23164,42.30621],[140.2343,42.3065],[140.23753,42.30721],[140.24137,42.30733],[140.24507,42.30716],[140.25023,42.30721],[140.25314,42.30668],[140.2577,42.30536],[140.26878,42.30385],[140.26951,42.30304],[140.27117,42.30222],[140.27534,42.30116],[140.2753,42.30351],[140.27603,42.31027],[140.27691,42.31182],[140.27674,42.31344],[140.27716,42.31482],[140.27691,42.31563],[140.27739,42.31707],[140.27705,42.31816],[140.27705,42.32036],[140.27787,42.32191],[140.27793,42.32349],[140.27877,42.32477],[140.27915,42.32694],[140.28069,42.33378],[140.28115,42.33661],[140.28205,42.3393],[140.2732,42.3404],[140.2695,42.34024],[140.26584,42.33934],[140.264,42.3385],[140.26034,42.33608],[140.25825,42.33543],[140.25654,42.33527],[140.25223,42.33574],[140.24426,42.33837],[140.24323,42.33885],[140.23939,42.34167],[140.23352,42.3441],[140.23123,42.34551],[140.22906,42.34753],[140.22504,42.35438],[140.22382,42.3563],[140.22247,42.35791],[140.21993,42.35992],[140.21734,42.36125],[140.21465,42.36238],[140.21157,42.3633],[140.20841,42.36361]]]}},{"type":"Feature","properties":{"m":"花浦","b":[140.2143,42.2747,140.2769,42.3078],"c":[140.24752,42.29306]},"geometry":{"type":"Polygon","coordinates":[[[140.2176,42.30779],[140.21515,42.30053],[140.21451,42.2976],[140.21427,42.29406],[140.21482,42.29179],[140.21553,42.29063],[140.21709,42.28931],[140.21959,42.28763],[140.22154,42.28663],[140.22516,42.2854],[140.22974,42.28445],[140.24158,42.28267],[140.24713,42.28171],[140.24973,42.28099],[140.25104,42.2804],[140.25601,42.2769],[140.25662,42.27659],[140.2583,42.27607],[140.26005,42.27591],[140.26215,42.27594],[140.26455,42.27582],[140.2702,42.27497],[140.27103,42.27473],[140.2751,42.27573],[140.27695,42.27647],[140.27635,42.27855],[140.27585,42.28159],[140.27525,42.288],[140.27507,42.29393],[140.27513,42.29921],[140.27534,42.30116],[140.27117,42.30222],[140.26951,42.30304],[140.26878,42.30385],[140.2577,42.30536],[140.25314,42.30668],[140.25023,42.30721],[140.24507,42.30716],[140.24137,42.30733],[140.23753,42.30721],[140.2343,42.3065],[140.23164,42.30621],[140.22943,42.30634],[140.2176,42.30779]]]}},{"type":"Feature","properties":{"m":"立岩","b":[140.198,42.2575,140.2807,42.2918],"c":[140.23515,42.27334]},"geometry":{"type":"Polygon","coordinates":[[[140.26988,42.26222],[140.27081,42.26249],[140.27186,42.26292],[140.27334,42.26366],[140.27337,42.26368],[140.27398,42.26401],[140.27533,42.26492],[140.27596,42.26552],[140.27883,42.26801],[140.28065,42.2686],[140.27922,42.26986],[140.27842,42.27134],[140.27818,42.27304],[140.27752,42.2744],[140.27695,42.27647],[140.2751,42.27573],[140.27103,42.27473],[140.2702,42.27497],[140.26455,42.27582],[140.26215,42.27594],[140.26005,42.27591],[140.2583,42.27607],[140.25662,42.27659],[140.25601,42.2769],[140.25104,42.2804],[140.24973,42.28099],[140.24713,42.28171],[140.24158,42.28267],[140.22974,42.28445],[140.22516,42.2854],[140.22154,42.28663],[140.21959,42.28763],[140.21709,42.28931],[140.21553,42.29063],[140.21482,42.29179],[140.20895,42.29139],[140.2065,42.29082],[140.20415,42.28987],[140.20237,42.28886],[140.20082,42.28758],[140.19972,42.28626],[140.19883,42.28379],[140.19803,42.27705],[140.19984,42.27629],[140.20054,42.27449],[140.20293,42.27175],[140.20392,42.27054],[140.20388,42.26918],[140.20449,42.26806],[140.20518,42.2678],[140.20656,42.26719],[140.2099,42.26631],[140.2104,42.26589],[140.21106,42.26465],[140.21218,42.26408],[140.21562,42.26261],[140.21706,42.26264],[140.218,42.26308],[140.21879,42.2633],[140.22124,42.2642],[140.22471,42.26507],[140.22782,42.26483],[140.23029,42.26416],[140.2328,42.26375],[140.23498,42.26392],[140.23822,42.26135],[140.24011,42.26085],[140.24361,42.26086],[140.24799,42.25845],[140.24996,42.25779],[140.25204,42.25754],[140.25654,42.25811],[140.25929,42.25851],[140.26211,42.25963],[140.2646,42.26116],[140.26988,42.26222]]]}},{"type":"Feature","properties":{"m":"上八雲","b":[140.0145,42.205,140.2186,42.3882],"c":[140.12594,42.28903]},"geometry":{"type":"Polygon","coordinates":[[[140.21232,42.38822],[140.21122,42.38727],[140.20879,42.38712],[140.20588,42.38733],[140.20432,42.38631],[140.20324,42.3852],[140.19954,42.38387],[140.19809,42.38232],[140.19475,42.38263],[140.19415,42.38228],[140.19258,42.38011],[140.18863,42.37964],[140.18625,42.37874],[140.18559,42.37733],[140.18314,42.37613],[140.18232,42.37547],[140.18061,42.37525],[140.17714,42.37598],[140.17471,42.37525],[140.17083,42.37453],[140.1696,42.37353],[140.16716,42.37372],[140.16609,42.37333],[140.16305,42.37361],[140.16183,42.3726],[140.15957,42.37212],[140.15939,42.37102],[140.15766,42.36992],[140.15797,42.36875],[140.15787,42.36713],[140.157,42.36658],[140.1554,42.36634],[140.15486,42.3646],[140.15506,42.36359],[140.15403,42.36331],[140.15326,42.36231],[140.15319,42.36111],[140.15194,42.35989],[140.15069,42.35959],[140.14998,42.35851],[140.14871,42.35822],[140.14744,42.35719],[140.14726,42.35654],[140.14504,42.35705],[140.14398,42.35701],[140.14271,42.3576],[140.14075,42.35719],[140.13845,42.35756],[140.13671,42.35697],[140.13472,42.35669],[140.13298,42.35762],[140.13112,42.35359],[140.13118,42.35175],[140.12977,42.34875],[140.12849,42.34725],[140.12557,42.34497],[140.12453,42.343],[140.1204,42.34306],[140.11825,42.34406],[140.11702,42.34418],[140.11379,42.34357],[140.11092,42.34394],[140.10741,42.34303],[140.10707,42.34206],[140.105,42.34254],[140.105,42.3416],[140.10388,42.34125],[140.10205,42.3421],[140.10066,42.34137],[140.09802,42.34215],[140.0961,42.34119],[140.09532,42.33938],[140.09341,42.3376],[140.09113,42.33712],[140.09036,42.33619],[140.08877,42.33533],[140.08727,42.33523],[140.08554,42.33464],[140.08576,42.33241],[140.087,42.33201],[140.09036,42.33216],[140.09067,42.33134],[140.09162,42.33097],[140.09222,42.32937],[140.0912,42.32687],[140.09045,42.3263],[140.08995,42.32492],[140.09029,42.3236],[140.09221,42.32162],[140.09285,42.32037],[140.09416,42.32004],[140.09503,42.31851],[140.0963,42.31782],[140.09801,42.3176],[140.09866,42.31638],[140.09872,42.3143],[140.09633,42.31462],[140.09379,42.31562],[140.08933,42.31509],[140.08664,42.31437],[140.08689,42.31263],[140.08599,42.31218],[140.08409,42.312],[140.08322,42.3115],[140.08443,42.31019],[140.08388,42.30925],[140.08282,42.30907],[140.0824,42.30744],[140.08352,42.3069],[140.08453,42.30526],[140.08567,42.30133],[140.0854,42.30059],[140.08378,42.29994],[140.08086,42.29757],[140.07965,42.29705],[140.07458,42.29579],[140.07354,42.294],[140.07395,42.29308],[140.07377,42.29122],[140.073,42.29049],[140.07183,42.29019],[140.07008,42.29101],[140.06755,42.29098],[140.0665,42.28994],[140.06546,42.28807],[140.06571,42.28737],[140.0645,42.28597],[140.06264,42.28582],[140.06373,42.28419],[140.06155,42.28265],[140.05987,42.2802],[140.05789,42.27926],[140.05547,42.27882],[140.05325,42.27774],[140.0508,42.27707],[140.05015,42.27792],[140.04722,42.27899],[140.04623,42.27967],[140.04349,42.27994],[140.0431,42.28095],[140.0417,42.28211],[140.04127,42.28347],[140.04006,42.28378],[140.03658,42.28306],[140.03568,42.28222],[140.03304,42.28238],[140.03185,42.28204],[140.03023,42.28245],[140.02905,42.28118],[140.02772,42.28209],[140.02673,42.28216],[140.02554,42.28052],[140.02639,42.27892],[140.02509,42.27811],[140.02415,42.2769],[140.02451,42.276],[140.02247,42.27341],[140.01951,42.2729],[140.0178,42.27228],[140.01454,42.27239],[140.01456,42.27128],[140.01575,42.27019],[140.01589,42.26909],[140.01693,42.26784],[140.01746,42.26688],[140.01915,42.26664],[140.02081,42.26625],[140.01984,42.26472],[140.02052,42.26312],[140.02098,42.26146],[140.01996,42.26035],[140.01957,42.25862],[140.01951,42.25797],[140.02271,42.25792],[140.02539,42.25819],[140.0268,42.25846],[140.02734,42.25763],[140.02959,42.25733],[140.03012,42.25677],[140.0297,42.25546],[140.0295,42.25474],[140.02895,42.25343],[140.02914,42.25252],[140.02886,42.25174],[140.02818,42.25078],[140.02735,42.25008],[140.0265,42.24795],[140.02665,42.24768],[140.02755,42.24714],[140.0291,42.24616],[140.03077,42.24425],[140.03134,42.24221],[140.0314,42.2415],[140.0303,42.23945],[140.03078,42.23792],[140.03336,42.23726],[140.0351,42.23641],[140.03532,42.23523],[140.03613,42.2341],[140.03553,42.23292],[140.03633,42.23155],[140.03753,42.23098],[140.03829,42.22962],[140.03687,42.2267],[140.03763,42.22354],[140.03817,42.22304],[140.0409,42.22328],[140.04284,42.22412],[140.04678,42.22369],[140.04783,42.22318],[140.05114,42.22305],[140.05253,42.2226],[140.05395,42.22155],[140.05654,42.2205],[140.05792,42.21722],[140.05983,42.21661],[140.06059,42.21556],[140.06195,42.21486],[140.06306,42.21505],[140.06554,42.21458],[140.06793,42.21466],[140.06991,42.21281],[140.07065,42.21161],[140.07259,42.21079],[140.07546,42.21179],[140.07597,42.21115],[140.07755,42.21043],[140.0783,42.20969],[140.08141,42.20917],[140.08435,42.20957],[140.08593,42.20917],[140.08764,42.21074],[140.09123,42.21176],[140.0927,42.21296],[140.09434,42.21218],[140.0927,42.20944],[140.09286,42.20857],[140.09404,42.20706],[140.09619,42.20502],[140.1149,42.21018],[140.11779,42.21142],[140.12068,42.21156],[140.12163,42.21125],[140.12347,42.21176],[140.1241,42.21123],[140.12531,42.21119],[140.12909,42.21318],[140.13087,42.21455],[140.12999,42.21524],[140.13076,42.21584],[140.13134,42.21747],[140.13214,42.21724],[140.13364,42.21979],[140.13469,42.22037],[140.13526,42.22168],[140.13508,42.22346],[140.13653,42.22504],[140.13649,42.22619],[140.1374,42.22733],[140.13871,42.22781],[140.13816,42.22909],[140.13986,42.22886],[140.14016,42.22968],[140.14029,42.23317],[140.1406,42.23415],[140.14249,42.23398],[140.14429,42.23633],[140.14581,42.23659],[140.14699,42.23922],[140.14852,42.23961],[140.14901,42.24051],[140.15012,42.24094],[140.15039,42.24222],[140.15171,42.2421],[140.15295,42.243],[140.15321,42.24444],[140.15406,42.24473],[140.15603,42.24435],[140.15851,42.24546],[140.16069,42.24766],[140.16226,42.24715],[140.1632,42.24786],[140.16271,42.24902],[140.16117,42.24991],[140.1618,42.25085],[140.1636,42.25069],[140.16427,42.25134],[140.16264,42.25536],[140.15989,42.26018],[140.15826,42.26385],[140.15744,42.26649],[140.15648,42.26831],[140.15527,42.26948],[140.15891,42.27278],[140.16186,42.27448],[140.16315,42.27601],[140.16481,42.27625],[140.16555,42.27808],[140.16632,42.27874],[140.16734,42.27874],[140.16998,42.27937],[140.17243,42.27838],[140.17548,42.27846],[140.17793,42.27915],[140.18227,42.27941],[140.18806,42.27845],[140.19023,42.2773],[140.19206,42.27686],[140.19598,42.2774],[140.19803,42.27705],[140.19883,42.28379],[140.19972,42.28626],[140.20082,42.28758],[140.20237,42.28886],[140.20415,42.28987],[140.2065,42.29082],[140.20895,42.29139],[140.21482,42.29179],[140.21427,42.29406],[140.21451,42.2976],[140.21515,42.30053],[140.2176,42.30779],[140.21799,42.31035],[140.21852,42.31623],[140.21857,42.31818],[140.21781,42.32197],[140.2166,42.32427],[140.21575,42.32485],[140.21332,42.32531],[140.20769,42.32537],[140.20602,42.32594],[140.20463,42.32793],[140.20361,42.33136],[140.20326,42.33389],[140.20319,42.33708],[140.20348,42.34067],[140.20484,42.34617],[140.20539,42.3514],[140.20613,42.35407],[140.20841,42.36361],[140.20858,42.36706],[140.20956,42.37676],[140.2104,42.38057],[140.21147,42.38284],[140.21238,42.38577],[140.21232,42.38822]]]}},{"type":"Feature","properties":{"m":"鉛川","b":[140.0844,42.1423,140.2242,42.2794],"c":[140.15278,42.21078]},"geometry":{"type":"Polygon","coordinates":[[[140.21706,42.26264],[140.21562,42.26261],[140.21218,42.26408],[140.21106,42.26465],[140.2104,42.26589],[140.2099,42.26631],[140.20656,42.26719],[140.20518,42.2678],[140.20449,42.26806],[140.20388,42.26918],[140.20392,42.27054],[140.20293,42.27175],[140.20054,42.27449],[140.19984,42.27629],[140.19803,42.27705],[140.19598,42.2774],[140.19206,42.27686],[140.19023,42.2773],[140.18806,42.27845],[140.18227,42.27941],[140.17793,42.27915],[140.17548,42.27846],[140.17243,42.27838],[140.16998,42.27937],[140.16734,42.27874],[140.16632,42.27874],[140.16555,42.27808],[140.16481,42.27625],[140.16315,42.27601],[140.16186,42.27448],[140.15891,42.27278],[140.15527,42.26948],[140.15648,42.26831],[140.15744,42.26649],[140.15826,42.26385],[140.15989,42.26018],[140.16264,42.25536],[140.16427,42.25134],[140.1636,42.25069],[140.1618,42.25085],[140.16117,42.24991],[140.16271,42.24902],[140.1632,42.24786],[140.16226,42.24715],[140.16069,42.24766],[140.15851,42.24546],[140.15603,42.24435],[140.15406,42.24473],[140.15321,42.24444],[140.15295,42.243],[140.15171,42.2421],[140.15039,42.24222],[140.15012,42.24094],[140.14901,42.24051],[140.14852,42.23961],[140.14699,42.23922],[140.14581,42.23659],[140.14429,42.23633],[140.14249,42.23398],[140.1406,42.23415],[140.14029,42.23317],[140.14016,42.22968],[140.13986,42.22886],[140.13816,42.22909],[140.13871,42.22781],[140.1374,42.22733],[140.13649,42.22619],[140.13653,42.22504],[140.13508,42.22346],[140.13526,42.22168],[140.13469,42.22037],[140.13364,42.21979],[140.13214,42.21724],[140.13134,42.21747],[140.13076,42.21584],[140.12999,42.21524],[140.13087,42.21455],[140.12909,42.21318],[140.12531,42.21119],[140.1241,42.21123],[140.12347,42.21176],[140.12163,42.21125],[140.12068,42.21156],[140.11779,42.21142],[140.1149,42.21018],[140.09619,42.20502],[140.09622,42.20481],[140.09231,42.20292],[140.08929,42.20203],[140.08549,42.20133],[140.08435,42.20067],[140.08547,42.19767],[140.08685,42.19647],[140.08577,42.19593],[140.08561,42.19491],[140.08457,42.19295],[140.08488,42.19154],[140.08435,42.19044],[140.08441,42.18898],[140.08663,42.18587],[140.0859,42.18505],[140.08669,42.18407],[140.08701,42.1827],[140.09009,42.18153],[140.09123,42.18074],[140.09266,42.18031],[140.09174,42.17953],[140.09276,42.17908],[140.09267,42.17787],[140.0943,42.17754],[140.098,42.17792],[140.10043,42.17843],[140.10203,42.1769],[140.10214,42.17607],[140.10367,42.17532],[140.10428,42.17324],[140.10615,42.17238],[140.10781,42.17104],[140.1085,42.16938],[140.10743,42.16797],[140.1073,42.16531],[140.1079,42.16395],[140.10826,42.16175],[140.10864,42.16128],[140.11053,42.16061],[140.11139,42.15927],[140.11169,42.15745],[140.11225,42.15629],[140.11487,42.15442],[140.11614,42.15398],[140.11749,42.15103],[140.11914,42.14933],[140.11902,42.14863],[140.12083,42.14601],[140.12283,42.14478],[140.12469,42.14515],[140.12775,42.14447],[140.12855,42.14351],[140.1316,42.14404],[140.13444,42.14402],[140.13602,42.14303],[140.13787,42.14232],[140.13873,42.14232],[140.13995,42.14262],[140.14131,42.14294],[140.14219,42.14323],[140.14335,42.14375],[140.14382,42.14401],[140.14441,42.14458],[140.14496,42.14511],[140.14579,42.1457],[140.14712,42.14589],[140.14784,42.14601],[140.14861,42.14619],[140.15035,42.14659],[140.15125,42.14672],[140.15271,42.147],[140.15131,42.15312],[140.15145,42.15508],[140.15208,42.15693],[140.15337,42.15898],[140.15543,42.16074],[140.15828,42.16216],[140.16322,42.16337],[140.16699,42.16506],[140.16891,42.16671],[140.17014,42.16871],[140.17126,42.17396],[140.17137,42.17705],[140.17073,42.17978],[140.16963,42.18235],[140.16299,42.19077],[140.16243,42.1926],[140.1625,42.19439],[140.163,42.19594],[140.16472,42.19833],[140.1682,42.20255],[140.17135,42.20575],[140.17354,42.20735],[140.18096,42.21108],[140.18313,42.21245],[140.18522,42.21486],[140.19023,42.22457],[140.19128,42.22688],[140.19374,42.22992],[140.19678,42.23251],[140.20372,42.23725],[140.20623,42.2392],[140.2131,42.24454],[140.22152,42.25135],[140.22376,42.25351],[140.2242,42.25424],[140.22376,42.2564],[140.21923,42.26133],[140.21871,42.26294],[140.218,42.26308],[140.21706,42.26264]]]}},{"type":"Feature","properties":{"m":"春日","b":[140.1513,42.1282,140.2525,42.2651],"c":[140.2041,42.19839]},"geometry":{"type":"Polygon","coordinates":[[[140.25232,42.2519],[140.25243,42.25259],[140.25163,42.25364],[140.25252,42.25571],[140.25204,42.25754],[140.24996,42.25779],[140.24799,42.25845],[140.24361,42.26086],[140.24011,42.26085],[140.23822,42.26135],[140.23498,42.26392],[140.2328,42.26375],[140.23029,42.26416],[140.22782,42.26483],[140.22471,42.26507],[140.22124,42.2642],[140.21879,42.2633],[140.21871,42.26294],[140.21923,42.26133],[140.22376,42.2564],[140.2242,42.25424],[140.22376,42.25351],[140.22152,42.25135],[140.2131,42.24454],[140.20623,42.2392],[140.20372,42.23725],[140.19678,42.23251],[140.19374,42.22992],[140.19128,42.22688],[140.19023,42.22457],[140.18522,42.21486],[140.18313,42.21245],[140.18096,42.21108],[140.17354,42.20735],[140.17135,42.20575],[140.1682,42.20255],[140.16472,42.19833],[140.163,42.19594],[140.1625,42.19439],[140.16243,42.1926],[140.16299,42.19077],[140.16963,42.18235],[140.17073,42.17978],[140.17137,42.17705],[140.17126,42.17396],[140.17014,42.16871],[140.16891,42.16671],[140.16699,42.16506],[140.16322,42.16337],[140.15828,42.16216],[140.15543,42.16074],[140.15337,42.15898],[140.15208,42.15693],[140.15145,42.15508],[140.15131,42.15312],[140.15271,42.147],[140.15442,42.14766],[140.1554,42.14809],[140.15594,42.14834],[140.15661,42.14826],[140.15764,42.14864],[140.15881,42.14933],[140.15918,42.14965],[140.16149,42.15036],[140.16271,42.15073],[140.16331,42.15063],[140.1649,42.15057],[140.16606,42.15064],[140.16845,42.15076],[140.16941,42.14952],[140.16956,42.14871],[140.16946,42.14829],[140.16955,42.14685],[140.16989,42.14592],[140.17094,42.14465],[140.1718,42.14371],[140.1724,42.14289],[140.17274,42.142],[140.17325,42.14077],[140.17398,42.13995],[140.17457,42.13914],[140.17546,42.13727],[140.17639,42.13494],[140.17779,42.13404],[140.17923,42.13409],[140.18054,42.13303],[140.18094,42.13266],[140.18195,42.13172],[140.18309,42.13067],[140.18408,42.12972],[140.18492,42.1287],[140.18595,42.12821],[140.1949,42.13884],[140.19639,42.14093],[140.20267,42.15195],[140.20445,42.15436],[140.21013,42.16106],[140.21115,42.16127],[140.21151,42.16347],[140.21135,42.16513],[140.2123,42.16691],[140.21314,42.16914],[140.21559,42.17184],[140.2152,42.17366],[140.2159,42.17456],[140.21634,42.17609],[140.21882,42.17679],[140.21938,42.17755],[140.21885,42.17917],[140.21975,42.18075],[140.22213,42.18051],[140.22243,42.18271],[140.22293,42.18328],[140.22432,42.18357],[140.22448,42.18429],[140.22353,42.18472],[140.22381,42.18586],[140.22567,42.18641],[140.22625,42.18741],[140.22796,42.18835],[140.2287,42.19025],[140.23022,42.19131],[140.23079,42.19448],[140.22936,42.19475],[140.22952,42.19536],[140.23124,42.19581],[140.23311,42.1952],[140.23406,42.19617],[140.23377,42.19665],[140.23303,42.19733],[140.23312,42.1986],[140.23302,42.20002],[140.23482,42.20215],[140.23527,42.20406],[140.23552,42.20486],[140.23799,42.20666],[140.23847,42.2078],[140.2404,42.20844],[140.24158,42.20982],[140.24261,42.21155],[140.24391,42.21364],[140.2445,42.21575],[140.2458,42.21694],[140.24589,42.21791],[140.24629,42.21929],[140.24603,42.22099],[140.24449,42.22184],[140.24579,42.22368],[140.2472,42.22447],[140.2473,42.2272],[140.24571,42.23014],[140.24547,42.2341],[140.2462,42.23642],[140.24622,42.23896],[140.24655,42.24004],[140.24677,42.24087],[140.24678,42.24127],[140.24695,42.24176],[140.2477,42.24353],[140.24836,42.24379],[140.24888,42.24474],[140.24891,42.245],[140.24851,42.24561],[140.24853,42.24628],[140.24885,42.24704],[140.24981,42.2472],[140.25017,42.24748],[140.25051,42.24796],[140.25072,42.24973],[140.25105,42.2501],[140.25178,42.25059],[140.25201,42.25108],[140.25232,42.2519]]]}},{"type":"Feature","properties":{"m":"大新","b":[140.1859,42.1259,140.2785,42.2511],"c":[140.23458,42.17724]},"geometry":{"type":"Polygon","coordinates":[[[140.25201,42.25108],[140.25178,42.25059],[140.25105,42.2501],[140.25072,42.24973],[140.25051,42.24796],[140.25017,42.24748],[140.24981,42.2472],[140.24885,42.24704],[140.24853,42.24628],[140.24851,42.24561],[140.24891,42.245],[140.24888,42.24474],[140.24836,42.24379],[140.2477,42.24353],[140.24695,42.24176],[140.24678,42.24127],[140.24677,42.24087],[140.24655,42.24004],[140.24622,42.23896],[140.2462,42.23642],[140.24547,42.2341],[140.24571,42.23014],[140.2473,42.2272],[140.2472,42.22447],[140.24579,42.22368],[140.24449,42.22184],[140.24603,42.22099],[140.24629,42.21929],[140.24589,42.21791],[140.2458,42.21694],[140.2445,42.21575],[140.24391,42.21364],[140.24261,42.21155],[140.24158,42.20982],[140.2404,42.20844],[140.23847,42.2078],[140.23799,42.20666],[140.23552,42.20486],[140.23527,42.20406],[140.23482,42.20215],[140.23302,42.20002],[140.23312,42.1986],[140.23303,42.19733],[140.23377,42.19665],[140.23406,42.19617],[140.23311,42.1952],[140.23124,42.19581],[140.22952,42.19536],[140.22936,42.19475],[140.23079,42.19448],[140.23022,42.19131],[140.2287,42.19025],[140.22796,42.18835],[140.22625,42.18741],[140.22567,42.18641],[140.22381,42.18586],[140.22353,42.18472],[140.22448,42.18429],[140.22432,42.18357],[140.22293,42.18328],[140.22243,42.18271],[140.22213,42.18051],[140.21975,42.18075],[140.21885,42.17917],[140.21938,42.17755],[140.21882,42.17679],[140.21634,42.17609],[140.2159,42.17456],[140.2152,42.17366],[140.21559,42.17184],[140.21314,42.16914],[140.2123,42.16691],[140.21135,42.16513],[140.21151,42.16347],[140.21115,42.16127],[140.21013,42.16106],[140.20445,42.15436],[140.20267,42.15195],[140.19639,42.14093],[140.1949,42.13884],[140.18595,42.12821],[140.18718,42.12762],[140.19928,42.12586],[140.2021,42.12614],[140.2073,42.12736],[140.21566,42.13011],[140.22235,42.13298],[140.23019,42.13696],[140.23808,42.14123],[140.24625,42.14625],[140.24829,42.14816],[140.24961,42.15093],[140.24962,42.15259],[140.2487,42.15479],[140.24761,42.16063],[140.25268,42.16384],[140.2544,42.16518],[140.25583,42.16685],[140.25684,42.16926],[140.2572,42.17338],[140.25737,42.18091],[140.25824,42.18222],[140.26059,42.18354],[140.25831,42.18519],[140.25608,42.18762],[140.25506,42.18946],[140.25444,42.19163],[140.25442,42.19333],[140.25331,42.19497],[140.25293,42.19625],[140.2533,42.19718],[140.2532,42.19881],[140.25325,42.1997],[140.25287,42.20071],[140.25236,42.20289],[140.2516,42.20408],[140.25219,42.20554],[140.2522,42.20622],[140.25247,42.2068],[140.25277,42.20718],[140.25298,42.20774],[140.25478,42.20829],[140.25494,42.20928],[140.25545,42.20993],[140.25602,42.21012],[140.25626,42.21076],[140.25619,42.21215],[140.25712,42.21335],[140.25743,42.21455],[140.25814,42.21502],[140.25841,42.21622],[140.25801,42.21694],[140.25797,42.21807],[140.25933,42.21893],[140.26034,42.22026],[140.26076,42.22228],[140.26115,42.22256],[140.26139,42.22364],[140.26168,42.22444],[140.26204,42.22529],[140.26323,42.22625],[140.26418,42.22665],[140.26471,42.22793],[140.26478,42.22855],[140.26539,42.22907],[140.26557,42.23003],[140.26632,42.23076],[140.26667,42.23196],[140.2681,42.23266],[140.26887,42.2326],[140.27015,42.23366],[140.26974,42.23436],[140.27042,42.23506],[140.27042,42.23576],[140.2718,42.237],[140.27226,42.23718],[140.27337,42.2378],[140.27462,42.23879],[140.27579,42.23928],[140.27797,42.24088],[140.27847,42.24108],[140.26598,42.24432],[140.25363,42.24743],[140.25362,42.24756],[140.25519,42.2509],[140.25201,42.25108]]]}},{"type":"Feature","properties":{"m":"熱田","b":[140.2516,42.1835,140.2921,42.246],"c":[140.27133,42.21631]},"geometry":{"type":"Polygon","coordinates":[[[140.28719,42.2457],[140.28667,42.24599],[140.28505,42.2446],[140.28094,42.24208],[140.27847,42.24108],[140.27797,42.24088],[140.27579,42.23928],[140.27462,42.23879],[140.27337,42.2378],[140.27226,42.23718],[140.2718,42.237],[140.27042,42.23576],[140.27042,42.23506],[140.26974,42.23436],[140.27015,42.23366],[140.26887,42.2326],[140.2681,42.23266],[140.26667,42.23196],[140.26632,42.23076],[140.26557,42.23003],[140.26539,42.22907],[140.26478,42.22855],[140.26471,42.22793],[140.26418,42.22665],[140.26323,42.22625],[140.26204,42.22529],[140.26168,42.22444],[140.26139,42.22364],[140.26115,42.22256],[140.26076,42.22228],[140.26034,42.22026],[140.25933,42.21893],[140.25797,42.21807],[140.25801,42.21694],[140.25841,42.21622],[140.25814,42.21502],[140.25743,42.21455],[140.25712,42.21335],[140.25619,42.21215],[140.25626,42.21076],[140.25602,42.21012],[140.25545,42.20993],[140.25494,42.20928],[140.25478,42.20829],[140.25298,42.20774],[140.25277,42.20718],[140.25247,42.2068],[140.2522,42.20622],[140.25219,42.20554],[140.2516,42.20408],[140.25236,42.20289],[140.25287,42.20071],[140.25325,42.1997],[140.2532,42.19881],[140.2533,42.19718],[140.25293,42.19625],[140.25331,42.19497],[140.25442,42.19333],[140.25444,42.19163],[140.25506,42.18946],[140.25608,42.18762],[140.25831,42.18519],[140.26059,42.18354],[140.26615,42.18937],[140.26734,42.19217],[140.26757,42.19407],[140.26747,42.19688],[140.26715,42.1987],[140.26753,42.20026],[140.26886,42.20113],[140.27438,42.20341],[140.27744,42.20479],[140.27944,42.20605],[140.28126,42.2076],[140.28276,42.20919],[140.2848,42.2118],[140.28547,42.21327],[140.28622,42.21469],[140.28627,42.21542],[140.28687,42.21623],[140.28687,42.21658],[140.28583,42.21836],[140.28548,42.21993],[140.2862,42.22084],[140.28684,42.2211],[140.28622,42.22243],[140.28587,42.22291],[140.28498,42.22342],[140.28509,42.22441],[140.28582,42.22519],[140.28609,42.22647],[140.28723,42.22757],[140.28827,42.22914],[140.28933,42.22978],[140.28963,42.23006],[140.28993,42.23066],[140.29014,42.23135],[140.29007,42.23215],[140.29011,42.23358],[140.29092,42.23825],[140.29119,42.23895],[140.29131,42.23932],[140.2918,42.24282],[140.29213,42.24346],[140.28928,42.24454],[140.28719,42.2457]]]}},{"type":"Feature","properties":{"m":"浜松","b":[140.2476,42.1606,140.3254,42.2457],"c":[140.29195,42.20112]},"geometry":{"type":"Polygon","coordinates":[[[140.29213,42.24346],[140.2918,42.24282],[140.29131,42.23932],[140.29119,42.23895],[140.29092,42.23825],[140.29011,42.23358],[140.29007,42.23215],[140.29014,42.23135],[140.28993,42.23066],[140.28963,42.23006],[140.28933,42.22978],[140.28827,42.22914],[140.28723,42.22757],[140.28609,42.22647],[140.28582,42.22519],[140.28509,42.22441],[140.28498,42.22342],[140.28587,42.22291],[140.28622,42.22243],[140.28684,42.2211],[140.2862,42.22084],[140.28548,42.21993],[140.28583,42.21836],[140.28687,42.21658],[140.28687,42.21623],[140.28627,42.21542],[140.28622,42.21469],[140.28547,42.21327],[140.2848,42.2118],[140.28276,42.20919],[140.28126,42.2076],[140.27944,42.20605],[140.27744,42.20479],[140.27438,42.20341],[140.26886,42.20113],[140.26753,42.20026],[140.26715,42.1987],[140.26747,42.19688],[140.26757,42.19407],[140.26734,42.19217],[140.26615,42.18937],[140.26059,42.18354],[140.25824,42.18222],[140.25737,42.18091],[140.2572,42.17338],[140.25684,42.16926],[140.25583,42.16685],[140.2544,42.16518],[140.25268,42.16384],[140.24761,42.16063],[140.25154,42.16109],[140.25583,42.16198],[140.25926,42.16287],[140.27125,42.16658],[140.28042,42.16983],[140.28583,42.17193],[140.28893,42.17332],[140.29023,42.17507],[140.29044,42.17738],[140.29086,42.17858],[140.29269,42.17967],[140.29626,42.18012],[140.30032,42.18115],[140.30242,42.18113],[140.3049,42.18141],[140.30666,42.182],[140.30764,42.18201],[140.30903,42.18321],[140.31092,42.18467],[140.31109,42.18516],[140.31154,42.18532],[140.31243,42.18576],[140.31313,42.18677],[140.31384,42.18755],[140.31526,42.18775],[140.31641,42.18806],[140.31722,42.18899],[140.31818,42.189],[140.31948,42.1904],[140.31957,42.19137],[140.31983,42.19188],[140.31976,42.19353],[140.3185,42.19557],[140.31881,42.19657],[140.31856,42.19716],[140.31857,42.19732],[140.31879,42.19907],[140.31857,42.19983],[140.31812,42.20056],[140.31766,42.20084],[140.31735,42.20177],[140.31798,42.20213],[140.31744,42.20278],[140.31735,42.20341],[140.31751,42.20511],[140.31815,42.20673],[140.31802,42.20708],[140.31831,42.20785],[140.31722,42.20885],[140.3173,42.20953],[140.31795,42.21055],[140.31709,42.21139],[140.31618,42.21406],[140.31569,42.21486],[140.31582,42.21539],[140.31617,42.21691],[140.31584,42.21929],[140.31609,42.22023],[140.31624,42.2216],[140.31733,42.22192],[140.31747,42.22207],[140.3165,42.22274],[140.31724,42.22288],[140.3176,42.22386],[140.31803,42.2237],[140.3188,42.22398],[140.31863,42.22519],[140.31869,42.22603],[140.31829,42.22676],[140.31872,42.22693],[140.31917,42.22709],[140.31926,42.22742],[140.31972,42.22783],[140.31985,42.22813],[140.31971,42.22822],[140.3199,42.22885],[140.32015,42.22898],[140.3205,42.22909],[140.32064,42.22961],[140.32115,42.2304],[140.32165,42.23024],[140.32201,42.23031],[140.32227,42.23056],[140.32257,42.23056],[140.32273,42.23047],[140.32295,42.23042],[140.3231,42.23048],[140.3234,42.23079],[140.32342,42.23086],[140.32329,42.23162],[140.32346,42.23174],[140.32377,42.23181],[140.32409,42.23183],[140.32433,42.23196],[140.32485,42.23254],[140.32545,42.23334],[140.32079,42.23481],[140.3155,42.23565],[140.31338,42.23651],[140.31197,42.23615],[140.30949,42.23653],[140.30709,42.23746],[140.30527,42.23877],[140.30284,42.24095],[140.29964,42.24286],[140.29685,42.24301],[140.29533,42.24425],[140.29404,42.24574],[140.2925,42.24426],[140.29213,42.24346]]]}},{"type":"Feature","properties":{"m":"山越","b":[140.3049,42.1789,140.354,42.2333],"c":[140.32913,42.20598]},"geometry":{"type":"Polygon","coordinates":[[[140.32433,42.23196],[140.32409,42.23183],[140.32377,42.23181],[140.32346,42.23174],[140.32329,42.23162],[140.32342,42.23086],[140.3234,42.23079],[140.3231,42.23048],[140.32295,42.23042],[140.32273,42.23047],[140.32257,42.23056],[140.32227,42.23056],[140.32201,42.23031],[140.32165,42.23024],[140.32115,42.2304],[140.32064,42.22961],[140.3205,42.22909],[140.32015,42.22898],[140.3199,42.22885],[140.31971,42.22822],[140.31985,42.22813],[140.31972,42.22783],[140.31926,42.22742],[140.31917,42.22709],[140.31872,42.22693],[140.31829,42.22676],[140.31869,42.22603],[140.31863,42.22519],[140.3188,42.22398],[140.31803,42.2237],[140.3176,42.22386],[140.31724,42.22288],[140.3165,42.22274],[140.31747,42.22207],[140.31733,42.22192],[140.31624,42.2216],[140.31609,42.22023],[140.31584,42.21929],[140.31617,42.21691],[140.31582,42.21539],[140.31569,42.21486],[140.31618,42.21406],[140.31709,42.21139],[140.31795,42.21055],[140.3173,42.20953],[140.31722,42.20885],[140.31831,42.20785],[140.31802,42.20708],[140.31815,42.20673],[140.31751,42.20511],[140.31735,42.20341],[140.31744,42.20278],[140.31798,42.20213],[140.31735,42.20177],[140.31766,42.20084],[140.31812,42.20056],[140.31857,42.19983],[140.31879,42.19907],[140.31857,42.19732],[140.31856,42.19716],[140.31881,42.19657],[140.3185,42.19557],[140.31976,42.19353],[140.31983,42.19188],[140.31957,42.19137],[140.31948,42.1904],[140.31818,42.189],[140.31722,42.18899],[140.31641,42.18806],[140.31526,42.18775],[140.31384,42.18755],[140.31313,42.18677],[140.31243,42.18576],[140.31154,42.18532],[140.31109,42.18516],[140.31092,42.18467],[140.30903,42.18321],[140.30764,42.18201],[140.30666,42.182],[140.3049,42.18141],[140.30838,42.18129],[140.30913,42.18124],[140.31337,42.1804],[140.31809,42.17902],[140.31883,42.17894],[140.32291,42.17905],[140.32497,42.17955],[140.32788,42.18099],[140.3322,42.1828],[140.33373,42.18315],[140.33537,42.18698],[140.33656,42.18917],[140.33997,42.19358],[140.34348,42.19703],[140.34496,42.20287],[140.34556,42.2044],[140.34547,42.20586],[140.34352,42.20691],[140.34297,42.2079],[140.3426,42.20978],[140.34281,42.21112],[140.3426,42.21363],[140.34357,42.21457],[140.34292,42.21641],[140.34282,42.21803],[140.34323,42.21909],[140.3429,42.22056],[140.34323,42.22196],[140.34406,42.22276],[140.34343,42.22369],[140.34888,42.22265],[140.35185,42.22253],[140.35388,42.22282],[140.35398,42.22473],[140.34991,42.22459],[140.34515,42.22537],[140.33534,42.22822],[140.33233,42.22968],[140.33207,42.2295],[140.32919,42.23095],[140.32545,42.23334],[140.32485,42.23254],[140.32433,42.23196]]]}},{"type":"Feature","properties":{"m":"野田生","b":[140.3337,42.1811,140.3888,42.2248],"c":[140.35976,42.20412]},"geometry":{"type":"Polygon","coordinates":[[[140.33373,42.18315],[140.33537,42.18332],[140.33716,42.18327],[140.33868,42.183],[140.34025,42.18255],[140.34342,42.18158],[140.34603,42.1812],[140.34753,42.18122],[140.35163,42.18199],[140.3556,42.18202],[140.35836,42.18166],[140.36125,42.18117],[140.36218,42.18106],[140.36497,42.18444],[140.36703,42.18475],[140.36823,42.18537],[140.36885,42.18652],[140.37043,42.18769],[140.37248,42.18974],[140.37435,42.19216],[140.37271,42.1939],[140.37277,42.19498],[140.37364,42.19711],[140.37425,42.20122],[140.37482,42.20206],[140.37483,42.20352],[140.37638,42.20531],[140.37674,42.20689],[140.38295,42.21369],[140.38611,42.21577],[140.38828,42.21802],[140.38879,42.21933],[140.38878,42.22084],[140.38604,42.22282],[140.38371,42.22333],[140.37945,42.22357],[140.37757,42.22408],[140.37593,42.22417],[140.37072,42.22287],[140.36776,42.223],[140.36326,42.22405],[140.35717,42.22475],[140.35398,42.22473],[140.35388,42.22282],[140.35185,42.22253],[140.34888,42.22265],[140.34343,42.22369],[140.34406,42.22276],[140.34323,42.22196],[140.3429,42.22056],[140.34323,42.21909],[140.34282,42.21803],[140.34292,42.21641],[140.34357,42.21457],[140.3426,42.21363],[140.34281,42.21112],[140.3426,42.20978],[140.34297,42.2079],[140.34352,42.20691],[140.34547,42.20586],[140.34556,42.2044],[140.34496,42.20287],[140.34348,42.19703],[140.33997,42.19358],[140.33656,42.18917],[140.33537,42.18698],[140.33373,42.18315]]]}},{"type":"Feature","properties":{"m":"桜野","b":[140.1819,42.048,140.3584,42.1833],"c":[140.2553,42.12064]},"geometry":{"type":"Polygon","coordinates":[[[140.18718,42.12762],[140.1874,42.12751],[140.18762,42.1271],[140.18831,42.12434],[140.18772,42.12386],[140.18636,42.12315],[140.1827,42.12088],[140.1824,42.1204],[140.18234,42.11953],[140.18194,42.11776],[140.1835,42.11525],[140.18446,42.11519],[140.18686,42.11496],[140.18868,42.11384],[140.1908,42.11304],[140.19128,42.11189],[140.19058,42.11071],[140.19055,42.10963],[140.19095,42.10921],[140.19229,42.10864],[140.19303,42.10766],[140.19237,42.10675],[140.19229,42.1058],[140.1917,42.10522],[140.19156,42.104],[140.19202,42.10271],[140.19299,42.10217],[140.19416,42.10056],[140.19467,42.09914],[140.19543,42.09731],[140.19702,42.09557],[140.19823,42.09359],[140.19955,42.09248],[140.20041,42.0913],[140.2007,42.09114],[140.2026,42.09039],[140.20457,42.08936],[140.2047,42.08921],[140.20636,42.08766],[140.2094,42.08756],[140.21095,42.08789],[140.21359,42.08854],[140.2152,42.08922],[140.21774,42.09006],[140.21917,42.09193],[140.21997,42.09263],[140.22073,42.09281],[140.22144,42.09413],[140.22158,42.09341],[140.22161,42.09289],[140.22204,42.09155],[140.22351,42.09067],[140.22468,42.08918],[140.22589,42.08817],[140.2281,42.08552],[140.22861,42.08514],[140.22724,42.08434],[140.22624,42.08344],[140.22509,42.08292],[140.22403,42.08137],[140.22286,42.08058],[140.22252,42.08028],[140.22141,42.07941],[140.22039,42.07871],[140.22048,42.07845],[140.22216,42.07722],[140.2254,42.07562],[140.22732,42.0753],[140.22771,42.07482],[140.22792,42.07338],[140.23082,42.07259],[140.23248,42.07163],[140.23449,42.071],[140.23522,42.0683],[140.23688,42.06775],[140.23812,42.06669],[140.23893,42.06653],[140.23996,42.06644],[140.2433,42.06692],[140.24364,42.06669],[140.24588,42.06532],[140.24644,42.06422],[140.24682,42.06316],[140.24693,42.06197],[140.24808,42.06038],[140.24997,42.05942],[140.25271,42.05895],[140.25538,42.05878],[140.25771,42.05913],[140.25899,42.05872],[140.25936,42.05866],[140.26264,42.05798],[140.26319,42.05769],[140.26531,42.05674],[140.26643,42.05617],[140.26698,42.05513],[140.2676,42.05455],[140.27017,42.05456],[140.27238,42.05418],[140.27298,42.0538],[140.27383,42.0519],[140.2764,42.05149],[140.27688,42.05127],[140.27807,42.04969],[140.27982,42.04865],[140.28015,42.04797],[140.28189,42.04851],[140.28345,42.04943],[140.2855,42.04989],[140.28662,42.05041],[140.28141,42.05409],[140.27812,42.05662],[140.27415,42.05942],[140.27273,42.0604],[140.27109,42.06179],[140.27133,42.06264],[140.27343,42.06415],[140.27349,42.06521],[140.27319,42.06659],[140.27459,42.06794],[140.27486,42.06954],[140.27455,42.07032],[140.27425,42.07068],[140.2741,42.0712],[140.27398,42.07173],[140.27297,42.07431],[140.27268,42.07685],[140.27211,42.07748],[140.27177,42.07802],[140.27133,42.07975],[140.27064,42.08065],[140.26976,42.08088],[140.2691,42.08214],[140.26827,42.0836],[140.26702,42.08447],[140.26734,42.08537],[140.2683,42.08699],[140.26873,42.08851],[140.27019,42.09071],[140.27043,42.09127],[140.27174,42.0933],[140.27323,42.09417],[140.27304,42.09661],[140.27148,42.0988],[140.27108,42.09935],[140.26973,42.09987],[140.26783,42.09982],[140.26756,42.10002],[140.26762,42.10051],[140.26948,42.10204],[140.26966,42.10306],[140.27144,42.10458],[140.27154,42.10546],[140.2708,42.10659],[140.2705,42.108],[140.27033,42.10908],[140.27,42.11179],[140.27025,42.11236],[140.27002,42.11306],[140.26869,42.11409],[140.26847,42.11473],[140.26973,42.11493],[140.27071,42.11385],[140.27188,42.11411],[140.27217,42.11593],[140.27337,42.11678],[140.27547,42.11734],[140.27887,42.11861],[140.2806,42.11961],[140.28326,42.12148],[140.28652,42.12431],[140.28831,42.12636],[140.29085,42.13097],[140.29233,42.13478],[140.2946,42.14277],[140.2948,42.14483],[140.29448,42.14584],[140.29222,42.14949],[140.29258,42.1519],[140.29537,42.15509],[140.29732,42.15642],[140.29781,42.15812],[140.2982,42.15949],[140.30007,42.16],[140.30123,42.16249],[140.3037,42.16464],[140.30599,42.1657],[140.30706,42.16548],[140.30829,42.16611],[140.30909,42.16579],[140.30936,42.16509],[140.31063,42.16555],[140.31246,42.16548],[140.31395,42.16527],[140.3166,42.16547],[140.31966,42.16686],[140.32043,42.16711],[140.32219,42.16805],[140.32345,42.16905],[140.32528,42.16898],[140.32667,42.16954],[140.32893,42.16951],[140.332,42.16868],[140.33262,42.16871],[140.33313,42.16897],[140.33582,42.17115],[140.33673,42.17137],[140.33881,42.17074],[140.33979,42.17096],[140.34345,42.17331],[140.34657,42.17362],[140.34824,42.17379],[140.34889,42.17472],[140.34905,42.17664],[140.35059,42.1778],[140.35251,42.17887],[140.35405,42.17971],[140.35597,42.18027],[140.35836,42.18166],[140.3556,42.18202],[140.35163,42.18199],[140.34753,42.18122],[140.34603,42.1812],[140.34342,42.18158],[140.34025,42.18255],[140.33868,42.183],[140.33716,42.18327],[140.33537,42.18332],[140.3322,42.1828],[140.32788,42.18099],[140.32497,42.17955],[140.32291,42.17905],[140.31883,42.17894],[140.31809,42.17902],[140.31337,42.1804],[140.30913,42.18124],[140.30838,42.18129],[140.3049,42.18141],[140.30242,42.18113],[140.30032,42.18115],[140.29626,42.18012],[140.29269,42.17967],[140.29086,42.17858],[140.29044,42.17738],[140.29023,42.17507],[140.28893,42.17332],[140.28583,42.17193],[140.28042,42.16983],[140.27125,42.16658],[140.25926,42.16287],[140.25583,42.16198],[140.25154,42.16109],[140.24761,42.16063],[140.2487,42.15479],[140.24962,42.15259],[140.24961,42.15093],[140.24829,42.14816],[140.24625,42.14625],[140.23808,42.14123],[140.23019,42.13696],[140.22235,42.13298],[140.21566,42.13011],[140.2073,42.12736],[140.2021,42.12614],[140.19928,42.12586],[140.18718,42.12762]]]}},{"type":"Feature","properties":{"m":"落部","b":[140.4144,42.1832,140.4356,42.1996],"c":[140.4227,42.18999]},"geometry":{"type":"Polygon","coordinates":[[[140.43559,42.18909],[140.43341,42.18985],[140.43279,42.19051],[140.43159,42.19034],[140.43168,42.18982],[140.42968,42.18986],[140.4302,42.19094],[140.42918,42.1901],[140.42837,42.1904],[140.42884,42.19147],[140.42704,42.19189],[140.42626,42.19172],[140.42497,42.19287],[140.42368,42.1946],[140.41871,42.19855],[140.41522,42.19957],[140.41642,42.19832],[140.41795,42.19544],[140.4181,42.19327],[140.41759,42.19139],[140.41647,42.19088],[140.41445,42.18982],[140.41957,42.18322],[140.42293,42.18399],[140.42457,42.18459],[140.42501,42.18486],[140.42779,42.18683],[140.43075,42.18754],[140.43289,42.18769],[140.43324,42.18767],[140.43426,42.18802],[140.43559,42.18909]]]}},{"type":"Feature","properties":{"m":"入沢","b":[140.3952,42.1692,140.4398,42.1898],"c":[140.41679,42.18022]},"geometry":{"type":"Polygon","coordinates":[[[140.43324,42.18767],[140.43289,42.18769],[140.43075,42.18754],[140.42779,42.18683],[140.42501,42.18486],[140.42457,42.18459],[140.42293,42.18399],[140.41957,42.18322],[140.41445,42.18982],[140.4109,42.18973],[140.40842,42.18918],[140.4074,42.18858],[140.4056,42.18578],[140.40414,42.18478],[140.4029,42.18342],[140.40119,42.18246],[140.39917,42.18241],[140.39753,42.18196],[140.39516,42.18013],[140.39598,42.17759],[140.39592,42.17631],[140.40881,42.17409],[140.41014,42.17197],[140.41251,42.17049],[140.41304,42.16918],[140.42122,42.17272],[140.43979,42.18131],[140.43874,42.1828],[140.43595,42.18675],[140.43518,42.18755],[140.43426,42.18802],[140.43324,42.18767]]]}},{"type":"Feature","properties":{"m":"旭丘","b":[140.3528,42.1337,140.4181,42.205],"c":[140.38137,42.16578]},"geometry":{"type":"Polygon","coordinates":[[[140.41647,42.19088],[140.41759,42.19139],[140.4181,42.19327],[140.41795,42.19544],[140.41642,42.19832],[140.41522,42.19957],[140.41221,42.20034],[140.40977,42.2015],[140.40847,42.20272],[140.40701,42.20496],[140.40542,42.2033],[140.39849,42.19668],[140.39685,42.19492],[140.39161,42.18965],[140.38921,42.18744],[140.3893,42.18727],[140.38729,42.18408],[140.38394,42.17982],[140.38189,42.17626],[140.38152,42.175],[140.38073,42.17336],[140.37784,42.16955],[140.37694,42.16902],[140.37539,42.16859],[140.37446,42.1682],[140.37359,42.1683],[140.37074,42.16783],[140.37001,42.1675],[140.36908,42.16668],[140.36868,42.16642],[140.36623,42.16602],[140.36547,42.16544],[140.36502,42.16438],[140.36468,42.16215],[140.36215,42.15966],[140.35978,42.15881],[140.3593,42.15826],[140.35908,42.15603],[140.3581,42.15475],[140.35765,42.15391],[140.35733,42.15297],[140.35735,42.152],[140.35753,42.15062],[140.35634,42.14927],[140.35442,42.1483],[140.35408,42.14797],[140.35353,42.14655],[140.3532,42.14423],[140.35284,42.13901],[140.35309,42.13647],[140.35368,42.13375],[140.3721,42.13413],[140.37355,42.13515],[140.37383,42.13667],[140.37307,42.13721],[140.37067,42.1378],[140.36958,42.13824],[140.36938,42.13877],[140.37051,42.13991],[140.37197,42.14032],[140.37349,42.1409],[140.37492,42.14146],[140.37624,42.14395],[140.37873,42.14597],[140.37944,42.14689],[140.37723,42.14818],[140.37847,42.14924],[140.38032,42.14982],[140.38075,42.1503],[140.38001,42.15202],[140.38105,42.15265],[140.38257,42.1544],[140.38436,42.15497],[140.38511,42.15571],[140.38517,42.1572],[140.38626,42.15837],[140.38583,42.15934],[140.38456,42.1607],[140.38494,42.16179],[140.38691,42.16253],[140.39419,42.16445],[140.39401,42.1658],[140.39286,42.16817],[140.3932,42.17174],[140.39378,42.17331],[140.39592,42.17631],[140.39598,42.17759],[140.39516,42.18013],[140.39753,42.18196],[140.39917,42.18241],[140.40119,42.18246],[140.4029,42.18342],[140.40414,42.18478],[140.4056,42.18578],[140.4074,42.18858],[140.40842,42.18918],[140.4109,42.18973],[140.41445,42.18982],[140.41647,42.19088]]]}},{"type":"Feature","properties":{"m":"東野","b":[140.3622,42.1808,140.407,42.2208],"c":[140.38661,42.20021]},"geometry":{"type":"Polygon","coordinates":[[[140.36218,42.18106],[140.36343,42.18091],[140.36668,42.18084],[140.36831,42.18107],[140.3708,42.18163],[140.37564,42.18307],[140.38008,42.18457],[140.38184,42.18509],[140.38547,42.18645],[140.389,42.18743],[140.38921,42.18744],[140.39161,42.18965],[140.39685,42.19492],[140.39849,42.19668],[140.40542,42.2033],[140.40701,42.20496],[140.40457,42.20713],[140.40188,42.21112],[140.40121,42.21315],[140.39956,42.21509],[140.39689,42.2163],[140.39343,42.21732],[140.39138,42.2189],[140.3903,42.21931],[140.38878,42.22084],[140.38879,42.21933],[140.38828,42.21802],[140.38611,42.21577],[140.38295,42.21369],[140.37674,42.20689],[140.37638,42.20531],[140.37483,42.20352],[140.37482,42.20206],[140.37425,42.20122],[140.37364,42.19711],[140.37277,42.19498],[140.37271,42.1939],[140.37435,42.19216],[140.37248,42.18974],[140.37043,42.18769],[140.36885,42.18652],[140.36823,42.18537],[140.36703,42.18475],[140.36497,42.18444],[140.36218,42.18106]]]}},{"type":"Feature","properties":{"m":"わらび野","b":[140.267,42.0498,140.3893,42.1874],"c":[140.3159,42.13042]},"geometry":{"type":"Polygon","coordinates":[[[140.35836,42.18166],[140.35597,42.18027],[140.35405,42.17971],[140.35251,42.17887],[140.35059,42.1778],[140.34905,42.17664],[140.34889,42.17472],[140.34824,42.17379],[140.34657,42.17362],[140.34345,42.17331],[140.33979,42.17096],[140.33881,42.17074],[140.33673,42.17137],[140.33582,42.17115],[140.33313,42.16897],[140.33262,42.16871],[140.332,42.16868],[140.32893,42.16951],[140.32667,42.16954],[140.32528,42.16898],[140.32345,42.16905],[140.32219,42.16805],[140.32043,42.16711],[140.31966,42.16686],[140.3166,42.16547],[140.31395,42.16527],[140.31246,42.16548],[140.31063,42.16555],[140.30936,42.16509],[140.30909,42.16579],[140.30829,42.16611],[140.30706,42.16548],[140.30599,42.1657],[140.3037,42.16464],[140.30123,42.16249],[140.30007,42.16],[140.2982,42.15949],[140.29781,42.15812],[140.29732,42.15642],[140.29537,42.15509],[140.29258,42.1519],[140.29222,42.14949],[140.29448,42.14584],[140.2948,42.14483],[140.2946,42.14277],[140.29233,42.13478],[140.29085,42.13097],[140.28831,42.12636],[140.28652,42.12431],[140.28326,42.12148],[140.2806,42.11961],[140.27887,42.11861],[140.27547,42.11734],[140.27337,42.11678],[140.27217,42.11593],[140.27188,42.11411],[140.27071,42.11385],[140.26973,42.11493],[140.26847,42.11473],[140.26869,42.11409],[140.27002,42.11306],[140.27025,42.11236],[140.27,42.11179],[140.27033,42.10908],[140.2705,42.108],[140.2708,42.10659],[140.27154,42.10546],[140.27144,42.10458],[140.26966,42.10306],[140.26948,42.10204],[140.26762,42.10051],[140.26756,42.10002],[140.26783,42.09982],[140.26973,42.09987],[140.27108,42.09935],[140.27148,42.0988],[140.27304,42.09661],[140.27323,42.09417],[140.27174,42.0933],[140.27043,42.09127],[140.27019,42.09071],[140.26873,42.08851],[140.2683,42.08699],[140.26734,42.08537],[140.26702,42.08447],[140.26827,42.0836],[140.2691,42.08214],[140.26976,42.08088],[140.27064,42.08065],[140.27133,42.07975],[140.27177,42.07802],[140.27211,42.07748],[140.27268,42.07685],[140.27297,42.07431],[140.27398,42.07173],[140.2741,42.0712],[140.27425,42.07068],[140.27455,42.07032],[140.27486,42.06954],[140.27459,42.06794],[140.27319,42.06659],[140.27349,42.06521],[140.27343,42.06415],[140.27133,42.06264],[140.27109,42.06179],[140.27273,42.0604],[140.27415,42.05942],[140.27812,42.05662],[140.28141,42.05409],[140.28662,42.05041],[140.28756,42.05106],[140.28812,42.05108],[140.2887,42.05085],[140.29103,42.04985],[140.29322,42.05038],[140.29753,42.05039],[140.29849,42.05073],[140.29975,42.05173],[140.29653,42.05522],[140.29362,42.05896],[140.29078,42.06379],[140.28873,42.06979],[140.28747,42.07883],[140.28809,42.08258],[140.28965,42.08726],[140.29154,42.09157],[140.30834,42.11428],[140.31057,42.11372],[140.31443,42.11354],[140.31801,42.11457],[140.32093,42.11596],[140.32292,42.1174],[140.32729,42.11941],[140.33161,42.12113],[140.34018,42.12427],[140.34171,42.12501],[140.34259,42.12554],[140.35368,42.13375],[140.35309,42.13647],[140.35284,42.13901],[140.3532,42.14423],[140.35353,42.14655],[140.35408,42.14797],[140.35442,42.1483],[140.35634,42.14927],[140.35753,42.15062],[140.35735,42.152],[140.35733,42.15297],[140.35765,42.15391],[140.3581,42.15475],[140.35908,42.15603],[140.3593,42.15826],[140.35978,42.15881],[140.36215,42.15966],[140.36468,42.16215],[140.36502,42.16438],[140.36547,42.16544],[140.36623,42.16602],[140.36868,42.16642],[140.36908,42.16668],[140.37001,42.1675],[140.37074,42.16783],[140.37359,42.1683],[140.37446,42.1682],[140.37539,42.16859],[140.37694,42.16902],[140.37784,42.16955],[140.38073,42.17336],[140.38152,42.175],[140.38189,42.17626],[140.38394,42.17982],[140.38729,42.18408],[140.3893,42.18727],[140.38921,42.18744],[140.389,42.18743],[140.38547,42.18645],[140.38184,42.18509],[140.38008,42.18457],[140.37564,42.18307],[140.3708,42.18163],[140.36831,42.18107],[140.36668,42.18084],[140.36343,42.18091],[140.36125,42.18117],[140.35836,42.18166]]]}},{"type":"Feature","properties":{"m":"上の湯","b":[140.2875,42.024,140.4115,42.1415],"c":[140.34537,42.08103]},"geometry":{"type":"Polygon","coordinates":[[[140.37349,42.1409],[140.37197,42.14032],[140.37051,42.13991],[140.36938,42.13877],[140.36958,42.13824],[140.37067,42.1378],[140.37307,42.13721],[140.37383,42.13667],[140.37355,42.13515],[140.3721,42.13413],[140.35368,42.13375],[140.34259,42.12554],[140.34171,42.12501],[140.34018,42.12427],[140.33161,42.12113],[140.32729,42.11941],[140.32292,42.1174],[140.32093,42.11596],[140.31801,42.11457],[140.31443,42.11354],[140.31057,42.11372],[140.30834,42.11428],[140.29154,42.09157],[140.28965,42.08726],[140.28809,42.08258],[140.28747,42.07883],[140.28873,42.06979],[140.29078,42.06379],[140.29362,42.05896],[140.29653,42.05522],[140.29975,42.05173],[140.30248,42.05346],[140.30414,42.05395],[140.3061,42.05378],[140.30846,42.05265],[140.31183,42.05287],[140.31294,42.0516],[140.31304,42.05033],[140.31415,42.0494],[140.31642,42.0491],[140.31655,42.04679],[140.31972,42.0437],[140.3199,42.04249],[140.3216,42.04166],[140.32283,42.0426],[140.32483,42.04337],[140.32673,42.04324],[140.32969,42.04359],[140.33103,42.04412],[140.33148,42.0449],[140.33422,42.04475],[140.33581,42.04441],[140.33886,42.04482],[140.33939,42.04401],[140.3409,42.0433],[140.34371,42.04249],[140.34429,42.04149],[140.3458,42.04102],[140.34863,42.03894],[140.34944,42.03685],[140.34923,42.03541],[140.35119,42.03576],[140.3523,42.03641],[140.35341,42.03775],[140.35523,42.03754],[140.35821,42.03805],[140.35984,42.03797],[140.36006,42.0388],[140.35942,42.04117],[140.35973,42.04313],[140.36197,42.04358],[140.36703,42.04369],[140.36899,42.04328],[140.37146,42.042],[140.37302,42.04399],[140.37578,42.04422],[140.37622,42.04381],[140.37873,42.04316],[140.38205,42.03832],[140.38316,42.03622],[140.38338,42.03495],[140.38429,42.03377],[140.38626,42.03283],[140.38834,42.02984],[140.39009,42.02918],[140.39165,42.02817],[140.39342,42.02784],[140.40053,42.02515],[140.40446,42.02548],[140.40576,42.02521],[140.40843,42.02396],[140.41068,42.02423],[140.41153,42.02612],[140.41107,42.02775],[140.40856,42.03216],[140.40359,42.03811],[140.39761,42.04667],[140.38938,42.06083],[140.38427,42.06978],[140.37885,42.07966],[140.37552,42.08601],[140.37447,42.08917],[140.3741,42.09142],[140.37396,42.09402],[140.37403,42.09738],[140.37512,42.10167],[140.37726,42.10586],[140.37856,42.10873],[140.38094,42.11249],[140.38429,42.1161],[140.38337,42.11845],[140.38306,42.12007],[140.38313,42.1264],[140.3833,42.12861],[140.38414,42.13166],[140.38464,42.1341],[140.38463,42.13466],[140.38414,42.13584],[140.3829,42.13728],[140.38037,42.13877],[140.37937,42.1388],[140.37841,42.1388],[140.3782,42.13883],[140.37638,42.13955],[140.37612,42.14054],[140.37492,42.14146],[140.37349,42.1409]]]}},{"type":"Feature","properties":{"m":"下の湯","b":[140.3749,42.1347,140.413,42.1763],"c":[140.39368,42.15617]},"geometry":{"type":"Polygon","coordinates":[[[140.39592,42.17631],[140.39378,42.17331],[140.3932,42.17174],[140.39286,42.16817],[140.39401,42.1658],[140.39419,42.16445],[140.38691,42.16253],[140.38494,42.16179],[140.38456,42.1607],[140.38583,42.15934],[140.38626,42.15837],[140.38517,42.1572],[140.38511,42.15571],[140.38436,42.15497],[140.38257,42.1544],[140.38105,42.15265],[140.38001,42.15202],[140.38075,42.1503],[140.38032,42.14982],[140.37847,42.14924],[140.37723,42.14818],[140.37944,42.14689],[140.37873,42.14597],[140.37624,42.14395],[140.37492,42.14146],[140.37612,42.14054],[140.37638,42.13955],[140.3782,42.13883],[140.37841,42.1388],[140.37937,42.1388],[140.38037,42.13877],[140.3829,42.13728],[140.38414,42.13584],[140.38463,42.13466],[140.38863,42.13775],[140.39175,42.1398],[140.39509,42.1426],[140.398,42.14614],[140.39866,42.14734],[140.40135,42.15366],[140.40247,42.15579],[140.40644,42.16169],[140.41022,42.16669],[140.41196,42.16839],[140.41304,42.16918],[140.41251,42.17049],[140.41014,42.17197],[140.40881,42.17409],[140.39592,42.17631]]]}},{"type":"Feature","properties":{"m":"栄浜","b":[140.374,42.0232,140.4568,42.1891],"c":[140.40805,42.09336]},"geometry":{"type":"Polygon","coordinates":[[[140.43672,42.04874],[140.43718,42.05081],[140.43515,42.05247],[140.43389,42.05294],[140.4343,42.05481],[140.43398,42.05733],[140.43192,42.05992],[140.43206,42.06128],[140.43112,42.06268],[140.42887,42.06379],[140.42826,42.06498],[140.42773,42.06743],[140.42594,42.06892],[140.42501,42.07101],[140.42385,42.07247],[140.42319,42.07609],[140.42427,42.07749],[140.42417,42.07942],[140.42467,42.08165],[140.42526,42.08291],[140.42911,42.0853],[140.42877,42.08585],[140.42727,42.08623],[140.42607,42.08752],[140.42523,42.0894],[140.42494,42.09089],[140.42265,42.09344],[140.42265,42.09439],[140.42058,42.09546],[140.41934,42.09736],[140.42062,42.09841],[140.42135,42.10008],[140.42068,42.10147],[140.42124,42.102],[140.42012,42.1038],[140.41905,42.10405],[140.41783,42.10561],[140.4179,42.10702],[140.41622,42.10774],[140.41492,42.10929],[140.41472,42.11079],[140.41431,42.1126],[140.41374,42.11404],[140.41296,42.11454],[140.41242,42.11567],[140.40834,42.11756],[140.4071,42.11751],[140.40551,42.11745],[140.40372,42.11796],[140.39918,42.12111],[140.39347,42.1231],[140.39343,42.12319],[140.39378,42.12458],[140.39367,42.12483],[140.39479,42.12627],[140.39572,42.12709],[140.39609,42.1272],[140.39681,42.12832],[140.39679,42.1293],[140.3976,42.13064],[140.39778,42.13161],[140.39762,42.1325],[140.39817,42.13345],[140.3989,42.13421],[140.39945,42.13437],[140.40011,42.13458],[140.40073,42.13563],[140.40225,42.13704],[140.40369,42.13889],[140.40465,42.13989],[140.40493,42.14138],[140.40463,42.14262],[140.40541,42.14401],[140.40715,42.14377],[140.40892,42.14431],[140.4098,42.14466],[140.41036,42.14547],[140.4096,42.14591],[140.41074,42.14733],[140.41167,42.14703],[140.41208,42.14644],[140.41266,42.14659],[140.41301,42.14663],[140.41261,42.14685],[140.41265,42.14794],[140.41195,42.14858],[140.41234,42.15012],[140.4132,42.15065],[140.41581,42.15237],[140.41662,42.15273],[140.41743,42.15292],[140.41807,42.15449],[140.41805,42.15461],[140.41808,42.15552],[140.4194,42.15678],[140.42041,42.15729],[140.42122,42.15845],[140.42137,42.15887],[140.42202,42.15962],[140.42419,42.15989],[140.42526,42.16105],[140.42667,42.16244],[140.42853,42.16233],[140.42913,42.16273],[140.43062,42.16227],[140.43069,42.16228],[140.43091,42.16232],[140.4312,42.163],[140.43185,42.1633],[140.43339,42.16272],[140.43408,42.16248],[140.4347,42.16344],[140.4365,42.16455],[140.43679,42.16527],[140.43749,42.16562],[140.43816,42.16616],[140.43851,42.16634],[140.43906,42.16835],[140.43932,42.16848],[140.44082,42.16875],[140.44108,42.16869],[140.44268,42.16869],[140.44333,42.16886],[140.44393,42.16883],[140.44539,42.16811],[140.4466,42.16818],[140.44763,42.16834],[140.44988,42.16894],[140.4516,42.17015],[140.45154,42.17152],[140.45195,42.17184],[140.45393,42.17251],[140.4544,42.17257],[140.45537,42.17335],[140.45559,42.17517],[140.45653,42.17606],[140.45666,42.17622],[140.4568,42.17678],[140.45467,42.17662],[140.4495,42.17863],[140.44572,42.17913],[140.44263,42.18018],[140.44074,42.18175],[140.43833,42.18515],[140.43671,42.18689],[140.43559,42.18909],[140.43426,42.18802],[140.43518,42.18755],[140.43595,42.18675],[140.43874,42.1828],[140.43979,42.18131],[140.42122,42.17272],[140.41304,42.16918],[140.41196,42.16839],[140.41022,42.16669],[140.40644,42.16169],[140.40247,42.15579],[140.40135,42.15366],[140.39866,42.14734],[140.398,42.14614],[140.39509,42.1426],[140.39175,42.1398],[140.38863,42.13775],[140.38463,42.13466],[140.38464,42.1341],[140.38414,42.13166],[140.3833,42.12861],[140.38313,42.1264],[140.38306,42.12007],[140.38337,42.11845],[140.38429,42.1161],[140.38094,42.11249],[140.37856,42.10873],[140.37726,42.10586],[140.37512,42.10167],[140.37403,42.09738],[140.37396,42.09402],[140.3741,42.09142],[140.37447,42.08917],[140.37552,42.08601],[140.37885,42.07966],[140.38427,42.06978],[140.38938,42.06083],[140.39761,42.04667],[140.40359,42.03811],[140.40856,42.03216],[140.41107,42.02775],[140.41153,42.02612],[140.41285,42.02649],[140.41553,42.02578],[140.42067,42.02488],[140.42466,42.02526],[140.42723,42.02392],[140.42801,42.02327],[140.42955,42.02316],[140.43239,42.02542],[140.43336,42.02766],[140.43337,42.02859],[140.43253,42.03155],[140.43145,42.03276],[140.43126,42.0341],[140.4327,42.0354],[140.43326,42.03654],[140.4321,42.03937],[140.43233,42.0411],[140.43355,42.04335],[140.43349,42.04445],[140.43444,42.04549],[140.43464,42.0471],[140.43632,42.04779],[140.43672,42.04874]]]}},{"type":"Feature","properties":{"m":"熊石関内町","b":[139.9207,42.1303,139.9763,42.2058],"c":[139.94683,42.16801]},"geometry":{"type":"Polygon","coordinates":[[[139.93934,42.13067],[139.94038,42.13452],[139.94297,42.1401],[139.94493,42.14255],[139.94527,42.1439],[139.9436,42.14544],[139.94387,42.1463],[139.94828,42.14738],[139.95286,42.14973],[139.95402,42.15076],[139.9549,42.15215],[139.95525,42.15373],[139.955,42.15643],[139.95427,42.15722],[139.95676,42.1586],[139.95665,42.16064],[139.95782,42.16242],[139.95812,42.16373],[139.95698,42.16504],[139.95549,42.16564],[139.95335,42.16757],[139.95246,42.16799],[139.95166,42.16999],[139.95187,42.17076],[139.95458,42.17409],[139.95417,42.17442],[139.95403,42.17696],[139.95457,42.17913],[139.95666,42.18245],[139.95728,42.18294],[139.96196,42.18479],[139.96477,42.1876],[139.96613,42.18834],[139.9675,42.18977],[139.96947,42.19282],[139.97041,42.19393],[139.97209,42.19517],[139.97629,42.20092],[139.97513,42.2026],[139.97269,42.20379],[139.97202,42.20463],[139.96935,42.20582],[139.96572,42.20531],[139.96334,42.20448],[139.96276,42.20394],[139.96196,42.20177],[139.95951,42.1998],[139.95766,42.19919],[139.9556,42.19741],[139.95561,42.19705],[139.95491,42.19607],[139.95475,42.19497],[139.95362,42.19395],[139.95297,42.19267],[139.95169,42.19188],[139.9493,42.19141],[139.94602,42.19016],[139.94405,42.18987],[139.94341,42.18904],[139.94333,42.18686],[139.94294,42.1864],[139.94099,42.18597],[139.94023,42.18535],[139.93809,42.18402],[139.93569,42.18359],[139.9346,42.18374],[139.93389,42.18313],[139.93474,42.18118],[139.9351,42.18007],[139.93492,42.17869],[139.93428,42.17726],[139.93431,42.17716],[139.93564,42.17615],[139.93682,42.17596],[139.93733,42.17488],[139.93715,42.17392],[139.93756,42.17167],[139.93826,42.1711],[139.9385,42.16995],[139.93941,42.16917],[139.93872,42.16859],[139.93679,42.16797],[139.93589,42.16707],[139.93496,42.16528],[139.93491,42.16434],[139.93568,42.16362],[139.93404,42.16287],[139.93338,42.16075],[139.93219,42.15976],[139.93128,42.15445],[139.92909,42.15452],[139.92774,42.15324],[139.92817,42.15198],[139.9276,42.15102],[139.92821,42.14965],[139.92964,42.14871],[139.93023,42.14623],[139.92978,42.14577],[139.92983,42.14425],[139.92931,42.14223],[139.92962,42.14151],[139.92927,42.13964],[139.9267,42.13863],[139.92563,42.1374],[139.92347,42.13611],[139.92147,42.13538],[139.92205,42.13375],[139.92098,42.13383],[139.92069,42.13315],[139.92237,42.13214],[139.92476,42.13195],[139.92484,42.13294],[139.92879,42.13262],[139.92971,42.13335],[139.93134,42.13359],[139.93415,42.13282],[139.9352,42.13074],[139.93727,42.13035],[139.93811,42.13094],[139.93934,42.13067]]]}},{"type":"Feature","properties":{"m":"熊石西浜町","b":[139.9393,42.1287,139.9924,42.2009],"c":[139.96707,42.16659]},"geometry":{"type":"Polygon","coordinates":[[[139.93934,42.13067],[139.93999,42.13022],[139.94235,42.13024],[139.94376,42.12986],[139.94565,42.1299],[139.94736,42.12939],[139.94943,42.12911],[139.95305,42.12905],[139.95476,42.12929],[139.9581,42.12902],[139.95896,42.12868],[139.95885,42.1352],[139.9596,42.13817],[139.96207,42.14212],[139.96199,42.14566],[139.96245,42.14692],[139.96503,42.15032],[139.96689,42.15196],[139.96901,42.15299],[139.97004,42.15318],[139.97505,42.15319],[139.97544,42.15365],[139.98068,42.15446],[139.98104,42.15672],[139.98419,42.16711],[139.9843,42.1687],[139.98402,42.17189],[139.98261,42.17629],[139.98283,42.17761],[139.98346,42.17841],[139.98741,42.18519],[139.98836,42.18654],[139.98898,42.18916],[139.99087,42.19185],[139.99189,42.19364],[139.99236,42.19523],[139.99204,42.19759],[139.98915,42.19842],[139.98629,42.19817],[139.98232,42.1993],[139.98023,42.20039],[139.97867,42.20086],[139.97629,42.20092],[139.97209,42.19517],[139.97041,42.19393],[139.96947,42.19282],[139.9675,42.18977],[139.96613,42.18834],[139.96477,42.1876],[139.96196,42.18479],[139.95728,42.18294],[139.95666,42.18245],[139.95457,42.17913],[139.95403,42.17696],[139.95417,42.17442],[139.95458,42.17409],[139.95187,42.17076],[139.95166,42.16999],[139.95246,42.16799],[139.95335,42.16757],[139.95549,42.16564],[139.95698,42.16504],[139.95812,42.16373],[139.95782,42.16242],[139.95665,42.16064],[139.95676,42.1586],[139.95427,42.15722],[139.955,42.15643],[139.95525,42.15373],[139.9549,42.15215],[139.95402,42.15076],[139.95286,42.14973],[139.94828,42.14738],[139.94387,42.1463],[139.9436,42.14544],[139.94527,42.1439],[139.94493,42.14255],[139.94297,42.1401],[139.94038,42.13452],[139.93934,42.13067]]]}},{"type":"Feature","properties":{"m":"熊石鳴神町","b":[139.9589,42.128,139.9807,42.1545],"c":[139.96902,42.14143]},"geometry":{"type":"Polygon","coordinates":[[[139.95896,42.12868],[139.96407,42.13044],[139.96603,42.1303],[139.97112,42.13036],[139.97228,42.12978],[139.97347,42.12803],[139.97412,42.12876],[139.97432,42.13385],[139.97486,42.13708],[139.97502,42.14106],[139.97607,42.1433],[139.97802,42.14584],[139.98068,42.15446],[139.97544,42.15365],[139.97505,42.15319],[139.97004,42.15318],[139.96901,42.15299],[139.96689,42.15196],[139.96503,42.15032],[139.96245,42.14692],[139.96199,42.14566],[139.96207,42.14212],[139.9596,42.13817],[139.95885,42.1352],[139.95896,42.12868]]]}},{"type":"Feature","properties":{"m":"熊石雲石町","b":[139.9741,42.1279,139.9939,42.1545],"c":[139.98194,42.14178]},"geometry":{"type":"Polygon","coordinates":[[[139.97412,42.12876],[139.97405,42.12789],[139.97603,42.12817],[139.98131,42.12853],[139.98197,42.12904],[139.98321,42.13119],[139.98309,42.13294],[139.98374,42.13402],[139.98276,42.13533],[139.98275,42.13635],[139.98378,42.13716],[139.98484,42.13881],[139.9866,42.13972],[139.98728,42.14123],[139.98788,42.14159],[139.98814,42.14357],[139.98893,42.14495],[139.99391,42.14908],[139.99346,42.1505],[139.99257,42.15107],[139.99075,42.15128],[139.99077,42.15089],[139.98865,42.15103],[139.98688,42.152],[139.9861,42.15304],[139.98366,42.15435],[139.98068,42.15446],[139.97802,42.14584],[139.97607,42.1433],[139.97502,42.14106],[139.97486,42.13708],[139.97432,42.13385],[139.97412,42.12876]]]}},{"type":"Feature","properties":{"m":"熊石根崎町","b":[139.9813,42.1267,139.9996,42.1491],"c":[139.99045,42.1382]},"geometry":{"type":"Polygon","coordinates":[[[139.98131,42.12853],[139.9826,42.12789],[139.98439,42.12776],[139.9855,42.12667],[139.98726,42.12744],[139.98697,42.12876],[139.9884,42.12873],[139.98997,42.13053],[139.99601,42.13818],[139.99897,42.14243],[139.99956,42.14424],[139.99896,42.14623],[139.99774,42.14717],[139.99655,42.1473],[139.99434,42.14807],[139.99391,42.14908],[139.98893,42.14495],[139.98814,42.14357],[139.98788,42.14159],[139.98728,42.14123],[139.9866,42.13972],[139.98484,42.13881],[139.98378,42.13716],[139.98275,42.13635],[139.98276,42.13533],[139.98374,42.13402],[139.98309,42.13294],[139.98321,42.13119],[139.98197,42.12904],[139.98131,42.12853]]]}},{"type":"Feature","properties":{"m":"熊石畳岩町","b":[139.9884,42.125,140.0009,42.1382],"c":[139.99518,42.1317]},"geometry":{"type":"Polygon","coordinates":[[[139.9884,42.12873],[139.99158,42.1277],[139.99464,42.125],[139.99762,42.12886],[140.00087,42.13453],[140.00024,42.13587],[139.99601,42.13818],[139.98997,42.13053],[139.9884,42.12873]]]}},{"type":"Feature","properties":{"m":"熊石平町","b":[139.9807,42.1218,140.0165,42.201],"c":[139.99787,42.16848]},"geometry":{"type":"Polygon","coordinates":[[[139.98068,42.15446],[139.98366,42.15435],[139.9861,42.15304],[139.98688,42.152],[139.98865,42.15103],[139.99077,42.15089],[139.99075,42.15128],[139.99257,42.15107],[139.99346,42.1505],[139.99391,42.14908],[139.99434,42.14807],[139.99655,42.1473],[139.99774,42.14717],[139.99896,42.14623],[139.99956,42.14424],[139.99897,42.14243],[139.99601,42.13818],[140.00024,42.13587],[140.00087,42.13453],[139.99762,42.12886],[139.99464,42.125],[139.99718,42.12349],[139.9984,42.12217],[140.00093,42.12184],[140.00071,42.12339],[140.00168,42.12648],[140.00467,42.12859],[140.00557,42.13005],[140.0072,42.13121],[140.00692,42.13209],[140.00552,42.13315],[140.00687,42.13403],[140.00762,42.13655],[140.00651,42.13912],[140.00746,42.13999],[140.00716,42.14144],[140.0074,42.14401],[140.00592,42.14654],[140.00528,42.14959],[140.00343,42.15127],[139.99915,42.15305],[139.99689,42.15478],[139.99698,42.15596],[139.99844,42.15839],[140.01346,42.1737],[140.01651,42.17762],[140.01629,42.18071],[140.0159,42.18218],[140.01486,42.18393],[140.00996,42.18726],[140.008,42.18903],[140.00598,42.19169],[140.00443,42.19531],[140.0033,42.19727],[140.0003,42.201],[139.9978,42.19972],[139.99652,42.19963],[139.99356,42.19881],[139.99204,42.19759],[139.99236,42.19523],[139.99189,42.19364],[139.99087,42.19185],[139.98898,42.18916],[139.98836,42.18654],[139.98741,42.18519],[139.98346,42.17841],[139.98283,42.17761],[139.98261,42.17629],[139.98402,42.17189],[139.9843,42.1687],[139.98419,42.16711],[139.98104,42.15672],[139.98068,42.15446]]]}},{"type":"Feature","properties":{"m":"熊石大谷町","b":[140.0003,42.1422,140.1191,42.2241],"c":[140.05463,42.18429]},"geometry":{"type":"Polygon","coordinates":[[[140.03817,42.22304],[140.03582,42.22087],[140.03373,42.22109],[140.03085,42.22028],[140.02956,42.22074],[140.02554,42.22164],[140.02213,42.22093],[140.01968,42.22105],[140.01637,42.22157],[140.01463,42.22107],[140.00972,42.21881],[140.00812,42.21702],[140.00719,42.21533],[140.00654,42.2148],[140.00497,42.21456],[140.00436,42.21326],[140.00287,42.21182],[140.00278,42.21104],[140.00433,42.20983],[140.00394,42.20765],[140.00498,42.20645],[140.00464,42.20538],[140.00389,42.20483],[140.00378,42.20307],[140.00223,42.20275],[140.00122,42.20148],[140.0003,42.201],[140.0033,42.19727],[140.00443,42.19531],[140.00598,42.19169],[140.008,42.18903],[140.00996,42.18726],[140.01486,42.18393],[140.0159,42.18218],[140.01629,42.18071],[140.01651,42.17762],[140.01965,42.17561],[140.02424,42.17365],[140.02632,42.17191],[140.03097,42.16872],[140.0405,42.16426],[140.03929,42.16241],[140.03613,42.1591],[140.03371,42.15743],[140.03174,42.15643],[140.03087,42.15567],[140.03027,42.15401],[140.03046,42.152],[140.03115,42.15049],[140.03382,42.14811],[140.03785,42.14581],[140.04006,42.14755],[140.04189,42.14712],[140.04262,42.14791],[140.04483,42.14722],[140.04795,42.14859],[140.04939,42.14676],[140.05174,42.14483],[140.05393,42.14463],[140.0553,42.14402],[140.05837,42.14348],[140.06098,42.14223],[140.06319,42.14235],[140.06408,42.14395],[140.06509,42.14389],[140.06589,42.145],[140.06681,42.14522],[140.06805,42.14458],[140.06951,42.14561],[140.07154,42.14577],[140.07264,42.14684],[140.07519,42.14806],[140.07585,42.14938],[140.07711,42.14975],[140.07812,42.15076],[140.07929,42.1505],[140.0807,42.15097],[140.08024,42.15144],[140.08306,42.15322],[140.08791,42.1549],[140.09154,42.15488],[140.09498,42.15386],[140.09728,42.15353],[140.10297,42.15359],[140.10606,42.15302],[140.11747,42.14933],[140.11902,42.14863],[140.11914,42.14933],[140.11749,42.15103],[140.11614,42.15398],[140.11487,42.15442],[140.11225,42.15629],[140.11169,42.15745],[140.11139,42.15927],[140.11053,42.16061],[140.10864,42.16128],[140.10826,42.16175],[140.1079,42.16395],[140.1073,42.16531],[140.10743,42.16797],[140.1085,42.16938],[140.10781,42.17104],[140.10615,42.17238],[140.10428,42.17324],[140.10367,42.17532],[140.10214,42.17607],[140.10203,42.1769],[140.10043,42.17843],[140.098,42.17792],[140.0943,42.17754],[140.09267,42.17787],[140.09276,42.17908],[140.09174,42.17953],[140.09266,42.18031],[140.09123,42.18074],[140.09009,42.18153],[140.08701,42.1827],[140.08669,42.18407],[140.0859,42.18505],[140.08663,42.18587],[140.08441,42.18898],[140.08435,42.19044],[140.08488,42.19154],[140.08457,42.19295],[140.08561,42.19491],[140.08577,42.19593],[140.08685,42.19647],[140.08547,42.19767],[140.08435,42.20067],[140.08549,42.20133],[140.08929,42.20203],[140.09231,42.20292],[140.09622,42.20481],[140.09619,42.20502],[140.09404,42.20706],[140.09286,42.20857],[140.0927,42.20944],[140.09434,42.21218],[140.0927,42.21296],[140.09123,42.21176],[140.08764,42.21074],[140.08593,42.20917],[140.08435,42.20957],[140.08141,42.20917],[140.0783,42.20969],[140.07755,42.21043],[140.07597,42.21115],[140.07546,42.21179],[140.07259,42.21079],[140.07065,42.21161],[140.06991,42.21281],[140.06793,42.21466],[140.06554,42.21458],[140.06306,42.21505],[140.06195,42.21486],[140.06059,42.21556],[140.05983,42.21661],[140.05792,42.21722],[140.05654,42.2205],[140.05395,42.22155],[140.05253,42.2226],[140.05114,42.22305],[140.04783,42.22318],[140.04678,42.22369],[140.04284,42.22412],[140.0409,42.22328],[140.03817,42.22304]]]}},{"type":"Feature","properties":{"m":"熊石鮎川町","b":[139.9969,42.118,140.0405,42.1776],"c":[140.01773,42.14878]},"geometry":{"type":"Polygon","coordinates":[[[140.00093,42.12184],[140.002,42.12189],[140.00372,42.12122],[140.00481,42.12004],[140.00665,42.12011],[140.00838,42.12093],[140.01108,42.12067],[140.01507,42.11804],[140.01591,42.11868],[140.01963,42.12015],[140.02042,42.12233],[140.02141,42.12316],[140.02395,42.12375],[140.02515,42.12483],[140.02521,42.12763],[140.02487,42.12917],[140.02615,42.13051],[140.02624,42.13131],[140.02777,42.13216],[140.02818,42.13332],[140.02756,42.13471],[140.02762,42.13562],[140.02891,42.13702],[140.02921,42.13803],[140.02894,42.14017],[140.02925,42.14146],[140.03327,42.1436],[140.0343,42.14395],[140.0359,42.14362],[140.03718,42.14446],[140.03785,42.14581],[140.03382,42.14811],[140.03115,42.15049],[140.03046,42.152],[140.03027,42.15401],[140.03087,42.15567],[140.03174,42.15643],[140.03371,42.15743],[140.03613,42.1591],[140.03929,42.16241],[140.0405,42.16426],[140.03097,42.16872],[140.02632,42.17191],[140.02424,42.17365],[140.01965,42.17561],[140.01651,42.17762],[140.01346,42.1737],[139.99844,42.15839],[139.99698,42.15596],[139.99689,42.15478],[139.99915,42.15305],[140.00343,42.15127],[140.00528,42.14959],[140.00592,42.14654],[140.0074,42.14401],[140.00716,42.14144],[140.00746,42.13999],[140.00651,42.13912],[140.00762,42.13655],[140.00687,42.13403],[140.00552,42.13315],[140.00692,42.13209],[140.0072,42.13121],[140.00557,42.13005],[140.00467,42.12859],[140.00168,42.12648],[140.00071,42.12339],[140.00093,42.12184]]]}},{"type":"Feature","properties":{"m":"熊石見日町","b":[140.0151,42.1046,140.0716,42.1486],"c":[140.0437,42.12879]},"geometry":{"type":"Polygon","coordinates":[[[140.03785,42.14581],[140.03718,42.14446],[140.0359,42.14362],[140.0343,42.14395],[140.03327,42.1436],[140.02925,42.14146],[140.02894,42.14017],[140.02921,42.13803],[140.02891,42.13702],[140.02762,42.13562],[140.02756,42.13471],[140.02818,42.13332],[140.02777,42.13216],[140.02624,42.13131],[140.02615,42.13051],[140.02487,42.12917],[140.02521,42.12763],[140.02515,42.12483],[140.02395,42.12375],[140.02141,42.12316],[140.02042,42.12233],[140.01963,42.12015],[140.01591,42.11868],[140.01507,42.11804],[140.01944,42.11706],[140.02179,42.11545],[140.0236,42.1146],[140.02588,42.11232],[140.02777,42.11102],[140.02951,42.10934],[140.0334,42.10602],[140.03446,42.10463],[140.03594,42.10564],[140.03809,42.10596],[140.03811,42.10806],[140.04104,42.10872],[140.04238,42.10811],[140.04548,42.10878],[140.04599,42.11033],[140.0457,42.11106],[140.04568,42.11332],[140.04566,42.11589],[140.04341,42.12102],[140.04927,42.12316],[140.05295,42.12377],[140.05731,42.12383],[140.06221,42.12317],[140.06373,42.12348],[140.06775,42.12594],[140.07105,42.12845],[140.07156,42.1307],[140.07068,42.13256],[140.06901,42.13501],[140.06735,42.13813],[140.06684,42.14052],[140.0671,42.14265],[140.06805,42.14458],[140.06681,42.14522],[140.06589,42.145],[140.06509,42.14389],[140.06408,42.14395],[140.06319,42.14235],[140.06098,42.14223],[140.05837,42.14348],[140.0553,42.14402],[140.05393,42.14463],[140.05174,42.14483],[140.04939,42.14676],[140.04795,42.14859],[140.04483,42.14722],[140.04262,42.14791],[140.04189,42.14712],[140.04006,42.14755],[140.03785,42.14581]]]}},{"type":"Feature","properties":{"m":"熊石黒岩町","b":[140.0345,42.0909,140.119,42.1549],"c":[140.07517,42.12472]},"geometry":{"type":"Polygon","coordinates":[[[140.06805,42.14458],[140.0671,42.14265],[140.06684,42.14052],[140.06735,42.13813],[140.06901,42.13501],[140.07068,42.13256],[140.07156,42.1307],[140.07105,42.12845],[140.06775,42.12594],[140.06373,42.12348],[140.06221,42.12317],[140.05731,42.12383],[140.05295,42.12377],[140.04927,42.12316],[140.04341,42.12102],[140.04566,42.11589],[140.04568,42.11332],[140.0457,42.11106],[140.04599,42.11033],[140.04548,42.10878],[140.04238,42.10811],[140.04104,42.10872],[140.03811,42.10806],[140.03809,42.10596],[140.03594,42.10564],[140.03446,42.10463],[140.0413,42.09887],[140.04292,42.09706],[140.04513,42.0951],[140.04642,42.09319],[140.04802,42.09162],[140.04911,42.09094],[140.05088,42.09215],[140.05372,42.09462],[140.05565,42.09563],[140.0625,42.09809],[140.0652,42.09855],[140.06857,42.09854],[140.06931,42.09881],[140.07029,42.10003],[140.07302,42.10103],[140.07407,42.10087],[140.07437,42.10169],[140.07688,42.10256],[140.07761,42.10403],[140.0799,42.10611],[140.08028,42.10664],[140.0819,42.1072],[140.08363,42.10737],[140.08338,42.10881],[140.08489,42.10987],[140.08488,42.11039],[140.08345,42.11185],[140.08504,42.11262],[140.08534,42.1143],[140.08658,42.11485],[140.08729,42.11601],[140.08698,42.11833],[140.0882,42.1199],[140.0926,42.12308],[140.09451,42.12528],[140.09994,42.12922],[140.10403,42.13274],[140.10627,42.13688],[140.10697,42.13857],[140.10688,42.14114],[140.10732,42.14281],[140.10971,42.14514],[140.11154,42.14608],[140.11465,42.14723],[140.11902,42.14863],[140.11747,42.14933],[140.10606,42.15302],[140.10297,42.15359],[140.09728,42.15353],[140.09498,42.15386],[140.09154,42.15488],[140.08791,42.1549],[140.08306,42.15322],[140.08024,42.15144],[140.0807,42.15097],[140.07929,42.1505],[140.07812,42.15076],[140.07711,42.14975],[140.07585,42.14938],[140.07519,42.14806],[140.07264,42.14684],[140.07154,42.14577],[140.06951,42.14561],[140.06805,42.14458]]]}},{"type":"Feature","properties":{"m":"熊石泊川町","b":[140.0491,42.0813,140.136,42.1486],"c":[140.09422,42.11458]},"geometry":{"type":"Polygon","coordinates":[[[140.11902,42.14863],[140.11465,42.14723],[140.11154,42.14608],[140.10971,42.14514],[140.10732,42.14281],[140.10688,42.14114],[140.10697,42.13857],[140.10627,42.13688],[140.10403,42.13274],[140.09994,42.12922],[140.09451,42.12528],[140.0926,42.12308],[140.0882,42.1199],[140.08698,42.11833],[140.08729,42.11601],[140.08658,42.11485],[140.08534,42.1143],[140.08504,42.11262],[140.08345,42.11185],[140.08488,42.11039],[140.08489,42.10987],[140.08338,42.10881],[140.08363,42.10737],[140.0819,42.1072],[140.08028,42.10664],[140.0799,42.10611],[140.07761,42.10403],[140.07688,42.10256],[140.07437,42.10169],[140.07407,42.10087],[140.07302,42.10103],[140.07029,42.10003],[140.06931,42.09881],[140.06857,42.09854],[140.0652,42.09855],[140.0625,42.09809],[140.05565,42.09563],[140.05372,42.09462],[140.05088,42.09215],[140.04911,42.09094],[140.05038,42.08982],[140.05342,42.08625],[140.05463,42.08416],[140.05644,42.0828],[140.05694,42.08299],[140.05796,42.08126],[140.06289,42.08287],[140.06671,42.08445],[140.06905,42.08564],[140.07109,42.08715],[140.0739,42.08873],[140.07516,42.08901],[140.07685,42.08847],[140.08034,42.09108],[140.08348,42.09379],[140.08528,42.09621],[140.08558,42.09782],[140.08445,42.09973],[140.08464,42.10054],[140.08562,42.10149],[140.08952,42.10317],[140.09244,42.1041],[140.09655,42.10485],[140.10102,42.1055],[140.10504,42.10588],[140.10793,42.10647],[140.1093,42.10789],[140.11085,42.11077],[140.11295,42.11369],[140.11249,42.11591],[140.11281,42.11712],[140.11206,42.11993],[140.11256,42.12128],[140.11323,42.1262],[140.11343,42.12629],[140.11463,42.12683],[140.1158,42.12733],[140.11707,42.12816],[140.11878,42.12986],[140.12113,42.13324],[140.12526,42.13532],[140.12921,42.1373],[140.13204,42.13904],[140.13351,42.14034],[140.13602,42.14303],[140.13444,42.14402],[140.1316,42.14404],[140.12855,42.14351],[140.12775,42.14447],[140.12469,42.14515],[140.12283,42.14478],[140.12083,42.14601],[140.11902,42.14863]]]}},{"type":"Feature","properties":{"m":"熊石館平町","b":[140.058,42.0743,140.0777,42.089],"c":[140.06714,42.08201]},"geometry":{"type":"Polygon","coordinates":[[[140.05796,42.08126],[140.05942,42.0786],[140.05958,42.07719],[140.05809,42.07588],[140.05879,42.07533],[140.05958,42.07582],[140.06153,42.0743],[140.06271,42.075],[140.06713,42.07889],[140.06941,42.08177],[140.0709,42.08269],[140.07518,42.08388],[140.07705,42.08483],[140.07767,42.0858],[140.07761,42.08716],[140.07685,42.08847],[140.07516,42.08901],[140.0739,42.08873],[140.07109,42.08715],[140.06905,42.08564],[140.06671,42.08445],[140.06289,42.08287],[140.05796,42.08126]]]}},{"type":"Feature","properties":{"m":"熊石相沼町","b":[140.0615,42.0675,140.1189,42.1065],"c":[140.09359,42.08998]},"geometry":{"type":"Polygon","coordinates":[[[140.10102,42.1055],[140.09655,42.10485],[140.09244,42.1041],[140.08952,42.10317],[140.08562,42.10149],[140.08464,42.10054],[140.08445,42.09973],[140.08558,42.09782],[140.08528,42.09621],[140.08348,42.09379],[140.08034,42.09108],[140.07685,42.08847],[140.07761,42.08716],[140.07767,42.0858],[140.07705,42.08483],[140.07518,42.08388],[140.0709,42.08269],[140.06941,42.08177],[140.06713,42.07889],[140.06271,42.075],[140.06153,42.0743],[140.06238,42.07398],[140.0629,42.07186],[140.06442,42.07068],[140.06688,42.06992],[140.06755,42.06936],[140.06803,42.06753],[140.06907,42.07034],[140.07115,42.07223],[140.07377,42.07345],[140.07532,42.07569],[140.07831,42.07664],[140.07991,42.07815],[140.08485,42.07912],[140.08618,42.08149],[140.08704,42.08199],[140.09033,42.08212],[140.09246,42.08304],[140.09534,42.08399],[140.09759,42.08421],[140.09918,42.08383],[140.10054,42.08173],[140.10286,42.08194],[140.10426,42.08278],[140.10687,42.08284],[140.10856,42.08364],[140.11039,42.08384],[140.11302,42.08488],[140.1145,42.08495],[140.11571,42.08558],[140.11743,42.08737],[140.11891,42.08805],[140.11778,42.09084],[140.11759,42.09141],[140.11671,42.09467],[140.11315,42.09832],[140.11243,42.10025],[140.1119,42.10183],[140.11075,42.10399],[140.10793,42.10647],[140.10504,42.10588],[140.10102,42.1055]]]}},{"type":"Feature","properties":{"m":"熊石折戸町","b":[140.0673,42.06,140.1953,42.0886],"c":[140.13161,42.07547]},"geometry":{"type":"Polygon","coordinates":[[[140.06803,42.06753],[140.06805,42.06594],[140.06845,42.06533],[140.06729,42.06285],[140.06898,42.06233],[140.06911,42.06136],[140.07033,42.06092],[140.07051,42.06003],[140.07503,42.06134],[140.07769,42.06169],[140.07946,42.06258],[140.08057,42.06348],[140.08411,42.06556],[140.08521,42.0671],[140.08683,42.06786],[140.08877,42.06766],[140.08988,42.06818],[140.09188,42.06971],[140.0938,42.06961],[140.09827,42.07188],[140.10109,42.07162],[140.10397,42.07288],[140.10791,42.07123],[140.1086,42.07141],[140.11004,42.07291],[140.11253,42.07121],[140.11372,42.07092],[140.1179,42.0706],[140.12152,42.07063],[140.1245,42.07009],[140.12558,42.06944],[140.12764,42.06922],[140.12869,42.06956],[140.13119,42.06974],[140.13469,42.06961],[140.13573,42.06917],[140.13684,42.06924],[140.14233,42.07118],[140.14326,42.07181],[140.14533,42.07207],[140.14658,42.07272],[140.14672,42.07349],[140.14895,42.07414],[140.15069,42.07304],[140.15037,42.07121],[140.15058,42.07047],[140.15296,42.06859],[140.15448,42.06444],[140.15652,42.06476],[140.16007,42.06485],[140.16106,42.06612],[140.16443,42.06625],[140.16621,42.06801],[140.16866,42.06832],[140.17031,42.0679],[140.17179,42.0686],[140.17432,42.06873],[140.17531,42.06978],[140.17774,42.06916],[140.18034,42.06912],[140.18236,42.06961],[140.18401,42.06917],[140.18543,42.06784],[140.18714,42.067],[140.19117,42.06707],[140.19314,42.06838],[140.19286,42.06944],[140.19424,42.07331],[140.19531,42.07561],[140.19391,42.07649],[140.19361,42.07965],[140.19429,42.08085],[140.18307,42.08147],[140.17219,42.08196],[140.1694,42.08115],[140.16687,42.08153],[140.16418,42.08164],[140.16323,42.08144],[140.16138,42.08176],[140.15759,42.08207],[140.15163,42.08279],[140.14687,42.08378],[140.14601,42.08378],[140.1433,42.08347],[140.1417,42.08371],[140.13906,42.08481],[140.13809,42.08476],[140.13637,42.08487],[140.13349,42.0862],[140.13059,42.08486],[140.12976,42.08497],[140.12914,42.08588],[140.12889,42.08607],[140.12706,42.08672],[140.12627,42.08738],[140.12345,42.08809],[140.12269,42.08858],[140.12016,42.08842],[140.11891,42.08805],[140.11743,42.08737],[140.11571,42.08558],[140.1145,42.08495],[140.11302,42.08488],[140.11039,42.08384],[140.10856,42.08364],[140.10687,42.08284],[140.10426,42.08278],[140.10286,42.08194],[140.10054,42.08173],[140.09918,42.08383],[140.09759,42.08421],[140.09534,42.08399],[140.09246,42.08304],[140.09033,42.08212],[140.08704,42.08199],[140.08618,42.08149],[140.08485,42.07912],[140.07991,42.07815],[140.07831,42.07664],[140.07532,42.07569],[140.07377,42.07345],[140.07115,42.07223],[140.06907,42.07034],[140.06803,42.06753]]]}},{"type":"Feature","properties":{"m":"熊石泉岱町","b":[140.1079,42.0808,140.2046,42.1508],"c":[140.15384,42.11153]},"geometry":{"type":"Polygon","coordinates":[[[140.15125,42.14672],[140.15035,42.14659],[140.14861,42.14619],[140.14784,42.14601],[140.14712,42.14589],[140.14579,42.1457],[140.14496,42.14511],[140.14441,42.14458],[140.14382,42.14401],[140.14335,42.14375],[140.14219,42.14323],[140.14131,42.14294],[140.13995,42.14262],[140.13873,42.14232],[140.13787,42.14232],[140.13602,42.14303],[140.13351,42.14034],[140.13204,42.13904],[140.12921,42.1373],[140.12526,42.13532],[140.12113,42.13324],[140.11878,42.12986],[140.11707,42.12816],[140.1158,42.12733],[140.11463,42.12683],[140.11343,42.12629],[140.11323,42.1262],[140.11256,42.12128],[140.11206,42.11993],[140.11281,42.11712],[140.11249,42.11591],[140.11295,42.11369],[140.11085,42.11077],[140.1093,42.10789],[140.10793,42.10647],[140.11075,42.10399],[140.1119,42.10183],[140.11243,42.10025],[140.11315,42.09832],[140.11671,42.09467],[140.11759,42.09141],[140.11778,42.09084],[140.11891,42.08805],[140.12016,42.08842],[140.12269,42.08858],[140.12345,42.08809],[140.12627,42.08738],[140.12706,42.08672],[140.12889,42.08607],[140.12914,42.08588],[140.12976,42.08497],[140.13059,42.08486],[140.13349,42.0862],[140.13637,42.08487],[140.13809,42.08476],[140.13906,42.08481],[140.1417,42.08371],[140.1433,42.08347],[140.14601,42.08378],[140.14687,42.08378],[140.15163,42.08279],[140.15759,42.08207],[140.16138,42.08176],[140.16323,42.08144],[140.16418,42.08164],[140.16687,42.08153],[140.1694,42.08115],[140.17219,42.08196],[140.18307,42.08147],[140.19429,42.08085],[140.19458,42.08106],[140.19539,42.0824],[140.19642,42.08312],[140.19633,42.08376],[140.1981,42.08591],[140.19859,42.08716],[140.19963,42.08776],[140.20064,42.08894],[140.20173,42.08938],[140.20457,42.08936],[140.2026,42.09039],[140.2007,42.09114],[140.20041,42.0913],[140.19955,42.09248],[140.19823,42.09359],[140.19702,42.09557],[140.19543,42.09731],[140.19467,42.09914],[140.19416,42.10056],[140.19299,42.10217],[140.19202,42.10271],[140.19156,42.104],[140.1917,42.10522],[140.19229,42.1058],[140.19237,42.10675],[140.19303,42.10766],[140.19229,42.10864],[140.19095,42.10921],[140.19055,42.10963],[140.19058,42.11071],[140.19128,42.11189],[140.1908,42.11304],[140.18868,42.11384],[140.18686,42.11496],[140.18446,42.11519],[140.1835,42.11525],[140.18194,42.11776],[140.18234,42.11953],[140.1824,42.1204],[140.1827,42.12088],[140.18636,42.12315],[140.18772,42.12386],[140.18831,42.12434],[140.18762,42.1271],[140.1874,42.12751],[140.18492,42.1287],[140.18408,42.12972],[140.18309,42.13067],[140.18195,42.13172],[140.18094,42.13266],[140.18054,42.13303],[140.17923,42.13409],[140.17779,42.13404],[140.17639,42.13494],[140.17546,42.13727],[140.17457,42.13914],[140.17398,42.13995],[140.17325,42.14077],[140.17274,42.142],[140.1724,42.14289],[140.1718,42.14371],[140.17094,42.14465],[140.16989,42.14592],[140.16955,42.14685],[140.16946,42.14829],[140.16956,42.14871],[140.16941,42.14952],[140.16845,42.15076],[140.16606,42.15064],[140.1649,42.15057],[140.16331,42.15063],[140.16271,42.15073],[140.16149,42.15036],[140.15918,42.14965],[140.15881,42.14933],[140.15764,42.14864],[140.15661,42.14826],[140.15594,42.14834],[140.1554,42.14809],[140.15442,42.14766],[140.15271,42.147],[140.15125,42.14672]]]}},{"type":"Feature","properties":{"m":"字豊津","b":[140.2219,42.3748,140.3084,42.4228],"c":[140.26468,42.39948]},"geometry":{"type":"Polygon","coordinates":[[[140.23756,42.37867],[140.24074,42.37883],[140.24249,42.37966],[140.24423,42.38052],[140.24479,42.38048],[140.24597,42.38039],[140.24788,42.38063],[140.24941,42.37995],[140.25087,42.38028],[140.25346,42.37977],[140.25596,42.37983],[140.25729,42.38012],[140.25956,42.38121],[140.26018,42.3813],[140.26064,42.38173],[140.26161,42.38199],[140.26193,42.38261],[140.26224,42.38268],[140.26304,42.38335],[140.26377,42.38416],[140.26508,42.38469],[140.26608,42.3849],[140.26769,42.38558],[140.26971,42.3863],[140.27063,42.38678],[140.27153,42.3869],[140.27205,42.38598],[140.2736,42.3863],[140.27406,42.38592],[140.27442,42.38593],[140.27627,42.38554],[140.27725,42.38608],[140.27807,42.38571],[140.27872,42.385],[140.28052,42.38433],[140.28248,42.38383],[140.28249,42.38289],[140.28339,42.38174],[140.28587,42.38122],[140.28653,42.38068],[140.28673,42.3801],[140.28877,42.37941],[140.28931,42.37949],[140.29031,42.3788],[140.29038,42.3786],[140.291,42.37675],[140.29151,42.37602],[140.29469,42.37476],[140.2958,42.37698],[140.29735,42.38081],[140.29845,42.38399],[140.29975,42.38659],[140.30417,42.39641],[140.30654,42.4013],[140.30845,42.40581],[140.3052,42.40617],[140.30448,42.40661],[140.30201,42.40721],[140.30186,42.40803],[140.30063,42.40905],[140.29881,42.40936],[140.295,42.41225],[140.29376,42.41223],[140.29293,42.41307],[140.291,42.4133],[140.28958,42.41391],[140.28797,42.41567],[140.28654,42.41572],[140.28324,42.41647],[140.27934,42.41855],[140.2769,42.41901],[140.26807,42.42182],[140.26651,42.42203],[140.26221,42.4217],[140.26021,42.42183],[140.25708,42.42261],[140.25472,42.42277],[140.2519,42.42209],[140.25108,42.42087],[140.2516,42.42027],[140.25478,42.41902],[140.2556,42.41773],[140.25511,42.41702],[140.25328,42.41653],[140.25157,42.41684],[140.24747,42.4185],[140.24496,42.4191],[140.24244,42.41912],[140.23892,42.41956],[140.23746,42.41928],[140.23657,42.41821],[140.23386,42.418],[140.2325,42.41656],[140.23059,42.41659],[140.22947,42.41622],[140.2297,42.41482],[140.2282,42.41315],[140.22856,42.41217],[140.22992,42.41133],[140.2312,42.40942],[140.2322,42.40922],[140.23412,42.40883],[140.23605,42.40788],[140.2379,42.40777],[140.23932,42.40799],[140.2384,42.4073],[140.2372,42.40563],[140.23716,42.40386],[140.236,42.40318],[140.23393,42.40273],[140.23327,42.40163],[140.23011,42.4003],[140.22966,42.39984],[140.23058,42.39688],[140.23027,42.39622],[140.23019,42.39548],[140.23053,42.3948],[140.22854,42.39419],[140.2246,42.39284],[140.22338,42.39219],[140.22249,42.39081],[140.22193,42.38956],[140.22202,42.38846],[140.22272,42.38695],[140.22346,42.38573],[140.22391,42.38508],[140.22642,42.38455],[140.22733,42.38411],[140.22977,42.3835],[140.232,42.38098],[140.23236,42.38019],[140.23533,42.37859],[140.23756,42.37867]]]}},{"type":"Feature","properties":{"m":"字豊野","b":[140.2255,42.4058,140.3223,42.4408],"c":[140.27947,42.4258]},"geometry":{"type":"Polygon","coordinates":[[[140.30845,42.40581],[140.31053,42.41023],[140.31175,42.41201],[140.31555,42.41915],[140.31921,42.42556],[140.32227,42.43066],[140.32091,42.43119],[140.32208,42.43318],[140.31937,42.43394],[140.31823,42.43469],[140.31469,42.43504],[140.31421,42.43563],[140.31172,42.43761],[140.3106,42.43816],[140.30913,42.43829],[140.30642,42.43856],[140.30511,42.43953],[140.30255,42.4408],[140.30121,42.44052],[140.30041,42.4397],[140.29843,42.43881],[140.29722,42.43796],[140.29596,42.43696],[140.29561,42.43705],[140.29509,42.43655],[140.29441,42.43671],[140.29408,42.43654],[140.29342,42.43618],[140.29262,42.43583],[140.29238,42.43563],[140.29112,42.43525],[140.28966,42.43566],[140.28918,42.43556],[140.2877,42.43576],[140.28679,42.43567],[140.28645,42.4359],[140.28457,42.43686],[140.28329,42.43608],[140.28255,42.43554],[140.27968,42.43453],[140.27827,42.43428],[140.27552,42.43414],[140.27199,42.43502],[140.26901,42.43584],[140.26628,42.43693],[140.26546,42.43796],[140.26285,42.43821],[140.26206,42.43783],[140.2599,42.43783],[140.25686,42.4389],[140.25579,42.43848],[140.25564,42.43783],[140.25453,42.43764],[140.25273,42.43665],[140.25042,42.4363],[140.24866,42.4351],[140.24687,42.43457],[140.24319,42.43413],[140.24263,42.43277],[140.23975,42.43249],[140.23727,42.431],[140.23513,42.43084],[140.2326,42.43097],[140.23079,42.43044],[140.23068,42.42862],[140.22976,42.42751],[140.229,42.42623],[140.22652,42.42501],[140.22547,42.42401],[140.22627,42.42205],[140.22655,42.42126],[140.22642,42.42058],[140.22553,42.41968],[140.22622,42.41877],[140.22784,42.41692],[140.22887,42.41667],[140.22947,42.41622],[140.23059,42.41659],[140.2325,42.41656],[140.23386,42.418],[140.23657,42.41821],[140.23746,42.41928],[140.23892,42.41956],[140.24244,42.41912],[140.24496,42.4191],[140.24747,42.4185],[140.25157,42.41684],[140.25328,42.41653],[140.25511,42.41702],[140.2556,42.41773],[140.25478,42.41902],[140.2516,42.42027],[140.25108,42.42087],[140.2519,42.42209],[140.25472,42.42277],[140.25708,42.42261],[140.26021,42.42183],[140.26221,42.4217],[140.26651,42.42203],[140.26807,42.42182],[140.2769,42.41901],[140.27934,42.41855],[140.28324,42.41647],[140.28654,42.41572],[140.28797,42.41567],[140.28958,42.41391],[140.291,42.4133],[140.29293,42.41307],[140.29376,42.41223],[140.295,42.41225],[140.29881,42.40936],[140.30063,42.40905],[140.30186,42.40803],[140.30201,42.40721],[140.30448,42.40661],[140.3052,42.40617],[140.30845,42.40581]]]}},{"type":"Feature","properties":{"m":"字茶屋川","b":[140.2087,42.4304,140.3157,42.5231],"c":[140.25605,42.46987]},"geometry":{"type":"Polygon","coordinates":[[[140.26546,42.43796],[140.26623,42.43885],[140.26701,42.43903],[140.2692,42.43949],[140.27045,42.43931],[140.27286,42.43815],[140.27402,42.43799],[140.27494,42.43823],[140.27523,42.43846],[140.27635,42.44023],[140.278,42.44073],[140.27944,42.44123],[140.27945,42.44243],[140.27993,42.44303],[140.28086,42.44344],[140.28178,42.44351],[140.28133,42.44457],[140.28134,42.44513],[140.28323,42.44605],[140.28709,42.44808],[140.28838,42.44907],[140.28977,42.45065],[140.29012,42.4523],[140.29111,42.45323],[140.29214,42.45354],[140.29403,42.45376],[140.29562,42.45471],[140.29674,42.45418],[140.29862,42.4538],[140.3004,42.45362],[140.3015,42.45342],[140.30178,42.45316],[140.30255,42.45161],[140.30305,42.45109],[140.30515,42.44998],[140.30588,42.45114],[140.3068,42.45303],[140.30794,42.45509],[140.31572,42.46913],[140.31047,42.47119],[140.31209,42.4738],[140.31188,42.47423],[140.31076,42.47474],[140.30744,42.47533],[140.30566,42.47593],[140.30445,42.47697],[140.30094,42.47689],[140.29923,42.47623],[140.29868,42.47629],[140.29407,42.47783],[140.29266,42.47889],[140.29221,42.47927],[140.29031,42.4816],[140.28704,42.48325],[140.28621,42.4841],[140.28509,42.4847],[140.28336,42.48555],[140.28323,42.48662],[140.28161,42.4888],[140.28084,42.48939],[140.28044,42.48955],[140.27883,42.48988],[140.2763,42.4914],[140.2758,42.49255],[140.27607,42.49503],[140.27607,42.49583],[140.27467,42.49837],[140.27198,42.50048],[140.27091,42.50101],[140.26731,42.50261],[140.26454,42.50434],[140.26372,42.50543],[140.26352,42.50582],[140.26301,42.50665],[140.26297,42.50833],[140.26184,42.50944],[140.25941,42.51056],[140.25725,42.51207],[140.25692,42.51292],[140.25678,42.51417],[140.2558,42.51488],[140.25503,42.51629],[140.25496,42.51769],[140.25431,42.51886],[140.25233,42.52042],[140.24983,42.5213],[140.24813,42.5231],[140.24705,42.52237],[140.24671,42.52005],[140.24565,42.5191],[140.24543,42.5182],[140.24527,42.51731],[140.24452,42.51661],[140.24314,42.51653],[140.24161,42.51631],[140.23971,42.51541],[140.23942,42.51471],[140.23876,42.51376],[140.23875,42.51287],[140.23792,42.51074],[140.23832,42.50867],[140.23772,42.50774],[140.23698,42.50599],[140.23668,42.5039],[140.23545,42.50248],[140.23529,42.50171],[140.23575,42.50073],[140.23478,42.49992],[140.23377,42.49832],[140.23327,42.49671],[140.23361,42.49616],[140.23299,42.49532],[140.23113,42.49365],[140.23104,42.4926],[140.22915,42.49216],[140.22829,42.49149],[140.22562,42.48656],[140.22354,42.48551],[140.22215,42.48447],[140.22063,42.48431],[140.2203,42.48411],[140.21933,42.48297],[140.2175,42.48157],[140.21582,42.4806],[140.21545,42.47966],[140.21337,42.47799],[140.21085,42.47671],[140.21065,42.47542],[140.21211,42.47279],[140.21202,42.47212],[140.21026,42.47108],[140.20868,42.47072],[140.20871,42.47021],[140.21019,42.46913],[140.21229,42.46808],[140.21461,42.46682],[140.21434,42.46605],[140.21506,42.4658],[140.21571,42.46415],[140.21463,42.46302],[140.21322,42.46086],[140.21552,42.45865],[140.21573,42.45742],[140.21317,42.45535],[140.21254,42.45425],[140.21292,42.45382],[140.21434,42.45354],[140.21443,42.45323],[140.21438,42.45155],[140.21443,42.45088],[140.21348,42.4499],[140.21244,42.44915],[140.2124,42.44883],[140.21271,42.44821],[140.21566,42.44717],[140.21606,42.44698],[140.21727,42.44586],[140.21858,42.44391],[140.21892,42.44225],[140.2203,42.44104],[140.22063,42.44095],[140.22167,42.44081],[140.22288,42.43874],[140.2228,42.4377],[140.22453,42.43583],[140.22534,42.43448],[140.22676,42.43312],[140.22724,42.43309],[140.22868,42.43301],[140.22969,42.43196],[140.23081,42.43078],[140.23079,42.43044],[140.2326,42.43097],[140.23513,42.43084],[140.23727,42.431],[140.23975,42.43249],[140.24263,42.43277],[140.24319,42.43413],[140.24687,42.43457],[140.24866,42.4351],[140.25042,42.4363],[140.25273,42.43665],[140.25453,42.43764],[140.25564,42.43783],[140.25579,42.43848],[140.25686,42.4389],[140.2599,42.43783],[140.26206,42.43783],[140.26285,42.43821],[140.26546,42.43796]]]}},{"type":"Feature","properties":{"m":"字国縫","b":[140.2655,42.4307,140.3325,42.4551],"c":[140.30327,42.4436]},"geometry":{"type":"Polygon","coordinates":[[[140.32227,42.43066],[140.32295,42.43242],[140.32613,42.43831],[140.32707,42.43973],[140.32953,42.43877],[140.33002,42.43774],[140.33096,42.43928],[140.3296,42.43892],[140.32719,42.43989],[140.32971,42.44381],[140.33252,42.44792],[140.32867,42.44926],[140.32732,42.44916],[140.32585,42.44916],[140.32594,42.44947],[140.32409,42.45105],[140.32331,42.44984],[140.30794,42.45509],[140.3068,42.45303],[140.30588,42.45114],[140.30515,42.44998],[140.30305,42.45109],[140.30255,42.45161],[140.30178,42.45316],[140.3015,42.45342],[140.3004,42.45362],[140.29862,42.4538],[140.29674,42.45418],[140.29562,42.45471],[140.29403,42.45376],[140.29214,42.45354],[140.29111,42.45323],[140.29012,42.4523],[140.28977,42.45065],[140.28838,42.44907],[140.28709,42.44808],[140.28323,42.44605],[140.28134,42.44513],[140.28133,42.44457],[140.28178,42.44351],[140.28086,42.44344],[140.27993,42.44303],[140.27945,42.44243],[140.27944,42.44123],[140.278,42.44073],[140.27635,42.44023],[140.27523,42.43846],[140.27494,42.43823],[140.27402,42.43799],[140.27286,42.43815],[140.27045,42.43931],[140.2692,42.43949],[140.26701,42.43903],[140.26623,42.43885],[140.26546,42.43796],[140.26628,42.43693],[140.26901,42.43584],[140.27199,42.43502],[140.27552,42.43414],[140.27827,42.43428],[140.27968,42.43453],[140.28255,42.43554],[140.28329,42.43608],[140.28457,42.43686],[140.28645,42.4359],[140.28679,42.43567],[140.2877,42.43576],[140.28918,42.43556],[140.28966,42.43566],[140.29112,42.43525],[140.29238,42.43563],[140.29262,42.43583],[140.29342,42.43618],[140.29408,42.43654],[140.29441,42.43671],[140.29509,42.43655],[140.29561,42.43705],[140.29596,42.43696],[140.29722,42.43796],[140.29843,42.43881],[140.30041,42.4397],[140.30121,42.44052],[140.30255,42.4408],[140.30511,42.43953],[140.30642,42.43856],[140.30913,42.43829],[140.3106,42.43816],[140.31172,42.43761],[140.31421,42.43563],[140.31469,42.43504],[140.31823,42.43469],[140.31937,42.43394],[140.32208,42.43318],[140.32091,42.43119],[140.32227,42.43066]]]}},{"type":"Feature","properties":{"m":"字花岡","b":[140.3079,42.4479,140.3488,42.4789],"c":[140.32694,42.46286]},"geometry":{"type":"Polygon","coordinates":[[[140.30794,42.45509],[140.32331,42.44984],[140.32409,42.45105],[140.32594,42.44947],[140.32585,42.44916],[140.32732,42.44916],[140.32867,42.44926],[140.33252,42.44792],[140.3369,42.45498],[140.33761,42.45584],[140.34013,42.4599],[140.34311,42.46409],[140.34392,42.46559],[140.34881,42.47254],[140.34278,42.47518],[140.34152,42.47348],[140.34047,42.47373],[140.33881,42.475],[140.33793,42.47553],[140.33766,42.47558],[140.33713,42.47469],[140.33599,42.47506],[140.3353,42.47483],[140.33489,42.47392],[140.33449,42.47224],[140.33381,42.4716],[140.33191,42.47071],[140.3306,42.46958],[140.32953,42.46797],[140.32875,42.46739],[140.32653,42.4675],[140.32554,42.46837],[140.32427,42.47017],[140.32318,42.47093],[140.32155,42.47192],[140.32171,42.47417],[140.32143,42.4747],[140.31994,42.47489],[140.31902,42.47575],[140.31853,42.47696],[140.31743,42.47741],[140.31679,42.47772],[140.31601,42.47886],[140.31545,42.47839],[140.31461,42.47804],[140.31361,42.47715],[140.31188,42.47423],[140.31209,42.4738],[140.31047,42.47119],[140.31572,42.46913],[140.30794,42.45509]]]}},{"type":"Feature","properties":{"m":"字中の沢","b":[140.323,42.4674,140.3561,42.4868],"c":[140.33773,42.47859]},"geometry":{"type":"Polygon","coordinates":[[[140.32427,42.47017],[140.32554,42.46837],[140.32653,42.4675],[140.32875,42.46739],[140.32953,42.46797],[140.3306,42.46958],[140.33191,42.47071],[140.33381,42.4716],[140.33449,42.47224],[140.33489,42.47392],[140.3353,42.47483],[140.33599,42.47506],[140.33713,42.47469],[140.33766,42.47558],[140.33793,42.47553],[140.33881,42.475],[140.34047,42.47373],[140.34152,42.47348],[140.34278,42.47518],[140.34881,42.47254],[140.35128,42.47581],[140.35408,42.48006],[140.35614,42.48265],[140.35515,42.48352],[140.35561,42.4855],[140.35369,42.48656],[140.35139,42.48395],[140.35072,42.48403],[140.34915,42.48438],[140.3429,42.48477],[140.33977,42.48524],[140.33361,42.48676],[140.33366,42.48663],[140.3316,42.48531],[140.32883,42.48394],[140.32821,42.48327],[140.32726,42.48298],[140.32555,42.48311],[140.32421,42.48201],[140.32313,42.48023],[140.32303,42.47964],[140.32319,42.47866],[140.32346,42.47744],[140.32453,42.47599],[140.32515,42.4742],[140.32511,42.47392],[140.32521,42.47337],[140.32486,42.47255],[140.32433,42.47243],[140.32336,42.47225],[140.32318,42.47093],[140.32427,42.47017]]]}},{"type":"Feature","properties":{"m":"字平里","b":[140.2481,42.4709,140.3632,42.5577],"c":[140.29894,42.51021]},"geometry":{"type":"Polygon","coordinates":[[[140.24983,42.5213],[140.25233,42.52042],[140.25431,42.51886],[140.25496,42.51769],[140.25503,42.51629],[140.2558,42.51488],[140.25678,42.51417],[140.25692,42.51292],[140.25725,42.51207],[140.25941,42.51056],[140.26184,42.50944],[140.26297,42.50833],[140.26301,42.50665],[140.26352,42.50582],[140.26372,42.50543],[140.26454,42.50434],[140.26731,42.50261],[140.27091,42.50101],[140.27198,42.50048],[140.27467,42.49837],[140.27607,42.49583],[140.27607,42.49503],[140.2758,42.49255],[140.2763,42.4914],[140.27883,42.48988],[140.28044,42.48955],[140.28084,42.48939],[140.28161,42.4888],[140.28323,42.48662],[140.28336,42.48555],[140.28509,42.4847],[140.28621,42.4841],[140.28704,42.48325],[140.29031,42.4816],[140.29221,42.47927],[140.29266,42.47889],[140.29407,42.47783],[140.29868,42.47629],[140.29923,42.47623],[140.30094,42.47689],[140.30445,42.47697],[140.30566,42.47593],[140.30744,42.47533],[140.31076,42.47474],[140.31188,42.47423],[140.31361,42.47715],[140.31461,42.47804],[140.31545,42.47839],[140.31601,42.47886],[140.31679,42.47772],[140.31743,42.47741],[140.31853,42.47696],[140.31902,42.47575],[140.31994,42.47489],[140.32143,42.4747],[140.32171,42.47417],[140.32155,42.47192],[140.32318,42.47093],[140.32336,42.47225],[140.32433,42.47243],[140.32486,42.47255],[140.32521,42.47337],[140.32511,42.47392],[140.32515,42.4742],[140.32453,42.47599],[140.32346,42.47744],[140.32319,42.47866],[140.32303,42.47964],[140.32313,42.48023],[140.32421,42.48201],[140.32555,42.48311],[140.32726,42.48298],[140.32821,42.48327],[140.32883,42.48394],[140.3316,42.48531],[140.33366,42.48663],[140.33361,42.48676],[140.33977,42.48524],[140.3429,42.48477],[140.34915,42.48438],[140.35072,42.48403],[140.35139,42.48395],[140.35369,42.48656],[140.35561,42.4855],[140.35515,42.48352],[140.35614,42.48265],[140.35759,42.48459],[140.36025,42.48773],[140.35687,42.48917],[140.36318,42.49682],[140.35775,42.50079],[140.35606,42.50083],[140.35382,42.50043],[140.35083,42.501],[140.34623,42.50313],[140.34218,42.50435],[140.3394,42.50466],[140.33614,42.50601],[140.33557,42.50664],[140.33639,42.50786],[140.33937,42.51041],[140.33982,42.51216],[140.33794,42.51169],[140.33636,42.51287],[140.33452,42.51158],[140.33348,42.51259],[140.33336,42.51458],[140.33163,42.51574],[140.33006,42.51565],[140.3281,42.51679],[140.32633,42.51577],[140.32391,42.51541],[140.31988,42.51559],[140.31253,42.51704],[140.31069,42.5181],[140.31003,42.5197],[140.30902,42.52415],[140.30729,42.52566],[140.3063,42.5287],[140.3023,42.53239],[140.29897,42.53399],[140.29676,42.53623],[140.29552,42.53797],[140.29499,42.5386],[140.29407,42.53991],[140.29354,42.54151],[140.293,42.54219],[140.29111,42.54335],[140.29027,42.54431],[140.28957,42.54758],[140.28964,42.54828],[140.29076,42.55056],[140.29087,42.55115],[140.29052,42.55229],[140.29,42.55287],[140.28878,42.55446],[140.28882,42.55552],[140.28967,42.5571],[140.28927,42.55775],[140.28637,42.55658],[140.28367,42.55589],[140.27994,42.55462],[140.27888,42.55436],[140.27674,42.5541],[140.27443,42.55315],[140.27137,42.55231],[140.26922,42.55201],[140.26613,42.55193],[140.26413,42.55183],[140.26442,42.55057],[140.26519,42.55004],[140.26606,42.54855],[140.26547,42.54746],[140.26367,42.54532],[140.26325,42.54432],[140.26316,42.54109],[140.26089,42.53841],[140.25988,42.5379],[140.26034,42.53751],[140.26062,42.53686],[140.25976,42.53492],[140.2587,42.53319],[140.25796,42.5331],[140.2566,42.53143],[140.25443,42.53069],[140.25538,42.52907],[140.25499,42.52883],[140.25279,42.52704],[140.25169,42.52647],[140.2499,42.52538],[140.24888,42.52408],[140.24813,42.5231],[140.24983,42.5213]]]}},{"type":"Feature","properties":{"m":"字大浜","b":[140.3569,42.4877,140.3725,42.5051],"c":[140.36466,42.49623]},"geometry":{"type":"Polygon","coordinates":[[[140.35687,42.48917],[140.36025,42.48773],[140.36137,42.48956],[140.36724,42.49706],[140.37247,42.50334],[140.37049,42.50421],[140.36962,42.50507],[140.36798,42.50296],[140.3655,42.49961],[140.36318,42.49682],[140.35687,42.48917]]]}},{"type":"Feature","properties":{"m":"字富野","b":[140.2968,42.5004,140.3721,42.5381],"c":[140.33901,42.52068]},"geometry":{"type":"Polygon","coordinates":[[[140.35775,42.50079],[140.35731,42.50163],[140.35719,42.50197],[140.35687,42.50225],[140.35758,42.5032],[140.35914,42.502],[140.36029,42.50235],[140.36302,42.5051],[140.36657,42.50887],[140.36827,42.51105],[140.36985,42.51363],[140.37103,42.51564],[140.37194,42.518],[140.36918,42.52084],[140.37112,42.52194],[140.37101,42.52298],[140.37076,42.52351],[140.37131,42.52337],[140.37214,42.52405],[140.36989,42.52593],[140.36644,42.52884],[140.3652,42.52877],[140.36242,42.52941],[140.36118,42.52946],[140.36091,42.52933],[140.35962,42.5283],[140.35467,42.52747],[140.35326,42.52782],[140.35047,42.52792],[140.34942,42.52904],[140.34846,42.52936],[140.34527,42.52872],[140.34477,42.52868],[140.3417,42.52898],[140.33954,42.52881],[140.33861,42.53013],[140.33777,42.53251],[140.33736,42.53285],[140.3319,42.53123],[140.33068,42.53126],[140.33033,42.53133],[140.32881,42.53112],[140.32825,42.53202],[140.32806,42.53233],[140.32719,42.53346],[140.32732,42.53598],[140.32661,42.53672],[140.32519,42.53699],[140.32073,42.53635],[140.32015,42.53639],[140.31591,42.53631],[140.31298,42.53693],[140.30729,42.53814],[140.30582,42.5381],[140.30092,42.5377],[140.29849,42.53699],[140.29676,42.53623],[140.29897,42.53399],[140.3023,42.53239],[140.3063,42.5287],[140.30729,42.52566],[140.30902,42.52415],[140.31003,42.5197],[140.31069,42.5181],[140.31253,42.51704],[140.31988,42.51559],[140.32391,42.51541],[140.32633,42.51577],[140.3281,42.51679],[140.33006,42.51565],[140.33163,42.51574],[140.33336,42.51458],[140.33348,42.51259],[140.33452,42.51158],[140.33636,42.51287],[140.33794,42.51169],[140.33982,42.51216],[140.33937,42.51041],[140.33639,42.50786],[140.33557,42.50664],[140.33614,42.50601],[140.3394,42.50466],[140.34218,42.50435],[140.34623,42.50313],[140.35083,42.501],[140.35382,42.50043],[140.35606,42.50083],[140.35775,42.50079]]]}},{"type":"Feature","properties":{"m":"字長万部","b":[140.3569,42.4968,140.3823,42.5299],"c":[140.37197,42.51369]},"geometry":{"type":"Polygon","coordinates":[[[140.36318,42.49682],[140.3655,42.49961],[140.36798,42.50296],[140.36962,42.50507],[140.37049,42.50421],[140.37247,42.50334],[140.38148,42.51331],[140.38195,42.51396],[140.38094,42.51575],[140.38226,42.5178],[140.3822,42.51909],[140.38058,42.51986],[140.3801,42.52009],[140.37678,42.52168],[140.37761,42.52209],[140.3772,42.52277],[140.37703,42.52318],[140.37691,42.52425],[140.3777,42.52394],[140.37766,42.52584],[140.37859,42.52648],[140.37896,42.52686],[140.37779,42.52735],[140.37755,42.52829],[140.37421,42.52992],[140.37124,42.52877],[140.3703,42.52971],[140.36896,42.52961],[140.36583,42.52936],[140.36644,42.52884],[140.36989,42.52593],[140.37214,42.52405],[140.37131,42.52337],[140.37076,42.52351],[140.37101,42.52298],[140.37112,42.52194],[140.36918,42.52084],[140.37194,42.518],[140.37103,42.51564],[140.36985,42.51363],[140.36827,42.51105],[140.36657,42.50887],[140.36302,42.5051],[140.36029,42.50235],[140.35914,42.502],[140.35758,42.5032],[140.35687,42.50225],[140.35719,42.50197],[140.35731,42.50163],[140.35775,42.50079],[140.36318,42.49682]]]}},{"type":"Feature","properties":{"m":"字栗岡","b":[140.3269,42.5275,140.3742,42.5533],"c":[140.3471,42.53824]},"geometry":{"type":"Polygon","coordinates":[[[140.32719,42.53346],[140.32806,42.53233],[140.32825,42.53202],[140.32881,42.53112],[140.33033,42.53133],[140.33068,42.53126],[140.3319,42.53123],[140.33736,42.53285],[140.33777,42.53251],[140.33861,42.53013],[140.33954,42.52881],[140.3417,42.52898],[140.34477,42.52868],[140.34527,42.52872],[140.34846,42.52936],[140.34942,42.52904],[140.35047,42.52792],[140.35326,42.52782],[140.35467,42.52747],[140.35962,42.5283],[140.36091,42.52933],[140.36118,42.52946],[140.36242,42.52941],[140.3652,42.52877],[140.36644,42.52884],[140.36583,42.52936],[140.36896,42.52961],[140.3703,42.52971],[140.37124,42.52877],[140.37421,42.52992],[140.37342,42.531],[140.37235,42.53164],[140.37046,42.53215],[140.36989,42.53411],[140.36748,42.53613],[140.36434,42.53733],[140.36109,42.53769],[140.36022,42.5382],[140.35964,42.53958],[140.35862,42.53991],[140.35471,42.54016],[140.35414,42.5407],[140.3544,42.54246],[140.35605,42.54309],[140.35641,42.54396],[140.35454,42.54591],[140.35415,42.54763],[140.35382,42.55032],[140.35163,42.55221],[140.35137,42.55327],[140.35066,42.55332],[140.34863,42.55246],[140.34769,42.55277],[140.34426,42.55277],[140.34349,42.5525],[140.34333,42.55136],[140.34244,42.55041],[140.34045,42.54961],[140.34049,42.54866],[140.33845,42.54796],[140.33562,42.5465],[140.33424,42.54612],[140.332,42.5445],[140.32802,42.54265],[140.32741,42.54199],[140.32697,42.54041],[140.3269,42.5372],[140.32718,42.53638],[140.32732,42.53598],[140.32719,42.53346]]]}},{"type":"Feature","properties":{"m":"字美畑","b":[140.2888,42.5362,140.3672,42.5883],"c":[140.32955,42.55613]},"geometry":{"type":"Polygon","coordinates":[[[140.29052,42.55229],[140.29087,42.55115],[140.29076,42.55056],[140.28964,42.54828],[140.28957,42.54758],[140.29027,42.54431],[140.29111,42.54335],[140.293,42.54219],[140.29354,42.54151],[140.29407,42.53991],[140.29499,42.5386],[140.29552,42.53797],[140.29676,42.53623],[140.29849,42.53699],[140.30092,42.5377],[140.30582,42.5381],[140.30729,42.53814],[140.31298,42.53693],[140.31591,42.53631],[140.32015,42.53639],[140.32073,42.53635],[140.32519,42.53699],[140.32661,42.53672],[140.32718,42.53638],[140.3269,42.5372],[140.32697,42.54041],[140.32741,42.54199],[140.32802,42.54265],[140.332,42.5445],[140.33424,42.54612],[140.33562,42.5465],[140.33845,42.54796],[140.34049,42.54866],[140.34045,42.54961],[140.34244,42.55041],[140.34333,42.55136],[140.34349,42.5525],[140.34426,42.55277],[140.34769,42.55277],[140.34863,42.55246],[140.35066,42.55332],[140.35137,42.55327],[140.35163,42.55221],[140.35382,42.55032],[140.35415,42.54763],[140.35479,42.54881],[140.35604,42.54981],[140.3588,42.5508],[140.36064,42.55073],[140.36255,42.5519],[140.36336,42.55315],[140.36559,42.55487],[140.36681,42.55536],[140.3672,42.55624],[140.36616,42.55668],[140.36504,42.55879],[140.36312,42.56183],[140.36233,42.56424],[140.36081,42.56648],[140.36031,42.56875],[140.3604,42.57041],[140.36159,42.57222],[140.36173,42.57415],[140.36015,42.57416],[140.35913,42.57479],[140.35688,42.57502],[140.35424,42.57635],[140.35268,42.5775],[140.35079,42.5797],[140.35033,42.58086],[140.35084,42.58282],[140.35033,42.58384],[140.34711,42.58638],[140.34519,42.58803],[140.34388,42.58827],[140.3424,42.58785],[140.34096,42.58825],[140.34015,42.58519],[140.34099,42.58279],[140.34087,42.5822],[140.34036,42.57984],[140.34171,42.57751],[140.34188,42.57609],[140.34069,42.57317],[140.34037,42.57126],[140.34005,42.56893],[140.34008,42.56683],[140.33942,42.56516],[140.33866,42.56449],[140.3374,42.56388],[140.33667,42.56373],[140.33521,42.56437],[140.33411,42.56481],[140.33197,42.56473],[140.32983,42.56366],[140.32623,42.5624],[140.32551,42.56195],[140.32192,42.55795],[140.31977,42.55663],[140.31841,42.55647],[140.31602,42.55671],[140.3139,42.55708],[140.31251,42.5572],[140.31044,42.55649],[140.3082,42.55617],[140.30466,42.55653],[140.29985,42.55744],[140.29619,42.55826],[140.2951,42.5584],[140.29293,42.55827],[140.29191,42.55798],[140.28967,42.5571],[140.28882,42.55552],[140.28878,42.55446],[140.29,42.55287],[140.29052,42.55229]]]}},{"type":"Feature","properties":{"m":"字双葉","b":[140.2479,42.5518,140.3419,42.6032],"c":[140.29857,42.57125]},"geometry":{"type":"Polygon","coordinates":[[[140.26613,42.55193],[140.26922,42.55201],[140.27137,42.55231],[140.27443,42.55315],[140.27674,42.5541],[140.27888,42.55436],[140.27994,42.55462],[140.28367,42.55589],[140.28637,42.55658],[140.28927,42.55775],[140.28967,42.5571],[140.29191,42.55798],[140.29293,42.55827],[140.2951,42.5584],[140.29619,42.55826],[140.29985,42.55744],[140.30466,42.55653],[140.3082,42.55617],[140.31044,42.55649],[140.31251,42.5572],[140.3139,42.55708],[140.31602,42.55671],[140.31841,42.55647],[140.31977,42.55663],[140.32192,42.55795],[140.32551,42.56195],[140.32623,42.5624],[140.32983,42.56366],[140.33197,42.56473],[140.33411,42.56481],[140.33521,42.56437],[140.33667,42.56373],[140.3374,42.56388],[140.33866,42.56449],[140.33942,42.56516],[140.34008,42.56683],[140.34005,42.56893],[140.34037,42.57126],[140.34069,42.57317],[140.34188,42.57609],[140.34171,42.57751],[140.34036,42.57984],[140.34087,42.5822],[140.34099,42.58279],[140.34015,42.58519],[140.34096,42.58825],[140.34087,42.58846],[140.34004,42.58901],[140.34007,42.59049],[140.34074,42.59234],[140.34049,42.59384],[140.34059,42.59459],[140.34052,42.59619],[140.33991,42.59806],[140.33869,42.60094],[140.33779,42.60199],[140.33661,42.60244],[140.33536,42.60274],[140.33446,42.60276],[140.33292,42.60323],[140.33227,42.60319],[140.33232,42.6025],[140.33218,42.60028],[140.3314,42.59827],[140.33115,42.5953],[140.33093,42.59481],[140.3308,42.5945],[140.33059,42.59239],[140.33052,42.58947],[140.33097,42.58852],[140.33188,42.58664],[140.33178,42.58623],[140.33063,42.58458],[140.32959,42.58337],[140.3277,42.58203],[140.32622,42.58042],[140.32609,42.5795],[140.32753,42.57745],[140.32739,42.57721],[140.32646,42.57733],[140.32402,42.57878],[140.32259,42.57921],[140.32168,42.58087],[140.31992,42.58173],[140.31804,42.58215],[140.31459,42.58365],[140.31408,42.58444],[140.3135,42.58507],[140.31238,42.5855],[140.3103,42.5856],[140.30938,42.58527],[140.30717,42.58492],[140.30584,42.58477],[140.30413,42.58447],[140.30311,42.58412],[140.30211,42.58431],[140.3004,42.58402],[140.29844,42.586],[140.2981,42.58755],[140.29731,42.58815],[140.29579,42.58824],[140.29307,42.58759],[140.29131,42.58758],[140.28913,42.5876],[140.28675,42.58851],[140.28568,42.58925],[140.28543,42.59003],[140.28407,42.59048],[140.28396,42.59075],[140.28327,42.59144],[140.28264,42.59166],[140.28187,42.59235],[140.28187,42.59276],[140.2805,42.5931],[140.27926,42.59215],[140.27703,42.58983],[140.27934,42.5883],[140.28074,42.58749],[140.28133,42.58642],[140.28271,42.58511],[140.28448,42.58433],[140.28626,42.58424],[140.28795,42.58308],[140.28881,42.58189],[140.28925,42.58055],[140.28929,42.57979],[140.2872,42.58053],[140.2865,42.58053],[140.28324,42.57937],[140.28122,42.58034],[140.28083,42.58043],[140.27876,42.58008],[140.27568,42.58081],[140.27455,42.58073],[140.27245,42.58159],[140.27137,42.57996],[140.27039,42.57909],[140.26889,42.579],[140.26618,42.57889],[140.26526,42.57826],[140.26441,42.57632],[140.26334,42.57474],[140.26141,42.57252],[140.26135,42.57118],[140.26036,42.56925],[140.25953,42.56838],[140.25736,42.56626],[140.25637,42.56465],[140.25518,42.56437],[140.25452,42.56401],[140.25359,42.56297],[140.25285,42.56238],[140.25134,42.56205],[140.24983,42.56163],[140.24902,42.56126],[140.24879,42.55939],[140.24803,42.55832],[140.24788,42.55576],[140.24923,42.55539],[140.25457,42.55198],[140.2554,42.55187],[140.25765,42.55232],[140.25903,42.5523],[140.26149,42.55291],[140.26413,42.55183],[140.26613,42.55193]]]}},{"type":"Feature","properties":{"m":"字大峰","b":[140.188,42.5616,140.2893,42.6103],"c":[140.23368,42.5879]},"geometry":{"type":"Polygon","coordinates":[[[140.25134,42.56205],[140.25285,42.56238],[140.25359,42.56297],[140.25452,42.56401],[140.25518,42.56437],[140.25637,42.56465],[140.25736,42.56626],[140.25953,42.56838],[140.26036,42.56925],[140.26135,42.57118],[140.26141,42.57252],[140.26334,42.57474],[140.26441,42.57632],[140.26526,42.57826],[140.26618,42.57889],[140.26889,42.579],[140.27039,42.57909],[140.27137,42.57996],[140.27245,42.58159],[140.27455,42.58073],[140.27568,42.58081],[140.27876,42.58008],[140.28083,42.58043],[140.28122,42.58034],[140.28324,42.57937],[140.2865,42.58053],[140.2872,42.58053],[140.28929,42.57979],[140.28925,42.58055],[140.28881,42.58189],[140.28795,42.58308],[140.28626,42.58424],[140.28448,42.58433],[140.28271,42.58511],[140.28133,42.58642],[140.28074,42.58749],[140.27934,42.5883],[140.27703,42.58983],[140.27926,42.59215],[140.28045,42.59306],[140.27968,42.59418],[140.2766,42.59608],[140.27474,42.59696],[140.27116,42.59743],[140.26998,42.59703],[140.26583,42.59705],[140.26306,42.59787],[140.26189,42.59903],[140.26175,42.60009],[140.26227,42.60153],[140.26127,42.60381],[140.25808,42.60427],[140.25628,42.60356],[140.25386,42.60372],[140.25176,42.60319],[140.25001,42.60405],[140.24807,42.60417],[140.24642,42.60337],[140.24446,42.60151],[140.24103,42.59999],[140.23811,42.59767],[140.23591,42.59778],[140.23391,42.59858],[140.23155,42.59898],[140.23018,42.59861],[140.22705,42.60065],[140.22512,42.60075],[140.22219,42.60204],[140.2208,42.6037],[140.21921,42.6042],[140.21869,42.60561],[140.21545,42.60813],[140.21372,42.61022],[140.21016,42.60983],[140.20824,42.61025],[140.20631,42.61029],[140.20499,42.60958],[140.20162,42.60958],[140.19951,42.60896],[140.1976,42.60787],[140.19352,42.60772],[140.19343,42.60575],[140.19226,42.60446],[140.19036,42.60405],[140.1886,42.60321],[140.18799,42.60249],[140.18806,42.59971],[140.18974,42.59837],[140.19114,42.5967],[140.19113,42.59619],[140.1894,42.59437],[140.18827,42.59362],[140.18812,42.59302],[140.1902,42.58929],[140.19011,42.58843],[140.18904,42.58669],[140.18912,42.58624],[140.19131,42.58433],[140.19274,42.5827],[140.19379,42.58216],[140.1964,42.58198],[140.1987,42.58116],[140.20139,42.58084],[140.20243,42.57987],[140.20414,42.57921],[140.20513,42.57796],[140.2082,42.57638],[140.21015,42.57498],[140.21076,42.57365],[140.21207,42.57207],[140.21315,42.57196],[140.21518,42.57253],[140.21752,42.57375],[140.21909,42.5748],[140.22004,42.57486],[140.22037,42.57457],[140.22052,42.57341],[140.22167,42.57334],[140.22358,42.57297],[140.22537,42.57326],[140.22742,42.57327],[140.2282,42.57309],[140.22956,42.57185],[140.2308,42.5704],[140.23215,42.57032],[140.2313,42.56865],[140.23137,42.56817],[140.23252,42.5674],[140.23237,42.56673],[140.23214,42.56592],[140.23357,42.56643],[140.23636,42.56672],[140.23776,42.56726],[140.23937,42.56766],[140.24244,42.56896],[140.2453,42.56886],[140.24709,42.56783],[140.24755,42.56735],[140.24878,42.56629],[140.24896,42.56551],[140.24796,42.56389],[140.24763,42.56274],[140.24899,42.5616],[140.24983,42.56163],[140.25134,42.56205]]]}},{"type":"Feature","properties":{"m":"字知来","b":[140.2613,42.5772,140.3319,42.6129],"c":[140.29986,42.59649]},"geometry":{"type":"Polygon","coordinates":[[[140.28187,42.59276],[140.28187,42.59235],[140.28264,42.59166],[140.28327,42.59144],[140.28396,42.59075],[140.28407,42.59048],[140.28543,42.59003],[140.28568,42.58925],[140.28675,42.58851],[140.28913,42.5876],[140.29131,42.58758],[140.29307,42.58759],[140.29579,42.58824],[140.29731,42.58815],[140.2981,42.58755],[140.29844,42.586],[140.3004,42.58402],[140.30211,42.58431],[140.30311,42.58412],[140.30413,42.58447],[140.30584,42.58477],[140.30717,42.58492],[140.30938,42.58527],[140.3103,42.5856],[140.31238,42.5855],[140.3135,42.58507],[140.31408,42.58444],[140.31459,42.58365],[140.31804,42.58215],[140.31992,42.58173],[140.32168,42.58087],[140.32259,42.57921],[140.32402,42.57878],[140.32646,42.57733],[140.32739,42.57721],[140.32753,42.57745],[140.32609,42.5795],[140.32622,42.58042],[140.3277,42.58203],[140.32959,42.58337],[140.33063,42.58458],[140.33178,42.58623],[140.33188,42.58664],[140.33097,42.58852],[140.33052,42.58947],[140.33059,42.59239],[140.3308,42.5945],[140.33093,42.59481],[140.33018,42.59537],[140.32936,42.59598],[140.3251,42.59664],[140.32264,42.59798],[140.32528,42.59745],[140.32568,42.59836],[140.32477,42.59903],[140.32234,42.59957],[140.31965,42.59972],[140.31592,42.60043],[140.31196,42.6015],[140.3126,42.60196],[140.3116,42.60296],[140.31209,42.60382],[140.30886,42.60461],[140.30792,42.60581],[140.3056,42.60736],[140.30403,42.60869],[140.30035,42.6091],[140.29543,42.60912],[140.29474,42.60972],[140.29645,42.6119],[140.29309,42.61292],[140.29181,42.61289],[140.29058,42.61238],[140.28774,42.6119],[140.28629,42.61199],[140.28508,42.61272],[140.28501,42.61084],[140.28253,42.61076],[140.28206,42.61049],[140.28012,42.60798],[140.28012,42.60747],[140.27787,42.60521],[140.2779,42.60421],[140.27641,42.60421],[140.27321,42.60576],[140.27243,42.60521],[140.27044,42.60646],[140.26979,42.60636],[140.2678,42.60395],[140.26322,42.60439],[140.26127,42.60381],[140.26227,42.60153],[140.26175,42.60009],[140.26189,42.59903],[140.26306,42.59787],[140.26583,42.59705],[140.26998,42.59703],[140.27116,42.59743],[140.27474,42.59696],[140.2766,42.59608],[140.27968,42.59418],[140.28045,42.59306],[140.2805,42.5931],[140.28187,42.59276]]]}},{"type":"Feature","properties":{"m":"字蕨岱","b":[140.2851,42.5864,140.3609,42.6319],"c":[140.32594,42.61069]},"geometry":{"type":"Polygon","coordinates":[[[140.34711,42.58638],[140.34946,42.58657],[140.35213,42.58825],[140.35335,42.58945],[140.35498,42.59266],[140.35547,42.59458],[140.3554,42.59594],[140.35326,42.59935],[140.35275,42.60159],[140.35048,42.60328],[140.34948,42.60485],[140.34955,42.60604],[140.35103,42.60747],[140.35286,42.60807],[140.35666,42.61023],[140.35828,42.61173],[140.36086,42.61327],[140.35775,42.61547],[140.35186,42.61675],[140.35056,42.61747],[140.34927,42.61888],[140.34561,42.62075],[140.34445,42.62155],[140.34088,42.62097],[140.33929,42.6211],[140.33459,42.62093],[140.32921,42.62175],[140.32503,42.62396],[140.32467,42.62458],[140.32069,42.62553],[140.31751,42.62758],[140.31524,42.62658],[140.31441,42.62739],[140.31362,42.63035],[140.31356,42.63135],[140.31314,42.63186],[140.3124,42.63108],[140.31091,42.63094],[140.30996,42.63172],[140.30911,42.63163],[140.31051,42.62987],[140.30963,42.62946],[140.31042,42.62842],[140.31088,42.62668],[140.308,42.62615],[140.30562,42.62534],[140.30513,42.624],[140.30269,42.62386],[140.30108,42.62338],[140.29975,42.6222],[140.29762,42.62234],[140.29505,42.6213],[140.29121,42.6233],[140.29063,42.62137],[140.2877,42.62032],[140.28668,42.61873],[140.28649,42.61658],[140.28507,42.61388],[140.28508,42.61272],[140.28629,42.61199],[140.28774,42.6119],[140.29058,42.61238],[140.29181,42.61289],[140.29309,42.61292],[140.29645,42.6119],[140.29474,42.60972],[140.29543,42.60912],[140.30035,42.6091],[140.30403,42.60869],[140.3056,42.60736],[140.30792,42.60581],[140.30886,42.60461],[140.31209,42.60382],[140.3116,42.60296],[140.3126,42.60196],[140.31196,42.6015],[140.31592,42.60043],[140.31965,42.59972],[140.32234,42.59957],[140.32477,42.59903],[140.32568,42.59836],[140.32528,42.59745],[140.32264,42.59798],[140.3251,42.59664],[140.32936,42.59598],[140.33018,42.59537],[140.33093,42.59481],[140.33115,42.5953],[140.3314,42.59827],[140.33218,42.60028],[140.33232,42.6025],[140.33227,42.60319],[140.33292,42.60323],[140.33446,42.60276],[140.33536,42.60274],[140.33661,42.60244],[140.33779,42.60199],[140.33869,42.60094],[140.33991,42.59806],[140.34052,42.59619],[140.34059,42.59459],[140.34049,42.59384],[140.34074,42.59234],[140.34007,42.59049],[140.34004,42.58901],[140.34087,42.58846],[140.34096,42.58825],[140.3424,42.58785],[140.34388,42.58827],[140.34519,42.58803],[140.34711,42.58638]]]}},{"type":"Feature","properties":{"m":"字旭浜","b":[140.3809,42.514,140.4224,42.5544],"c":[140.4008,42.5349]},"geometry":{"type":"Polygon","coordinates":[[[140.38195,42.51396],[140.38647,42.51876],[140.38841,42.52111],[140.39056,42.52336],[140.39456,42.52707],[140.39544,42.5271],[140.39773,42.52934],[140.39978,42.52852],[140.39741,42.52985],[140.39883,42.53186],[140.40142,42.53366],[140.40494,42.53731],[140.40912,42.54094],[140.41725,42.54821],[140.41834,42.54938],[140.42244,42.55258],[140.41934,42.55438],[140.4127,42.54836],[140.41069,42.54626],[140.40767,42.54361],[140.40592,42.54262],[140.40436,42.54132],[140.40351,42.54006],[140.40344,42.53924],[140.40128,42.53769],[140.39976,42.53609],[140.3991,42.53522],[140.39851,42.53432],[140.39632,42.53314],[140.39549,42.53264],[140.39536,42.53254],[140.39507,42.53241],[140.39496,42.53218],[140.39505,42.53208],[140.39514,42.5319],[140.39512,42.53185],[140.39505,42.53162],[140.39496,42.53158],[140.39486,42.53155],[140.3948,42.53159],[140.39469,42.53157],[140.39463,42.53143],[140.39455,42.53136],[140.39447,42.53134],[140.39446,42.53124],[140.39448,42.53123],[140.39456,42.53122],[140.39461,42.53122],[140.39473,42.53135],[140.39479,42.5313],[140.39482,42.53121],[140.39478,42.53112],[140.39489,42.53101],[140.39439,42.53078],[140.39451,42.53068],[140.39437,42.53053],[140.39421,42.5306],[140.39409,42.53054],[140.39412,42.53046],[140.39434,42.53036],[140.39427,42.53023],[140.39419,42.53028],[140.39412,42.53031],[140.39368,42.53049],[140.39352,42.53041],[140.39364,42.53031],[140.39371,42.53021],[140.39387,42.5302],[140.39394,42.53014],[140.39385,42.53007],[140.3937,42.53002],[140.39358,42.53003],[140.39336,42.53008],[140.39337,42.53009],[140.39331,42.5301],[140.39323,42.5301],[140.39315,42.53005],[140.39317,42.52993],[140.39303,42.52974],[140.39293,42.52971],[140.39289,42.52962],[140.39283,42.52958],[140.3927,42.52954],[140.39274,42.52948],[140.39311,42.52939],[140.39297,42.5292],[140.39252,42.52895],[140.39234,42.52902],[140.39213,42.52902],[140.39206,42.52899],[140.39207,42.52867],[140.3918,42.52832],[140.39175,42.52827],[140.3912,42.52813],[140.39096,42.5279],[140.3909,42.52782],[140.39092,42.52771],[140.39092,42.52768],[140.39074,42.52752],[140.39061,42.52752],[140.39041,42.52748],[140.3903,42.52744],[140.39026,42.52734],[140.39025,42.52722],[140.39002,42.52711],[140.38992,42.52699],[140.3899,42.52683],[140.39005,42.5267],[140.39007,42.52666],[140.39008,42.52645],[140.38995,42.52608],[140.38895,42.52572],[140.38858,42.52557],[140.38795,42.52511],[140.3845,42.52184],[140.3839,42.52127],[140.38339,42.52065],[140.3822,42.51909],[140.38226,42.5178],[140.38094,42.51575],[140.38195,42.51396]]]}},{"type":"Feature","properties":{"m":"字栄原","b":[140.3541,42.5191,140.3991,42.5758],"c":[140.37416,42.54439]},"geometry":{"type":"Polygon","coordinates":[[[140.37755,42.52829],[140.37779,42.52735],[140.37896,42.52686],[140.37859,42.52648],[140.37766,42.52584],[140.3777,42.52394],[140.37691,42.52425],[140.37703,42.52318],[140.3772,42.52277],[140.37761,42.52209],[140.37678,42.52168],[140.3801,42.52009],[140.38058,42.51986],[140.3822,42.51909],[140.38339,42.52065],[140.3839,42.52127],[140.3845,42.52184],[140.38795,42.52511],[140.38858,42.52557],[140.38895,42.52572],[140.38995,42.52608],[140.39008,42.52645],[140.39007,42.52666],[140.39005,42.5267],[140.3899,42.52683],[140.38992,42.52699],[140.39002,42.52711],[140.39025,42.52722],[140.39026,42.52734],[140.3903,42.52744],[140.39041,42.52748],[140.39061,42.52752],[140.39074,42.52752],[140.39092,42.52768],[140.39092,42.52771],[140.3909,42.52782],[140.39096,42.5279],[140.3912,42.52813],[140.39175,42.52827],[140.3918,42.52832],[140.39207,42.52867],[140.39206,42.52899],[140.39213,42.52902],[140.39234,42.52902],[140.39252,42.52895],[140.39297,42.5292],[140.39311,42.52939],[140.39274,42.52948],[140.3927,42.52954],[140.39283,42.52958],[140.39289,42.52962],[140.39293,42.52971],[140.39303,42.52974],[140.39317,42.52993],[140.39315,42.53005],[140.39323,42.5301],[140.39331,42.5301],[140.39337,42.53009],[140.39336,42.53008],[140.39358,42.53003],[140.3937,42.53002],[140.39385,42.53007],[140.39394,42.53014],[140.39387,42.5302],[140.39371,42.53021],[140.39364,42.53031],[140.39352,42.53041],[140.39368,42.53049],[140.39412,42.53031],[140.39419,42.53028],[140.39427,42.53023],[140.39434,42.53036],[140.39412,42.53046],[140.39409,42.53054],[140.39421,42.5306],[140.39437,42.53053],[140.39451,42.53068],[140.39439,42.53078],[140.39489,42.53101],[140.39478,42.53112],[140.39482,42.53121],[140.39479,42.5313],[140.39473,42.53135],[140.39461,42.53122],[140.39456,42.53122],[140.39448,42.53123],[140.39446,42.53124],[140.39447,42.53134],[140.39455,42.53136],[140.39463,42.53143],[140.39469,42.53157],[140.3948,42.53159],[140.39486,42.53155],[140.39496,42.53158],[140.39505,42.53162],[140.39512,42.53185],[140.39514,42.5319],[140.39505,42.53208],[140.39496,42.53218],[140.39507,42.53241],[140.39536,42.53254],[140.39549,42.53264],[140.39632,42.53314],[140.39851,42.53432],[140.3991,42.53522],[140.39905,42.53526],[140.39422,42.53788],[140.39569,42.53974],[140.39578,42.54138],[140.39515,42.54154],[140.39206,42.54061],[140.39085,42.54054],[140.3895,42.54105],[140.38351,42.54087],[140.38103,42.54315],[140.37932,42.54808],[140.37981,42.54955],[140.37875,42.55025],[140.37855,42.55155],[140.37795,42.5522],[140.37757,42.55405],[140.37521,42.55606],[140.37405,42.55827],[140.37423,42.55899],[140.37332,42.55977],[140.37352,42.56054],[140.37213,42.56189],[140.37119,42.564],[140.37135,42.56688],[140.37067,42.56882],[140.3707,42.57319],[140.37045,42.57406],[140.36704,42.57584],[140.36548,42.57553],[140.36324,42.5735],[140.36173,42.57415],[140.36159,42.57222],[140.3604,42.57041],[140.36031,42.56875],[140.36081,42.56648],[140.36233,42.56424],[140.36312,42.56183],[140.36504,42.55879],[140.36616,42.55668],[140.3672,42.55624],[140.36681,42.55536],[140.36559,42.55487],[140.36336,42.55315],[140.36255,42.5519],[140.36064,42.55073],[140.3588,42.5508],[140.35604,42.54981],[140.35479,42.54881],[140.35415,42.54763],[140.35454,42.54591],[140.35641,42.54396],[140.35605,42.54309],[140.3544,42.54246],[140.35414,42.5407],[140.35471,42.54016],[140.35862,42.53991],[140.35964,42.53958],[140.36022,42.5382],[140.36109,42.53769],[140.36434,42.53733],[140.36748,42.53613],[140.36989,42.53411],[140.37046,42.53215],[140.37235,42.53164],[140.37342,42.531],[140.37421,42.52992],[140.37755,42.52829]]]}},{"type":"Feature","properties":{"m":"字共立","b":[140.3471,42.5353,140.4343,42.6133],"c":[140.38803,42.5744]},"geometry":{"type":"Polygon","coordinates":[[[140.36173,42.57415],[140.36324,42.5735],[140.36548,42.57553],[140.36704,42.57584],[140.37045,42.57406],[140.3707,42.57319],[140.37067,42.56882],[140.37135,42.56688],[140.37119,42.564],[140.37213,42.56189],[140.37352,42.56054],[140.37332,42.55977],[140.37423,42.55899],[140.37405,42.55827],[140.37521,42.55606],[140.37757,42.55405],[140.37795,42.5522],[140.37855,42.55155],[140.37875,42.55025],[140.37981,42.54955],[140.37932,42.54808],[140.38103,42.54315],[140.38351,42.54087],[140.3895,42.54105],[140.39085,42.54054],[140.39206,42.54061],[140.39515,42.54154],[140.39578,42.54138],[140.39569,42.53974],[140.39422,42.53788],[140.39905,42.53526],[140.39976,42.53609],[140.40128,42.53769],[140.40344,42.53924],[140.40351,42.54006],[140.40436,42.54132],[140.40592,42.54262],[140.40767,42.54361],[140.41069,42.54626],[140.4127,42.54836],[140.41934,42.55438],[140.41807,42.55511],[140.42269,42.55905],[140.41973,42.56073],[140.40865,42.56703],[140.40688,42.56939],[140.41145,42.57274],[140.42449,42.58199],[140.42305,42.58366],[140.42289,42.58429],[140.42319,42.58608],[140.42415,42.5858],[140.42777,42.58578],[140.43005,42.58622],[140.43205,42.58655],[140.43305,42.58713],[140.43426,42.58759],[140.43321,42.58947],[140.42956,42.59376],[140.42913,42.59442],[140.42758,42.59461],[140.42672,42.5936],[140.42594,42.5934],[140.42502,42.59295],[140.42478,42.5925],[140.425,42.59095],[140.42517,42.58967],[140.4231,42.58899],[140.42312,42.59023],[140.42074,42.59256],[140.41995,42.59316],[140.41925,42.59301],[140.41454,42.59163],[140.41442,42.59128],[140.41114,42.5904],[140.40922,42.58919],[140.40777,42.58763],[140.40741,42.58863],[140.4051,42.59014],[140.39986,42.59105],[140.39883,42.59054],[140.3969,42.59227],[140.39421,42.59294],[140.39287,42.59294],[140.39093,42.59228],[140.38891,42.59105],[140.38659,42.59121],[140.38558,42.59065],[140.38453,42.59167],[140.38315,42.5924],[140.38101,42.59452],[140.37991,42.59674],[140.37945,42.59841],[140.3766,42.59911],[140.37416,42.60105],[140.37101,42.6017],[140.36773,42.60508],[140.36639,42.60747],[140.36507,42.60755],[140.36309,42.60881],[140.36284,42.60976],[140.36179,42.61123],[140.36086,42.61327],[140.35828,42.61173],[140.35666,42.61023],[140.35286,42.60807],[140.35103,42.60747],[140.34955,42.60604],[140.34948,42.60485],[140.35048,42.60328],[140.35275,42.60159],[140.35326,42.59935],[140.3554,42.59594],[140.35547,42.59458],[140.35498,42.59266],[140.35335,42.58945],[140.35213,42.58825],[140.34946,42.58657],[140.34711,42.58638],[140.35033,42.58384],[140.35084,42.58282],[140.35033,42.58086],[140.35079,42.5797],[140.35268,42.5775],[140.35424,42.57635],[140.35688,42.57502],[140.35913,42.57479],[140.36015,42.57416],[140.36173,42.57415]]]}},{"type":"Feature","properties":{"m":"字静狩","b":[140.4069,42.5526,140.5463,42.6103],"c":[140.45389,42.58678]},"geometry":{"type":"Polygon","coordinates":[[[140.42244,42.55258],[140.42891,42.55754],[140.43157,42.55982],[140.44028,42.56651],[140.44179,42.56785],[140.44417,42.5695],[140.44775,42.57231],[140.45029,42.57383],[140.4518,42.57506],[140.46179,42.58216],[140.46705,42.58526],[140.47113,42.58733],[140.47413,42.58861],[140.47546,42.58825],[140.47583,42.58899],[140.477,42.58814],[140.47837,42.58871],[140.48225,42.58714],[140.48359,42.58721],[140.48487,42.5862],[140.48764,42.58491],[140.49137,42.58385],[140.49281,42.5838],[140.4949,42.58416],[140.49612,42.5852],[140.49684,42.58638],[140.49855,42.58638],[140.50079,42.58546],[140.50099,42.5843],[140.50321,42.58436],[140.50656,42.58386],[140.51016,42.58385],[140.50978,42.58473],[140.5111,42.58424],[140.51141,42.58558],[140.51104,42.58652],[140.51263,42.58729],[140.51422,42.58846],[140.51653,42.58937],[140.51791,42.58921],[140.52268,42.58947],[140.52424,42.58889],[140.52587,42.58898],[140.52721,42.58827],[140.52746,42.58729],[140.52854,42.58798],[140.53095,42.58865],[140.53406,42.58885],[140.53493,42.58785],[140.5371,42.58744],[140.53721,42.58974],[140.53787,42.59132],[140.53917,42.59292],[140.54164,42.59407],[140.54331,42.59421],[140.5449,42.59536],[140.54634,42.59881],[140.54445,42.60107],[140.54472,42.60303],[140.54359,42.60279],[140.54232,42.60195],[140.54065,42.60013],[140.53886,42.60018],[140.5368,42.59861],[140.53504,42.59796],[140.53349,42.59613],[140.53293,42.59467],[140.53105,42.59319],[140.53014,42.59297],[140.52766,42.59313],[140.52355,42.5928],[140.52101,42.59162],[140.51663,42.59179],[140.51243,42.59213],[140.51065,42.59171],[140.50984,42.59153],[140.5082,42.59075],[140.50733,42.59075],[140.5052,42.59034],[140.50389,42.59118],[140.50105,42.59168],[140.49642,42.59163],[140.49313,42.59168],[140.48989,42.59044],[140.4881,42.59121],[140.48645,42.59267],[140.48469,42.59409],[140.48301,42.59384],[140.48203,42.59403],[140.48087,42.59484],[140.48013,42.59551],[140.47937,42.59562],[140.47776,42.59714],[140.47686,42.59801],[140.47676,42.60142],[140.47603,42.60235],[140.47091,42.60272],[140.46841,42.60417],[140.46706,42.60451],[140.466,42.6057],[140.46411,42.60728],[140.46095,42.60772],[140.45967,42.60744],[140.45795,42.60561],[140.45766,42.60537],[140.45269,42.60507],[140.44723,42.6075],[140.44637,42.60836],[140.44497,42.60843],[140.44159,42.60814],[140.44113,42.60823],[140.4378,42.60934],[140.43578,42.60901],[140.43339,42.60925],[140.4305,42.61035],[140.43013,42.60985],[140.43142,42.60642],[140.42903,42.60594],[140.42618,42.60652],[140.42543,42.60672],[140.42541,42.60543],[140.4246,42.60324],[140.42503,42.60136],[140.42551,42.59999],[140.42581,42.59919],[140.42546,42.5989],[140.42373,42.59848],[140.41909,42.59683],[140.41794,42.59632],[140.41665,42.59524],[140.41554,42.59371],[140.41454,42.59163],[140.41925,42.59301],[140.41995,42.59316],[140.42074,42.59256],[140.42312,42.59023],[140.4231,42.58899],[140.42517,42.58967],[140.425,42.59095],[140.42478,42.5925],[140.42502,42.59295],[140.42594,42.5934],[140.42672,42.5936],[140.42758,42.59461],[140.42913,42.59442],[140.42956,42.59376],[140.43321,42.58947],[140.43426,42.58759],[140.43305,42.58713],[140.43205,42.58655],[140.43005,42.58622],[140.42777,42.58578],[140.42415,42.5858],[140.42319,42.58608],[140.42289,42.58429],[140.42305,42.58366],[140.42449,42.58199],[140.41145,42.57274],[140.40688,42.56939],[140.40865,42.56703],[140.41973,42.56073],[140.42269,42.55905],[140.41807,42.55511],[140.41934,42.55438],[140.42244,42.55258]]]}},{"type":"Feature","properties":{"m":"字新栄町","b":[140.1326,41.8717,140.138,41.8741],"c":[140.13476,41.87303]},"geometry":{"type":"Polygon","coordinates":[[[140.13796,41.87274],[140.13776,41.87326],[140.13598,41.87383],[140.13261,41.87411],[140.13284,41.87165],[140.13585,41.87246],[140.13796,41.87274]]]}},{"type":"Feature","properties":{"m":"字愛宕町","b":[140.1305,41.8712,140.1328,41.8757],"c":[140.13192,41.87326]},"geometry":{"type":"Polygon","coordinates":[[[140.13261,41.87411],[140.13234,41.87569],[140.13154,41.87569],[140.13119,41.87478],[140.13142,41.87359],[140.13113,41.87194],[140.1305,41.87141],[140.13171,41.87118],[140.13284,41.87165],[140.13261,41.87411]]]}},{"type":"Feature","properties":{"m":"字豊川町","b":[140.1317,41.8687,140.144,41.8727],"c":[140.13836,41.87089]},"geometry":{"type":"Polygon","coordinates":[[[140.13284,41.87165],[140.13171,41.87118],[140.13187,41.87071],[140.134,41.87012],[140.13523,41.86989],[140.14077,41.86942],[140.14338,41.86869],[140.14403,41.87007],[140.14331,41.87029],[140.1426,41.87183],[140.14195,41.87217],[140.13944,41.87232],[140.13796,41.87274],[140.13585,41.87246],[140.13284,41.87165]]]}},{"type":"Feature","properties":{"m":"字東山","b":[140.1315,41.8553,140.2116,41.8789],"c":[140.16847,41.87014]},"geometry":{"type":"Polygon","coordinates":[[[140.13796,41.87274],[140.13944,41.87232],[140.14195,41.87217],[140.1426,41.87183],[140.14331,41.87029],[140.14403,41.87007],[140.14857,41.86966],[140.15099,41.87004],[140.15167,41.86924],[140.15276,41.86909],[140.15994,41.86921],[140.16305,41.86867],[140.1661,41.8676],[140.16722,41.86791],[140.16903,41.86673],[140.17005,41.8656],[140.17468,41.86813],[140.17643,41.86835],[140.1795,41.86723],[140.18248,41.86731],[140.18428,41.86698],[140.18648,41.86544],[140.18718,41.86458],[140.18941,41.86418],[140.19015,41.86322],[140.19285,41.86242],[140.19717,41.86299],[140.1986,41.86225],[140.19856,41.86129],[140.20087,41.85987],[140.20208,41.86001],[140.20349,41.85949],[140.2045,41.8598],[140.20573,41.85874],[140.20824,41.85899],[140.2088,41.85654],[140.20789,41.85578],[140.20878,41.85533],[140.21109,41.85707],[140.21159,41.86037],[140.21069,41.86083],[140.21005,41.86197],[140.20977,41.86443],[140.1729,41.86935],[140.16094,41.87888],[140.15256,41.8786],[140.14069,41.87715],[140.13596,41.87683],[140.13578,41.87627],[140.13153,41.87609],[140.13154,41.87569],[140.13234,41.87569],[140.13261,41.87411],[140.13598,41.87383],[140.13776,41.87326],[140.13796,41.87274]]]}},{"type":"Feature","properties":{"m":"字桧岱","b":[140.134,41.842,140.2095,41.8701],"c":[140.17884,41.85747]},"geometry":{"type":"Polygon","coordinates":[[[140.134,41.87012],[140.13408,41.86832],[140.13464,41.86829],[140.13804,41.86852],[140.1388,41.86754],[140.13903,41.86576],[140.14188,41.86539],[140.14238,41.865],[140.14203,41.86182],[140.14315,41.86165],[140.14577,41.86031],[140.14719,41.85989],[140.15089,41.85981],[140.15499,41.86026],[140.15774,41.85895],[140.15931,41.85934],[140.16079,41.86035],[140.1655,41.85898],[140.16785,41.85866],[140.17012,41.85796],[140.17117,41.85703],[140.1728,41.85446],[140.1745,41.85059],[140.1761,41.84553],[140.17681,41.84424],[140.17921,41.84245],[140.18098,41.84204],[140.1838,41.84201],[140.18626,41.84236],[140.19179,41.84427],[140.19765,41.84535],[140.20275,41.84585],[140.20718,41.84605],[140.20733,41.84723],[140.20946,41.84967],[140.20889,41.85171],[140.20798,41.85301],[140.20878,41.85533],[140.20789,41.85578],[140.2088,41.85654],[140.20824,41.85899],[140.20573,41.85874],[140.2045,41.8598],[140.20349,41.85949],[140.20208,41.86001],[140.20087,41.85987],[140.19856,41.86129],[140.1986,41.86225],[140.19717,41.86299],[140.19285,41.86242],[140.19015,41.86322],[140.18941,41.86418],[140.18718,41.86458],[140.18648,41.86544],[140.18428,41.86698],[140.18248,41.86731],[140.1795,41.86723],[140.17643,41.86835],[140.17468,41.86813],[140.17005,41.8656],[140.16903,41.86673],[140.16722,41.86791],[140.1661,41.8676],[140.16305,41.86867],[140.15994,41.86921],[140.15276,41.86909],[140.15167,41.86924],[140.15099,41.87004],[140.14857,41.86966],[140.14403,41.87007],[140.14338,41.86869],[140.14077,41.86942],[140.13523,41.86989],[140.134,41.87012]]]}},{"type":"Feature","properties":{"m":"字中歌町","b":[140.1254,41.8669,140.135,41.8727],"c":[140.13003,41.86935]},"geometry":{"type":"Polygon","coordinates":[[[140.1305,41.87141],[140.12953,41.87071],[140.12821,41.87161],[140.1278,41.87265],[140.1271,41.8725],[140.12763,41.87116],[140.12538,41.87066],[140.12621,41.86918],[140.12574,41.86893],[140.12739,41.86697],[140.12759,41.86768],[140.12981,41.86854],[140.13109,41.86769],[140.13136,41.86703],[140.13319,41.86691],[140.13495,41.86791],[140.13464,41.86829],[140.13408,41.86832],[140.134,41.87012],[140.13187,41.87071],[140.13171,41.87118],[140.1305,41.87141]]]}},{"type":"Feature","properties":{"m":"字姥神町","b":[140.1165,41.865,140.1274,41.8689],"c":[140.12212,41.86676]},"geometry":{"type":"Polygon","coordinates":[[[140.12574,41.86893],[140.1232,41.86806],[140.12202,41.86866],[140.12274,41.86762],[140.12099,41.86703],[140.1204,41.86807],[140.1206,41.86668],[140.11662,41.8674],[140.11648,41.86707],[140.11726,41.86636],[140.11695,41.86555],[140.119,41.86495],[140.11998,41.86529],[140.122,41.86584],[140.12202,41.86514],[140.12416,41.8661],[140.12535,41.86625],[140.12739,41.86697],[140.12574,41.86893]]]}},{"type":"Feature","properties":{"m":"字鴎島","b":[140.1105,41.8631,140.1173,41.871],"c":[140.11362,41.86738]},"geometry":{"type":"Polygon","coordinates":[[[140.11648,41.86707],[140.11539,41.86758],[140.11588,41.86944],[140.1158,41.8705],[140.11516,41.87098],[140.11362,41.87053],[140.11239,41.86951],[140.11288,41.86883],[140.11174,41.86799],[140.11341,41.86763],[140.1135,41.86682],[140.11204,41.86627],[140.11111,41.86514],[140.11174,41.86487],[140.11068,41.86432],[140.11046,41.86306],[140.11197,41.86333],[140.11279,41.86409],[140.11375,41.86647],[140.1157,41.86676],[140.11726,41.86636],[140.11648,41.86707]]]}},{"type":"Feature","properties":{"m":"字津花町","b":[140.12,41.8608,140.1238,41.8658],"c":[140.12199,41.86385]},"geometry":{"type":"Polygon","coordinates":[[[140.11998,41.86529],[140.12079,41.86399],[140.12139,41.86418],[140.1225,41.86231],[140.12374,41.86082],[140.12381,41.86187],[140.12335,41.86227],[140.1223,41.86467],[140.12202,41.86514],[140.122,41.86584],[140.11998,41.86529]]]}},{"type":"Feature","properties":{"m":"字上野町","b":[140.122,41.8647,140.1253,41.8663],"c":[140.12397,41.86533]},"geometry":{"type":"Polygon","coordinates":[[[140.12202,41.86514],[140.1223,41.86467],[140.12525,41.86476],[140.12535,41.86625],[140.12416,41.8661],[140.12202,41.86514]]]}},{"type":"Feature","properties":{"m":"字橋本町","b":[140.1223,41.8619,140.1257,41.8648],"c":[140.12394,41.86379]},"geometry":{"type":"Polygon","coordinates":[[[140.12381,41.86187],[140.12376,41.86272],[140.12568,41.86371],[140.12525,41.86476],[140.1223,41.86467],[140.12335,41.86227],[140.12381,41.86187]]]}},{"type":"Feature","properties":{"m":"字本町","b":[140.1252,41.8634,140.1312,41.8685],"c":[140.1283,41.86598]},"geometry":{"type":"Polygon","coordinates":[[[140.12739,41.86697],[140.12535,41.86625],[140.12525,41.86476],[140.12568,41.86371],[140.12611,41.86341],[140.12678,41.86422],[140.12667,41.86498],[140.12816,41.86516],[140.12792,41.86459],[140.12902,41.86414],[140.13119,41.86494],[140.13045,41.86579],[140.13114,41.8664],[140.12981,41.86854],[140.12759,41.86768],[140.12739,41.86697]]]}},{"type":"Feature","properties":{"m":"字新地町","b":[140.1261,41.8626,140.1312,41.8652],"c":[140.1281,41.86367]},"geometry":{"type":"Polygon","coordinates":[[[140.12611,41.86341],[140.12761,41.86259],[140.12897,41.86295],[140.1295,41.86257],[140.1312,41.86348],[140.12994,41.86334],[140.12902,41.86414],[140.12792,41.86459],[140.12816,41.86516],[140.12667,41.86498],[140.12678,41.86422],[140.12611,41.86341]]]}},{"type":"Feature","properties":{"m":"字緑丘","b":[140.129,41.8618,140.1424,41.8685],"c":[140.13593,41.8647]},"geometry":{"type":"Polygon","coordinates":[[[140.13464,41.86829],[140.13495,41.86791],[140.13319,41.86691],[140.13136,41.86703],[140.13109,41.86769],[140.12981,41.86854],[140.13114,41.8664],[140.13045,41.86579],[140.13119,41.86494],[140.12902,41.86414],[140.12994,41.86334],[140.1312,41.86348],[140.1295,41.86257],[140.12961,41.86251],[140.1302,41.86209],[140.13112,41.86249],[140.13339,41.86195],[140.13929,41.86209],[140.14203,41.86182],[140.14238,41.865],[140.14188,41.86539],[140.13903,41.86576],[140.1388,41.86754],[140.13804,41.86852],[140.13464,41.86829]]]}},{"type":"Feature","properties":{"m":"字茂尻町","b":[140.1237,41.8596,140.1296,41.8637],"c":[140.12596,41.86181]},"geometry":{"type":"Polygon","coordinates":[[[140.12374,41.86082],[140.12495,41.85958],[140.12611,41.86051],[140.12775,41.86112],[140.12856,41.86135],[140.12817,41.86199],[140.12961,41.86251],[140.1295,41.86257],[140.12897,41.86295],[140.12761,41.86259],[140.12611,41.86341],[140.12568,41.86371],[140.12376,41.86272],[140.12381,41.86187],[140.12374,41.86082]]]}},{"type":"Feature","properties":{"m":"字円山","b":[140.1277,41.8529,140.1458,41.8625],"c":[140.13607,41.85875]},"geometry":{"type":"Polygon","coordinates":[[[140.14203,41.86182],[140.13929,41.86209],[140.13339,41.86195],[140.13112,41.86249],[140.1302,41.86209],[140.12961,41.86251],[140.12817,41.86199],[140.12856,41.86135],[140.12775,41.86112],[140.13022,41.86079],[140.12927,41.85961],[140.13025,41.85906],[140.13068,41.85796],[140.13017,41.85689],[140.13181,41.85589],[140.13159,41.85444],[140.13262,41.85382],[140.13303,41.85292],[140.13465,41.85438],[140.1354,41.85349],[140.13833,41.85479],[140.13896,41.8571],[140.14024,41.85857],[140.14337,41.85839],[140.14545,41.85949],[140.14577,41.86031],[140.14315,41.86165],[140.14203,41.86182]]]}},{"type":"Feature","properties":{"m":"字陣屋町","b":[140.125,41.8543,140.1307,41.8611],"c":[140.12784,41.85821]},"geometry":{"type":"Polygon","coordinates":[[[140.12495,41.85958],[140.12496,41.85956],[140.12572,41.8595],[140.12569,41.85871],[140.12571,41.85856],[140.1256,41.85839],[140.12559,41.85795],[140.12556,41.85741],[140.12565,41.85709],[140.12573,41.85682],[140.12604,41.85646],[140.12637,41.85619],[140.12658,41.85601],[140.12678,41.8558],[140.12694,41.85554],[140.12708,41.85502],[140.12724,41.85452],[140.12726,41.8544],[140.12845,41.8543],[140.12846,41.85676],[140.13017,41.85689],[140.13068,41.85796],[140.13025,41.85906],[140.12927,41.85961],[140.13022,41.86079],[140.12775,41.86112],[140.12611,41.86051],[140.12495,41.85958]]]}},{"type":"Feature","properties":{"m":"字海岸町","b":[140.125,41.8543,140.1272,41.8596],"c":[140.12587,41.85693]},"geometry":{"type":"Polygon","coordinates":[[[140.12708,41.85502],[140.12694,41.85554],[140.12678,41.8558],[140.12658,41.85601],[140.12637,41.85619],[140.12604,41.85646],[140.12573,41.85682],[140.12565,41.85709],[140.12556,41.85741],[140.12559,41.85795],[140.1256,41.85839],[140.12571,41.85856],[140.12569,41.85871],[140.12572,41.8595],[140.12496,41.85956],[140.12504,41.85726],[140.12627,41.85547],[140.12644,41.85434],[140.12724,41.85452],[140.12708,41.85502]]]}},{"type":"Feature","properties":{"m":"字南浜町","b":[140.1252,41.8484,140.1292,41.8544],"c":[140.12737,41.85137]},"geometry":{"type":"Polygon","coordinates":[[[140.12726,41.8544],[140.12644,41.85434],[140.12598,41.85103],[140.12517,41.84929],[140.12771,41.84845],[140.12849,41.84911],[140.12917,41.85118],[140.12845,41.8543],[140.12726,41.8544]]]}},{"type":"Feature","properties":{"m":"字柏町","b":[140.1227,41.8415,140.1761,41.8603],"c":[140.15396,41.84999]},"geometry":{"type":"Polygon","coordinates":[[[140.15774,41.85895],[140.15411,41.85756],[140.14271,41.85283],[140.1374,41.84945],[140.13594,41.84886],[140.13176,41.84803],[140.13005,41.84903],[140.12849,41.84911],[140.12771,41.84845],[140.12517,41.84929],[140.12359,41.84813],[140.12272,41.84815],[140.12408,41.84704],[140.12536,41.84495],[140.12568,41.84182],[140.1255,41.84145],[140.12756,41.84185],[140.12782,41.8415],[140.12732,41.84509],[140.12752,41.84587],[140.1305,41.8449],[140.13081,41.8452],[140.13216,41.84378],[140.1332,41.84337],[140.13523,41.84345],[140.13684,41.84409],[140.13842,41.84315],[140.14101,41.84262],[140.14346,41.84397],[140.14651,41.84387],[140.14803,41.84441],[140.14888,41.84394],[140.15092,41.84373],[140.15312,41.84415],[140.15544,41.84368],[140.15842,41.84365],[140.16105,41.84391],[140.16924,41.84527],[140.17414,41.84575],[140.1761,41.84553],[140.1745,41.85059],[140.1728,41.85446],[140.17117,41.85703],[140.17012,41.85796],[140.16785,41.85866],[140.1655,41.85898],[140.16079,41.86035],[140.15931,41.85934],[140.15774,41.85895]]]}},{"type":"Feature","properties":{"m":"字南が丘","b":[140.1284,41.849,140.133,41.8569],"c":[140.13042,41.85312]},"geometry":{"type":"Polygon","coordinates":[[[140.13017,41.85689],[140.12846,41.85676],[140.12845,41.8543],[140.12917,41.85118],[140.12849,41.84911],[140.13005,41.84903],[140.13063,41.85012],[140.13245,41.85097],[140.13304,41.85175],[140.13303,41.85292],[140.13262,41.85382],[140.13159,41.85444],[140.13181,41.85589],[140.13017,41.85689]]]}},{"type":"Feature","properties":{"m":"字萩ノ岱","b":[140.1301,41.848,140.1577,41.8603],"c":[140.14273,41.85499]},"geometry":{"type":"Polygon","coordinates":[[[140.14577,41.86031],[140.14545,41.85949],[140.14337,41.85839],[140.14024,41.85857],[140.13896,41.8571],[140.13833,41.85479],[140.1354,41.85349],[140.13465,41.85438],[140.13303,41.85292],[140.13304,41.85175],[140.13245,41.85097],[140.13063,41.85012],[140.13005,41.84903],[140.13176,41.84803],[140.13594,41.84886],[140.1374,41.84945],[140.14271,41.85283],[140.15411,41.85756],[140.15774,41.85895],[140.15499,41.86026],[140.15089,41.85981],[140.14719,41.85989],[140.14577,41.86031]]]}},{"type":"Feature","properties":{"m":"字砂川","b":[140.1253,41.8377,140.141,41.8459],"c":[140.13232,41.84117]},"geometry":{"type":"Polygon","coordinates":[[[140.1255,41.84145],[140.12533,41.83867],[140.13048,41.83775],[140.13256,41.83766],[140.13483,41.83795],[140.13847,41.83965],[140.14101,41.84262],[140.13842,41.84315],[140.13684,41.84409],[140.13523,41.84345],[140.1332,41.84337],[140.13216,41.84378],[140.13081,41.8452],[140.1305,41.8449],[140.12752,41.84587],[140.12732,41.84509],[140.12782,41.8415],[140.12756,41.84185],[140.1255,41.84145]]]}},{"type":"Feature","properties":{"m":"字椴川町","b":[140.1229,41.8097,140.2235,41.846],"c":[140.1758,41.82815]},"geometry":{"type":"Polygon","coordinates":[[[140.1761,41.84553],[140.17414,41.84575],[140.16924,41.84527],[140.16105,41.84391],[140.15842,41.84365],[140.15544,41.84368],[140.15312,41.84415],[140.15092,41.84373],[140.14888,41.84394],[140.14803,41.84441],[140.14651,41.84387],[140.14346,41.84397],[140.14101,41.84262],[140.13847,41.83965],[140.13483,41.83795],[140.13256,41.83766],[140.13048,41.83775],[140.12533,41.83867],[140.12527,41.8372],[140.12447,41.833],[140.12394,41.82915],[140.12289,41.82529],[140.12361,41.82509],[140.12423,41.82488],[140.12519,41.8243],[140.12551,41.82346],[140.12626,41.82272],[140.12707,41.82222],[140.12776,41.82116],[140.12907,41.82019],[140.13095,41.81971],[140.1311,41.81957],[140.13054,41.81855],[140.13107,41.8174],[140.13277,41.81661],[140.13365,41.8158],[140.13452,41.81518],[140.13902,41.81456],[140.14145,41.8145],[140.14313,41.81475],[140.14569,41.8141],[140.14798,41.81483],[140.14833,41.81494],[140.14871,41.81572],[140.1499,41.81591],[140.1527,41.81613],[140.15436,41.81544],[140.15549,41.81487],[140.15561,41.81449],[140.15569,41.81407],[140.15821,41.81297],[140.16055,41.81253],[140.16106,41.81251],[140.16292,41.81218],[140.16463,41.81243],[140.16734,41.81188],[140.16833,41.81123],[140.17025,41.81134],[140.17186,41.81053],[140.17373,41.81146],[140.17501,41.81243],[140.17762,41.81236],[140.17859,41.81277],[140.18188,41.81204],[140.18275,41.81229],[140.18673,41.81177],[140.18813,41.81208],[140.19182,41.81132],[140.19307,41.81133],[140.19652,41.80986],[140.20048,41.80971],[140.20406,41.81024],[140.20588,41.81138],[140.20719,41.81091],[140.20864,41.81098],[140.21105,41.81181],[140.21269,41.81199],[140.21505,41.81299],[140.21555,41.81381],[140.21681,41.81439],[140.21942,41.81636],[140.21994,41.81787],[140.2211,41.81942],[140.22335,41.82009],[140.22328,41.8225],[140.22269,41.824],[140.22301,41.82506],[140.22159,41.82672],[140.22216,41.83091],[140.22253,41.83199],[140.22344,41.833],[140.22355,41.83434],[140.22134,41.83521],[140.21966,41.83657],[140.21764,41.84027],[140.21602,41.84022],[140.21484,41.84189],[140.21202,41.8434],[140.2113,41.8449],[140.2094,41.84563],[140.20718,41.84605],[140.20275,41.84585],[140.19765,41.84535],[140.19179,41.84427],[140.18626,41.84236],[140.1838,41.84201],[140.18098,41.84204],[140.17921,41.84245],[140.17681,41.84424],[140.1761,41.84553]]]}},{"type":"Feature","properties":{"m":"字大澗町","b":[140.1315,41.8761,140.161,41.886],"c":[140.14493,41.88133]},"geometry":{"type":"Polygon","coordinates":[[[140.16094,41.87888],[140.16096,41.87908],[140.15615,41.88477],[140.15548,41.88539],[140.15029,41.88571],[140.14279,41.88522],[140.13992,41.88488],[140.13372,41.88602],[140.13365,41.88439],[140.13408,41.88324],[140.13322,41.88221],[140.13268,41.87948],[140.13153,41.87609],[140.13578,41.87627],[140.13596,41.87683],[140.14069,41.87715],[140.15256,41.8786],[140.16094,41.87888]]]}},{"type":"Feature","properties":{"m":"字泊町","b":[140.1337,41.8644,140.2231,41.8946],"c":[140.17664,41.87837]},"geometry":{"type":"Polygon","coordinates":[[[140.20977,41.86443],[140.20891,41.8656],[140.20898,41.86639],[140.21069,41.86889],[140.21281,41.87004],[140.21455,41.8706],[140.21633,41.87013],[140.21984,41.87038],[140.222,41.87093],[140.22246,41.87203],[140.22265,41.87395],[140.22305,41.87432],[140.2215,41.87395],[140.21725,41.87362],[140.21322,41.87412],[140.21091,41.87245],[140.20961,41.8721],[140.20745,41.87237],[140.19896,41.87588],[140.19819,41.87633],[140.19145,41.87893],[140.18896,41.88026],[140.18719,41.88096],[140.18013,41.88426],[140.17542,41.8857],[140.17276,41.88629],[140.16687,41.88791],[140.1554,41.89089],[140.15071,41.89205],[140.14683,41.89326],[140.14429,41.89431],[140.13942,41.8936],[140.13878,41.89456],[140.13872,41.89328],[140.13708,41.89162],[140.13512,41.89115],[140.13574,41.89094],[140.13403,41.88773],[140.13372,41.88602],[140.13992,41.88488],[140.14279,41.88522],[140.15029,41.88571],[140.15548,41.88539],[140.15615,41.88477],[140.16096,41.87908],[140.16094,41.87888],[140.1729,41.86935],[140.20977,41.86443]]]}},{"type":"Feature","properties":{"m":"字尾山町","b":[140.1356,41.8721,140.2132,41.9004],"c":[140.17146,41.8881]},"geometry":{"type":"Polygon","coordinates":[[[140.21322,41.87412],[140.20883,41.87548],[140.20634,41.87647],[140.20431,41.877],[140.20005,41.87848],[140.19636,41.88026],[140.19513,41.88113],[140.19165,41.88312],[140.18878,41.88377],[140.1881,41.88486],[140.18629,41.88514],[140.18338,41.88482],[140.18293,41.88682],[140.18161,41.88715],[140.18042,41.88873],[140.1785,41.88898],[140.17529,41.89075],[140.1749,41.89144],[140.17346,41.89143],[140.17284,41.89234],[140.17086,41.89379],[140.16958,41.89338],[140.168,41.89409],[140.16723,41.89483],[140.16613,41.89439],[140.16305,41.89498],[140.16064,41.89401],[140.15908,41.894],[140.1572,41.89456],[140.15504,41.89471],[140.15338,41.8968],[140.15158,41.89783],[140.15002,41.8983],[140.14862,41.89728],[140.14779,41.89772],[140.14745,41.89775],[140.14693,41.89813],[140.14634,41.89875],[140.14551,41.89945],[140.14511,41.89982],[140.14481,41.90004],[140.14436,41.89984],[140.14404,41.89978],[140.14251,41.89891],[140.14246,41.89888],[140.14235,41.8988],[140.14212,41.89845],[140.14162,41.89814],[140.141,41.89825],[140.14008,41.89831],[140.13958,41.89872],[140.13951,41.89885],[140.13951,41.8993],[140.13801,41.89985],[140.13601,41.9004],[140.13557,41.90001],[140.13747,41.89935],[140.13841,41.89823],[140.13878,41.89456],[140.13942,41.8936],[140.14429,41.89431],[140.14683,41.89326],[140.15071,41.89205],[140.1554,41.89089],[140.16687,41.88791],[140.17276,41.88629],[140.17542,41.8857],[140.18013,41.88426],[140.18719,41.88096],[140.18896,41.88026],[140.19145,41.87893],[140.19819,41.87633],[140.19896,41.87588],[140.20745,41.87237],[140.20961,41.8721],[140.21091,41.87245],[140.21322,41.87412]]]}},{"type":"Feature","properties":{"m":"字田沢町","b":[140.1357,41.8736,140.2312,41.9092],"c":[140.18702,41.8918]},"geometry":{"type":"Polygon","coordinates":[[[140.22305,41.87432],[140.22589,41.87658],[140.22629,41.87861],[140.22811,41.8801],[140.22922,41.88063],[140.23005,41.88255],[140.23123,41.88363],[140.2293,41.88532],[140.23055,41.88687],[140.23059,41.88826],[140.22948,41.88899],[140.22744,41.88925],[140.22578,41.88987],[140.22493,41.8897],[140.22327,41.89025],[140.22149,41.89009],[140.21673,41.89092],[140.21485,41.89098],[140.21369,41.89166],[140.21271,41.89137],[140.20784,41.89165],[140.20629,41.89205],[140.20342,41.89239],[140.2029,41.89208],[140.19987,41.8943],[140.19658,41.89522],[140.19603,41.89617],[140.19453,41.89657],[140.19205,41.89667],[140.19038,41.89766],[140.18822,41.89758],[140.18494,41.89854],[140.18129,41.89846],[140.18008,41.89869],[140.17764,41.89993],[140.17598,41.90127],[140.17468,41.90134],[140.17308,41.9027],[140.17102,41.90492],[140.16865,41.90497],[140.16774,41.90589],[140.1678,41.90652],[140.16576,41.90703],[140.16433,41.90838],[140.16334,41.90875],[140.16254,41.9083],[140.1593,41.90891],[140.15769,41.90824],[140.15441,41.90758],[140.15154,41.90745],[140.15126,41.90832],[140.15105,41.90784],[140.15007,41.9073],[140.14992,41.90723],[140.14931,41.90712],[140.14903,41.90704],[140.14883,41.90689],[140.14786,41.90687],[140.14564,41.90729],[140.14062,41.90917],[140.13882,41.90865],[140.13776,41.90879],[140.13713,41.90883],[140.13667,41.90694],[140.13573,41.90563],[140.1366,41.90457],[140.13668,41.90279],[140.13718,41.90228],[140.13601,41.9004],[140.13801,41.89985],[140.13951,41.8993],[140.13951,41.89885],[140.13958,41.89872],[140.14008,41.89831],[140.141,41.89825],[140.14162,41.89814],[140.14212,41.89845],[140.14235,41.8988],[140.14246,41.89888],[140.14251,41.89891],[140.14404,41.89978],[140.14436,41.89984],[140.14481,41.90004],[140.14511,41.89982],[140.14551,41.89945],[140.14634,41.89875],[140.14693,41.89813],[140.14745,41.89775],[140.14779,41.89772],[140.14862,41.89728],[140.15002,41.8983],[140.15158,41.89783],[140.15338,41.8968],[140.15504,41.89471],[140.1572,41.89456],[140.15908,41.894],[140.16064,41.89401],[140.16305,41.89498],[140.16613,41.89439],[140.16723,41.89483],[140.168,41.89409],[140.16958,41.89338],[140.17086,41.89379],[140.17284,41.89234],[140.17346,41.89143],[140.1749,41.89144],[140.17529,41.89075],[140.1785,41.88898],[140.18042,41.88873],[140.18161,41.88715],[140.18293,41.88682],[140.18338,41.88482],[140.18629,41.88514],[140.1881,41.88486],[140.18878,41.88377],[140.19165,41.88312],[140.19513,41.88113],[140.19636,41.88026],[140.20005,41.87848],[140.20431,41.877],[140.20634,41.87647],[140.20883,41.87548],[140.21322,41.87412],[140.21725,41.87362],[140.2215,41.87395],[140.22305,41.87432]]]}},{"type":"Feature","properties":{"m":"字伏木戸町","b":[140.1378,41.9073,140.149,41.919],"c":[140.144,41.91308]},"geometry":{"type":"Polygon","coordinates":[[[140.14564,41.90729],[140.14651,41.90825],[140.14844,41.91168],[140.14904,41.91396],[140.14659,41.9165],[140.14699,41.91677],[140.14601,41.91813],[140.14609,41.91881],[140.14166,41.91902],[140.14078,41.91763],[140.14107,41.91697],[140.14078,41.9136],[140.1393,41.91052],[140.13776,41.90879],[140.13882,41.90865],[140.14062,41.90917],[140.14564,41.90729]]]}},{"type":"Feature","properties":{"m":"字柳崎町","b":[140.1415,41.9069,140.1555,41.9282],"c":[140.14828,41.91841]},"geometry":{"type":"Polygon","coordinates":[[[140.14786,41.90687],[140.14883,41.90689],[140.14903,41.90704],[140.14931,41.90712],[140.14992,41.90723],[140.15007,41.9073],[140.15105,41.90784],[140.15124,41.90912],[140.15141,41.90957],[140.15185,41.91065],[140.15194,41.91262],[140.15245,41.91385],[140.15523,41.9159],[140.15546,41.91759],[140.1551,41.91807],[140.15389,41.91894],[140.15346,41.91922],[140.15202,41.92099],[140.15149,41.92154],[140.15148,41.92376],[140.15118,41.92373],[140.14915,41.9239],[140.14879,41.92404],[140.1475,41.925],[140.14653,41.9261],[140.1458,41.92732],[140.14494,41.92797],[140.14317,41.92817],[140.14182,41.92731],[140.14155,41.9268],[140.14163,41.9264],[140.14236,41.92442],[140.14254,41.92296],[140.14232,41.92176],[140.14166,41.91902],[140.14609,41.91881],[140.14601,41.91813],[140.14699,41.91677],[140.14659,41.9165],[140.14904,41.91396],[140.14844,41.91168],[140.14651,41.90825],[140.14564,41.90729],[140.14786,41.90687]]]}},{"type":"Feature","properties":{"m":"字五厘沢町","b":[140.1327,41.9413,140.1447,41.9553],"c":[140.13797,41.94717]},"geometry":{"type":"Polygon","coordinates":[[[140.13599,41.95526],[140.13535,41.95325],[140.13398,41.95263],[140.1327,41.95251],[140.13313,41.95159],[140.13467,41.94646],[140.13595,41.94283],[140.13623,41.94128],[140.14009,41.94209],[140.14228,41.94238],[140.14423,41.94261],[140.14469,41.94262],[140.13599,41.95526]]]}},{"type":"Feature","properties":{"m":"字水堀町","b":[140.136,41.9176,140.1833,41.9626],"c":[140.15473,41.94551]},"geometry":{"type":"Polygon","coordinates":[[[140.14166,41.91902],[140.14232,41.92176],[140.14254,41.92296],[140.14236,41.92442],[140.14163,41.9264],[140.14155,41.9268],[140.14182,41.92731],[140.14317,41.92817],[140.14494,41.92797],[140.1458,41.92732],[140.14653,41.9261],[140.1475,41.925],[140.14879,41.92404],[140.14915,41.9239],[140.15118,41.92373],[140.15148,41.92376],[140.15648,41.92437],[140.16121,41.92608],[140.16269,41.92635],[140.1602,41.93302],[140.1599,41.93328],[140.16043,41.93346],[140.16133,41.93517],[140.16343,41.93764],[140.16428,41.93824],[140.16694,41.93998],[140.1669,41.94038],[140.16351,41.94133],[140.16123,41.94095],[140.16031,41.94301],[140.16265,41.94358],[140.16571,41.94471],[140.16738,41.94557],[140.16819,41.94562],[140.16981,41.94747],[140.1717,41.94845],[140.17392,41.95139],[140.1746,41.95337],[140.17749,41.95471],[140.18055,41.95489],[140.1833,41.95594],[140.18332,41.95641],[140.18308,41.95753],[140.18005,41.95946],[140.17865,41.96009],[140.17645,41.96066],[140.17434,41.96183],[140.17007,41.96247],[140.16631,41.96178],[140.16444,41.96126],[140.16186,41.96157],[140.15976,41.96139],[140.15723,41.96066],[140.15447,41.96084],[140.15168,41.96199],[140.14939,41.96263],[140.14581,41.96195],[140.14276,41.96037],[140.14116,41.95997],[140.13976,41.95875],[140.13933,41.95718],[140.13754,41.95664],[140.13599,41.95526],[140.14469,41.94262],[140.14423,41.94261],[140.14228,41.94238],[140.14009,41.94209],[140.13623,41.94128],[140.13751,41.93622],[140.13763,41.93508],[140.13861,41.93206],[140.13957,41.92669],[140.1401,41.92453],[140.14012,41.92287],[140.14066,41.92097],[140.14053,41.9181],[140.14078,41.91763],[140.14166,41.91902]]]}},{"type":"Feature","properties":{"m":"字越前町","b":[140.1599,41.9252,140.1824,41.94],"c":[140.17125,41.93177]},"geometry":{"type":"Polygon","coordinates":[[[140.16428,41.93824],[140.16343,41.93764],[140.16133,41.93517],[140.16043,41.93346],[140.1599,41.93328],[140.1602,41.93302],[140.16269,41.92635],[140.1645,41.92637],[140.16644,41.92643],[140.16888,41.92596],[140.16976,41.92599],[140.17354,41.92683],[140.17419,41.92679],[140.1757,41.92631],[140.17735,41.92558],[140.17866,41.92521],[140.18145,41.9253],[140.18129,41.92731],[140.18212,41.93109],[140.18245,41.93494],[140.17177,41.93712],[140.17079,41.9369],[140.16694,41.93998],[140.16428,41.93824]]]}},{"type":"Feature","properties":{"m":"字中網町","b":[140.1813,41.9221,140.1969,41.9311],"c":[140.18882,41.92671]},"geometry":{"type":"Polygon","coordinates":[[[140.18145,41.9253],[140.18459,41.92374],[140.18564,41.92325],[140.18638,41.92308],[140.18926,41.92271],[140.19041,41.92217],[140.19181,41.92212],[140.19303,41.92266],[140.19516,41.92383],[140.1969,41.92497],[140.19689,41.92702],[140.19602,41.92843],[140.19343,41.92882],[140.19349,41.93013],[140.18685,41.93039],[140.18688,41.93082],[140.18212,41.93109],[140.18129,41.92731],[140.18145,41.9253]]]}},{"type":"Feature","properties":{"m":"字小黒部町","b":[140.19,41.925,140.2611,41.9775],"c":[140.22303,41.95078]},"geometry":{"type":"Polygon","coordinates":[[[140.19343,41.92882],[140.19602,41.92843],[140.19689,41.92702],[140.1969,41.92497],[140.19982,41.92546],[140.20499,41.92725],[140.20722,41.92766],[140.20925,41.92749],[140.21146,41.92625],[140.21423,41.92662],[140.21578,41.9268],[140.21555,41.92786],[140.2165,41.92965],[140.21968,41.93326],[140.21876,41.93507],[140.21968,41.93617],[140.22145,41.93722],[140.22156,41.93805],[140.22319,41.93937],[140.22619,41.93966],[140.22798,41.93934],[140.22877,41.93874],[140.23028,41.93897],[140.23304,41.93935],[140.23538,41.94006],[140.23668,41.94129],[140.23706,41.9429],[140.23589,41.94324],[140.23557,41.94417],[140.23616,41.94568],[140.2371,41.94666],[140.23678,41.94721],[140.23739,41.94945],[140.23845,41.95001],[140.2398,41.94983],[140.24163,41.95063],[140.24318,41.95176],[140.24576,41.95517],[140.24533,41.95572],[140.24267,41.9565],[140.24186,41.95753],[140.24214,41.95952],[140.24422,41.96195],[140.24587,41.96247],[140.24761,41.96169],[140.24838,41.96171],[140.24917,41.9628],[140.25247,41.96408],[140.25306,41.96539],[140.25317,41.96754],[140.25405,41.96853],[140.25382,41.96957],[140.25579,41.97057],[140.25844,41.97077],[140.25862,41.97194],[140.26023,41.97325],[140.26111,41.97513],[140.26102,41.97615],[140.25964,41.97747],[140.25841,41.97706],[140.25485,41.97706],[140.2538,41.97654],[140.25307,41.97712],[140.25068,41.97634],[140.24967,41.97466],[140.24917,41.97446],[140.24644,41.97501],[140.24554,41.97362],[140.24207,41.97268],[140.24048,41.9709],[140.23832,41.96976],[140.23834,41.9688],[140.23543,41.96839],[140.23281,41.967],[140.2318,41.9655],[140.22848,41.96542],[140.22781,41.96184],[140.22554,41.95909],[140.21307,41.95908],[140.19001,41.94882],[140.19041,41.94781],[140.19175,41.94639],[140.19345,41.94217],[140.20411,41.93903],[140.20443,41.93658],[140.20953,41.9318],[140.20283,41.9322],[140.20266,41.92977],[140.19349,41.93013],[140.19343,41.92882]]]}},{"type":"Feature","properties":{"m":"字朝日町","b":[140.1821,41.9298,140.2095,41.9464],"c":[140.19348,41.93621]},"geometry":{"type":"Polygon","coordinates":[[[140.18212,41.93109],[140.18688,41.93082],[140.18685,41.93039],[140.19349,41.93013],[140.20266,41.92977],[140.20283,41.9322],[140.20953,41.9318],[140.20443,41.93658],[140.20411,41.93903],[140.19345,41.94217],[140.19175,41.94639],[140.18323,41.94071],[140.18245,41.93494],[140.18212,41.93109]]]}},{"type":"Feature","properties":{"m":"字鰔川町","b":[140.1603,41.9349,140.2285,41.9674],"c":[140.19147,41.95174]},"geometry":{"type":"Polygon","coordinates":[[[140.16694,41.93998],[140.17079,41.9369],[140.17177,41.93712],[140.18245,41.93494],[140.18323,41.94071],[140.19175,41.94639],[140.19041,41.94781],[140.19001,41.94882],[140.21307,41.95908],[140.22554,41.95909],[140.22781,41.96184],[140.22848,41.96542],[140.22751,41.96595],[140.22728,41.96701],[140.22443,41.96701],[140.22252,41.96735],[140.22093,41.96654],[140.21795,41.96652],[140.21544,41.96518],[140.21316,41.96475],[140.2106,41.96351],[140.20745,41.9635],[140.2063,41.96303],[140.20447,41.96158],[140.2018,41.96154],[140.20032,41.96178],[140.19794,41.96084],[140.19679,41.95929],[140.19501,41.9587],[140.19341,41.95861],[140.19001,41.95795],[140.18647,41.95637],[140.18332,41.95641],[140.1833,41.95594],[140.18055,41.95489],[140.17749,41.95471],[140.1746,41.95337],[140.17392,41.95139],[140.1717,41.94845],[140.16981,41.94747],[140.16819,41.94562],[140.16738,41.94557],[140.16571,41.94471],[140.16265,41.94358],[140.16031,41.94301],[140.16123,41.94095],[140.16351,41.94133],[140.1669,41.94038],[140.16694,41.93998]]]}},{"type":"Feature","properties":{"m":"字神明","b":[140.2524,41.7005,140.3236,41.756],"c":[140.28111,41.73279]},"geometry":{"type":"Polygon","coordinates":[[[140.30683,41.75526],[140.30549,41.75602],[140.30539,41.75464],[140.30333,41.7549],[140.30177,41.75384],[140.30045,41.75211],[140.29914,41.75148],[140.29835,41.74979],[140.29551,41.74935],[140.29492,41.74976],[140.29316,41.7497],[140.28997,41.74637],[140.29009,41.74531],[140.2852,41.74473],[140.28232,41.74385],[140.28115,41.74393],[140.27834,41.74326],[140.2757,41.74315],[140.27472,41.74247],[140.27177,41.74145],[140.2705,41.74068],[140.26743,41.74071],[140.26312,41.7396],[140.25375,41.73765],[140.25375,41.73723],[140.25527,41.73567],[140.25484,41.73374],[140.2563,41.7328],[140.25678,41.73157],[140.25542,41.72805],[140.25617,41.72531],[140.25635,41.7235],[140.25601,41.72266],[140.25389,41.71984],[140.25382,41.71845],[140.25421,41.71611],[140.25237,41.7131],[140.25324,41.71101],[140.25288,41.70953],[140.25316,41.70848],[140.253,41.7065],[140.25352,41.70493],[140.25373,41.70311],[140.25695,41.70361],[140.25922,41.70324],[140.26076,41.70436],[140.26284,41.70657],[140.26436,41.7068],[140.2647,41.70538],[140.26739,41.7063],[140.26745,41.70706],[140.27113,41.70542],[140.27272,41.70246],[140.27418,41.70203],[140.27575,41.70259],[140.27736,41.70201],[140.27839,41.70048],[140.27937,41.70075],[140.27931,41.70173],[140.27766,41.7031],[140.27737,41.70422],[140.27566,41.70476],[140.27487,41.70404],[140.27364,41.70486],[140.27283,41.70726],[140.27076,41.70808],[140.27013,41.70771],[140.26824,41.70829],[140.26598,41.70811],[140.26442,41.70871],[140.26451,41.70939],[140.26569,41.71039],[140.26528,41.71142],[140.26363,41.71106],[140.26269,41.71143],[140.26382,41.71194],[140.26395,41.71279],[140.26224,41.7133],[140.26235,41.71502],[140.26128,41.71512],[140.26139,41.71587],[140.26022,41.71674],[140.26039,41.71856],[140.2618,41.71973],[140.26222,41.72075],[140.26192,41.72248],[140.26095,41.72428],[140.26142,41.72481],[140.26112,41.72677],[140.2627,41.72765],[140.26419,41.72701],[140.2648,41.7273],[140.2652,41.72878],[140.26743,41.72874],[140.2688,41.72604],[140.26955,41.72559],[140.27198,41.72558],[140.27245,41.72447],[140.27563,41.72404],[140.2764,41.7233],[140.27783,41.72293],[140.27934,41.72197],[140.28174,41.7218],[140.283,41.72238],[140.28603,41.7228],[140.2862,41.72371],[140.28474,41.72363],[140.28061,41.72266],[140.27794,41.72417],[140.27697,41.72448],[140.27546,41.72634],[140.27444,41.72681],[140.2716,41.72704],[140.27031,41.72801],[140.26965,41.72913],[140.26847,41.7327],[140.26844,41.73413],[140.26899,41.73396],[140.27091,41.73478],[140.27232,41.73603],[140.27443,41.73521],[140.27548,41.7362],[140.27936,41.73704],[140.27889,41.73812],[140.28114,41.73818],[140.28262,41.7374],[140.2851,41.73749],[140.28869,41.7381],[140.29007,41.73948],[140.29004,41.74018],[140.29449,41.73833],[140.295,41.73744],[140.29632,41.73712],[140.29858,41.73795],[140.30055,41.73827],[140.30293,41.73807],[140.30318,41.73925],[140.30593,41.739],[140.30706,41.73982],[140.30767,41.73967],[140.30771,41.73824],[140.3083,41.73775],[140.30958,41.73807],[140.31126,41.73782],[140.31273,41.73636],[140.315,41.73512],[140.31684,41.73556],[140.31753,41.7365],[140.32071,41.73729],[140.32162,41.73811],[140.32307,41.73855],[140.32356,41.73973],[140.32163,41.74137],[140.32111,41.74272],[140.32154,41.74412],[140.31867,41.7432],[140.31826,41.74455],[140.31515,41.74511],[140.31305,41.74593],[140.31118,41.74503],[140.30991,41.74521],[140.31042,41.74674],[140.31029,41.74859],[140.30829,41.74851],[140.30511,41.74885],[140.30582,41.75234],[140.30692,41.75379],[140.30683,41.75526]]]}},{"type":"Feature","properties":{"m":"字湯ノ岱","b":[140.1857,41.6242,140.3582,41.8547],"c":[140.26764,41.73796]},"geometry":{"type":"Polygon","coordinates":[[[140.21373,41.62422],[140.21647,41.62697],[140.21688,41.62826],[140.21755,41.62877],[140.22128,41.63004],[140.22254,41.63139],[140.22489,41.63282],[140.22581,41.63391],[140.22827,41.63363],[140.23067,41.63376],[140.23217,41.63336],[140.23515,41.63325],[140.23593,41.63366],[140.23653,41.6348],[140.23869,41.63595],[140.24139,41.63636],[140.24404,41.63837],[140.24598,41.63925],[140.24919,41.64171],[140.24959,41.64376],[140.25005,41.64412],[140.24999,41.64569],[140.25112,41.64561],[140.25141,41.6469],[140.2531,41.64696],[140.25409,41.64899],[140.25559,41.64914],[140.25774,41.65263],[140.25913,41.65328],[140.26151,41.65288],[140.26379,41.65296],[140.26483,41.6533],[140.26803,41.65541],[140.27004,41.65608],[140.27101,41.65687],[140.27579,41.65686],[140.27785,41.6581],[140.27828,41.65884],[140.28143,41.65979],[140.28212,41.66275],[140.28192,41.66485],[140.28104,41.66651],[140.28221,41.66796],[140.28265,41.66871],[140.28196,41.67078],[140.2829,41.67109],[140.28477,41.6715],[140.2873,41.67331],[140.28934,41.67374],[140.28988,41.67428],[140.2905,41.67519],[140.29227,41.67707],[140.29311,41.67819],[140.29328,41.67973],[140.2944,41.68022],[140.29584,41.68005],[140.29644,41.68132],[140.29616,41.68266],[140.29616,41.68426],[140.29678,41.68556],[140.29981,41.6863],[140.30122,41.68684],[140.3023,41.68781],[140.30287,41.68871],[140.30226,41.68941],[140.3009,41.69029],[140.29959,41.69115],[140.29991,41.6923],[140.29878,41.69321],[140.29969,41.69468],[140.29964,41.69564],[140.29965,41.69665],[140.29976,41.69755],[140.30033,41.69816],[140.30068,41.6989],[140.29992,41.69955],[140.29925,41.70028],[140.30082,41.70272],[140.30205,41.7036],[140.30259,41.70397],[140.30264,41.70408],[140.30042,41.70502],[140.3002,41.70548],[140.30047,41.70613],[140.30106,41.70752],[140.30289,41.70807],[140.30277,41.70949],[140.30222,41.71015],[140.30457,41.71177],[140.30507,41.71302],[140.30425,41.71348],[140.3043,41.71503],[140.3043,41.71637],[140.30551,41.7169],[140.30862,41.71789],[140.30881,41.71796],[140.309,41.71786],[140.31055,41.71678],[140.31137,41.71703],[140.3135,41.71737],[140.31582,41.71651],[140.31747,41.71638],[140.31839,41.7162],[140.31858,41.71528],[140.31966,41.71435],[140.32009,41.71432],[140.32156,41.71496],[140.32307,41.71616],[140.32297,41.71694],[140.32296,41.71741],[140.32419,41.71863],[140.32425,41.71969],[140.32521,41.72018],[140.32604,41.71991],[140.32677,41.72001],[140.3287,41.72132],[140.32909,41.72153],[140.33068,41.72128],[140.33203,41.72204],[140.33517,41.7226],[140.33785,41.72226],[140.33918,41.72205],[140.34041,41.72289],[140.34091,41.72319],[140.34214,41.72366],[140.34245,41.72492],[140.34248,41.7257],[140.34138,41.7263],[140.34229,41.72921],[140.34343,41.73028],[140.34396,41.73185],[140.34336,41.73293],[140.34506,41.73473],[140.34542,41.73556],[140.34849,41.73754],[140.34979,41.73806],[140.34949,41.73855],[140.34943,41.73892],[140.35071,41.7411],[140.35057,41.74296],[140.3501,41.74402],[140.34907,41.74471],[140.34842,41.74609],[140.34741,41.74703],[140.34637,41.74811],[140.34409,41.74885],[140.34391,41.74978],[140.34155,41.75063],[140.34139,41.75107],[140.34346,41.75276],[140.34475,41.75284],[140.3468,41.75399],[140.34876,41.75546],[140.34976,41.75663],[140.34955,41.75856],[140.34985,41.75985],[140.3504,41.76091],[140.35169,41.76192],[140.35175,41.76209],[140.35173,41.76223],[140.35126,41.76274],[140.35078,41.76367],[140.35147,41.76484],[140.35206,41.76584],[140.35197,41.76755],[140.35105,41.76815],[140.35116,41.7699],[140.35091,41.77036],[140.35001,41.77133],[140.35077,41.77255],[140.35144,41.77349],[140.35137,41.77368],[140.35054,41.77447],[140.34972,41.77469],[140.34953,41.7748],[140.34929,41.77539],[140.3497,41.77637],[140.35051,41.77726],[140.35284,41.77781],[140.35327,41.77853],[140.35315,41.779],[140.35275,41.7798],[140.35296,41.78092],[140.35295,41.78263],[140.35243,41.78381],[140.35311,41.78536],[140.35316,41.78549],[140.35486,41.78568],[140.35823,41.78708],[140.35756,41.7874],[140.35679,41.78877],[140.355,41.78994],[140.35423,41.79183],[140.35181,41.79256],[140.34999,41.79475],[140.34878,41.79661],[140.34828,41.79838],[140.34737,41.79948],[140.34342,41.80078],[140.34143,41.80016],[140.33941,41.80061],[140.33625,41.8025],[140.33297,41.80318],[140.32985,41.80183],[140.32932,41.80125],[140.32766,41.80167],[140.32561,41.80082],[140.32455,41.80085],[140.32268,41.80252],[140.32148,41.80293],[140.32041,41.8043],[140.32029,41.80589],[140.31835,41.80597],[140.31707,41.80665],[140.31533,41.80689],[140.31474,41.80888],[140.31475,41.8099],[140.31318,41.81014],[140.31178,41.81081],[140.31069,41.81281],[140.30682,41.81439],[140.30479,41.81414],[140.30138,41.81552],[140.30175,41.81849],[140.30107,41.81888],[140.30015,41.81931],[140.29911,41.82053],[140.29615,41.82175],[140.29295,41.82172],[140.29299,41.82298],[140.29357,41.82442],[140.29263,41.82489],[140.29096,41.82643],[140.29103,41.82768],[140.29015,41.82953],[140.28693,41.82888],[140.28439,41.82933],[140.28079,41.82931],[140.27976,41.83041],[140.2786,41.83084],[140.27808,41.83186],[140.27514,41.83331],[140.27496,41.83382],[140.27129,41.83655],[140.26978,41.83718],[140.26956,41.83781],[140.26823,41.83883],[140.26748,41.84007],[140.26756,41.84097],[140.26246,41.8409],[140.26011,41.84046],[140.25934,41.84059],[140.25773,41.84183],[140.25634,41.84182],[140.25349,41.84537],[140.25175,41.84551],[140.25092,41.84674],[140.24886,41.84745],[140.24698,41.84579],[140.24664,41.84432],[140.24515,41.84416],[140.24274,41.84549],[140.24172,41.84567],[140.23986,41.84592],[140.23864,41.84693],[140.23746,41.84722],[140.23392,41.85053],[140.23242,41.85039],[140.23054,41.85084],[140.22993,41.85193],[140.2288,41.85231],[140.22634,41.85441],[140.22486,41.85471],[140.22331,41.85432],[140.22644,41.85134],[140.22768,41.85048],[140.23042,41.84708],[140.23358,41.84524],[140.23734,41.84057],[140.24224,41.8374],[140.24465,41.8354],[140.24771,41.83328],[140.24856,41.83188],[140.24882,41.82941],[140.24817,41.82816],[140.24611,41.82595],[140.24448,41.82489],[140.24203,41.82272],[140.23985,41.8211],[140.24138,41.82],[140.24189,41.81617],[140.2402,41.81119],[140.23787,41.80744],[140.23825,41.80596],[140.23929,41.80516],[140.23903,41.80326],[140.23719,41.80172],[140.23604,41.80038],[140.23305,41.7984],[140.22916,41.79656],[140.2258,41.79561],[140.2225,41.79516],[140.22053,41.79465],[140.21722,41.79259],[140.21559,41.79104],[140.21326,41.78949],[140.21124,41.78842],[140.2089,41.78749],[140.20616,41.7867],[140.20113,41.7857],[140.19791,41.78683],[140.19968,41.78337],[140.20012,41.78113],[140.20098,41.77955],[140.20539,41.77783],[140.20895,41.77614],[140.20977,41.77527],[140.21113,41.7722],[140.2148,41.76633],[140.21457,41.76415],[140.21655,41.76329],[140.21853,41.76365],[140.21919,41.76409],[140.21864,41.76488],[140.22032,41.76533],[140.22129,41.7663],[140.22276,41.76562],[140.22411,41.7643],[140.22487,41.76307],[140.22688,41.7631],[140.2279,41.76211],[140.22759,41.76138],[140.22852,41.75814],[140.22926,41.75719],[140.23204,41.7577],[140.23507,41.75757],[140.23832,41.7578],[140.24018,41.75718],[140.23996,41.75575],[140.23908,41.75543],[140.2369,41.7558],[140.23358,41.7557],[140.23068,41.75493],[140.22769,41.75535],[140.22699,41.75475],[140.22716,41.75271],[140.2279,41.7523],[140.22806,41.75044],[140.22689,41.74972],[140.22577,41.74837],[140.22464,41.74336],[140.22338,41.74108],[140.22314,41.73973],[140.22203,41.73871],[140.22272,41.73773],[140.22513,41.73651],[140.22613,41.73629],[140.2281,41.73481],[140.22889,41.73387],[140.23024,41.72845],[140.23111,41.72627],[140.23247,41.72465],[140.23295,41.72297],[140.23402,41.72098],[140.23514,41.71661],[140.23383,41.71453],[140.23354,41.71326],[140.23254,41.71237],[140.23017,41.71143],[140.2292,41.70957],[140.22736,41.70833],[140.22685,41.70709],[140.22479,41.70476],[140.2242,41.70375],[140.22262,41.70331],[140.21847,41.70025],[140.21699,41.69966],[140.21616,41.6989],[140.21507,41.70027],[140.21205,41.70032],[140.21082,41.699],[140.20998,41.69865],[140.20884,41.69892],[140.20689,41.69834],[140.20516,41.69929],[140.20112,41.6986],[140.20087,41.69729],[140.19815,41.69519],[140.19627,41.69503],[140.1938,41.69651],[140.19206,41.697],[140.19112,41.6969],[140.18931,41.69497],[140.18586,41.69437],[140.18836,41.69326],[140.18907,41.69239],[140.18925,41.69106],[140.19011,41.68932],[140.18791,41.68631],[140.18792,41.68462],[140.18658,41.68304],[140.18574,41.6826],[140.1859,41.68078],[140.18758,41.68066],[140.18914,41.67993],[140.18971,41.67866],[140.1922,41.6776],[140.19224,41.67592],[140.19121,41.67436],[140.18889,41.67283],[140.18923,41.67206],[140.18835,41.67089],[140.18898,41.67028],[140.1883,41.66821],[140.18931,41.66735],[140.18832,41.66605],[140.18837,41.66389],[140.18946,41.66349],[140.19075,41.6617],[140.19106,41.66076],[140.19317,41.65857],[140.19398,41.65649],[140.1937,41.65529],[140.19567,41.65277],[140.19708,41.65185],[140.19847,41.65151],[140.19968,41.65039],[140.2,41.64884],[140.20126,41.64814],[140.20107,41.64639],[140.19993,41.64545],[140.19961,41.64432],[140.19873,41.64327],[140.1971,41.64251],[140.1944,41.64201],[140.19364,41.6412],[140.19322,41.63978],[140.19226,41.63901],[140.19314,41.63689],[140.19248,41.6342],[140.19366,41.63305],[140.19612,41.6325],[140.19812,41.63141],[140.19809,41.6301],[140.19893,41.62771],[140.20066,41.62639],[140.20128,41.62689],[140.20314,41.62685],[140.20521,41.62568],[140.20696,41.62521],[140.20851,41.62537],[140.21126,41.62503],[140.21373,41.62422]],[[140.30683,41.75526],[140.30692,41.75379],[140.30582,41.75234],[140.30511,41.74885],[140.30829,41.74851],[140.31029,41.74859],[140.31042,41.74674],[140.30991,41.74521],[140.31118,41.74503],[140.31305,41.74593],[140.31515,41.74511],[140.31826,41.74455],[140.31867,41.7432],[140.32154,41.74412],[140.32111,41.74272],[140.32163,41.74137],[140.32356,41.73973],[140.32307,41.73855],[140.32162,41.73811],[140.32071,41.73729],[140.31753,41.7365],[140.31684,41.73556],[140.315,41.73512],[140.31273,41.73636],[140.31126,41.73782],[140.30958,41.73807],[140.3083,41.73775],[140.30771,41.73824],[140.30767,41.73967],[140.30706,41.73982],[140.30593,41.739],[140.30318,41.73925],[140.30293,41.73807],[140.30055,41.73827],[140.29858,41.73795],[140.29632,41.73712],[140.295,41.73744],[140.29449,41.73833],[140.29004,41.74018],[140.29007,41.73948],[140.28869,41.7381],[140.2851,41.73749],[140.28262,41.7374],[140.28114,41.73818],[140.27889,41.73812],[140.27936,41.73704],[140.27548,41.7362],[140.27443,41.73521],[140.27232,41.73603],[140.27091,41.73478],[140.26899,41.73396],[140.26844,41.73413],[140.26847,41.7327],[140.26965,41.72913],[140.27031,41.72801],[140.2716,41.72704],[140.27444,41.72681],[140.27546,41.72634],[140.27697,41.72448],[140.27794,41.72417],[140.28061,41.72266],[140.28474,41.72363],[140.2862,41.72371],[140.28603,41.7228],[140.283,41.72238],[140.28174,41.7218],[140.27934,41.72197],[140.27783,41.72293],[140.2764,41.7233],[140.27563,41.72404],[140.27245,41.72447],[140.27198,41.72558],[140.26955,41.72559],[140.2688,41.72604],[140.26743,41.72874],[140.2652,41.72878],[140.2648,41.7273],[140.26419,41.72701],[140.2627,41.72765],[140.26112,41.72677],[140.26142,41.72481],[140.26095,41.72428],[140.26192,41.72248],[140.26222,41.72075],[140.2618,41.71973],[140.26039,41.71856],[140.26022,41.71674],[140.26139,41.71587],[140.26128,41.71512],[140.26235,41.71502],[140.26224,41.7133],[140.26395,41.71279],[140.26382,41.71194],[140.26269,41.71143],[140.26363,41.71106],[140.26528,41.71142],[140.26569,41.71039],[140.26451,41.70939],[140.26442,41.70871],[140.26598,41.70811],[140.26824,41.70829],[140.27013,41.70771],[140.27076,41.70808],[140.27283,41.70726],[140.27364,41.70486],[140.27487,41.70404],[140.27566,41.70476],[140.27737,41.70422],[140.27766,41.7031],[140.27931,41.70173],[140.27937,41.70075],[140.27839,41.70048],[140.27736,41.70201],[140.27575,41.70259],[140.27418,41.70203],[140.27272,41.70246],[140.27113,41.70542],[140.26745,41.70706],[140.26739,41.7063],[140.2647,41.70538],[140.26436,41.7068],[140.26284,41.70657],[140.26076,41.70436],[140.25922,41.70324],[140.25695,41.70361],[140.25373,41.70311],[140.25352,41.70493],[140.253,41.7065],[140.25316,41.70848],[140.25288,41.70953],[140.25324,41.71101],[140.25237,41.7131],[140.25421,41.71611],[140.25382,41.71845],[140.25389,41.71984],[140.25601,41.72266],[140.25635,41.7235],[140.25617,41.72531],[140.25542,41.72805],[140.25678,41.73157],[140.2563,41.7328],[140.25484,41.73374],[140.25527,41.73567],[140.25375,41.73723],[140.25375,41.73765],[140.26312,41.7396],[140.26743,41.74071],[140.2705,41.74068],[140.27177,41.74145],[140.27472,41.74247],[140.2757,41.74315],[140.27834,41.74326],[140.28115,41.74393],[140.28232,41.74385],[140.2852,41.74473],[140.29009,41.74531],[140.28997,41.74637],[140.29316,41.7497],[140.29492,41.74976],[140.29551,41.74935],[140.29835,41.74979],[140.29914,41.75148],[140.30045,41.75211],[140.30177,41.75384],[140.30333,41.7549],[140.30539,41.75464],[140.30549,41.75602],[140.30683,41.75526]]]}},{"type":"Feature","properties":{"m":"字宮越","b":[140.1031,41.6944,140.2351,41.7652],"c":[140.17736,41.72443]},"geometry":{"type":"Polygon","coordinates":[[[140.22272,41.73773],[140.22162,41.73731],[140.21973,41.73728],[140.21756,41.73845],[140.21611,41.74029],[140.21465,41.74084],[140.2136,41.74171],[140.21195,41.74247],[140.21204,41.74325],[140.21321,41.74438],[140.21325,41.74496],[140.21217,41.74675],[140.20752,41.74888],[140.2063,41.74903],[140.20325,41.74769],[140.20244,41.74813],[140.20157,41.75091],[140.20059,41.75213],[140.19859,41.75254],[140.19683,41.75398],[140.19631,41.75647],[140.19337,41.75909],[140.19031,41.7603],[140.19051,41.76211],[140.18885,41.76295],[140.18692,41.76248],[140.1845,41.76111],[140.18232,41.76097],[140.17671,41.7622],[140.17347,41.7638],[140.17182,41.76425],[140.1702,41.76521],[140.17057,41.76441],[140.17102,41.76351],[140.17155,41.7626],[140.17188,41.7618],[140.17244,41.76049],[140.17206,41.75983],[140.17062,41.75877],[140.16962,41.75712],[140.16927,41.75609],[140.16856,41.75584],[140.16754,41.75431],[140.16741,41.75321],[140.16704,41.75174],[140.16564,41.75078],[140.164,41.74893],[140.16289,41.74885],[140.16143,41.74819],[140.16053,41.74806],[140.15908,41.74822],[140.15792,41.74915],[140.15735,41.7489],[140.15687,41.74796],[140.15611,41.74787],[140.1554,41.74811],[140.15478,41.74716],[140.15355,41.7467],[140.15323,41.74631],[140.15222,41.74639],[140.15161,41.74644],[140.15033,41.74667],[140.14873,41.74721],[140.14729,41.74726],[140.14502,41.74669],[140.14442,41.74688],[140.14317,41.74715],[140.14237,41.74716],[140.14229,41.74548],[140.14278,41.74469],[140.14218,41.74398],[140.14122,41.7431],[140.14052,41.74346],[140.13826,41.74363],[140.13717,41.74323],[140.13708,41.74239],[140.13789,41.74122],[140.13759,41.74047],[140.13678,41.73855],[140.13685,41.73724],[140.13411,41.7359],[140.1311,41.73578],[140.12917,41.73596],[140.12805,41.73566],[140.12723,41.73473],[140.126,41.73438],[140.12496,41.73254],[140.12485,41.73244],[140.12478,41.73028],[140.12508,41.72866],[140.12479,41.7269],[140.12271,41.72401],[140.1187,41.72082],[140.11742,41.71847],[140.11621,41.71795],[140.11618,41.71699],[140.1149,41.71558],[140.11469,41.71458],[140.11179,41.71374],[140.11066,41.71309],[140.10936,41.71293],[140.10762,41.71207],[140.10502,41.71154],[140.1031,41.7083],[140.10723,41.7084],[140.10974,41.70899],[140.114,41.71071],[140.11763,41.71143],[140.121,41.71101],[140.1275,41.70857],[140.13269,41.70632],[140.13503,41.70547],[140.14362,41.70203],[140.14873,41.70022],[140.15385,41.69871],[140.15657,41.69804],[140.16196,41.69801],[140.16382,41.69723],[140.16837,41.69594],[140.17143,41.69526],[140.1752,41.69504],[140.17849,41.69555],[140.18255,41.69547],[140.18586,41.69437],[140.18931,41.69497],[140.19112,41.6969],[140.19206,41.697],[140.1938,41.69651],[140.19627,41.69503],[140.19815,41.69519],[140.20087,41.69729],[140.20112,41.6986],[140.20516,41.69929],[140.20689,41.69834],[140.20884,41.69892],[140.20998,41.69865],[140.21082,41.699],[140.21205,41.70032],[140.21507,41.70027],[140.21616,41.6989],[140.21699,41.69966],[140.21847,41.70025],[140.22262,41.70331],[140.2242,41.70375],[140.22479,41.70476],[140.22685,41.70709],[140.22736,41.70833],[140.2292,41.70957],[140.23017,41.71143],[140.23254,41.71237],[140.23354,41.71326],[140.23383,41.71453],[140.23514,41.71661],[140.23402,41.72098],[140.23295,41.72297],[140.23247,41.72465],[140.23111,41.72627],[140.23024,41.72845],[140.22889,41.73387],[140.2281,41.73481],[140.22613,41.73629],[140.22513,41.73651],[140.22272,41.73773]]]}},{"type":"Feature","properties":{"m":"字早瀬","b":[140.1682,41.7373,140.2402,41.7916],"c":[140.19983,41.7664]},"geometry":{"type":"Polygon","coordinates":[[[140.19791,41.78683],[140.19566,41.78789],[140.19485,41.78955],[140.1937,41.79024],[140.19106,41.79087],[140.18679,41.79156],[140.18567,41.79155],[140.18239,41.79086],[140.18034,41.7901],[140.17506,41.78679],[140.17342,41.78675],[140.1726,41.78439],[140.17236,41.78239],[140.17285,41.77911],[140.17335,41.77784],[140.17566,41.77442],[140.17658,41.77336],[140.1724,41.7703],[140.17235,41.76873],[140.17033,41.76824],[140.16821,41.76675],[140.16964,41.76567],[140.1702,41.76521],[140.17182,41.76425],[140.17347,41.7638],[140.17671,41.7622],[140.18232,41.76097],[140.1845,41.76111],[140.18692,41.76248],[140.18885,41.76295],[140.19051,41.76211],[140.19031,41.7603],[140.19337,41.75909],[140.19631,41.75647],[140.19683,41.75398],[140.19859,41.75254],[140.20059,41.75213],[140.20157,41.75091],[140.20244,41.74813],[140.20325,41.74769],[140.2063,41.74903],[140.20752,41.74888],[140.21217,41.74675],[140.21325,41.74496],[140.21321,41.74438],[140.21204,41.74325],[140.21195,41.74247],[140.2136,41.74171],[140.21465,41.74084],[140.21611,41.74029],[140.21756,41.73845],[140.21973,41.73728],[140.22162,41.73731],[140.22272,41.73773],[140.22203,41.73871],[140.22314,41.73973],[140.22338,41.74108],[140.22464,41.74336],[140.22577,41.74837],[140.22689,41.74972],[140.22806,41.75044],[140.2279,41.7523],[140.22716,41.75271],[140.22699,41.75475],[140.22769,41.75535],[140.23068,41.75493],[140.23358,41.7557],[140.2369,41.7558],[140.23908,41.75543],[140.23996,41.75575],[140.24018,41.75718],[140.23832,41.7578],[140.23507,41.75757],[140.23204,41.7577],[140.22926,41.75719],[140.22852,41.75814],[140.22759,41.76138],[140.2279,41.76211],[140.22688,41.7631],[140.22487,41.76307],[140.22411,41.7643],[140.22276,41.76562],[140.22129,41.7663],[140.22032,41.76533],[140.21864,41.76488],[140.21919,41.76409],[140.21853,41.76365],[140.21655,41.76329],[140.21457,41.76415],[140.2148,41.76633],[140.21113,41.7722],[140.20977,41.77527],[140.20895,41.77614],[140.20539,41.77783],[140.20098,41.77955],[140.20012,41.78113],[140.19968,41.78337],[140.19791,41.78683]]]}},{"type":"Feature","properties":{"m":"字桂岡","b":[140.1454,41.7668,140.1766,41.7872],"c":[140.16439,41.77698]},"geometry":{"type":"Polygon","coordinates":[[[140.17342,41.78675],[140.16787,41.78679],[140.16165,41.78723],[140.15999,41.78636],[140.15934,41.78544],[140.15893,41.7821],[140.15807,41.78101],[140.15535,41.77964],[140.15624,41.77902],[140.15237,41.77517],[140.14913,41.77801],[140.14829,41.77657],[140.14536,41.77549],[140.14583,41.77506],[140.14652,41.77485],[140.15033,41.77469],[140.15278,41.77416],[140.15411,41.77342],[140.15504,41.77115],[140.15751,41.77008],[140.16006,41.76991],[140.16252,41.76831],[140.16451,41.76791],[140.1664,41.76762],[140.16821,41.76675],[140.17033,41.76824],[140.17235,41.76873],[140.1724,41.7703],[140.17658,41.77336],[140.17566,41.77442],[140.17335,41.77784],[140.17285,41.77911],[140.17236,41.78239],[140.1726,41.78439],[140.17342,41.78675]]]}},{"type":"Feature","properties":{"m":"字小森","b":[140.1164,41.7463,140.1724,41.7917],"c":[140.1451,41.76631]},"geometry":{"type":"Polygon","coordinates":[[[140.14317,41.74715],[140.14442,41.74688],[140.14502,41.74669],[140.14729,41.74726],[140.14873,41.74721],[140.15033,41.74667],[140.15161,41.74644],[140.15222,41.74639],[140.15323,41.74631],[140.15355,41.7467],[140.15478,41.74716],[140.1554,41.74811],[140.15611,41.74787],[140.15687,41.74796],[140.15735,41.7489],[140.15792,41.74915],[140.15908,41.74822],[140.16053,41.74806],[140.16143,41.74819],[140.16289,41.74885],[140.164,41.74893],[140.16564,41.75078],[140.16704,41.75174],[140.16741,41.75321],[140.16754,41.75431],[140.16856,41.75584],[140.16927,41.75609],[140.16962,41.75712],[140.17062,41.75877],[140.17206,41.75983],[140.17244,41.76049],[140.17188,41.7618],[140.17155,41.7626],[140.17102,41.76351],[140.17057,41.76441],[140.16964,41.76567],[140.16821,41.76675],[140.1664,41.76762],[140.16451,41.76791],[140.16252,41.76831],[140.16006,41.76991],[140.15751,41.77008],[140.15504,41.77115],[140.15411,41.77342],[140.15278,41.77416],[140.15033,41.77469],[140.14652,41.77485],[140.14583,41.77506],[140.14536,41.77549],[140.14513,41.77579],[140.14485,41.77762],[140.14439,41.7783],[140.14313,41.77939],[140.14095,41.77998],[140.13848,41.77986],[140.13608,41.78199],[140.13479,41.78284],[140.13255,41.78478],[140.13075,41.78566],[140.12948,41.78635],[140.12596,41.78837],[140.12528,41.78874],[140.12415,41.78929],[140.12266,41.7899],[140.12155,41.79126],[140.12114,41.79171],[140.12049,41.79053],[140.11875,41.78876],[140.11639,41.7873],[140.1165,41.78701],[140.11835,41.7866],[140.11875,41.78631],[140.11933,41.78535],[140.11948,41.78461],[140.11934,41.78262],[140.11822,41.78003],[140.12089,41.77747],[140.12154,41.77482],[140.12262,41.77348],[140.12602,41.77164],[140.13045,41.77071],[140.12874,41.76987],[140.12855,41.76936],[140.12951,41.7687],[140.12878,41.76793],[140.12781,41.76778],[140.12799,41.76527],[140.12941,41.76443],[140.13054,41.76419],[140.13171,41.76326],[140.13357,41.76334],[140.13453,41.76303],[140.13594,41.76191],[140.13758,41.76204],[140.13802,41.76129],[140.1415,41.7603],[140.14166,41.75855],[140.14043,41.75818],[140.13949,41.75706],[140.13917,41.75504],[140.13996,41.75446],[140.14106,41.75275],[140.1408,41.75145],[140.14249,41.74971],[140.14237,41.74716],[140.14317,41.74715]]]}},{"type":"Feature","properties":{"m":"字豊田","b":[140.1284,41.7857,140.2488,41.8571],"c":[140.20342,41.8113]},"geometry":{"type":"Polygon","coordinates":[[[140.20878,41.85533],[140.20798,41.85301],[140.20889,41.85171],[140.20946,41.84967],[140.20733,41.84723],[140.20718,41.84605],[140.2094,41.84563],[140.2113,41.8449],[140.21202,41.8434],[140.21484,41.84189],[140.21602,41.84022],[140.21764,41.84027],[140.21966,41.83657],[140.22134,41.83521],[140.22355,41.83434],[140.22344,41.833],[140.22253,41.83199],[140.22216,41.83091],[140.22159,41.82672],[140.22301,41.82506],[140.22269,41.824],[140.22328,41.8225],[140.22335,41.82009],[140.2211,41.81942],[140.21994,41.81787],[140.21942,41.81636],[140.21681,41.81439],[140.21555,41.81381],[140.21505,41.81299],[140.21269,41.81199],[140.21105,41.81181],[140.20864,41.81098],[140.20719,41.81091],[140.20588,41.81138],[140.20406,41.81024],[140.20048,41.80971],[140.19652,41.80986],[140.19307,41.81133],[140.19182,41.81132],[140.18813,41.81208],[140.18673,41.81177],[140.18275,41.81229],[140.18188,41.81204],[140.17859,41.81277],[140.17762,41.81236],[140.17501,41.81243],[140.17373,41.81146],[140.17186,41.81053],[140.17025,41.81134],[140.16833,41.81123],[140.16734,41.81188],[140.16463,41.81243],[140.16292,41.81218],[140.16312,41.81019],[140.16962,41.80985],[140.17218,41.80922],[140.17551,41.80925],[140.17501,41.80788],[140.17239,41.80786],[140.16951,41.80746],[140.16594,41.80724],[140.16542,41.8044],[140.16566,41.8032],[140.15831,41.80376],[140.15776,41.80359],[140.1579,41.80228],[140.15593,41.80204],[140.14788,41.80268],[140.13613,41.80408],[140.13126,41.80425],[140.12837,41.8028],[140.13045,41.8022],[140.14035,41.79959],[140.14343,41.79781],[140.14507,41.79621],[140.14725,41.79174],[140.14879,41.78828],[140.15759,41.78762],[140.16165,41.78723],[140.16787,41.78679],[140.17342,41.78675],[140.17506,41.78679],[140.18034,41.7901],[140.18239,41.79086],[140.18567,41.79155],[140.18679,41.79156],[140.19106,41.79087],[140.1937,41.79024],[140.19485,41.78955],[140.19566,41.78789],[140.19791,41.78683],[140.20113,41.7857],[140.20616,41.7867],[140.2089,41.78749],[140.21124,41.78842],[140.21326,41.78949],[140.21559,41.79104],[140.21722,41.79259],[140.22053,41.79465],[140.2225,41.79516],[140.2258,41.79561],[140.22916,41.79656],[140.23305,41.7984],[140.23604,41.80038],[140.23719,41.80172],[140.23903,41.80326],[140.23929,41.80516],[140.23825,41.80596],[140.23787,41.80744],[140.2402,41.81119],[140.24189,41.81617],[140.24138,41.82],[140.23985,41.8211],[140.24203,41.82272],[140.24448,41.82489],[140.24611,41.82595],[140.24817,41.82816],[140.24882,41.82941],[140.24856,41.83188],[140.24771,41.83328],[140.24465,41.8354],[140.24224,41.8374],[140.23734,41.84057],[140.23358,41.84524],[140.23042,41.84708],[140.22768,41.85048],[140.22644,41.85134],[140.22331,41.85432],[140.22042,41.85534],[140.21663,41.85572],[140.21396,41.85577],[140.21228,41.85674],[140.21109,41.85707],[140.20878,41.85533]]]}},{"type":"Feature","properties":{"m":"字中須田","b":[140.1253,41.7752,140.1617,41.7978],"c":[140.14344,41.7865]},"geometry":{"type":"Polygon","coordinates":[[[140.16165,41.78723],[140.15759,41.78762],[140.14879,41.78828],[140.14725,41.79174],[140.14507,41.79621],[140.14343,41.79781],[140.13925,41.79566],[140.13837,41.79626],[140.1356,41.79699],[140.1347,41.79628],[140.13266,41.79758],[140.1322,41.79631],[140.13107,41.79541],[140.13469,41.79369],[140.13262,41.79358],[140.13197,41.79233],[140.13031,41.79193],[140.12881,41.79026],[140.12644,41.78975],[140.12528,41.78874],[140.12596,41.78837],[140.12948,41.78635],[140.13075,41.78566],[140.13255,41.78478],[140.13479,41.78284],[140.13608,41.78199],[140.13848,41.77986],[140.14095,41.77998],[140.14313,41.77939],[140.14439,41.7783],[140.14485,41.77762],[140.14513,41.77579],[140.14536,41.77549],[140.14829,41.77657],[140.14913,41.77801],[140.15237,41.77517],[140.15624,41.77902],[140.15535,41.77964],[140.15807,41.78101],[140.15893,41.7821],[140.15934,41.78544],[140.15999,41.78636],[140.16165,41.78723]]]}},{"type":"Feature","properties":{"m":"字新村","b":[140.1191,41.7887,140.1434,41.8022],"c":[140.12912,41.79611]},"geometry":{"type":"Polygon","coordinates":[[[140.12528,41.78874],[140.12644,41.78975],[140.12881,41.79026],[140.13031,41.79193],[140.13197,41.79233],[140.13262,41.79358],[140.13469,41.79369],[140.13107,41.79541],[140.1322,41.79631],[140.13266,41.79758],[140.1347,41.79628],[140.1356,41.79699],[140.13837,41.79626],[140.13925,41.79566],[140.14343,41.79781],[140.14035,41.79959],[140.13045,41.8022],[140.13102,41.80119],[140.12903,41.80069],[140.12568,41.80088],[140.1242,41.80065],[140.12295,41.79939],[140.12394,41.79777],[140.12368,41.79735],[140.12156,41.79723],[140.1191,41.79657],[140.11985,41.79425],[140.11998,41.79258],[140.12114,41.79171],[140.12155,41.79126],[140.12266,41.7899],[140.12415,41.78929],[140.12528,41.78874]]]}},{"type":"Feature","properties":{"m":"中央区","b":[140.1129,41.7966,140.1257,41.8047],"c":[140.11892,41.80068]},"geometry":{"type":"Polygon","coordinates":[[[140.12568,41.80088],[140.12304,41.80184],[140.1204,41.80232],[140.11903,41.80382],[140.11779,41.80374],[140.11608,41.80395],[140.11402,41.80466],[140.11286,41.80362],[140.11388,41.80205],[140.11396,41.80185],[140.11494,41.80048],[140.11686,41.79913],[140.1182,41.79754],[140.11897,41.79681],[140.1191,41.79657],[140.12156,41.79723],[140.12368,41.79735],[140.12394,41.79777],[140.12295,41.79939],[140.1242,41.80065],[140.12568,41.80088]]]}},{"type":"Feature","properties":{"m":"字大留","b":[140.1149,41.8007,140.1657,41.8099],"c":[140.13789,41.80561]},"geometry":{"type":"Polygon","coordinates":[[[140.16542,41.8044],[140.163,41.80509],[140.15687,41.8062],[140.14972,41.80829],[140.14292,41.80963],[140.13777,41.8099],[140.13463,41.80978],[140.13298,41.80952],[140.12989,41.80802],[140.12668,41.80824],[140.12269,41.80817],[140.12096,41.80795],[140.12028,41.80879],[140.11835,41.80899],[140.11687,41.80863],[140.11541,41.80889],[140.11504,41.80846],[140.11493,41.80743],[140.11803,41.80646],[140.11805,41.80458],[140.11674,41.80469],[140.11608,41.80395],[140.11779,41.80374],[140.11903,41.80382],[140.1204,41.80232],[140.12304,41.80184],[140.12568,41.80088],[140.12903,41.80069],[140.13102,41.80119],[140.13045,41.8022],[140.12837,41.8028],[140.13126,41.80425],[140.13613,41.80408],[140.14788,41.80268],[140.15593,41.80204],[140.1579,41.80228],[140.15776,41.80359],[140.15831,41.80376],[140.16566,41.8032],[140.16542,41.8044]]]}},{"type":"Feature","properties":{"m":"字北村","b":[140.1137,41.8044,140.1755,41.8174],"c":[140.14055,41.81038]},"geometry":{"type":"Polygon","coordinates":[[[140.16312,41.81019],[140.15684,41.81057],[140.15516,41.81079],[140.15093,41.81137],[140.14905,41.81152],[140.14554,41.81217],[140.14271,41.81271],[140.1367,41.81278],[140.13301,41.81319],[140.12941,41.81397],[140.12572,41.81466],[140.12415,41.81491],[140.1238,41.81594],[140.12134,41.81741],[140.1196,41.81702],[140.1173,41.81306],[140.11365,41.80887],[140.11504,41.80846],[140.11541,41.80889],[140.11687,41.80863],[140.11835,41.80899],[140.12028,41.80879],[140.12096,41.80795],[140.12269,41.80817],[140.12668,41.80824],[140.12989,41.80802],[140.13298,41.80952],[140.13463,41.80978],[140.13777,41.8099],[140.14292,41.80963],[140.14972,41.80829],[140.15687,41.8062],[140.163,41.80509],[140.16542,41.8044],[140.16594,41.80724],[140.16951,41.80746],[140.17239,41.80786],[140.17501,41.80788],[140.17551,41.80925],[140.17218,41.80922],[140.16962,41.80985],[140.16312,41.81019]]]}},{"type":"Feature","properties":{"m":"字内郷","b":[140.1196,41.8102,140.1631,41.8253],"c":[140.13793,41.81578]},"geometry":{"type":"Polygon","coordinates":[[[140.16106,41.81251],[140.16055,41.81253],[140.15821,41.81297],[140.15569,41.81407],[140.15561,41.81449],[140.15549,41.81487],[140.15436,41.81544],[140.1527,41.81613],[140.1499,41.81591],[140.14871,41.81572],[140.14833,41.81494],[140.14798,41.81483],[140.14569,41.8141],[140.14313,41.81475],[140.14145,41.8145],[140.13902,41.81456],[140.13452,41.81518],[140.13365,41.8158],[140.13277,41.81661],[140.13107,41.8174],[140.13054,41.81855],[140.1311,41.81957],[140.13095,41.81971],[140.12907,41.82019],[140.12776,41.82116],[140.12707,41.82222],[140.12626,41.82272],[140.12551,41.82346],[140.12519,41.8243],[140.12423,41.82488],[140.12361,41.82509],[140.12289,41.82529],[140.12229,41.82284],[140.1196,41.81702],[140.12134,41.81741],[140.1238,41.81594],[140.12415,41.81491],[140.12572,41.81466],[140.12941,41.81397],[140.13301,41.81319],[140.1367,41.81278],[140.14271,41.81271],[140.14554,41.81217],[140.14905,41.81152],[140.15093,41.81137],[140.15516,41.81079],[140.15684,41.81057],[140.16312,41.81019],[140.16292,41.81218],[140.16106,41.81251]]]}},{"type":"Feature","properties":{"m":"字向浜","b":[140.1078,41.8036,140.1181,41.8089],"c":[140.11392,41.80594]},"geometry":{"type":"Polygon","coordinates":[[[140.11608,41.80395],[140.11674,41.80469],[140.11805,41.80458],[140.11803,41.80646],[140.11493,41.80743],[140.11504,41.80846],[140.11365,41.80887],[140.11057,41.80598],[140.10781,41.80483],[140.10902,41.80502],[140.11079,41.80472],[140.11286,41.80362],[140.11402,41.80466],[140.11608,41.80395]]]}},{"type":"Feature","properties":{"m":"字上ノ国","b":[140.0966,41.8005,140.1139,41.8082],"c":[140.10655,41.80398]},"geometry":{"type":"Polygon","coordinates":[[[140.11286,41.80362],[140.11079,41.80472],[140.10902,41.80502],[140.10781,41.80483],[140.10415,41.8045],[140.10117,41.8051],[140.09911,41.80686],[140.09818,41.80821],[140.09772,41.80815],[140.09659,41.8071],[140.09742,41.8063],[140.09804,41.80584],[140.09974,41.805],[140.10239,41.80389],[140.10318,41.80371],[140.10317,41.80336],[140.10342,41.80306],[140.10371,41.80336],[140.1038,41.80325],[140.10397,41.80283],[140.1042,41.803],[140.10424,41.80319],[140.10478,41.80322],[140.10518,41.80322],[140.1054,41.80321],[140.10555,41.80316],[140.1059,41.80336],[140.10627,41.80349],[140.1067,41.80343],[140.10696,41.80342],[140.10719,41.80335],[140.10832,41.80249],[140.10948,41.8016],[140.11,41.80148],[140.11018,41.80134],[140.11124,41.80061],[140.11173,41.80054],[140.11166,41.80073],[140.11266,41.80193],[140.11388,41.80205],[140.11286,41.80362]]]}},{"type":"Feature","properties":{"m":"字勝山","b":[140.0758,41.78,140.1211,41.8074],"c":[140.10053,41.79535]},"geometry":{"type":"Polygon","coordinates":[[[140.11934,41.78262],[140.11948,41.78461],[140.11933,41.78535],[140.11875,41.78631],[140.11835,41.7866],[140.1165,41.78701],[140.11639,41.7873],[140.11875,41.78876],[140.12049,41.79053],[140.12114,41.79171],[140.11998,41.79258],[140.11985,41.79425],[140.1191,41.79657],[140.11897,41.79681],[140.1182,41.79754],[140.11686,41.79913],[140.11494,41.80048],[140.11396,41.80185],[140.11388,41.80205],[140.11266,41.80193],[140.11166,41.80073],[140.11173,41.80054],[140.11124,41.80061],[140.11018,41.80134],[140.11,41.80148],[140.10948,41.8016],[140.10832,41.80249],[140.10719,41.80335],[140.10696,41.80342],[140.1067,41.80343],[140.10627,41.80349],[140.1059,41.80336],[140.10555,41.80316],[140.1054,41.80321],[140.10518,41.80322],[140.10478,41.80322],[140.10424,41.80319],[140.1042,41.803],[140.10397,41.80283],[140.1038,41.80325],[140.10371,41.80336],[140.10342,41.80306],[140.10317,41.80336],[140.10318,41.80371],[140.10239,41.80389],[140.09974,41.805],[140.09804,41.80584],[140.09742,41.8063],[140.09659,41.8071],[140.0947,41.8071],[140.09311,41.80729],[140.09216,41.80736],[140.09102,41.80731],[140.09294,41.80635],[140.09383,41.80558],[140.09401,41.80445],[140.09242,41.80384],[140.09121,41.80373],[140.0913,41.80255],[140.09335,41.80132],[140.09382,41.80043],[140.09359,41.79956],[140.09077,41.79987],[140.08838,41.79994],[140.08828,41.80128],[140.08704,41.80321],[140.08663,41.80353],[140.08565,41.80405],[140.08409,41.80423],[140.08014,41.80357],[140.07917,41.80338],[140.07632,41.8029],[140.07585,41.80225],[140.0758,41.80115],[140.07629,41.79706],[140.07599,41.79409],[140.07849,41.79429],[140.08048,41.7943],[140.08181,41.79374],[140.08406,41.79296],[140.08589,41.79272],[140.08799,41.79187],[140.09038,41.79088],[140.09195,41.7905],[140.09319,41.79061],[140.0939,41.79044],[140.09553,41.78947],[140.09624,41.78946],[140.09727,41.78945],[140.09978,41.78913],[140.10152,41.78845],[140.10488,41.78829],[140.10757,41.78796],[140.11066,41.78602],[140.11059,41.78484],[140.11062,41.78409],[140.11154,41.78345],[140.11181,41.78239],[140.11401,41.78022],[140.11578,41.78054],[140.11822,41.78003],[140.11934,41.78262]]]}},{"type":"Feature","properties":{"m":"字原歌","b":[140.0816,41.7996,140.0977,41.81],"c":[140.08936,41.80517]},"geometry":{"type":"Polygon","coordinates":[[[140.09772,41.80815],[140.09597,41.8095],[140.09484,41.81002],[140.09498,41.80939],[140.09374,41.80873],[140.09093,41.80947],[140.09098,41.80787],[140.09048,41.80743],[140.08862,41.80731],[140.08456,41.80914],[140.08423,41.80877],[140.08379,41.80863],[140.08351,41.80834],[140.08156,41.80383],[140.08409,41.80423],[140.08565,41.80405],[140.08663,41.80353],[140.08704,41.80321],[140.08828,41.80128],[140.08838,41.79994],[140.09077,41.79987],[140.09359,41.79956],[140.09382,41.80043],[140.09335,41.80132],[140.0913,41.80255],[140.09121,41.80373],[140.09242,41.80384],[140.09401,41.80445],[140.09383,41.80558],[140.09294,41.80635],[140.09102,41.80731],[140.09216,41.80736],[140.09311,41.80729],[140.0947,41.8071],[140.09659,41.8071],[140.09772,41.80815]]]}},{"type":"Feature","properties":{"m":"字大崎","b":[140.0693,41.7941,140.0846,41.8094],"c":[140.07603,41.8033]},"geometry":{"type":"Polygon","coordinates":[[[140.07629,41.79706],[140.0758,41.80115],[140.07585,41.80225],[140.07632,41.8029],[140.07917,41.80338],[140.08014,41.80357],[140.08156,41.80383],[140.08351,41.80834],[140.08379,41.80863],[140.08423,41.80877],[140.08456,41.80914],[140.08398,41.80943],[140.08134,41.80866],[140.08057,41.80898],[140.07971,41.80828],[140.07865,41.80839],[140.07589,41.8081],[140.07346,41.80624],[140.07238,41.80602],[140.07183,41.80502],[140.07084,41.80524],[140.06994,41.80454],[140.06925,41.8032],[140.07015,41.8028],[140.06999,41.80103],[140.0718,41.80099],[140.07307,41.79895],[140.07362,41.79421],[140.07509,41.79424],[140.07599,41.79409],[140.07629,41.79706]]]}},{"type":"Feature","properties":{"m":"字大安在","b":[140.0711,41.7324,140.1428,41.7943],"c":[140.11027,41.76564]},"geometry":{"type":"Polygon","coordinates":[[[140.12496,41.73254],[140.126,41.73438],[140.12723,41.73473],[140.12805,41.73566],[140.12917,41.73596],[140.1311,41.73578],[140.13411,41.7359],[140.13685,41.73724],[140.13678,41.73855],[140.13759,41.74047],[140.13789,41.74122],[140.13708,41.74239],[140.13717,41.74323],[140.13826,41.74363],[140.14052,41.74346],[140.14122,41.7431],[140.14218,41.74398],[140.14278,41.74469],[140.14229,41.74548],[140.14237,41.74716],[140.14249,41.74971],[140.1408,41.75145],[140.14106,41.75275],[140.13996,41.75446],[140.13917,41.75504],[140.13949,41.75706],[140.14043,41.75818],[140.14166,41.75855],[140.1415,41.7603],[140.13802,41.76129],[140.13758,41.76204],[140.13594,41.76191],[140.13453,41.76303],[140.13357,41.76334],[140.13171,41.76326],[140.13054,41.76419],[140.12941,41.76443],[140.12799,41.76527],[140.12781,41.76778],[140.12878,41.76793],[140.12951,41.7687],[140.12855,41.76936],[140.12874,41.76987],[140.13045,41.77071],[140.12602,41.77164],[140.12262,41.77348],[140.12154,41.77482],[140.12089,41.77747],[140.11822,41.78003],[140.11578,41.78054],[140.11401,41.78022],[140.11181,41.78239],[140.11154,41.78345],[140.11062,41.78409],[140.11059,41.78484],[140.11066,41.78602],[140.10757,41.78796],[140.10488,41.78829],[140.10152,41.78845],[140.09978,41.78913],[140.09727,41.78945],[140.09624,41.78946],[140.09553,41.78947],[140.0939,41.79044],[140.09319,41.79061],[140.09195,41.7905],[140.09038,41.79088],[140.08799,41.79187],[140.08589,41.79272],[140.08406,41.79296],[140.08181,41.79374],[140.08048,41.7943],[140.07849,41.79429],[140.07599,41.79409],[140.07509,41.79424],[140.07362,41.79421],[140.0738,41.79065],[140.07366,41.78373],[140.07266,41.77514],[140.07229,41.77343],[140.07108,41.77019],[140.07182,41.77106],[140.07359,41.77147],[140.07421,41.77242],[140.07641,41.77306],[140.07794,41.77417],[140.0804,41.77409],[140.08036,41.77527],[140.08163,41.77607],[140.08417,41.77599],[140.08495,41.77516],[140.08787,41.77442],[140.09151,41.77215],[140.09137,41.77101],[140.09398,41.76898],[140.09591,41.76852],[140.09767,41.76738],[140.09984,41.76643],[140.10172,41.76606],[140.10227,41.76553],[140.10403,41.76542],[140.10432,41.76441],[140.10653,41.7624],[140.10845,41.76156],[140.10926,41.75964],[140.11013,41.75874],[140.10841,41.75729],[140.10835,41.75592],[140.10712,41.7544],[140.10626,41.75434],[140.10436,41.75312],[140.10403,41.75236],[140.10273,41.75178],[140.10327,41.75139],[140.10399,41.7508],[140.10463,41.75051],[140.1051,41.74836],[140.10537,41.74788],[140.10607,41.74748],[140.10768,41.74637],[140.10875,41.74548],[140.10932,41.74526],[140.10951,41.74481],[140.11135,41.74409],[140.11235,41.74307],[140.11266,41.74165],[140.11258,41.74012],[140.11435,41.74031],[140.11645,41.74002],[140.11823,41.73978],[140.12023,41.73962],[140.12089,41.73901],[140.12223,41.73798],[140.12047,41.73597],[140.12204,41.73468],[140.12443,41.73288],[140.12485,41.73244],[140.12496,41.73254]]]}},{"type":"Feature","properties":{"m":"字小安在","b":[140.07,41.7504,140.1101,41.7761],"c":[140.09107,41.76314]},"geometry":{"type":"Polygon","coordinates":[[[140.07108,41.77019],[140.07048,41.76743],[140.06999,41.76658],[140.07044,41.76658],[140.0711,41.7664],[140.07266,41.76532],[140.07403,41.76518],[140.07484,41.7645],[140.07541,41.7643],[140.07641,41.76445],[140.07713,41.7637],[140.07763,41.76375],[140.07939,41.76308],[140.08,41.76344],[140.08083,41.7635],[140.0813,41.76321],[140.08292,41.76274],[140.08455,41.76221],[140.08535,41.76126],[140.08616,41.76081],[140.08722,41.76013],[140.08916,41.75938],[140.08948,41.75852],[140.09007,41.75744],[140.08973,41.75666],[140.08958,41.75585],[140.08906,41.75504],[140.08841,41.75377],[140.08869,41.75309],[140.08767,41.75228],[140.08866,41.75178],[140.09031,41.75125],[140.09178,41.75064],[140.09332,41.75108],[140.09549,41.75058],[140.09787,41.75043],[140.09924,41.7506],[140.1006,41.75056],[140.10273,41.75178],[140.10403,41.75236],[140.10436,41.75312],[140.10626,41.75434],[140.10712,41.7544],[140.10835,41.75592],[140.10841,41.75729],[140.11013,41.75874],[140.10926,41.75964],[140.10845,41.76156],[140.10653,41.7624],[140.10432,41.76441],[140.10403,41.76542],[140.10227,41.76553],[140.10172,41.76606],[140.09984,41.76643],[140.09767,41.76738],[140.09591,41.76852],[140.09398,41.76898],[140.09137,41.77101],[140.09151,41.77215],[140.08787,41.77442],[140.08495,41.77516],[140.08417,41.77599],[140.08163,41.77607],[140.08036,41.77527],[140.0804,41.77409],[140.07794,41.77417],[140.07641,41.77306],[140.07421,41.77242],[140.07359,41.77147],[140.07182,41.77106],[140.07108,41.77019]]]}},{"type":"Feature","properties":{"m":"字木ノ子","b":[140.0617,41.7083,140.1251,41.7666],"c":[140.09378,41.73423]},"geometry":{"type":"Polygon","coordinates":[[[140.12485,41.73244],[140.12443,41.73288],[140.12204,41.73468],[140.12047,41.73597],[140.12223,41.73798],[140.12089,41.73901],[140.12023,41.73962],[140.11823,41.73978],[140.11645,41.74002],[140.11435,41.74031],[140.11258,41.74012],[140.11266,41.74165],[140.11235,41.74307],[140.11135,41.74409],[140.10951,41.74481],[140.10932,41.74526],[140.10875,41.74548],[140.10768,41.74637],[140.10607,41.74748],[140.10537,41.74788],[140.1051,41.74836],[140.10463,41.75051],[140.10399,41.7508],[140.10327,41.75139],[140.10273,41.75178],[140.1006,41.75056],[140.09924,41.7506],[140.09787,41.75043],[140.09549,41.75058],[140.09332,41.75108],[140.09178,41.75064],[140.09031,41.75125],[140.08866,41.75178],[140.08767,41.75228],[140.08869,41.75309],[140.08841,41.75377],[140.08906,41.75504],[140.08958,41.75585],[140.08973,41.75666],[140.09007,41.75744],[140.08948,41.75852],[140.08916,41.75938],[140.08722,41.76013],[140.08616,41.76081],[140.08535,41.76126],[140.08455,41.76221],[140.08292,41.76274],[140.0813,41.76321],[140.08083,41.7635],[140.08,41.76344],[140.07939,41.76308],[140.07763,41.76375],[140.07713,41.7637],[140.07641,41.76445],[140.07541,41.7643],[140.07484,41.7645],[140.07403,41.76518],[140.07266,41.76532],[140.0711,41.7664],[140.07044,41.76658],[140.06999,41.76658],[140.06866,41.76314],[140.06739,41.76203],[140.06697,41.75984],[140.06457,41.75854],[140.0634,41.75513],[140.06173,41.75267],[140.06209,41.75225],[140.06381,41.7521],[140.06454,41.75315],[140.06946,41.75306],[140.07199,41.75209],[140.07457,41.75179],[140.07877,41.75215],[140.0811,41.75087],[140.07963,41.74974],[140.07907,41.74876],[140.07852,41.7452],[140.07473,41.74273],[140.07427,41.74205],[140.07395,41.73917],[140.07436,41.73845],[140.07447,41.73617],[140.07326,41.73474],[140.07243,41.73262],[140.07163,41.73125],[140.07375,41.72998],[140.07414,41.72828],[140.07421,41.72586],[140.07354,41.72211],[140.07303,41.71832],[140.07242,41.71651],[140.07701,41.71525],[140.08122,41.71327],[140.08589,41.71224],[140.09096,41.71224],[140.09733,41.71019],[140.102,41.70848],[140.1031,41.7083],[140.10502,41.71154],[140.10762,41.71207],[140.10936,41.71293],[140.11066,41.71309],[140.11179,41.71374],[140.11469,41.71458],[140.1149,41.71558],[140.11618,41.71699],[140.11621,41.71795],[140.11742,41.71847],[140.1187,41.72082],[140.12271,41.72401],[140.12479,41.7269],[140.12508,41.72866],[140.12478,41.73028],[140.12485,41.73244]]]}},{"type":"Feature","properties":{"m":"字扇石","b":[140.055,41.7326,140.0811,41.7531],"c":[140.06818,41.74514]},"geometry":{"type":"Polygon","coordinates":[[[140.06173,41.75267],[140.06071,41.75151],[140.06015,41.74953],[140.05876,41.74777],[140.05743,41.74534],[140.05617,41.74459],[140.05505,41.7426],[140.05559,41.74161],[140.05678,41.74104],[140.05748,41.74166],[140.06031,41.74001],[140.06256,41.73891],[140.06811,41.73803],[140.06918,41.73686],[140.07051,41.73485],[140.07208,41.73336],[140.07243,41.73262],[140.07326,41.73474],[140.07447,41.73617],[140.07436,41.73845],[140.07395,41.73917],[140.07427,41.74205],[140.07473,41.74273],[140.07852,41.7452],[140.07907,41.74876],[140.07963,41.74974],[140.0811,41.75087],[140.07877,41.75215],[140.07457,41.75179],[140.07199,41.75209],[140.06946,41.75306],[140.06454,41.75315],[140.06381,41.7521],[140.06209,41.75225],[140.06173,41.75267]]]}},{"type":"Feature","properties":{"m":"字汐吹","b":[140.0444,41.7165,140.0742,41.7426],"c":[140.06123,41.73168]},"geometry":{"type":"Polygon","coordinates":[[[140.07243,41.73262],[140.07208,41.73336],[140.07051,41.73485],[140.06918,41.73686],[140.06811,41.73803],[140.06256,41.73891],[140.06031,41.74001],[140.05748,41.74166],[140.05678,41.74104],[140.05559,41.74161],[140.05505,41.7426],[140.05305,41.74225],[140.05301,41.74177],[140.05124,41.7401],[140.04977,41.73929],[140.04938,41.73679],[140.04787,41.73407],[140.04608,41.73321],[140.04439,41.73086],[140.04531,41.73062],[140.04568,41.73032],[140.04566,41.72994],[140.04565,41.72959],[140.04654,41.7291],[140.0473,41.72892],[140.04798,41.72871],[140.049,41.72839],[140.04942,41.72829],[140.05657,41.72835],[140.05903,41.72818],[140.06107,41.72755],[140.06443,41.72492],[140.06556,41.72363],[140.06819,41.72141],[140.07078,41.71858],[140.07242,41.71651],[140.07303,41.71832],[140.07354,41.72211],[140.07421,41.72586],[140.07414,41.72828],[140.07375,41.72998],[140.07163,41.73125],[140.07243,41.73262]]]}},{"type":"Feature","properties":{"m":"字羽根差","b":[140.0272,41.7137,140.0494,41.7309],"c":[140.04014,41.72067]},"geometry":{"type":"Polygon","coordinates":[[[140.049,41.72839],[140.04798,41.72871],[140.0473,41.72892],[140.04654,41.7291],[140.04565,41.72959],[140.04566,41.72994],[140.04568,41.73032],[140.04531,41.73062],[140.04439,41.73086],[140.04341,41.72905],[140.04185,41.72775],[140.04153,41.72653],[140.03992,41.72442],[140.03865,41.72362],[140.03783,41.72233],[140.03629,41.72166],[140.03644,41.72103],[140.03557,41.71997],[140.03294,41.71884],[140.03178,41.71791],[140.03015,41.71744],[140.02953,41.7162],[140.02721,41.71459],[140.02782,41.71368],[140.03262,41.71447],[140.03551,41.71451],[140.03647,41.71461],[140.03777,41.71462],[140.03989,41.7146],[140.04092,41.71431],[140.04255,41.71417],[140.044,41.71403],[140.04456,41.71544],[140.04382,41.71605],[140.04276,41.71756],[140.04323,41.71846],[140.04459,41.72042],[140.04624,41.72189],[140.0471,41.72378],[140.04734,41.72422],[140.04789,41.72499],[140.04842,41.72533],[140.04909,41.72617],[140.049,41.72702],[140.04942,41.72829],[140.049,41.72839]]]}},{"type":"Feature","properties":{"m":"字石崎","b":[140.0231,41.7008,140.044,41.7146],"c":[140.03012,41.70798]},"geometry":{"type":"Polygon","coordinates":[[[140.04255,41.71417],[140.04092,41.71431],[140.03989,41.7146],[140.03777,41.71462],[140.03647,41.71461],[140.03551,41.71451],[140.03262,41.71447],[140.02782,41.71368],[140.02731,41.71127],[140.0257,41.70983],[140.02481,41.70734],[140.02308,41.70598],[140.02328,41.70538],[140.02323,41.70507],[140.02348,41.70404],[140.02383,41.7034],[140.02428,41.70274],[140.02495,41.70149],[140.02497,41.70078],[140.02645,41.7008],[140.02863,41.70147],[140.02854,41.7041],[140.03055,41.70381],[140.03287,41.70482],[140.03479,41.70347],[140.0356,41.70334],[140.03632,41.70565],[140.03524,41.70758],[140.03436,41.7098],[140.03422,41.71123],[140.03463,41.71376],[140.03551,41.71412],[140.04083,41.71405],[140.0417,41.71373],[140.04387,41.71373],[140.044,41.71403],[140.04255,41.71417]]]}},{"type":"Feature","properties":{"m":"字早川","b":[140.0102,41.5757,140.2013,41.7283],"c":[140.1081,41.65032]},"geometry":{"type":"Polygon","coordinates":[[[140.06244,41.59385],[140.063,41.59231],[140.06659,41.59076],[140.0674,41.59016],[140.07027,41.58965],[140.0742,41.59117],[140.0758,41.58984],[140.07774,41.58936],[140.08257,41.59087],[140.08431,41.59008],[140.08689,41.59084],[140.08916,41.59098],[140.09159,41.59028],[140.09372,41.59036],[140.09534,41.59156],[140.09681,41.59085],[140.09817,41.59191],[140.09944,41.59239],[140.10126,41.5901],[140.10308,41.58961],[140.1048,41.58734],[140.10618,41.58654],[140.10823,41.58611],[140.10922,41.58551],[140.11083,41.58519],[140.1117,41.58459],[140.11286,41.58275],[140.11234,41.5814],[140.11346,41.57986],[140.11535,41.57813],[140.11625,41.57667],[140.1162,41.57574],[140.11811,41.57613],[140.11882,41.57743],[140.12147,41.57921],[140.12344,41.57969],[140.12577,41.57988],[140.12913,41.58192],[140.13043,41.5832],[140.13201,41.58249],[140.13359,41.58231],[140.13559,41.58265],[140.13861,41.58198],[140.14114,41.58243],[140.14342,41.58255],[140.14558,41.58337],[140.1472,41.58318],[140.15028,41.58431],[140.1546,41.583],[140.15682,41.58176],[140.15876,41.58006],[140.16012,41.57925],[140.16284,41.57891],[140.16448,41.57749],[140.16743,41.57857],[140.16928,41.58019],[140.17186,41.58363],[140.17297,41.58439],[140.17363,41.58676],[140.17405,41.58723],[140.17619,41.58814],[140.17819,41.58846],[140.18046,41.58843],[140.18096,41.58911],[140.1837,41.58999],[140.18486,41.59118],[140.18515,41.59292],[140.18633,41.59383],[140.18791,41.59745],[140.1892,41.59808],[140.19014,41.59934],[140.19111,41.59971],[140.19335,41.59951],[140.19432,41.60022],[140.19427,41.60133],[140.195,41.60271],[140.19486,41.60489],[140.19548,41.6067],[140.19511,41.60855],[140.19333,41.61152],[140.19343,41.61293],[140.19476,41.61356],[140.19427,41.61431],[140.19432,41.61595],[140.19505,41.6171],[140.19435,41.6186],[140.19432,41.61977],[140.19558,41.62183],[140.19725,41.62204],[140.19851,41.62259],[140.19913,41.62434],[140.2003,41.62538],[140.20066,41.62639],[140.19893,41.62771],[140.19809,41.6301],[140.19812,41.63141],[140.19612,41.6325],[140.19366,41.63305],[140.19248,41.6342],[140.19314,41.63689],[140.19226,41.63901],[140.19322,41.63978],[140.19364,41.6412],[140.1944,41.64201],[140.1971,41.64251],[140.19873,41.64327],[140.19961,41.64432],[140.19993,41.64545],[140.20107,41.64639],[140.20126,41.64814],[140.2,41.64884],[140.19968,41.65039],[140.19847,41.65151],[140.19708,41.65185],[140.19567,41.65277],[140.1937,41.65529],[140.19398,41.65649],[140.19317,41.65857],[140.19106,41.66076],[140.19075,41.6617],[140.18946,41.66349],[140.18837,41.66389],[140.18832,41.66605],[140.18931,41.66735],[140.1883,41.66821],[140.18898,41.67028],[140.18835,41.67089],[140.18923,41.67206],[140.18889,41.67283],[140.19121,41.67436],[140.19224,41.67592],[140.1922,41.6776],[140.18971,41.67866],[140.18914,41.67993],[140.18758,41.68066],[140.1859,41.68078],[140.18574,41.6826],[140.18658,41.68304],[140.18792,41.68462],[140.18791,41.68631],[140.19011,41.68932],[140.18925,41.69106],[140.18907,41.69239],[140.18836,41.69326],[140.18586,41.69437],[140.18255,41.69547],[140.17849,41.69555],[140.1752,41.69504],[140.17143,41.69526],[140.16837,41.69594],[140.16382,41.69723],[140.16196,41.69801],[140.15657,41.69804],[140.15385,41.69871],[140.14873,41.70022],[140.14362,41.70203],[140.13503,41.70547],[140.13269,41.70632],[140.1275,41.70857],[140.121,41.71101],[140.11763,41.71143],[140.114,41.71071],[140.10974,41.70899],[140.10723,41.7084],[140.1031,41.7083],[140.102,41.70848],[140.09733,41.71019],[140.09096,41.71224],[140.08589,41.71224],[140.08122,41.71327],[140.07701,41.71525],[140.07242,41.71651],[140.07078,41.71858],[140.06819,41.72141],[140.06556,41.72363],[140.06443,41.72492],[140.06107,41.72755],[140.05903,41.72818],[140.05657,41.72835],[140.04942,41.72829],[140.049,41.72702],[140.04909,41.72617],[140.04842,41.72533],[140.04789,41.72499],[140.04734,41.72422],[140.0471,41.72378],[140.04624,41.72189],[140.04459,41.72042],[140.04323,41.71846],[140.04276,41.71756],[140.04382,41.71605],[140.04456,41.71544],[140.044,41.71403],[140.04387,41.71373],[140.0417,41.71373],[140.04083,41.71405],[140.03551,41.71412],[140.03463,41.71376],[140.03422,41.71123],[140.03436,41.7098],[140.03524,41.70758],[140.03632,41.70565],[140.0356,41.70334],[140.03479,41.70347],[140.03287,41.70482],[140.03055,41.70381],[140.02854,41.7041],[140.02863,41.70147],[140.02645,41.7008],[140.02497,41.70078],[140.02454,41.70072],[140.0239,41.70055],[140.02245,41.70039],[140.02227,41.69931],[140.02211,41.69754],[140.02257,41.69746],[140.02282,41.6946],[140.02245,41.69291],[140.02199,41.69093],[140.02188,41.68987],[140.02086,41.6886],[140.0198,41.68788],[140.01837,41.68614],[140.01678,41.68401],[140.01594,41.68266],[140.0151,41.68072],[140.01481,41.68],[140.01447,41.67858],[140.01387,41.67742],[140.0133,41.67655],[140.01277,41.67587],[140.0129,41.67404],[140.01199,41.67237],[140.01094,41.67029],[140.01058,41.66889],[140.0103,41.66748],[140.01018,41.66591],[140.01048,41.66415],[140.01058,41.66366],[140.01089,41.66226],[140.01084,41.66026],[140.01564,41.65851],[140.01548,41.65538],[140.01796,41.65525],[140.01885,41.65484],[140.02199,41.64941],[140.02367,41.64437],[140.02326,41.64218],[140.02182,41.63919],[140.02211,41.63717],[140.0216,41.63474],[140.02301,41.6318],[140.02634,41.63196],[140.0281,41.62887],[140.02779,41.62779],[140.02966,41.62832],[140.03144,41.62831],[140.03243,41.62889],[140.03518,41.62725],[140.03654,41.62511],[140.03733,41.62432],[140.03829,41.62429],[140.03745,41.62212],[140.03861,41.621],[140.03949,41.61876],[140.04118,41.6175],[140.04244,41.61602],[140.04613,41.61456],[140.04614,41.61334],[140.04719,41.61131],[140.04846,41.6106],[140.04967,41.60939],[140.0521,41.60861],[140.05394,41.60861],[140.05453,41.60807],[140.05801,41.60653],[140.05914,41.60631],[140.06081,41.60405],[140.06223,41.60168],[140.06196,41.60019],[140.06238,41.59805],[140.06327,41.59683],[140.06244,41.59385]]]}},{"type":"Feature","properties":{"m":"字館野","b":[140.0026,41.6568,140.0249,41.706],"c":[140.01261,41.68188]},"geometry":{"type":"Polygon","coordinates":[[[140.02428,41.70274],[140.02383,41.7034],[140.02348,41.70404],[140.02323,41.70507],[140.02328,41.70538],[140.02308,41.70598],[140.02115,41.70516],[140.02062,41.70374],[140.01921,41.7025],[140.0193,41.70113],[140.01824,41.70026],[140.01679,41.69993],[140.01664,41.69842],[140.012,41.69573],[140.01136,41.69419],[140.00919,41.69221],[140.00858,41.69099],[140.00956,41.68974],[140.00879,41.68768],[140.00856,41.68449],[140.00873,41.68233],[140.0069,41.68044],[140.00692,41.67871],[140.00599,41.67823],[140.0048,41.67645],[140.0044,41.6752],[140.00481,41.67294],[140.00353,41.6707],[140.00429,41.66789],[140.00446,41.66447],[140.00405,41.66297],[140.00417,41.66115],[140.00381,41.6596],[140.00257,41.65826],[140.00455,41.65793],[140.00927,41.65682],[140.01017,41.6571],[140.01084,41.66026],[140.01089,41.66226],[140.01058,41.66366],[140.01048,41.66415],[140.01018,41.66591],[140.0103,41.66748],[140.01058,41.66889],[140.01094,41.67029],[140.01199,41.67237],[140.0129,41.67404],[140.01277,41.67587],[140.0133,41.67655],[140.01387,41.67742],[140.01447,41.67858],[140.01481,41.68],[140.0151,41.68072],[140.01594,41.68266],[140.01678,41.68401],[140.01837,41.68614],[140.0198,41.68788],[140.02086,41.6886],[140.02188,41.68987],[140.02199,41.69093],[140.02245,41.69291],[140.02282,41.6946],[140.02257,41.69746],[140.02211,41.69754],[140.02227,41.69931],[140.02245,41.70039],[140.0239,41.70055],[140.02454,41.70072],[140.02495,41.70149],[140.02428,41.70274]]]}},{"type":"Feature","properties":{"m":"字小砂子","b":[139.9922,41.629,140.0237,41.6603],"c":[140.00961,41.64273]},"geometry":{"type":"Polygon","coordinates":[[[139.997,41.632],[139.9985,41.63214],[140.00136,41.63085],[140.00556,41.62974],[140.00869,41.62961],[140.01267,41.62897],[140.0159,41.62931],[140.01702,41.6304],[140.02183,41.632],[140.02301,41.6318],[140.0216,41.63474],[140.02211,41.63717],[140.02182,41.63919],[140.02326,41.64218],[140.02367,41.64437],[140.02199,41.64941],[140.01885,41.65484],[140.01796,41.65525],[140.01548,41.65538],[140.01564,41.65851],[140.01084,41.66026],[140.01017,41.6571],[140.00927,41.65682],[140.00455,41.65793],[140.00257,41.65826],[140.00109,41.65768],[140.00228,41.65696],[140.00211,41.65522],[140.00269,41.6533],[140.00257,41.652],[140.00134,41.65021],[139.99891,41.6494],[139.99673,41.64984],[139.99667,41.64916],[139.99761,41.64843],[139.99702,41.64704],[139.99819,41.64665],[139.99891,41.6457],[139.99844,41.64338],[139.99873,41.6417],[139.99679,41.63948],[139.9961,41.63964],[139.99627,41.63863],[139.99539,41.63806],[139.99403,41.63797],[139.99378,41.63702],[139.99232,41.63644],[139.99224,41.63562],[139.99371,41.63425],[139.99365,41.63253],[139.9931,41.63159],[139.99344,41.63017],[139.99573,41.63176],[139.997,41.632]]]}},{"type":"Feature","properties":{"m":"字美和","b":[140.1512,41.889,140.2295,41.9268],"c":[140.1834,41.90834]},"geometry":{"type":"Polygon","coordinates":[[[140.22948,41.88899],[140.22876,41.89064],[140.22787,41.89179],[140.22387,41.89436],[140.21865,41.89736],[140.21568,41.89864],[140.21366,41.90015],[140.21101,41.90248],[140.20987,41.90294],[140.19588,41.91042],[140.18418,41.91054],[140.17921,41.91663],[140.18459,41.92374],[140.18145,41.9253],[140.17866,41.92521],[140.17735,41.92558],[140.1757,41.92631],[140.17419,41.92679],[140.17354,41.92683],[140.16976,41.92599],[140.16888,41.92596],[140.16644,41.92643],[140.1645,41.92637],[140.16269,41.92635],[140.16121,41.92608],[140.15648,41.92437],[140.15148,41.92376],[140.15149,41.92154],[140.15202,41.92099],[140.15346,41.91922],[140.15389,41.91894],[140.1551,41.91807],[140.15546,41.91759],[140.15523,41.9159],[140.15245,41.91385],[140.15194,41.91262],[140.15185,41.91065],[140.15141,41.90957],[140.15124,41.90912],[140.15126,41.90832],[140.15154,41.90745],[140.15441,41.90758],[140.15769,41.90824],[140.1593,41.90891],[140.16254,41.9083],[140.16334,41.90875],[140.16433,41.90838],[140.16576,41.90703],[140.1678,41.90652],[140.16774,41.90589],[140.16865,41.90497],[140.17102,41.90492],[140.17308,41.9027],[140.17468,41.90134],[140.17598,41.90127],[140.17764,41.89993],[140.18008,41.89869],[140.18129,41.89846],[140.18494,41.89854],[140.18822,41.89758],[140.19038,41.89766],[140.19205,41.89667],[140.19453,41.89657],[140.19603,41.89617],[140.19658,41.89522],[140.19987,41.8943],[140.2029,41.89208],[140.20342,41.89239],[140.20629,41.89205],[140.20784,41.89165],[140.21271,41.89137],[140.21369,41.89166],[140.21485,41.89098],[140.21673,41.89092],[140.22149,41.89009],[140.22327,41.89025],[140.22493,41.8897],[140.22578,41.88987],[140.22744,41.88925],[140.22948,41.88899]]]}},{"type":"Feature","properties":{"m":"字富栄","b":[140.1792,41.9001,140.2167,41.9277],"c":[140.20022,41.91616]},"geometry":{"type":"Polygon","coordinates":[[[140.19516,41.92383],[140.19303,41.92266],[140.19181,41.92212],[140.19041,41.92217],[140.18926,41.92271],[140.18638,41.92308],[140.18564,41.92325],[140.18459,41.92374],[140.17921,41.91663],[140.18418,41.91054],[140.19588,41.91042],[140.20987,41.90294],[140.21101,41.90248],[140.21366,41.90015],[140.21435,41.914],[140.21334,41.91395],[140.21152,41.91501],[140.21078,41.91644],[140.21129,41.9195],[140.2145,41.91885],[140.21485,41.92104],[140.21542,41.92172],[140.21668,41.92213],[140.21671,41.92243],[140.21459,41.92317],[140.21423,41.92662],[140.21146,41.92625],[140.20925,41.92749],[140.20722,41.92766],[140.20499,41.92725],[140.19982,41.92546],[140.1969,41.92497],[140.19516,41.92383]]]}},{"type":"Feature","properties":{"m":"緑町","b":[140.2108,41.9138,140.2217,41.9221],"c":[140.21641,41.91773]},"geometry":{"type":"Polygon","coordinates":[[[140.21435,41.914],[140.21735,41.91382],[140.21956,41.91472],[140.22053,41.91729],[140.22172,41.91721],[140.22147,41.92016],[140.21993,41.92154],[140.21916,41.92179],[140.21668,41.92213],[140.21542,41.92172],[140.21485,41.92104],[140.2145,41.91885],[140.21129,41.9195],[140.21078,41.91644],[140.21152,41.91501],[140.21334,41.91395],[140.21435,41.914]]]}},{"type":"Feature","properties":{"m":"本町","b":[140.2217,41.9126,140.2516,41.9259],"c":[140.23762,41.9193]},"geometry":{"type":"Polygon","coordinates":[[[140.25157,41.91567],[140.25014,41.91772],[140.24767,41.92249],[140.24524,41.92526],[140.24394,41.9259],[140.24155,41.92567],[140.23972,41.92521],[140.2349,41.92311],[140.23161,41.92237],[140.22895,41.91963],[140.22642,41.91897],[140.22527,41.91791],[140.22269,41.91716],[140.22172,41.91721],[140.22377,41.91506],[140.22563,41.91387],[140.22972,41.91258],[140.22996,41.91275],[140.23292,41.91559],[140.23377,41.91576],[140.23445,41.91677],[140.23533,41.91754],[140.23854,41.91824],[140.24048,41.91861],[140.24208,41.91854],[140.24342,41.91801],[140.24443,41.91602],[140.24486,41.91492],[140.24677,41.91478],[140.25157,41.91567]]]}},{"type":"Feature","properties":{"m":"新町","b":[140.2192,41.9172,140.2316,41.9252],"c":[140.22566,41.92129]},"geometry":{"type":"Polygon","coordinates":[[[140.22172,41.91721],[140.22269,41.91716],[140.22527,41.91791],[140.22642,41.91897],[140.22895,41.91963],[140.23161,41.92237],[140.23155,41.92251],[140.2309,41.92328],[140.2302,41.92387],[140.22841,41.92523],[140.22644,41.92434],[140.22431,41.92374],[140.22167,41.92256],[140.21916,41.92179],[140.21993,41.92154],[140.22147,41.92016],[140.22172,41.91721]]]}},{"type":"Feature","properties":{"m":"松園町","b":[140.23,41.9093,140.2391,41.9164],"c":[140.23505,41.91345]},"geometry":{"type":"Polygon","coordinates":[[[140.23292,41.91559],[140.22996,41.91275],[140.23147,41.9123],[140.23523,41.91155],[140.23686,41.91077],[140.2391,41.90926],[140.23823,41.91123],[140.23785,41.9132],[140.23787,41.91506],[140.23738,41.9161],[140.23637,41.91638],[140.23377,41.91576],[140.23292,41.91559]]]}},{"type":"Feature","properties":{"m":"字上の山","b":[140.2338,41.9012,140.2516,41.9186],"c":[140.24412,41.9115]},"geometry":{"type":"Polygon","coordinates":[[[140.24677,41.91478],[140.24486,41.91492],[140.24443,41.91602],[140.24342,41.91801],[140.24208,41.91854],[140.24048,41.91861],[140.23854,41.91824],[140.23533,41.91754],[140.23445,41.91677],[140.23377,41.91576],[140.23637,41.91638],[140.23738,41.9161],[140.23787,41.91506],[140.23785,41.9132],[140.23823,41.91123],[140.2391,41.90926],[140.24209,41.90723],[140.24512,41.90495],[140.24637,41.90465],[140.25022,41.90121],[140.25062,41.90319],[140.25065,41.90427],[140.25021,41.90557],[140.24882,41.90753],[140.24848,41.91033],[140.24936,41.91039],[140.25,41.91128],[140.25097,41.91224],[140.25155,41.91414],[140.25157,41.91567],[140.24677,41.91478]]]}},{"type":"Feature","properties":{"m":"赤沼町","b":[140.2142,41.9218,140.2333,41.9397],"c":[140.22408,41.93054]},"geometry":{"type":"Polygon","coordinates":[[[140.21423,41.92662],[140.21459,41.92317],[140.21671,41.92243],[140.21668,41.92213],[140.21916,41.92179],[140.22167,41.92256],[140.22431,41.92374],[140.22644,41.92434],[140.22841,41.92523],[140.22908,41.92574],[140.22974,41.92634],[140.23117,41.92692],[140.23161,41.9289],[140.2325,41.93001],[140.23319,41.93204],[140.23329,41.93323],[140.23149,41.93555],[140.23028,41.93897],[140.22877,41.93874],[140.22798,41.93934],[140.22619,41.93966],[140.22319,41.93937],[140.22156,41.93805],[140.22145,41.93722],[140.21968,41.93617],[140.21876,41.93507],[140.21968,41.93326],[140.2165,41.92965],[140.21555,41.92786],[140.21578,41.9268],[140.21423,41.92662]]]}},{"type":"Feature","properties":{"m":"字上里","b":[140.2284,41.9225,140.2706,41.9509],"c":[140.25007,41.93492]},"geometry":{"type":"Polygon","coordinates":[[[140.24524,41.92526],[140.25091,41.92757],[140.25782,41.92926],[140.25948,41.93246],[140.26096,41.93357],[140.26494,41.93502],[140.26591,41.93594],[140.26689,41.93778],[140.26843,41.94042],[140.27059,41.94198],[140.26753,41.94282],[140.26169,41.94365],[140.25921,41.9466],[140.25669,41.95028],[140.25545,41.95087],[140.2537,41.94719],[140.25332,41.94655],[140.25223,41.94509],[140.25016,41.9435],[140.2497,41.94318],[140.24846,41.94183],[140.24764,41.94012],[140.24684,41.93953],[140.24602,41.93877],[140.24472,41.936],[140.24262,41.93461],[140.24099,41.9346],[140.23775,41.93488],[140.236,41.93454],[140.23329,41.93323],[140.23319,41.93204],[140.2325,41.93001],[140.23161,41.9289],[140.23117,41.92692],[140.22974,41.92634],[140.22908,41.92574],[140.22841,41.92523],[140.2302,41.92387],[140.2309,41.92328],[140.23155,41.92251],[140.2349,41.92311],[140.23972,41.92521],[140.24155,41.92567],[140.24394,41.9259],[140.24524,41.92526]]]}},{"type":"Feature","properties":{"m":"字滝野","b":[140.2303,41.9332,140.2579,41.9619],"c":[140.24496,41.94629]},"geometry":{"type":"Polygon","coordinates":[[[140.23028,41.93897],[140.23149,41.93555],[140.23329,41.93323],[140.236,41.93454],[140.23775,41.93488],[140.24099,41.9346],[140.24262,41.93461],[140.24472,41.936],[140.24602,41.93877],[140.24684,41.93953],[140.24764,41.94012],[140.24846,41.94183],[140.2497,41.94318],[140.25016,41.9435],[140.25223,41.94509],[140.25332,41.94655],[140.2537,41.94719],[140.25545,41.95087],[140.25681,41.95522],[140.25745,41.9577],[140.25788,41.96188],[140.25457,41.95962],[140.25105,41.95803],[140.24796,41.9569],[140.24533,41.95572],[140.24576,41.95517],[140.24318,41.95176],[140.24163,41.95063],[140.2398,41.94983],[140.23845,41.95001],[140.23739,41.94945],[140.23678,41.94721],[140.2371,41.94666],[140.23616,41.94568],[140.23557,41.94417],[140.23589,41.94324],[140.23706,41.9429],[140.23668,41.94129],[140.23538,41.94006],[140.23304,41.93935],[140.23028,41.93897]]]}},{"type":"Feature","properties":{"m":"字稲見","b":[140.2554,41.942,140.2984,41.9861],"c":[140.27569,41.9612]},"geometry":{"type":"Polygon","coordinates":[[[140.27059,41.94198],[140.27409,41.94392],[140.2767,41.94557],[140.27964,41.94692],[140.28144,41.94775],[140.28313,41.94927],[140.28574,41.95092],[140.28736,41.95206],[140.29004,41.95433],[140.29346,41.95731],[140.29567,41.95981],[140.29766,41.96251],[140.29838,41.96312],[140.29319,41.96614],[140.28886,41.96795],[140.28588,41.97005],[140.28439,41.97241],[140.28482,41.97472],[140.28627,41.97653],[140.2869,41.97774],[140.28727,41.97965],[140.28799,41.98607],[140.28672,41.98599],[140.28263,41.9849],[140.27973,41.98353],[140.27629,41.9822],[140.27373,41.9812],[140.27319,41.9802],[140.27405,41.97816],[140.27456,41.97674],[140.27181,41.97351],[140.26854,41.97027],[140.26548,41.96713],[140.26417,41.96608],[140.26041,41.96427],[140.25917,41.96343],[140.25788,41.96188],[140.25745,41.9577],[140.25681,41.95522],[140.25545,41.95087],[140.25669,41.95028],[140.25921,41.9466],[140.26169,41.94365],[140.26753,41.94282],[140.27059,41.94198]]]}},{"type":"Feature","properties":{"m":"字清水","b":[140.2419,41.9345,140.4709,42.054],"c":[140.36472,41.99658]},"geometry":{"type":"Polygon","coordinates":[[[140.44334,41.9375],[140.44475,41.93832],[140.4464,41.93839],[140.44719,41.93902],[140.44821,41.93964],[140.44932,41.9399],[140.44947,41.94006],[140.44964,41.94021],[140.44979,41.94117],[140.45052,41.94166],[140.45257,41.94329],[140.4539,41.94402],[140.45543,41.94437],[140.45696,41.94481],[140.45783,41.94662],[140.45883,41.94792],[140.45913,41.94952],[140.45991,41.95134],[140.46041,41.95184],[140.46396,41.95274],[140.46714,41.95245],[140.46789,41.95191],[140.46865,41.95249],[140.47064,41.95328],[140.46973,41.9564],[140.47036,41.95741],[140.4691,41.95846],[140.4683,41.9591],[140.46784,41.95994],[140.46814,41.96248],[140.46908,41.965],[140.46876,41.96608],[140.46693,41.96963],[140.46712,41.97028],[140.46773,41.97077],[140.46769,41.97177],[140.46737,41.97205],[140.46569,41.97287],[140.46451,41.97603],[140.46505,41.97658],[140.46515,41.97764],[140.46553,41.9787],[140.46578,41.97955],[140.46506,41.98063],[140.46438,41.98156],[140.46448,41.9834],[140.46448,41.98454],[140.46463,41.9868],[140.46516,41.98731],[140.46622,41.98921],[140.46708,41.99077],[140.4681,41.99104],[140.47052,41.99313],[140.47086,41.99344],[140.47004,41.99504],[140.46604,41.99727],[140.46494,41.99838],[140.46439,42.00076],[140.4649,42.00195],[140.4635,42.00212],[140.46078,42.00328],[140.45977,42.00443],[140.45868,42.00492],[140.45758,42.00696],[140.45516,42.00843],[140.45393,42.01032],[140.4534,42.01226],[140.45101,42.01308],[140.44939,42.01391],[140.44398,42.01488],[140.44365,42.01636],[140.44281,42.01742],[140.44034,42.01818],[140.43868,42.01837],[140.43751,42.01894],[140.43547,42.02122],[140.43294,42.02226],[140.42955,42.02316],[140.42801,42.02327],[140.42723,42.02392],[140.42466,42.02526],[140.42067,42.02488],[140.41553,42.02578],[140.41285,42.02649],[140.41153,42.02612],[140.41068,42.02423],[140.40843,42.02396],[140.40576,42.02521],[140.40446,42.02548],[140.40053,42.02515],[140.39342,42.02784],[140.39165,42.02817],[140.39009,42.02918],[140.38834,42.02984],[140.38626,42.03283],[140.38429,42.03377],[140.38338,42.03495],[140.38316,42.03622],[140.38205,42.03832],[140.37873,42.04316],[140.37622,42.04381],[140.37578,42.04422],[140.37302,42.04399],[140.37146,42.042],[140.36899,42.04328],[140.36703,42.04369],[140.36197,42.04358],[140.35973,42.04313],[140.35942,42.04117],[140.36006,42.0388],[140.35984,42.03797],[140.35821,42.03805],[140.35523,42.03754],[140.35341,42.03775],[140.3523,42.03641],[140.35119,42.03576],[140.34923,42.03541],[140.34944,42.03685],[140.34863,42.03894],[140.3458,42.04102],[140.34429,42.04149],[140.34371,42.04249],[140.3409,42.0433],[140.33939,42.04401],[140.33886,42.04482],[140.33581,42.04441],[140.33422,42.04475],[140.33148,42.0449],[140.33103,42.04412],[140.32969,42.04359],[140.32673,42.04324],[140.32483,42.04337],[140.32283,42.0426],[140.3216,42.04166],[140.3199,42.04249],[140.31972,42.0437],[140.31655,42.04679],[140.31642,42.0491],[140.31415,42.0494],[140.31304,42.05033],[140.31294,42.0516],[140.31183,42.05287],[140.30846,42.05265],[140.3061,42.05378],[140.30414,42.05395],[140.30248,42.05346],[140.29975,42.05173],[140.29849,42.05073],[140.29753,42.05039],[140.29322,42.05038],[140.29103,42.04985],[140.2887,42.05085],[140.28812,42.05108],[140.28756,42.05106],[140.28662,42.05041],[140.2855,42.04989],[140.28345,42.04943],[140.28189,42.04851],[140.28015,42.04797],[140.28026,42.04626],[140.27949,42.04537],[140.27904,42.04286],[140.27703,42.04053],[140.27476,42.03966],[140.27322,42.03636],[140.27243,42.03373],[140.27201,42.03364],[140.27054,42.03171],[140.27199,42.02886],[140.27212,42.02799],[140.27116,42.02721],[140.26688,42.02561],[140.26593,42.02479],[140.26307,42.02307],[140.26244,42.02127],[140.26324,42.01985],[140.26397,42.01618],[140.26415,42.01317],[140.26562,42.01038],[140.26504,42.00861],[140.26584,42.00721],[140.26607,42.00468],[140.26788,42.00329],[140.26845,42.00126],[140.26851,41.99873],[140.27042,41.99589],[140.26975,41.99374],[140.26982,41.99269],[140.27133,41.99103],[140.27081,41.98975],[140.2679,41.98862],[140.26462,41.98837],[140.26364,41.98722],[140.26491,41.98401],[140.26458,41.98221],[140.2662,41.98114],[140.26524,41.97999],[140.26416,41.97775],[140.263,41.97741],[140.26102,41.97615],[140.26111,41.97513],[140.26023,41.97325],[140.25862,41.97194],[140.25844,41.97077],[140.25579,41.97057],[140.25382,41.96957],[140.25405,41.96853],[140.25317,41.96754],[140.25306,41.96539],[140.25247,41.96408],[140.24917,41.9628],[140.24838,41.96171],[140.24761,41.96169],[140.24587,41.96247],[140.24422,41.96195],[140.24214,41.95952],[140.24186,41.95753],[140.24267,41.9565],[140.24533,41.95572],[140.24796,41.9569],[140.25105,41.95803],[140.25457,41.95962],[140.25788,41.96188],[140.25917,41.96343],[140.26041,41.96427],[140.26417,41.96608],[140.26548,41.96713],[140.26854,41.97027],[140.27181,41.97351],[140.27456,41.97674],[140.27405,41.97816],[140.27319,41.9802],[140.27373,41.9812],[140.27629,41.9822],[140.27973,41.98353],[140.28263,41.9849],[140.28672,41.98599],[140.28799,41.98607],[140.28727,41.97965],[140.2869,41.97774],[140.28627,41.97653],[140.28482,41.97472],[140.28439,41.97241],[140.28588,41.97005],[140.28886,41.96795],[140.29319,41.96614],[140.29838,41.96312],[140.3012,41.96603],[140.30391,41.96768],[140.30706,41.96894],[140.3131,41.97107],[140.31867,41.97149],[140.32203,41.97137],[140.32589,41.97],[140.32819,41.96875],[140.33108,41.96616],[140.33461,41.96798],[140.34118,41.96981],[140.34593,41.97574],[140.34733,41.97695],[140.35233,41.97844],[140.35862,41.97837],[140.36209,41.97773],[140.36867,41.97548],[140.37201,41.97435],[140.37353,41.97383],[140.3751,41.9723],[140.3758,41.97096],[140.37627,41.9706],[140.37996,41.96983],[140.38225,41.96836],[140.38398,41.96646],[140.3844,41.96535],[140.38461,41.9641],[140.3859,41.96255],[140.38691,41.96141],[140.38754,41.95989],[140.38752,41.9569],[140.38751,41.95518],[140.38686,41.9522],[140.38658,41.95055],[140.38698,41.94928],[140.38834,41.94898],[140.3895,41.94983],[140.39205,41.95017],[140.39514,41.95078],[140.39906,41.95077],[140.4026,41.95059],[140.40646,41.95083],[140.4091,41.95135],[140.41155,41.95084],[140.41289,41.951],[140.41562,41.95108],[140.41763,41.95222],[140.42236,41.95457],[140.42699,41.95732],[140.42883,41.95879],[140.43107,41.96104],[140.43291,41.96294],[140.43453,41.96469],[140.43854,41.96961],[140.44074,41.97415],[140.44196,41.9762],[140.44378,41.97795],[140.4458,41.9784],[140.44672,41.97825],[140.44767,41.97779],[140.44904,41.97603],[140.45075,41.97451],[140.45314,41.97311],[140.45426,41.97226],[140.4547,41.97112],[140.45524,41.96924],[140.45497,41.96836],[140.4534,41.96638],[140.44967,41.96368],[140.44332,41.96101],[140.4422,41.96007],[140.43972,41.95778],[140.43685,41.95643],[140.4358,41.95529],[140.43264,41.95382],[140.42991,41.95309],[140.42597,41.95192],[140.42407,41.95143],[140.42034,41.95007],[140.41641,41.94902],[140.41335,41.94844],[140.41083,41.94806],[140.40603,41.94764],[140.39909,41.94724],[140.39671,41.94754],[140.39462,41.9478],[140.39342,41.94761],[140.39075,41.94574],[140.38972,41.94435],[140.38887,41.94149],[140.38889,41.94042],[140.3895,41.93941],[140.39072,41.93854],[140.42407,41.93453],[140.44379,41.93558],[140.44307,41.93632],[140.44334,41.9375]]]}},{"type":"Feature","properties":{"m":"字鶉","b":[140.2452,41.9093,140.3235,41.9631],"c":[140.28777,41.9312]},"geometry":{"type":"Polygon","coordinates":[[[140.25157,41.91567],[140.25155,41.91414],[140.25097,41.91224],[140.25432,41.91322],[140.25744,41.91606],[140.25972,41.91626],[140.26495,41.91192],[140.26996,41.91138],[140.27119,41.91303],[140.27375,41.91207],[140.27712,41.91011],[140.2793,41.90932],[140.28097,41.90957],[140.28674,41.91062],[140.29618,41.91339],[140.301,41.91435],[140.30586,41.91616],[140.30965,41.9171],[140.31295,41.91813],[140.31649,41.92038],[140.31872,41.92242],[140.3211,41.92493],[140.32266,41.9277],[140.32348,41.93054],[140.32132,41.93209],[140.31994,41.93219],[140.31859,41.93277],[140.31546,41.93231],[140.31446,41.9324],[140.31118,41.93364],[140.31104,41.934],[140.3126,41.93518],[140.31363,41.93717],[140.31433,41.94075],[140.31423,41.94322],[140.31333,41.94624],[140.31228,41.94901],[140.31061,41.95097],[140.30883,41.95269],[140.30539,41.95708],[140.30278,41.95998],[140.30073,41.9617],[140.29838,41.96312],[140.29766,41.96251],[140.29567,41.95981],[140.29346,41.95731],[140.29004,41.95433],[140.28736,41.95206],[140.28574,41.95092],[140.28313,41.94927],[140.28144,41.94775],[140.27964,41.94692],[140.2767,41.94557],[140.27409,41.94392],[140.27059,41.94198],[140.26843,41.94042],[140.26689,41.93778],[140.26591,41.93594],[140.26494,41.93502],[140.26096,41.93357],[140.25948,41.93246],[140.25782,41.92926],[140.25091,41.92757],[140.24524,41.92526],[140.24767,41.92249],[140.25014,41.91772],[140.25157,41.91567]]]}},{"type":"Feature","properties":{"m":"鶉町","b":[140.311,41.9243,140.348,41.9421],"c":[140.33034,41.93208]},"geometry":{"type":"Polygon","coordinates":[[[140.3211,41.92493],[140.32223,41.92506],[140.32511,41.92484],[140.32638,41.92439],[140.3283,41.92471],[140.33068,41.92468],[140.33386,41.92509],[140.33684,41.92504],[140.34017,41.92503],[140.34478,41.9243],[140.34626,41.92449],[140.34801,41.92529],[140.34804,41.92615],[140.34762,41.92748],[140.34465,41.92948],[140.34193,41.9312],[140.34204,41.93169],[140.34401,41.93397],[140.34459,41.9355],[140.34317,41.93653],[140.34217,41.93694],[140.33866,41.93739],[140.33336,41.93731],[140.3277,41.93646],[140.32748,41.93668],[140.32722,41.93712],[140.32721,41.93764],[140.32617,41.9384],[140.32576,41.93867],[140.32533,41.93913],[140.32481,41.93968],[140.3244,41.94008],[140.32435,41.94113],[140.32459,41.94135],[140.3214,41.94207],[140.31964,41.94185],[140.31945,41.94087],[140.31814,41.94012],[140.31733,41.93881],[140.31654,41.93866],[140.31363,41.93717],[140.3126,41.93518],[140.31104,41.934],[140.31118,41.93364],[140.31446,41.9324],[140.31546,41.93231],[140.31859,41.93277],[140.31994,41.93219],[140.32132,41.93209],[140.32348,41.93054],[140.32266,41.9277],[140.3211,41.92493]]]}},{"type":"Feature","properties":{"m":"字相生","b":[140.3244,41.9365,140.3846,41.9755],"c":[140.35931,41.9546]},"geometry":{"type":"Polygon","coordinates":[[[140.3844,41.96535],[140.38398,41.96646],[140.38225,41.96836],[140.37996,41.96983],[140.37627,41.9706],[140.3758,41.97096],[140.3751,41.9723],[140.37353,41.97383],[140.37201,41.97435],[140.36867,41.97548],[140.36761,41.97296],[140.36498,41.9678],[140.36414,41.96533],[140.36375,41.96261],[140.3619,41.95844],[140.36052,41.95582],[140.35845,41.95382],[140.35592,41.95198],[140.3525,41.94905],[140.35025,41.94773],[140.34809,41.94676],[140.3454,41.94518],[140.3435,41.94443],[140.3364,41.94303],[140.33434,41.94305],[140.33279,41.94327],[140.33173,41.94324],[140.32826,41.94214],[140.32659,41.94127],[140.32502,41.94113],[140.32435,41.94113],[140.3244,41.94008],[140.32481,41.93968],[140.32533,41.93913],[140.32576,41.93867],[140.32617,41.9384],[140.32721,41.93764],[140.32722,41.93712],[140.32748,41.93668],[140.3277,41.93646],[140.33336,41.93731],[140.33866,41.93739],[140.34217,41.93694],[140.34317,41.93653],[140.34634,41.93837],[140.35288,41.94269],[140.35744,41.94653],[140.36461,41.95109],[140.36706,41.95298],[140.37229,41.95675],[140.3741,41.95839],[140.37664,41.96009],[140.37842,41.96085],[140.38202,41.96349],[140.38461,41.9641],[140.3844,41.96535]]]}},{"type":"Feature","properties":{"m":"字共和","b":[140.2984,41.9372,140.3687,41.9784],"c":[140.3348,41.95951]},"geometry":{"type":"Polygon","coordinates":[[[140.29838,41.96312],[140.30073,41.9617],[140.30278,41.95998],[140.30539,41.95708],[140.30883,41.95269],[140.31061,41.95097],[140.31228,41.94901],[140.31333,41.94624],[140.31423,41.94322],[140.31433,41.94075],[140.31363,41.93717],[140.31654,41.93866],[140.31733,41.93881],[140.31814,41.94012],[140.31945,41.94087],[140.31964,41.94185],[140.3214,41.94207],[140.32459,41.94135],[140.32502,41.94113],[140.32659,41.94127],[140.32826,41.94214],[140.33173,41.94324],[140.33279,41.94327],[140.33434,41.94305],[140.3364,41.94303],[140.3435,41.94443],[140.3454,41.94518],[140.34809,41.94676],[140.35025,41.94773],[140.3525,41.94905],[140.35592,41.95198],[140.35845,41.95382],[140.36052,41.95582],[140.3619,41.95844],[140.36375,41.96261],[140.36414,41.96533],[140.36498,41.9678],[140.36761,41.97296],[140.36867,41.97548],[140.36209,41.97773],[140.35862,41.97837],[140.35233,41.97844],[140.34733,41.97695],[140.34593,41.97574],[140.34118,41.96981],[140.33461,41.96798],[140.33108,41.96616],[140.32819,41.96875],[140.32589,41.97],[140.32203,41.97137],[140.31867,41.97149],[140.3131,41.97107],[140.30706,41.96894],[140.30391,41.96768],[140.3012,41.96603],[140.29838,41.96312]]]}},{"type":"Feature","properties":{"m":"字旭丘","b":[140.3419,41.9295,140.3875,41.9641],"c":[140.36761,41.94539]},"geometry":{"type":"Polygon","coordinates":[[[140.38686,41.9522],[140.38751,41.95518],[140.38752,41.9569],[140.38754,41.95989],[140.38691,41.96141],[140.3859,41.96255],[140.38461,41.9641],[140.38202,41.96349],[140.37842,41.96085],[140.37664,41.96009],[140.3741,41.95839],[140.37229,41.95675],[140.36706,41.95298],[140.36461,41.95109],[140.35744,41.94653],[140.35288,41.94269],[140.34634,41.93837],[140.34317,41.93653],[140.34459,41.9355],[140.34401,41.93397],[140.34204,41.93169],[140.34193,41.9312],[140.34465,41.92948],[140.34637,41.93112],[140.34809,41.9314],[140.3512,41.93089],[140.35477,41.93123],[140.35551,41.93164],[140.35939,41.93249],[140.36055,41.93301],[140.36344,41.933],[140.36451,41.93323],[140.36683,41.935],[140.37301,41.93945],[140.37467,41.9405],[140.37615,41.94229],[140.37836,41.94407],[140.38147,41.94576],[140.38698,41.94928],[140.38658,41.95055],[140.38686,41.9522]]]}},{"type":"Feature","properties":{"m":"字木間内","b":[140.3659,41.929,140.3922,41.9493],"c":[140.37969,41.93962]},"geometry":{"type":"Polygon","coordinates":[[[140.38889,41.94042],[140.38887,41.94149],[140.38972,41.94435],[140.39075,41.94574],[140.39219,41.94687],[140.38987,41.94842],[140.38834,41.94898],[140.38698,41.94928],[140.38147,41.94576],[140.37836,41.94407],[140.37615,41.94229],[140.37467,41.9405],[140.37301,41.93945],[140.36683,41.935],[140.36591,41.93005],[140.36602,41.92901],[140.3681,41.92957],[140.37152,41.93168],[140.37664,41.93439],[140.37884,41.93595],[140.38121,41.93718],[140.38327,41.93743],[140.38675,41.93659],[140.38928,41.93748],[140.3908,41.9381],[140.39072,41.93854],[140.3895,41.93941],[140.38889,41.94042]]]}},{"type":"Feature","properties":{"m":"字社の山","b":[140.3447,41.9156,140.4046,41.9375],"c":[140.37631,41.92675]},"geometry":{"type":"Polygon","coordinates":[[[140.34762,41.92748],[140.34804,41.92615],[140.34801,41.92529],[140.34929,41.9235],[140.35158,41.92236],[140.35539,41.92172],[140.36229,41.92204],[140.36698,41.91914],[140.37364,41.91555],[140.38597,41.91939],[140.38807,41.91975],[140.39045,41.92055],[140.39637,41.92189],[140.40203,41.9238],[140.40347,41.92457],[140.40386,41.92589],[140.40347,41.9292],[140.40464,41.93113],[140.39964,41.92983],[140.39717,41.93001],[140.39613,41.93057],[140.39515,41.93205],[140.39432,41.93435],[140.39099,41.93537],[140.38928,41.93748],[140.38675,41.93659],[140.38327,41.93743],[140.38121,41.93718],[140.37884,41.93595],[140.37664,41.93439],[140.37152,41.93168],[140.3681,41.92957],[140.36602,41.92901],[140.36591,41.93005],[140.36683,41.935],[140.36451,41.93323],[140.36344,41.933],[140.36055,41.93301],[140.35939,41.93249],[140.35551,41.93164],[140.35477,41.93123],[140.3512,41.93089],[140.34809,41.9314],[140.34637,41.93112],[140.34465,41.92948],[140.34762,41.92748]]]}},{"type":"Feature","properties":{"m":"字峠下","b":[140.3883,41.9469,140.4552,41.9784],"c":[140.43265,41.96143]},"geometry":{"type":"Polygon","coordinates":[[[140.39671,41.94754],[140.39909,41.94724],[140.40603,41.94764],[140.41083,41.94806],[140.41335,41.94844],[140.41641,41.94902],[140.42034,41.95007],[140.42407,41.95143],[140.42597,41.95192],[140.42991,41.95309],[140.43264,41.95382],[140.4358,41.95529],[140.43685,41.95643],[140.43972,41.95778],[140.4422,41.96007],[140.44332,41.96101],[140.44967,41.96368],[140.4534,41.96638],[140.45497,41.96836],[140.45524,41.96924],[140.4547,41.97112],[140.45426,41.97226],[140.45314,41.97311],[140.45075,41.97451],[140.44904,41.97603],[140.44767,41.97779],[140.44672,41.97825],[140.4458,41.9784],[140.44378,41.97795],[140.44196,41.9762],[140.44074,41.97415],[140.43854,41.96961],[140.43453,41.96469],[140.43291,41.96294],[140.43107,41.96104],[140.42883,41.95879],[140.42699,41.95732],[140.42236,41.95457],[140.41763,41.95222],[140.41562,41.95108],[140.41289,41.951],[140.41155,41.95084],[140.4091,41.95135],[140.40646,41.95083],[140.4026,41.95059],[140.39906,41.95077],[140.39514,41.95078],[140.39205,41.95017],[140.3895,41.94983],[140.38834,41.94898],[140.38987,41.94842],[140.39219,41.94687],[140.39342,41.94761],[140.39462,41.9478],[140.39671,41.94754]]]}},{"type":"Feature","properties":{"m":"字新栄","b":[140.2793,41.8907,140.3202,41.9142],"c":[140.30079,41.90291]},"geometry":{"type":"Polygon","coordinates":[[[140.28674,41.91062],[140.28097,41.90957],[140.2793,41.90932],[140.28371,41.90709],[140.28589,41.90612],[140.28778,41.90474],[140.28976,41.90397],[140.29178,41.9037],[140.29347,41.90275],[140.29483,41.90209],[140.29665,41.90181],[140.29957,41.90064],[140.30175,41.89939],[140.30281,41.89679],[140.31041,41.89215],[140.31281,41.89074],[140.31469,41.89131],[140.31731,41.89132],[140.31788,41.89207],[140.32015,41.89503],[140.30122,41.90547],[140.30015,41.91418],[140.29618,41.91339],[140.28674,41.91062]]]}},{"type":"Feature","properties":{"m":"字当路","b":[140.2089,41.8457,140.3028,41.9173],"c":[140.2484,41.88614]},"geometry":{"type":"Polygon","coordinates":[[[140.21109,41.85707],[140.21228,41.85674],[140.21396,41.85577],[140.21663,41.85572],[140.22042,41.85534],[140.22331,41.85432],[140.22486,41.85471],[140.22634,41.85441],[140.2288,41.85231],[140.22993,41.85193],[140.23054,41.85084],[140.23242,41.85039],[140.23392,41.85053],[140.23746,41.84722],[140.23864,41.84693],[140.23986,41.84592],[140.24172,41.84567],[140.24351,41.85024],[140.2451,41.85246],[140.24816,41.85564],[140.24885,41.85584],[140.25299,41.86183],[140.25707,41.86747],[140.25803,41.86978],[140.25994,41.87194],[140.26897,41.87462],[140.27291,41.87675],[140.27838,41.87868],[140.28068,41.88066],[140.28152,41.88189],[140.28174,41.88307],[140.28149,41.88479],[140.28077,41.88623],[140.27989,41.88894],[140.27862,41.89128],[140.27734,41.8929],[140.27412,41.89509],[140.27484,41.89516],[140.27887,41.89409],[140.28521,41.89378],[140.2877,41.89413],[140.29201,41.89415],[140.29716,41.89349],[140.29899,41.89256],[140.29997,41.89269],[140.30192,41.89398],[140.30281,41.89679],[140.30175,41.89939],[140.29957,41.90064],[140.29665,41.90181],[140.29483,41.90209],[140.29347,41.90275],[140.29178,41.9037],[140.28976,41.90397],[140.28778,41.90474],[140.28589,41.90612],[140.28371,41.90709],[140.2793,41.90932],[140.27712,41.91011],[140.27375,41.91207],[140.27119,41.91303],[140.26996,41.91138],[140.26495,41.91192],[140.25972,41.91626],[140.25744,41.91606],[140.25432,41.91322],[140.25097,41.91224],[140.25,41.91128],[140.24936,41.91039],[140.24848,41.91033],[140.24882,41.90753],[140.25021,41.90557],[140.25065,41.90427],[140.25062,41.90319],[140.25022,41.90121],[140.24637,41.90465],[140.24512,41.90495],[140.24209,41.90723],[140.23686,41.91077],[140.23523,41.91155],[140.23147,41.9123],[140.22972,41.91258],[140.22563,41.91387],[140.22377,41.91506],[140.22172,41.91721],[140.22053,41.91729],[140.21956,41.91472],[140.21735,41.91382],[140.21435,41.914],[140.21366,41.90015],[140.21568,41.89864],[140.21865,41.89736],[140.22387,41.89436],[140.22787,41.89179],[140.22876,41.89064],[140.22948,41.88899],[140.23059,41.88826],[140.23055,41.88687],[140.2293,41.88532],[140.23123,41.88363],[140.23005,41.88255],[140.22922,41.88063],[140.22811,41.8801],[140.22629,41.87861],[140.22589,41.87658],[140.22305,41.87432],[140.22265,41.87395],[140.22246,41.87203],[140.222,41.87093],[140.21984,41.87038],[140.21633,41.87013],[140.21455,41.8706],[140.21281,41.87004],[140.21069,41.86889],[140.20898,41.86639],[140.20891,41.8656],[140.20977,41.86443],[140.21005,41.86197],[140.21069,41.86083],[140.21159,41.86037],[140.21109,41.85707]]]}},{"type":"Feature","properties":{"m":"南館町","b":[140.2417,41.8189,140.3366,41.8968],"c":[140.2917,41.86115]},"geometry":{"type":"Polygon","coordinates":[[[140.30107,41.81888],[140.30097,41.82063],[140.30263,41.82371],[140.30393,41.82651],[140.30677,41.83143],[140.30734,41.83243],[140.30947,41.83473],[140.31159,41.83756],[140.31243,41.84049],[140.3121,41.84377],[140.3114,41.84558],[140.31133,41.84812],[140.31181,41.85071],[140.31275,41.85356],[140.31459,41.85603],[140.31656,41.85756],[140.31994,41.8592],[140.32272,41.86029],[140.32686,41.86219],[140.33203,41.8656],[140.33337,41.8675],[140.33572,41.8719],[140.33665,41.87402],[140.33557,41.87573],[140.33196,41.88043],[140.32996,41.8845],[140.32878,41.88582],[140.32814,41.8846],[140.32683,41.88418],[140.32466,41.8852],[140.32301,41.88645],[140.32028,41.88783],[140.31974,41.88836],[140.31869,41.89074],[140.31731,41.89132],[140.31469,41.89131],[140.31281,41.89074],[140.31041,41.89215],[140.30281,41.89679],[140.30192,41.89398],[140.29997,41.89269],[140.29899,41.89256],[140.29716,41.89349],[140.29201,41.89415],[140.2877,41.89413],[140.28521,41.89378],[140.27887,41.89409],[140.27484,41.89516],[140.27412,41.89509],[140.27734,41.8929],[140.27862,41.89128],[140.27989,41.88894],[140.28077,41.88623],[140.28149,41.88479],[140.28174,41.88307],[140.28152,41.88189],[140.28068,41.88066],[140.27838,41.87868],[140.27291,41.87675],[140.26897,41.87462],[140.25994,41.87194],[140.25803,41.86978],[140.25707,41.86747],[140.25299,41.86183],[140.24885,41.85584],[140.24816,41.85564],[140.2451,41.85246],[140.24351,41.85024],[140.24172,41.84567],[140.24274,41.84549],[140.24515,41.84416],[140.24664,41.84432],[140.24698,41.84579],[140.24886,41.84745],[140.25092,41.84674],[140.25175,41.84551],[140.25349,41.84537],[140.25634,41.84182],[140.25773,41.84183],[140.25934,41.84059],[140.26011,41.84046],[140.26246,41.8409],[140.26756,41.84097],[140.26748,41.84007],[140.26823,41.83883],[140.26956,41.83781],[140.26978,41.83718],[140.27129,41.83655],[140.27496,41.83382],[140.27514,41.83331],[140.27808,41.83186],[140.2786,41.83084],[140.27976,41.83041],[140.28079,41.82931],[140.28439,41.82933],[140.28693,41.82888],[140.29015,41.82953],[140.29103,41.82768],[140.29096,41.82643],[140.29263,41.82489],[140.29357,41.82442],[140.29299,41.82298],[140.29295,41.82172],[140.29615,41.82175],[140.29911,41.82053],[140.30015,41.81931],[140.30107,41.81888]]]}},{"type":"Feature","properties":{"m":"字城丘","b":[140.3068,41.8261,140.3733,41.8892],"c":[140.34101,41.8563]},"geometry":{"type":"Polygon","coordinates":[[[140.30677,41.83143],[140.31837,41.83132],[140.32749,41.82615],[140.32922,41.82666],[140.33228,41.82819],[140.33512,41.82933],[140.33848,41.83147],[140.34185,41.83453],[140.34361,41.83373],[140.34572,41.83322],[140.34805,41.83344],[140.34889,41.83392],[140.34938,41.83539],[140.34629,41.84184],[140.34666,41.84245],[140.34838,41.84145],[140.34985,41.84111],[140.35153,41.83966],[140.35382,41.83913],[140.35447,41.84024],[140.35225,41.84343],[140.35524,41.84426],[140.36026,41.84538],[140.36669,41.85035],[140.36855,41.85142],[140.37077,41.85368],[140.37229,41.85612],[140.37316,41.85896],[140.37328,41.86055],[140.37156,41.8619],[140.36946,41.86307],[140.36987,41.86359],[140.36843,41.86471],[140.36776,41.86476],[140.36788,41.86641],[140.36741,41.86807],[140.36609,41.86945],[140.36579,41.87088],[140.36669,41.87206],[140.36692,41.87341],[140.36573,41.87358],[140.3641,41.8731],[140.36133,41.87142],[140.36037,41.8722],[140.36042,41.87394],[140.36105,41.8754],[140.36251,41.87706],[140.3645,41.87713],[140.36535,41.87839],[140.36017,41.88094],[140.3614,41.88324],[140.35483,41.88335],[140.35401,41.88403],[140.35085,41.88757],[140.34868,41.88913],[140.34485,41.88769],[140.34236,41.88919],[140.34127,41.88887],[140.33983,41.88756],[140.3369,41.88605],[140.33424,41.88507],[140.33291,41.88484],[140.33198,41.8854],[140.33074,41.88715],[140.32952,41.88693],[140.32878,41.88582],[140.32996,41.8845],[140.33196,41.88043],[140.33557,41.87573],[140.33665,41.87402],[140.33572,41.8719],[140.33337,41.8675],[140.33203,41.8656],[140.32686,41.86219],[140.32272,41.86029],[140.31994,41.8592],[140.31656,41.85756],[140.31459,41.85603],[140.31275,41.85356],[140.31181,41.85071],[140.31133,41.84812],[140.3114,41.84558],[140.3121,41.84377],[140.31243,41.84049],[140.31159,41.83756],[140.30947,41.83473],[140.30734,41.83243],[140.30677,41.83143]]]}},{"type":"Feature","properties":{"m":"館町","b":[140.3173,41.8842,140.3528,41.8958],"c":[140.33483,41.88974]},"geometry":{"type":"Polygon","coordinates":[[[140.31788,41.89207],[140.31731,41.89132],[140.31869,41.89074],[140.31974,41.88836],[140.32028,41.88783],[140.32301,41.88645],[140.32466,41.8852],[140.32683,41.88418],[140.32814,41.8846],[140.32878,41.88582],[140.32952,41.88693],[140.33074,41.88715],[140.33198,41.8854],[140.33291,41.88484],[140.33424,41.88507],[140.3369,41.88605],[140.33983,41.88756],[140.34127,41.88887],[140.34236,41.88919],[140.34485,41.88769],[140.34868,41.88913],[140.35247,41.89029],[140.35283,41.89143],[140.35278,41.89326],[140.35225,41.89459],[140.35167,41.8958],[140.34865,41.89426],[140.34578,41.89281],[140.34362,41.89228],[140.34238,41.89273],[140.33997,41.89291],[140.33912,41.89266],[140.33471,41.89066],[140.33382,41.89032],[140.33336,41.88987],[140.33255,41.88936],[140.33252,41.88951],[140.33242,41.88978],[140.33197,41.89012],[140.33118,41.8903],[140.32998,41.8903],[140.32892,41.89035],[140.32567,41.89194],[140.32372,41.89214],[140.32317,41.89215],[140.32262,41.89236],[140.32202,41.89278],[140.32122,41.89293],[140.32126,41.89362],[140.32015,41.89503],[140.31788,41.89207]]]}},{"type":"Feature","properties":{"m":"字中館","b":[140.3002,41.8894,140.3736,41.9253],"c":[140.33502,41.9093]},"geometry":{"type":"Polygon","coordinates":[[[140.31295,41.91813],[140.30965,41.9171],[140.30586,41.91616],[140.301,41.91435],[140.30015,41.91418],[140.30122,41.90547],[140.32015,41.89503],[140.32126,41.89362],[140.32122,41.89293],[140.32202,41.89278],[140.32262,41.89236],[140.32317,41.89215],[140.32372,41.89214],[140.32567,41.89194],[140.32892,41.89035],[140.32998,41.8903],[140.33118,41.8903],[140.33197,41.89012],[140.33242,41.88978],[140.33252,41.88951],[140.33255,41.88936],[140.33336,41.88987],[140.33382,41.89032],[140.33471,41.89066],[140.33912,41.89266],[140.33997,41.89291],[140.34238,41.89273],[140.34362,41.89228],[140.34578,41.89281],[140.34865,41.89426],[140.35167,41.8958],[140.35496,41.89941],[140.35695,41.90321],[140.35843,41.90486],[140.3623,41.90749],[140.36601,41.90907],[140.37364,41.91555],[140.36698,41.91914],[140.36229,41.92204],[140.35539,41.92172],[140.35158,41.92236],[140.34929,41.9235],[140.34801,41.92529],[140.34626,41.92449],[140.34478,41.9243],[140.34017,41.92503],[140.33684,41.92504],[140.33386,41.92509],[140.33068,41.92468],[140.3283,41.92471],[140.32638,41.92439],[140.32511,41.92484],[140.32223,41.92506],[140.3211,41.92493],[140.31872,41.92242],[140.31649,41.92038],[140.31295,41.91813]]]}},{"type":"Feature","properties":{"m":"字須賀","b":[140.3517,41.8592,140.4735,41.9385],"c":[140.41916,41.89875]},"geometry":{"type":"Polygon","coordinates":[[[140.44797,41.85987],[140.44705,41.86135],[140.44919,41.8616],[140.4498,41.86198],[140.45061,41.86261],[140.45137,41.86224],[140.45358,41.86174],[140.45569,41.86208],[140.45621,41.8624],[140.45719,41.86421],[140.45764,41.86453],[140.45936,41.86394],[140.46071,41.86363],[140.46104,41.86431],[140.46083,41.86541],[140.46176,41.86741],[140.46189,41.86935],[140.46144,41.87006],[140.46185,41.87105],[140.46168,41.87211],[140.46307,41.8736],[140.46454,41.87443],[140.46516,41.87629],[140.46433,41.87827],[140.46455,41.87912],[140.46541,41.87966],[140.46705,41.88115],[140.46846,41.88282],[140.46694,41.88331],[140.46639,41.88429],[140.46704,41.88484],[140.46688,41.88594],[140.46631,41.88785],[140.46714,41.88836],[140.46845,41.88841],[140.46955,41.88877],[140.47062,41.88978],[140.47043,41.89177],[140.47151,41.89335],[140.47203,41.89413],[140.47158,41.89523],[140.47176,41.89667],[140.47144,41.89756],[140.4715,41.89827],[140.47257,41.9001],[140.4735,41.9008],[140.47022,41.90285],[140.46863,41.90346],[140.46677,41.90394],[140.46451,41.90799],[140.46302,41.90938],[140.46188,41.90962],[140.45998,41.91043],[140.45882,41.9108],[140.45818,41.91236],[140.45776,41.91297],[140.45811,41.9147],[140.45662,41.91599],[140.4562,41.91613],[140.45501,41.91629],[140.45305,41.91675],[140.45359,41.91751],[140.45361,41.91771],[140.45302,41.91924],[140.45167,41.9209],[140.44992,41.92209],[140.44991,41.92363],[140.45099,41.92462],[140.45102,41.92493],[140.451,41.92661],[140.45141,41.92744],[140.45223,41.92823],[140.45251,41.92958],[140.45397,41.9302],[140.45293,41.93161],[140.45308,41.93239],[140.45006,41.93235],[140.44928,41.93326],[140.44653,41.93475],[140.44514,41.93471],[140.44379,41.93558],[140.42407,41.93453],[140.39072,41.93854],[140.3908,41.9381],[140.38928,41.93748],[140.39099,41.93537],[140.39432,41.93435],[140.39515,41.93205],[140.39613,41.93057],[140.39717,41.93001],[140.39964,41.92983],[140.40464,41.93113],[140.40347,41.9292],[140.40386,41.92589],[140.40347,41.92457],[140.40203,41.9238],[140.39637,41.92189],[140.39045,41.92055],[140.38807,41.91975],[140.38597,41.91939],[140.37364,41.91555],[140.36601,41.90907],[140.3623,41.90749],[140.35843,41.90486],[140.35695,41.90321],[140.35496,41.89941],[140.35167,41.8958],[140.35225,41.89459],[140.35278,41.89326],[140.35283,41.89143],[140.35247,41.89029],[140.3547,41.89037],[140.35815,41.89151],[140.36103,41.89104],[140.36286,41.89013],[140.36559,41.89004],[140.36876,41.88881],[140.36952,41.8876],[140.3687,41.88659],[140.36687,41.88562],[140.36818,41.88446],[140.37109,41.8831],[140.37429,41.88226],[140.37549,41.88174],[140.37578,41.88071],[140.37539,41.87843],[140.37819,41.87548],[140.37995,41.8775],[140.38206,41.87975],[140.38555,41.88264],[140.38692,41.88334],[140.38804,41.88363],[140.38853,41.8836],[140.38911,41.88311],[140.38928,41.88233],[140.38915,41.88003],[140.38848,41.87687],[140.41735,41.86743],[140.4222,41.86565],[140.42776,41.86411],[140.4333,41.86217],[140.43608,41.86151],[140.44091,41.86127],[140.44673,41.86019],[140.44754,41.85923],[140.44797,41.85987]]]}},{"type":"Feature","properties":{"m":"字富里","b":[140.301,41.7871,140.4613,41.8915],"c":[140.38265,41.835]},"geometry":{"type":"Polygon","coordinates":[[[140.44754,41.85923],[140.44673,41.86019],[140.44091,41.86127],[140.43608,41.86151],[140.4333,41.86217],[140.42776,41.86411],[140.4222,41.86565],[140.41735,41.86743],[140.38848,41.87687],[140.38915,41.88003],[140.38928,41.88233],[140.38911,41.88311],[140.38853,41.8836],[140.38804,41.88363],[140.38692,41.88334],[140.38555,41.88264],[140.38206,41.87975],[140.37995,41.8775],[140.37819,41.87548],[140.37539,41.87843],[140.37578,41.88071],[140.37549,41.88174],[140.37429,41.88226],[140.37109,41.8831],[140.36818,41.88446],[140.36687,41.88562],[140.3687,41.88659],[140.36952,41.8876],[140.36876,41.88881],[140.36559,41.89004],[140.36286,41.89013],[140.36103,41.89104],[140.35815,41.89151],[140.3547,41.89037],[140.35247,41.89029],[140.34868,41.88913],[140.35085,41.88757],[140.35401,41.88403],[140.35483,41.88335],[140.3614,41.88324],[140.36017,41.88094],[140.36535,41.87839],[140.3645,41.87713],[140.36251,41.87706],[140.36105,41.8754],[140.36042,41.87394],[140.36037,41.8722],[140.36133,41.87142],[140.3641,41.8731],[140.36573,41.87358],[140.36692,41.87341],[140.36669,41.87206],[140.36579,41.87088],[140.36609,41.86945],[140.36741,41.86807],[140.36788,41.86641],[140.36776,41.86476],[140.36843,41.86471],[140.36987,41.86359],[140.36946,41.86307],[140.37156,41.8619],[140.37328,41.86055],[140.37316,41.85896],[140.37229,41.85612],[140.37077,41.85368],[140.36855,41.85142],[140.36669,41.85035],[140.36026,41.84538],[140.35524,41.84426],[140.35225,41.84343],[140.35447,41.84024],[140.35382,41.83913],[140.35153,41.83966],[140.34985,41.84111],[140.34838,41.84145],[140.34666,41.84245],[140.34629,41.84184],[140.34938,41.83539],[140.34889,41.83392],[140.34805,41.83344],[140.34572,41.83322],[140.34361,41.83373],[140.34185,41.83453],[140.33848,41.83147],[140.33512,41.82933],[140.33228,41.82819],[140.32922,41.82666],[140.32749,41.82615],[140.31837,41.83132],[140.30677,41.83143],[140.30393,41.82651],[140.30263,41.82371],[140.30097,41.82063],[140.30107,41.81888],[140.30175,41.81849],[140.30138,41.81552],[140.30479,41.81414],[140.30682,41.81439],[140.31069,41.81281],[140.31178,41.81081],[140.31318,41.81014],[140.31475,41.8099],[140.31474,41.80888],[140.31533,41.80689],[140.31707,41.80665],[140.31835,41.80597],[140.32029,41.80589],[140.32041,41.8043],[140.32148,41.80293],[140.32268,41.80252],[140.32455,41.80085],[140.32561,41.80082],[140.32766,41.80167],[140.32932,41.80125],[140.32985,41.80183],[140.33297,41.80318],[140.33625,41.8025],[140.33941,41.80061],[140.34143,41.80016],[140.34342,41.80078],[140.34737,41.79948],[140.34828,41.79838],[140.34878,41.79661],[140.34999,41.79475],[140.35181,41.79256],[140.35423,41.79183],[140.355,41.78994],[140.35679,41.78877],[140.35756,41.7874],[140.35823,41.78708],[140.36071,41.7882],[140.36173,41.78954],[140.36247,41.79009],[140.36464,41.79083],[140.36561,41.79172],[140.36729,41.79231],[140.37046,41.79358],[140.37139,41.79404],[140.37166,41.79417],[140.3728,41.795],[140.3736,41.79622],[140.37438,41.79811],[140.37765,41.79889],[140.37888,41.79917],[140.37724,41.80189],[140.37741,41.80403],[140.37814,41.80556],[140.3806,41.80533],[140.38224,41.80628],[140.38571,41.80649],[140.38646,41.80686],[140.38789,41.80787],[140.38848,41.80882],[140.38947,41.80813],[140.39059,41.80726],[140.39184,41.80727],[140.39324,41.80658],[140.39458,41.80653],[140.39759,41.80575],[140.39862,41.80523],[140.3987,41.80592],[140.39952,41.80718],[140.40027,41.80776],[140.40151,41.80955],[140.4021,41.80964],[140.40719,41.80996],[140.40858,41.81134],[140.4086,41.81263],[140.41,41.81373],[140.41093,41.813],[140.41155,41.81258],[140.41225,41.81241],[140.41472,41.81231],[140.41663,41.81296],[140.41901,41.8133],[140.4209,41.813],[140.42186,41.81318],[140.42324,41.81275],[140.42409,41.81196],[140.42412,41.81072],[140.42674,41.80947],[140.42901,41.80875],[140.43046,41.80805],[140.43148,41.80874],[140.43157,41.81065],[140.433,41.81213],[140.43368,41.81395],[140.43463,41.81499],[140.43318,41.8163],[140.43364,41.81751],[140.43279,41.81865],[140.43305,41.81961],[140.4326,41.82042],[140.43069,41.82072],[140.42935,41.8215],[140.42926,41.82272],[140.42789,41.82365],[140.42744,41.82494],[140.42808,41.82636],[140.42905,41.82744],[140.42831,41.82861],[140.42842,41.82996],[140.42743,41.83092],[140.42815,41.8316],[140.43008,41.83226],[140.43213,41.83227],[140.4346,41.8341],[140.43662,41.83513],[140.43835,41.83539],[140.43971,41.83513],[140.43902,41.83679],[140.44048,41.83813],[140.44186,41.83883],[140.44327,41.83901],[140.44477,41.83974],[140.4458,41.84277],[140.44761,41.84346],[140.44988,41.84166],[140.45085,41.84132],[140.45262,41.84136],[140.45475,41.84187],[140.4567,41.84157],[140.4571,41.84252],[140.45937,41.8436],[140.4604,41.8447],[140.45961,41.84628],[140.46128,41.84713],[140.46109,41.85078],[140.45899,41.85257],[140.45558,41.85351],[140.45481,41.85439],[140.45333,41.85524],[140.45305,41.85609],[140.4504,41.85764],[140.44841,41.85678],[140.44692,41.85731],[140.44754,41.85923]]]}},{"type":"Feature","properties":{"m":"字滝瀬","b":[140.1265,41.9525,140.1412,41.9649],"c":[140.13365,41.95981]},"geometry":{"type":"Polygon","coordinates":[[[140.13398,41.95263],[140.13535,41.95325],[140.13599,41.95526],[140.13754,41.95664],[140.13933,41.95718],[140.13976,41.95875],[140.14116,41.95997],[140.14043,41.96184],[140.13917,41.96309],[140.13724,41.96301],[140.1349,41.96384],[140.13251,41.96402],[140.13224,41.96445],[140.12973,41.96486],[140.12694,41.96453],[140.12652,41.96292],[140.12773,41.95951],[140.1292,41.95791],[140.13042,41.95749],[140.13214,41.95532],[140.13273,41.95369],[140.1327,41.95251],[140.13398,41.95263]]]}},{"type":"Feature","properties":{"m":"字元町","b":[140.1269,41.9634,140.1364,41.9705],"c":[140.13222,41.96651]},"geometry":{"type":"Polygon","coordinates":[[[140.1349,41.96384],[140.13645,41.96338],[140.13532,41.96767],[140.13415,41.96896],[140.13224,41.97053],[140.13092,41.96909],[140.12992,41.96907],[140.13078,41.96843],[140.12868,41.96679],[140.12816,41.96716],[140.12694,41.96453],[140.12973,41.96486],[140.13224,41.96445],[140.13251,41.96402],[140.1349,41.96384]]]}},{"type":"Feature","properties":{"m":"字緑町","b":[140.1312,41.96,140.1464,41.9731],"c":[140.14025,41.96774]},"geometry":{"type":"Polygon","coordinates":[[[140.14581,41.96195],[140.14641,41.96353],[140.14521,41.96517],[140.1452,41.96576],[140.14644,41.96951],[140.14631,41.97241],[140.14434,41.9719],[140.14344,41.97255],[140.14124,41.97313],[140.13677,41.97307],[140.13408,41.97313],[140.13327,41.97289],[140.13122,41.97118],[140.13224,41.97053],[140.13415,41.96896],[140.13532,41.96767],[140.13645,41.96338],[140.1349,41.96384],[140.13724,41.96301],[140.13917,41.96309],[140.14043,41.96184],[140.14116,41.95997],[140.14276,41.96037],[140.14581,41.96195]]]}},{"type":"Feature","properties":{"m":"字館浦","b":[140.1258,41.9719,140.1672,41.9883],"c":[140.14721,41.98041]},"geometry":{"type":"Polygon","coordinates":[[[140.14631,41.97241],[140.14964,41.97245],[140.15287,41.97278],[140.15587,41.97285],[140.15875,41.97451],[140.15964,41.97467],[140.16219,41.9741],[140.16392,41.97437],[140.16479,41.97721],[140.16718,41.98036],[140.16711,41.9816],[140.16613,41.98301],[140.1646,41.98592],[140.1628,41.98722],[140.15997,41.98821],[140.15779,41.98736],[140.15549,41.98731],[140.15122,41.98826],[140.14901,41.98806],[140.14616,41.986],[140.14085,41.98631],[140.13803,41.98664],[140.13108,41.98636],[140.12862,41.98679],[140.12575,41.98676],[140.12594,41.98397],[140.12727,41.98107],[140.12703,41.9797],[140.12766,41.97917],[140.12973,41.97878],[140.13089,41.97826],[140.13227,41.97684],[140.13301,41.97518],[140.13339,41.97348],[140.13677,41.97307],[140.14124,41.97313],[140.14344,41.97255],[140.14434,41.9719],[140.14631,41.97241]]]}},{"type":"Feature","properties":{"m":"字姫川","b":[140.1452,41.9601,140.273,42.0594],"c":[140.20735,41.99896]},"geometry":{"type":"Polygon","coordinates":[[[140.27238,42.05418],[140.27017,42.05456],[140.2676,42.05455],[140.26698,42.05513],[140.26643,42.05617],[140.26531,42.05674],[140.26319,42.05769],[140.26264,42.05798],[140.25936,42.05866],[140.25899,42.05872],[140.25771,42.05913],[140.25538,42.05878],[140.25271,42.05895],[140.24997,42.05942],[140.24721,42.05699],[140.24375,42.0556],[140.24025,42.05482],[140.23774,42.05379],[140.23115,42.04593],[140.2295,42.04473],[140.22948,42.04191],[140.23036,42.04003],[140.23064,42.03844],[140.22993,42.03714],[140.22914,42.03206],[140.22909,42.02877],[140.22869,42.02737],[140.22792,42.02663],[140.22753,42.02617],[140.22698,42.02454],[140.22586,42.02143],[140.22461,42.01901],[140.22306,42.01756],[140.22257,42.01668],[140.22119,42.01572],[140.21934,42.01306],[140.21873,42.0127],[140.21829,42.01103],[140.21741,42.01069],[140.21749,42.01052],[140.21808,42.01047],[140.21893,42.00971],[140.22042,42.00711],[140.22105,42.00523],[140.21884,42.00293],[140.21659,42.00166],[140.21375,42.00083],[140.21231,41.99999],[140.2096,41.99791],[140.20768,41.99689],[140.19677,41.99244],[140.1955,41.992],[140.19102,41.99077],[140.18579,41.98955],[140.18193,41.98886],[140.17533,41.98617],[140.1721,41.98457],[140.17048,41.98378],[140.16832,41.9831],[140.16613,41.98301],[140.16711,41.9816],[140.16718,41.98036],[140.16479,41.97721],[140.16392,41.97437],[140.16219,41.9741],[140.15964,41.97467],[140.15875,41.97451],[140.15587,41.97285],[140.15287,41.97278],[140.14964,41.97245],[140.14631,41.97241],[140.14644,41.96951],[140.1452,41.96576],[140.14521,41.96517],[140.14641,41.96353],[140.14581,41.96195],[140.14939,41.96263],[140.15168,41.96199],[140.15447,41.96084],[140.15723,41.96066],[140.15976,41.96139],[140.16186,41.96157],[140.16444,41.96126],[140.16631,41.96178],[140.17007,41.96247],[140.17434,41.96183],[140.17645,41.96066],[140.17865,41.96009],[140.1785,41.96145],[140.17925,41.96331],[140.17898,41.96581],[140.18209,41.96723],[140.18453,41.96785],[140.18693,41.96772],[140.19072,41.96828],[140.19181,41.96861],[140.19417,41.96789],[140.19513,41.96797],[140.19544,41.96967],[140.19625,41.97021],[140.1986,41.97006],[140.19912,41.97049],[140.19882,41.9714],[140.20043,41.97263],[140.20164,41.97174],[140.20651,41.97221],[140.20765,41.97275],[140.20894,41.97208],[140.2099,41.97254],[140.20845,41.97454],[140.20879,41.97558],[140.21053,41.97533],[140.2116,41.97577],[140.2126,41.97548],[140.21289,41.97443],[140.21499,41.97426],[140.21626,41.97382],[140.21757,41.97471],[140.21752,41.97555],[140.21606,41.97663],[140.21628,41.97729],[140.21803,41.97723],[140.21881,41.97831],[140.2205,41.97975],[140.22124,41.98075],[140.22406,41.98144],[140.22557,41.9815],[140.22591,41.98329],[140.22447,41.98467],[140.22474,41.98527],[140.22617,41.98582],[140.22628,41.98652],[140.22457,41.98725],[140.22383,41.98896],[140.22558,41.98916],[140.22601,41.98984],[140.22587,41.99235],[140.22655,41.99299],[140.22545,41.99441],[140.22343,41.99481],[140.2232,41.99534],[140.22542,41.99577],[140.22679,41.99699],[140.22547,41.9989],[140.22469,41.9994],[140.2253,42.00013],[140.22764,42.00072],[140.22621,42.00247],[140.22715,42.00313],[140.22867,42.00325],[140.22895,42.00405],[140.22826,42.0051],[140.22876,42.00654],[140.22998,42.00692],[140.22988,42.00993],[140.23159,42.0106],[140.23104,42.01271],[140.23135,42.01376],[140.22985,42.0145],[140.23062,42.01519],[140.23182,42.01497],[140.23364,42.01575],[140.2326,42.01613],[140.23236,42.01724],[140.23339,42.01749],[140.23531,42.01728],[140.23571,42.01858],[140.23703,42.01984],[140.23666,42.02113],[140.23707,42.0226],[140.23778,42.02322],[140.23691,42.02636],[140.23751,42.02856],[140.23807,42.0296],[140.23681,42.03053],[140.23707,42.03144],[140.23779,42.0316],[140.23755,42.0333],[140.23679,42.03578],[140.23733,42.03597],[140.23611,42.03718],[140.23602,42.03896],[140.2367,42.03881],[140.23753,42.03974],[140.23871,42.04014],[140.23862,42.04153],[140.2403,42.04342],[140.24136,42.04348],[140.24274,42.0426],[140.24491,42.0429],[140.24653,42.04235],[140.24888,42.0421],[140.25306,42.04286],[140.25443,42.04375],[140.25435,42.04494],[140.25579,42.04603],[140.25739,42.04547],[140.25818,42.04696],[140.25754,42.04771],[140.25886,42.04862],[140.26143,42.04878],[140.26287,42.04828],[140.26808,42.0475],[140.26928,42.04757],[140.2699,42.04871],[140.26947,42.05089],[140.27,42.05173],[140.27298,42.0538],[140.27238,42.05418]]]}},{"type":"Feature","properties":{"m":"字旭岱","b":[140.1785,41.9564,140.2803,42.0538],"c":[140.24257,42.00209]},"geometry":{"type":"Polygon","coordinates":[[[140.27688,42.05127],[140.2764,42.05149],[140.27383,42.0519],[140.27298,42.0538],[140.27,42.05173],[140.26947,42.05089],[140.2699,42.04871],[140.26928,42.04757],[140.26808,42.0475],[140.26287,42.04828],[140.26143,42.04878],[140.25886,42.04862],[140.25754,42.04771],[140.25818,42.04696],[140.25739,42.04547],[140.25579,42.04603],[140.25435,42.04494],[140.25443,42.04375],[140.25306,42.04286],[140.24888,42.0421],[140.24653,42.04235],[140.24491,42.0429],[140.24274,42.0426],[140.24136,42.04348],[140.2403,42.04342],[140.23862,42.04153],[140.23871,42.04014],[140.23753,42.03974],[140.2367,42.03881],[140.23602,42.03896],[140.23611,42.03718],[140.23733,42.03597],[140.23679,42.03578],[140.23755,42.0333],[140.23779,42.0316],[140.23707,42.03144],[140.23681,42.03053],[140.23807,42.0296],[140.23751,42.02856],[140.23691,42.02636],[140.23778,42.02322],[140.23707,42.0226],[140.23666,42.02113],[140.23703,42.01984],[140.23571,42.01858],[140.23531,42.01728],[140.23339,42.01749],[140.23236,42.01724],[140.2326,42.01613],[140.23364,42.01575],[140.23182,42.01497],[140.23062,42.01519],[140.22985,42.0145],[140.23135,42.01376],[140.23104,42.01271],[140.23159,42.0106],[140.22988,42.00993],[140.22998,42.00692],[140.22876,42.00654],[140.22826,42.0051],[140.22895,42.00405],[140.22867,42.00325],[140.22715,42.00313],[140.22621,42.00247],[140.22764,42.00072],[140.2253,42.00013],[140.22469,41.9994],[140.22547,41.9989],[140.22679,41.99699],[140.22542,41.99577],[140.2232,41.99534],[140.22343,41.99481],[140.22545,41.99441],[140.22655,41.99299],[140.22587,41.99235],[140.22601,41.98984],[140.22558,41.98916],[140.22383,41.98896],[140.22457,41.98725],[140.22628,41.98652],[140.22617,41.98582],[140.22474,41.98527],[140.22447,41.98467],[140.22591,41.98329],[140.22557,41.9815],[140.22406,41.98144],[140.22124,41.98075],[140.2205,41.97975],[140.21881,41.97831],[140.21803,41.97723],[140.21628,41.97729],[140.21606,41.97663],[140.21752,41.97555],[140.21757,41.97471],[140.21626,41.97382],[140.21499,41.97426],[140.21289,41.97443],[140.2126,41.97548],[140.2116,41.97577],[140.21053,41.97533],[140.20879,41.97558],[140.20845,41.97454],[140.2099,41.97254],[140.20894,41.97208],[140.20765,41.97275],[140.20651,41.97221],[140.20164,41.97174],[140.20043,41.97263],[140.19882,41.9714],[140.19912,41.97049],[140.1986,41.97006],[140.19625,41.97021],[140.19544,41.96967],[140.19513,41.96797],[140.19417,41.96789],[140.19181,41.96861],[140.19072,41.96828],[140.18693,41.96772],[140.18453,41.96785],[140.18209,41.96723],[140.17898,41.96581],[140.17925,41.96331],[140.1785,41.96145],[140.17865,41.96009],[140.18005,41.95946],[140.18308,41.95753],[140.18332,41.95641],[140.18647,41.95637],[140.19001,41.95795],[140.19341,41.95861],[140.19501,41.9587],[140.19679,41.95929],[140.19794,41.96084],[140.20032,41.96178],[140.2018,41.96154],[140.20447,41.96158],[140.2063,41.96303],[140.20745,41.9635],[140.2106,41.96351],[140.21316,41.96475],[140.21544,41.96518],[140.21795,41.96652],[140.22093,41.96654],[140.22252,41.96735],[140.22443,41.96701],[140.22728,41.96701],[140.22751,41.96595],[140.22848,41.96542],[140.2318,41.9655],[140.23281,41.967],[140.23543,41.96839],[140.23834,41.9688],[140.23832,41.96976],[140.24048,41.9709],[140.24207,41.97268],[140.24554,41.97362],[140.24644,41.97501],[140.24917,41.97446],[140.24967,41.97466],[140.25068,41.97634],[140.25307,41.97712],[140.2538,41.97654],[140.25485,41.97706],[140.25841,41.97706],[140.25964,41.97747],[140.26102,41.97615],[140.263,41.97741],[140.26416,41.97775],[140.26524,41.97999],[140.2662,41.98114],[140.26458,41.98221],[140.26491,41.98401],[140.26364,41.98722],[140.26462,41.98837],[140.2679,41.98862],[140.27081,41.98975],[140.27133,41.99103],[140.26982,41.99269],[140.26975,41.99374],[140.27042,41.99589],[140.26851,41.99873],[140.26845,42.00126],[140.26788,42.00329],[140.26607,42.00468],[140.26584,42.00721],[140.26504,42.00861],[140.26562,42.01038],[140.26415,42.01317],[140.26397,42.01618],[140.26324,42.01985],[140.26244,42.02127],[140.26307,42.02307],[140.26593,42.02479],[140.26688,42.02561],[140.27116,42.02721],[140.27212,42.02799],[140.27199,42.02886],[140.27054,42.03171],[140.27201,42.03364],[140.27243,42.03373],[140.27322,42.03636],[140.27476,42.03966],[140.27703,42.04053],[140.27904,42.04286],[140.27949,42.04537],[140.28026,42.04626],[140.28015,42.04797],[140.27982,42.04865],[140.27807,42.04969],[140.27688,42.05127]]]}},{"type":"Feature","properties":{"m":"字富岡","b":[140.1589,41.983,140.2279,42.0266],"c":[140.19187,42.00346]},"geometry":{"type":"Polygon","coordinates":[[[140.16613,41.98301],[140.16832,41.9831],[140.17048,41.98378],[140.1721,41.98457],[140.17533,41.98617],[140.18193,41.98886],[140.18579,41.98955],[140.19102,41.99077],[140.1955,41.992],[140.19677,41.99244],[140.20768,41.99689],[140.2096,41.99791],[140.21231,41.99999],[140.21375,42.00083],[140.21659,42.00166],[140.21884,42.00293],[140.22105,42.00523],[140.22042,42.00711],[140.21893,42.00971],[140.21808,42.01047],[140.21749,42.01052],[140.21741,42.01069],[140.21829,42.01103],[140.21873,42.0127],[140.21934,42.01306],[140.22119,42.01572],[140.22257,42.01668],[140.22306,42.01756],[140.22461,42.01901],[140.22586,42.02143],[140.22698,42.02454],[140.22753,42.02617],[140.22792,42.02663],[140.22643,42.02638],[140.22319,42.02647],[140.22008,42.02541],[140.21841,42.02365],[140.21776,42.02308],[140.21487,42.02217],[140.21328,42.02144],[140.2126,42.02053],[140.21199,42.01966],[140.20602,42.02137],[140.20535,42.02127],[140.20217,42.01824],[140.2007,42.01732],[140.19962,42.0161],[140.19884,42.01469],[140.19733,42.01399],[140.1948,42.01356],[140.19331,42.01219],[140.19213,42.01139],[140.18688,42.01054],[140.18016,42.00954],[140.17861,42.00993],[140.17716,42.00862],[140.17605,42.00815],[140.17384,42.00817],[140.17203,42.00844],[140.17089,42.00809],[140.16718,42.00799],[140.16455,42.00739],[140.15891,42.00627],[140.16006,42.00502],[140.16178,42.00113],[140.16238,41.99872],[140.16265,41.99431],[140.16244,41.99289],[140.16095,41.98907],[140.15997,41.98821],[140.1628,41.98722],[140.1646,41.98592],[140.16613,41.98301]]]}},{"type":"Feature","properties":{"m":"字鳥山","b":[140.1224,41.986,140.1627,42.0063],"c":[140.14471,41.99422]},"geometry":{"type":"Polygon","coordinates":[[[140.15997,41.98821],[140.16095,41.98907],[140.16244,41.99289],[140.16265,41.99431],[140.16238,41.99872],[140.16178,42.00113],[140.16006,42.00502],[140.15891,42.00627],[140.1562,42.00506],[140.15243,42.00259],[140.15047,42.0017],[140.14859,42.00117],[140.14233,42.00097],[140.13668,41.99944],[140.13132,41.99815],[140.128,41.99767],[140.12468,41.99669],[140.12243,41.99636],[140.12356,41.99517],[140.12405,41.99384],[140.12434,41.9908],[140.12575,41.98676],[140.12862,41.98679],[140.13108,41.98636],[140.13803,41.98664],[140.14085,41.98631],[140.14616,41.986],[140.14901,41.98806],[140.15122,41.98826],[140.15549,41.98731],[140.15779,41.98736],[140.15997,41.98821]]]}},{"type":"Feature","properties":{"m":"字栄浜","b":[140.1144,41.9964,140.25,42.0941],"c":[140.1865,42.03832]},"geometry":{"type":"Polygon","coordinates":[[[140.24693,42.06197],[140.24682,42.06316],[140.24644,42.06422],[140.24588,42.06532],[140.24364,42.06669],[140.2433,42.06692],[140.23996,42.06644],[140.23893,42.06653],[140.23812,42.06669],[140.23688,42.06775],[140.23522,42.0683],[140.23449,42.071],[140.23248,42.07163],[140.23082,42.07259],[140.22792,42.07338],[140.22771,42.07482],[140.22732,42.0753],[140.2254,42.07562],[140.22216,42.07722],[140.22048,42.07845],[140.22039,42.07871],[140.22141,42.07941],[140.22252,42.08028],[140.22286,42.08058],[140.22403,42.08137],[140.22509,42.08292],[140.22624,42.08344],[140.22724,42.08434],[140.22861,42.08514],[140.2281,42.08552],[140.22589,42.08817],[140.22468,42.08918],[140.22351,42.09067],[140.22204,42.09155],[140.22161,42.09289],[140.22158,42.09341],[140.22144,42.09413],[140.22073,42.09281],[140.21997,42.09263],[140.21917,42.09193],[140.21774,42.09006],[140.2152,42.08922],[140.21359,42.08854],[140.21095,42.08789],[140.2094,42.08756],[140.20636,42.08766],[140.20573,42.08804],[140.20469,42.08424],[140.20277,42.08167],[140.20085,42.07988],[140.19907,42.07769],[140.1986,42.07381],[140.19851,42.0718],[140.19692,42.06584],[140.19486,42.0621],[140.19327,42.05767],[140.19195,42.0554],[140.19068,42.05397],[140.18908,42.05348],[140.18475,42.05458],[140.18305,42.05537],[140.18122,42.05577],[140.17906,42.05588],[140.17736,42.05567],[140.17452,42.05413],[140.17279,42.05389],[140.17089,42.05285],[140.1697,42.05277],[140.16783,42.05213],[140.16432,42.05001],[140.16256,42.04854],[140.16092,42.04673],[140.15885,42.04508],[140.15739,42.04471],[140.15573,42.04376],[140.15401,42.042],[140.15044,42.04021],[140.14879,42.0382],[140.14532,42.03667],[140.14295,42.03387],[140.14214,42.03362],[140.13835,42.03159],[140.1366,42.02972],[140.13453,42.02695],[140.13413,42.02555],[140.13204,42.02349],[140.13007,42.02222],[140.12965,42.02112],[140.12866,42.02047],[140.1268,42.01717],[140.1229,42.01574],[140.11866,42.01437],[140.11722,42.01269],[140.11723,42.01162],[140.11562,42.00784],[140.11441,42.00605],[140.11735,42.00454],[140.11912,42.00396],[140.12189,42.0003],[140.12243,41.99822],[140.12222,41.99724],[140.12311,41.99757],[140.12243,41.99636],[140.12468,41.99669],[140.128,41.99767],[140.13132,41.99815],[140.13668,41.99944],[140.14233,42.00097],[140.14859,42.00117],[140.15047,42.0017],[140.15243,42.00259],[140.1562,42.00506],[140.15891,42.00627],[140.16455,42.00739],[140.16718,42.00799],[140.17089,42.00809],[140.17203,42.00844],[140.17384,42.00817],[140.17605,42.00815],[140.17716,42.00862],[140.17861,42.00993],[140.18016,42.00954],[140.18688,42.01054],[140.19213,42.01139],[140.19331,42.01219],[140.1948,42.01356],[140.19733,42.01399],[140.19884,42.01469],[140.19962,42.0161],[140.2007,42.01732],[140.20217,42.01824],[140.20535,42.02127],[140.20602,42.02137],[140.21199,42.01966],[140.2126,42.02053],[140.21328,42.02144],[140.21487,42.02217],[140.21776,42.02308],[140.21841,42.02365],[140.22008,42.02541],[140.22319,42.02647],[140.22643,42.02638],[140.22792,42.02663],[140.22869,42.02737],[140.22909,42.02877],[140.22914,42.03206],[140.22993,42.03714],[140.23064,42.03844],[140.23036,42.04003],[140.22948,42.04191],[140.2295,42.04473],[140.23115,42.04593],[140.23774,42.05379],[140.24025,42.05482],[140.24375,42.0556],[140.24721,42.05699],[140.24997,42.05942],[140.24808,42.06038],[140.24693,42.06197]]]}},{"type":"Feature","properties":{"m":"字元和","b":[140.1005,42.0061,140.2057,42.0894],"c":[140.14585,42.04797]},"geometry":{"type":"Polygon","coordinates":[[[140.20457,42.08936],[140.20173,42.08938],[140.20064,42.08894],[140.19963,42.08776],[140.19859,42.08716],[140.1981,42.08591],[140.19633,42.08376],[140.19642,42.08312],[140.19539,42.0824],[140.19458,42.08106],[140.19429,42.08085],[140.19361,42.07965],[140.19391,42.07649],[140.19531,42.07561],[140.19424,42.07331],[140.19286,42.06944],[140.19314,42.06838],[140.19117,42.06707],[140.18714,42.067],[140.18543,42.06784],[140.18401,42.06917],[140.18236,42.06961],[140.18034,42.06912],[140.17774,42.06916],[140.17531,42.06978],[140.17432,42.06873],[140.17179,42.0686],[140.17031,42.0679],[140.16866,42.06832],[140.16621,42.06801],[140.16443,42.06625],[140.16106,42.06612],[140.16007,42.06485],[140.15652,42.06476],[140.15448,42.06444],[140.15296,42.06859],[140.15058,42.07047],[140.15037,42.07121],[140.15069,42.07304],[140.14895,42.07414],[140.14672,42.07349],[140.14658,42.07272],[140.14533,42.07207],[140.14326,42.07181],[140.14233,42.07118],[140.13684,42.06924],[140.13573,42.06917],[140.13463,42.06803],[140.13129,42.06602],[140.13007,42.06456],[140.12796,42.06099],[140.12674,42.05994],[140.12602,42.05868],[140.12495,42.05802],[140.12431,42.05518],[140.12198,42.05295],[140.12199,42.05203],[140.12294,42.05067],[140.12115,42.04729],[140.12099,42.0462],[140.12114,42.04388],[140.12072,42.04147],[140.11888,42.03978],[140.11909,42.03771],[140.11812,42.03529],[140.11624,42.0334],[140.11584,42.03212],[140.11509,42.0314],[140.11241,42.02977],[140.11064,42.02764],[140.10696,42.02449],[140.10398,42.02217],[140.10297,42.02109],[140.10052,42.01977],[140.10161,42.01749],[140.10392,42.01657],[140.10463,42.01595],[140.10579,42.01341],[140.10556,42.01219],[140.10363,42.00947],[140.10348,42.00769],[140.10468,42.0064],[140.10779,42.00732],[140.11028,42.00667],[140.11161,42.00665],[140.11441,42.00605],[140.11562,42.00784],[140.11723,42.01162],[140.11722,42.01269],[140.11866,42.01437],[140.1229,42.01574],[140.1268,42.01717],[140.12866,42.02047],[140.12965,42.02112],[140.13007,42.02222],[140.13204,42.02349],[140.13413,42.02555],[140.13453,42.02695],[140.1366,42.02972],[140.13835,42.03159],[140.14214,42.03362],[140.14295,42.03387],[140.14532,42.03667],[140.14879,42.0382],[140.15044,42.04021],[140.15401,42.042],[140.15573,42.04376],[140.15739,42.04471],[140.15885,42.04508],[140.16092,42.04673],[140.16256,42.04854],[140.16432,42.05001],[140.16783,42.05213],[140.1697,42.05277],[140.17089,42.05285],[140.17279,42.05389],[140.17452,42.05413],[140.17736,42.05567],[140.17906,42.05588],[140.18122,42.05577],[140.18305,42.05537],[140.18475,42.05458],[140.18908,42.05348],[140.19068,42.05397],[140.19195,42.0554],[140.19327,42.05767],[140.19486,42.0621],[140.19692,42.06584],[140.19851,42.0718],[140.1986,42.07381],[140.19907,42.07769],[140.20085,42.07988],[140.20277,42.08167],[140.20469,42.08424],[140.20573,42.08804],[140.2047,42.08921],[140.20457,42.08936]]]}},{"type":"Feature","properties":{"m":"字三ツ谷","b":[140.0948,42.0198,140.1211,42.049],"c":[140.1088,42.03567]},"geometry":{"type":"Polygon","coordinates":[[[140.12099,42.0462],[140.12056,42.04725],[140.11954,42.04808],[140.11707,42.04896],[140.11349,42.04893],[140.11222,42.04844],[140.11134,42.04741],[140.11114,42.04617],[140.10986,42.04392],[140.10891,42.04348],[140.10397,42.04189],[140.1029,42.04117],[140.10185,42.03953],[140.09991,42.03533],[140.09922,42.03418],[140.09764,42.03387],[140.09541,42.03406],[140.09584,42.03265],[140.09516,42.03152],[140.09483,42.02959],[140.09706,42.02918],[140.09849,42.0292],[140.09921,42.02871],[140.10054,42.0252],[140.10056,42.02299],[140.10008,42.02237],[140.09971,42.02013],[140.10052,42.01977],[140.10297,42.02109],[140.10398,42.02217],[140.10696,42.02449],[140.11064,42.02764],[140.11241,42.02977],[140.11509,42.0314],[140.11584,42.03212],[140.11624,42.0334],[140.11812,42.03529],[140.11909,42.03771],[140.11888,42.03978],[140.12072,42.04147],[140.12114,42.04388],[140.12099,42.0462]]]}},{"type":"Feature","properties":{"m":"字潮見","b":[140.0824,42.0339,140.1357,42.0729],"c":[140.11071,42.05569]},"geometry":{"type":"Polygon","coordinates":[[[140.09827,42.07188],[140.09875,42.07064],[140.10268,42.06604],[140.10492,42.06506],[140.1081,42.0628],[140.10852,42.0621],[140.10836,42.05975],[140.10901,42.05854],[140.10844,42.05739],[140.10678,42.05679],[140.10573,42.05461],[140.10507,42.05435],[140.10416,42.05284],[140.10305,42.05197],[140.10096,42.0521],[140.10094,42.05097],[140.09891,42.04962],[140.0987,42.04863],[140.09693,42.04731],[140.09561,42.04691],[140.09411,42.04572],[140.09299,42.04424],[140.09349,42.0432],[140.09276,42.04196],[140.09111,42.04019],[140.08729,42.03901],[140.08604,42.03904],[140.08377,42.03803],[140.08243,42.03695],[140.0827,42.03642],[140.08608,42.03623],[140.09174,42.03638],[140.09262,42.03546],[140.09541,42.03406],[140.09764,42.03387],[140.09922,42.03418],[140.09991,42.03533],[140.10185,42.03953],[140.1029,42.04117],[140.10397,42.04189],[140.10891,42.04348],[140.10986,42.04392],[140.11114,42.04617],[140.11134,42.04741],[140.11222,42.04844],[140.11349,42.04893],[140.11707,42.04896],[140.11954,42.04808],[140.12056,42.04725],[140.12099,42.0462],[140.12115,42.04729],[140.12294,42.05067],[140.12199,42.05203],[140.12198,42.05295],[140.12431,42.05518],[140.12495,42.05802],[140.12602,42.05868],[140.12674,42.05994],[140.12796,42.06099],[140.13007,42.06456],[140.13129,42.06602],[140.13463,42.06803],[140.13573,42.06917],[140.13469,42.06961],[140.13119,42.06974],[140.12869,42.06956],[140.12764,42.06922],[140.12558,42.06944],[140.1245,42.07009],[140.12152,42.07063],[140.1179,42.0706],[140.11372,42.07092],[140.11253,42.07121],[140.11004,42.07291],[140.1086,42.07141],[140.10791,42.07123],[140.10397,42.07288],[140.10109,42.07162],[140.09827,42.07188]]]}},{"type":"Feature","properties":{"m":"字花磯","b":[140.0837,42.039,140.109,42.066],"c":[140.09585,42.05307]},"geometry":{"type":"Polygon","coordinates":[[[140.10268,42.06604],[140.10151,42.06462],[140.09953,42.06314],[140.09666,42.06158],[140.09063,42.05603],[140.08791,42.05429],[140.08776,42.05239],[140.08483,42.0506],[140.08399,42.04925],[140.08491,42.04729],[140.08369,42.04612],[140.08409,42.04588],[140.08437,42.04367],[140.08556,42.04311],[140.08647,42.04195],[140.08604,42.03904],[140.08729,42.03901],[140.09111,42.04019],[140.09276,42.04196],[140.09349,42.0432],[140.09299,42.04424],[140.09411,42.04572],[140.09561,42.04691],[140.09693,42.04731],[140.0987,42.04863],[140.09891,42.04962],[140.10094,42.05097],[140.10096,42.0521],[140.10305,42.05197],[140.10416,42.05284],[140.10507,42.05435],[140.10573,42.05461],[140.10678,42.05679],[140.10844,42.05739],[140.10901,42.05854],[140.10836,42.05975],[140.10852,42.0621],[140.1081,42.0628],[140.10492,42.06506],[140.10268,42.06604]]]}},{"type":"Feature","properties":{"m":"字豊浜","b":[140.0701,42.0461,140.1027,42.0719],"c":[140.08607,42.05977]},"geometry":{"type":"Polygon","coordinates":[[[140.07051,42.06003],[140.07013,42.0597],[140.07142,42.05733],[140.07108,42.05637],[140.0723,42.05664],[140.07204,42.05449],[140.07437,42.05468],[140.07717,42.05114],[140.07734,42.04999],[140.07912,42.04843],[140.07916,42.04711],[140.0797,42.04689],[140.08094,42.04773],[140.08328,42.04612],[140.08369,42.04612],[140.08491,42.04729],[140.08399,42.04925],[140.08483,42.0506],[140.08776,42.05239],[140.08791,42.05429],[140.09063,42.05603],[140.09666,42.06158],[140.09953,42.06314],[140.10151,42.06462],[140.10268,42.06604],[140.09875,42.07064],[140.09827,42.07188],[140.0938,42.06961],[140.09188,42.06971],[140.08988,42.06818],[140.08877,42.06766],[140.08683,42.06786],[140.08521,42.0671],[140.08411,42.06556],[140.08057,42.06348],[140.07946,42.06258],[140.07769,42.06169],[140.07503,42.06134],[140.07051,42.06003]]]}},{"type":"Feature","properties":{"m":"字稲穂","b":[139.4936,42.2082,139.5615,42.2521],"c":[139.52845,42.22703]},"geometry":{"type":"Polygon","coordinates":[[[139.55995,42.22693],[139.56113,42.23022],[139.56039,42.23156],[139.56067,42.23357],[139.56135,42.2337],[139.56055,42.23508],[139.56036,42.23796],[139.56145,42.24185],[139.56111,42.24364],[139.55983,42.24592],[139.55987,42.24901],[139.55923,42.25211],[139.55784,42.25208],[139.55717,42.24936],[139.5562,42.24905],[139.55588,42.2478],[139.55473,42.24745],[139.55519,42.24604],[139.5542,42.24449],[139.55321,42.24359],[139.55232,42.24205],[139.54889,42.2378],[139.54514,42.23729],[139.54308,42.23678],[139.54091,42.23586],[139.53795,42.23351],[139.53563,42.23268],[139.53478,42.2333],[139.53346,42.23348],[139.53349,42.2328],[139.53247,42.23246],[139.5302,42.23248],[139.5282,42.23371],[139.5275,42.2338],[139.52535,42.23278],[139.52285,42.23037],[139.51877,42.22951],[139.51577,42.2296],[139.51412,42.23028],[139.51296,42.22917],[139.51093,42.22896],[139.50847,42.22811],[139.50489,42.22871],[139.50301,42.22682],[139.50031,42.22635],[139.49735,42.22638],[139.49546,42.22608],[139.49364,42.22495],[139.49436,42.22354],[139.49462,42.2215],[139.49582,42.22016],[139.49415,42.21295],[139.49445,42.20939],[139.49477,42.20825],[139.4957,42.20911],[139.49938,42.21115],[139.50103,42.2118],[139.50348,42.21219],[139.50718,42.21218],[139.50917,42.21262],[139.51305,42.21529],[139.51376,42.2161],[139.5169,42.21832],[139.52043,42.2196],[139.52424,42.22039],[139.52801,42.22053],[139.53304,42.22013],[139.5352,42.22022],[139.53772,42.22068],[139.54012,42.22156],[139.54421,42.22381],[139.54744,42.22532],[139.54983,42.227],[139.55132,42.22745],[139.55552,42.22768],[139.55749,42.2275],[139.55995,42.22693]]]}},{"type":"Feature","properties":{"m":"字宮津","b":[139.513,42.2005,139.5599,42.2277],"c":[139.5377,42.21484]},"geometry":{"type":"Polygon","coordinates":[[[139.51305,42.21529],[139.51551,42.21497],[139.5187,42.21329],[139.52068,42.21061],[139.52128,42.20829],[139.52861,42.2077],[139.53005,42.20972],[139.5345,42.20957],[139.53324,42.20861],[139.53366,42.20741],[139.5357,42.20558],[139.53678,42.20283],[139.5384,42.20188],[139.53962,42.2005],[139.54117,42.20113],[139.5429,42.20133],[139.54425,42.20216],[139.54564,42.20369],[139.54662,42.20663],[139.54897,42.20846],[139.5497,42.20866],[139.55002,42.20991],[139.55089,42.20992],[139.55061,42.21097],[139.54987,42.2107],[139.54907,42.21224],[139.55013,42.21633],[139.55109,42.21821],[139.55304,42.21928],[139.55392,42.22026],[139.55492,42.22217],[139.55696,42.22371],[139.55736,42.22459],[139.55995,42.22693],[139.55749,42.2275],[139.55552,42.22768],[139.55132,42.22745],[139.54983,42.227],[139.54744,42.22532],[139.54421,42.22381],[139.54012,42.22156],[139.53772,42.22068],[139.5352,42.22022],[139.53304,42.22013],[139.52801,42.22053],[139.52424,42.22039],[139.52043,42.2196],[139.5169,42.21832],[139.51376,42.2161],[139.51305,42.21529]]]}},{"type":"Feature","properties":{"m":"字球浦","b":[139.471,42.1617,139.5396,42.2153],"c":[139.50346,42.19188]},"geometry":{"type":"Polygon","coordinates":[[[139.49477,42.20825],[139.49597,42.20597],[139.49786,42.20395],[139.49857,42.20193],[139.49872,42.20055],[139.49748,42.1969],[139.49629,42.19562],[139.49265,42.19365],[139.49018,42.19211],[139.4853,42.19064],[139.48253,42.19081],[139.4807,42.19052],[139.47429,42.1824],[139.47102,42.17806],[139.47212,42.17584],[139.47275,42.17267],[139.47144,42.16589],[139.47161,42.16372],[139.47666,42.16261],[139.48175,42.16172],[139.48323,42.16424],[139.48548,42.16558],[139.48573,42.16709],[139.48656,42.16978],[139.48637,42.17139],[139.48679,42.17354],[139.48799,42.17528],[139.48904,42.17602],[139.49392,42.18044],[139.49911,42.18475],[139.50142,42.18629],[139.50665,42.19028],[139.5077,42.18807],[139.51027,42.1862],[139.51221,42.18561],[139.51405,42.18319],[139.51496,42.18243],[139.5194,42.18063],[139.51948,42.18147],[139.52057,42.1824],[139.52115,42.18392],[139.52132,42.18548],[139.52279,42.18726],[139.52771,42.19173],[139.52936,42.19247],[139.53087,42.19486],[139.53391,42.19752],[139.53962,42.2005],[139.5384,42.20188],[139.53678,42.20283],[139.5357,42.20558],[139.53366,42.20741],[139.53324,42.20861],[139.5345,42.20957],[139.53005,42.20972],[139.52861,42.2077],[139.52128,42.20829],[139.52068,42.21061],[139.5187,42.21329],[139.51551,42.21497],[139.51305,42.21529],[139.50917,42.21262],[139.50718,42.21218],[139.50348,42.21219],[139.50103,42.2118],[139.49938,42.21115],[139.4957,42.20911],[139.49477,42.20825]]]}},{"type":"Feature","properties":{"m":"字奥尻","b":[139.4818,42.1483,139.5225,42.1903],"c":[139.50197,42.1671]},"geometry":{"type":"Polygon","coordinates":[[[139.48175,42.16172],[139.48293,42.16066],[139.48895,42.14828],[139.49822,42.14995],[139.52251,42.15433],[139.52123,42.15465],[139.52019,42.15576],[139.5182,42.15648],[139.51748,42.15751],[139.51655,42.16007],[139.51751,42.16581],[139.51705,42.1671],[139.51707,42.17065],[139.51659,42.17068],[139.51707,42.17298],[139.51704,42.17434],[139.51823,42.17434],[139.51823,42.17495],[139.51707,42.17498],[139.51707,42.17626],[139.51812,42.17832],[139.51881,42.17815],[139.5194,42.18063],[139.51496,42.18243],[139.51405,42.18319],[139.51221,42.18561],[139.51027,42.1862],[139.5077,42.18807],[139.50665,42.19028],[139.50142,42.18629],[139.49911,42.18475],[139.49392,42.18044],[139.48904,42.17602],[139.48799,42.17528],[139.48679,42.17354],[139.48637,42.17139],[139.48656,42.16978],[139.48573,42.16709],[139.48548,42.16558],[139.48323,42.16424],[139.48175,42.16172]]]}},{"type":"Feature","properties":{"m":"字赤石","b":[139.4978,42.1233,139.5225,42.1543],"c":[139.50921,42.13974]},"geometry":{"type":"Polygon","coordinates":[[[139.49822,42.14995],[139.49902,42.14361],[139.49917,42.13401],[139.49846,42.13036],[139.49778,42.12869],[139.50273,42.12766],[139.50575,42.12617],[139.50941,42.12506],[139.51384,42.12328],[139.51501,42.12862],[139.51566,42.13086],[139.51704,42.13282],[139.51811,42.13379],[139.51914,42.13573],[139.51978,42.1358],[139.51942,42.13673],[139.51966,42.13802],[139.51849,42.14004],[139.51789,42.14301],[139.51904,42.14397],[139.51995,42.14539],[139.52012,42.14746],[139.51933,42.14847],[139.51966,42.14998],[139.52215,42.15269],[139.52251,42.15433],[139.49822,42.14995]]]}},{"type":"Feature","properties":{"m":"字松江","b":[139.4345,42.0706,139.5138,42.1607],"c":[139.47864,42.117]},"geometry":{"type":"Polygon","coordinates":[[[139.48293,42.16066],[139.4716,42.15884],[139.46796,42.15536],[139.46609,42.15325],[139.46186,42.14767],[139.46054,42.14616],[139.45821,42.14254],[139.4533,42.13671],[139.45214,42.13404],[139.45178,42.13106],[139.45117,42.12867],[139.45061,42.12759],[139.44704,42.12336],[139.44584,42.12269],[139.44511,42.12155],[139.44595,42.11968],[139.44594,42.11769],[139.44355,42.11709],[139.43913,42.11711],[139.4362,42.11611],[139.4351,42.11494],[139.43447,42.11354],[139.43586,42.11162],[139.439,42.11022],[139.44538,42.10918],[139.44743,42.10882],[139.45088,42.10873],[139.45782,42.10928],[139.45946,42.10894],[139.46277,42.10666],[139.4639,42.10529],[139.46446,42.10373],[139.46516,42.09697],[139.46568,42.09105],[139.466,42.08985],[139.46661,42.0888],[139.46785,42.08819],[139.46972,42.08686],[139.46988,42.08613],[139.46919,42.08441],[139.4678,42.0824],[139.46801,42.08053],[139.46961,42.07764],[139.47027,42.07631],[139.4701,42.07555],[139.46879,42.07423],[139.46655,42.07268],[139.46546,42.07133],[139.46527,42.07064],[139.47084,42.0715],[139.47293,42.07157],[139.47556,42.07082],[139.47688,42.07078],[139.48062,42.07161],[139.48231,42.07322],[139.48535,42.07396],[139.48744,42.07588],[139.48894,42.07788],[139.48967,42.07942],[139.4918,42.08075],[139.49452,42.08157],[139.49634,42.08339],[139.49652,42.08762],[139.49812,42.08983],[139.49852,42.09116],[139.5,42.09307],[139.50149,42.09421],[139.50445,42.09699],[139.50525,42.09808],[139.50564,42.10037],[139.50561,42.10268],[139.50595,42.10382],[139.50589,42.1056],[139.50622,42.10782],[139.50755,42.11096],[139.51182,42.11793],[139.51257,42.11966],[139.5129,42.12128],[139.51384,42.12328],[139.50941,42.12506],[139.50575,42.12617],[139.50273,42.12766],[139.49778,42.12869],[139.49846,42.13036],[139.49917,42.13401],[139.49902,42.14361],[139.49822,42.14995],[139.48895,42.14828],[139.48293,42.16066]]]}},{"type":"Feature","properties":{"m":"字富里","b":[139.4359,42.0657,139.4703,42.1116],"c":[139.45376,42.08932]},"geometry":{"type":"Polygon","coordinates":[[[139.46546,42.07133],[139.46655,42.07268],[139.46879,42.07423],[139.4701,42.07555],[139.47027,42.07631],[139.46961,42.07764],[139.46801,42.08053],[139.4678,42.0824],[139.46919,42.08441],[139.46988,42.08613],[139.46972,42.08686],[139.46785,42.08819],[139.46661,42.0888],[139.466,42.08985],[139.46568,42.09105],[139.46516,42.09697],[139.46446,42.10373],[139.4639,42.10529],[139.46277,42.10666],[139.45946,42.10894],[139.45782,42.10928],[139.45088,42.10873],[139.44743,42.10882],[139.44538,42.10918],[139.439,42.11022],[139.43586,42.11162],[139.43862,42.10829],[139.43952,42.10674],[139.43985,42.10517],[139.44007,42.10346],[139.44019,42.09982],[139.43973,42.09743],[139.43956,42.09521],[139.43971,42.093],[139.4395,42.08926],[139.44023,42.08496],[139.44054,42.08195],[139.44203,42.07953],[139.44536,42.0755],[139.44698,42.0733],[139.4481,42.07231],[139.45068,42.06967],[139.45156,42.06835],[139.451,42.06808],[139.45049,42.06747],[139.45353,42.0657],[139.45624,42.06749],[139.45993,42.06924],[139.46527,42.07064],[139.46546,42.07133]]]}},{"type":"Feature","properties":{"m":"字青苗","b":[139.444,42.0514,139.4543,42.0675],"c":[139.44897,42.06041]},"geometry":{"type":"Polygon","coordinates":[[[139.45049,42.06747],[139.44755,42.06462],[139.44733,42.06467],[139.44598,42.06426],[139.446,42.06378],[139.44401,42.06326],[139.44417,42.06057],[139.44692,42.05747],[139.44756,42.05596],[139.44999,42.05137],[139.45057,42.05141],[139.45134,42.05253],[139.45186,42.0556],[139.45121,42.05552],[139.45035,42.05817],[139.45142,42.05756],[139.4505,42.06076],[139.45246,42.06256],[139.45388,42.0616],[139.45432,42.06194],[139.45224,42.06334],[139.45243,42.06431],[139.45353,42.0657],[139.45049,42.06747]]]}},{"type":"Feature","properties":{"m":"字米岡","b":[139.4206,42.0633,139.4516,42.1135],"c":[139.43388,42.0862]},"geometry":{"type":"Polygon","coordinates":[[[139.43447,42.11354],[139.43009,42.11112],[139.42775,42.11032],[139.42615,42.10857],[139.42457,42.10761],[139.42362,42.10744],[139.4243,42.10551],[139.42423,42.10396],[139.42543,42.10188],[139.42519,42.09973],[139.42397,42.09849],[139.42336,42.09687],[139.42351,42.09398],[139.42409,42.09385],[139.42508,42.09199],[139.42548,42.09009],[139.42482,42.08869],[139.42556,42.08784],[139.42473,42.08636],[139.42463,42.08382],[139.42392,42.08249],[139.42443,42.08049],[139.42336,42.07793],[139.42107,42.07607],[139.42103,42.07426],[139.42061,42.0721],[139.42101,42.07127],[139.42319,42.07105],[139.42446,42.07169],[139.426,42.07154],[139.42858,42.06999],[139.42991,42.06948],[139.43113,42.06851],[139.43325,42.06763],[139.43537,42.06632],[139.44024,42.06541],[139.44127,42.06479],[139.44349,42.06415],[139.44401,42.06326],[139.446,42.06378],[139.44598,42.06426],[139.44733,42.06467],[139.44755,42.06462],[139.451,42.06808],[139.45156,42.06835],[139.45068,42.06967],[139.4481,42.07231],[139.44698,42.0733],[139.44536,42.0755],[139.44203,42.07953],[139.44054,42.08195],[139.44023,42.08496],[139.4395,42.08926],[139.43971,42.093],[139.43956,42.09521],[139.43973,42.09743],[139.44019,42.09982],[139.44007,42.10346],[139.43985,42.10517],[139.43952,42.10674],[139.43862,42.10829],[139.43586,42.11162],[139.43447,42.11354]]]}},{"type":"Feature","properties":{"m":"字湯浜","b":[139.4032,42.1074,139.4987,42.2249],"c":[139.44782,42.17446]},"geometry":{"type":"MultiPolygon","coordinates":[[[[139.4494,42.22151],[139.44885,42.22135],[139.44937,42.22099],[139.4494,42.22151]]],[[[139.40401,42.17738],[139.40322,42.17795],[139.4035,42.17725],[139.40401,42.17738]]],[[[139.49364,42.22495],[139.49132,42.22495],[139.48675,42.22393],[139.486,42.22318],[139.48438,42.2233],[139.48347,42.22273],[139.48103,42.22242],[139.47788,42.22239],[139.47549,42.22264],[139.47259,42.22187],[139.47266,42.22125],[139.47172,42.22005],[139.4699,42.21928],[139.46967,42.21793],[139.46877,42.2173],[139.4642,42.21606],[139.46031,42.21554],[139.45822,42.21582],[139.45742,42.21721],[139.45664,42.2174],[139.45533,42.21684],[139.45297,42.21682],[139.45013,42.21779],[139.44955,42.2185],[139.44787,42.21894],[139.44825,42.21812],[139.44702,42.21663],[139.44282,42.21702],[139.44224,42.21728],[139.44055,42.21661],[139.43904,42.21679],[139.43798,42.21635],[139.43562,42.21592],[139.43446,42.21449],[139.43394,42.2131],[139.43304,42.21278],[139.4324,42.21109],[139.43126,42.21032],[139.43077,42.20858],[139.42708,42.20568],[139.42535,42.2052],[139.42544,42.2031],[139.42581,42.20194],[139.42512,42.20035],[139.4232,42.19924],[139.42525,42.19847],[139.42547,42.19762],[139.42453,42.1961],[139.42326,42.19572],[139.42169,42.19644],[139.42131,42.19416],[139.41992,42.19464],[139.41945,42.19414],[139.41942,42.19258],[139.41852,42.19242],[139.41902,42.19151],[139.418,42.19029],[139.4172,42.18998],[139.41717,42.1888],[139.41545,42.18894],[139.41621,42.18762],[139.41534,42.18651],[139.41435,42.18597],[139.41379,42.18496],[139.40979,42.18236],[139.40971,42.18017],[139.40869,42.17889],[139.40808,42.17883],[139.40697,42.17997],[139.40657,42.17832],[139.40762,42.17773],[139.40616,42.17773],[139.407,42.17592],[139.40909,42.17458],[139.40991,42.17251],[139.40863,42.1718],[139.40971,42.17183],[139.41112,42.17037],[139.41087,42.16839],[139.41004,42.16714],[139.40823,42.16667],[139.40628,42.16486],[139.40538,42.16467],[139.40695,42.16342],[139.40727,42.16167],[139.40682,42.16061],[139.40758,42.15938],[139.40883,42.15899],[139.40921,42.15829],[139.41069,42.15727],[139.41229,42.15675],[139.4133,42.15566],[139.41332,42.15503],[139.41234,42.15383],[139.41126,42.15399],[139.4102,42.15356],[139.41239,42.15274],[139.41484,42.15067],[139.41631,42.14704],[139.4176,42.14516],[139.41982,42.143],[139.42119,42.14065],[139.42125,42.13956],[139.42294,42.13737],[139.42319,42.13616],[139.42215,42.13347],[139.4229,42.13241],[139.42323,42.12975],[139.42232,42.12692],[139.42107,42.12511],[139.42076,42.12388],[139.41918,42.12192],[139.41854,42.1204],[139.41938,42.11893],[139.41916,42.11749],[139.4182,42.11725],[139.4188,42.11617],[139.41773,42.11481],[139.41919,42.11375],[139.41983,42.11255],[139.41922,42.11193],[139.4197,42.11052],[139.42081,42.10996],[139.42362,42.10744],[139.42457,42.10761],[139.42615,42.10857],[139.42775,42.11032],[139.43009,42.11112],[139.43447,42.11354],[139.4351,42.11494],[139.4362,42.11611],[139.43913,42.11711],[139.44355,42.11709],[139.44594,42.11769],[139.44595,42.11968],[139.44511,42.12155],[139.44584,42.12269],[139.44704,42.12336],[139.45061,42.12759],[139.45117,42.12867],[139.45178,42.13106],[139.45214,42.13404],[139.4533,42.13671],[139.45821,42.14254],[139.46054,42.14616],[139.46186,42.14767],[139.46609,42.15325],[139.46796,42.15536],[139.4716,42.15884],[139.48293,42.16066],[139.48175,42.16172],[139.47666,42.16261],[139.47161,42.16372],[139.47144,42.16589],[139.47275,42.17267],[139.47212,42.17584],[139.47102,42.17806],[139.47429,42.1824],[139.4807,42.19052],[139.48253,42.19081],[139.4853,42.19064],[139.49018,42.19211],[139.49265,42.19365],[139.49629,42.19562],[139.49748,42.1969],[139.49872,42.20055],[139.49857,42.20193],[139.49786,42.20395],[139.49597,42.20597],[139.49477,42.20825],[139.49445,42.20939],[139.49415,42.21295],[139.49582,42.22016],[139.49462,42.2215],[139.49436,42.22354],[139.49364,42.22495]]],[[[139.40667,42.17637],[139.40607,42.17682],[139.40533,42.1762],[139.40392,42.17651],[139.40495,42.17498],[139.4065,42.17514],[139.40667,42.17637]]]]}},{"type":"Feature","properties":{"m":"字今金","b":[140.0009,42.4164,140.0487,42.4497],"c":[140.02961,42.43061]},"geometry":{"type":"Polygon","coordinates":[[[140.04746,42.43765],[140.04869,42.43918],[140.04832,42.44001],[140.04835,42.44194],[140.04694,42.44292],[140.04355,42.4429],[140.04249,42.44356],[140.03994,42.44763],[140.0391,42.44972],[140.03412,42.44516],[140.03245,42.44282],[140.03134,42.44022],[140.02854,42.43884],[140.02466,42.43767],[140.01832,42.43487],[140.01478,42.43385],[140.01178,42.43208],[140.01016,42.43234],[140.00862,42.43177],[140.00893,42.43014],[140.0067,42.42979],[140.00711,42.4306],[140.00406,42.4293],[140.00143,42.43011],[140.00086,42.43004],[140.0023,42.42208],[140.00453,42.42232],[140.00682,42.42226],[140.00903,42.42197],[140.01244,42.42155],[140.01645,42.42113],[140.01882,42.42129],[140.02174,42.42095],[140.02359,42.42052],[140.02451,42.42064],[140.02744,42.422],[140.03136,42.42322],[140.03317,42.42306],[140.0352,42.42228],[140.04221,42.41878],[140.04617,42.41651],[140.04728,42.41638],[140.04763,42.4185],[140.04768,42.42097],[140.04726,42.42324],[140.04609,42.42536],[140.04743,42.42624],[140.04796,42.42766],[140.0475,42.43117],[140.04662,42.43409],[140.04668,42.43695],[140.04746,42.43765]]]}},{"type":"Feature","properties":{"m":"字御影","b":[140.001,42.4293,140.045,42.4723],"c":[140.02363,42.45423]},"geometry":{"type":"Polygon","coordinates":[[[140.0391,42.44972],[140.04024,42.45121],[140.04229,42.45459],[140.04363,42.45805],[140.04484,42.46018],[140.04503,42.46146],[140.04293,42.46512],[140.04176,42.4664],[140.04028,42.46881],[140.03997,42.47066],[140.0405,42.47227],[140.03352,42.4719],[140.03098,42.47198],[140.02537,42.47181],[140.01758,42.47116],[140.0148,42.47068],[140.01254,42.47057],[140.00876,42.47007],[140.00888,42.46321],[140.00866,42.46127],[140.0088,42.45854],[140.00868,42.45561],[140.00915,42.45285],[140.01094,42.45017],[140.01214,42.44775],[140.01258,42.44485],[140.01219,42.44292],[140.00477,42.43596],[140.00169,42.43279],[140.00097,42.43063],[140.00143,42.43011],[140.00406,42.4293],[140.00711,42.4306],[140.0067,42.42979],[140.00893,42.43014],[140.00862,42.43177],[140.01016,42.43234],[140.01178,42.43208],[140.01478,42.43385],[140.01832,42.43487],[140.02466,42.43767],[140.02854,42.43884],[140.03134,42.44022],[140.03245,42.44282],[140.03412,42.44516],[140.0391,42.44972]]]}},{"type":"Feature","properties":{"m":"字神丘","b":[139.9544,42.4143,140.0126,42.4502],"c":[139.98321,42.43297]},"geometry":{"type":"Polygon","coordinates":[[[140.00143,42.43011],[140.00097,42.43063],[140.00169,42.43279],[140.00477,42.43596],[140.01219,42.44292],[140.01258,42.44485],[140.01214,42.44775],[140.01094,42.45017],[139.99742,42.44928],[139.99053,42.44868],[139.97699,42.44761],[139.97668,42.44963],[139.96868,42.44882],[139.96807,42.44818],[139.96806,42.44691],[139.9663,42.44607],[139.96747,42.4444],[139.96686,42.44224],[139.96569,42.44118],[139.96374,42.44002],[139.96463,42.43899],[139.96369,42.43791],[139.96221,42.43788],[139.95952,42.43531],[139.95833,42.43468],[139.95513,42.43398],[139.95501,42.43287],[139.95622,42.43169],[139.95721,42.42853],[139.95965,42.42793],[139.96098,42.42839],[139.96226,42.42834],[139.96155,42.42692],[139.96035,42.42578],[139.96008,42.42477],[139.95877,42.42399],[139.95807,42.42155],[139.95627,42.42176],[139.95533,42.42149],[139.95521,42.42066],[139.95443,42.4204],[139.95648,42.4197],[139.95912,42.41924],[139.96057,42.4183],[139.96328,42.4178],[139.96453,42.41815],[139.9659,42.41775],[139.96977,42.41597],[139.9728,42.41575],[139.97472,42.41621],[139.97879,42.41491],[139.98201,42.4143],[139.98589,42.41556],[139.98817,42.41565],[139.99084,42.41505],[139.99252,42.41536],[139.9938,42.41711],[139.99439,42.41742],[139.99845,42.42063],[139.99949,42.42104],[140.0023,42.42208],[140.00086,42.43004],[140.00143,42.43011]]]}},{"type":"Feature","properties":{"m":"字豊田","b":[139.9224,42.3899,139.9613,42.4173],"c":[139.9444,42.40521]},"geometry":{"type":"Polygon","coordinates":[[[139.9491,42.41711],[139.94702,42.41728],[139.94537,42.41645],[139.94543,42.41561],[139.9481,42.414],[139.94973,42.41247],[139.9499,42.41148],[139.94848,42.41058],[139.94652,42.41055],[139.94506,42.41126],[139.94474,42.4123],[139.9436,42.41271],[139.94196,42.41447],[139.94095,42.41399],[139.93894,42.41243],[139.93746,42.41147],[139.93411,42.41174],[139.93042,42.41378],[139.92812,42.41425],[139.92518,42.41306],[139.92349,42.41323],[139.92243,42.41272],[139.92243,42.41179],[139.92354,42.41038],[139.92585,42.40922],[139.92711,42.40787],[139.9303,42.40726],[139.93217,42.4062],[139.93271,42.40523],[139.93424,42.40407],[139.93507,42.40294],[139.93694,42.40192],[139.94189,42.4011],[139.94249,42.40044],[139.94223,42.39918],[139.94342,42.39869],[139.94581,42.39869],[139.94838,42.39746],[139.95216,42.39728],[139.95317,42.39502],[139.95523,42.39361],[139.95641,42.39349],[139.95808,42.39224],[139.95817,42.39148],[139.95942,42.39131],[139.95933,42.38989],[139.96127,42.39009],[139.96118,42.39195],[139.95995,42.39647],[139.95826,42.40102],[139.95666,42.40549],[139.95511,42.4064],[139.95211,42.40691],[139.95128,42.40743],[139.95074,42.40889],[139.95151,42.41007],[139.95273,42.41097],[139.95019,42.41263],[139.9503,42.41546],[139.9491,42.41711]]]}},{"type":"Feature","properties":{"m":"字鈴金","b":[139.9491,42.3996,140.0007,42.4204],"c":[139.9737,42.40988]},"geometry":{"type":"Polygon","coordinates":[[[139.95443,42.4204],[139.9529,42.41998],[139.95201,42.41896],[139.95019,42.41838],[139.9491,42.41711],[139.9503,42.41546],[139.95019,42.41263],[139.95273,42.41097],[139.95151,42.41007],[139.95074,42.40889],[139.95128,42.40743],[139.95211,42.40691],[139.95511,42.4064],[139.95666,42.40549],[139.95826,42.40102],[139.96442,42.40313],[139.97036,42.40462],[139.97718,42.40466],[139.98307,42.40708],[139.98488,42.40416],[139.98552,42.40348],[139.98842,42.40144],[139.99164,42.40031],[139.99428,42.40061],[139.9957,42.40061],[139.99966,42.39964],[140.0007,42.40021],[140.00057,42.40179],[139.99951,42.40323],[139.99945,42.40558],[140.00006,42.40696],[139.99964,42.40765],[139.99681,42.40726],[139.99604,42.40743],[139.99587,42.40832],[139.9965,42.40875],[139.99605,42.41001],[139.99625,42.41153],[139.9931,42.41494],[139.99252,42.41536],[139.99084,42.41505],[139.98817,42.41565],[139.98589,42.41556],[139.98201,42.4143],[139.97879,42.41491],[139.97472,42.41621],[139.9728,42.41575],[139.96977,42.41597],[139.9659,42.41775],[139.96453,42.41815],[139.96328,42.4178],[139.96057,42.4183],[139.95912,42.41924],[139.95648,42.4197],[139.95443,42.4204]]]}},{"type":"Feature","properties":{"m":"字八束","b":[139.9878,42.3444,140.0375,42.421],"c":[140.00949,42.37913]},"geometry":{"type":"Polygon","coordinates":[[[139.99252,42.41536],[139.9931,42.41494],[139.99625,42.41153],[139.99605,42.41001],[139.9965,42.40875],[139.99587,42.40832],[139.99604,42.40743],[139.99681,42.40726],[139.99964,42.40765],[140.00006,42.40696],[139.99945,42.40558],[139.99951,42.40323],[140.00057,42.40179],[140.0007,42.40021],[139.99966,42.39964],[139.9957,42.40061],[139.99428,42.40061],[139.99301,42.39666],[139.99085,42.39251],[139.98977,42.38944],[139.9884,42.38691],[139.98778,42.38329],[139.99007,42.37981],[139.99115,42.37891],[139.99175,42.37679],[139.99111,42.37534],[139.9919,42.37135],[139.99319,42.36789],[139.99599,42.36252],[139.99913,42.35389],[139.99691,42.35263],[139.98959,42.34951],[139.99093,42.34797],[139.99236,42.34683],[139.99387,42.34626],[139.99657,42.34678],[140.00019,42.34668],[140.00917,42.34533],[140.01219,42.34505],[140.0148,42.34455],[140.01982,42.34439],[140.02166,42.3485],[140.02183,42.35075],[140.01993,42.35491],[140.01955,42.35697],[140.01838,42.36021],[140.0191,42.36323],[140.01904,42.36395],[140.022,42.36581],[140.0223,42.36711],[140.02343,42.36771],[140.02353,42.36841],[140.02576,42.3701],[140.02757,42.3706],[140.02909,42.37183],[140.02976,42.3737],[140.03328,42.37435],[140.03522,42.37557],[140.03634,42.37711],[140.03754,42.3799],[140.03729,42.38298],[140.0365,42.38542],[140.03545,42.38785],[140.03064,42.38921],[140.0272,42.39081],[140.02535,42.39195],[140.02151,42.39614],[140.0195,42.39813],[140.02004,42.40244],[140.02004,42.40517],[140.01935,42.40578],[140.01571,42.40624],[140.01304,42.40676],[140.01076,42.40798],[140.00984,42.41379],[140.00791,42.41336],[140.00525,42.41317],[140.00123,42.41366],[140.0003,42.41398],[139.99976,42.4149],[139.9992,42.41789],[139.9998,42.41908],[139.99949,42.42104],[139.99845,42.42063],[139.99439,42.41742],[139.9938,42.41711],[139.99252,42.41536]]]}},{"type":"Feature","properties":{"m":"字田代","b":[139.9992,42.3865,140.0483,42.4232],"c":[140.02877,42.40775]},"geometry":{"type":"Polygon","coordinates":[[[140.01244,42.42155],[140.00903,42.42197],[140.00682,42.42226],[140.00453,42.42232],[140.0023,42.42208],[139.99949,42.42104],[139.9998,42.41908],[139.9992,42.41789],[139.99976,42.4149],[140.0003,42.41398],[140.00123,42.41366],[140.00525,42.41317],[140.00791,42.41336],[140.00984,42.41379],[140.01076,42.40798],[140.01304,42.40676],[140.01571,42.40624],[140.01935,42.40578],[140.02004,42.40517],[140.02004,42.40244],[140.0195,42.39813],[140.02151,42.39614],[140.02535,42.39195],[140.0272,42.39081],[140.02761,42.39128],[140.0305,42.39284],[140.03485,42.39131],[140.04055,42.38893],[140.04261,42.38836],[140.04807,42.38646],[140.04828,42.38754],[140.04834,42.39522],[140.04767,42.40214],[140.04683,42.4057],[140.04688,42.40958],[140.04405,42.40933],[140.04431,42.41355],[140.04668,42.41587],[140.04728,42.41638],[140.04617,42.41651],[140.04221,42.41878],[140.0352,42.42228],[140.03317,42.42306],[140.03136,42.42322],[140.02744,42.422],[140.02451,42.42064],[140.02359,42.42052],[140.02174,42.42095],[140.01882,42.42129],[140.01645,42.42113],[140.01244,42.42155]]]}},{"type":"Feature","properties":{"m":"字金原","b":[139.9479,42.3387,139.9991,42.4071],"c":[139.97464,42.37334]},"geometry":{"type":"Polygon","coordinates":[[[139.95933,42.38989],[139.95951,42.38934],[139.95624,42.38709],[139.95545,42.38448],[139.9561,42.38337],[139.95467,42.38243],[139.95234,42.37962],[139.95196,42.37697],[139.95283,42.37553],[139.95257,42.37452],[139.95046,42.37372],[139.94957,42.37256],[139.94787,42.37151],[139.95192,42.36971],[139.95386,42.36793],[139.9575,42.36343],[139.95842,42.36183],[139.95981,42.35749],[139.96117,42.35528],[139.96205,42.35295],[139.96431,42.34326],[139.96386,42.34166],[139.96394,42.3396],[139.96354,42.33875],[139.97428,42.339],[139.97715,42.33956],[139.97763,42.34033],[139.97707,42.34431],[139.97704,42.34703],[139.97733,42.34723],[139.98046,42.34603],[139.98362,42.34552],[139.98463,42.3461],[139.98837,42.3491],[139.98959,42.34951],[139.99691,42.35263],[139.99913,42.35389],[139.99599,42.36252],[139.99319,42.36789],[139.9919,42.37135],[139.99111,42.37534],[139.99175,42.37679],[139.99115,42.37891],[139.99007,42.37981],[139.98778,42.38329],[139.9884,42.38691],[139.98977,42.38944],[139.99085,42.39251],[139.99301,42.39666],[139.99428,42.40061],[139.99164,42.40031],[139.98842,42.40144],[139.98552,42.40348],[139.98488,42.40416],[139.98307,42.40708],[139.97718,42.40466],[139.97036,42.40462],[139.96442,42.40313],[139.95826,42.40102],[139.95995,42.39647],[139.96118,42.39195],[139.96127,42.39009],[139.95933,42.38989]]]}},{"type":"Feature","properties":{"m":"字鈴岡","b":[139.9687,42.4476,140.0248,42.541],"c":[139.99453,42.48989]},"geometry":{"type":"Polygon","coordinates":[[[140.00876,42.47007],[140.00867,42.47149],[140.00724,42.47458],[140.0082,42.47769],[140.00785,42.47932],[140.0044,42.48195],[140.00292,42.48377],[140.0019,42.48559],[139.99996,42.49124],[139.99943,42.49521],[139.9981,42.49682],[139.99514,42.49903],[139.99358,42.49993],[139.99164,42.50203],[139.9922,42.50593],[139.99426,42.51473],[139.99838,42.5149],[140.00429,42.51564],[140.00936,42.51608],[140.01352,42.51732],[140.01575,42.51853],[140.01663,42.51955],[140.01887,42.52633],[140.01974,42.52781],[140.02192,42.53072],[140.02434,42.53276],[140.02484,42.53395],[140.02462,42.53481],[140.02102,42.54097],[140.01991,42.53989],[140.01762,42.53833],[140.01472,42.53717],[140.01273,42.53511],[140.01054,42.53318],[140.00873,42.53098],[140.00433,42.52893],[140.00271,42.5292],[139.99938,42.5284],[139.99718,42.52719],[139.99622,42.52594],[139.99406,42.52533],[139.99277,42.52529],[139.99108,42.52446],[139.98927,42.52408],[139.98775,42.52247],[139.98825,42.52112],[139.98751,42.52023],[139.98592,42.5198],[139.9854,42.51836],[139.98135,42.51625],[139.98049,42.51547],[139.97571,42.51474],[139.9749,42.51324],[139.97261,42.51227],[139.972,42.51166],[139.97189,42.51052],[139.96945,42.50904],[139.96958,42.5059],[139.96923,42.50455],[139.97003,42.5037],[139.97047,42.50196],[139.97119,42.50158],[139.97204,42.4998],[139.97151,42.49897],[139.97212,42.49819],[139.97319,42.49809],[139.97359,42.49717],[139.97554,42.49677],[139.97714,42.49613],[139.97751,42.49499],[139.97863,42.49513],[139.97954,42.49421],[139.98129,42.49365],[139.98338,42.49224],[139.98318,42.4912],[139.98456,42.49039],[139.98443,42.48931],[139.98556,42.48751],[139.98835,42.48595],[139.98867,42.48353],[139.98995,42.48269],[139.98925,42.48179],[139.98951,42.4808],[139.98886,42.47985],[139.98941,42.4791],[139.98959,42.47756],[139.99034,42.4767],[139.98943,42.47463],[139.98871,42.47414],[139.9881,42.47118],[139.98725,42.47039],[139.98612,42.47008],[139.98508,42.4673],[139.98326,42.46542],[139.98413,42.46286],[139.98387,42.46168],[139.98271,42.46142],[139.98123,42.46207],[139.97682,42.46048],[139.97533,42.45871],[139.97473,42.45808],[139.975,42.45686],[139.97412,42.45516],[139.97495,42.45225],[139.97338,42.45186],[139.97196,42.45074],[139.96943,42.45085],[139.96868,42.44882],[139.97668,42.44963],[139.97699,42.44761],[139.99053,42.44868],[139.99742,42.44928],[140.01094,42.45017],[140.00915,42.45285],[140.00868,42.45561],[140.0088,42.45854],[140.00866,42.46127],[140.00888,42.46321],[140.00876,42.47007]]]}},{"type":"Feature","properties":{"m":"字美利河","b":[140.1268,42.4561,140.2661,42.6179],"c":[140.19404,42.53875]},"geometry":{"type":"Polygon","coordinates":[[[140.21202,42.47212],[140.21211,42.47279],[140.21065,42.47542],[140.21085,42.47671],[140.21337,42.47799],[140.21545,42.47966],[140.21582,42.4806],[140.2175,42.48157],[140.21933,42.48297],[140.2203,42.48411],[140.22063,42.48431],[140.22215,42.48447],[140.22354,42.48551],[140.22562,42.48656],[140.22829,42.49149],[140.22915,42.49216],[140.23104,42.4926],[140.23113,42.49365],[140.23299,42.49532],[140.23361,42.49616],[140.23327,42.49671],[140.23377,42.49832],[140.23478,42.49992],[140.23575,42.50073],[140.23529,42.50171],[140.23545,42.50248],[140.23668,42.5039],[140.23698,42.50599],[140.23772,42.50774],[140.23832,42.50867],[140.23792,42.51074],[140.23875,42.51287],[140.23876,42.51376],[140.23942,42.51471],[140.23971,42.51541],[140.24161,42.51631],[140.24314,42.51653],[140.24452,42.51661],[140.24527,42.51731],[140.24543,42.5182],[140.24565,42.5191],[140.24671,42.52005],[140.24705,42.52237],[140.24813,42.5231],[140.24888,42.52408],[140.2499,42.52538],[140.25169,42.52647],[140.25279,42.52704],[140.25499,42.52883],[140.25538,42.52907],[140.25443,42.53069],[140.2566,42.53143],[140.25796,42.5331],[140.2587,42.53319],[140.25976,42.53492],[140.26062,42.53686],[140.26034,42.53751],[140.25988,42.5379],[140.26089,42.53841],[140.26316,42.54109],[140.26325,42.54432],[140.26367,42.54532],[140.26547,42.54746],[140.26606,42.54855],[140.26519,42.55004],[140.26442,42.55057],[140.26413,42.55183],[140.26149,42.55291],[140.25903,42.5523],[140.25765,42.55232],[140.2554,42.55187],[140.25457,42.55198],[140.24923,42.55539],[140.24788,42.55576],[140.24803,42.55832],[140.24879,42.55939],[140.24902,42.56126],[140.24899,42.5616],[140.24763,42.56274],[140.24796,42.56389],[140.24896,42.56551],[140.24878,42.56629],[140.24755,42.56735],[140.24709,42.56783],[140.2453,42.56886],[140.24244,42.56896],[140.23937,42.56766],[140.23776,42.56726],[140.23636,42.56672],[140.23357,42.56643],[140.23214,42.56592],[140.23237,42.56673],[140.23252,42.5674],[140.23137,42.56817],[140.2313,42.56865],[140.23215,42.57032],[140.2308,42.5704],[140.22956,42.57185],[140.2282,42.57309],[140.22742,42.57327],[140.22537,42.57326],[140.22358,42.57297],[140.22167,42.57334],[140.22052,42.57341],[140.22037,42.57457],[140.22004,42.57486],[140.21909,42.5748],[140.21752,42.57375],[140.21518,42.57253],[140.21315,42.57196],[140.21207,42.57207],[140.21076,42.57365],[140.21015,42.57498],[140.2082,42.57638],[140.20513,42.57796],[140.20414,42.57921],[140.20243,42.57987],[140.20139,42.58084],[140.1987,42.58116],[140.1964,42.58198],[140.19379,42.58216],[140.19274,42.5827],[140.19131,42.58433],[140.18912,42.58624],[140.18904,42.58669],[140.19011,42.58843],[140.1902,42.58929],[140.18812,42.59302],[140.18827,42.59362],[140.1894,42.59437],[140.19113,42.59619],[140.19114,42.5967],[140.18974,42.59837],[140.18806,42.59971],[140.18799,42.60249],[140.1886,42.60321],[140.18751,42.60503],[140.1865,42.60547],[140.18535,42.60597],[140.18497,42.60682],[140.18529,42.60799],[140.1859,42.60903],[140.18571,42.60992],[140.18566,42.61179],[140.1839,42.61204],[140.18204,42.61267],[140.17874,42.61263],[140.17719,42.61301],[140.17661,42.6133],[140.17559,42.61497],[140.17406,42.61558],[140.17307,42.61683],[140.17266,42.61758],[140.17145,42.61775],[140.16932,42.61786],[140.16833,42.61749],[140.16579,42.61668],[140.16283,42.61555],[140.16222,42.61636],[140.16037,42.61658],[140.15889,42.61724],[140.15733,42.61715],[140.15694,42.6171],[140.15549,42.61675],[140.1537,42.616],[140.15143,42.61564],[140.15072,42.61446],[140.1498,42.61317],[140.14915,42.61181],[140.14915,42.61126],[140.14979,42.61041],[140.15001,42.60939],[140.15032,42.60859],[140.14962,42.60782],[140.14786,42.60728],[140.14769,42.60718],[140.14756,42.60616],[140.14722,42.60571],[140.14824,42.60413],[140.14792,42.60239],[140.14809,42.60055],[140.15011,42.59915],[140.15143,42.59866],[140.15307,42.59796],[140.15513,42.59625],[140.15539,42.59599],[140.15604,42.59495],[140.15768,42.59334],[140.15799,42.59297],[140.15709,42.59172],[140.15648,42.59059],[140.15596,42.58959],[140.15588,42.58782],[140.15616,42.58728],[140.15642,42.5858],[140.156,42.58538],[140.15492,42.58433],[140.15476,42.58346],[140.15433,42.58296],[140.15383,42.58162],[140.15353,42.58125],[140.15259,42.57997],[140.15141,42.57979],[140.14979,42.58033],[140.14826,42.58],[140.14389,42.57972],[140.14305,42.57858],[140.14244,42.57765],[140.14217,42.57522],[140.14124,42.57328],[140.1413,42.57124],[140.14059,42.56974],[140.14055,42.56946],[140.14158,42.56755],[140.14166,42.56587],[140.14075,42.56466],[140.13964,42.56429],[140.13917,42.56381],[140.13714,42.56302],[140.1366,42.56237],[140.13429,42.56177],[140.13105,42.56144],[140.12853,42.56088],[140.12732,42.55882],[140.12719,42.55798],[140.12703,42.55709],[140.12678,42.55474],[140.12722,42.55273],[140.12919,42.55151],[140.13232,42.55151],[140.13622,42.55108],[140.1386,42.55212],[140.14249,42.55148],[140.14763,42.54901],[140.14954,42.5454],[140.15091,42.54447],[140.1541,42.54416],[140.15515,42.54328],[140.15547,42.54052],[140.1549,42.53601],[140.15669,42.5334],[140.15702,42.53209],[140.15632,42.52935],[140.15929,42.52645],[140.15985,42.52473],[140.15846,42.52043],[140.15976,42.5179],[140.16021,42.51596],[140.1599,42.51225],[140.15994,42.51039],[140.16065,42.5054],[140.15999,42.50337],[140.16029,42.50239],[140.16239,42.5008],[140.16278,42.5002],[140.16241,42.49837],[140.15963,42.4958],[140.15754,42.49445],[140.16097,42.49388],[140.16334,42.4917],[140.16409,42.48928],[140.16528,42.48819],[140.16501,42.48622],[140.16404,42.48401],[140.16349,42.4821],[140.16538,42.48014],[140.16689,42.47757],[140.17007,42.47495],[140.17444,42.47266],[140.17686,42.47159],[140.17868,42.47061],[140.18021,42.46942],[140.18063,42.46857],[140.18131,42.46713],[140.18198,42.4651],[140.1819,42.46113],[140.18169,42.45987],[140.18137,42.45837],[140.18064,42.45606],[140.18284,42.45702],[140.18453,42.45861],[140.18605,42.45988],[140.18689,42.46058],[140.18708,42.46227],[140.18793,42.46354],[140.18922,42.46412],[140.19001,42.46477],[140.1916,42.46658],[140.19403,42.4676],[140.1956,42.46599],[140.19762,42.46719],[140.19884,42.46767],[140.2031,42.46744],[140.20426,42.46825],[140.20476,42.47013],[140.20493,42.47081],[140.20589,42.47174],[140.20904,42.47137],[140.21026,42.47108],[140.21202,42.47212]]]}},{"type":"Feature","properties":{"m":"字光台","b":[140.0391,42.4376,140.0858,42.4838],"c":[140.06141,42.45998]},"geometry":{"type":"Polygon","coordinates":[[[140.04746,42.43765],[140.05436,42.43819],[140.05953,42.43872],[140.05973,42.439],[140.05952,42.44205],[140.06329,42.44262],[140.06619,42.4436],[140.06727,42.44428],[140.07097,42.4478],[140.07312,42.45063],[140.07514,42.455],[140.07797,42.45792],[140.08026,42.45977],[140.08545,42.46309],[140.08576,42.46371],[140.08531,42.46985],[140.08433,42.47397],[140.08413,42.47598],[140.08345,42.47916],[140.08338,42.48149],[140.08378,42.48378],[140.08158,42.48342],[140.07991,42.48251],[140.07922,42.48165],[140.07742,42.47845],[140.07643,42.47624],[140.07583,42.47555],[140.07388,42.47521],[140.05951,42.47405],[140.05647,42.47353],[140.05409,42.47374],[140.05038,42.47364],[140.04787,42.47481],[140.04661,42.47494],[140.04469,42.47437],[140.04494,42.47264],[140.0405,42.47227],[140.03997,42.47066],[140.04028,42.46881],[140.04176,42.4664],[140.04293,42.46512],[140.04503,42.46146],[140.04484,42.46018],[140.04363,42.45805],[140.04229,42.45459],[140.04024,42.45121],[140.0391,42.44972],[140.03994,42.44763],[140.04249,42.44356],[140.04355,42.4429],[140.04694,42.44292],[140.04835,42.44194],[140.04832,42.44001],[140.04869,42.43918],[140.04746,42.43765]]]}},{"type":"Feature","properties":{"m":"字種川","b":[139.9916,42.4118,140.1653,42.5603],"c":[140.08412,42.49941]},"geometry":{"type":"Polygon","coordinates":[[[140.04728,42.41638],[140.04668,42.41587],[140.04896,42.41534],[140.05331,42.41657],[140.05497,42.41689],[140.05809,42.41677],[140.06063,42.41631],[140.0646,42.41491],[140.06587,42.41277],[140.06708,42.41214],[140.07011,42.41177],[140.07181,42.41195],[140.07268,42.41288],[140.07792,42.41387],[140.08142,42.41371],[140.08375,42.41388],[140.09055,42.41466],[140.09056,42.41502],[140.08712,42.41514],[140.08526,42.41566],[140.08436,42.41636],[140.08366,42.41781],[140.08401,42.42021],[140.08618,42.42426],[140.08813,42.42675],[140.09141,42.42954],[140.09333,42.43069],[140.09599,42.43183],[140.10153,42.43331],[140.10515,42.43398],[140.10821,42.43477],[140.10998,42.43552],[140.11664,42.44029],[140.11742,42.44106],[140.11668,42.44222],[140.11405,42.44244],[140.10826,42.44415],[140.10479,42.44534],[140.10251,42.44634],[140.10068,42.44742],[140.09947,42.44915],[140.09954,42.45078],[140.10005,42.45184],[140.10191,42.45343],[140.10562,42.45532],[140.10894,42.45745],[140.1123,42.45932],[140.11462,42.4619],[140.11661,42.46567],[140.11813,42.46963],[140.11818,42.47295],[140.12122,42.4715],[140.12621,42.46945],[140.12822,42.46892],[140.13235,42.46941],[140.13417,42.46928],[140.13648,42.46827],[140.13723,42.46711],[140.13679,42.4661],[140.13452,42.46355],[140.1341,42.46235],[140.1353,42.46062],[140.13782,42.45885],[140.13901,42.45693],[140.13935,42.45363],[140.13942,42.45335],[140.14011,42.4523],[140.14117,42.452],[140.14314,42.45242],[140.14507,42.45318],[140.14859,42.45546],[140.15019,42.45741],[140.1512,42.45889],[140.1526,42.46159],[140.1529,42.46308],[140.1527,42.46593],[140.15168,42.46725],[140.15193,42.46842],[140.15281,42.4689],[140.15509,42.46921],[140.15961,42.47024],[140.16172,42.472],[140.16284,42.47287],[140.16297,42.47407],[140.16185,42.4746],[140.15943,42.47571],[140.15869,42.47643],[140.15793,42.47818],[140.15846,42.47916],[140.15968,42.47989],[140.16349,42.4821],[140.16404,42.48401],[140.16501,42.48622],[140.16528,42.48819],[140.16409,42.48928],[140.16334,42.4917],[140.16097,42.49388],[140.15754,42.49445],[140.15963,42.4958],[140.16241,42.49837],[140.16278,42.5002],[140.16239,42.5008],[140.16029,42.50239],[140.15999,42.50337],[140.16065,42.5054],[140.15994,42.51039],[140.1599,42.51225],[140.16021,42.51596],[140.15976,42.5179],[140.15846,42.52043],[140.15985,42.52473],[140.15929,42.52645],[140.15632,42.52935],[140.15702,42.53209],[140.15669,42.5334],[140.1549,42.53601],[140.15547,42.54052],[140.15515,42.54328],[140.1541,42.54416],[140.15091,42.54447],[140.14954,42.5454],[140.14763,42.54901],[140.14249,42.55148],[140.1386,42.55212],[140.13622,42.55108],[140.13232,42.55151],[140.12919,42.55151],[140.12722,42.55273],[140.12618,42.55241],[140.1253,42.55212],[140.12373,42.55064],[140.12271,42.54863],[140.12057,42.54805],[140.12015,42.54782],[140.11803,42.54578],[140.11753,42.54528],[140.11716,42.54507],[140.11708,42.54503],[140.11564,42.54621],[140.11508,42.5463],[140.11166,42.54604],[140.1106,42.54597],[140.10932,42.54564],[140.10813,42.54595],[140.10672,42.54686],[140.10577,42.54818],[140.10359,42.54874],[140.10197,42.54923],[140.10072,42.55004],[140.09981,42.55052],[140.09919,42.55228],[140.09919,42.55288],[140.09828,42.55365],[140.09711,42.5543],[140.0934,42.55531],[140.09259,42.55529],[140.09128,42.55526],[140.09051,42.5554],[140.08717,42.55746],[140.08655,42.55759],[140.08569,42.55671],[140.08509,42.55655],[140.08436,42.55683],[140.08273,42.55808],[140.08046,42.55875],[140.07719,42.5591],[140.07575,42.55953],[140.07525,42.55948],[140.0731,42.55801],[140.07139,42.55741],[140.06838,42.55743],[140.06714,42.55687],[140.06582,42.5564],[140.06498,42.5567],[140.06229,42.55741],[140.0608,42.55738],[140.0556,42.55562],[140.05236,42.55401],[140.05076,42.55382],[140.04713,42.55518],[140.04534,42.55643],[140.04317,42.55702],[140.04254,42.55862],[140.04204,42.55981],[140.04034,42.56011],[140.03733,42.56035],[140.03644,42.56003],[140.03443,42.55816],[140.03309,42.55713],[140.02985,42.55569],[140.02995,42.55308],[140.02898,42.55209],[140.02831,42.55031],[140.02811,42.54825],[140.0291,42.5454],[140.02753,42.54424],[140.02435,42.54257],[140.02246,42.54199],[140.02102,42.54097],[140.02462,42.53481],[140.02484,42.53395],[140.02434,42.53276],[140.02192,42.53072],[140.01974,42.52781],[140.01887,42.52633],[140.01663,42.51955],[140.01575,42.51853],[140.01352,42.51732],[140.00936,42.51608],[140.00429,42.51564],[139.99838,42.5149],[139.99426,42.51473],[139.9922,42.50593],[139.99164,42.50203],[139.99358,42.49993],[139.99514,42.49903],[139.9981,42.49682],[139.99943,42.49521],[139.99996,42.49124],[140.0019,42.48559],[140.00292,42.48377],[140.0044,42.48195],[140.00785,42.47932],[140.0082,42.47769],[140.00724,42.47458],[140.00867,42.47149],[140.00876,42.47007],[140.01254,42.47057],[140.0148,42.47068],[140.01758,42.47116],[140.02537,42.47181],[140.03098,42.47198],[140.03352,42.4719],[140.0405,42.47227],[140.04494,42.47264],[140.04469,42.47437],[140.04661,42.47494],[140.04787,42.47481],[140.05038,42.47364],[140.05409,42.47374],[140.05647,42.47353],[140.05951,42.47405],[140.07388,42.47521],[140.07583,42.47555],[140.07643,42.47624],[140.07742,42.47845],[140.07922,42.48165],[140.07991,42.48251],[140.08158,42.48342],[140.08378,42.48378],[140.08338,42.48149],[140.08345,42.47916],[140.08413,42.47598],[140.08433,42.47397],[140.08531,42.46985],[140.08576,42.46371],[140.08545,42.46309],[140.08026,42.45977],[140.07797,42.45792],[140.07514,42.455],[140.07312,42.45063],[140.07097,42.4478],[140.06727,42.44428],[140.06619,42.4436],[140.06329,42.44262],[140.05952,42.44205],[140.05973,42.439],[140.05953,42.43872],[140.05436,42.43819],[140.04746,42.43765],[140.04668,42.43695],[140.04662,42.43409],[140.0475,42.43117],[140.04796,42.42766],[140.04743,42.42624],[140.04609,42.42536],[140.04726,42.42324],[140.04768,42.42097],[140.04763,42.4185],[140.04728,42.41638]]]}},{"type":"Feature","properties":{"m":"字住吉","b":[140.0837,42.3865,140.1521,42.4729],"c":[140.11589,42.42675]},"geometry":{"type":"Polygon","coordinates":[[[140.09055,42.41466],[140.09036,42.41354],[140.08829,42.40907],[140.08831,42.40545],[140.08891,42.40391],[140.08983,42.4027],[140.09286,42.40039],[140.09406,42.39879],[140.09512,42.39533],[140.09547,42.39279],[140.09712,42.39175],[140.098,42.39021],[140.10108,42.38842],[140.1039,42.38741],[140.10623,42.38689],[140.10828,42.38652],[140.11004,42.38655],[140.11228,42.38713],[140.1161,42.38842],[140.11916,42.38792],[140.12008,42.39053],[140.12247,42.39534],[140.1236,42.3991],[140.12437,42.40067],[140.12519,42.4032],[140.12677,42.40705],[140.1282,42.41218],[140.13255,42.42108],[140.13457,42.42193],[140.13622,42.4218],[140.14114,42.42028],[140.14285,42.42009],[140.14764,42.42047],[140.14914,42.42135],[140.1499,42.42285],[140.15184,42.42429],[140.15212,42.42744],[140.15117,42.428],[140.14733,42.42842],[140.1483,42.43038],[140.1509,42.43424],[140.14782,42.43423],[140.14205,42.43427],[140.13863,42.43369],[140.13556,42.4325],[140.13104,42.43117],[140.12988,42.43092],[140.12886,42.43082],[140.12984,42.432],[140.1315,42.43346],[140.13324,42.43496],[140.13481,42.43671],[140.13516,42.4387],[140.13501,42.44072],[140.13418,42.44444],[140.13396,42.44566],[140.13402,42.44824],[140.1348,42.44972],[140.13559,42.45098],[140.13756,42.45257],[140.13935,42.45363],[140.13901,42.45693],[140.13782,42.45885],[140.1353,42.46062],[140.1341,42.46235],[140.13452,42.46355],[140.13679,42.4661],[140.13723,42.46711],[140.13648,42.46827],[140.13417,42.46928],[140.13235,42.46941],[140.12822,42.46892],[140.12621,42.46945],[140.12122,42.4715],[140.11818,42.47295],[140.11813,42.46963],[140.11661,42.46567],[140.11462,42.4619],[140.1123,42.45932],[140.10894,42.45745],[140.10562,42.45532],[140.10191,42.45343],[140.10005,42.45184],[140.09954,42.45078],[140.09947,42.44915],[140.10068,42.44742],[140.10251,42.44634],[140.10479,42.44534],[140.10826,42.44415],[140.11405,42.44244],[140.11668,42.44222],[140.11742,42.44106],[140.11664,42.44029],[140.10998,42.43552],[140.10821,42.43477],[140.10515,42.43398],[140.10153,42.43331],[140.09599,42.43183],[140.09333,42.43069],[140.09141,42.42954],[140.08813,42.42675],[140.08618,42.42426],[140.08401,42.42021],[140.08366,42.41781],[140.08436,42.41636],[140.08526,42.41566],[140.08712,42.41514],[140.09056,42.41502],[140.09055,42.41466]]]}},{"type":"Feature","properties":{"m":"字宮島","b":[140.1289,42.4308,140.182,42.4821],"c":[140.15856,42.45465]},"geometry":{"type":"Polygon","coordinates":[[[140.18137,42.45837],[140.18169,42.45987],[140.1819,42.46113],[140.18198,42.4651],[140.18131,42.46713],[140.18063,42.46857],[140.18021,42.46942],[140.17868,42.47061],[140.17686,42.47159],[140.17444,42.47266],[140.17007,42.47495],[140.16689,42.47757],[140.16538,42.48014],[140.16349,42.4821],[140.15968,42.47989],[140.15846,42.47916],[140.15793,42.47818],[140.15869,42.47643],[140.15943,42.47571],[140.16185,42.4746],[140.16297,42.47407],[140.16284,42.47287],[140.16172,42.472],[140.15961,42.47024],[140.15509,42.46921],[140.15281,42.4689],[140.15193,42.46842],[140.15168,42.46725],[140.1527,42.46593],[140.1529,42.46308],[140.1526,42.46159],[140.1512,42.45889],[140.15019,42.45741],[140.14859,42.45546],[140.14507,42.45318],[140.14314,42.45242],[140.14117,42.452],[140.14011,42.4523],[140.13942,42.45335],[140.13935,42.45363],[140.13756,42.45257],[140.13559,42.45098],[140.1348,42.44972],[140.13402,42.44824],[140.13396,42.44566],[140.13418,42.44444],[140.13501,42.44072],[140.13516,42.4387],[140.13481,42.43671],[140.13324,42.43496],[140.1315,42.43346],[140.12984,42.432],[140.12886,42.43082],[140.12988,42.43092],[140.13104,42.43117],[140.13556,42.4325],[140.13863,42.43369],[140.14205,42.43427],[140.14782,42.43423],[140.1509,42.43424],[140.15316,42.43452],[140.15459,42.43503],[140.15635,42.43621],[140.15692,42.43699],[140.15717,42.43767],[140.15706,42.44037],[140.15739,42.44114],[140.15851,42.44157],[140.16155,42.44176],[140.16333,42.44282],[140.16144,42.44431],[140.16047,42.4456],[140.16055,42.44664],[140.16221,42.44873],[140.16544,42.44913],[140.17235,42.44848],[140.17579,42.44819],[140.17789,42.44764],[140.17848,42.44995],[140.17971,42.45322],[140.18064,42.45606],[140.18137,42.45837]]]}},{"type":"Feature","properties":{"m":"字花石","b":[140.1444,42.4033,140.2082,42.4491],"c":[140.17648,42.42577]},"geometry":{"type":"Polygon","coordinates":[[[140.17235,42.44848],[140.16544,42.44913],[140.16221,42.44873],[140.16055,42.44664],[140.16047,42.4456],[140.16144,42.44431],[140.16333,42.44282],[140.16155,42.44176],[140.15851,42.44157],[140.15739,42.44114],[140.15706,42.44037],[140.15717,42.43767],[140.16002,42.4351],[140.15934,42.43406],[140.15822,42.43357],[140.15619,42.43335],[140.1549,42.43144],[140.15375,42.42692],[140.15474,42.42566],[140.15502,42.42401],[140.1547,42.42295],[140.15233,42.42037],[140.15003,42.41929],[140.15079,42.41856],[140.15229,42.41419],[140.1516,42.41368],[140.14982,42.41398],[140.14899,42.41511],[140.14828,42.41709],[140.1461,42.41754],[140.14468,42.4169],[140.14435,42.4154],[140.14447,42.41387],[140.14597,42.41325],[140.14811,42.41312],[140.15229,42.4133],[140.15578,42.41319],[140.15792,42.41291],[140.1617,42.41207],[140.16631,42.41188],[140.1732,42.41209],[140.17472,42.412],[140.17667,42.41143],[140.1784,42.41022],[140.1793,42.40852],[140.18337,42.40585],[140.18726,42.40362],[140.18877,42.40326],[140.18925,42.40473],[140.18956,42.40783],[140.19031,42.40955],[140.19186,42.41069],[140.19263,42.41215],[140.19461,42.41355],[140.19826,42.41446],[140.20004,42.415],[140.2022,42.41778],[140.20293,42.41854],[140.20441,42.42024],[140.20651,42.42075],[140.20771,42.42215],[140.20804,42.42404],[140.2082,42.42563],[140.20767,42.42671],[140.20509,42.42896],[140.20321,42.42987],[140.20049,42.43082],[140.19713,42.43139],[140.19244,42.43139],[140.19058,42.43191],[140.18901,42.43255],[140.18666,42.43556],[140.18528,42.43672],[140.18462,42.43808],[140.1839,42.43932],[140.18178,42.44097],[140.17758,42.44273],[140.17686,42.44427],[140.17705,42.44514],[140.17789,42.44764],[140.17579,42.44819],[140.17235,42.44848]]]}},{"type":"Feature","properties":{"m":"字奥沢","b":[140.0806,42.3475,140.1565,42.3932],"c":[140.10848,42.37059]},"geometry":{"type":"Polygon","coordinates":[[[140.1161,42.38842],[140.11228,42.38713],[140.11004,42.38655],[140.10828,42.38652],[140.10623,42.38689],[140.1039,42.38741],[140.10108,42.38842],[140.098,42.39021],[140.09712,42.39175],[140.09547,42.39279],[140.09406,42.39321],[140.08935,42.3928],[140.08547,42.3923],[140.08381,42.39226],[140.08059,42.39212],[140.08099,42.38899],[140.08144,42.38586],[140.08359,42.37566],[140.08461,42.37113],[140.08557,42.36794],[140.08589,42.36666],[140.08671,42.36314],[140.08762,42.36066],[140.08863,42.35649],[140.08887,42.35352],[140.08914,42.35045],[140.08927,42.34951],[140.08962,42.34757],[140.09388,42.34745],[140.09621,42.34781],[140.09837,42.34853],[140.10426,42.3502],[140.10828,42.35191],[140.1118,42.35362],[140.11362,42.35464],[140.11572,42.3556],[140.1196,42.35454],[140.12337,42.35324],[140.1266,42.35405],[140.12821,42.35473],[140.1302,42.35634],[140.13153,42.35845],[140.1325,42.36075],[140.13285,42.36291],[140.1338,42.36494],[140.13597,42.36713],[140.13786,42.36845],[140.13816,42.36982],[140.13828,42.37072],[140.13907,42.37112],[140.14015,42.37109],[140.14231,42.37058],[140.14739,42.36972],[140.14931,42.36959],[140.15155,42.37053],[140.15311,42.37164],[140.15645,42.37532],[140.15434,42.37406],[140.15001,42.37296],[140.14755,42.3731],[140.14676,42.37328],[140.14634,42.37524],[140.14635,42.37699],[140.14586,42.37784],[140.14478,42.37825],[140.14303,42.37839],[140.13978,42.37794],[140.1373,42.3772],[140.13566,42.37706],[140.13247,42.37702],[140.13076,42.37763],[140.12816,42.37975],[140.12698,42.38021],[140.12415,42.38023],[140.12173,42.37994],[140.12103,42.38011],[140.11955,42.38125],[140.11819,42.38269],[140.11793,42.38346],[140.11811,42.38494],[140.11916,42.38792],[140.1161,42.38842]]]}},{"type":"Feature","properties":{"m":"字中里","b":[140.1179,42.373,140.1888,42.4377],"c":[140.14873,42.39824]},"geometry":{"type":"Polygon","coordinates":[[[140.11916,42.38792],[140.11811,42.38494],[140.11793,42.38346],[140.11819,42.38269],[140.11955,42.38125],[140.12103,42.38011],[140.12173,42.37994],[140.12415,42.38023],[140.12698,42.38021],[140.12816,42.37975],[140.13076,42.37763],[140.13247,42.37702],[140.13566,42.37706],[140.1373,42.3772],[140.13978,42.37794],[140.14303,42.37839],[140.14478,42.37825],[140.14586,42.37784],[140.14635,42.37699],[140.14634,42.37524],[140.14676,42.37328],[140.14755,42.3731],[140.15001,42.37296],[140.15434,42.37406],[140.15645,42.37532],[140.15817,42.37676],[140.16324,42.37986],[140.16559,42.38228],[140.16672,42.38314],[140.1697,42.38641],[140.17194,42.3899],[140.17372,42.39233],[140.17431,42.3936],[140.17556,42.39713],[140.17601,42.40127],[140.17628,42.40182],[140.17777,42.40151],[140.18007,42.40051],[140.18142,42.40021],[140.18267,42.39984],[140.18511,42.39967],[140.18674,42.40023],[140.18784,42.40137],[140.18877,42.40326],[140.18726,42.40362],[140.18337,42.40585],[140.1793,42.40852],[140.1784,42.41022],[140.17667,42.41143],[140.17472,42.412],[140.1732,42.41209],[140.16631,42.41188],[140.1617,42.41207],[140.15792,42.41291],[140.15578,42.41319],[140.15229,42.4133],[140.14811,42.41312],[140.14597,42.41325],[140.14447,42.41387],[140.14435,42.4154],[140.14468,42.4169],[140.1461,42.41754],[140.14828,42.41709],[140.14899,42.41511],[140.14982,42.41398],[140.1516,42.41368],[140.15229,42.41419],[140.15079,42.41856],[140.15003,42.41929],[140.15233,42.42037],[140.1547,42.42295],[140.15502,42.42401],[140.15474,42.42566],[140.15375,42.42692],[140.1549,42.43144],[140.15619,42.43335],[140.15822,42.43357],[140.15934,42.43406],[140.16002,42.4351],[140.15717,42.43767],[140.15692,42.43699],[140.15635,42.43621],[140.15459,42.43503],[140.15316,42.43452],[140.1509,42.43424],[140.1483,42.43038],[140.14733,42.42842],[140.15117,42.428],[140.15212,42.42744],[140.15184,42.42429],[140.1499,42.42285],[140.14914,42.42135],[140.14764,42.42047],[140.14285,42.42009],[140.14114,42.42028],[140.13622,42.4218],[140.13457,42.42193],[140.13255,42.42108],[140.1282,42.41218],[140.12677,42.40705],[140.12519,42.4032],[140.12437,42.40067],[140.1236,42.3991],[140.12247,42.39534],[140.12008,42.39053],[140.11916,42.38792]]]}},{"type":"Feature","properties":{"m":"字稲穂","b":[140.044,42.3837,140.0955,42.4169],"c":[140.06723,42.40181]},"geometry":{"type":"Polygon","coordinates":[[[140.04807,42.38646],[140.05612,42.38421],[140.05842,42.38372],[140.06115,42.38409],[140.06454,42.3856],[140.06728,42.38609],[140.07041,42.38589],[140.07088,42.38683],[140.06905,42.38717],[140.06384,42.38739],[140.06216,42.38833],[140.06178,42.38899],[140.06207,42.39061],[140.06286,42.39171],[140.06553,42.39302],[140.0685,42.39355],[140.07182,42.39319],[140.0765,42.39212],[140.08059,42.39212],[140.08381,42.39226],[140.08547,42.3923],[140.08935,42.3928],[140.09406,42.39321],[140.09547,42.39279],[140.09512,42.39533],[140.09406,42.39879],[140.09286,42.40039],[140.08983,42.4027],[140.08891,42.40391],[140.08831,42.40545],[140.08829,42.40907],[140.09036,42.41354],[140.09055,42.41466],[140.08375,42.41388],[140.08142,42.41371],[140.07792,42.41387],[140.07268,42.41288],[140.07181,42.41195],[140.07011,42.41177],[140.06708,42.41214],[140.06587,42.41277],[140.0646,42.41491],[140.06063,42.41631],[140.05809,42.41677],[140.05497,42.41689],[140.05331,42.41657],[140.04896,42.41534],[140.04668,42.41587],[140.04431,42.41355],[140.04405,42.40933],[140.04688,42.40958],[140.04683,42.4057],[140.04767,42.40214],[140.04834,42.39522],[140.04828,42.38754],[140.04807,42.38646]]]}},{"type":"Feature","properties":{"m":"字白石","b":[140.0184,42.3444,140.0896,42.3935],"c":[140.0553,42.3671]},"geometry":{"type":"Polygon","coordinates":[[[140.01982,42.34439],[140.02159,42.34476],[140.02488,42.34596],[140.02713,42.34642],[140.02897,42.34692],[140.03371,42.34792],[140.03548,42.34801],[140.03738,42.34825],[140.04112,42.34814],[140.04231,42.34787],[140.04581,42.34766],[140.04903,42.34609],[140.05217,42.34436],[140.05408,42.34525],[140.05558,42.3461],[140.05773,42.34786],[140.05909,42.34943],[140.06164,42.35326],[140.06388,42.35601],[140.065,42.35683],[140.0646,42.35798],[140.06372,42.35939],[140.06531,42.35971],[140.06697,42.35842],[140.06763,42.35612],[140.06844,42.35503],[140.07107,42.35228],[140.07442,42.34972],[140.07585,42.34919],[140.07855,42.34881],[140.07958,42.34879],[140.08129,42.34804],[140.08314,42.34753],[140.08504,42.34743],[140.08905,42.34761],[140.08962,42.34757],[140.08927,42.34951],[140.08914,42.35045],[140.08887,42.35352],[140.08863,42.35649],[140.08762,42.36066],[140.08671,42.36314],[140.08589,42.36666],[140.08557,42.36794],[140.08461,42.37113],[140.08359,42.37566],[140.08144,42.38586],[140.08099,42.38899],[140.08059,42.39212],[140.0765,42.39212],[140.07182,42.39319],[140.0685,42.39355],[140.06553,42.39302],[140.06286,42.39171],[140.06207,42.39061],[140.06178,42.38899],[140.06216,42.38833],[140.06384,42.38739],[140.06905,42.38717],[140.07088,42.38683],[140.07041,42.38589],[140.06728,42.38609],[140.06454,42.3856],[140.06115,42.38409],[140.05842,42.38372],[140.05612,42.38421],[140.04807,42.38646],[140.04261,42.38836],[140.04055,42.38893],[140.03485,42.39131],[140.0305,42.39284],[140.02761,42.39128],[140.0272,42.39081],[140.03064,42.38921],[140.03545,42.38785],[140.0365,42.38542],[140.03729,42.38298],[140.03754,42.3799],[140.03634,42.37711],[140.03522,42.37557],[140.03328,42.37435],[140.02976,42.3737],[140.02909,42.37183],[140.02757,42.3706],[140.02576,42.3701],[140.02353,42.36841],[140.02343,42.36771],[140.0223,42.36711],[140.022,42.36581],[140.01904,42.36395],[140.0191,42.36323],[140.01838,42.36021],[140.01955,42.35697],[140.01993,42.35491],[140.02183,42.35075],[140.02166,42.3485],[140.01982,42.34439]]]}},{"type":"Feature","properties":{"m":"字日進","b":[139.9618,42.2722,140.2393,42.4717],"c":[140.09398,42.35223]},"geometry":{"type":"Polygon","coordinates":[[[140.23053,42.3948],[140.23019,42.39548],[140.23027,42.39622],[140.23058,42.39688],[140.22966,42.39984],[140.23011,42.4003],[140.23327,42.40163],[140.23393,42.40273],[140.236,42.40318],[140.23716,42.40386],[140.2372,42.40563],[140.2384,42.4073],[140.23932,42.40799],[140.2379,42.40777],[140.23605,42.40788],[140.23412,42.40883],[140.2322,42.40922],[140.2312,42.40942],[140.22992,42.41133],[140.22856,42.41217],[140.2282,42.41315],[140.2297,42.41482],[140.22947,42.41622],[140.22887,42.41667],[140.22784,42.41692],[140.22622,42.41877],[140.22553,42.41968],[140.22642,42.42058],[140.22655,42.42126],[140.22627,42.42205],[140.22547,42.42401],[140.22652,42.42501],[140.229,42.42623],[140.22976,42.42751],[140.23068,42.42862],[140.23046,42.42943],[140.23081,42.43078],[140.22969,42.43196],[140.22868,42.43301],[140.22724,42.43309],[140.22676,42.43312],[140.22534,42.43448],[140.22453,42.43583],[140.2228,42.4377],[140.22288,42.43874],[140.22167,42.44081],[140.22063,42.44095],[140.2203,42.44104],[140.21892,42.44225],[140.21858,42.44391],[140.21727,42.44586],[140.21606,42.44698],[140.21566,42.44717],[140.21271,42.44821],[140.2124,42.44883],[140.21244,42.44915],[140.21348,42.4499],[140.21443,42.45088],[140.21438,42.45155],[140.21443,42.45323],[140.21434,42.45354],[140.21292,42.45382],[140.21254,42.45425],[140.21317,42.45535],[140.21573,42.45742],[140.21552,42.45865],[140.21322,42.46086],[140.21463,42.46302],[140.21571,42.46415],[140.21506,42.4658],[140.21434,42.46605],[140.21461,42.46682],[140.21229,42.46808],[140.21019,42.46913],[140.20871,42.47021],[140.20868,42.47072],[140.21026,42.47108],[140.20904,42.47137],[140.20589,42.47174],[140.20493,42.47081],[140.20476,42.47013],[140.20426,42.46825],[140.2031,42.46744],[140.19884,42.46767],[140.19762,42.46719],[140.1956,42.46599],[140.19403,42.4676],[140.1916,42.46658],[140.19001,42.46477],[140.18922,42.46412],[140.18793,42.46354],[140.18708,42.46227],[140.18689,42.46058],[140.18605,42.45988],[140.18453,42.45861],[140.18284,42.45702],[140.18064,42.45606],[140.17971,42.45322],[140.17848,42.44995],[140.17789,42.44764],[140.17705,42.44514],[140.17686,42.44427],[140.17758,42.44273],[140.18178,42.44097],[140.1839,42.43932],[140.18462,42.43808],[140.18528,42.43672],[140.18666,42.43556],[140.18901,42.43255],[140.19058,42.43191],[140.19244,42.43139],[140.19713,42.43139],[140.20049,42.43082],[140.20321,42.42987],[140.20509,42.42896],[140.20767,42.42671],[140.2082,42.42563],[140.20804,42.42404],[140.20771,42.42215],[140.20651,42.42075],[140.20441,42.42024],[140.20293,42.41854],[140.2022,42.41778],[140.20004,42.415],[140.19826,42.41446],[140.19461,42.41355],[140.19263,42.41215],[140.19186,42.41069],[140.19031,42.40955],[140.18956,42.40783],[140.18925,42.40473],[140.18877,42.40326],[140.18784,42.40137],[140.18674,42.40023],[140.18511,42.39967],[140.18267,42.39984],[140.18142,42.40021],[140.18007,42.40051],[140.17777,42.40151],[140.17628,42.40182],[140.17601,42.40127],[140.17556,42.39713],[140.17431,42.3936],[140.17372,42.39233],[140.17194,42.3899],[140.1697,42.38641],[140.16672,42.38314],[140.16559,42.38228],[140.16324,42.37986],[140.15817,42.37676],[140.15645,42.37532],[140.15311,42.37164],[140.15155,42.37053],[140.14931,42.36959],[140.14739,42.36972],[140.14231,42.37058],[140.14015,42.37109],[140.13907,42.37112],[140.13828,42.37072],[140.13816,42.36982],[140.13786,42.36845],[140.13597,42.36713],[140.1338,42.36494],[140.13285,42.36291],[140.1325,42.36075],[140.13153,42.35845],[140.1302,42.35634],[140.12821,42.35473],[140.1266,42.35405],[140.12337,42.35324],[140.1196,42.35454],[140.11572,42.3556],[140.11362,42.35464],[140.1118,42.35362],[140.10828,42.35191],[140.10426,42.3502],[140.09837,42.34853],[140.09621,42.34781],[140.09388,42.34745],[140.08962,42.34757],[140.08905,42.34761],[140.08504,42.34743],[140.08314,42.34753],[140.08129,42.34804],[140.07958,42.34879],[140.07855,42.34881],[140.07585,42.34919],[140.07442,42.34972],[140.07107,42.35228],[140.06844,42.35503],[140.06763,42.35612],[140.06697,42.35842],[140.06531,42.35971],[140.06372,42.35939],[140.0646,42.35798],[140.065,42.35683],[140.06388,42.35601],[140.06164,42.35326],[140.05909,42.34943],[140.05773,42.34786],[140.05558,42.3461],[140.05408,42.34525],[140.05062,42.34361],[140.05068,42.34289],[140.05207,42.34348],[140.05258,42.34244],[140.05425,42.34224],[140.05342,42.34178],[140.05407,42.34016],[140.05559,42.34075],[140.05573,42.34072],[140.05644,42.33941],[140.05645,42.33926],[140.05596,42.33854],[140.05647,42.33787],[140.05788,42.33891],[140.05902,42.33871],[140.05913,42.33773],[140.05993,42.33743],[140.06086,42.33623],[140.06012,42.33563],[140.06015,42.33532],[140.06088,42.33417],[140.06154,42.33329],[140.06234,42.33325],[140.06344,42.33266],[140.06293,42.33229],[140.06288,42.33199],[140.06403,42.33114],[140.06472,42.33067],[140.06434,42.33032],[140.06328,42.33042],[140.0628,42.32998],[140.06261,42.3294],[140.06304,42.32889],[140.06148,42.32841],[140.06098,42.32832],[140.06007,42.32794],[140.06038,42.3266],[140.05693,42.32683],[140.05471,42.3251],[140.05428,42.32381],[140.05383,42.32328],[140.05136,42.32252],[140.05027,42.32122],[140.04833,42.31988],[140.04525,42.3191],[140.04291,42.31826],[140.04169,42.31725],[140.04056,42.31567],[140.04043,42.31463],[140.04086,42.30756],[140.04108,42.30122],[140.04215,42.29568],[140.04254,42.29234],[140.04153,42.29],[140.03589,42.28862],[140.02785,42.2874],[140.02748,42.28926],[140.02579,42.29557],[140.02554,42.29839],[140.02496,42.30102],[140.02442,42.30629],[140.024,42.31064],[140.02388,42.31377],[140.02395,42.3153],[140.02379,42.31762],[140.023,42.32279],[140.02265,42.32507],[140.02264,42.32682],[140.02203,42.33281],[140.02192,42.33484],[140.0221,42.33729],[140.02266,42.33993],[140.02298,42.34286],[140.02189,42.34354],[140.02032,42.3441],[140.01982,42.34439],[140.0148,42.34455],[140.01219,42.34505],[140.00917,42.34533],[140.00019,42.34668],[139.99657,42.34678],[139.99387,42.34626],[139.99236,42.34683],[139.99093,42.34797],[139.98959,42.34951],[139.98837,42.3491],[139.98463,42.3461],[139.98362,42.34552],[139.98046,42.34603],[139.97733,42.34723],[139.97704,42.34703],[139.97707,42.34431],[139.97763,42.34033],[139.97715,42.33956],[139.97428,42.339],[139.96354,42.33875],[139.96177,42.33726],[139.96302,42.33583],[139.96396,42.33557],[139.96416,42.33456],[139.96589,42.33257],[139.96737,42.33128],[139.96813,42.32921],[139.96945,42.32753],[139.96954,42.32627],[139.96892,42.3247],[139.96867,42.32302],[139.96896,42.32152],[139.96983,42.32012],[139.9715,42.31795],[139.97235,42.3176],[139.97414,42.3161],[139.97475,42.31512],[139.97717,42.31409],[139.97794,42.31272],[139.98173,42.31015],[139.98211,42.30805],[139.98185,42.30682],[139.98225,42.30608],[139.9857,42.30265],[139.986,42.30151],[139.9853,42.29838],[139.9857,42.29694],[139.98814,42.2939],[139.98933,42.29026],[139.98888,42.28796],[139.98912,42.28644],[139.98799,42.28475],[139.98875,42.28427],[139.99084,42.2847],[139.99123,42.2842],[139.9923,42.28222],[139.99436,42.28082],[139.99524,42.278],[139.99596,42.27748],[139.99691,42.27707],[139.99834,42.27699],[140.00002,42.2761],[140.00231,42.27457],[140.00285,42.27352],[140.0032,42.2722],[140.00452,42.27283],[140.00622,42.27316],[140.00713,42.27302],[140.00826,42.27269],[140.01001,42.27304],[140.01111,42.27347],[140.01134,42.27351],[140.01284,42.27249],[140.01454,42.27239],[140.0178,42.27228],[140.01951,42.2729],[140.02247,42.27341],[140.02451,42.276],[140.02415,42.2769],[140.02509,42.27811],[140.02639,42.27892],[140.02554,42.28052],[140.02673,42.28216],[140.02772,42.28209],[140.02905,42.28118],[140.03023,42.28245],[140.03185,42.28204],[140.03304,42.28238],[140.03568,42.28222],[140.03658,42.28306],[140.04006,42.28378],[140.04127,42.28347],[140.0417,42.28211],[140.0431,42.28095],[140.04349,42.27994],[140.04623,42.27967],[140.04722,42.27899],[140.05015,42.27792],[140.0508,42.27707],[140.05325,42.27774],[140.05547,42.27882],[140.05789,42.27926],[140.05987,42.2802],[140.06155,42.28265],[140.06373,42.28419],[140.06264,42.28582],[140.0645,42.28597],[140.06571,42.28737],[140.06546,42.28807],[140.0665,42.28994],[140.06755,42.29098],[140.07008,42.29101],[140.07183,42.29019],[140.073,42.29049],[140.07377,42.29122],[140.07395,42.29308],[140.07354,42.294],[140.07458,42.29579],[140.07965,42.29705],[140.08086,42.29757],[140.08378,42.29994],[140.0854,42.30059],[140.08567,42.30133],[140.08453,42.30526],[140.08352,42.3069],[140.0824,42.30744],[140.08282,42.30907],[140.08388,42.30925],[140.08443,42.31019],[140.08322,42.3115],[140.08409,42.312],[140.08599,42.31218],[140.08689,42.31263],[140.08664,42.31437],[140.08933,42.31509],[140.09379,42.31562],[140.09633,42.31462],[140.09872,42.3143],[140.09866,42.31638],[140.09801,42.3176],[140.0963,42.31782],[140.09503,42.31851],[140.09416,42.32004],[140.09285,42.32037],[140.09221,42.32162],[140.09029,42.3236],[140.08995,42.32492],[140.09045,42.3263],[140.0912,42.32687],[140.09222,42.32937],[140.09162,42.33097],[140.09067,42.33134],[140.09036,42.33216],[140.087,42.33201],[140.08576,42.33241],[140.08554,42.33464],[140.08727,42.33523],[140.08877,42.33533],[140.09036,42.33619],[140.09113,42.33712],[140.09341,42.3376],[140.09532,42.33938],[140.0961,42.34119],[140.09802,42.34215],[140.10066,42.34137],[140.10205,42.3421],[140.10388,42.34125],[140.105,42.3416],[140.105,42.34254],[140.10707,42.34206],[140.10741,42.34303],[140.11092,42.34394],[140.11379,42.34357],[140.11702,42.34418],[140.11825,42.34406],[140.1204,42.34306],[140.12453,42.343],[140.12557,42.34497],[140.12849,42.34725],[140.12977,42.34875],[140.13118,42.35175],[140.13112,42.35359],[140.13298,42.35762],[140.13472,42.35669],[140.13671,42.35697],[140.13845,42.35756],[140.14075,42.35719],[140.14271,42.3576],[140.14398,42.35701],[140.14504,42.35705],[140.14726,42.35654],[140.14744,42.35719],[140.14871,42.35822],[140.14998,42.35851],[140.15069,42.35959],[140.15194,42.35989],[140.15319,42.36111],[140.15326,42.36231],[140.15403,42.36331],[140.15506,42.36359],[140.15486,42.3646],[140.1554,42.36634],[140.157,42.36658],[140.15787,42.36713],[140.15797,42.36875],[140.15766,42.36992],[140.15939,42.37102],[140.15957,42.37212],[140.16183,42.3726],[140.16305,42.37361],[140.16609,42.37333],[140.16716,42.37372],[140.1696,42.37353],[140.17083,42.37453],[140.17471,42.37525],[140.17714,42.37598],[140.18061,42.37525],[140.18232,42.37547],[140.18314,42.37613],[140.18559,42.37733],[140.18625,42.37874],[140.18863,42.37964],[140.19258,42.38011],[140.19415,42.38228],[140.19475,42.38263],[140.19809,42.38232],[140.19954,42.38387],[140.20324,42.3852],[140.20432,42.38631],[140.20588,42.38733],[140.20879,42.38712],[140.21122,42.38727],[140.21232,42.38822],[140.21263,42.38973],[140.21418,42.39052],[140.21626,42.39243],[140.21986,42.39311],[140.22312,42.39437],[140.22717,42.39453],[140.22905,42.39498],[140.23053,42.3948]]]}},{"type":"Feature","properties":{"m":"字旭台","b":[140.0198,42.2874,140.0647,42.3483],"c":[140.03749,42.32322]},"geometry":{"type":"Polygon","coordinates":[[[140.04903,42.34609],[140.04581,42.34766],[140.04231,42.34787],[140.04112,42.34814],[140.03738,42.34825],[140.03548,42.34801],[140.03371,42.34792],[140.02897,42.34692],[140.02713,42.34642],[140.02488,42.34596],[140.02159,42.34476],[140.01982,42.34439],[140.02032,42.3441],[140.02189,42.34354],[140.02298,42.34286],[140.02266,42.33993],[140.0221,42.33729],[140.02192,42.33484],[140.02203,42.33281],[140.02264,42.32682],[140.02265,42.32507],[140.023,42.32279],[140.02379,42.31762],[140.02395,42.3153],[140.02388,42.31377],[140.024,42.31064],[140.02442,42.30629],[140.02496,42.30102],[140.02554,42.29839],[140.02579,42.29557],[140.02748,42.28926],[140.02785,42.2874],[140.03589,42.28862],[140.04153,42.29],[140.04254,42.29234],[140.04215,42.29568],[140.04108,42.30122],[140.04086,42.30756],[140.04043,42.31463],[140.04056,42.31567],[140.04169,42.31725],[140.04291,42.31826],[140.04525,42.3191],[140.04833,42.31988],[140.05027,42.32122],[140.05136,42.32252],[140.05383,42.32328],[140.05428,42.32381],[140.05471,42.3251],[140.05693,42.32683],[140.06038,42.3266],[140.06007,42.32794],[140.06098,42.32832],[140.06148,42.32841],[140.06304,42.32889],[140.06261,42.3294],[140.0628,42.32998],[140.06328,42.33042],[140.06434,42.33032],[140.06472,42.33067],[140.06403,42.33114],[140.06288,42.33199],[140.06293,42.33229],[140.06344,42.33266],[140.06234,42.33325],[140.06154,42.33329],[140.06088,42.33417],[140.06015,42.33532],[140.06012,42.33563],[140.06086,42.33623],[140.05993,42.33743],[140.05913,42.33773],[140.05902,42.33871],[140.05788,42.33891],[140.05647,42.33787],[140.05596,42.33854],[140.05645,42.33926],[140.05644,42.33941],[140.05573,42.34072],[140.05559,42.34075],[140.05407,42.34016],[140.05342,42.34178],[140.05425,42.34224],[140.05258,42.34244],[140.05207,42.34348],[140.05068,42.34289],[140.05062,42.34361],[140.05217,42.34436],[140.04903,42.34609]]]}},{"type":"Feature","properties":{"m":"北檜山区松岡","b":[139.8959,42.4556,139.9444,42.523],"c":[139.91894,42.49072]},"geometry":{"type":"Polygon","coordinates":[[[139.94412,42.48077],[139.94426,42.48182],[139.94359,42.48399],[139.9418,42.48621],[139.94152,42.48789],[139.94351,42.4975],[139.94098,42.50026],[139.94436,42.50759],[139.93717,42.51435],[139.9268,42.51474],[139.92694,42.51969],[139.91764,42.52301],[139.91621,42.52229],[139.9154,42.52038],[139.91518,42.51841],[139.91468,42.51697],[139.91317,42.51388],[139.91142,42.51107],[139.90993,42.50959],[139.9085,42.50954],[139.89621,42.49088],[139.90036,42.49026],[139.89901,42.48495],[139.9003,42.48481],[139.89865,42.48181],[139.89942,42.48036],[139.89891,42.47872],[139.89744,42.47649],[139.8978,42.47416],[139.8984,42.47301],[139.89759,42.47181],[139.89648,42.47118],[139.89589,42.47024],[139.89662,42.46779],[139.89755,42.46699],[139.89765,42.46577],[139.89753,42.46555],[139.89714,42.46538],[139.89832,42.4653],[139.89892,42.46518],[139.90221,42.46291],[139.90423,42.46073],[139.90596,42.45717],[139.90777,42.45563],[139.90948,42.45556],[139.9122,42.45631],[139.91658,42.46214],[139.91784,42.46358],[139.92049,42.46765],[139.92233,42.4718],[139.924,42.4773],[139.92499,42.47912],[139.92739,42.48129],[139.92881,42.48173],[139.93172,42.48189],[139.93578,42.48178],[139.93706,42.48225],[139.93841,42.48207],[139.93955,42.48087],[139.94106,42.48045],[139.94412,42.48077]]]}},{"type":"Feature","properties":{"m":"北檜山区徳島","b":[139.8768,42.4139,139.9233,42.4654],"c":[139.8996,42.44229]},"geometry":{"type":"Polygon","coordinates":[[[139.89714,42.46538],[139.89696,42.46528],[139.89582,42.46487],[139.89577,42.46413],[139.8955,42.46265],[139.89459,42.46185],[139.89432,42.4605],[139.89371,42.45935],[139.89317,42.45828],[139.89266,42.45788],[139.89204,42.457],[139.89238,42.45627],[139.89365,42.45471],[139.89563,42.45229],[139.89577,42.45161],[139.89468,42.45006],[139.89448,42.4494],[139.89441,42.44883],[139.89408,42.44769],[139.89331,42.44686],[139.8927,42.44604],[139.89237,42.44485],[139.89164,42.44417],[139.89008,42.444],[139.88986,42.44357],[139.88913,42.44259],[139.88873,42.4419],[139.88895,42.44037],[139.88882,42.43954],[139.88761,42.43861],[139.88758,42.43773],[139.88727,42.43687],[139.88664,42.43536],[139.88672,42.4342],[139.88613,42.4336],[139.88505,42.43263],[139.88871,42.43051],[139.88958,42.42811],[139.8897,42.42579],[139.88887,42.42505],[139.88702,42.42486],[139.8861,42.42429],[139.88276,42.42349],[139.88175,42.42242],[139.87971,42.42124],[139.87872,42.4202],[139.8785,42.41913],[139.87682,42.41887],[139.87812,42.41839],[139.87768,42.41754],[139.87788,42.41623],[139.88095,42.4139],[139.88229,42.41511],[139.88551,42.41611],[139.89067,42.42015],[139.89304,42.42176],[139.89713,42.4254],[139.89892,42.42809],[139.90365,42.43466],[139.90473,42.43535],[139.90537,42.43474],[139.9065,42.43479],[139.90784,42.43693],[139.9074,42.43881],[139.9146,42.4459],[139.91699,42.44848],[139.92326,42.45614],[139.91981,42.45919],[139.91808,42.45962],[139.9122,42.45631],[139.90948,42.45556],[139.90777,42.45563],[139.90596,42.45717],[139.90423,42.46073],[139.90221,42.46291],[139.89892,42.46518],[139.89832,42.4653],[139.89714,42.46538]]]}},{"type":"Feature","properties":{"m":"北檜山区豊岡","b":[139.8522,42.4104,139.8897,42.4365],"c":[139.86857,42.42548]},"geometry":{"type":"Polygon","coordinates":[[[139.88505,42.43263],[139.88397,42.43283],[139.88348,42.43306],[139.88152,42.43355],[139.87843,42.43366],[139.8776,42.43427],[139.87581,42.43476],[139.87438,42.435],[139.87243,42.43554],[139.87146,42.43652],[139.87039,42.43652],[139.86953,42.43654],[139.86864,42.43627],[139.86675,42.43568],[139.86521,42.43577],[139.86366,42.43556],[139.86323,42.43551],[139.86111,42.43521],[139.8602,42.43515],[139.85902,42.43522],[139.85779,42.43536],[139.85642,42.43541],[139.8548,42.43531],[139.85386,42.43372],[139.85249,42.43327],[139.85424,42.43146],[139.85423,42.4297],[139.85328,42.42601],[139.85246,42.42481],[139.85218,42.42362],[139.85374,42.42189],[139.85347,42.4204],[139.85391,42.41918],[139.85276,42.41836],[139.85587,42.41658],[139.86007,42.41456],[139.86274,42.41297],[139.86415,42.41168],[139.86775,42.41037],[139.86835,42.41088],[139.87116,42.41561],[139.87395,42.4176],[139.87544,42.41896],[139.87682,42.41887],[139.8785,42.41913],[139.87872,42.4202],[139.87971,42.42124],[139.88175,42.42242],[139.88276,42.42349],[139.8861,42.42429],[139.88702,42.42486],[139.88887,42.42505],[139.8897,42.42579],[139.88958,42.42811],[139.88871,42.43051],[139.88505,42.43263]]]}},{"type":"Feature","properties":{"m":"北檜山区兜野","b":[139.8343,42.3908,139.8741,42.425],"c":[139.85446,42.40617]},"geometry":{"type":"Polygon","coordinates":[[[139.85276,42.41836],[139.84999,42.42162],[139.84829,42.42395],[139.847,42.42443],[139.84246,42.42505],[139.84289,42.42373],[139.842,42.42077],[139.8413,42.41977],[139.84142,42.41876],[139.84022,42.41588],[139.83949,42.41483],[139.83828,42.41099],[139.83596,42.40542],[139.83468,42.40398],[139.83429,42.40286],[139.83845,42.40161],[139.84321,42.39965],[139.84728,42.39829],[139.85087,42.39677],[139.85594,42.39422],[139.86576,42.39091],[139.86691,42.39076],[139.86899,42.39143],[139.87029,42.39246],[139.87408,42.39466],[139.87406,42.39717],[139.87215,42.40118],[139.87111,42.40215],[139.87051,42.40627],[139.87165,42.40842],[139.86775,42.41037],[139.86415,42.41168],[139.86274,42.41297],[139.86007,42.41456],[139.85587,42.41658],[139.85276,42.41836]]]}},{"type":"Feature","properties":{"m":"北檜山区愛知","b":[139.8705,42.3796,139.9595,42.4195],"c":[139.91228,42.40078]},"geometry":{"type":"Polygon","coordinates":[[[139.92349,42.41323],[139.92049,42.41594],[139.91712,42.4176],[139.91441,42.41865],[139.9113,42.41898],[139.90186,42.41954],[139.89851,42.41894],[139.89613,42.41766],[139.89402,42.41482],[139.89044,42.41085],[139.88915,42.40977],[139.88604,42.40835],[139.88152,42.4075],[139.87848,42.40719],[139.87386,42.40774],[139.87165,42.40842],[139.87051,42.40627],[139.87111,42.40215],[139.87215,42.40118],[139.87406,42.39717],[139.87408,42.39466],[139.87543,42.39524],[139.8769,42.39539],[139.87831,42.39499],[139.88374,42.3915],[139.88586,42.39094],[139.88957,42.39121],[139.89381,42.39066],[139.90055,42.3891],[139.90329,42.3889],[139.90543,42.38917],[139.9092,42.39017],[139.91215,42.39043],[139.91515,42.39197],[139.91721,42.39259],[139.91901,42.39247],[139.92126,42.39266],[139.92353,42.39257],[139.92596,42.39193],[139.92892,42.39151],[139.93321,42.39196],[139.93392,42.39182],[139.93791,42.38892],[139.94252,42.38676],[139.94359,42.38588],[139.94804,42.38349],[139.94923,42.38219],[139.95234,42.37962],[139.95467,42.38243],[139.9561,42.38337],[139.95545,42.38448],[139.95624,42.38709],[139.95951,42.38934],[139.95933,42.38989],[139.95942,42.39131],[139.95817,42.39148],[139.95808,42.39224],[139.95641,42.39349],[139.95523,42.39361],[139.95317,42.39502],[139.95216,42.39728],[139.94838,42.39746],[139.94581,42.39869],[139.94342,42.39869],[139.94223,42.39918],[139.94249,42.40044],[139.94189,42.4011],[139.93694,42.40192],[139.93507,42.40294],[139.93424,42.40407],[139.93271,42.40523],[139.93217,42.4062],[139.9303,42.40726],[139.92711,42.40787],[139.92585,42.40922],[139.92354,42.41038],[139.92243,42.41179],[139.92243,42.41272],[139.92349,42.41323]]]}},{"type":"Feature","properties":{"m":"北檜山区北檜山","b":[139.8678,42.4072,139.894,42.4201],"c":[139.88061,42.41265]},"geometry":{"type":"Polygon","coordinates":[[[139.87682,42.41887],[139.87544,42.41896],[139.87395,42.4176],[139.87116,42.41561],[139.86835,42.41088],[139.86775,42.41037],[139.87165,42.40842],[139.87386,42.40774],[139.87848,42.40719],[139.88152,42.4075],[139.88604,42.40835],[139.88915,42.40977],[139.89044,42.41085],[139.89402,42.41482],[139.88921,42.41666],[139.89137,42.418],[139.89224,42.4191],[139.89067,42.42015],[139.88551,42.41611],[139.88229,42.41511],[139.88095,42.4139],[139.87788,42.41623],[139.87768,42.41754],[139.87812,42.41839],[139.87682,42.41887]]]}},{"type":"Feature","properties":{"m":"北檜山区西丹羽","b":[139.8892,42.4115,139.9389,42.4485],"c":[139.91627,42.42757]},"geometry":{"type":"Polygon","coordinates":[[[139.93894,42.41243],[139.93651,42.41718],[139.93261,42.4245],[139.92815,42.43309],[139.92779,42.43398],[139.92309,42.43218],[139.92276,42.43392],[139.92332,42.43444],[139.92649,42.43633],[139.92304,42.44381],[139.9212,42.44835],[139.91699,42.44848],[139.9146,42.4459],[139.9074,42.43881],[139.90784,42.43693],[139.9065,42.43479],[139.90537,42.43474],[139.90473,42.43535],[139.90365,42.43466],[139.89892,42.42809],[139.89713,42.4254],[139.89304,42.42176],[139.89067,42.42015],[139.89224,42.4191],[139.89137,42.418],[139.88921,42.41666],[139.89402,42.41482],[139.89613,42.41766],[139.89851,42.41894],[139.90186,42.41954],[139.9113,42.41898],[139.91441,42.41865],[139.91712,42.4176],[139.92049,42.41594],[139.92349,42.41323],[139.92518,42.41306],[139.92812,42.41425],[139.93042,42.41378],[139.93411,42.41174],[139.93746,42.41147],[139.93894,42.41243]]]}},{"type":"Feature","properties":{"m":"北檜山区丹羽","b":[139.9122,42.4106,139.9563,42.4823],"c":[139.93623,42.44931]},"geometry":{"type":"Polygon","coordinates":[[[139.95627,42.42176],[139.95034,42.42413],[139.94792,42.42566],[139.94585,42.42832],[139.94566,42.43009],[139.94623,42.4324],[139.94705,42.43396],[139.94879,42.43511],[139.95196,42.43506],[139.95293,42.4397],[139.95246,42.4429],[139.95119,42.44974],[139.95007,42.45215],[139.94975,42.45449],[139.94853,42.4582],[139.94684,42.46116],[139.94741,42.46258],[139.94611,42.46402],[139.9452,42.46612],[139.94503,42.46806],[139.94404,42.47005],[139.94277,42.47174],[139.94412,42.48077],[139.94106,42.48045],[139.93955,42.48087],[139.93841,42.48207],[139.93706,42.48225],[139.93578,42.48178],[139.93172,42.48189],[139.92881,42.48173],[139.92739,42.48129],[139.92499,42.47912],[139.924,42.4773],[139.92233,42.4718],[139.92049,42.46765],[139.91784,42.46358],[139.91658,42.46214],[139.9122,42.45631],[139.91808,42.45962],[139.91981,42.45919],[139.92326,42.45614],[139.91699,42.44848],[139.9212,42.44835],[139.92304,42.44381],[139.92649,42.43633],[139.92332,42.43444],[139.92276,42.43392],[139.92309,42.43218],[139.92779,42.43398],[139.92815,42.43309],[139.93261,42.4245],[139.93651,42.41718],[139.93894,42.41243],[139.94095,42.41399],[139.94196,42.41447],[139.9436,42.41271],[139.94474,42.4123],[139.94506,42.41126],[139.94652,42.41055],[139.94848,42.41058],[139.9499,42.41148],[139.94973,42.41247],[139.9481,42.414],[139.94543,42.41561],[139.94537,42.41645],[139.94702,42.41728],[139.9491,42.41711],[139.95019,42.41838],[139.95201,42.41896],[139.9529,42.41998],[139.95443,42.4204],[139.95521,42.42066],[139.95533,42.42149],[139.95627,42.42176]]]}},{"type":"Feature","properties":{"m":"北檜山区東丹羽","b":[139.9457,42.4216,139.9753,42.4649],"c":[139.95925,42.44751]},"geometry":{"type":"Polygon","coordinates":[[[139.96868,42.44882],[139.96943,42.45085],[139.97196,42.45074],[139.97338,42.45186],[139.97495,42.45225],[139.97412,42.45516],[139.975,42.45686],[139.97473,42.45808],[139.97533,42.45871],[139.97439,42.46017],[139.97358,42.4623],[139.97317,42.46494],[139.94741,42.46258],[139.94684,42.46116],[139.94853,42.4582],[139.94975,42.45449],[139.95007,42.45215],[139.95119,42.44974],[139.95246,42.4429],[139.95293,42.4397],[139.95196,42.43506],[139.94879,42.43511],[139.94705,42.43396],[139.94623,42.4324],[139.94566,42.43009],[139.94585,42.42832],[139.94792,42.42566],[139.95034,42.42413],[139.95627,42.42176],[139.95807,42.42155],[139.95877,42.42399],[139.96008,42.42477],[139.96035,42.42578],[139.96155,42.42692],[139.96226,42.42834],[139.96098,42.42839],[139.95965,42.42793],[139.95721,42.42853],[139.95622,42.43169],[139.95501,42.43287],[139.95513,42.43398],[139.95833,42.43468],[139.95952,42.43531],[139.96221,42.43788],[139.96369,42.43791],[139.96463,42.43899],[139.96374,42.44002],[139.96569,42.44118],[139.96686,42.44224],[139.96747,42.4444],[139.9663,42.44607],[139.96806,42.44691],[139.96807,42.44818],[139.96868,42.44882]]]}},{"type":"Feature","properties":{"m":"北檜山区小倉山","b":[139.9176,42.4587,140.03,42.5892],"c":[139.96985,42.53416]},"geometry":{"type":"Polygon","coordinates":[[[140.02102,42.54097],[140.02246,42.54199],[140.02435,42.54257],[140.02753,42.54424],[140.0291,42.5454],[140.02811,42.54825],[140.02831,42.55031],[140.02898,42.55209],[140.02995,42.55308],[140.02985,42.55569],[140.02722,42.55592],[140.02634,42.55661],[140.02531,42.55752],[140.02481,42.55837],[140.02395,42.56141],[140.02348,42.56229],[140.02324,42.56255],[140.02254,42.56411],[140.02232,42.5656],[140.02202,42.56616],[140.0216,42.56933],[140.02159,42.5703],[140.02172,42.5719],[140.02122,42.57241],[140.02001,42.57314],[140.01751,42.57374],[140.01643,42.57462],[140.01325,42.576],[140.0106,42.57797],[140.01058,42.57862],[140.01092,42.57939],[140.01082,42.5798],[140.00847,42.58103],[140.00479,42.58142],[140.00388,42.58163],[140.00102,42.58146],[139.99967,42.58049],[139.99789,42.57981],[139.99483,42.57809],[139.99382,42.57804],[139.99211,42.57872],[139.98887,42.57878],[139.98721,42.57896],[139.98434,42.5793],[139.98405,42.57948],[139.9817,42.58039],[139.97983,42.5806],[139.97828,42.58104],[139.97671,42.58191],[139.9756,42.58188],[139.97411,42.58174],[139.97311,42.58215],[139.97094,42.58335],[139.9698,42.58535],[139.96922,42.58579],[139.96786,42.58668],[139.96728,42.58702],[139.96651,42.58745],[139.96364,42.58815],[139.96043,42.58921],[139.95881,42.58921],[139.95674,42.58791],[139.95568,42.58738],[139.95342,42.58738],[139.95204,42.58719],[139.94811,42.58773],[139.94595,42.58762],[139.94428,42.58848],[139.9412,42.58866],[139.93802,42.58884],[139.93713,42.58878],[139.93634,42.58891],[139.93656,42.58807],[139.93502,42.58756],[139.93513,42.58496],[139.9344,42.5843],[139.93248,42.58412],[139.93038,42.58291],[139.93157,42.58125],[139.93154,42.57962],[139.93338,42.57656],[139.93355,42.57422],[139.93462,42.57298],[139.93438,42.57209],[139.93472,42.56898],[139.93561,42.56781],[139.93776,42.56625],[139.93956,42.56582],[139.94164,42.56421],[139.94196,42.56216],[139.94119,42.56138],[139.9419,42.5602],[139.94092,42.55974],[139.94044,42.55885],[139.93895,42.5575],[139.93755,42.55669],[139.93649,42.55403],[139.93408,42.55113],[139.93414,42.55065],[139.93291,42.54979],[139.93286,42.5491],[139.93106,42.54638],[139.9302,42.54551],[139.9314,42.54427],[139.9311,42.54255],[139.93162,42.54227],[139.93028,42.54058],[139.92857,42.54],[139.92733,42.53906],[139.9271,42.53823],[139.92575,42.53744],[139.92617,42.53594],[139.92616,42.53383],[139.9258,42.53326],[139.92622,42.53182],[139.92457,42.53077],[139.92252,42.53035],[139.92139,42.52768],[139.92154,42.52713],[139.92,42.52652],[139.91829,42.52504],[139.91764,42.52301],[139.92694,42.51969],[139.9268,42.51474],[139.93717,42.51435],[139.94436,42.50759],[139.94098,42.50026],[139.94351,42.4975],[139.94152,42.48789],[139.9418,42.48621],[139.94359,42.48399],[139.94426,42.48182],[139.94412,42.48077],[139.94277,42.47174],[139.94404,42.47005],[139.94503,42.46806],[139.9452,42.46612],[139.94611,42.46402],[139.94741,42.46258],[139.97317,42.46494],[139.97358,42.4623],[139.97439,42.46017],[139.97533,42.45871],[139.97682,42.46048],[139.98123,42.46207],[139.98271,42.46142],[139.98387,42.46168],[139.98413,42.46286],[139.98326,42.46542],[139.98508,42.4673],[139.98612,42.47008],[139.98725,42.47039],[139.9881,42.47118],[139.98871,42.47414],[139.98943,42.47463],[139.99034,42.4767],[139.98959,42.47756],[139.98941,42.4791],[139.98886,42.47985],[139.98951,42.4808],[139.98925,42.48179],[139.98995,42.48269],[139.98867,42.48353],[139.98835,42.48595],[139.98556,42.48751],[139.98443,42.48931],[139.98456,42.49039],[139.98318,42.4912],[139.98338,42.49224],[139.98129,42.49365],[139.97954,42.49421],[139.97863,42.49513],[139.97751,42.49499],[139.97714,42.49613],[139.97554,42.49677],[139.97359,42.49717],[139.97319,42.49809],[139.97212,42.49819],[139.97151,42.49897],[139.97204,42.4998],[139.97119,42.50158],[139.97047,42.50196],[139.97003,42.5037],[139.96923,42.50455],[139.96958,42.5059],[139.96945,42.50904],[139.97189,42.51052],[139.972,42.51166],[139.97261,42.51227],[139.9749,42.51324],[139.97571,42.51474],[139.98049,42.51547],[139.98135,42.51625],[139.9854,42.51836],[139.98592,42.5198],[139.98751,42.52023],[139.98825,42.52112],[139.98775,42.52247],[139.98927,42.52408],[139.99108,42.52446],[139.99277,42.52529],[139.99406,42.52533],[139.99622,42.52594],[139.99718,42.52719],[139.99938,42.5284],[140.00271,42.5292],[140.00433,42.52893],[140.00873,42.53098],[140.01054,42.53318],[140.01273,42.53511],[140.01472,42.53717],[140.01762,42.53833],[140.01991,42.53989],[140.02102,42.54097]]]}},{"type":"Feature","properties":{"m":"北檜山区新成","b":[139.7661,42.3009,139.8236,42.3646],"c":[139.79509,42.33142]},"geometry":{"type":"MultiPolygon","coordinates":[[[[139.79236,42.35792],[139.79151,42.35802],[139.79198,42.35756],[139.79236,42.35792]]],[[[139.82364,42.35091],[139.82199,42.3528],[139.82089,42.35343],[139.8207,42.3553],[139.82005,42.35548],[139.81968,42.357],[139.81999,42.35958],[139.81932,42.36026],[139.81776,42.36073],[139.81625,42.35988],[139.81483,42.36146],[139.81481,42.3628],[139.81304,42.3644],[139.81171,42.36397],[139.81083,42.36456],[139.80995,42.36311],[139.80878,42.36347],[139.80369,42.36312],[139.8024,42.36386],[139.80142,42.36092],[139.79999,42.35972],[139.79909,42.35987],[139.79878,42.35913],[139.79631,42.35771],[139.79623,42.35647],[139.79372,42.35608],[139.79346,42.35685],[139.79204,42.35697],[139.79131,42.35645],[139.79184,42.35567],[139.78957,42.35484],[139.78957,42.35388],[139.78851,42.35312],[139.78476,42.35229],[139.78192,42.35347],[139.78044,42.35211],[139.77875,42.34666],[139.77799,42.34555],[139.77658,42.34197],[139.7762,42.3404],[139.77594,42.33685],[139.77521,42.33464],[139.77269,42.32999],[139.77195,42.32963],[139.77253,42.3275],[139.77399,42.32703],[139.7746,42.32617],[139.77463,42.32495],[139.77399,42.32361],[139.7732,42.32312],[139.77181,42.32305],[139.77311,42.32253],[139.77317,42.32092],[139.77102,42.31872],[139.76999,42.31898],[139.76944,42.31679],[139.76845,42.31638],[139.76873,42.31505],[139.76989,42.31384],[139.7697,42.31239],[139.76768,42.31122],[139.767,42.31163],[139.76612,42.31103],[139.7669,42.31049],[139.76845,42.30814],[139.7683,42.307],[139.76636,42.30663],[139.76684,42.30544],[139.76812,42.30541],[139.76822,42.30457],[139.76736,42.30396],[139.76851,42.30314],[139.77081,42.30282],[139.77404,42.30202],[139.77603,42.30206],[139.7794,42.30095],[139.78268,42.30088],[139.78579,42.30293],[139.78744,42.30357],[139.79036,42.30349],[139.79199,42.30322],[139.79409,42.3037],[139.79604,42.30352],[139.79796,42.303],[139.80011,42.30281],[139.80156,42.30521],[139.80303,42.30704],[139.80573,42.30981],[139.8062,42.31177],[139.80899,42.31422],[139.81145,42.3153],[139.81293,42.31665],[139.81407,42.31727],[139.81593,42.31966],[139.81598,42.32071],[139.81397,42.32327],[139.81368,42.32504],[139.81261,42.3279],[139.81248,42.33018],[139.81393,42.33255],[139.81453,42.33586],[139.81595,42.33865],[139.81843,42.34026],[139.81933,42.34128],[139.81981,42.34371],[139.82178,42.34727],[139.82295,42.34831],[139.82364,42.35091]]]]}},{"type":"Feature","properties":{"m":"北檜山区太櫓","b":[139.8023,42.3499,139.8351,42.3901],"c":[139.8217,42.36792]},"geometry":{"type":"Polygon","coordinates":[[[139.82364,42.35091],[139.82439,42.35032],[139.82699,42.34988],[139.83057,42.35001],[139.83194,42.35469],[139.83471,42.35728],[139.8351,42.35827],[139.83478,42.35955],[139.83317,42.36293],[139.83278,42.36494],[139.83295,42.36654],[139.8322,42.36777],[139.83029,42.36919],[139.82805,42.37226],[139.82757,42.37329],[139.82564,42.37609],[139.82558,42.37732],[139.82472,42.3784],[139.82395,42.38067],[139.82414,42.38248],[139.82504,42.38405],[139.82659,42.38568],[139.82843,42.3866],[139.82904,42.38785],[139.82667,42.38935],[139.82595,42.39015],[139.82321,42.38811],[139.82226,42.38805],[139.82058,42.38941],[139.81749,42.38914],[139.81764,42.3882],[139.81869,42.3879],[139.81843,42.38655],[139.81915,42.38534],[139.81741,42.38271],[139.81631,42.38286],[139.81483,42.38099],[139.81631,42.38113],[139.81642,42.38012],[139.81715,42.37975],[139.81636,42.37758],[139.81445,42.3754],[139.81465,42.37438],[139.81317,42.37333],[139.81154,42.37342],[139.81173,42.37265],[139.81085,42.37185],[139.81024,42.37028],[139.80874,42.36913],[139.80693,42.36821],[139.80423,42.36766],[139.80318,42.36701],[139.80234,42.36586],[139.8024,42.36386],[139.80369,42.36312],[139.80878,42.36347],[139.80995,42.36311],[139.81083,42.36456],[139.81171,42.36397],[139.81304,42.3644],[139.81481,42.3628],[139.81483,42.36146],[139.81625,42.35988],[139.81776,42.36073],[139.81932,42.36026],[139.81999,42.35958],[139.81968,42.357],[139.82005,42.35548],[139.8207,42.3553],[139.82089,42.35343],[139.82199,42.3528],[139.82364,42.35091]]]}},{"type":"Feature","properties":{"m":"北檜山区共和","b":[139.8239,42.3484,139.8791,42.4029],"c":[139.84973,42.37423]},"geometry":{"type":"Polygon","coordinates":[[[139.83429,42.40286],[139.83279,42.39937],[139.83105,42.39694],[139.82904,42.39293],[139.82817,42.39215],[139.82752,42.39083],[139.82595,42.39015],[139.82667,42.38935],[139.82904,42.38785],[139.82843,42.3866],[139.82659,42.38568],[139.82504,42.38405],[139.82414,42.38248],[139.82395,42.38067],[139.82472,42.3784],[139.82558,42.37732],[139.82564,42.37609],[139.82757,42.37329],[139.82805,42.37226],[139.83029,42.36919],[139.8322,42.36777],[139.83295,42.36654],[139.83278,42.36494],[139.83317,42.36293],[139.83478,42.35955],[139.8351,42.35827],[139.83471,42.35728],[139.83194,42.35469],[139.83057,42.35001],[139.83577,42.34896],[139.83787,42.34886],[139.83928,42.3484],[139.84232,42.34931],[139.844,42.35032],[139.84685,42.35101],[139.84804,42.35209],[139.84928,42.3522],[139.84974,42.35138],[139.85117,42.35056],[139.85309,42.35154],[139.85307,42.35214],[139.85534,42.35271],[139.85951,42.35262],[139.85977,42.35325],[139.86211,42.35396],[139.86257,42.35523],[139.86432,42.35511],[139.86475,42.35581],[139.86675,42.35452],[139.86671,42.35393],[139.86777,42.35313],[139.86981,42.35291],[139.87203,42.35315],[139.87396,42.35301],[139.87551,42.35608],[139.87731,42.35891],[139.8791,42.36122],[139.87902,42.36155],[139.87763,42.36196],[139.87444,42.36191],[139.87285,42.36215],[139.87094,42.36328],[139.87111,42.36389],[139.8727,42.3655],[139.87331,42.36728],[139.87332,42.36995],[139.87438,42.37379],[139.87564,42.37675],[139.8769,42.37883],[139.8763,42.37966],[139.87513,42.37957],[139.87446,42.37828],[139.87357,42.37815],[139.8726,42.37872],[139.87076,42.38064],[139.87042,42.38197],[139.87018,42.38534],[139.86884,42.38856],[139.86691,42.39076],[139.86576,42.39091],[139.85594,42.39422],[139.85087,42.39677],[139.84728,42.39829],[139.84321,42.39965],[139.83845,42.40161],[139.83429,42.40286]]]}},{"type":"Feature","properties":{"m":"北檜山区栄","b":[139.8669,42.3607,139.9528,42.3954],"c":[139.9043,42.38068]},"geometry":{"type":"Polygon","coordinates":[[[139.95234,42.37962],[139.94923,42.38219],[139.94804,42.38349],[139.94359,42.38588],[139.94252,42.38676],[139.93791,42.38892],[139.93392,42.39182],[139.93321,42.39196],[139.92892,42.39151],[139.92596,42.39193],[139.92353,42.39257],[139.92126,42.39266],[139.91901,42.39247],[139.91721,42.39259],[139.91515,42.39197],[139.91215,42.39043],[139.9092,42.39017],[139.90543,42.38917],[139.90329,42.3889],[139.90055,42.3891],[139.89381,42.39066],[139.88957,42.39121],[139.88586,42.39094],[139.88374,42.3915],[139.87831,42.39499],[139.8769,42.39539],[139.87543,42.39524],[139.87408,42.39466],[139.87029,42.39246],[139.86899,42.39143],[139.86691,42.39076],[139.86884,42.38856],[139.87018,42.38534],[139.87042,42.38197],[139.87076,42.38064],[139.8726,42.37872],[139.87357,42.37815],[139.87446,42.37828],[139.87513,42.37957],[139.8763,42.37966],[139.8769,42.37883],[139.87564,42.37675],[139.87438,42.37379],[139.87332,42.36995],[139.87331,42.36728],[139.8727,42.3655],[139.87111,42.36389],[139.87094,42.36328],[139.87285,42.36215],[139.87444,42.36191],[139.87763,42.36196],[139.87902,42.36155],[139.88122,42.36131],[139.88334,42.36067],[139.88981,42.36614],[139.88999,42.36753],[139.901,42.37813],[139.90142,42.37773],[139.90051,42.37544],[139.90072,42.37501],[139.9026,42.37463],[139.90362,42.37326],[139.90543,42.37338],[139.90705,42.37304],[139.9107,42.37094],[139.91241,42.37052],[139.91428,42.36951],[139.91511,42.36955],[139.91542,42.37044],[139.91543,42.37261],[139.91595,42.37624],[139.91656,42.37805],[139.91791,42.37941],[139.91931,42.37988],[139.92145,42.37979],[139.92364,42.37911],[139.9284,42.37734],[139.93383,42.37632],[139.93598,42.37549],[139.94009,42.37455],[139.94187,42.37353],[139.94787,42.37151],[139.94957,42.37256],[139.95046,42.37372],[139.95257,42.37452],[139.95283,42.37553],[139.95196,42.37697],[139.95234,42.37962]]]}},{"type":"Feature","properties":{"m":"北檜山区若松","b":[139.8833,42.3201,139.9698,42.3799],"c":[139.92623,42.35364]},"geometry":{"type":"Polygon","coordinates":[[[139.94787,42.37151],[139.94187,42.37353],[139.94009,42.37455],[139.93598,42.37549],[139.93383,42.37632],[139.9284,42.37734],[139.92364,42.37911],[139.92145,42.37979],[139.91931,42.37988],[139.91791,42.37941],[139.91656,42.37805],[139.91595,42.37624],[139.91543,42.37261],[139.91542,42.37044],[139.91511,42.36955],[139.91428,42.36951],[139.91241,42.37052],[139.9107,42.37094],[139.90705,42.37304],[139.90543,42.37338],[139.90362,42.37326],[139.9026,42.37463],[139.90072,42.37501],[139.90051,42.37544],[139.90142,42.37773],[139.901,42.37813],[139.88999,42.36753],[139.88981,42.36614],[139.88334,42.36067],[139.88607,42.35924],[139.88745,42.35893],[139.88701,42.35799],[139.88516,42.35565],[139.88429,42.35277],[139.8853,42.35097],[139.88816,42.34853],[139.88841,42.34595],[139.88883,42.34524],[139.88698,42.34323],[139.88642,42.34161],[139.88962,42.3388],[139.89248,42.33768],[139.8944,42.33529],[139.89492,42.33415],[139.89515,42.33191],[139.89816,42.33327],[139.90212,42.33442],[139.90769,42.33519],[139.91056,42.33498],[139.91243,42.33507],[139.91376,42.33581],[139.91373,42.3372],[139.91178,42.33855],[139.91048,42.33896],[139.90574,42.33907],[139.90435,42.33962],[139.90419,42.34049],[139.9049,42.34136],[139.90728,42.34304],[139.90888,42.34203],[139.91118,42.34164],[139.91241,42.34201],[139.91264,42.34279],[139.91378,42.34297],[139.91481,42.34216],[139.91762,42.34336],[139.91946,42.34502],[139.92014,42.34482],[139.92116,42.34305],[139.92376,42.34181],[139.92573,42.34149],[139.92659,42.33979],[139.93004,42.34233],[139.93193,42.34328],[139.93327,42.34272],[139.93406,42.33948],[139.93578,42.33768],[139.94268,42.33218],[139.94465,42.3312],[139.94834,42.33008],[139.95411,42.32926],[139.9576,42.32837],[139.95985,42.32727],[139.96242,42.32574],[139.96759,42.32111],[139.96983,42.32012],[139.96896,42.32152],[139.96867,42.32302],[139.96892,42.3247],[139.96954,42.32627],[139.96945,42.32753],[139.96813,42.32921],[139.96737,42.33128],[139.96589,42.33257],[139.96416,42.33456],[139.96396,42.33557],[139.96302,42.33583],[139.96177,42.33726],[139.96354,42.33875],[139.96394,42.3396],[139.96386,42.34166],[139.96431,42.34326],[139.96205,42.35295],[139.96117,42.35528],[139.95981,42.35749],[139.95842,42.36183],[139.9575,42.36343],[139.95386,42.36793],[139.95192,42.36971],[139.94787,42.37151]]]}},{"type":"Feature","properties":{"m":"北檜山区富里","b":[139.9229,42.2188,140.0383,42.3433],"c":[139.97909,42.27472]},"geometry":{"type":"Polygon","coordinates":[[[140.03134,42.24221],[140.03077,42.24425],[140.0291,42.24616],[140.02755,42.24714],[140.02665,42.24768],[140.0265,42.24795],[140.02735,42.25008],[140.02818,42.25078],[140.02886,42.25174],[140.02914,42.25252],[140.02895,42.25343],[140.0295,42.25474],[140.0297,42.25546],[140.03012,42.25677],[140.02959,42.25733],[140.02734,42.25763],[140.0268,42.25846],[140.02539,42.25819],[140.02271,42.25792],[140.01951,42.25797],[140.01957,42.25862],[140.01996,42.26035],[140.02098,42.26146],[140.02052,42.26312],[140.01984,42.26472],[140.02081,42.26625],[140.01915,42.26664],[140.01746,42.26688],[140.01693,42.26784],[140.01589,42.26909],[140.01575,42.27019],[140.01456,42.27128],[140.01454,42.27239],[140.01284,42.27249],[140.01134,42.27351],[140.01111,42.27347],[140.01001,42.27304],[140.00826,42.27269],[140.00713,42.27302],[140.00622,42.27316],[140.00452,42.27283],[140.0032,42.2722],[140.00285,42.27352],[140.00231,42.27457],[140.00002,42.2761],[139.99834,42.27699],[139.99691,42.27707],[139.99596,42.27748],[139.99524,42.278],[139.99436,42.28082],[139.9923,42.28222],[139.99123,42.2842],[139.99084,42.2847],[139.98875,42.28427],[139.98799,42.28475],[139.98912,42.28644],[139.98888,42.28796],[139.98933,42.29026],[139.98814,42.2939],[139.9857,42.29694],[139.9853,42.29838],[139.986,42.30151],[139.9857,42.30265],[139.98225,42.30608],[139.98185,42.30682],[139.98211,42.30805],[139.98173,42.31015],[139.97794,42.31272],[139.97717,42.31409],[139.97475,42.31512],[139.97414,42.3161],[139.97235,42.3176],[139.9715,42.31795],[139.96983,42.32012],[139.96759,42.32111],[139.96242,42.32574],[139.95985,42.32727],[139.9576,42.32837],[139.95411,42.32926],[139.94834,42.33008],[139.94465,42.3312],[139.94268,42.33218],[139.93578,42.33768],[139.93406,42.33948],[139.93327,42.34272],[139.93193,42.34328],[139.93004,42.34233],[139.92659,42.33979],[139.92373,42.33833],[139.92318,42.33744],[139.92316,42.33551],[139.92367,42.33326],[139.92365,42.33131],[139.92299,42.32829],[139.9234,42.32682],[139.92472,42.32511],[139.92488,42.32138],[139.92646,42.31953],[139.92671,42.31857],[139.92594,42.318],[139.9243,42.31802],[139.92332,42.31727],[139.92294,42.31549],[139.92322,42.31435],[139.92647,42.3105],[139.92614,42.30935],[139.92504,42.30855],[139.92558,42.30733],[139.92834,42.30627],[139.93267,42.30542],[139.93608,42.30325],[139.9394,42.30266],[139.94038,42.30185],[139.9404,42.30105],[139.94181,42.29889],[139.94182,42.29628],[139.94293,42.29421],[139.945,42.293],[139.94836,42.29208],[139.95339,42.28973],[139.9557,42.2893],[139.95957,42.28904],[139.95861,42.28862],[139.95834,42.28728],[139.95791,42.28534],[139.95722,42.28287],[139.95737,42.28097],[139.95772,42.28008],[139.95766,42.27848],[139.95751,42.27646],[139.95848,42.27354],[139.95817,42.27262],[139.95844,42.27076],[139.95784,42.26989],[139.95646,42.26868],[139.95368,42.26697],[139.95306,42.26637],[139.95246,42.26541],[139.95195,42.26334],[139.95182,42.26185],[139.95115,42.26047],[139.95207,42.259],[139.95187,42.25792],[139.95162,42.25738],[139.94963,42.25572],[139.94918,42.25515],[139.94883,42.25409],[139.95033,42.25398],[139.95306,42.2528],[139.9591,42.25262],[139.96063,42.25164],[139.96094,42.24946],[139.96222,42.24872],[139.96651,42.24548],[139.96755,42.24323],[139.96812,42.24274],[139.97109,42.24201],[139.97263,42.2403],[139.97354,42.23984],[139.97681,42.23964],[139.97754,42.23838],[139.97768,42.2365],[139.97836,42.23581],[139.97999,42.23516],[139.98047,42.23423],[139.9826,42.23328],[139.9834,42.23326],[139.98795,42.23164],[139.9895,42.23151],[139.99446,42.22929],[139.99677,42.22779],[140.00039,42.22638],[140.00326,42.22361],[140.00362,42.22255],[140.00522,42.22111],[140.00652,42.22074],[140.00972,42.21881],[140.01463,42.22107],[140.01637,42.22157],[140.01968,42.22105],[140.02213,42.22093],[140.02554,42.22164],[140.02956,42.22074],[140.03085,42.22028],[140.03373,42.22109],[140.03582,42.22087],[140.03817,42.22304],[140.03763,42.22354],[140.03687,42.2267],[140.03829,42.22962],[140.03753,42.23098],[140.03633,42.23155],[140.03553,42.23292],[140.03613,42.2341],[140.03532,42.23523],[140.0351,42.23641],[140.03336,42.23726],[140.03078,42.23792],[140.0303,42.23945],[140.0314,42.2415],[140.03134,42.24221]]]}},{"type":"Feature","properties":{"m":"北檜山区二俣","b":[139.8273,42.2457,139.9596,42.345],"c":[139.90417,42.28949]},"geometry":{"type":"Polygon","coordinates":[[[139.89515,42.33191],[139.89482,42.32967],[139.89334,42.32599],[139.89062,42.32323],[139.8876,42.31969],[139.88532,42.31677],[139.88069,42.30945],[139.87886,42.30693],[139.87753,42.30575],[139.87404,42.30484],[139.86516,42.30333],[139.86302,42.30193],[139.86081,42.30088],[139.85335,42.29807],[139.84918,42.29611],[139.84632,42.29383],[139.84552,42.2936],[139.84233,42.29391],[139.839,42.29337],[139.83727,42.29334],[139.83478,42.29422],[139.83321,42.29444],[139.8315,42.29417],[139.82953,42.29336],[139.82734,42.29186],[139.82898,42.29086],[139.82889,42.28893],[139.83062,42.28694],[139.83057,42.28501],[139.83324,42.28406],[139.83502,42.2827],[139.83802,42.28183],[139.84181,42.28052],[139.84239,42.27977],[139.84457,42.27834],[139.84717,42.27831],[139.84859,42.27914],[139.84986,42.27767],[139.85214,42.27668],[139.85452,42.27447],[139.8554,42.27516],[139.85739,42.27545],[139.86001,42.27394],[139.8614,42.27378],[139.86256,42.27171],[139.86302,42.26901],[139.86517,42.26996],[139.86676,42.26965],[139.87009,42.26779],[139.87219,42.26737],[139.87257,42.26578],[139.87314,42.26539],[139.87472,42.26536],[139.87775,42.26461],[139.87864,42.26385],[139.88064,42.26338],[139.88299,42.26502],[139.88505,42.26572],[139.88851,42.26417],[139.88964,42.2629],[139.8913,42.26251],[139.89515,42.26082],[139.89806,42.26036],[139.90104,42.2614],[139.90231,42.26115],[139.90242,42.25948],[139.90331,42.25807],[139.90407,42.25792],[139.9092,42.25826],[139.91222,42.25901],[139.914,42.25887],[139.91482,42.25966],[139.91567,42.25895],[139.9156,42.25801],[139.91483,42.25682],[139.91551,42.25597],[139.9164,42.2558],[139.91829,42.25672],[139.9193,42.25807],[139.92139,42.25837],[139.9241,42.25707],[139.92728,42.25636],[139.92825,42.25594],[139.93018,42.25286],[139.92999,42.25148],[139.93176,42.25094],[139.9326,42.24989],[139.93404,42.24945],[139.93492,42.24776],[139.93579,42.24703],[139.93806,42.2457],[139.9395,42.24669],[139.94031,42.24711],[139.9414,42.24707],[139.94309,42.24867],[139.94513,42.24992],[139.94691,42.2501],[139.94788,42.25066],[139.9487,42.25247],[139.94883,42.25409],[139.94918,42.25515],[139.94963,42.25572],[139.95162,42.25738],[139.95187,42.25792],[139.95207,42.259],[139.95115,42.26047],[139.95182,42.26185],[139.95195,42.26334],[139.95246,42.26541],[139.95306,42.26637],[139.95368,42.26697],[139.95646,42.26868],[139.95784,42.26989],[139.95844,42.27076],[139.95817,42.27262],[139.95848,42.27354],[139.95751,42.27646],[139.95766,42.27848],[139.95772,42.28008],[139.95737,42.28097],[139.95722,42.28287],[139.95791,42.28534],[139.95834,42.28728],[139.95861,42.28862],[139.95957,42.28904],[139.9557,42.2893],[139.95339,42.28973],[139.94836,42.29208],[139.945,42.293],[139.94293,42.29421],[139.94182,42.29628],[139.94181,42.29889],[139.9404,42.30105],[139.94038,42.30185],[139.9394,42.30266],[139.93608,42.30325],[139.93267,42.30542],[139.92834,42.30627],[139.92558,42.30733],[139.92504,42.30855],[139.92614,42.30935],[139.92647,42.3105],[139.92322,42.31435],[139.92294,42.31549],[139.92332,42.31727],[139.9243,42.31802],[139.92594,42.318],[139.92671,42.31857],[139.92646,42.31953],[139.92488,42.32138],[139.92472,42.32511],[139.9234,42.32682],[139.92299,42.32829],[139.92365,42.33131],[139.92367,42.33326],[139.92316,42.33551],[139.92318,42.33744],[139.92373,42.33833],[139.92659,42.33979],[139.92573,42.34149],[139.92376,42.34181],[139.92116,42.34305],[139.92014,42.34482],[139.91946,42.34502],[139.91762,42.34336],[139.91481,42.34216],[139.91378,42.34297],[139.91264,42.34279],[139.91241,42.34201],[139.91118,42.34164],[139.90888,42.34203],[139.90728,42.34304],[139.9049,42.34136],[139.90419,42.34049],[139.90435,42.33962],[139.90574,42.33907],[139.91048,42.33896],[139.91178,42.33855],[139.91373,42.3372],[139.91376,42.33581],[139.91243,42.33507],[139.91056,42.33498],[139.90769,42.33519],[139.90212,42.33442],[139.89816,42.33327],[139.89515,42.33191]]]}},{"type":"Feature","properties":{"m":"北檜山区小川","b":[139.8001,42.2919,139.8952,42.3616],"c":[139.84943,42.32461]},"geometry":{"type":"Polygon","coordinates":[[[139.80011,42.30281],[139.80272,42.30094],[139.80642,42.30016],[139.80737,42.30031],[139.80994,42.30004],[139.80986,42.29882],[139.81164,42.297],[139.81073,42.29551],[139.81096,42.29516],[139.81353,42.29477],[139.8157,42.29389],[139.81902,42.29431],[139.82029,42.29505],[139.82209,42.29445],[139.82299,42.2935],[139.82538,42.293],[139.82734,42.29186],[139.82953,42.29336],[139.8315,42.29417],[139.83321,42.29444],[139.83478,42.29422],[139.83727,42.29334],[139.839,42.29337],[139.84233,42.29391],[139.84552,42.2936],[139.84632,42.29383],[139.84918,42.29611],[139.85335,42.29807],[139.86081,42.30088],[139.86302,42.30193],[139.86516,42.30333],[139.87404,42.30484],[139.87753,42.30575],[139.87886,42.30693],[139.88069,42.30945],[139.88532,42.31677],[139.8876,42.31969],[139.89062,42.32323],[139.89334,42.32599],[139.89482,42.32967],[139.89515,42.33191],[139.89492,42.33415],[139.8944,42.33529],[139.89248,42.33768],[139.88962,42.3388],[139.88642,42.34161],[139.88698,42.34323],[139.88883,42.34524],[139.88841,42.34595],[139.88816,42.34853],[139.8853,42.35097],[139.88429,42.35277],[139.88516,42.35565],[139.88701,42.35799],[139.88745,42.35893],[139.88607,42.35924],[139.88334,42.36067],[139.88122,42.36131],[139.87902,42.36155],[139.8791,42.36122],[139.87731,42.35891],[139.87551,42.35608],[139.87396,42.35301],[139.87203,42.35315],[139.86981,42.35291],[139.86777,42.35313],[139.86671,42.35393],[139.86675,42.35452],[139.86475,42.35581],[139.86432,42.35511],[139.86257,42.35523],[139.86211,42.35396],[139.85977,42.35325],[139.85951,42.35262],[139.85534,42.35271],[139.85307,42.35214],[139.85309,42.35154],[139.85117,42.35056],[139.84974,42.35138],[139.84928,42.3522],[139.84804,42.35209],[139.84685,42.35101],[139.844,42.35032],[139.84232,42.34931],[139.83928,42.3484],[139.83787,42.34886],[139.83577,42.34896],[139.83057,42.35001],[139.82699,42.34988],[139.82439,42.35032],[139.82364,42.35091],[139.82295,42.34831],[139.82178,42.34727],[139.81981,42.34371],[139.81933,42.34128],[139.81843,42.34026],[139.81595,42.33865],[139.81453,42.33586],[139.81393,42.33255],[139.81248,42.33018],[139.81261,42.3279],[139.81368,42.32504],[139.81397,42.32327],[139.81598,42.32071],[139.81593,42.31966],[139.81407,42.31727],[139.81293,42.31665],[139.81145,42.3153],[139.80899,42.31422],[139.8062,42.31177],[139.80573,42.30981],[139.80303,42.30704],[139.80156,42.30521],[139.80011,42.30281]]]}},{"type":"Feature","properties":{"m":"瀬棚区北島歌","b":[139.8222,42.5483,139.9431,42.6167],"c":[139.877,42.5904]},"geometry":{"type":"Polygon","coordinates":[[[139.93634,42.58891],[139.9362,42.58906],[139.93476,42.59095],[139.93363,42.59262],[139.93341,42.59305],[139.93298,42.59381],[139.93286,42.59404],[139.9329,42.59466],[139.93176,42.59594],[139.93228,42.59634],[139.93317,42.59657],[139.93356,42.59687],[139.93386,42.5977],[139.93396,42.59803],[139.93425,42.59852],[139.93441,42.59882],[139.9347,42.59963],[139.9351,42.60034],[139.9352,42.60062],[139.9353,42.60097],[139.93531,42.60233],[139.9355,42.60294],[139.93728,42.60375],[139.94021,42.60512],[139.94047,42.60531],[139.94117,42.60583],[139.94208,42.60668],[139.94305,42.60776],[139.94312,42.60943],[139.94261,42.6103],[139.94258,42.61041],[139.94265,42.61099],[139.94235,42.61227],[139.94183,42.61275],[139.94076,42.6132],[139.93994,42.61348],[139.93781,42.61377],[139.93556,42.61342],[139.93513,42.61331],[139.93429,42.61337],[139.93254,42.61338],[139.93044,42.61352],[139.92874,42.61352],[139.92584,42.61322],[139.92374,42.61303],[139.92282,42.61263],[139.92206,42.6124],[139.91774,42.61247],[139.91697,42.61271],[139.91652,42.61291],[139.91572,42.61328],[139.91508,42.61363],[139.91382,42.6146],[139.9131,42.61485],[139.91187,42.61619],[139.9107,42.61673],[139.90925,42.61659],[139.90708,42.61611],[139.90203,42.61536],[139.90035,42.61534],[139.89786,42.6148],[139.89712,42.61453],[139.89643,42.61436],[139.89441,42.61439],[139.89356,42.61431],[139.89339,42.61432],[139.8922,42.61437],[139.89115,42.61441],[139.89055,42.61444],[139.88804,42.61413],[139.88774,42.61407],[139.88711,42.61407],[139.88691,42.6143],[139.88672,42.61467],[139.88632,42.61513],[139.88527,42.61604],[139.88505,42.61624],[139.8843,42.61635],[139.88353,42.61627],[139.88185,42.61593],[139.88119,42.61575],[139.88108,42.61572],[139.88074,42.61556],[139.87921,42.61518],[139.8788,42.61489],[139.87866,42.61479],[139.87815,42.61442],[139.87778,42.61415],[139.87751,42.61378],[139.87735,42.61355],[139.87715,42.61316],[139.87694,42.61274],[139.87682,42.6125],[139.87669,42.61226],[139.87538,42.61128],[139.87147,42.60969],[139.87013,42.61031],[139.86885,42.61023],[139.86707,42.61014],[139.86465,42.60963],[139.86379,42.60939],[139.8628,42.60938],[139.86121,42.60981],[139.86072,42.60986],[139.85976,42.60967],[139.85892,42.60933],[139.85781,42.60905],[139.85706,42.60889],[139.85649,42.60883],[139.85605,42.60882],[139.85526,42.60898],[139.8515,42.61],[139.84974,42.61063],[139.84906,42.61089],[139.84835,42.61146],[139.84778,42.61214],[139.84708,42.61236],[139.8452,42.61323],[139.84464,42.6132],[139.84334,42.61323],[139.84015,42.61395],[139.83964,42.61404],[139.8349,42.61458],[139.83073,42.61447],[139.82971,42.61385],[139.82825,42.61301],[139.82731,42.61266],[139.82466,42.61252],[139.82359,42.61286],[139.82317,42.613],[139.82346,42.61241],[139.82262,42.61134],[139.82219,42.60943],[139.82271,42.60869],[139.82219,42.60661],[139.82306,42.60574],[139.82433,42.60263],[139.82507,42.59996],[139.82601,42.59902],[139.82492,42.59893],[139.82646,42.59699],[139.82613,42.59655],[139.82779,42.59665],[139.82797,42.5958],[139.82623,42.5956],[139.82593,42.59501],[139.82337,42.59508],[139.82329,42.59322],[139.82445,42.59336],[139.82411,42.5925],[139.8253,42.59278],[139.82439,42.59165],[139.82566,42.58945],[139.82704,42.58812],[139.82685,42.58725],[139.82744,42.58516],[139.82701,42.58321],[139.82776,42.58235],[139.82732,42.58106],[139.82878,42.58146],[139.82895,42.58049],[139.82807,42.57939],[139.82846,42.57835],[139.82767,42.57791],[139.82874,42.57757],[139.82807,42.57695],[139.8281,42.57606],[139.83153,42.57612],[139.83126,42.5753],[139.83316,42.57426],[139.83237,42.57303],[139.83324,42.57187],[139.83197,42.57103],[139.83245,42.56967],[139.83388,42.56921],[139.83467,42.56713],[139.83539,42.56669],[139.83522,42.56552],[139.83603,42.56363],[139.83539,42.56234],[139.83423,42.56183],[139.83423,42.56066],[139.83522,42.56014],[139.83562,42.5591],[139.83554,42.55648],[139.8364,42.55352],[139.83612,42.55291],[139.83709,42.55237],[139.83742,42.55121],[139.83676,42.5505],[139.83872,42.55042],[139.84029,42.54987],[139.84153,42.5486],[139.84353,42.54828],[139.8458,42.5489],[139.84916,42.55069],[139.85059,42.55267],[139.85248,42.55445],[139.8543,42.55652],[139.85494,42.55766],[139.85563,42.56081],[139.85752,42.56336],[139.85759,42.56424],[139.85957,42.56746],[139.86177,42.56904],[139.86395,42.5703],[139.86581,42.57169],[139.86666,42.57331],[139.8689,42.575],[139.8729,42.5739],[139.87488,42.57245],[139.8787,42.57141],[139.88461,42.57164],[139.88704,42.57089],[139.88892,42.56943],[139.89274,42.56804],[139.89459,42.5657],[139.89559,42.56477],[139.89792,42.56401],[139.90068,42.56387],[139.90167,42.56421],[139.90205,42.56561],[139.90328,42.56794],[139.90496,42.56888],[139.90542,42.57009],[139.90526,42.57152],[139.90574,42.57203],[139.90896,42.57248],[139.9102,42.57417],[139.91084,42.57598],[139.91142,42.57632],[139.9154,42.57656],[139.91672,42.57734],[139.91893,42.57909],[139.92063,42.57977],[139.92318,42.57995],[139.92589,42.57974],[139.92749,42.58055],[139.93038,42.58291],[139.93248,42.58412],[139.9344,42.5843],[139.93513,42.58496],[139.93502,42.58756],[139.93656,42.58807],[139.93634,42.58891]]]}},{"type":"Feature","properties":{"m":"瀬棚区島歌","b":[139.836,42.5096,139.8989,42.575],"c":[139.86918,42.5434]},"geometry":{"type":"Polygon","coordinates":[[[139.83676,42.5505],[139.83603,42.54982],[139.83763,42.54977],[139.8387,42.54694],[139.83788,42.54665],[139.83873,42.54578],[139.83924,42.54232],[139.83788,42.54088],[139.83986,42.53963],[139.84124,42.53704],[139.84243,42.53533],[139.84368,42.5324],[139.84516,42.52977],[139.84622,42.52917],[139.84667,42.52783],[139.84648,42.5258],[139.84545,42.52091],[139.84407,42.51776],[139.84366,42.51483],[139.84287,42.51426],[139.84363,42.51261],[139.84247,42.5114],[139.84253,42.5107],[139.84447,42.51053],[139.8488,42.50963],[139.85457,42.51022],[139.8577,42.51074],[139.86028,42.51182],[139.86224,42.51345],[139.86422,42.51605],[139.86482,42.51926],[139.86485,42.52129],[139.868,42.52135],[139.87184,42.5227],[139.87418,42.524],[139.87622,42.52437],[139.8771,42.52515],[139.88006,42.52628],[139.88445,42.52605],[139.88648,42.52683],[139.88748,42.52789],[139.88847,42.52817],[139.88994,42.5295],[139.89203,42.53054],[139.89304,42.53214],[139.89464,42.5328],[139.89495,42.53351],[139.894,42.53446],[139.89466,42.53553],[139.89658,42.53628],[139.89716,42.53825],[139.89835,42.53938],[139.89859,42.54088],[139.89784,42.54221],[139.89854,42.5436],[139.89759,42.54497],[139.89766,42.54704],[139.89853,42.54761],[139.89892,42.54894],[139.89786,42.55057],[139.89849,42.55278],[139.8979,42.55365],[139.89807,42.55467],[139.8975,42.55559],[139.8978,42.55661],[139.89584,42.56022],[139.89538,42.56196],[139.89559,42.56477],[139.89459,42.5657],[139.89274,42.56804],[139.88892,42.56943],[139.88704,42.57089],[139.88461,42.57164],[139.8787,42.57141],[139.87488,42.57245],[139.8729,42.5739],[139.8689,42.575],[139.86666,42.57331],[139.86581,42.57169],[139.86395,42.5703],[139.86177,42.56904],[139.85957,42.56746],[139.85759,42.56424],[139.85752,42.56336],[139.85563,42.56081],[139.85494,42.55766],[139.8543,42.55652],[139.85248,42.55445],[139.85059,42.55267],[139.84916,42.55069],[139.8458,42.5489],[139.84353,42.54828],[139.84153,42.5486],[139.84029,42.54987],[139.83872,42.55042],[139.83676,42.5505]]]}},{"type":"Feature","properties":{"m":"瀬棚区元浦","b":[139.8425,42.4665,139.8601,42.5107],"c":[139.8517,42.48913]},"geometry":{"type":"Polygon","coordinates":[[[139.84253,42.5107],[139.84265,42.50918],[139.84424,42.50751],[139.84511,42.50582],[139.84516,42.50386],[139.84555,42.50194],[139.8438,42.50177],[139.84307,42.50064],[139.8427,42.49865],[139.84325,42.49718],[139.84696,42.49433],[139.8489,42.49323],[139.849,42.49273],[139.84758,42.49043],[139.84777,42.48764],[139.84662,42.4863],[139.84751,42.48624],[139.84787,42.485],[139.84729,42.48267],[139.84618,42.48193],[139.84638,42.47943],[139.84737,42.47937],[139.84816,42.47834],[139.84812,42.47591],[139.84914,42.47394],[139.85015,42.47327],[139.85155,42.4716],[139.8518,42.47071],[139.85128,42.46902],[139.85152,42.46809],[139.8525,42.46699],[139.8573,42.46654],[139.85968,42.46757],[139.86014,42.46837],[139.85952,42.47014],[139.85945,42.47209],[139.85698,42.47487],[139.85759,42.47647],[139.85768,42.4806],[139.85793,42.48294],[139.85795,42.48781],[139.85769,42.49121],[139.85695,42.4938],[139.85475,42.49759],[139.85419,42.49914],[139.85393,42.50104],[139.85337,42.5025],[139.8536,42.50534],[139.85498,42.5086],[139.85457,42.51022],[139.8488,42.50963],[139.84447,42.51053],[139.84253,42.5107]]]}},{"type":"Feature","properties":{"m":"瀬棚区西大里","b":[139.8534,42.456,139.9304,42.5773],"c":[139.89028,42.52259]},"geometry":{"type":"Polygon","coordinates":[[[139.89559,42.56477],[139.89538,42.56196],[139.89584,42.56022],[139.8978,42.55661],[139.8975,42.55559],[139.89807,42.55467],[139.8979,42.55365],[139.89849,42.55278],[139.89786,42.55057],[139.89892,42.54894],[139.89853,42.54761],[139.89766,42.54704],[139.89759,42.54497],[139.89854,42.5436],[139.89784,42.54221],[139.89859,42.54088],[139.89835,42.53938],[139.89716,42.53825],[139.89658,42.53628],[139.89466,42.53553],[139.894,42.53446],[139.89495,42.53351],[139.89464,42.5328],[139.89304,42.53214],[139.89203,42.53054],[139.88994,42.5295],[139.88847,42.52817],[139.88748,42.52789],[139.88648,42.52683],[139.88445,42.52605],[139.88006,42.52628],[139.8771,42.52515],[139.87622,42.52437],[139.87418,42.524],[139.87184,42.5227],[139.868,42.52135],[139.86485,42.52129],[139.86482,42.51926],[139.86422,42.51605],[139.86224,42.51345],[139.86028,42.51182],[139.8577,42.51074],[139.85457,42.51022],[139.85498,42.5086],[139.8536,42.50534],[139.85337,42.5025],[139.85393,42.50104],[139.85419,42.49914],[139.85475,42.49759],[139.85695,42.4938],[139.85769,42.49121],[139.85795,42.48781],[139.85793,42.48294],[139.85768,42.4806],[139.85759,42.47647],[139.85698,42.47487],[139.85945,42.47209],[139.85952,42.47014],[139.86014,42.46837],[139.85968,42.46757],[139.8573,42.46654],[139.85627,42.46524],[139.85627,42.4623],[139.85669,42.46082],[139.85419,42.45786],[139.85342,42.45722],[139.85435,42.45661],[139.85674,42.45602],[139.8592,42.45611],[139.86169,42.45861],[139.86184,42.45948],[139.8633,42.45956],[139.8655,42.46023],[139.86598,42.46265],[139.86569,42.46545],[139.86707,42.46742],[139.8665,42.46904],[139.86708,42.46932],[139.86893,42.47297],[139.87001,42.47402],[139.87265,42.47904],[139.87266,42.48013],[139.87431,42.48092],[139.874,42.48239],[139.87527,42.48463],[139.87586,42.4871],[139.87664,42.48765],[139.87704,42.48883],[139.87675,42.48986],[139.87905,42.49054],[139.87931,42.49145],[139.88053,42.49196],[139.88092,42.49363],[139.8819,42.49439],[139.88235,42.49638],[139.88379,42.49639],[139.88443,42.49762],[139.88702,42.49935],[139.88723,42.50027],[139.88932,42.50084],[139.88902,42.50184],[139.88969,42.50273],[139.8914,42.50382],[139.89112,42.50465],[139.89349,42.50802],[139.89347,42.50891],[139.89235,42.50982],[139.89419,42.51064],[139.89428,42.51224],[139.89629,42.51276],[139.89685,42.51349],[139.8967,42.51453],[139.89799,42.51414],[139.8998,42.51535],[139.90102,42.51527],[139.90171,42.51731],[139.90314,42.51713],[139.90383,42.51914],[139.90552,42.51916],[139.90565,42.52037],[139.9066,42.52134],[139.90814,42.52184],[139.90805,42.52292],[139.90958,42.52414],[139.9111,42.52436],[139.91232,42.52607],[139.91312,42.52785],[139.91429,42.52845],[139.91478,42.53013],[139.91621,42.5307],[139.91588,42.53184],[139.91667,42.5321],[139.9176,42.53342],[139.9187,42.53407],[139.91985,42.53538],[139.91967,42.5373],[139.92139,42.54042],[139.92113,42.54145],[139.92231,42.5428],[139.92266,42.54383],[139.92345,42.54419],[139.92434,42.5462],[139.92844,42.54984],[139.9292,42.55244],[139.93038,42.5539],[139.93029,42.55604],[139.92996,42.55694],[139.9304,42.55817],[139.92986,42.55881],[139.93012,42.56006],[139.92867,42.56097],[139.92843,42.56199],[139.92739,42.56242],[139.92819,42.56395],[139.92787,42.56552],[139.92537,42.56705],[139.92471,42.56927],[139.92367,42.56916],[139.92225,42.57028],[139.9217,42.57169],[139.92178,42.57376],[139.92147,42.57452],[139.92,42.5758],[139.91672,42.57734],[139.9154,42.57656],[139.91142,42.57632],[139.91084,42.57598],[139.9102,42.57417],[139.90896,42.57248],[139.90574,42.57203],[139.90526,42.57152],[139.90542,42.57009],[139.90496,42.56888],[139.90328,42.56794],[139.90205,42.56561],[139.90167,42.56421],[139.90068,42.56387],[139.89792,42.56401],[139.89559,42.56477]]]}},{"type":"Feature","properties":{"m":"瀬棚区東大里","b":[139.8592,42.456,139.942,42.5829],"c":[139.90285,42.51136]},"geometry":{"type":"Polygon","coordinates":[[[139.91764,42.52301],[139.91829,42.52504],[139.92,42.52652],[139.92154,42.52713],[139.92139,42.52768],[139.92252,42.53035],[139.92457,42.53077],[139.92622,42.53182],[139.9258,42.53326],[139.92616,42.53383],[139.92617,42.53594],[139.92575,42.53744],[139.9271,42.53823],[139.92733,42.53906],[139.92857,42.54],[139.93028,42.54058],[139.93162,42.54227],[139.9311,42.54255],[139.9314,42.54427],[139.9302,42.54551],[139.93106,42.54638],[139.93286,42.5491],[139.93291,42.54979],[139.93414,42.55065],[139.93408,42.55113],[139.93649,42.55403],[139.93755,42.55669],[139.93895,42.5575],[139.94044,42.55885],[139.94092,42.55974],[139.9419,42.5602],[139.94119,42.56138],[139.94196,42.56216],[139.94164,42.56421],[139.93956,42.56582],[139.93776,42.56625],[139.93561,42.56781],[139.93472,42.56898],[139.93438,42.57209],[139.93462,42.57298],[139.93355,42.57422],[139.93338,42.57656],[139.93154,42.57962],[139.93157,42.58125],[139.93038,42.58291],[139.92749,42.58055],[139.92589,42.57974],[139.92318,42.57995],[139.92063,42.57977],[139.91893,42.57909],[139.91672,42.57734],[139.92,42.5758],[139.92147,42.57452],[139.92178,42.57376],[139.9217,42.57169],[139.92225,42.57028],[139.92367,42.56916],[139.92471,42.56927],[139.92537,42.56705],[139.92787,42.56552],[139.92819,42.56395],[139.92739,42.56242],[139.92843,42.56199],[139.92867,42.56097],[139.93012,42.56006],[139.92986,42.55881],[139.9304,42.55817],[139.92996,42.55694],[139.93029,42.55604],[139.93038,42.5539],[139.9292,42.55244],[139.92844,42.54984],[139.92434,42.5462],[139.92345,42.54419],[139.92266,42.54383],[139.92231,42.5428],[139.92113,42.54145],[139.92139,42.54042],[139.91967,42.5373],[139.91985,42.53538],[139.9187,42.53407],[139.9176,42.53342],[139.91667,42.5321],[139.91588,42.53184],[139.91621,42.5307],[139.91478,42.53013],[139.91429,42.52845],[139.91312,42.52785],[139.91232,42.52607],[139.9111,42.52436],[139.90958,42.52414],[139.90805,42.52292],[139.90814,42.52184],[139.9066,42.52134],[139.90565,42.52037],[139.90552,42.51916],[139.90383,42.51914],[139.90314,42.51713],[139.90171,42.51731],[139.90102,42.51527],[139.8998,42.51535],[139.89799,42.51414],[139.8967,42.51453],[139.89685,42.51349],[139.89629,42.51276],[139.89428,42.51224],[139.89419,42.51064],[139.89235,42.50982],[139.89347,42.50891],[139.89349,42.50802],[139.89112,42.50465],[139.8914,42.50382],[139.88969,42.50273],[139.88902,42.50184],[139.88932,42.50084],[139.88723,42.50027],[139.88702,42.49935],[139.88443,42.49762],[139.88379,42.49639],[139.88235,42.49638],[139.8819,42.49439],[139.88092,42.49363],[139.88053,42.49196],[139.87931,42.49145],[139.87905,42.49054],[139.87675,42.48986],[139.87704,42.48883],[139.87664,42.48765],[139.87586,42.4871],[139.87527,42.48463],[139.874,42.48239],[139.87431,42.48092],[139.87266,42.48013],[139.87265,42.47904],[139.87001,42.47402],[139.86893,42.47297],[139.86708,42.46932],[139.8665,42.46904],[139.86707,42.46742],[139.86569,42.46545],[139.86598,42.46265],[139.8655,42.46023],[139.8633,42.45956],[139.86184,42.45948],[139.86169,42.45861],[139.8592,42.45611],[139.85978,42.45605],[139.86076,42.45603],[139.86197,42.4564],[139.86354,42.45685],[139.86572,42.45812],[139.86689,42.45921],[139.86775,42.4605],[139.86827,42.46203],[139.86978,42.46616],[139.87134,42.46961],[139.87164,42.47039],[139.8749,42.4699],[139.87764,42.46953],[139.8807,42.46898],[139.8825,42.46854],[139.8874,42.46777],[139.8912,42.4669],[139.89765,42.46577],[139.89755,42.46699],[139.89662,42.46779],[139.89589,42.47024],[139.89648,42.47118],[139.89759,42.47181],[139.8984,42.47301],[139.8978,42.47416],[139.89744,42.47649],[139.89891,42.47872],[139.89942,42.48036],[139.89865,42.48181],[139.9003,42.48481],[139.89901,42.48495],[139.90036,42.49026],[139.89621,42.49088],[139.9085,42.50954],[139.90993,42.50959],[139.91142,42.51107],[139.91317,42.51388],[139.91468,42.51697],[139.91518,42.51841],[139.9154,42.52038],[139.91621,42.52229],[139.91764,42.52301]]]}},{"type":"Feature","properties":{"m":"瀬棚区三本杉","b":[139.848,42.4548,139.8573,42.467],"c":[139.85331,42.46038]},"geometry":{"type":"Polygon","coordinates":[[[139.8525,42.46699],[139.85294,42.46563],[139.85262,42.46354],[139.85173,42.46126],[139.84951,42.45798],[139.84804,42.45654],[139.84835,42.45629],[139.84893,42.45581],[139.85304,42.45481],[139.85521,42.45533],[139.85674,42.45602],[139.85435,42.45661],[139.85342,42.45722],[139.85419,42.45786],[139.85669,42.46082],[139.85627,42.4623],[139.85627,42.46524],[139.8573,42.46654],[139.8525,42.46699]]]}},{"type":"Feature","properties":{"m":"瀬棚区共和","b":[139.8544,42.4326,139.8976,42.4704],"c":[139.87615,42.4509]},"geometry":{"type":"Polygon","coordinates":[[[139.89753,42.46555],[139.89765,42.46577],[139.8912,42.4669],[139.8874,42.46777],[139.8825,42.46854],[139.8807,42.46898],[139.87764,42.46953],[139.8749,42.4699],[139.87164,42.47039],[139.87134,42.46961],[139.86978,42.46616],[139.86827,42.46203],[139.86775,42.4605],[139.86689,42.45921],[139.86572,42.45812],[139.86354,42.45685],[139.86197,42.4564],[139.86076,42.45603],[139.85978,42.45605],[139.85979,42.45597],[139.8598,42.45585],[139.8598,42.45576],[139.8598,42.45565],[139.8598,42.45559],[139.8598,42.4555],[139.85988,42.45538],[139.85995,42.45529],[139.86,42.45509],[139.86,42.455],[139.85974,42.45487],[139.8594,42.45474],[139.85889,42.45453],[139.85848,42.45439],[139.85816,42.45436],[139.85786,42.45429],[139.8573,42.45418],[139.85693,42.45407],[139.85677,42.45401],[139.85639,42.45376],[139.85619,42.45358],[139.85591,42.45332],[139.8561,42.4527],[139.85609,42.45237],[139.85521,42.45215],[139.85478,42.45162],[139.85463,42.45124],[139.85441,42.45114],[139.85441,42.45088],[139.85454,42.45032],[139.8546,42.45014],[139.85476,42.44977],[139.85486,42.44953],[139.85502,42.44905],[139.85506,42.44884],[139.85514,42.44854],[139.85516,42.44842],[139.85536,42.44784],[139.85533,42.44719],[139.85524,42.44637],[139.85481,42.44543],[139.85513,42.44465],[139.85569,42.44388],[139.85586,42.4431],[139.85591,42.44207],[139.85706,42.44044],[139.85662,42.43674],[139.85642,42.43541],[139.85779,42.43536],[139.85902,42.43522],[139.8602,42.43515],[139.86111,42.43521],[139.86323,42.43551],[139.86366,42.43556],[139.86521,42.43577],[139.86675,42.43568],[139.86864,42.43627],[139.86953,42.43654],[139.87039,42.43652],[139.87146,42.43652],[139.87243,42.43554],[139.87438,42.435],[139.87581,42.43476],[139.8776,42.43427],[139.87843,42.43366],[139.88152,42.43355],[139.88348,42.43306],[139.88397,42.43283],[139.88505,42.43263],[139.88613,42.4336],[139.88672,42.4342],[139.88664,42.43536],[139.88727,42.43687],[139.88758,42.43773],[139.88761,42.43861],[139.88882,42.43954],[139.88895,42.44037],[139.88873,42.4419],[139.88913,42.44259],[139.88986,42.44357],[139.89008,42.444],[139.89164,42.44417],[139.89237,42.44485],[139.8927,42.44604],[139.89331,42.44686],[139.89408,42.44769],[139.89441,42.44883],[139.89448,42.4494],[139.89468,42.45006],[139.89577,42.45161],[139.89563,42.45229],[139.89365,42.45471],[139.89238,42.45627],[139.89204,42.457],[139.89266,42.45788],[139.89317,42.45828],[139.89371,42.45935],[139.89432,42.4605],[139.89459,42.46185],[139.8955,42.46265],[139.89577,42.46413],[139.89582,42.46487],[139.89696,42.46528],[139.89714,42.46538],[139.89753,42.46555]]]}},{"type":"Feature","properties":{"m":"瀬棚区南川","b":[139.8425,42.4184,139.8571,42.4459],"c":[139.85061,42.43366]},"geometry":{"type":"Polygon","coordinates":[[[139.85642,42.43541],[139.85662,42.43674],[139.85706,42.44044],[139.85591,42.44207],[139.85586,42.4431],[139.85569,42.44388],[139.85513,42.44465],[139.85481,42.44543],[139.85278,42.44589],[139.85059,42.44538],[139.84928,42.44588],[139.84925,42.445],[139.84798,42.44444],[139.84783,42.44507],[139.84743,42.44103],[139.84681,42.43939],[139.84687,42.43666],[139.84612,42.4342],[139.84612,42.43254],[139.84458,42.42829],[139.8435,42.42616],[139.84258,42.42583],[139.84246,42.42505],[139.847,42.42443],[139.84829,42.42395],[139.84999,42.42162],[139.85276,42.41836],[139.85391,42.41918],[139.85347,42.4204],[139.85374,42.42189],[139.85218,42.42362],[139.85246,42.42481],[139.85328,42.42601],[139.85423,42.4297],[139.85424,42.43146],[139.85249,42.43327],[139.85386,42.43372],[139.8548,42.43531],[139.85642,42.43541]]]}},{"type":"Feature","properties":{"m":"瀬棚区本町","b":[139.8403,42.4444,139.86,42.4567],"c":[139.85112,42.45106]},"geometry":{"type":"MultiPolygon","coordinates":[[[[139.84307,42.45629],[139.84268,42.4564],[139.84201,42.4558],[139.84307,42.45629]]],[[[139.84119,42.44713],[139.84026,42.44709],[139.84087,42.44574],[139.84147,42.44608],[139.84119,42.44713]]],[[[139.85674,42.45602],[139.85521,42.45533],[139.85304,42.45481],[139.84893,42.45581],[139.84835,42.45629],[139.84452,42.45669],[139.84287,42.45544],[139.8417,42.4552],[139.84387,42.45473],[139.84432,42.45596],[139.84635,42.45574],[139.84738,42.45482],[139.84728,42.45374],[139.84595,42.45383],[139.84585,42.45294],[139.84724,42.45286],[139.84724,42.45014],[139.84669,42.45016],[139.84611,42.44887],[139.84595,42.44674],[139.84694,42.44669],[139.84783,42.44507],[139.84798,42.44444],[139.84925,42.445],[139.84928,42.44588],[139.85059,42.44538],[139.85278,42.44589],[139.85481,42.44543],[139.85524,42.44637],[139.85533,42.44719],[139.85536,42.44784],[139.85516,42.44842],[139.85514,42.44854],[139.85506,42.44884],[139.85502,42.44905],[139.85486,42.44953],[139.85476,42.44977],[139.8546,42.45014],[139.85454,42.45032],[139.85441,42.45088],[139.85441,42.45114],[139.85463,42.45124],[139.85478,42.45162],[139.85521,42.45215],[139.85609,42.45237],[139.8561,42.4527],[139.85591,42.45332],[139.85619,42.45358],[139.85639,42.45376],[139.85677,42.45401],[139.85693,42.45407],[139.8573,42.45418],[139.85786,42.45429],[139.85816,42.45436],[139.85848,42.45439],[139.85889,42.45453],[139.8594,42.45474],[139.85974,42.45487],[139.86,42.455],[139.86,42.45509],[139.85995,42.45529],[139.85988,42.45538],[139.8598,42.4555],[139.8598,42.45559],[139.8598,42.45565],[139.8598,42.45576],[139.8598,42.45585],[139.85979,42.45597],[139.85978,42.45605],[139.8592,42.45611],[139.85674,42.45602]]],[[[139.84201,42.44679],[139.84128,42.4469],[139.84206,42.44608],[139.84201,42.44679]]]]}},{"type":"Feature","properties":{"m":"大成区太田","b":[139.7669,42.2593,139.829,42.304],"c":[139.79809,42.28402]},"geometry":{"type":"Polygon","coordinates":[[[139.76736,42.30396],[139.76691,42.30262],[139.76882,42.30193],[139.76972,42.30207],[139.77193,42.30012],[139.77275,42.29995],[139.77392,42.29781],[139.77492,42.29708],[139.77551,42.29561],[139.77536,42.29416],[139.77432,42.29394],[139.7759,42.29147],[139.77631,42.28997],[139.77757,42.28982],[139.77924,42.28788],[139.77945,42.28604],[139.77804,42.28564],[139.7798,42.28493],[139.7812,42.2829],[139.78177,42.28311],[139.78294,42.28154],[139.78401,42.28101],[139.78507,42.2781],[139.78421,42.27677],[139.78552,42.27601],[139.7858,42.27479],[139.78499,42.27295],[139.78541,42.27282],[139.78484,42.26948],[139.7829,42.26751],[139.78175,42.26798],[139.7792,42.26735],[139.77951,42.2669],[139.77833,42.26637],[139.77731,42.26537],[139.77783,42.26414],[139.77684,42.26393],[139.77587,42.26256],[139.77496,42.26198],[139.7758,42.26072],[139.7759,42.25959],[139.77494,42.2593],[139.77758,42.25969],[139.78983,42.26244],[139.79321,42.26256],[139.79783,42.26359],[139.80915,42.26704],[139.80989,42.26792],[139.81268,42.27125],[139.81765,42.27638],[139.8186,42.27897],[139.81923,42.27983],[139.82889,42.28893],[139.82898,42.29086],[139.82734,42.29186],[139.82538,42.293],[139.82299,42.2935],[139.82209,42.29445],[139.82029,42.29505],[139.81902,42.29431],[139.8157,42.29389],[139.81353,42.29477],[139.81096,42.29516],[139.81073,42.29551],[139.81164,42.297],[139.80986,42.29882],[139.80994,42.30004],[139.80737,42.30031],[139.80642,42.30016],[139.80272,42.30094],[139.80011,42.30281],[139.79796,42.303],[139.79604,42.30352],[139.79409,42.3037],[139.79199,42.30322],[139.79036,42.30349],[139.78744,42.30357],[139.78579,42.30293],[139.78268,42.30088],[139.7794,42.30095],[139.77603,42.30206],[139.77404,42.30202],[139.77081,42.30282],[139.76851,42.30314],[139.76736,42.30396]]]}},{"type":"Feature","properties":{"m":"大成区富磯","b":[139.7749,42.2294,139.8091,42.267],"c":[139.79393,42.25036]},"geometry":{"type":"Polygon","coordinates":[[[139.77494,42.2593],[139.77592,42.25917],[139.77725,42.25729],[139.77852,42.25607],[139.77903,42.25498],[139.77819,42.25384],[139.77902,42.25375],[139.77861,42.2521],[139.7793,42.25098],[139.7807,42.25057],[139.78345,42.25077],[139.78404,42.24894],[139.785,42.24902],[139.78669,42.24546],[139.78849,42.24431],[139.78885,42.24297],[139.78945,42.24254],[139.78961,42.24065],[139.79062,42.2388],[139.79365,42.23657],[139.79424,42.23519],[139.79338,42.23391],[139.79453,42.23332],[139.7962,42.23078],[139.79731,42.23064],[139.79931,42.22937],[139.80031,42.23037],[139.79986,42.23167],[139.80105,42.23324],[139.80391,42.23459],[139.80455,42.23749],[139.8031,42.24238],[139.80259,42.24738],[139.80269,42.25028],[139.80306,42.25502],[139.80421,42.25986],[139.80552,42.26315],[139.80743,42.26571],[139.80915,42.26704],[139.79783,42.26359],[139.79321,42.26256],[139.78983,42.26244],[139.77758,42.25969],[139.77494,42.2593]]]}},{"type":"Feature","properties":{"m":"大成区上浦","b":[139.7993,42.2239,139.8211,42.267],"c":[139.81079,42.24484]},"geometry":{"type":"Polygon","coordinates":[[[139.79931,42.22937],[139.79975,42.22902],[139.80107,42.2296],[139.80367,42.22841],[139.80388,42.22776],[139.80509,42.22905],[139.80698,42.22939],[139.80938,42.22929],[139.8109,42.22954],[139.81254,42.2289],[139.81254,42.22823],[139.81347,42.22657],[139.8128,42.22632],[139.81197,42.22809],[139.81131,42.22751],[139.8121,42.22719],[139.81286,42.22602],[139.81434,42.22533],[139.8138,42.22495],[139.814,42.22388],[139.81502,42.22482],[139.81514,42.22618],[139.81467,42.22795],[139.81639,42.2292],[139.81584,42.22942],[139.81734,42.23054],[139.81724,42.23112],[139.81855,42.23279],[139.81765,42.23362],[139.81979,42.23494],[139.81964,42.23723],[139.81988,42.23992],[139.8197,42.24137],[139.82078,42.24366],[139.82113,42.24543],[139.81988,42.251],[139.81854,42.25377],[139.81231,42.26118],[139.80915,42.26704],[139.80743,42.26571],[139.80552,42.26315],[139.80421,42.25986],[139.80306,42.25502],[139.80269,42.25028],[139.80259,42.24738],[139.8031,42.24238],[139.80455,42.23749],[139.80391,42.23459],[139.80105,42.23324],[139.79986,42.23167],[139.80031,42.23037],[139.79931,42.22937]]]}},{"type":"Feature","properties":{"m":"大成区都","b":[139.814,42.2215,139.8304,42.238],"c":[139.82184,42.23001]},"geometry":{"type":"Polygon","coordinates":[[[139.814,42.22388],[139.81514,42.22371],[139.81432,42.22318],[139.81437,42.2222],[139.81515,42.22146],[139.81585,42.22296],[139.8186,42.22358],[139.81937,42.22328],[139.81957,42.22235],[139.82094,42.22281],[139.82227,42.22382],[139.82373,42.22389],[139.8274,42.23056],[139.82859,42.23311],[139.82829,42.23403],[139.82909,42.23435],[139.82904,42.23529],[139.83043,42.23782],[139.82937,42.23799],[139.82442,42.23612],[139.82083,42.23665],[139.81964,42.23723],[139.81979,42.23494],[139.81765,42.23362],[139.81855,42.23279],[139.81724,42.23112],[139.81734,42.23054],[139.81584,42.22942],[139.81639,42.2292],[139.81467,42.22795],[139.81514,42.22618],[139.81502,42.22482],[139.814,42.22388]]]}},{"type":"Feature","properties":{"m":"大成区本陣","b":[139.8091,42.2228,139.8502,42.2679],"c":[139.83064,42.24696]},"geometry":{"type":"Polygon","coordinates":[[[139.80915,42.26704],[139.81231,42.26118],[139.81854,42.25377],[139.81988,42.251],[139.82113,42.24543],[139.82078,42.24366],[139.8197,42.24137],[139.81988,42.23992],[139.81964,42.23723],[139.82083,42.23665],[139.82442,42.23612],[139.82937,42.23799],[139.83043,42.23782],[139.82904,42.23529],[139.82909,42.23435],[139.82829,42.23403],[139.82859,42.23311],[139.8274,42.23056],[139.82373,42.22389],[139.82402,42.22298],[139.8246,42.22399],[139.82546,42.22423],[139.82789,42.22395],[139.828,42.22352],[139.82968,42.22336],[139.82989,42.22283],[139.83052,42.22463],[139.8306,42.22649],[139.83156,42.22688],[139.83183,42.22913],[139.83311,42.23121],[139.83298,42.23268],[139.83386,42.23439],[139.83543,42.23557],[139.8373,42.23592],[139.83717,42.23627],[139.83873,42.23703],[139.84342,42.2385],[139.84495,42.23837],[139.84577,42.24015],[139.8457,42.24453],[139.84611,42.24912],[139.84728,42.25187],[139.85019,42.25532],[139.84948,42.25577],[139.84669,42.25644],[139.84426,42.25651],[139.84192,42.25621],[139.84083,42.25559],[139.83714,42.25512],[139.83499,42.25537],[139.83209,42.25622],[139.82736,42.25846],[139.8243,42.26033],[139.81345,42.26526],[139.81093,42.26661],[139.80989,42.26792],[139.80915,42.26704]]]}},{"type":"Feature","properties":{"m":"大成区久遠","b":[139.8299,42.2197,139.8421,42.237],"c":[139.83637,42.22771]},"geometry":{"type":"Polygon","coordinates":[[[139.82989,42.22283],[139.83235,42.22279],[139.83366,42.22157],[139.83444,42.22264],[139.83613,42.22099],[139.83431,42.22017],[139.83562,42.21965],[139.83731,42.22027],[139.84017,42.22066],[139.84057,42.22218],[139.8394,42.22264],[139.84054,42.22391],[139.8405,42.2249],[139.84112,42.22525],[139.841,42.22733],[139.84186,42.2286],[139.84117,42.22976],[139.84209,42.2308],[139.84134,42.23145],[139.83962,42.23208],[139.83883,42.23465],[139.83873,42.23703],[139.83717,42.23627],[139.8373,42.23592],[139.83543,42.23557],[139.83386,42.23439],[139.83298,42.23268],[139.83311,42.23121],[139.83183,42.22913],[139.83156,42.22688],[139.8306,42.22649],[139.83052,42.22463],[139.82989,42.22283]]]}},{"type":"Feature","properties":{"m":"大成区花歌","b":[139.8387,42.2167,139.8614,42.2553],"c":[139.85059,42.2347]},"geometry":{"type":"Polygon","coordinates":[[[139.83873,42.23703],[139.83883,42.23465],[139.83962,42.23208],[139.84134,42.23145],[139.84209,42.2308],[139.84117,42.22976],[139.84186,42.2286],[139.841,42.22733],[139.84112,42.22525],[139.8405,42.2249],[139.84054,42.22391],[139.8394,42.22264],[139.84057,42.22218],[139.84017,42.22066],[139.84222,42.22135],[139.84316,42.22113],[139.84421,42.21985],[139.84385,42.21905],[139.84638,42.21992],[139.84847,42.21976],[139.8493,42.21863],[139.85026,42.21819],[139.85016,42.21743],[139.85193,42.21729],[139.85379,42.21665],[139.85631,42.21708],[139.85671,42.21844],[139.85593,42.2209],[139.85732,42.223],[139.85642,42.2247],[139.85641,42.22576],[139.85828,42.22573],[139.85767,42.22742],[139.85806,42.22985],[139.86116,42.2339],[139.86142,42.23469],[139.86078,42.23528],[139.85893,42.24526],[139.85724,42.24876],[139.85481,42.25261],[139.85372,42.25369],[139.85019,42.25532],[139.84728,42.25187],[139.84611,42.24912],[139.8457,42.24453],[139.84577,42.24015],[139.84495,42.23837],[139.84342,42.2385],[139.83873,42.23703]]]}},{"type":"Feature","properties":{"m":"大成区宮野","b":[139.8099,42.2118,140.0097,42.2889],"c":[139.90246,42.24579]},"geometry":{"type":"Polygon","coordinates":[[[140.00972,42.21881],[140.00652,42.22074],[140.00522,42.22111],[140.00362,42.22255],[140.00326,42.22361],[140.00039,42.22638],[139.99677,42.22779],[139.99446,42.22929],[139.9895,42.23151],[139.98795,42.23164],[139.9834,42.23326],[139.9826,42.23328],[139.98047,42.23423],[139.97999,42.23516],[139.97836,42.23581],[139.97768,42.2365],[139.97754,42.23838],[139.97681,42.23964],[139.97354,42.23984],[139.97263,42.2403],[139.97109,42.24201],[139.96812,42.24274],[139.96755,42.24323],[139.96651,42.24548],[139.96222,42.24872],[139.96094,42.24946],[139.96063,42.25164],[139.9591,42.25262],[139.95306,42.2528],[139.95033,42.25398],[139.94883,42.25409],[139.9487,42.25247],[139.94788,42.25066],[139.94691,42.2501],[139.94513,42.24992],[139.94309,42.24867],[139.9414,42.24707],[139.94031,42.24711],[139.9395,42.24669],[139.93806,42.2457],[139.93579,42.24703],[139.93492,42.24776],[139.93404,42.24945],[139.9326,42.24989],[139.93176,42.25094],[139.92999,42.25148],[139.93018,42.25286],[139.92825,42.25594],[139.92728,42.25636],[139.9241,42.25707],[139.92139,42.25837],[139.9193,42.25807],[139.91829,42.25672],[139.9164,42.2558],[139.91551,42.25597],[139.91483,42.25682],[139.9156,42.25801],[139.91567,42.25895],[139.91482,42.25966],[139.914,42.25887],[139.91222,42.25901],[139.9092,42.25826],[139.90407,42.25792],[139.90331,42.25807],[139.90242,42.25948],[139.90231,42.26115],[139.90104,42.2614],[139.89806,42.26036],[139.89515,42.26082],[139.8913,42.26251],[139.88964,42.2629],[139.88851,42.26417],[139.88505,42.26572],[139.88299,42.26502],[139.88064,42.26338],[139.87864,42.26385],[139.87775,42.26461],[139.87472,42.26536],[139.87314,42.26539],[139.87257,42.26578],[139.87219,42.26737],[139.87009,42.26779],[139.86676,42.26965],[139.86517,42.26996],[139.86302,42.26901],[139.86256,42.27171],[139.8614,42.27378],[139.86001,42.27394],[139.85739,42.27545],[139.8554,42.27516],[139.85452,42.27447],[139.85214,42.27668],[139.84986,42.27767],[139.84859,42.27914],[139.84717,42.27831],[139.84457,42.27834],[139.84239,42.27977],[139.84181,42.28052],[139.83802,42.28183],[139.83502,42.2827],[139.83324,42.28406],[139.83057,42.28501],[139.83062,42.28694],[139.82889,42.28893],[139.81923,42.27983],[139.8186,42.27897],[139.81765,42.27638],[139.81268,42.27125],[139.80989,42.26792],[139.81093,42.26661],[139.81345,42.26526],[139.8243,42.26033],[139.82736,42.25846],[139.83209,42.25622],[139.83499,42.25537],[139.83714,42.25512],[139.84083,42.25559],[139.84192,42.25621],[139.84426,42.25651],[139.84669,42.25644],[139.84948,42.25577],[139.85019,42.25532],[139.85372,42.25369],[139.85481,42.25261],[139.85724,42.24876],[139.85893,42.24526],[139.86078,42.23528],[139.86142,42.23469],[139.86116,42.2339],[139.85806,42.22985],[139.85767,42.22742],[139.85828,42.22573],[139.85641,42.22576],[139.85642,42.2247],[139.85732,42.223],[139.85593,42.2209],[139.85671,42.21844],[139.85631,42.21708],[139.85989,42.21817],[139.86198,42.21902],[139.86366,42.21897],[139.86526,42.21815],[139.86702,42.21622],[139.86721,42.21674],[139.86949,42.21885],[139.86999,42.2194],[139.87008,42.21992],[139.8707,42.22047],[139.8719,42.221],[139.87253,42.22156],[139.87545,42.22399],[139.87581,42.22436],[139.87591,42.22512],[139.87624,42.22565],[139.877,42.22647],[139.87732,42.22682],[139.8782,42.2282],[139.8786,42.22893],[139.87895,42.22912],[139.87952,42.22912],[139.88061,42.22964],[139.8808,42.23007],[139.88198,42.23195],[139.88251,42.23211],[139.88314,42.23209],[139.88589,42.23117],[139.88682,42.23128],[139.88755,42.23152],[139.88897,42.23228],[139.88981,42.23247],[139.89012,42.23256],[139.89102,42.23225],[139.89216,42.23224],[139.89298,42.23228],[139.8934,42.23231],[139.89435,42.23255],[139.89488,42.23261],[139.89563,42.23254],[139.89634,42.23263],[139.89704,42.23298],[139.89761,42.23322],[139.89955,42.23386],[139.9002,42.23361],[139.90198,42.23353],[139.90313,42.2329],[139.9041,42.23296],[139.90524,42.23329],[139.90605,42.233],[139.90652,42.232],[139.9076,42.23133],[139.90856,42.23111],[139.91244,42.23082],[139.91415,42.22975],[139.91747,42.2296],[139.9197,42.22849],[139.92083,42.22794],[139.92276,42.22788],[139.92335,42.22816],[139.92594,42.22778],[139.9267,42.22787],[139.92753,42.22749],[139.9313,42.22764],[139.93225,42.22796],[139.93657,42.22734],[139.93925,42.22559],[139.94062,42.22566],[139.94204,42.2263],[139.94867,42.22757],[139.94998,42.22734],[139.95146,42.22772],[139.95357,42.22709],[139.95486,42.22719],[139.95563,42.22647],[139.95835,42.22484],[139.96056,42.2245],[139.96346,42.22452],[139.965,42.22292],[139.96459,42.22179],[139.96509,42.22067],[139.96655,42.21976],[139.97488,42.21723],[139.98067,42.21511],[139.99387,42.21204],[139.99715,42.21176],[140.00287,42.21182],[140.00436,42.21326],[140.00497,42.21456],[140.00654,42.2148],[140.00719,42.21533],[140.00812,42.21702],[140.00972,42.21881]]]}},{"type":"Feature","properties":{"m":"大成区平浜","b":[139.867,42.194,140.005,42.2339],"c":[139.92765,42.21469]},"geometry":{"type":"Polygon","coordinates":[[[139.97629,42.20092],[139.97867,42.20086],[139.98023,42.20039],[139.98232,42.1993],[139.98629,42.19817],[139.98915,42.19842],[139.99204,42.19759],[139.99356,42.19881],[139.99652,42.19963],[139.9978,42.19972],[140.0003,42.201],[140.00122,42.20148],[140.00223,42.20275],[140.00378,42.20307],[140.00389,42.20483],[140.00464,42.20538],[140.00498,42.20645],[140.00394,42.20765],[140.00433,42.20983],[140.00278,42.21104],[140.00287,42.21182],[139.99715,42.21176],[139.99387,42.21204],[139.98067,42.21511],[139.97488,42.21723],[139.96655,42.21976],[139.96509,42.22067],[139.96459,42.22179],[139.965,42.22292],[139.96346,42.22452],[139.96056,42.2245],[139.95835,42.22484],[139.95563,42.22647],[139.95486,42.22719],[139.95357,42.22709],[139.95146,42.22772],[139.94998,42.22734],[139.94867,42.22757],[139.94204,42.2263],[139.94062,42.22566],[139.93925,42.22559],[139.93657,42.22734],[139.93225,42.22796],[139.9313,42.22764],[139.92753,42.22749],[139.9267,42.22787],[139.92594,42.22778],[139.92335,42.22816],[139.92276,42.22788],[139.92083,42.22794],[139.9197,42.22849],[139.91747,42.2296],[139.91415,42.22975],[139.91244,42.23082],[139.90856,42.23111],[139.9076,42.23133],[139.90652,42.232],[139.90605,42.233],[139.90524,42.23329],[139.9041,42.23296],[139.90313,42.2329],[139.90198,42.23353],[139.9002,42.23361],[139.89955,42.23386],[139.89761,42.23322],[139.89704,42.23298],[139.89634,42.23263],[139.89563,42.23254],[139.89488,42.23261],[139.89435,42.23255],[139.8934,42.23231],[139.89298,42.23228],[139.89216,42.23224],[139.89102,42.23225],[139.89012,42.23256],[139.88981,42.23247],[139.88897,42.23228],[139.88755,42.23152],[139.88682,42.23128],[139.88589,42.23117],[139.88314,42.23209],[139.88251,42.23211],[139.88198,42.23195],[139.8808,42.23007],[139.88061,42.22964],[139.87952,42.22912],[139.87895,42.22912],[139.8786,42.22893],[139.8782,42.2282],[139.87732,42.22682],[139.877,42.22647],[139.87624,42.22565],[139.87591,42.22512],[139.87581,42.22436],[139.87545,42.22399],[139.87253,42.22156],[139.8719,42.221],[139.8707,42.22047],[139.87008,42.21992],[139.86999,42.2194],[139.86949,42.21885],[139.86721,42.21674],[139.86702,42.21622],[139.86929,42.21584],[139.87202,42.21439],[139.87465,42.21276],[139.87876,42.20978],[139.87987,42.20876],[139.88076,42.20731],[139.88096,42.20601],[139.88204,42.20479],[139.88078,42.20132],[139.88001,42.19785],[139.88077,42.19592],[139.88036,42.19481],[139.88116,42.19398],[139.8846,42.19413],[139.88521,42.19421],[139.88566,42.19414],[139.88704,42.19431],[139.88849,42.19466],[139.88861,42.19468],[139.88895,42.19456],[139.88927,42.19485],[139.89052,42.19516],[139.89435,42.19778],[139.89492,42.19825],[139.89501,42.19853],[139.89956,42.20054],[139.89992,42.20356],[139.90069,42.20389],[139.90438,42.20192],[139.90584,42.20244],[139.90758,42.20258],[139.91226,42.20208],[139.91413,42.20207],[139.91634,42.20256],[139.91778,42.20336],[139.91925,42.20476],[139.92044,42.20648],[139.92144,42.20888],[139.92236,42.21031],[139.92358,42.21107],[139.9251,42.21134],[139.92767,42.21083],[139.93048,42.2093],[139.93226,42.20895],[139.93386,42.2091],[139.93728,42.2099],[139.94002,42.21006],[139.94136,42.20974],[139.9452,42.20789],[139.94902,42.20645],[139.95371,42.2049],[139.96276,42.20394],[139.96334,42.20448],[139.96572,42.20531],[139.96935,42.20582],[139.97202,42.20463],[139.97269,42.20379],[139.97513,42.2026],[139.97629,42.20092]]]}},{"type":"Feature","properties":{"m":"大成区貝取澗","b":[139.8812,42.1662,139.9628,42.2113],"c":[139.92081,42.19045]},"geometry":{"type":"Polygon","coordinates":[[[139.93428,42.17726],[139.93492,42.17869],[139.9351,42.18007],[139.93474,42.18118],[139.93389,42.18313],[139.9346,42.18374],[139.93569,42.18359],[139.93809,42.18402],[139.94023,42.18535],[139.94099,42.18597],[139.94294,42.1864],[139.94333,42.18686],[139.94341,42.18904],[139.94405,42.18987],[139.94602,42.19016],[139.9493,42.19141],[139.95169,42.19188],[139.95297,42.19267],[139.95362,42.19395],[139.95475,42.19497],[139.95491,42.19607],[139.95561,42.19705],[139.9556,42.19741],[139.95766,42.19919],[139.95951,42.1998],[139.96196,42.20177],[139.96276,42.20394],[139.95371,42.2049],[139.94902,42.20645],[139.9452,42.20789],[139.94136,42.20974],[139.94002,42.21006],[139.93728,42.2099],[139.93386,42.2091],[139.93226,42.20895],[139.93048,42.2093],[139.92767,42.21083],[139.9251,42.21134],[139.92358,42.21107],[139.92236,42.21031],[139.92144,42.20888],[139.92044,42.20648],[139.91925,42.20476],[139.91778,42.20336],[139.91634,42.20256],[139.91413,42.20207],[139.91226,42.20208],[139.90758,42.20258],[139.90584,42.20244],[139.90438,42.20192],[139.90069,42.20389],[139.89992,42.20356],[139.89956,42.20054],[139.89501,42.19853],[139.89492,42.19825],[139.89435,42.19778],[139.89052,42.19516],[139.88927,42.19485],[139.88895,42.19456],[139.88861,42.19468],[139.88849,42.19466],[139.88704,42.19431],[139.88566,42.19414],[139.88521,42.19421],[139.8846,42.19413],[139.88116,42.19398],[139.88205,42.19168],[139.88289,42.19098],[139.88411,42.19092],[139.88568,42.18958],[139.88763,42.1864],[139.88821,42.1862],[139.8909,42.18676],[139.89207,42.18578],[139.89174,42.1847],[139.89252,42.18357],[139.89506,42.18369],[139.89584,42.18296],[139.89573,42.18076],[139.89521,42.17927],[139.89535,42.17792],[139.89617,42.17825],[139.89768,42.17715],[139.89763,42.17615],[139.89619,42.17461],[139.8975,42.17325],[139.89895,42.17261],[139.90085,42.17068],[139.90145,42.16958],[139.90151,42.16819],[139.90033,42.16719],[139.9003,42.16618],[139.90129,42.16669],[139.90303,42.16769],[139.90606,42.1683],[139.90853,42.16841],[139.91482,42.16759],[139.9171,42.16762],[139.92021,42.16862],[139.92204,42.16943],[139.92718,42.17277],[139.93335,42.1771],[139.93431,42.17716],[139.93428,42.17726]]]}},{"type":"Feature","properties":{"m":"大成区長磯","b":[139.9012,42.1354,139.9394,42.1772],"c":[139.92236,42.15803]},"geometry":{"type":"Polygon","coordinates":[[[139.93733,42.17488],[139.93682,42.17596],[139.93564,42.17615],[139.93431,42.17716],[139.93335,42.1771],[139.92718,42.17277],[139.92204,42.16943],[139.92021,42.16862],[139.9171,42.16762],[139.91482,42.16759],[139.90853,42.16841],[139.90606,42.1683],[139.90303,42.16769],[139.90129,42.16669],[139.90118,42.16595],[139.90255,42.1664],[139.9045,42.16633],[139.90539,42.16495],[139.9051,42.1641],[139.90629,42.16272],[139.90587,42.16225],[139.90695,42.16172],[139.90682,42.16052],[139.90784,42.1596],[139.9072,42.15814],[139.90911,42.15806],[139.91036,42.15655],[139.91159,42.15451],[139.91275,42.15362],[139.91303,42.15063],[139.91373,42.14918],[139.91378,42.14789],[139.9158,42.14611],[139.91728,42.14387],[139.91834,42.14311],[139.91807,42.14137],[139.9175,42.14066],[139.91635,42.14036],[139.91751,42.13834],[139.91672,42.13772],[139.91659,42.13643],[139.91753,42.13621],[139.91755,42.13844],[139.9166,42.14003],[139.91758,42.14025],[139.91883,42.13833],[139.91957,42.13834],[139.92116,42.13614],[139.92004,42.13562],[139.92147,42.13538],[139.92347,42.13611],[139.92563,42.1374],[139.9267,42.13863],[139.92927,42.13964],[139.92962,42.14151],[139.92931,42.14223],[139.92983,42.14425],[139.92978,42.14577],[139.93023,42.14623],[139.92964,42.14871],[139.92821,42.14965],[139.9276,42.15102],[139.92817,42.15198],[139.92774,42.15324],[139.92909,42.15452],[139.93128,42.15445],[139.93219,42.15976],[139.93338,42.16075],[139.93404,42.16287],[139.93568,42.16362],[139.93491,42.16434],[139.93496,42.16528],[139.93589,42.16707],[139.93679,42.16797],[139.93872,42.16859],[139.93941,42.16917],[139.9385,42.16995],[139.93826,42.1711],[139.93756,42.17167],[139.93715,42.17392],[139.93733,42.17488]]]}}]}