{"type":"FeatureCollection","features":[{"type":"Feature","properties":{"nm":"田辺市","b":[135.1285,33.5637,135.9823,34.0347],"c":[135.37545,33.70327]},"geometry":{"type":"MultiPolygon","coordinates":[[[[135.37403,33.70454],[135.37376,33.70427],[135.37523,33.70359],[135.37532,33.70305],[135.37417,33.70337],[135.37378,33.70298],[135.37444,33.70292],[135.37502,33.70232],[135.37617,33.70228],[135.37713,33.70267],[135.37672,33.70316],[135.37656,33.70375],[135.37623,33.70392],[135.37584,33.70343],[135.37551,33.70377],[135.37529,33.70452],[135.37496,33.70424],[135.37474,33.70458],[135.37403,33.70454]]],[[[135.37069,33.70901],[135.37098,33.70968],[135.37072,33.70988],[135.37019,33.70894],[135.37069,33.70901]]],[[[135.96415,33.61945],[135.96356,33.61932],[135.96431,33.619],[135.96415,33.61945]]],[[[135.14591,33.85598],[135.14677,33.85571],[135.1468,33.85619],[135.14591,33.85598]]],[[[135.36769,33.70038],[135.36799,33.70093],[135.36758,33.70111],[135.36722,33.70028],[135.36769,33.70038]]],[[[135.13275,34.03149],[135.13214,34.03206],[135.13112,34.03142],[135.13036,34.0314],[135.12964,34.03168],[135.12855,34.03164],[135.12909,34.03103],[135.1297,34.0308],[135.13035,34.03092],[135.131,34.0307],[135.1322,34.03109],[135.13275,34.03149]]],[[[135.93289,33.56377],[135.93319,33.56365],[135.93318,33.56378],[135.93289,33.56377]]],[[[135.95131,33.61395],[135.95096,33.61391],[135.95063,33.61332],[135.95095,33.61325],[135.9516,33.61383],[135.95131,33.61395]]],[[[135.13356,34.03119],[135.1341,34.03154],[135.13365,34.03209],[135.13289,34.03156],[135.13291,34.0312],[135.13356,34.03119]]],[[[135.13526,34.03313],[135.13579,34.03349],[135.13532,34.03381],[135.1348,34.0347],[135.1342,34.03472],[135.13392,34.03443],[135.13486,34.03312],[135.13526,34.03313]]],[[[135.95286,33.61486],[135.95269,33.61556],[135.95212,33.61571],[135.95194,33.61617],[135.95096,33.61498],[135.95111,33.61465],[135.952,33.61485],[135.95231,33.61447],[135.95229,33.61369],[135.95269,33.61328],[135.95321,33.61319],[135.95286,33.61486]]],[[[135.96611,33.61956],[135.96611,33.62023],[135.96588,33.62023],[135.96611,33.61956]]],[[[135.94912,33.63493],[135.94858,33.63498],[135.94848,33.63427],[135.94865,33.63347],[135.94921,33.63429],[135.94964,33.63457],[135.94912,33.63493]]],[[[135.96686,33.62069],[135.96625,33.62048],[135.96635,33.62003],[135.96684,33.62008],[135.96686,33.62069]]],[[[135.96439,33.61988],[135.96485,33.62016],[135.965,33.62063],[135.96468,33.6207],[135.96376,33.62004],[135.96439,33.61988]]],[[[135.98204,33.63557],[135.9823,33.63634],[135.98141,33.63602],[135.98141,33.63566],[135.98204,33.63557]]],[[[135.93107,33.56405],[135.93014,33.56405],[135.93001,33.56381],[135.93115,33.56381],[135.93107,33.56405]]],[[[135.94938,33.63636],[135.94873,33.63628],[135.94905,33.63591],[135.94938,33.63636]]],[[[135.94813,33.63638],[135.94787,33.63623],[135.94837,33.63594],[135.94813,33.63638]]]]}},{"type":"Feature","properties":{"nm":"和歌山市","b":[134.9991,34.1505,135.3153,34.3157],"c":[135.1994,34.24123]},"geometry":{"type":"MultiPolygon","coordinates":[[[[135.16894,34.2297],[135.16929,34.23051],[135.16897,34.22977],[135.16894,34.2297]]],[[[135.17106,34.23875],[135.17157,34.23876],[135.1705,34.23874],[135.17106,34.23875]]],[[[135.17163,34.23418],[135.17164,34.23381],[135.17163,34.23448],[135.17163,34.23418]]],[[[135.15975,34.22885],[135.15962,34.22867],[135.15927,34.22823],[135.1591,34.2281],[135.15904,34.22807],[135.15907,34.228],[135.15899,34.22792],[135.15853,34.2274],[135.15848,34.22733],[135.15832,34.22718],[135.15825,34.2271],[135.15815,34.2269],[135.15832,34.22673],[135.15828,34.22675],[135.1584,34.22663],[135.15868,34.2264],[135.15896,34.22617],[135.15867,34.22582],[135.15853,34.22566],[135.15827,34.22554],[135.15769,34.22541],[135.15723,34.22532],[135.15703,34.2255],[135.15501,34.22444],[135.15465,34.22429],[135.15473,34.22419],[135.15443,34.22411],[135.15269,34.22373],[135.15212,34.2231],[135.15111,34.222],[135.15073,34.22179],[135.1505,34.22179],[135.14815,34.22064],[135.14855,34.22033],[135.14812,34.22011],[135.14836,34.21983],[135.14835,34.2197],[135.14856,34.21956],[135.14793,34.21919],[135.14761,34.21935],[135.14674,34.21952],[135.14667,34.2196],[135.14651,34.21957],[135.14417,34.2181],[135.14413,34.21753],[135.14354,34.21729],[135.14347,34.21726],[135.14345,34.21723],[135.14347,34.21719],[135.14347,34.21718],[135.14428,34.21747],[135.14451,34.21638],[135.14425,34.21634],[135.14459,34.21599],[135.14475,34.21526],[135.1446,34.21473],[135.14428,34.21489],[135.14032,34.2143],[135.14025,34.21392],[135.14011,34.21321],[135.14001,34.21267],[135.13988,34.21205],[135.14453,34.2121],[135.14458,34.21046],[135.14448,34.2101],[135.14144,34.20861],[135.14343,34.20261],[135.14516,34.20262],[135.14527,34.20058],[135.15009,34.20026],[135.15009,34.19727],[135.15009,34.19679],[135.15008,34.19544],[135.14978,34.19507],[135.15034,34.19485],[135.15024,34.19478],[135.14781,34.19451],[135.14705,34.19457],[135.14666,34.19487],[135.14543,34.19582],[135.14533,34.19624],[135.14532,34.19578],[135.14371,34.19537],[135.14275,34.19514],[135.14234,34.19634],[135.1451,34.19707],[135.14471,34.1985],[135.14093,34.20217],[135.13702,34.20123],[135.13952,34.19404],[135.13949,34.19403],[135.13944,34.19399],[135.13939,34.19388],[135.13936,34.19381],[135.13946,34.19378],[135.13944,34.19368],[135.13942,34.1935],[135.13943,34.19347],[135.13968,34.19333],[135.13985,34.1932],[135.14008,34.19317],[135.14021,34.19314],[135.14041,34.19303],[135.14038,34.19301],[135.14036,34.19302],[135.14031,34.19301],[135.14023,34.19292],[135.14023,34.19284],[135.14037,34.19273],[135.14035,34.19271],[135.14048,34.1926],[135.14044,34.19257],[135.14056,34.19248],[135.14063,34.19253],[135.14078,34.19233],[135.14068,34.19217],[135.14069,34.19216],[135.14075,34.19214],[135.14076,34.19207],[135.14069,34.1919],[135.14072,34.19187],[135.14075,34.19185],[135.14078,34.19159],[135.14073,34.19148],[135.14054,34.19126],[135.14029,34.19131],[135.14009,34.19128],[135.13997,34.1912],[135.13991,34.1911],[135.13991,34.19099],[135.13969,34.1909],[135.13966,34.19091],[135.13944,34.19098],[135.13937,34.19096],[135.13935,34.19093],[135.1393,34.19073],[135.13925,34.1907],[135.13887,34.1907],[135.13884,34.19069],[135.13878,34.19066],[135.13868,34.19062],[135.13864,34.19059],[135.13853,34.19053],[135.1385,34.19046],[135.1387,34.19011],[135.13877,34.19012],[135.13892,34.19007],[135.13902,34.19012],[135.13918,34.19016],[135.1392,34.19015],[135.13939,34.19013],[135.13942,34.19014],[135.13957,34.19026],[135.13957,34.1903],[135.13961,34.19028],[135.13983,34.19028],[135.13991,34.19023],[135.14002,34.19024],[135.14002,34.19026],[135.14003,34.19029],[135.14004,34.19032],[135.14001,34.19036],[135.14003,34.19035],[135.14021,34.19034],[135.14022,34.19032],[135.14027,34.19032],[135.14038,34.19038],[135.14033,34.19027],[135.14033,34.19014],[135.14035,34.18994],[135.14028,34.18995],[135.14027,34.18994],[135.1402,34.18985],[135.14016,34.18984],[135.14014,34.18976],[135.13999,34.18973],[135.13981,34.18973],[135.13953,34.18972],[135.13957,34.18966],[135.13958,34.18964],[135.13961,34.18958],[135.13954,34.18948],[135.13952,34.18936],[135.13952,34.18933],[135.13962,34.18929],[135.13978,34.18931],[135.13981,34.1893],[135.14001,34.18929],[135.14003,34.18931],[135.14013,34.18934],[135.14019,34.18945],[135.14025,34.18947],[135.14023,34.18944],[135.14041,34.18944],[135.14041,34.18942],[135.14041,34.18939],[135.14041,34.18929],[135.14043,34.18922],[135.14042,34.18917],[135.14037,34.18914],[135.14027,34.18902],[135.14026,34.189],[135.14017,34.18888],[135.14016,34.1888],[135.14005,34.18882],[135.13998,34.1888],[135.13994,34.18877],[135.13985,34.18863],[135.13984,34.1886],[135.13991,34.18843],[135.14007,34.18828],[135.14009,34.18824],[135.14013,34.18806],[135.14026,34.18791],[135.14045,34.18784],[135.14048,34.18785],[135.14065,34.1879],[135.14081,34.18794],[135.14089,34.18795],[135.14096,34.18798],[135.14099,34.18798],[135.14095,34.18784],[135.14105,34.18775],[135.14109,34.18778],[135.14141,34.18779],[135.14143,34.18776],[135.14139,34.18767],[135.14136,34.18764],[135.14131,34.18759],[135.14133,34.1875],[135.14142,34.18748],[135.14156,34.18742],[135.14156,34.18739],[135.14158,34.18731],[135.14167,34.1873],[135.14172,34.1873],[135.1418,34.18731],[135.14219,34.18734],[135.1422,34.18733],[135.14214,34.18732],[135.14209,34.18732],[135.14203,34.18728],[135.1421,34.18721],[135.14203,34.18722],[135.142,34.18722],[135.14194,34.1872],[135.14191,34.18716],[135.14191,34.18714],[135.14203,34.18706],[135.1421,34.18698],[135.14214,34.18699],[135.14238,34.18719],[135.14231,34.18723],[135.14227,34.18724],[135.14236,34.18727],[135.14243,34.18728],[135.14247,34.18724],[135.14249,34.18724],[135.14251,34.18724],[135.1427,34.18725],[135.14256,34.18716],[135.14263,34.18713],[135.14269,34.18715],[135.1428,34.18716],[135.14282,34.18716],[135.143,34.18724],[135.14363,34.18713],[135.14576,34.18663],[135.14614,34.18651],[135.1458,34.18673],[135.14565,34.18677],[135.14777,34.18821],[135.14803,34.18831],[135.14811,34.18824],[135.14865,34.18771],[135.14854,34.18729],[135.14848,34.18717],[135.14803,34.18615],[135.14796,34.18605],[135.14789,34.1861],[135.14791,34.18615],[135.14789,34.18618],[135.14753,34.18628],[135.14713,34.18627],[135.14705,34.18623],[135.147,34.18617],[135.14702,34.18614],[135.14704,34.18612],[135.14701,34.18612],[135.14699,34.18611],[135.14698,34.1861],[135.14696,34.18604],[135.14694,34.18599],[135.14709,34.18605],[135.1471,34.18604],[135.14719,34.18598],[135.14725,34.18597],[135.14761,34.18577],[135.14771,34.18579],[135.14771,34.1858],[135.14774,34.18586],[135.14775,34.18588],[135.14783,34.18594],[135.14775,34.18586],[135.14775,34.1858],[135.14777,34.1858],[135.14778,34.18566],[135.14787,34.18557],[135.14788,34.18555],[135.14788,34.18551],[135.14786,34.18544],[135.14787,34.18541],[135.14789,34.1853],[135.14782,34.18531],[135.1478,34.1853],[135.14769,34.18505],[135.14784,34.18496],[135.14786,34.18495],[135.14807,34.18496],[135.14808,34.1848],[135.14808,34.18476],[135.14814,34.18477],[135.14823,34.18468],[135.14822,34.18464],[135.14809,34.18463],[135.14794,34.18453],[135.14793,34.18447],[135.14805,34.18438],[135.14808,34.18437],[135.14818,34.18441],[135.14825,34.18435],[135.14822,34.18421],[135.14796,34.18421],[135.14779,34.18423],[135.14775,34.18421],[135.14776,34.18408],[135.14774,34.18403],[135.14772,34.18399],[135.14744,34.18392],[135.14742,34.18389],[135.14745,34.18373],[135.14746,34.18357],[135.14745,34.18352],[135.14744,34.18349],[135.14742,34.18345],[135.14744,34.18343],[135.14745,34.18342],[135.14756,34.18339],[135.14764,34.18321],[135.14762,34.1831],[135.1476,34.18304],[135.14765,34.18279],[135.1478,34.18262],[135.14799,34.18254],[135.14821,34.18249],[135.14829,34.18234],[135.1484,34.18234],[135.14841,34.18235],[135.14846,34.1824],[135.1486,34.18245],[135.14867,34.18251],[135.14875,34.18266],[135.14873,34.18274],[135.14872,34.18276],[135.14881,34.18288],[135.14899,34.18322],[135.14893,34.1833],[135.14898,34.18342],[135.14897,34.18345],[135.14894,34.18351],[135.14902,34.18361],[135.15097,34.18363],[135.15246,34.18337],[135.15317,34.18302],[135.15339,34.18338],[135.15364,34.18362],[135.15409,34.18391],[135.15425,34.18386],[135.15455,34.18391],[135.15451,34.18397],[135.15453,34.18396],[135.15455,34.18398],[135.15474,34.18453],[135.15554,34.18466],[135.15561,34.18463],[135.15612,34.18469],[135.15626,34.1847],[135.15647,34.1846],[135.15662,34.18459],[135.15686,34.18508],[135.15747,34.18543],[135.15764,34.18528],[135.15767,34.18563],[135.1579,34.18604],[135.15809,34.18607],[135.15825,34.1862],[135.1583,34.18618],[135.15837,34.18616],[135.15845,34.1862],[135.15845,34.18623],[135.15836,34.1863],[135.15842,34.18631],[135.15835,34.18636],[135.15846,34.18642],[135.15853,34.18648],[135.15881,34.18672],[135.15916,34.18672],[135.15936,34.18672],[135.15963,34.18674],[135.15968,34.18671],[135.15983,34.18667],[135.15989,34.18671],[135.15997,34.18682],[135.16106,34.18552],[135.16161,34.18531],[135.16213,34.1851],[135.16111,34.18562],[135.16039,34.18645],[135.16025,34.1872],[135.16116,34.18745],[135.16181,34.18669],[135.16252,34.1871],[135.16216,34.18755],[135.16305,34.18793],[135.16337,34.18757],[135.16394,34.1878],[135.16457,34.18743],[135.16631,34.18641],[135.16643,34.18634],[135.1656,34.18545],[135.16431,34.18631],[135.16559,34.18539],[135.16689,34.18645],[135.16721,34.18664],[135.16772,34.18629],[135.16812,34.18579],[135.16853,34.18546],[135.1693,34.18465],[135.16942,34.18438],[135.16957,34.18427],[135.16934,34.18393],[135.16934,34.18385],[135.16935,34.18379],[135.16965,34.18327],[135.17003,34.18251],[135.17018,34.18239],[135.17063,34.18186],[135.17124,34.18219],[135.17144,34.18196],[135.17224,34.18137],[135.17253,34.18095],[135.17279,34.18024],[135.17282,34.18014],[135.1729,34.18],[135.17294,34.17997],[135.17304,34.17989],[135.17311,34.17971],[135.17314,34.17968],[135.17339,34.17954],[135.17347,34.1795],[135.17398,34.17908],[135.17422,34.17877],[135.17447,34.17832],[135.1745,34.17821],[135.17455,34.178],[135.17459,34.17773],[135.17461,34.17757],[135.17414,34.17727],[135.17484,34.17743],[135.17491,34.17741],[135.17529,34.17734],[135.17537,34.17728],[135.17567,34.17699],[135.17585,34.17671],[135.17638,34.17591],[135.17651,34.17566],[135.17679,34.17526],[135.17698,34.17491],[135.17733,34.17445],[135.17767,34.17392],[135.17767,34.17383],[135.17768,34.17377],[135.17773,34.17378],[135.17775,34.17377],[135.1778,34.1737],[135.17805,34.17321],[135.17802,34.17314],[135.17832,34.17276],[135.17851,34.17233],[135.17867,34.17211],[135.17879,34.17174],[135.17887,34.1716],[135.17899,34.17151],[135.17931,34.17085],[135.17985,34.16997],[135.17992,34.16987],[135.18014,34.16979],[135.18013,34.16982],[135.18015,34.16987],[135.1801,34.16997],[135.17992,34.17035],[135.17954,34.17091],[135.17874,34.17261],[135.17855,34.17288],[135.17845,34.17298],[135.17842,34.17306],[135.17844,34.17317],[135.17845,34.17322],[135.17833,34.17334],[135.17829,34.17341],[135.17833,34.17344],[135.17826,34.17351],[135.17826,34.17353],[135.17818,34.17384],[135.17764,34.17492],[135.17747,34.17514],[135.177,34.17599],[135.17612,34.17755],[135.17568,34.17832],[135.17567,34.17838],[135.17542,34.17877],[135.17392,34.18141],[135.17383,34.18193],[135.1721,34.18376],[135.17226,34.18476],[135.17261,34.18595],[135.17275,34.1861],[135.17275,34.18612],[135.17273,34.18615],[135.17329,34.18694],[135.17342,34.1869],[135.17349,34.18695],[135.1735,34.187],[135.1735,34.18702],[135.17344,34.18707],[135.17345,34.1874],[135.17369,34.18741],[135.17382,34.18741],[135.1739,34.18741],[135.17399,34.18731],[135.17401,34.18729],[135.17407,34.1873],[135.17474,34.18734],[135.17482,34.18769],[135.17483,34.18773],[135.17408,34.18776],[135.17388,34.18745],[135.17381,34.18745],[135.17369,34.18744],[135.17344,34.18753],[135.17341,34.18767],[135.17352,34.18798],[135.17345,34.18804],[135.17363,34.18825],[135.17375,34.18828],[135.17485,34.18807],[135.17572,34.18791],[135.17667,34.18773],[135.17667,34.18772],[135.17684,34.18769],[135.17847,34.18738],[135.17865,34.18767],[135.17868,34.18776],[135.17936,34.18753],[135.17941,34.18769],[135.1802,34.18742],[135.18009,34.18711],[135.17943,34.18522],[135.17954,34.18511],[135.18121,34.18512],[135.18126,34.18487],[135.18133,34.1845],[135.18022,34.18432],[135.17982,34.18403],[135.17903,34.18364],[135.17896,34.18359],[135.17892,34.18349],[135.17887,34.18313],[135.17824,34.18236],[135.17821,34.18236],[135.17817,34.18227],[135.17764,34.18114],[135.17763,34.17999],[135.17768,34.17943],[135.17772,34.17922],[135.17773,34.17921],[135.17771,34.1792],[135.17787,34.17875],[135.17787,34.17872],[135.17792,34.17867],[135.1783,34.17796],[135.17874,34.17713],[135.17885,34.17694],[135.17993,34.17493],[135.18003,34.17474],[135.18013,34.17455],[135.18098,34.17319],[135.18105,34.17306],[135.18189,34.17208],[135.18202,34.17186],[135.18232,34.17062],[135.18236,34.17052],[135.18246,34.16921],[135.18246,34.16913],[135.18234,34.16917],[135.18228,34.1692],[135.18208,34.16906],[135.18201,34.16904],[135.18196,34.16904],[135.18184,34.16899],[135.18197,34.16885],[135.182,34.16871],[135.18195,34.16736],[135.18211,34.1667],[135.18219,34.16627],[135.18235,34.16589],[135.18256,34.16287],[135.18291,34.16042],[135.18258,34.16026],[135.18023,34.15912],[135.18014,34.15904],[135.17731,34.15897],[135.17731,34.15873],[135.17711,34.15897],[135.17635,34.15897],[135.17635,34.15924],[135.17629,34.15789],[135.17878,34.1579],[135.17881,34.15533],[135.17908,34.15537],[135.17915,34.1554],[135.17917,34.1553],[135.17911,34.15528],[135.17897,34.15525],[135.17881,34.15511],[135.17762,34.1551],[135.1771,34.15514],[135.17711,34.15523],[135.17708,34.15514],[135.17709,34.15514],[135.17642,34.1551],[135.1764,34.15699],[135.17629,34.15706],[135.17587,34.15697],[135.17587,34.1558],[135.17446,34.1558],[135.17522,34.15798],[135.1755,34.15881],[135.17555,34.15908],[135.17556,34.15935],[135.17555,34.15963],[135.17554,34.15984],[135.17552,34.15987],[135.17542,34.1599],[135.17539,34.15989],[135.17538,34.15988],[135.17535,34.15986],[135.17534,34.15984],[135.17533,34.15978],[135.17537,34.15974],[135.1754,34.15947],[135.17541,34.15921],[135.17535,34.15882],[135.17521,34.15839],[135.17311,34.15235],[135.17242,34.15047],[135.17259,34.15052],[135.17396,34.15434],[135.17542,34.15399],[135.17499,34.15276],[135.17465,34.15277],[135.18152,34.15076],[135.18151,34.15249],[135.18192,34.15249],[135.18194,34.15083],[135.18241,34.15058],[135.18316,34.15092],[135.18333,34.15116],[135.18459,34.15475],[135.18451,34.15506],[135.1843,34.15524],[135.18416,34.1553],[135.18258,34.15576],[135.18203,34.15576],[135.18223,34.15589],[135.182,34.15601],[135.18168,34.15625],[135.18159,34.15633],[135.1813,34.15671],[135.18125,34.15786],[135.18121,34.15895],[135.1812,34.15896],[135.18118,34.15897],[135.18029,34.15898],[135.18145,34.15958],[135.18293,34.16027],[135.1834,34.16015],[135.18349,34.15968],[135.18351,34.1596],[135.18345,34.15927],[135.18343,34.15927],[135.18338,34.15924],[135.18329,34.15915],[135.18308,34.15902],[135.18306,34.15898],[135.18291,34.15897],[135.18287,34.15892],[135.18275,34.15886],[135.18274,34.15885],[135.18275,34.15883],[135.18286,34.15887],[135.18289,34.15884],[135.1828,34.15877],[135.18265,34.15874],[135.18265,34.15873],[135.18276,34.15873],[135.18278,34.15872],[135.18277,34.15865],[135.1828,34.15861],[135.1827,34.15856],[135.18267,34.15851],[135.18266,34.15847],[135.18264,34.15844],[135.18268,34.15836],[135.18269,34.1583],[135.18266,34.1582],[135.18275,34.15819],[135.18277,34.15816],[135.18277,34.15808],[135.18283,34.15794],[135.1829,34.15793],[135.18291,34.15794],[135.18304,34.15793],[135.18323,34.15791],[135.18335,34.15795],[135.18376,34.15754],[135.1844,34.15707],[135.18683,34.15648],[135.1898,34.15755],[135.19143,34.15871],[135.19179,34.15895],[135.19342,34.16028],[135.19352,34.16049],[135.19315,34.1616],[135.194,34.16354],[135.19629,34.16432],[135.19713,34.16478],[135.19851,34.16508],[135.19903,34.16541],[135.19974,34.16555],[135.20083,34.16589],[135.20236,34.16667],[135.20296,34.16725],[135.20399,34.16754],[135.20403,34.16807],[135.20351,34.16858],[135.20339,34.16941],[135.20384,34.17051],[135.20313,34.17149],[135.20335,34.17179],[135.20243,34.1728],[135.20229,34.17328],[135.20517,34.17347],[135.20575,34.17366],[135.20663,34.17365],[135.20768,34.17344],[135.20954,34.17337],[135.20943,34.17321],[135.21014,34.17317],[135.21145,34.17338],[135.21184,34.17385],[135.21298,34.17389],[135.21382,34.17352],[135.21536,34.17427],[135.21565,34.17466],[135.21733,34.17525],[135.21711,34.17554],[135.21851,34.17553],[135.21959,34.17556],[135.22053,34.17558],[135.22082,34.17559],[135.22256,34.17501],[135.22398,34.17466],[135.2259,34.17459],[135.22678,34.17474],[135.22695,34.17547],[135.22701,34.17667],[135.22684,34.17682],[135.22684,34.177],[135.22689,34.17722],[135.2269,34.17731],[135.22689,34.178],[135.22688,34.17816],[135.22682,34.17824],[135.22688,34.17831],[135.22714,34.17849],[135.22733,34.17856],[135.22744,34.17897],[135.22774,34.17911],[135.22777,34.17912],[135.22814,34.17915],[135.22927,34.1792],[135.22972,34.17888],[135.2308,34.17892],[135.23179,34.17935],[135.23376,34.17872],[135.23335,34.17972],[135.23367,34.18039],[135.23448,34.1804],[135.23455,34.1809],[135.23553,34.18072],[135.23654,34.1813],[135.23838,34.18173],[135.23964,34.18188],[135.24,34.1819],[135.24046,34.18192],[135.24101,34.18266],[135.24156,34.183],[135.24228,34.18263],[135.24231,34.18241],[135.24251,34.18209],[135.24266,34.18199],[135.24299,34.18209],[135.24354,34.18234],[135.24409,34.18209],[135.24469,34.18222],[135.24489,34.18227],[135.24506,34.18214],[135.24533,34.18147],[135.24587,34.18122],[135.24659,34.18099],[135.24701,34.18086],[135.24772,34.18083],[135.24851,34.18126],[135.24929,34.18101],[135.24978,34.18082],[135.2495,34.18049],[135.24948,34.18012],[135.25036,34.18077],[135.25083,34.18065],[135.25126,34.18084],[135.25132,34.18162],[135.25201,34.18107],[135.25325,34.18096],[135.25415,34.18018],[135.255,34.17816],[135.25619,34.17775],[135.25732,34.17783],[135.25852,34.17813],[135.25949,34.17734],[135.26056,34.17711],[135.26102,34.17795],[135.26176,34.17801],[135.26212,34.17767],[135.26312,34.17741],[135.26344,34.17706],[135.26446,34.17713],[135.26524,34.17653],[135.26584,34.1758],[135.26759,34.17576],[135.2689,34.17603],[135.26941,34.17638],[135.26998,34.17621],[135.27003,34.17587],[135.27101,34.17609],[135.27146,34.17646],[135.27239,34.17597],[135.27395,34.17604],[135.2748,34.17623],[135.27647,34.17572],[135.27722,34.17577],[135.27741,34.1766],[135.27892,34.17727],[135.2796,34.17711],[135.28,34.17762],[135.28102,34.17793],[135.28214,34.1785],[135.28328,34.17856],[135.28428,34.17842],[135.28512,34.17859],[135.28518,34.1789],[135.28468,34.17998],[135.284,34.18026],[135.28387,34.1806],[135.28421,34.18116],[135.28467,34.1813],[135.28506,34.18156],[135.28484,34.18282],[135.28362,34.18366],[135.28361,34.18417],[135.28307,34.18443],[135.28246,34.18552],[135.28193,34.18563],[135.28121,34.18509],[135.28073,34.18501],[135.28012,34.18545],[135.27909,34.18517],[135.27846,34.18636],[135.27779,34.18683],[135.27774,34.18833],[135.2784,34.18969],[135.27823,34.19041],[135.27836,34.19084],[135.27882,34.19117],[135.27961,34.19134],[135.27992,34.19217],[135.28054,34.19245],[135.28127,34.19351],[135.28179,34.19356],[135.28228,34.19442],[135.2824,34.19533],[135.28319,34.19579],[135.28399,34.19675],[135.28453,34.19708],[135.28436,34.19764],[135.28456,34.19797],[135.28404,34.19878],[135.28409,34.19944],[135.28367,34.20028],[135.28393,34.20085],[135.28367,34.20301],[135.28393,34.20324],[135.28449,34.20288],[135.28458,34.20244],[135.28529,34.20271],[135.28432,34.20312],[135.28366,34.20375],[135.28498,34.2043],[135.28401,34.20427],[135.28394,34.20472],[135.2834,34.2054],[135.28325,34.20517],[135.28351,34.20414],[135.2832,34.20359],[135.28278,34.20369],[135.28118,34.20357],[135.28279,34.20375],[135.28264,34.20426],[135.28256,34.20456],[135.28255,34.205],[135.28257,34.20519],[135.28258,34.20527],[135.28251,34.20592],[135.28219,34.20626],[135.28177,34.20677],[135.28175,34.20691],[135.28157,34.20729],[135.28094,34.20724],[135.28073,34.20741],[135.28056,34.20749],[135.28027,34.20751],[135.28012,34.20753],[135.28,34.20767],[135.28014,34.20873],[135.2803,34.20912],[135.28031,34.20923],[135.28021,34.20957],[135.28019,34.20975],[135.28033,34.2101],[135.28058,34.21071],[135.28088,34.21143],[135.28099,34.21185],[135.28119,34.21254],[135.28138,34.21309],[135.28129,34.21348],[135.28047,34.2137],[135.28018,34.21391],[135.27991,34.21405],[135.27931,34.21419],[135.27821,34.21459],[135.27807,34.21478],[135.27756,34.21552],[135.27749,34.21574],[135.27732,34.21611],[135.27695,34.2162],[135.27617,34.21633],[135.27543,34.21652],[135.27507,34.21676],[135.2747,34.21718],[135.27494,34.21769],[135.27488,34.21923],[135.27466,34.22057],[135.27435,34.22211],[135.27585,34.22251],[135.27637,34.22313],[135.27734,34.22324],[135.27853,34.22415],[135.27924,34.22425],[135.27995,34.22467],[135.28084,34.22491],[135.28162,34.22551],[135.28272,34.22612],[135.28294,34.22717],[135.28395,34.2278],[135.28487,34.22802],[135.28528,34.22945],[135.28576,34.22946],[135.28766,34.22867],[135.28798,34.22881],[135.28877,34.22924],[135.28901,34.22937],[135.28926,34.22959],[135.28946,34.22959],[135.28985,34.22961],[135.29034,34.22966],[135.29079,34.23039],[135.29162,34.23079],[135.29238,34.23153],[135.2932,34.23187],[135.29427,34.23161],[135.29535,34.23115],[135.29671,34.23131],[135.29798,34.23215],[135.29943,34.23308],[135.3004,34.23357],[135.30098,34.23541],[135.30171,34.23626],[135.30318,34.23652],[135.30375,34.23631],[135.30538,34.23652],[135.30572,34.23719],[135.30629,34.23759],[135.30751,34.23797],[135.3084,34.23776],[135.30914,34.23819],[135.30903,34.239],[135.30961,34.23889],[135.31081,34.23842],[135.31117,34.23794],[135.31269,34.23769],[135.31301,34.23748],[135.31407,34.23736],[135.31484,34.23904],[135.31529,34.23967],[135.3141,34.24011],[135.31331,34.24055],[135.31395,34.24186],[135.31403,34.24264],[135.31447,34.24281],[135.31405,34.24365],[135.31329,34.2439],[135.31265,34.24388],[135.3125,34.24417],[135.31347,34.24495],[135.31316,34.24595],[135.31243,34.2452],[135.31223,34.24559],[135.31133,34.24625],[135.31162,34.2473],[135.31141,34.24751],[135.3106,34.24715],[135.30969,34.2474],[135.30885,34.24814],[135.30919,34.24835],[135.30879,34.24873],[135.30738,34.24886],[135.3082,34.25191],[135.30799,34.25242],[135.30455,34.25347],[135.30356,34.25386],[135.30183,34.25433],[135.29713,34.25505],[135.29532,34.25518],[135.29372,34.25493],[135.2919,34.25485],[135.29122,34.2547],[135.28994,34.25475],[135.28489,34.25509],[135.28245,34.25483],[135.28091,34.25487],[135.28009,34.25483],[135.27774,34.25452],[135.2723,34.25396],[135.27226,34.2571],[135.27146,34.25732],[135.27303,34.25848],[135.27269,34.25874],[135.27354,34.25998],[135.27318,34.26014],[135.27385,34.26207],[135.27545,34.26361],[135.27562,34.26431],[135.27502,34.26494],[135.27536,34.26571],[135.27612,34.26629],[135.2766,34.26714],[135.2772,34.26759],[135.27561,34.26818],[135.27606,34.2691],[135.27607,34.26974],[135.27651,34.27017],[135.27679,34.27135],[135.27369,34.27152],[135.27405,34.27273],[135.27476,34.27457],[135.27488,34.27537],[135.27551,34.27666],[135.27589,34.27805],[135.27588,34.27859],[135.27632,34.279],[135.2758,34.28036],[135.27524,34.2808],[135.27505,34.28151],[135.27491,34.28183],[135.27528,34.28215],[135.27495,34.28285],[135.2747,34.28424],[135.27411,34.28456],[135.27375,34.28572],[135.27297,34.28732],[135.27282,34.28882],[135.27219,34.28926],[135.27104,34.2906],[135.27038,34.29106],[135.27079,34.29262],[135.27131,34.29348],[135.27265,34.29539],[135.27307,34.29672],[135.27298,34.29762],[135.27212,34.29932],[135.27197,34.3005],[135.27208,34.30162],[135.27146,34.30226],[135.2712,34.30332],[135.27068,34.30334],[135.27012,34.30302],[135.26983,34.30317],[135.26937,34.30412],[135.2694,34.30518],[135.27037,34.30617],[135.27032,34.3079],[135.27043,34.30863],[135.27014,34.31068],[135.27079,34.31126],[135.27107,34.31186],[135.27083,34.31203],[135.27005,34.31169],[135.27025,34.31228],[135.26835,34.31205],[135.26654,34.3122],[135.26447,34.31321],[135.26411,34.31306],[135.26301,34.31308],[135.26186,34.31225],[135.26068,34.31352],[135.25984,34.31421],[135.25835,34.31519],[135.25799,34.31557],[135.2569,34.3154],[135.25602,34.3157],[135.25527,34.31544],[135.25429,34.31569],[135.2536,34.31522],[135.25301,34.31514],[135.25284,34.31475],[135.25189,34.3148],[135.24997,34.31438],[135.24899,34.3143],[135.24824,34.31288],[135.24773,34.31283],[135.24666,34.31309],[135.24573,34.31182],[135.24487,34.3115],[135.24447,34.31094],[135.24383,34.31049],[135.24351,34.30998],[135.24263,34.31004],[135.24227,34.30922],[135.24168,34.30911],[135.24108,34.30839],[135.24063,34.30842],[135.23993,34.30793],[135.23927,34.30774],[135.23846,34.30719],[135.23818,34.30654],[135.23756,34.30613],[135.23602,34.30549],[135.23597,34.30489],[135.23531,34.30389],[135.23557,34.30357],[135.22481,34.30092],[135.22435,34.30179],[135.22309,34.30287],[135.22267,34.30345],[135.22175,34.304],[135.221,34.30415],[135.22064,34.30466],[135.21797,34.30525],[135.21582,34.30506],[135.21247,34.30644],[135.2118,34.30635],[135.2106,34.30686],[135.20949,34.30793],[135.20863,34.30796],[135.20874,34.30684],[135.20826,34.30588],[135.20889,34.30424],[135.20867,34.30301],[135.20824,34.30238],[135.2079,34.30226],[135.20678,34.30095],[135.20546,34.3003],[135.20549,34.29947],[135.20502,34.29909],[135.20439,34.29778],[135.20466,34.29702],[135.2052,34.29632],[135.20483,34.29546],[135.20495,34.29483],[135.20469,34.29417],[135.20489,34.29359],[135.20469,34.29333],[135.20482,34.29177],[135.20516,34.29145],[135.20451,34.29045],[135.20537,34.2883],[135.20447,34.28793],[135.20325,34.288],[135.20287,34.28748],[135.2016,34.28822],[135.2004,34.28758],[135.19948,34.2874],[135.1989,34.28808],[135.19843,34.28804],[135.19717,34.28645],[135.1968,34.28643],[135.19653,34.28598],[135.19609,34.28591],[135.19497,34.28651],[135.19472,34.28684],[135.1941,34.28678],[135.19378,34.28704],[135.19164,34.28639],[135.19083,34.28496],[135.19021,34.28333],[135.18978,34.28281],[135.18908,34.28277],[135.18814,34.28321],[135.18657,34.28228],[135.18553,34.2813],[135.18474,34.28089],[135.18494,34.28072],[135.18483,34.27964],[135.18431,34.27883],[135.18364,34.27865],[135.18223,34.27943],[135.18152,34.27938],[135.1808,34.27989],[135.17989,34.27975],[135.17956,34.27916],[135.1788,34.27888],[135.17793,34.27903],[135.17757,34.27952],[135.17667,34.27989],[135.17612,34.27955],[135.17512,34.27996],[135.17379,34.2799],[135.17328,34.28023],[135.17269,34.28007],[135.17228,34.28059],[135.17166,34.28074],[135.17001,34.2799],[135.16955,34.28026],[135.16917,34.28012],[135.16688,34.27989],[135.16646,34.27964],[135.1664,34.27917],[135.1658,34.27872],[135.16322,34.27867],[135.16283,34.2782],[135.16205,34.27787],[135.1608,34.27744],[135.16022,34.27788],[135.15858,34.27671],[135.15784,34.27717],[135.15651,34.27652],[135.15575,34.27555],[135.15453,34.2746],[135.15375,34.27419],[135.15286,34.2745],[135.15206,34.27429],[135.15247,34.27529],[135.15329,34.27527],[135.15397,34.27709],[135.15319,34.27939],[135.15456,34.28034],[135.15489,34.28089],[135.1548,34.28125],[135.154,34.28119],[135.15374,34.28195],[135.15327,34.2824],[135.15236,34.28201],[135.15108,34.28203],[135.1507,34.28235],[135.14884,34.28298],[135.14829,34.28386],[135.14682,34.28386],[135.14558,34.28246],[135.1448,34.28179],[135.14355,34.28096],[135.14334,34.28042],[135.14276,34.28026],[135.14245,34.28073],[135.1413,34.28162],[135.1406,34.28162],[135.14008,34.28191],[135.13946,34.2814],[135.1393,34.28059],[135.13994,34.28012],[135.13964,34.27939],[135.13921,34.2791],[135.13863,34.27826],[135.1388,34.27762],[135.13837,34.27649],[135.13793,34.27628],[135.1377,34.27514],[135.13812,34.27458],[135.13782,34.27408],[135.13701,34.27355],[135.13581,34.2735],[135.13526,34.2731],[135.1348,34.27315],[135.13266,34.27261],[135.13207,34.27193],[135.13162,34.27234],[135.13108,34.27216],[135.1303,34.2731],[135.13016,34.27372],[135.12962,34.2739],[135.12952,34.27451],[135.129,34.27499],[135.12945,34.27582],[135.12845,34.27642],[135.12757,34.27637],[135.12641,34.27662],[135.12588,34.27739],[135.12529,34.27724],[135.12493,34.27658],[135.12388,34.27646],[135.12321,34.27565],[135.12277,34.27487],[135.12235,34.2747],[135.12158,34.2749],[135.1207,34.27361],[135.11998,34.27371],[135.11897,34.27316],[135.11693,34.27314],[135.11666,34.27357],[135.11567,34.2741],[135.11503,34.27407],[135.1139,34.27447],[135.11302,34.27372],[135.112,34.27351],[135.11173,34.27307],[135.11192,34.27225],[135.11136,34.27154],[135.11108,34.2722],[135.10986,34.27285],[135.11029,34.27335],[135.10984,34.27412],[135.10949,34.2743],[135.10919,34.27515],[135.1085,34.27632],[135.10863,34.27708],[135.10843,34.27765],[135.10728,34.27821],[135.10731,34.27954],[135.10804,34.28026],[135.10816,34.28117],[135.1085,34.28153],[135.10891,34.28282],[135.10828,34.28431],[135.10759,34.2844],[135.10687,34.28426],[135.10562,34.28438],[135.10434,34.2841],[135.10366,34.28376],[135.10381,34.28436],[135.10499,34.28468],[135.10509,34.28529],[135.10421,34.28548],[135.10308,34.28641],[135.10258,34.2863],[135.1019,34.28581],[135.10135,34.2859],[135.10124,34.28699],[135.10035,34.2875],[135.09976,34.2888],[135.09901,34.28891],[135.09871,34.28918],[135.099,34.28985],[135.09886,34.291],[135.0994,34.29129],[135.10017,34.29243],[135.09971,34.29284],[135.09936,34.29362],[135.09941,34.29414],[135.09907,34.29476],[135.09807,34.29547],[135.09793,34.2958],[135.09682,34.29587],[135.09675,34.29705],[135.0974,34.29731],[135.09765,34.29807],[135.09801,34.29834],[135.09802,34.29881],[135.0991,34.29895],[135.10063,34.29977],[135.10112,34.30075],[135.10167,34.301],[135.10244,34.3017],[135.10331,34.30185],[135.10349,34.30239],[135.10432,34.30327],[135.1044,34.30407],[135.10467,34.30447],[135.1054,34.30481],[135.10641,34.3059],[135.10619,34.30719],[135.10619,34.30813],[135.10596,34.30895],[135.10558,34.30914],[135.10466,34.30904],[135.10484,34.3095],[135.10457,34.30993],[135.10386,34.30973],[135.10334,34.30981],[135.10322,34.31021],[135.10353,34.3112],[135.10231,34.3108],[135.10168,34.3099],[135.10044,34.30935],[135.1,34.30966],[135.09913,34.30912],[135.09844,34.30899],[135.09795,34.30861],[135.09777,34.30798],[135.09684,34.30802],[135.09623,34.3089],[135.09463,34.31037],[135.09418,34.311],[135.09329,34.31164],[135.09295,34.31129],[135.09175,34.31074],[135.08931,34.30926],[135.08806,34.3078],[135.08731,34.30738],[135.08416,34.30642],[135.08316,34.3065],[135.08118,34.30742],[135.08135,34.30754],[135.07974,34.30821],[135.07854,34.30797],[135.0782,34.30725],[135.07778,34.30701],[135.07667,34.30746],[135.07598,34.3067],[135.07528,34.30626],[135.07413,34.30522],[135.07388,34.30441],[135.07416,34.30361],[135.07409,34.30299],[135.07373,34.30236],[135.07273,34.30135],[135.07199,34.30094],[135.07099,34.29998],[135.06999,34.29816],[135.06974,34.29692],[135.06982,34.29633],[135.06958,34.29557],[135.06898,34.29474],[135.06851,34.29347],[135.06849,34.29264],[135.06817,34.29219],[135.06801,34.29106],[135.06883,34.28994],[135.06953,34.28972],[135.06979,34.28968],[135.07005,34.28961],[135.07084,34.28949],[135.0714,34.28895],[135.07166,34.28813],[135.07163,34.28812],[135.07167,34.28786],[135.07148,34.28729],[135.0709,34.28655],[135.07028,34.28649],[135.07,34.28668],[135.07,34.28673],[135.06997,34.28689],[135.06994,34.28656],[135.06881,34.28589],[135.06848,34.2858],[135.06815,34.28558],[135.06792,34.28543],[135.06799,34.28523],[135.068,34.28521],[135.068,34.28513],[135.06801,34.2851],[135.06896,34.28525],[135.06904,34.28529],[135.0691,34.28533],[135.07009,34.28554],[135.07024,34.28554],[135.07059,34.28547],[135.07212,34.28492],[135.07267,34.28449],[135.07298,34.28419],[135.07329,34.28386],[135.07346,34.28371],[135.07371,34.28329],[135.07423,34.28188],[135.07434,34.28147],[135.07432,34.28117],[135.07418,34.28066],[135.0742,34.28059],[135.07458,34.28067],[135.0749,34.28065],[135.07487,34.28061],[135.07434,34.28057],[135.07421,34.28053],[135.07414,34.28051],[135.07399,34.27969],[135.07394,34.27952],[135.07353,34.27846],[135.07418,34.27826],[135.07402,34.27786],[135.07377,34.27721],[135.07337,34.27734],[135.0734,34.27702],[135.07315,34.2766],[135.07272,34.27633],[135.07219,34.27634],[135.07201,34.27645],[135.07221,34.27632],[135.07288,34.27621],[135.07241,34.27564],[135.07234,34.27533],[135.07201,34.27513],[135.07203,34.27534],[135.07143,34.2756],[135.07161,34.27594],[135.07117,34.27526],[135.07038,34.27536],[135.07045,34.27556],[135.07036,34.27585],[135.07031,34.27544],[135.06995,34.27548],[135.07016,34.27645],[135.07026,34.27709],[135.07009,34.27653],[135.07005,34.27634],[135.06907,34.27647],[135.06903,34.27625],[135.06978,34.27615],[135.06967,34.27562],[135.06926,34.2756],[135.06902,34.27556],[135.06875,34.27541],[135.06864,34.27537],[135.06797,34.27521],[135.06785,34.27536],[135.06787,34.27502],[135.06722,34.27473],[135.06657,34.2746],[135.06652,34.2745],[135.066,34.27381],[135.06537,34.27329],[135.06533,34.27327],[135.06511,34.27294],[135.0651,34.27289],[135.06512,34.27274],[135.0654,34.27199],[135.06539,34.27199],[135.0654,34.27188],[135.06528,34.27077],[135.06527,34.27075],[135.0649,34.27021],[135.06471,34.26937],[135.06449,34.26854],[135.06402,34.26768],[135.06271,34.26658],[135.06269,34.26654],[135.06267,34.26655],[135.06162,34.26555],[135.06129,34.26504],[135.06108,34.26487],[135.06108,34.26449],[135.06124,34.26393],[135.06139,34.26352],[135.06145,34.26344],[135.06159,34.2633],[135.06213,34.26289],[135.06237,34.26261],[135.06255,34.26247],[135.06304,34.2622],[135.06348,34.26199],[135.06394,34.2618],[135.06545,34.26143],[135.06562,34.26138],[135.06573,34.26137],[135.06711,34.26149],[135.06857,34.26139],[135.06898,34.26142],[135.06921,34.26145],[135.06997,34.26143],[135.0703,34.26135],[135.07144,34.26089],[135.07186,34.26077],[135.07193,34.26074],[135.07242,34.26057],[135.07282,34.26054],[135.07375,34.26063],[135.07527,34.26096],[135.07579,34.26103],[135.07718,34.26129],[135.07751,34.26124],[135.07857,34.261],[135.0795,34.26087],[135.08014,34.26088],[135.0812,34.26094],[135.08161,34.26107],[135.08205,34.26117],[135.08243,34.26116],[135.08296,34.26101],[135.08362,34.26084],[135.0839,34.26082],[135.08538,34.26101],[135.08581,34.26115],[135.08604,34.26115],[135.08628,34.26113],[135.08639,34.26111],[135.08682,34.26102],[135.08837,34.26079],[135.09043,34.26025],[135.09117,34.25996],[135.09146,34.25986],[135.09217,34.25954],[135.09321,34.25914],[135.09427,34.25875],[135.09488,34.25853],[135.0953,34.25836],[135.09553,34.25825],[135.09598,34.25792],[135.09662,34.25717],[135.09719,34.25691],[135.09948,34.25586],[135.09924,34.25551],[135.0991,34.25529],[135.09726,34.25609],[135.09706,34.25603],[135.09677,34.25533],[135.09663,34.25496],[135.09568,34.25537],[135.09661,34.25486],[135.09641,34.25437],[135.09583,34.25291],[135.0978,34.25202],[135.09868,34.25161],[135.10144,34.25034],[135.10225,34.24995],[135.10428,34.24885],[135.1064,34.24768],[135.10846,34.24656],[135.11038,34.2455],[135.11077,34.24529],[135.11147,34.24483],[135.1183,34.23994],[135.11882,34.23956],[135.11879,34.2388],[135.11874,34.2379],[135.11871,34.23772],[135.1189,34.23771],[135.11894,34.23951],[135.11909,34.23979],[135.11902,34.24013],[135.11753,34.24189],[135.1166,34.24265],[135.11606,34.24243],[135.11474,34.24338],[135.11507,34.24371],[135.11426,34.2443],[135.11432,34.24451],[135.11486,34.24505],[135.11588,34.24603],[135.11628,34.24642],[135.1209,34.24314],[135.11915,34.24213],[135.11923,34.24178],[135.11909,34.24169],[135.11908,34.24169],[135.1191,34.24166],[135.11915,34.24162],[135.11914,34.2416],[135.11915,34.24159],[135.1192,34.24153],[135.11922,34.24151],[135.11924,34.24151],[135.11928,34.24144],[135.11932,34.24138],[135.11939,34.24131],[135.11938,34.2413],[135.11945,34.24124],[135.11945,34.24121],[135.11946,34.24121],[135.11951,34.24117],[135.1195,34.24117],[135.1195,34.24116],[135.1195,34.24115],[135.11952,34.24114],[135.11954,34.24114],[135.11968,34.24122],[135.11986,34.24116],[135.12048,34.24041],[135.12088,34.24043],[135.12237,34.24128],[135.12292,34.24162],[135.12309,34.24159],[135.12459,34.23976],[135.126,34.23805],[135.12631,34.23767],[135.1291,34.23428],[135.12985,34.23338],[135.13001,34.23319],[135.1313,34.23158],[135.13197,34.23081],[135.13272,34.22989],[135.13061,34.22869],[135.12819,34.22736],[135.1271,34.2287],[135.12691,34.2286],[135.12601,34.22968],[135.12323,34.22961],[135.11839,34.23473],[135.11817,34.23437],[135.11747,34.23451],[135.11742,34.23452],[135.11737,34.23452],[135.1172,34.23456],[135.11718,34.23455],[135.11708,34.23458],[135.117,34.2346],[135.1169,34.2346],[135.11684,34.23461],[135.11668,34.23464],[135.1166,34.23466],[135.11656,34.23466],[135.1165,34.23469],[135.1162,34.23473],[135.11613,34.23476],[135.11597,34.23477],[135.11596,34.23479],[135.11589,34.23479],[135.11579,34.23482],[135.11562,34.23485],[135.11555,34.23486],[135.11544,34.23488],[135.11539,34.23488],[135.11527,34.2349],[135.11522,34.23493],[135.11517,34.23492],[135.11511,34.23495],[135.11505,34.23494],[135.11498,34.23497],[135.11492,34.23498],[135.11475,34.23501],[135.1146,34.23503],[135.11457,34.23503],[135.11451,34.23506],[135.11447,34.23505],[135.11437,34.23507],[135.11426,34.23509],[135.11414,34.23511],[135.114,34.23516],[135.11386,34.23518],[135.1138,34.23518],[135.11363,34.23522],[135.11352,34.23523],[135.11351,34.23524],[135.11328,34.23529],[135.1132,34.23529],[135.1131,34.23531],[135.11288,34.23536],[135.11276,34.23539],[135.11274,34.23537],[135.11252,34.23543],[135.11218,34.23549],[135.11194,34.23553],[135.11177,34.23557],[135.11169,34.23557],[135.11159,34.2356],[135.11153,34.23561],[135.11143,34.23562],[135.11134,34.23563],[135.11129,34.23566],[135.11119,34.23567],[135.11111,34.23567],[135.11102,34.23571],[135.111,34.23569],[135.11096,34.23572],[135.11084,34.23572],[135.11077,34.23574],[135.11073,34.23575],[135.11066,34.23578],[135.11061,34.23577],[135.1106,34.23579],[135.11053,34.23578],[135.1105,34.2358],[135.11038,34.23581],[135.1103,34.23583],[135.11026,34.23585],[135.11018,34.23585],[135.11014,34.23587],[135.11006,34.23587],[135.11004,34.23587],[135.10997,34.2359],[135.1098,34.23592],[135.10974,34.23595],[135.10972,34.23593],[135.10951,34.23599],[135.10933,34.23601],[135.10925,34.23602],[135.10921,34.23603],[135.10898,34.23607],[135.10892,34.2361],[135.10879,34.23611],[135.10869,34.23614],[135.1085,34.23617],[135.10839,34.23619],[135.10832,34.2362],[135.10827,34.23622],[135.10822,34.23623],[135.10793,34.23627],[135.1078,34.23631],[135.10773,34.23631],[135.1077,34.23631],[135.10739,34.23638],[135.10728,34.2364],[135.10711,34.23642],[135.10705,34.23644],[135.10698,34.23646],[135.10682,34.23649],[135.10664,34.23653],[135.10657,34.23652],[135.10641,34.23655],[135.10635,34.23658],[135.1063,34.23657],[135.10622,34.2366],[135.10606,34.23662],[135.10599,34.23664],[135.10593,34.23666],[135.10587,34.23667],[135.10583,34.23666],[135.10562,34.2367],[135.1055,34.23672],[135.10547,34.23672],[135.1054,34.23674],[135.10529,34.23677],[135.10527,34.23676],[135.10519,34.23679],[135.10513,34.23679],[135.10482,34.23686],[135.10477,34.23686],[135.10476,34.23687],[135.10465,34.23688],[135.10464,34.23689],[135.10457,34.2369],[135.1045,34.2369],[135.10368,34.23702],[135.10159,34.23611],[135.10039,34.23558],[135.10699,34.22855],[135.107,34.22847],[135.10983,34.2272],[135.11033,34.22697],[135.11322,34.22644],[135.1133,34.22643],[135.1215,34.22489],[135.12223,34.22487],[135.12804,34.22464],[135.12907,34.2246],[135.13377,34.22509],[135.13714,34.22543],[135.13734,34.2252],[135.13797,34.22523],[135.13932,34.22556],[135.13941,34.22547],[135.1404,34.22566],[135.14073,34.22591],[135.1429,34.22651],[135.14418,34.22686],[135.14534,34.22719],[135.14532,34.22723],[135.14533,34.22733],[135.14744,34.22789],[135.14753,34.22806],[135.14744,34.22957],[135.14754,34.22963],[135.14762,34.22995],[135.14765,34.2301],[135.14757,34.23037],[135.14759,34.23051],[135.14759,34.23108],[135.14768,34.23169],[135.14812,34.23256],[135.14862,34.23318],[135.149,34.23351],[135.14907,34.23355],[135.14987,34.23398],[135.14999,34.23404],[135.15124,34.23473],[135.15141,34.23488],[135.15166,34.2351],[135.15186,34.23551],[135.15218,34.2358],[135.15237,34.23579],[135.15212,34.2351],[135.1514,34.23435],[135.14908,34.23303],[135.14893,34.2326],[135.14921,34.23248],[135.14928,34.23245],[135.14969,34.23233],[135.14921,34.23167],[135.14843,34.23187],[135.14811,34.23058],[135.14811,34.22969],[135.14818,34.22973],[135.1499,34.23001],[135.15022,34.22903],[135.14832,34.22827],[135.14818,34.22933],[135.1482,34.22893],[135.14835,34.22786],[135.14926,34.22801],[135.15084,34.2287],[135.15219,34.22945],[135.15373,34.23052],[135.15561,34.23242],[135.15589,34.23276],[135.15607,34.23301],[135.15824,34.2319],[135.1586,34.23162],[135.15897,34.23144],[135.15997,34.23089],[135.15835,34.22888],[135.15787,34.22838],[135.15764,34.22815],[135.1573,34.22784],[135.15698,34.22757],[135.15663,34.22729],[135.15507,34.22626],[135.15339,34.22538],[135.15172,34.22472],[135.15056,34.22434],[135.147,34.22336],[135.14443,34.22267],[135.14347,34.22288],[135.14341,34.22288],[135.14321,34.22288],[135.14317,34.22286],[135.14306,34.223],[135.14307,34.2229],[135.14244,34.22285],[135.14155,34.22284],[135.14095,34.22232],[135.13999,34.22129],[135.1387,34.22087],[135.13723,34.22036],[135.13348,34.21887],[135.13443,34.21734],[135.13782,34.21866],[135.13941,34.21916],[135.13922,34.2205],[135.13993,34.22073],[135.13999,34.22084],[135.14062,34.22095],[135.14053,34.22047],[135.14044,34.22067],[135.14041,34.22086],[135.14038,34.22085],[135.14038,34.22066],[135.1404,34.22062],[135.14049,34.22045],[135.1405,34.22041],[135.14061,34.22035],[135.14055,34.22042],[135.14083,34.22052],[135.14161,34.2189],[135.14225,34.21911],[135.14304,34.21909],[135.14348,34.21927],[135.1437,34.21911],[135.14501,34.21992],[135.14519,34.2201],[135.14519,34.22017],[135.14525,34.22026],[135.14539,34.22065],[135.1455,34.22115],[135.14583,34.22156],[135.14585,34.22233],[135.14611,34.22226],[135.14593,34.22238],[135.14627,34.22257],[135.14956,34.22342],[135.14953,34.22363],[135.15159,34.2243],[135.15375,34.22516],[135.15501,34.2258],[135.15609,34.22648],[135.15724,34.22736],[135.1576,34.22767],[135.15793,34.22798],[135.15866,34.22872],[135.16002,34.23034],[135.16052,34.23059],[135.16087,34.23035],[135.16087,34.23032],[135.16016,34.22936],[135.16058,34.22923],[135.16008,34.22937],[135.15996,34.22911],[135.15983,34.22913],[135.15995,34.22909],[135.15975,34.22885]],[[135.17402,34.23709],[135.17362,34.2373],[135.17377,34.2373],[135.17402,34.23709]],[[135.17362,34.2373],[135.1735,34.2373],[135.17324,34.23759],[135.17362,34.2373]],[[135.17402,34.23709],[135.17411,34.23617],[135.17402,34.23617],[135.17402,34.23709]],[[135.17253,34.23617],[135.17252,34.23703],[135.17254,34.23641],[135.17253,34.23617]],[[135.17742,34.24179],[135.17588,34.24166],[135.17621,34.24169],[135.17742,34.24179]],[[135.17868,34.23712],[135.17869,34.23676],[135.1787,34.23605],[135.17868,34.23712]],[[135.18075,34.23676],[135.1807,34.23614],[135.18067,34.23675],[135.18075,34.23676]],[[135.18014,34.23674],[135.17974,34.23667],[135.17987,34.23671],[135.18014,34.23674]],[[135.1794,34.2389],[135.17936,34.23929],[135.17937,34.23938],[135.1794,34.2389]],[[135.17404,34.23568],[135.17384,34.23567],[135.17288,34.23567],[135.17404,34.23568]],[[135.17303,34.23773],[135.17301,34.23801],[135.17303,34.23801],[135.17303,34.23773]],[[135.17388,34.23905],[135.17388,34.23879],[135.17387,34.23905],[135.17388,34.23905]],[[135.17445,34.2325],[135.17395,34.2325],[135.17446,34.23275],[135.17445,34.2325]],[[135.17531,34.23766],[135.17522,34.23748],[135.17503,34.23804],[135.17531,34.23766]],[[135.17636,34.23312],[135.17636,34.23353],[135.17658,34.23312],[135.17636,34.23312]],[[135.17644,34.23551],[135.17655,34.2355],[135.17657,34.23523],[135.17644,34.23551]],[[135.17652,34.23386],[135.17701,34.23386],[135.17658,34.2337],[135.17652,34.23386]],[[135.17485,34.23896],[135.17499,34.23896],[135.17493,34.23882],[135.17485,34.23896]],[[135.17349,34.24195],[135.1728,34.24176],[135.17283,34.24195],[135.17349,34.24201],[135.17349,34.24195]],[[135.17316,34.24292],[135.17275,34.24289],[135.1725,34.24288],[135.17316,34.24292]],[[135.16955,34.23149],[135.16958,34.23167],[135.16948,34.23099],[135.16955,34.23149]],[[135.16761,34.23129],[135.16777,34.23144],[135.16781,34.23182],[135.16778,34.23128],[135.16761,34.23129]],[[135.16775,34.23201],[135.16777,34.23234],[135.16779,34.23282],[135.16785,34.23378],[135.16778,34.23244],[135.16775,34.23201]],[[135.17157,34.23837],[135.17157,34.23801],[135.17139,34.238],[135.17157,34.23837]],[[135.17157,34.23801],[135.17205,34.23772],[135.1718,34.23728],[135.17157,34.23801]],[[135.17071,34.23955],[135.17137,34.23999],[135.17077,34.23941],[135.17071,34.23955]],[[135.17077,34.23941],[135.17107,34.23915],[135.17104,34.23914],[135.17077,34.23941]],[[135.16918,34.23963],[135.16683,34.24134],[135.16902,34.23977],[135.16918,34.23963]],[[135.16729,34.2386],[135.16726,34.2381],[135.1672,34.23811],[135.16729,34.2386]],[[135.16697,34.23502],[135.16639,34.23497],[135.16593,34.23495],[135.16697,34.23502]],[[135.16893,34.23725],[135.16883,34.23735],[135.16902,34.23732],[135.16893,34.23725]],[[135.16687,34.22922],[135.16661,34.22973],[135.16682,34.22972],[135.16687,34.22922]],[[135.17614,34.22468],[135.17629,34.22469],[135.17604,34.2242],[135.17614,34.22468]],[[135.1807,34.22673],[135.18083,34.22636],[135.18069,34.22665],[135.1807,34.22673]],[[135.17988,34.2275],[135.17975,34.2275],[135.17986,34.22808],[135.17988,34.2275]],[[135.18111,34.2236],[135.18088,34.22359],[135.18037,34.22394],[135.18111,34.2236]],[[135.18065,34.21823],[135.18091,34.21803],[135.18118,34.21732],[135.18065,34.21823]],[[135.17844,34.21913],[135.17805,34.21947],[135.17842,34.2195],[135.17844,34.21913]],[[135.17481,34.21576],[135.1749,34.21556],[135.17448,34.21545],[135.17481,34.21576]],[[135.17556,34.22115],[135.17553,34.22131],[135.17569,34.22138],[135.17556,34.22115]],[[135.17874,34.23135],[135.17858,34.23164],[135.17892,34.23108],[135.17874,34.23135]],[[135.16273,34.22749],[135.16256,34.22784],[135.16278,34.22782],[135.16281,34.2272],[135.16273,34.22749]],[[135.16188,34.22679],[135.16197,34.22678],[135.16197,34.22664],[135.16188,34.22679]],[[135.16197,34.22973],[135.16206,34.23017],[135.16204,34.22973],[135.16197,34.22973]],[[135.16328,34.22951],[135.16341,34.22901],[135.16323,34.22906],[135.16328,34.22951]],[[135.16371,34.22741],[135.16463,34.22732],[135.16403,34.22736],[135.16371,34.22741]],[[135.16528,34.22446],[135.16556,34.22401],[135.16541,34.22425],[135.16528,34.22446]],[[135.16672,34.22145],[135.1667,34.22128],[135.16606,34.2213],[135.16672,34.22145]],[[135.16551,34.21954],[135.16549,34.22001],[135.16561,34.22001],[135.16551,34.21954]],[[135.1827,34.23303],[135.18322,34.23287],[135.18273,34.23283],[135.1827,34.23303]],[[135.18026,34.23453],[135.1805,34.23457],[135.18078,34.23448],[135.18026,34.23453]],[[135.18393,34.23054],[135.18368,34.23142],[135.18364,34.23179],[135.18393,34.23054]],[[135.18364,34.23179],[135.18362,34.23197],[135.18364,34.2318],[135.18364,34.23179]],[[135.18362,34.23197],[135.18354,34.23196],[135.18349,34.23234],[135.18362,34.23197]],[[135.18175,34.23084],[135.18129,34.2317],[135.18179,34.23086],[135.18175,34.23084]],[[135.18005,34.231],[135.18045,34.23122],[135.18017,34.23106],[135.18005,34.231]],[[135.18056,34.2303],[135.18061,34.23032],[135.18045,34.23025],[135.18027,34.23017],[135.17973,34.23006],[135.18056,34.2303]],[[135.17912,34.23521],[135.17952,34.23541],[135.17939,34.23513],[135.17912,34.23521]],[[135.18071,34.23147],[135.18128,34.23062],[135.18114,34.23056],[135.18107,34.23053],[135.18071,34.23147]],[[135.18385,34.22734],[135.18373,34.22725],[135.18339,34.2277],[135.18385,34.22734]],[[135.18373,34.22725],[135.184,34.22706],[135.1836,34.22678],[135.18373,34.22725]],[[135.1804,34.23322],[135.1803,34.23302],[135.1802,34.23321],[135.1804,34.23322]],[[135.18512,34.22759],[135.18527,34.22727],[135.18488,34.22722],[135.18512,34.22759]],[[135.18363,34.23593],[135.18365,34.23647],[135.18391,34.23595],[135.18363,34.23593]],[[135.18181,34.23478],[135.18151,34.23413],[135.18163,34.23457],[135.18181,34.23478]],[[135.18715,34.22722],[135.18709,34.22741],[135.1875,34.22728],[135.18715,34.22722]],[[135.1917,34.22816],[135.19208,34.22821],[135.19215,34.22783],[135.1917,34.22816]],[[135.16713,34.21574],[135.16714,34.21555],[135.16643,34.21571],[135.16683,34.21573],[135.16713,34.21574]],[[135.16647,34.21899],[135.16658,34.21923],[135.1665,34.21899],[135.16647,34.21899]],[[135.10206,34.25467],[135.10278,34.25432],[135.10421,34.25361],[135.10206,34.25467]],[[135.12681,34.24669],[135.12692,34.24666],[135.12718,34.2466],[135.12712,34.24661],[135.12681,34.24669]],[[135.13899,34.24029],[135.14025,34.24068],[135.14113,34.24096],[135.13968,34.24048],[135.13899,34.24029]],[[135.14592,34.24307],[135.14657,34.24257],[135.14685,34.24236],[135.14599,34.24299],[135.14592,34.24307]],[[135.16379,34.219],[135.16406,34.21802],[135.164,34.21822],[135.16379,34.219]],[[135.15981,34.2102],[135.15937,34.21029],[135.15982,34.21028],[135.15981,34.2102]],[[135.1797,34.20765],[135.17983,34.20811],[135.17987,34.20733],[135.18006,34.20692],[135.1797,34.20765]],[[135.18018,34.20614],[135.18019,34.20502],[135.18015,34.20526],[135.18018,34.20614]],[[135.17446,34.21018],[135.17432,34.21022],[135.17451,34.21018],[135.17446,34.21018]],[[135.17645,34.20258],[135.17495,34.20152],[135.1764,34.2026],[135.17645,34.20258]],[[135.18319,34.22215],[135.183,34.22188],[135.18266,34.22149],[135.18319,34.22215]],[[135.18517,34.22185],[135.18584,34.22208],[135.18584,34.22188],[135.18517,34.22185]],[[135.12856,34.24889],[135.12855,34.24887],[135.12742,34.24917],[135.12856,34.24889]],[[135.17572,34.25331],[135.17737,34.25347],[135.17683,34.25338],[135.17572,34.25331]],[[135.23171,34.23984],[135.23145,34.24001],[135.23228,34.23948],[135.23254,34.23926],[135.23171,34.23984]],[[135.09043,34.27181],[135.0905,34.2718],[135.09073,34.27157],[135.09043,34.27181]],[[135.2605,34.2497],[135.26307,34.25017],[135.26266,34.25008],[135.2605,34.2497]],[[135.26421,34.26288],[135.26418,34.26254],[135.26404,34.26257],[135.26421,34.26288]],[[135.2595,34.26264],[135.25881,34.26287],[135.25877,34.26292],[135.2595,34.26264]],[[135.17018,34.19898],[135.16972,34.199],[135.16967,34.19918],[135.17018,34.19898]],[[135.17707,34.19344],[135.17698,34.19329],[135.17637,34.19359],[135.17707,34.19344]],[[135.17542,34.19555],[135.17511,34.19568],[135.17635,34.19598],[135.17542,34.19555]],[[135.2385,34.18995],[135.23864,34.18919],[135.23865,34.18913],[135.2385,34.18995]],[[135.25628,34.19651],[135.25647,34.19646],[135.25626,34.19643],[135.25628,34.19651]],[[135.24639,34.2033],[135.24615,34.20337],[135.24641,34.20366],[135.24639,34.2033]],[[135.24945,34.18567],[135.24966,34.18506],[135.24967,34.18487],[135.24945,34.18567]],[[135.25424,34.21376],[135.25462,34.21438],[135.25433,34.21379],[135.25424,34.21376]],[[135.19688,34.22945],[135.19843,34.22968],[135.19438,34.22906],[135.19688,34.22945]],[[135.15919,34.20248],[135.15909,34.20072],[135.15923,34.20421],[135.15919,34.20248]]],[[[135.16597,34.2247],[135.16584,34.22469],[135.16551,34.22466],[135.16597,34.2247]]],[[[135.164,34.2205],[135.16393,34.21997],[135.16406,34.22095],[135.164,34.2205]]],[[[135.15947,34.21949],[135.15948,34.21966],[135.15948,34.22007],[135.15947,34.21949]]],[[[135.13263,34.188],[135.13259,34.18797],[135.13259,34.18777],[135.13259,34.18775],[135.13262,34.18772],[135.13277,34.18777],[135.13278,34.18775],[135.13265,34.18763],[135.13263,34.18761],[135.13266,34.18756],[135.13274,34.18756],[135.13275,34.18752],[135.13276,34.18748],[135.13284,34.18748],[135.1329,34.18747],[135.13298,34.18746],[135.13306,34.18746],[135.13306,34.18742],[135.13393,34.18756],[135.13401,34.18756],[135.13409,34.18759],[135.13423,34.18755],[135.13433,34.18761],[135.13441,34.18765],[135.13446,34.18767],[135.13459,34.18775],[135.13468,34.18779],[135.13469,34.18786],[135.13467,34.18791],[135.13465,34.18795],[135.13456,34.18799],[135.1345,34.18799],[135.13448,34.18801],[135.13442,34.18809],[135.1344,34.18809],[135.13435,34.18809],[135.13421,34.1881],[135.13409,34.18814],[135.13401,34.18818],[135.13392,34.18819],[135.13375,34.1882],[135.13369,34.18818],[135.13368,34.18814],[135.13333,34.18814],[135.13328,34.18818],[135.13326,34.18825],[135.13323,34.18826],[135.13314,34.18827],[135.13292,34.18817],[135.13287,34.18811],[135.13271,34.188],[135.13263,34.188]]],[[[135.13544,34.18847],[135.13567,34.18857],[135.13572,34.18862],[135.13585,34.18871],[135.136,34.18892],[135.13609,34.18904],[135.13611,34.18904],[135.13616,34.18902],[135.13625,34.18913],[135.13625,34.18924],[135.13624,34.18925],[135.13618,34.18926],[135.13614,34.18929],[135.13608,34.18938],[135.13602,34.1894],[135.13599,34.1894],[135.13582,34.18961],[135.13577,34.18963],[135.13574,34.18967],[135.13572,34.18968],[135.13518,34.18941],[135.1354,34.18932],[135.13545,34.18929],[135.13531,34.18925],[135.13528,34.18922],[135.13518,34.18921],[135.13514,34.18916],[135.13518,34.18902],[135.13519,34.18893],[135.13524,34.1889],[135.13526,34.1889],[135.13502,34.18876],[135.13502,34.18872],[135.13508,34.18859],[135.13524,34.18842],[135.13527,34.18841],[135.13544,34.18847]]],[[[135.13493,34.19124],[135.13462,34.19112],[135.13458,34.19108],[135.13456,34.19106],[135.13453,34.19102],[135.13422,34.19069],[135.13433,34.19068],[135.13434,34.19067],[135.1343,34.19062],[135.13423,34.19058],[135.13423,34.19053],[135.13425,34.19052],[135.13429,34.19052],[135.1344,34.19036],[135.13448,34.19033],[135.13451,34.19035],[135.13453,34.19035],[135.13453,34.19034],[135.13451,34.19031],[135.13476,34.19022],[135.13493,34.19034],[135.13496,34.19035],[135.13501,34.19034],[135.13502,34.19033],[135.13526,34.19012],[135.13529,34.1901],[135.13557,34.18992],[135.1357,34.18991],[135.13587,34.18992],[135.13614,34.18993],[135.13618,34.18998],[135.13625,34.18996],[135.13637,34.18992],[135.13639,34.18992],[135.13641,34.18992],[135.13654,34.18993],[135.13668,34.18995],[135.13682,34.19004],[135.13683,34.19006],[135.13687,34.19008],[135.13688,34.19008],[135.13704,34.19004],[135.13708,34.19006],[135.13726,34.19021],[135.13733,34.19027],[135.1374,34.19027],[135.13753,34.19029],[135.13756,34.19034],[135.13747,34.19045],[135.13745,34.19053],[135.13755,34.19058],[135.13757,34.19067],[135.13751,34.19074],[135.13743,34.19083],[135.13738,34.19083],[135.1372,34.19082],[135.13713,34.19084],[135.13688,34.19091],[135.13678,34.19092],[135.13674,34.19092],[135.13628,34.19089],[135.13625,34.19089],[135.13606,34.19094],[135.13599,34.19098],[135.13579,34.19106],[135.13576,34.19109],[135.13547,34.19122],[135.13539,34.19122],[135.13519,34.19121],[135.13513,34.19119],[135.13507,34.19125],[135.13501,34.19123],[135.13493,34.19124]]],[[[135.2827,34.24599],[135.28351,34.24606],[135.2857,34.24625],[135.2827,34.24599]]],[[[135.05534,34.29921],[135.0536,34.29908],[135.05303,34.29885],[135.05085,34.29895],[135.05031,34.29883],[135.04887,34.29915],[135.0479,34.29874],[135.04774,34.29789],[135.04715,34.29757],[135.04657,34.29765],[135.04575,34.29852],[135.04377,34.29847],[135.04222,34.29802],[135.04058,34.29818],[135.04026,34.29843],[135.03964,34.29826],[135.03875,34.29856],[135.03708,34.29856],[135.03638,34.2982],[135.03591,34.29714],[135.03465,34.2964],[135.03385,34.29623],[135.03268,34.29572],[135.03245,34.29541],[135.03283,34.29512],[135.03351,34.29557],[135.03434,34.29515],[135.03393,34.29456],[135.03466,34.29496],[135.03565,34.29496],[135.03794,34.29427],[135.03856,34.29389],[135.03866,34.29343],[135.04189,34.29241],[135.04395,34.29195],[135.04422,34.29213],[135.04594,34.29262],[135.04736,34.29244],[135.04871,34.29281],[135.04907,34.29318],[135.0501,34.29374],[135.05134,34.29402],[135.0517,34.29426],[135.05281,34.29565],[135.05414,34.29619],[135.05503,34.29686],[135.05679,34.29733],[135.05764,34.29727],[135.05865,34.29684],[135.0601,34.29718],[135.06028,34.29752],[135.05995,34.29794],[135.05809,34.29841],[135.0565,34.29898],[135.05628,34.29917],[135.05534,34.29921]]],[[[135.02743,34.29336],[135.02675,34.29375],[135.02545,34.29359],[135.02381,34.29299],[135.02525,34.2921],[135.02591,34.29146],[135.0259,34.29097],[135.02649,34.29103],[135.02696,34.29141],[135.02676,34.29172],[135.02727,34.2921],[135.02716,34.29267],[135.02762,34.29302],[135.02743,34.29336]]],[[[135.0208,34.29313],[135.02019,34.29298],[135.01835,34.29145],[135.01759,34.28994],[135.01716,34.28961],[135.01732,34.28919],[135.01711,34.2887],[135.01609,34.28808],[135.01607,34.28738],[135.01494,34.28739],[135.01452,34.28662],[135.01389,34.28624],[135.0139,34.28574],[135.01276,34.28488],[135.01291,34.28401],[135.01229,34.28373],[135.01183,34.2842],[135.01133,34.28433],[135.01138,34.28399],[135.01046,34.28399],[135.00987,34.2834],[135.00915,34.28334],[135.00798,34.2835],[135.00694,34.28409],[135.00482,34.28479],[135.00343,34.28463],[135.00292,34.28364],[135.00246,34.28309],[135.00086,34.28282],[134.99995,34.28197],[134.99944,34.28098],[134.99908,34.28068],[134.99929,34.28039],[134.99909,34.27966],[134.99953,34.27988],[134.99985,34.27934],[135.00029,34.27972],[135.00094,34.2791],[135.00226,34.27948],[135.00317,34.27882],[135.00301,34.27809],[135.00421,34.27802],[135.0048,34.27749],[135.00459,34.27676],[135.00541,34.27725],[135.00642,34.27752],[135.00741,34.27744],[135.00841,34.27686],[135.00919,34.27614],[135.0101,34.27611],[135.01102,34.27588],[135.01169,34.27656],[135.01158,34.27684],[135.01163,34.2791],[135.01217,34.2797],[135.01353,34.27993],[135.01397,34.28027],[135.01472,34.2804],[135.01603,34.27987],[135.01692,34.28106],[135.01737,34.28292],[135.01731,34.28327],[135.01766,34.28422],[135.01813,34.28501],[135.01934,34.2853],[135.02023,34.28596],[135.02038,34.28673],[135.02019,34.28757],[135.02048,34.2885],[135.02009,34.28966],[135.02053,34.29127],[135.02151,34.29193],[135.022,34.29197],[135.0225,34.29235],[135.02324,34.29229],[135.02345,34.29291],[135.02289,34.29277],[135.02158,34.29287],[135.0208,34.29313]]],[[[135.01358,34.28964],[135.01317,34.28857],[135.01378,34.28806],[135.0142,34.28804],[135.01418,34.28933],[135.01358,34.28964]]],[[[135.14763,34.23595],[135.14748,34.23589],[135.14715,34.23574],[135.14763,34.23595]]]]}},{"type":"Feature","properties":{"nm":"海南市","b":[135.1118,34.0934,135.3182,34.2032],"c":[135.22542,34.14117]},"geometry":{"type":"MultiPolygon","coordinates":[[[[135.20236,34.16667],[135.20083,34.16589],[135.19974,34.16555],[135.19903,34.16541],[135.19851,34.16508],[135.19713,34.16478],[135.19629,34.16432],[135.194,34.16354],[135.19315,34.1616],[135.19352,34.16049],[135.19342,34.16028],[135.19179,34.15895],[135.19223,34.15848],[135.19232,34.15838],[135.19256,34.15836],[135.1927,34.15846],[135.19273,34.1586],[135.19254,34.15901],[135.1926,34.15898],[135.19269,34.15906],[135.1928,34.15902],[135.19326,34.15878],[135.1934,34.15879],[135.19346,34.15877],[135.19352,34.15871],[135.19353,34.15853],[135.19321,34.15827],[135.1931,34.15822],[135.19279,34.15795],[135.19279,34.15793],[135.19288,34.15779],[135.19298,34.15781],[135.193,34.15765],[135.19308,34.15765],[135.19318,34.15763],[135.19319,34.15737],[135.19319,34.15734],[135.19327,34.15735],[135.19338,34.15733],[135.19335,34.15731],[135.19341,34.1573],[135.19367,34.15707],[135.19364,34.15707],[135.19358,34.15703],[135.19361,34.15702],[135.19377,34.15708],[135.19398,34.1571],[135.19399,34.15707],[135.19413,34.15703],[135.19419,34.15705],[135.19426,34.15715],[135.19586,34.15758],[135.19594,34.15755],[135.19589,34.15733],[135.19406,34.15688],[135.19364,34.15685],[135.19351,34.15686],[135.19283,34.15699],[135.19272,34.15701],[135.18876,34.15623],[135.18874,34.15623],[135.18665,34.15583],[135.18659,34.15566],[135.18649,34.1553],[135.186,34.1539],[135.18524,34.1516],[135.18481,34.1503],[135.18426,34.14997],[135.1844,34.15003],[135.18457,34.14983],[135.18421,34.14843],[135.1829,34.14718],[135.18424,34.14841],[135.18473,34.14836],[135.18502,34.14801],[135.18566,34.14809],[135.18576,34.14806],[135.18551,34.14816],[135.1855,34.14831],[135.18688,34.14838],[135.18676,34.14818],[135.18667,34.14812],[135.18676,34.14815],[135.18699,34.14816],[135.1871,34.14816],[135.18719,34.1482],[135.18698,34.14825],[135.18693,34.14839],[135.18848,34.14847],[135.18849,34.14836],[135.18851,34.14836],[135.1895,34.14831],[135.18978,34.14833],[135.18987,34.14855],[135.19035,34.14858],[135.19031,34.14838],[135.19028,34.14838],[135.19046,34.14838],[135.19039,34.14858],[135.19078,34.14846],[135.19076,34.14846],[135.19078,34.14836],[135.19704,34.14871],[135.19703,34.14895],[135.19857,34.14904],[135.19943,34.14943],[135.20108,34.15127],[135.20125,34.15176],[135.20121,34.15254],[135.20118,34.15309],[135.20074,34.15326],[135.20054,34.15651],[135.20086,34.15657],[135.20101,34.15658],[135.20102,34.15663],[135.20064,34.15677],[135.20063,34.15683],[135.20064,34.15696],[135.20062,34.15734],[135.2014,34.15723],[135.20143,34.15736],[135.2038,34.15733],[135.2039,34.15737],[135.20403,34.15754],[135.20415,34.15785],[135.20405,34.15867],[135.20426,34.15867],[135.20439,34.15761],[135.20441,34.15727],[135.20443,34.15721],[135.20441,34.15721],[135.20454,34.15707],[135.20538,34.15735],[135.20534,34.15707],[135.20398,34.1564],[135.20225,34.15636],[135.20167,34.15585],[135.20172,34.15394],[135.20172,34.15393],[135.20184,34.15293],[135.2018,34.1528],[135.20187,34.15157],[135.20254,34.15135],[135.20239,34.15152],[135.20287,34.15125],[135.20313,34.15126],[135.20482,34.15138],[135.20482,34.15162],[135.20599,34.15162],[135.20621,34.15163],[135.20828,34.15175],[135.20828,34.15183],[135.20896,34.15188],[135.20898,34.15166],[135.20898,34.15162],[135.20907,34.15163],[135.20905,34.15128],[135.2095,34.15108],[135.20954,34.15057],[135.20955,34.15054],[135.20958,34.15003],[135.20963,34.14947],[135.21015,34.14919],[135.20968,34.14928],[135.20956,34.14936],[135.20798,34.14969],[135.20767,34.14967],[135.20746,34.14981],[135.20745,34.14984],[135.20751,34.14987],[135.20754,34.14988],[135.20756,34.14987],[135.20757,34.14992],[135.20752,34.1499],[135.20733,34.14995],[135.20728,34.14996],[135.20726,34.14996],[135.20732,34.14991],[135.20733,34.14978],[135.20697,34.14984],[135.20699,34.14989],[135.20703,34.14989],[135.20687,34.14991],[135.2069,34.14989],[135.20651,34.14991],[135.20655,34.15003],[135.20658,34.15006],[135.20636,34.15009],[135.2063,34.15011],[135.20636,34.15007],[135.20636,34.15005],[135.20636,34.14991],[135.20569,34.15009],[135.20543,34.15005],[135.20504,34.15011],[135.20499,34.15024],[135.2048,34.15012],[135.20477,34.15012],[135.20431,34.15005],[135.20233,34.14992],[135.20106,34.14865],[135.20089,34.14876],[135.20093,34.1488],[135.20127,34.14918],[135.20129,34.14928],[135.20126,34.14927],[135.20121,34.14922],[135.20115,34.14916],[135.20113,34.14912],[135.20027,34.14827],[135.20053,34.1481],[135.20004,34.14762],[135.19989,34.14781],[135.19978,34.14771],[135.1997,34.14756],[135.19967,34.14765],[135.19963,34.14763],[135.19962,34.1476],[135.19947,34.14743],[135.19946,34.14744],[135.19942,34.14742],[135.19962,34.14737],[135.19986,34.14762],[135.19997,34.14755],[135.19929,34.147],[135.19952,34.14703],[135.19975,34.14565],[135.19946,34.14564],[135.19931,34.14567],[135.19931,34.1459],[135.19922,34.14599],[135.19928,34.14574],[135.19924,34.14566],[135.1993,34.14526],[135.19929,34.14517],[135.19943,34.14521],[135.1994,34.14527],[135.19934,34.14548],[135.19936,34.14554],[135.19938,34.14556],[135.19976,34.14559],[135.19996,34.14435],[135.20001,34.14408],[135.20122,34.14409],[135.20233,34.14451],[135.20352,34.14539],[135.204,34.14605],[135.20405,34.14603],[135.20546,34.14529],[135.20505,34.14508],[135.20435,34.1456],[135.20426,34.14571],[135.20419,34.14575],[135.20398,34.14572],[135.20399,34.14571],[135.20404,34.14566],[135.20393,34.14529],[135.20387,34.14519],[135.20377,34.14499],[135.20371,34.14494],[135.20356,34.14491],[135.20324,34.14473],[135.20306,34.14467],[135.20296,34.14463],[135.20277,34.14455],[135.20271,34.14451],[135.20269,34.14446],[135.20261,34.14433],[135.20254,34.14421],[135.20231,34.14411],[135.2022,34.14408],[135.20182,34.14396],[135.20172,34.14389],[135.20133,34.14371],[135.20101,34.14348],[135.20102,34.14347],[135.20102,34.14346],[135.20101,34.14345],[135.201,34.14345],[135.20085,34.14353],[135.20081,34.14351],[135.20016,34.14361],[135.20013,34.14361],[135.19999,34.14361],[135.19968,34.14345],[135.19963,34.14343],[135.19935,34.1433],[135.19889,34.14333],[135.19885,34.14336],[135.19821,34.14303],[135.19789,34.14291],[135.19714,34.14295],[135.19713,34.14296],[135.19705,34.14301],[135.19699,34.14335],[135.19553,34.14335],[135.19514,34.14332],[135.19495,34.14411],[135.19452,34.14438],[135.19368,34.14436],[135.1935,34.14435],[135.19341,34.14445],[135.1934,34.14446],[135.19336,34.14367],[135.19328,34.14367],[135.19308,34.1437],[135.19309,34.14317],[135.19211,34.14314],[135.19155,34.14404],[135.19152,34.14405],[135.19145,34.1438],[135.1914,34.14348],[135.19141,34.14373],[135.19147,34.14401],[135.1916,34.14415],[135.19161,34.14419],[135.19158,34.14425],[135.19158,34.14428],[135.19151,34.14427],[135.19159,34.14438],[135.19156,34.14439],[135.19148,34.14435],[135.19147,34.14434],[135.1914,34.14434],[135.19136,34.14432],[135.19135,34.14431],[135.19126,34.14427],[135.19131,34.14421],[135.19132,34.14421],[135.19139,34.14424],[135.19136,34.14413],[135.19137,34.14412],[135.19124,34.14401],[135.19099,34.14394],[135.19094,34.14389],[135.19079,34.14369],[135.1905,34.14331],[135.18943,34.14334],[135.18931,34.14322],[135.18923,34.14327],[135.18904,34.1434],[135.189,34.1435],[135.18904,34.1438],[135.18892,34.14375],[135.18886,34.14384],[135.18881,34.14389],[135.18866,34.14383],[135.18861,34.14382],[135.18853,34.14383],[135.18849,34.1438],[135.18843,34.1438],[135.18837,34.14378],[135.18825,34.14387],[135.18821,34.14388],[135.18816,34.1439],[135.18812,34.14393],[135.1881,34.14394],[135.18803,34.14394],[135.18805,34.14392],[135.18803,34.14392],[135.18798,34.14394],[135.18785,34.14395],[135.18784,34.14395],[135.18772,34.1438],[135.18766,34.14375],[135.18752,34.14367],[135.18755,34.14364],[135.18755,34.14359],[135.18763,34.14346],[135.18765,34.14344],[135.18771,34.14335],[135.18777,34.14331],[135.18784,34.14327],[135.18785,34.14316],[135.18754,34.14286],[135.18736,34.1427],[135.18713,34.14258],[135.18707,34.14258],[135.18664,34.14267],[135.18662,34.14261],[135.18664,34.14253],[135.18614,34.14248],[135.18605,34.14252],[135.18547,34.14292],[135.18552,34.14312],[135.18551,34.14315],[135.18542,34.14326],[135.1854,34.14327],[135.18505,34.1434],[135.18504,34.14348],[135.18503,34.14349],[135.18473,34.1439],[135.1844,34.14445],[135.18419,34.14443],[135.18434,34.14443],[135.18467,34.14369],[135.18458,34.1435],[135.18455,34.14284],[135.18455,34.14279],[135.18443,34.14271],[135.18408,34.14248],[135.18398,34.14246],[135.18374,34.1425],[135.1833,34.14271],[135.1831,34.14267],[135.1829,34.14243],[135.1829,34.1424],[135.18294,34.14227],[135.18296,34.14222],[135.18282,34.14207],[135.18256,34.14194],[135.18232,34.14186],[135.182,34.14184],[135.18191,34.14188],[135.18191,34.14202],[135.18189,34.14205],[135.18185,34.14208],[135.18174,34.1421],[135.18171,34.1421],[135.18171,34.14212],[135.18175,34.14219],[135.18163,34.14217],[135.18168,34.14228],[135.18157,34.14235],[135.18152,34.14236],[135.18132,34.14239],[135.18126,34.1424],[135.1812,34.14239],[135.18098,34.14231],[135.18136,34.14196],[135.18136,34.14194],[135.18124,34.14187],[135.18124,34.1417],[135.18123,34.14164],[135.1812,34.14156],[135.18114,34.14156],[135.181,34.14154],[135.18086,34.14147],[135.18084,34.14144],[135.18086,34.14143],[135.18091,34.14142],[135.1809,34.14139],[135.18081,34.14136],[135.1808,34.14135],[135.18079,34.14129],[135.18066,34.14123],[135.18065,34.14122],[135.18037,34.1412],[135.18027,34.14122],[135.18022,34.14118],[135.18026,34.14095],[135.17985,34.14054],[135.17944,34.14041],[135.17923,34.1404],[135.17907,34.14061],[135.17908,34.14069],[135.17895,34.14083],[135.17866,34.14082],[135.17853,34.14086],[135.17832,34.14086],[135.17818,34.14084],[135.17809,34.14082],[135.17791,34.14076],[135.17779,34.14066],[135.1776,34.14052],[135.17747,34.1404],[135.17724,34.14034],[135.17728,34.14026],[135.17729,34.14021],[135.17717,34.1402],[135.17713,34.14017],[135.17715,34.14012],[135.17719,34.14],[135.1772,34.13993],[135.17702,34.13982],[135.17667,34.13947],[135.17666,34.13948],[135.17663,34.13949],[135.17645,34.1394],[135.17645,34.13949],[135.17641,34.13953],[135.17636,34.1395],[135.17635,34.13949],[135.17632,34.1395],[135.1763,34.13952],[135.17612,34.13947],[135.1763,34.13932],[135.1762,34.13912],[135.17591,34.13885],[135.17538,34.13846],[135.17482,34.13804],[135.17477,34.13802],[135.1747,34.13796],[135.17464,34.13794],[135.17461,34.13794],[135.17428,34.13786],[135.17425,34.13786],[135.17419,34.13788],[135.17413,34.1379],[135.17405,34.13787],[135.17401,34.13783],[135.17383,34.13777],[135.17374,34.13774],[135.17345,34.13773],[135.17338,34.13773],[135.17328,34.13772],[135.17312,34.13768],[135.17306,34.13767],[135.17295,34.13764],[135.17276,34.13759],[135.17237,34.13741],[135.1723,34.13734],[135.17228,34.13733],[135.17221,34.13734],[135.17214,34.13732],[135.1722,34.13721],[135.17216,34.13712],[135.17211,34.1371],[135.17211,34.13708],[135.17213,34.13705],[135.17214,34.13705],[135.17218,34.13702],[135.17221,34.13692],[135.17222,34.13689],[135.17235,34.13662],[135.17237,34.13661],[135.17241,34.13658],[135.17251,34.13648],[135.17252,34.13645],[135.17253,34.13641],[135.17253,34.13633],[135.1725,34.13624],[135.17248,34.13621],[135.17239,34.13605],[135.17229,34.13596],[135.17216,34.13586],[135.17188,34.13574],[135.17185,34.13575],[135.1718,34.13578],[135.17169,34.13585],[135.17166,34.13587],[135.17142,34.13594],[135.17135,34.13594],[135.17125,34.13595],[135.1712,34.13597],[135.17113,34.13598],[135.17112,34.13597],[135.1711,34.13594],[135.17107,34.13595],[135.17106,34.13595],[135.17102,34.13597],[135.17087,34.13596],[135.17079,34.13593],[135.17077,34.13592],[135.17078,34.13584],[135.17074,34.13583],[135.17074,34.13579],[135.17074,34.13574],[135.1707,34.13566],[135.1707,34.13549],[135.17068,34.13533],[135.17061,34.13522],[135.17057,34.13512],[135.17048,34.13501],[135.17042,34.13496],[135.17038,34.1349],[135.17038,34.13489],[135.1704,34.13473],[135.17052,34.13453],[135.17057,34.13448],[135.1706,34.13444],[135.17061,34.13442],[135.17062,34.13439],[135.17083,34.13423],[135.17068,34.13407],[135.17079,34.13381],[135.17046,34.13356],[135.1704,34.13356],[135.17035,34.13355],[135.17027,34.13345],[135.17028,34.1333],[135.1702,34.13327],[135.17011,34.13325],[135.16993,34.13325],[135.16985,34.13338],[135.16978,34.1335],[135.16955,34.13357],[135.16944,34.13362],[135.16851,34.13345],[135.16858,34.13407],[135.16763,34.13421],[135.16765,34.13428],[135.16774,34.13473],[135.16758,34.13422],[135.1668,34.13448],[135.167,34.13539],[135.16785,34.13526],[135.16785,34.1353],[135.16701,34.13542],[135.1671,34.13631],[135.16748,34.13629],[135.16751,34.13632],[135.16697,34.13642],[135.16664,34.13665],[135.16652,34.13674],[135.16635,34.13686],[135.16623,34.13693],[135.16565,34.13713],[135.16499,34.13709],[135.16493,34.13707],[135.16472,34.137],[135.16453,34.13693],[135.16438,34.1369],[135.16416,34.13676],[135.16412,34.13669],[135.16407,34.13663],[135.16399,34.13656],[135.16388,34.13648],[135.16367,34.13631],[135.1635,34.13618],[135.16337,34.13609],[135.16317,34.13597],[135.16307,34.13591],[135.16252,34.13562],[135.16232,34.13556],[135.16223,34.13555],[135.16218,34.13554],[135.16214,34.13554],[135.1621,34.13557],[135.16207,34.13557],[135.16205,34.13555],[135.16202,34.13554],[135.16195,34.13554],[135.16186,34.13554],[135.16162,34.13555],[135.16145,34.13556],[135.16121,34.13563],[135.16115,34.13563],[135.16113,34.13562],[135.1611,34.13562],[135.16107,34.13566],[135.161,34.13564],[135.1609,34.13566],[135.16075,34.13568],[135.16071,34.1357],[135.16057,34.13577],[135.16048,34.1358],[135.16025,34.13587],[135.16024,34.13587],[135.16022,34.13586],[135.16019,34.13585],[135.15996,34.13581],[135.15994,34.13629],[135.15889,34.13612],[135.15854,34.1359],[135.15838,34.13595],[135.15813,34.13607],[135.1582,34.13623],[135.15811,34.13629],[135.15737,34.13677],[135.15773,34.13703],[135.15849,34.13666],[135.15957,34.13668],[135.15974,34.13673],[135.15926,34.13672],[135.15832,34.13681],[135.15762,34.13715],[135.15747,34.13731],[135.15732,34.1374],[135.15727,34.13742],[135.15709,34.13749],[135.157,34.13751],[135.15684,34.13756],[135.15679,34.13758],[135.15671,34.13762],[135.15667,34.13765],[135.15645,34.13785],[135.15641,34.13791],[135.15639,34.13794],[135.15635,34.13799],[135.1563,34.13806],[135.15629,34.13808],[135.15628,34.13813],[135.15629,34.13814],[135.15634,34.1382],[135.15634,34.13823],[135.15633,34.13823],[135.15631,34.13823],[135.15629,34.13822],[135.15627,34.13821],[135.15624,34.13819],[135.15615,34.13823],[135.15613,34.13826],[135.15611,34.13828],[135.15607,34.13834],[135.15574,34.13852],[135.15565,34.1386],[135.15561,34.13866],[135.1556,34.13871],[135.15559,34.13875],[135.15556,34.13882],[135.15554,34.13884],[135.15553,34.13887],[135.15552,34.13894],[135.15551,34.13896],[135.1555,34.13898],[135.15539,34.13896],[135.15529,34.13896],[135.15525,34.13898],[135.15517,34.13902],[135.15484,34.13909],[135.15467,34.13911],[135.1546,34.13911],[135.15448,34.1391],[135.15437,34.1391],[135.15433,34.13911],[135.15429,34.13911],[135.15423,34.13911],[135.1542,34.1391],[135.15412,34.13909],[135.15399,34.13904],[135.15395,34.13903],[135.15392,34.13903],[135.15387,34.13902],[135.15385,34.13902],[135.15374,34.139],[135.15369,34.13899],[135.15362,34.13899],[135.15356,34.13899],[135.15336,34.13896],[135.15332,34.13895],[135.15329,34.13894],[135.15319,34.13891],[135.15315,34.13891],[135.15306,34.13889],[135.15303,34.13887],[135.153,34.13886],[135.15297,34.13885],[135.15294,34.13886],[135.15291,34.13886],[135.15279,34.13881],[135.15275,34.13879],[135.15271,34.13879],[135.15268,34.13879],[135.1526,34.13881],[135.15257,34.13878],[135.15255,34.13877],[135.15231,34.13871],[135.15223,34.13868],[135.15216,34.13866],[135.15209,34.13864],[135.15194,34.13863],[135.15191,34.13864],[135.15189,34.13865],[135.15187,34.13865],[135.1518,34.13863],[135.15177,34.13863],[135.15174,34.13864],[135.15162,34.13863],[135.15157,34.13863],[135.1515,34.13867],[135.1515,34.13866],[135.15145,34.13866],[135.15144,34.13866],[135.15142,34.13866],[135.15131,34.13866],[135.15127,34.13866],[135.15111,34.13861],[135.15094,34.13854],[135.15082,34.13851],[135.15027,34.13843],[135.15002,34.13844],[135.14994,34.13847],[135.14981,34.13852],[135.14958,34.1386],[135.14955,34.1386],[135.14938,34.13858],[135.14923,34.13858],[135.14884,34.1386],[135.14868,34.13862],[135.14855,34.13862],[135.14851,34.13861],[135.14838,34.13862],[135.14834,34.1386],[135.14829,34.1386],[135.1479,34.13855],[135.14784,34.13854],[135.14752,34.13839],[135.14745,34.13839],[135.14744,34.13838],[135.14735,34.13836],[135.1473,34.13836],[135.14716,34.13832],[135.14707,34.13832],[135.14692,34.13838],[135.14693,34.13845],[135.14677,34.13841],[135.14674,34.1384],[135.14656,34.13841],[135.14651,34.1385],[135.14643,34.13861],[135.14637,34.13864],[135.14624,34.13872],[135.14602,34.13873],[135.14588,34.13882],[135.14583,34.13883],[135.14572,34.13882],[135.14567,34.1388],[135.14568,34.13876],[135.14574,34.13864],[135.14572,34.13861],[135.14568,34.1386],[135.1456,34.13859],[135.14527,34.13854],[135.14525,34.13854],[135.14523,34.13856],[135.14523,34.13858],[135.14521,34.1386],[135.14481,34.13857],[135.14477,34.13857],[135.14467,34.13856],[135.14463,34.13855],[135.14457,34.13849],[135.14433,34.13849],[135.14427,34.13846],[135.14426,34.13847],[135.14423,34.13848],[135.14411,34.13846],[135.14411,34.13841],[135.1441,34.1384],[135.14389,34.13846],[135.1439,34.13851],[135.1439,34.13852],[135.14383,34.13861],[135.14382,34.13864],[135.14376,34.13866],[135.14309,34.13963],[135.14304,34.1396],[135.14309,34.13948],[135.14365,34.13871],[135.14368,34.13872],[135.14373,34.13863],[135.14372,34.13862],[135.14372,34.1386],[135.14373,34.13858],[135.14374,34.13858],[135.14379,34.13857],[135.1438,34.13851],[135.1438,34.13848],[135.14381,34.13846],[135.14382,34.13846],[135.14387,34.13845],[135.14389,34.13843],[135.14384,34.13844],[135.14378,34.13837],[135.14376,34.13837],[135.14371,34.1384],[135.14367,34.13842],[135.14366,34.13842],[135.14337,34.13823],[135.14329,34.1382],[135.14304,34.13813],[135.14292,34.13812],[135.14285,34.13812],[135.14281,34.13812],[135.14275,34.13811],[135.14265,34.13809],[135.14258,34.1381],[135.14243,34.13817],[135.14238,34.13817],[135.14232,34.1382],[135.14232,34.13822],[135.14227,34.13824],[135.14219,34.13824],[135.14212,34.13826],[135.14204,34.13828],[135.14197,34.1383],[135.14194,34.13831],[135.14177,34.13836],[135.14169,34.13835],[135.14151,34.13833],[135.14119,34.13842],[135.14108,34.13847],[135.14084,34.13857],[135.14078,34.13861],[135.1406,34.13864],[135.14053,34.13866],[135.14045,34.13868],[135.14041,34.13869],[135.14031,34.13873],[135.14027,34.13876],[135.14004,34.13866],[135.13962,34.13849],[135.13954,34.13846],[135.13927,34.13841],[135.139,34.1384],[135.13885,34.13842],[135.13873,34.13843],[135.13857,34.13848],[135.13856,34.13852],[135.13858,34.13855],[135.13852,34.13859],[135.13849,34.13858],[135.13836,34.13865],[135.13836,34.13868],[135.13839,34.13875],[135.13835,34.13877],[135.13829,34.13877],[135.13824,34.13875],[135.13822,34.13871],[135.1382,34.13868],[135.13816,34.13867],[135.13799,34.13865],[135.13778,34.13864],[135.13775,34.13865],[135.13773,34.13867],[135.13757,34.13871],[135.13746,34.13869],[135.13741,34.13869],[135.13729,34.13869],[135.13723,34.13868],[135.13713,34.13866],[135.13709,34.13858],[135.13706,34.13856],[135.13679,34.13847],[135.13664,34.13844],[135.13608,34.13838],[135.13573,34.13844],[135.13558,34.13852],[135.13534,34.13867],[135.13525,34.1387],[135.13518,34.1387],[135.13509,34.13868],[135.13496,34.1386],[135.13493,34.13858],[135.13487,34.13855],[135.13484,34.13854],[135.13477,34.13854],[135.1346,34.13854],[135.13454,34.13854],[135.13424,34.13852],[135.13409,34.1385],[135.13405,34.13849],[135.1339,34.13847],[135.13388,34.13848],[135.13385,34.13849],[135.13384,34.13855],[135.13379,34.13856],[135.13377,34.13856],[135.13371,34.13851],[135.13317,34.1384],[135.13249,34.1383],[135.13227,34.13828],[135.13215,34.13827],[135.13212,34.13826],[135.13187,34.13815],[135.13182,34.13814],[135.13177,34.13813],[135.13137,34.13809],[135.13136,34.13809],[135.13134,34.13801],[135.13131,34.138],[135.13123,34.13801],[135.13112,34.13793],[135.13102,34.13791],[135.13101,34.13789],[135.131,34.13788],[135.13095,34.13785],[135.13094,34.13784],[135.13083,34.1378],[135.13071,34.13778],[135.13055,34.13778],[135.13053,34.13778],[135.13051,34.13777],[135.1305,34.13775],[135.1305,34.13774],[135.1305,34.13773],[135.1302,34.13763],[135.12996,34.13755],[135.12986,34.13753],[135.1298,34.13752],[135.12956,34.1375],[135.12919,34.13747],[135.1285,34.13736],[135.12836,34.13737],[135.12823,34.13738],[135.1281,34.13737],[135.12787,34.13735],[135.12782,34.13735],[135.12776,34.13737],[135.12771,34.13736],[135.12769,34.13735],[135.12765,34.13732],[135.12752,34.13724],[135.1271,34.13707],[135.12703,34.13703],[135.12687,34.13698],[135.12657,34.13686],[135.1265,34.13683],[135.12647,34.13682],[135.12635,34.13679],[135.12623,34.13677],[135.12617,34.13675],[135.12608,34.13675],[135.12603,34.13676],[135.126,34.13672],[135.12599,34.13671],[135.12592,34.1367],[135.12588,34.13668],[135.12587,34.13667],[135.12554,34.13647],[135.12551,34.13643],[135.12543,34.13634],[135.12541,34.13633],[135.12538,34.13631],[135.12534,34.13631],[135.12532,34.13631],[135.12531,34.1363],[135.12529,34.13629],[135.12524,34.13627],[135.12519,34.13622],[135.12513,34.13619],[135.12506,34.13614],[135.12493,34.13603],[135.12491,34.13595],[135.1249,34.13595],[135.12484,34.13591],[135.12482,34.13591],[135.1248,34.1359],[135.12479,34.13588],[135.12477,34.13587],[135.12475,34.13586],[135.12469,34.1358],[135.12467,34.13572],[135.12469,34.13562],[135.12469,34.13561],[135.12467,34.13561],[135.12458,34.1356],[135.12449,34.13559],[135.12443,34.13558],[135.12438,34.1355],[135.1244,34.13542],[135.12439,34.13539],[135.12441,34.13529],[135.12441,34.13528],[135.12437,34.13526],[135.12434,34.13527],[135.12424,34.13528],[135.12423,34.13527],[135.12422,34.13525],[135.12422,34.13524],[135.12424,34.13523],[135.12432,34.1352],[135.12437,34.13517],[135.12436,34.13515],[135.12435,34.13514],[135.12422,34.13508],[135.12422,34.13507],[135.12434,34.13504],[135.12436,34.13503],[135.12443,34.135],[135.12444,34.13499],[135.12447,34.13493],[135.12445,34.13484],[135.12437,34.13476],[135.12437,34.13467],[135.12442,34.13464],[135.12454,34.13461],[135.12471,34.13452],[135.1248,34.1345],[135.12489,34.13453],[135.12499,34.1345],[135.12506,34.13444],[135.12516,34.1343],[135.12523,34.13413],[135.12528,34.13396],[135.12529,34.1339],[135.12528,34.13372],[135.12528,34.13362],[135.12522,34.1333],[135.1252,34.1333],[135.12516,34.1333],[135.12515,34.13328],[135.12515,34.13326],[135.12517,34.13324],[135.12519,34.13323],[135.12521,34.1332],[135.12519,34.13314],[135.12507,34.13296],[135.12498,34.13286],[135.12497,34.13286],[135.12489,34.13286],[135.12487,34.13285],[135.12482,34.13283],[135.12479,34.13279],[135.12476,34.13276],[135.12473,34.1327],[135.12471,34.13267],[135.1247,34.13266],[135.12467,34.13265],[135.12465,34.13265],[135.12458,34.13266],[135.12448,34.13263],[135.12444,34.13262],[135.12443,34.13262],[135.1244,34.13263],[135.12434,34.13266],[135.12431,34.13267],[135.12429,34.13266],[135.12423,34.13258],[135.12418,34.13252],[135.12417,34.13249],[135.1241,34.13247],[135.12409,34.13247],[135.12408,34.13246],[135.12407,34.13243],[135.12408,34.13241],[135.12408,34.13237],[135.12408,34.13234],[135.12396,34.13223],[135.12393,34.13222],[135.12382,34.13217],[135.12377,34.13215],[135.12374,34.13214],[135.1237,34.1321],[135.12364,34.13203],[135.12361,34.132],[135.12359,34.13196],[135.12358,34.13196],[135.12341,34.13197],[135.12336,34.13196],[135.12328,34.13189],[135.1233,34.13186],[135.12337,34.13187],[135.12338,34.13186],[135.12336,34.13184],[135.12323,34.1318],[135.12319,34.13178],[135.12318,34.13177],[135.12319,34.13171],[135.1232,34.13165],[135.12319,34.13165],[135.12316,34.13162],[135.12311,34.13159],[135.12298,34.1315],[135.12283,34.13146],[135.12281,34.13146],[135.12276,34.13142],[135.12271,34.13142],[135.12264,34.13137],[135.12263,34.13137],[135.12259,34.13137],[135.12253,34.13135],[135.12251,34.13133],[135.12237,34.13129],[135.12236,34.13128],[135.12233,34.13125],[135.12232,34.13125],[135.12227,34.13125],[135.12221,34.1312],[135.12218,34.13116],[135.1221,34.13109],[135.12202,34.13102],[135.12203,34.13099],[135.12207,34.13096],[135.12208,34.13096],[135.12208,34.13095],[135.12204,34.13091],[135.12198,34.13084],[135.12195,34.13081],[135.12177,34.13094],[135.12175,34.131],[135.12173,34.13108],[135.1217,34.13097],[135.12181,34.1308],[135.12175,34.13076],[135.12172,34.13074],[135.12172,34.13069],[135.12175,34.13069],[135.12182,34.13065],[135.12183,34.13061],[135.12182,34.13059],[135.12181,34.13055],[135.12182,34.13053],[135.12183,34.13052],[135.1218,34.13052],[135.12172,34.1305],[135.12168,34.13047],[135.12165,34.13044],[135.12158,34.13041],[135.12143,34.13031],[135.12144,34.13023],[135.12137,34.13008],[135.12137,34.13005],[135.12139,34.13001],[135.12154,34.12998],[135.12163,34.13],[135.12168,34.13001],[135.1217,34.13],[135.12177,34.1301],[135.12177,34.13013],[135.12181,34.13016],[135.12192,34.13018],[135.12193,34.13018],[135.12205,34.13017],[135.12209,34.13015],[135.12212,34.13011],[135.1222,34.12992],[135.12223,34.12989],[135.12242,34.12973],[135.12244,34.12963],[135.12249,34.1296],[135.12261,34.12955],[135.12266,34.12951],[135.12272,34.12946],[135.12283,34.12943],[135.12292,34.12931],[135.12295,34.12927],[135.12293,34.12924],[135.12288,34.12917],[135.12288,34.12916],[135.1229,34.12914],[135.12293,34.12914],[135.12298,34.12915],[135.12299,34.12912],[135.12302,34.12906],[135.12325,34.12899],[135.1235,34.12893],[135.12359,34.12895],[135.12424,34.12873],[135.12431,34.12872],[135.12439,34.12878],[135.12446,34.12869],[135.12448,34.12868],[135.12516,34.12833],[135.12516,34.12831],[135.12497,34.12829],[135.12514,34.12827],[135.12525,34.12823],[135.12537,34.12824],[135.12526,34.12826],[135.12531,34.12847],[135.12586,34.12831],[135.12608,34.12825],[135.12684,34.12806],[135.12713,34.12798],[135.12737,34.128],[135.12745,34.12811],[135.12737,34.12816],[135.12846,34.12904],[135.12887,34.12931],[135.12905,34.12957],[135.12917,34.12957],[135.12941,34.12963],[135.12968,34.12975],[135.12978,34.12983],[135.13001,34.12989],[135.13019,34.12998],[135.13035,34.13007],[135.13061,34.1304],[135.13098,34.13103],[135.13106,34.13112],[135.1311,34.13118],[135.13112,34.13127],[135.13114,34.13128],[135.13118,34.13128],[135.13123,34.13137],[135.13122,34.13152],[135.13121,34.13162],[135.13118,34.1318],[135.13114,34.13194],[135.1311,34.13201],[135.13107,34.13211],[135.13103,34.13213],[135.1307,34.13304],[135.13067,34.13314],[135.13059,34.13335],[135.13147,34.13391],[135.13156,34.134],[135.13156,34.13401],[135.13179,34.13428],[135.13247,34.13435],[135.13272,34.13403],[135.13254,34.13389],[135.13221,34.13363],[135.13191,34.13376],[135.13223,34.13356],[135.13217,34.13346],[135.13209,34.13333],[135.13202,34.1331],[135.13202,34.13298],[135.13206,34.13286],[135.13219,34.13267],[135.13262,34.13228],[135.13274,34.13217],[135.13284,34.13204],[135.13292,34.13193],[135.133,34.13174],[135.13306,34.13156],[135.13297,34.13127],[135.13285,34.13114],[135.13281,34.1311],[135.13253,34.13111],[135.1327,34.13085],[135.13269,34.13079],[135.13271,34.13059],[135.13267,34.13038],[135.1326,34.13007],[135.13172,34.13015],[135.13264,34.12998],[135.13276,34.12988],[135.13296,34.12974],[135.13311,34.12962],[135.13316,34.12959],[135.13324,34.12954],[135.13335,34.12919],[135.13332,34.12916],[135.13327,34.12915],[135.13316,34.12903],[135.13313,34.12902],[135.13311,34.129],[135.13326,34.12901],[135.13329,34.12902],[135.13324,34.12889],[135.13342,34.12899],[135.13349,34.12904],[135.13371,34.12904],[135.13395,34.12906],[135.13399,34.12905],[135.13406,34.12901],[135.13408,34.12899],[135.13415,34.12878],[135.13426,34.12864],[135.13429,34.12858],[135.1343,34.12851],[135.13429,34.12847],[135.13426,34.12843],[135.1342,34.1283],[135.13424,34.12797],[135.13423,34.12794],[135.1342,34.12789],[135.13419,34.12786],[135.13421,34.12774],[135.13416,34.12761],[135.13419,34.12757],[135.13426,34.12757],[135.13429,34.12756],[135.1343,34.12755],[135.13432,34.1275],[135.13428,34.12731],[135.13425,34.12729],[135.13426,34.12725],[135.1343,34.12702],[135.13429,34.12701],[135.13426,34.12697],[135.13419,34.12697],[135.13411,34.12696],[135.1341,34.12692],[135.13426,34.12661],[135.13429,34.12656],[135.13432,34.12652],[135.13441,34.12648],[135.13445,34.12625],[135.13445,34.12613],[135.13444,34.12602],[135.13429,34.12592],[135.13426,34.1259],[135.13426,34.12586],[135.13426,34.12584],[135.1342,34.1257],[135.13399,34.12553],[135.13386,34.12544],[135.13366,34.12536],[135.13339,34.12533],[135.13329,34.12527],[135.13315,34.12521],[135.13302,34.12524],[135.133,34.12524],[135.13297,34.12521],[135.133,34.12516],[135.13301,34.12514],[135.13301,34.12513],[135.13285,34.1251],[135.13282,34.12508],[135.13279,34.12503],[135.13279,34.12502],[135.13283,34.12499],[135.13283,34.12497],[135.13281,34.12489],[135.1328,34.12487],[135.13285,34.12474],[135.13291,34.12467],[135.13294,34.12465],[135.13305,34.12454],[135.13306,34.1245],[135.13305,34.12449],[135.13301,34.12446],[135.13303,34.12445],[135.13304,34.12445],[135.13307,34.12446],[135.13309,34.12444],[135.13312,34.12434],[135.13312,34.12424],[135.13311,34.12418],[135.13265,34.12377],[135.13259,34.12376],[135.13256,34.12376],[135.13245,34.1238],[135.13241,34.1238],[135.13237,34.12378],[135.1321,34.12381],[135.13196,34.12381],[135.13148,34.12362],[135.13175,34.12336],[135.13176,34.12334],[135.13177,34.1233],[135.13145,34.12278],[135.1314,34.12274],[135.13118,34.12246],[135.13111,34.12235],[135.13099,34.12226],[135.13095,34.12211],[135.13099,34.12208],[135.13094,34.12202],[135.13107,34.12198],[135.13108,34.12197],[135.1313,34.12166],[135.13179,34.12125],[135.13189,34.12119],[135.13232,34.1209],[135.1326,34.12027],[135.13269,34.12025],[135.13274,34.12022],[135.13277,34.12012],[135.13278,34.12012],[135.13281,34.12011],[135.13282,34.12011],[135.13283,34.12003],[135.13281,34.11997],[135.13286,34.11994],[135.13304,34.11986],[135.13304,34.11984],[135.13302,34.11978],[135.13304,34.11975],[135.1334,34.1193],[135.13344,34.11916],[135.13351,34.11887],[135.13299,34.11815],[135.13324,34.11838],[135.13323,34.11839],[135.13356,34.11885],[135.13373,34.11881],[135.134,34.11866],[135.13466,34.11833],[135.1347,34.11833],[135.13478,34.11832],[135.13486,34.11828],[135.13489,34.11825],[135.13486,34.11813],[135.13512,34.11831],[135.13516,34.11833],[135.13519,34.11836],[135.13522,34.11836],[135.13536,34.11836],[135.1354,34.11837],[135.13605,34.11847],[135.13645,34.11815],[135.13649,34.11806],[135.13643,34.11849],[135.137,34.11864],[135.1376,34.11873],[135.13767,34.11879],[135.13783,34.11886],[135.13785,34.11886],[135.13805,34.11889],[135.13812,34.11889],[135.13838,34.11873],[135.13876,34.11883],[135.1388,34.11885],[135.13882,34.11888],[135.13884,34.11892],[135.13905,34.11961],[135.13932,34.12055],[135.13974,34.12046],[135.13961,34.12006],[135.13958,34.11994],[135.13948,34.1195],[135.13974,34.11941],[135.14055,34.12012],[135.14107,34.11973],[135.13973,34.11848],[135.14082,34.11769],[135.14144,34.11719],[135.14187,34.11754],[135.14228,34.1171],[135.14252,34.11689],[135.14266,34.11688],[135.14378,34.11609],[135.14401,34.11591],[135.14408,34.11508],[135.14415,34.1141],[135.14449,34.11393],[135.14449,34.1138],[135.14453,34.11319],[135.14468,34.11199],[135.14473,34.11159],[135.14487,34.11159],[135.14502,34.1116],[135.14591,34.11169],[135.14607,34.1115],[135.14605,34.11144],[135.14605,34.11143],[135.14604,34.11141],[135.14591,34.11133],[135.14587,34.11127],[135.14583,34.11121],[135.14576,34.11117],[135.14583,34.1111],[135.14571,34.11103],[135.14552,34.11119],[135.14502,34.11099],[135.14479,34.11124],[135.14444,34.11112],[135.14409,34.11098],[135.14344,34.11194],[135.14399,34.11093],[135.14357,34.11073],[135.14346,34.11026],[135.1435,34.11019],[135.14359,34.11003],[135.1436,34.11001],[135.1437,34.10977],[135.14358,34.11001],[135.14347,34.11016],[135.14337,34.10971],[135.14334,34.10966],[135.14305,34.1097],[135.14297,34.10986],[135.14283,34.10957],[135.14216,34.10949],[135.14201,34.10954],[135.14183,34.10969],[135.14135,34.11012],[135.14156,34.11126],[135.14115,34.11156],[135.14114,34.11169],[135.14107,34.11192],[135.14061,34.11232],[135.14048,34.11264],[135.13968,34.11362],[135.13986,34.11443],[135.13942,34.11349],[135.13939,34.11349],[135.13887,34.11293],[135.13876,34.11268],[135.13875,34.11266],[135.13873,34.11263],[135.13872,34.11262],[135.13875,34.11249],[135.13887,34.11236],[135.1389,34.11232],[135.1389,34.11221],[135.13887,34.11216],[135.13885,34.11207],[135.13886,34.112],[135.13891,34.11189],[135.13894,34.11181],[135.13896,34.11174],[135.13893,34.11155],[135.13893,34.11153],[135.13886,34.11121],[135.13887,34.11115],[135.13887,34.11111],[135.13883,34.11097],[135.13884,34.11078],[135.13883,34.11035],[135.13837,34.10982],[135.13744,34.10979],[135.13742,34.10981],[135.13741,34.1098],[135.13691,34.11021],[135.13655,34.1106],[135.13651,34.11074],[135.13647,34.11101],[135.13645,34.11105],[135.13655,34.11186],[135.13656,34.11197],[135.13655,34.11203],[135.1365,34.11223],[135.13649,34.11234],[135.13659,34.11262],[135.13669,34.11278],[135.13506,34.11309],[135.13509,34.11319],[135.13446,34.11342],[135.13387,34.11342],[135.13358,34.11343],[135.13356,34.11342],[135.13354,34.11342],[135.13352,34.11343],[135.13325,34.11352],[135.13315,34.11363],[135.13305,34.11366],[135.1328,34.11369],[135.13274,34.1137],[135.13264,34.1137],[135.13248,34.11365],[135.13217,34.11354],[135.13192,34.11349],[135.13184,34.1135],[135.1318,34.11351],[135.13164,34.11358],[135.13154,34.11365],[135.13144,34.11369],[135.13123,34.11378],[135.13116,34.1138],[135.13056,34.11425],[135.13056,34.11429],[135.13056,34.11431],[135.13055,34.11432],[135.13065,34.11469],[135.13036,34.11427],[135.13027,34.11426],[135.12807,34.11433],[135.1282,34.1147],[135.12868,34.11474],[135.12872,34.11474],[135.12877,34.11482],[135.12876,34.11484],[135.12874,34.11486],[135.12873,34.11489],[135.1284,34.11488],[135.12846,34.11483],[135.1279,34.11486],[135.1279,34.1149],[135.12788,34.11494],[135.12787,34.11494],[135.12774,34.11494],[135.12778,34.11481],[135.1278,34.1148],[135.12782,34.1148],[135.12785,34.11481],[135.12787,34.11482],[135.128,34.11464],[135.12796,34.1143],[135.12754,34.11433],[135.12727,34.11438],[135.12649,34.11443],[135.12636,34.11454],[135.12622,34.1146],[135.12611,34.11464],[135.12602,34.11468],[135.12603,34.11481],[135.12587,34.11482],[135.12562,34.11458],[135.12439,34.11467],[135.12443,34.11499],[135.12467,34.11527],[135.1246,34.11582],[135.12459,34.11578],[135.12427,34.11502],[135.1242,34.11471],[135.12419,34.1147],[135.12337,34.11482],[135.12332,34.11497],[135.12288,34.1149],[135.12279,34.11508],[135.12281,34.11507],[135.12253,34.11527],[135.12254,34.11569],[135.12258,34.11594],[135.1227,34.11649],[135.12259,34.11643],[135.12255,34.1166],[135.12276,34.11707],[135.12255,34.11722],[135.12251,34.11759],[135.12223,34.11761],[135.12135,34.1179],[135.12171,34.11826],[135.12179,34.11821],[135.12209,34.11877],[135.12212,34.11881],[135.12204,34.1188],[135.12206,34.11879],[135.12164,34.11837],[135.12132,34.11791],[135.11939,34.11908],[135.11969,34.11941],[135.1199,34.11952],[135.11967,34.11965],[135.1195,34.11973],[135.11948,34.11972],[135.11972,34.11953],[135.11935,34.1191],[135.1187,34.11973],[135.11565,34.11991],[135.11432,34.11917],[135.11243,34.11587],[135.11209,34.11523],[135.11178,34.11357],[135.11185,34.11338],[135.11205,34.11282],[135.11205,34.11279],[135.11331,34.11286],[135.11479,34.11278],[135.1168,34.11296],[135.11761,34.11336],[135.11855,34.11354],[135.11905,34.11342],[135.11952,34.11282],[135.12047,34.1124],[135.12114,34.11167],[135.12269,34.11124],[135.12349,34.11119],[135.12417,34.11077],[135.12586,34.11007],[135.12704,34.10893],[135.12913,34.10849],[135.13009,34.10773],[135.13099,34.10782],[135.13193,34.10683],[135.13201,34.10625],[135.13202,34.10547],[135.13247,34.10433],[135.1331,34.10426],[135.13356,34.10447],[135.13449,34.10429],[135.13499,34.10413],[135.13541,34.10396],[135.13571,34.10335],[135.13586,34.10304],[135.1358,34.10242],[135.13559,34.10216],[135.13554,34.10209],[135.13543,34.10187],[135.13562,34.10181],[135.1362,34.10141],[135.13833,34.10113],[135.13848,34.10079],[135.13876,34.10017],[135.13877,34.10002],[135.13879,34.0994],[135.13873,34.09902],[135.13882,34.09874],[135.13882,34.09853],[135.13904,34.09778],[135.13901,34.09727],[135.13925,34.09713],[135.13946,34.09637],[135.13961,34.09605],[135.13978,34.09551],[135.13994,34.09408],[135.14022,34.0941],[135.14215,34.09464],[135.14242,34.09453],[135.14294,34.09438],[135.14379,34.09488],[135.1442,34.09482],[135.1451,34.09514],[135.14551,34.09559],[135.14583,34.0952],[135.14695,34.09492],[135.14904,34.09549],[135.15136,34.09446],[135.15161,34.09377],[135.15207,34.09341],[135.15275,34.09341],[135.15465,34.09452],[135.15834,34.09418],[135.15933,34.0944],[135.15984,34.09477],[135.16107,34.09491],[135.16114,34.09468],[135.16121,34.09478],[135.16148,34.09432],[135.16405,34.09437],[135.16655,34.09409],[135.16772,34.09485],[135.16842,34.0949],[135.16899,34.09573],[135.17022,34.09636],[135.17018,34.09689],[135.17094,34.09741],[135.17132,34.09792],[135.17291,34.09792],[135.17354,34.09847],[135.17496,34.09899],[135.17549,34.09983],[135.17647,34.09985],[135.17798,34.10028],[135.17873,34.10116],[135.17957,34.10118],[135.18097,34.10179],[135.18109,34.10135],[135.18133,34.10105],[135.18157,34.10083],[135.18165,34.10053],[135.18166,34.10046],[135.18185,34.10026],[135.18215,34.10009],[135.18287,34.10014],[135.1834,34.10001],[135.18393,34.0999],[135.18421,34.09983],[135.18497,34.09922],[135.18558,34.09891],[135.18609,34.09846],[135.18662,34.0983],[135.18721,34.09824],[135.18758,34.09846],[135.18737,34.09812],[135.1875,34.09799],[135.18787,34.09783],[135.18841,34.09761],[135.18851,34.0976],[135.18888,34.09769],[135.18899,34.09774],[135.18963,34.09805],[135.18972,34.0981],[135.19019,34.09829],[135.19039,34.09837],[135.19053,34.09835],[135.19096,34.09812],[135.19159,34.09832],[135.19195,34.09842],[135.19206,34.09842],[135.19258,34.09837],[135.19341,34.09805],[135.19351,34.09809],[135.19386,34.09836],[135.19413,34.09846],[135.1943,34.09853],[135.1945,34.09851],[135.195,34.09854],[135.19562,34.09871],[135.19587,34.09874],[135.19678,34.09866],[135.19705,34.09851],[135.19814,34.09848],[135.19839,34.09879],[135.19892,34.09935],[135.19936,34.09957],[135.19998,34.09974],[135.20074,34.09996],[135.20112,34.10002],[135.20188,34.10004],[135.20201,34.10004],[135.2025,34.10018],[135.20297,34.10041],[135.20479,34.10015],[135.20533,34.10026],[135.20557,34.10043],[135.20599,34.10101],[135.20643,34.10118],[135.20663,34.10156],[135.20681,34.10176],[135.20695,34.10183],[135.20785,34.10211],[135.20807,34.1022],[135.20837,34.10223],[135.20871,34.10233],[135.20897,34.10277],[135.20931,34.10307],[135.20971,34.10318],[135.20994,34.10324],[135.21081,34.10349],[135.21157,34.10387],[135.21184,34.10402],[135.2121,34.10465],[135.21275,34.10518],[135.21266,34.10573],[135.21291,34.10619],[135.21389,34.10693],[135.21614,34.10703],[135.21665,34.10716],[135.21688,34.10772],[135.21703,34.10867],[135.21661,34.11048],[135.21735,34.11008],[135.21985,34.10985],[135.22047,34.10992],[135.22238,34.10967],[135.22295,34.10937],[135.22318,34.10854],[135.22457,34.10737],[135.22551,34.10695],[135.22626,34.10681],[135.22779,34.10692],[135.22886,34.10651],[135.22971,34.10663],[135.23024,34.10692],[135.23103,34.10702],[135.23104,34.10716],[135.23114,34.10746],[135.23158,34.10786],[135.23169,34.10817],[135.23169,34.10905],[135.23219,34.11045],[135.23231,34.11055],[135.23272,34.1107],[135.2329,34.11082],[135.23327,34.11138],[135.23343,34.11171],[135.23349,34.11191],[135.23395,34.11196],[135.23436,34.11209],[135.23452,34.11213],[135.23518,34.11206],[135.23545,34.11258],[135.23535,34.11285],[135.23532,34.11289],[135.23544,34.11326],[135.23588,34.11377],[135.23611,34.11407],[135.23596,34.11439],[135.23578,34.11494],[135.23572,34.11643],[135.23597,34.11659],[135.23561,34.117],[135.23553,34.1182],[135.23629,34.11925],[135.23643,34.11969],[135.23685,34.12021],[135.23711,34.12072],[135.23735,34.12077],[135.23768,34.12085],[135.23774,34.12084],[135.23834,34.12131],[135.23874,34.12162],[135.2389,34.12203],[135.24025,34.12215],[135.24104,34.12174],[135.24231,34.12197],[135.24299,34.1215],[135.24446,34.12177],[135.24531,34.1222],[135.24636,34.12248],[135.24912,34.12254],[135.25094,34.12173],[135.25224,34.12157],[135.25313,34.1212],[135.25385,34.1205],[135.25455,34.12009],[135.25586,34.11906],[135.25719,34.11828],[135.25808,34.11789],[135.25972,34.11771],[135.26017,34.11756],[135.26034,34.11684],[135.26135,34.11679],[135.26196,34.11643],[135.26275,34.11568],[135.26348,34.11634],[135.26455,34.11643],[135.26486,34.11728],[135.26506,34.11729],[135.26539,34.11723],[135.26566,34.11751],[135.26581,34.11761],[135.2665,34.11764],[135.26713,34.11761],[135.26747,34.11723],[135.2674,34.11693],[135.26726,34.11658],[135.26765,34.11626],[135.26808,34.11618],[135.26844,34.11621],[135.26914,34.11668],[135.26981,34.11624],[135.2702,34.11617],[135.27048,34.11635],[135.27132,34.11643],[135.27136,34.11688],[135.2715,34.11734],[135.27197,34.11752],[135.27261,34.11739],[135.27287,34.11731],[135.27371,34.11718],[135.27402,34.11709],[135.2745,34.11768],[135.27532,34.11812],[135.27641,34.11928],[135.27745,34.11941],[135.27793,34.11981],[135.27861,34.11964],[135.27895,34.11905],[135.27957,34.11858],[135.28032,34.11861],[135.28121,34.11941],[135.28204,34.11918],[135.28246,34.11966],[135.28331,34.11954],[135.28465,34.1196],[135.28429,34.12016],[135.28418,34.12095],[135.28479,34.12147],[135.28522,34.12212],[135.28589,34.12271],[135.28608,34.12313],[135.28671,34.12355],[135.28679,34.12446],[135.28768,34.12477],[135.28795,34.12499],[135.28847,34.12519],[135.2886,34.12525],[135.28887,34.12551],[135.28924,34.12549],[135.2897,34.1255],[135.29015,34.12549],[135.29094,34.12573],[135.29139,34.12579],[135.29172,34.12587],[135.29214,34.12639],[135.29239,34.12689],[135.29269,34.12715],[135.29289,34.12734],[135.29306,34.12807],[135.29319,34.12861],[135.29355,34.12885],[135.29409,34.12889],[135.29435,34.12964],[135.29427,34.12976],[135.29424,34.13004],[135.29429,34.13014],[135.29431,34.13034],[135.2942,34.13044],[135.29408,34.13105],[135.2942,34.13145],[135.29498,34.13177],[135.29499,34.13227],[135.29458,34.13256],[135.29427,34.13315],[135.2939,34.13347],[135.29449,34.13415],[135.29471,34.13442],[135.29495,34.13452],[135.29518,34.13465],[135.29535,34.13495],[135.29544,34.13508],[135.29557,34.13517],[135.29574,34.1352],[135.29596,34.13521],[135.29639,34.13528],[135.29639,34.13539],[135.29703,34.13586],[135.29707,34.1362],[135.29683,34.1367],[135.29711,34.13845],[135.29732,34.13935],[135.29821,34.14046],[135.29849,34.14082],[135.29882,34.14114],[135.29902,34.14162],[135.29915,34.14202],[135.29902,34.14237],[135.29856,34.14269],[135.29834,34.14281],[135.29762,34.14353],[135.29801,34.1444],[135.29857,34.14428],[135.299,34.14451],[135.30034,34.14439],[135.30137,34.14478],[135.3022,34.14613],[135.30207,34.14763],[135.30172,34.14784],[135.30276,34.14989],[135.3028,34.15038],[135.30187,34.152],[135.30151,34.15243],[135.30133,34.15311],[135.30133,34.15422],[135.30157,34.15463],[135.30167,34.15561],[135.30124,34.156],[135.30169,34.15615],[135.30158,34.15674],[135.30116,34.15696],[135.3017,34.15747],[135.30239,34.15744],[135.30271,34.15848],[135.30319,34.1587],[135.3027,34.15986],[135.30312,34.16038],[135.30278,34.16041],[135.30257,34.16112],[135.30253,34.16255],[135.30327,34.16317],[135.30317,34.16377],[135.30285,34.1637],[135.30266,34.16477],[135.3027,34.16562],[135.30162,34.16526],[135.30088,34.16476],[135.29954,34.16436],[135.298,34.1631],[135.29687,34.16251],[135.29626,34.16238],[135.29539,34.16226],[135.29482,34.1617],[135.29406,34.16161],[135.29144,34.16184],[135.2901,34.16216],[135.29005,34.16217],[135.29021,34.16267],[135.29058,34.16341],[135.29065,34.16365],[135.29068,34.16392],[135.29071,34.16405],[135.29049,34.16562],[135.29019,34.16581],[135.28972,34.16612],[135.28951,34.16656],[135.2902,34.16665],[135.29055,34.16718],[135.29069,34.16752],[135.29073,34.16772],[135.29106,34.16809],[135.29222,34.16832],[135.29298,34.16864],[135.2942,34.16895],[135.29552,34.16931],[135.29597,34.16933],[135.29669,34.16955],[135.29672,34.16967],[135.29684,34.17012],[135.29702,34.17039],[135.29724,34.17093],[135.29781,34.17155],[135.29843,34.17163],[135.29865,34.17201],[135.29934,34.17207],[135.30003,34.17258],[135.30039,34.17347],[135.30025,34.17443],[135.29979,34.17558],[135.29998,34.1764],[135.30077,34.17617],[135.30167,34.17673],[135.30277,34.17701],[135.30398,34.17701],[135.30493,34.17684],[135.30588,34.17702],[135.30662,34.1767],[135.30774,34.17702],[135.30868,34.17686],[135.31015,34.17786],[135.31114,34.17777],[135.31237,34.17819],[135.31283,34.17908],[135.31268,34.17982],[135.3122,34.17952],[135.31254,34.18024],[135.31249,34.18097],[135.31277,34.18136],[135.31308,34.18252],[135.31422,34.18442],[135.31382,34.18502],[135.31378,34.18552],[135.31432,34.18668],[135.31502,34.18751],[135.31506,34.18841],[135.31543,34.18931],[135.31512,34.18941],[135.31534,34.19028],[135.31604,34.19114],[135.31665,34.19219],[135.31751,34.19295],[135.31824,34.19337],[135.3179,34.19393],[135.31678,34.19433],[135.31566,34.19428],[135.31464,34.19506],[135.31477,34.19576],[135.31428,34.19708],[135.31436,34.19806],[135.31415,34.1994],[135.31359,34.20058],[135.31354,34.2013],[135.31213,34.2019],[135.31104,34.20205],[135.31162,34.20273],[135.31148,34.20302],[135.31051,34.20283],[135.3093,34.2028],[135.30867,34.20231],[135.30842,34.20099],[135.30833,34.19961],[135.30842,34.19898],[135.30905,34.19844],[135.309,34.19815],[135.30749,34.19619],[135.30672,34.19567],[135.30607,34.19498],[135.30513,34.1959],[135.3045,34.19595],[135.30413,34.19666],[135.30443,34.19698],[135.30266,34.19744],[135.30258,34.19694],[135.30131,34.19723],[135.30133,34.19672],[135.30069,34.19677],[135.30053,34.19738],[135.29878,34.19799],[135.2986,34.19844],[135.29743,34.19863],[135.29648,34.2007],[135.29587,34.20065],[135.29579,34.20101],[135.29428,34.20082],[135.29299,34.20143],[135.29257,34.2014],[135.292,34.2021],[135.2902,34.20243],[135.28972,34.20266],[135.28924,34.20248],[135.28841,34.20257],[135.28748,34.20235],[135.28685,34.20253],[135.28529,34.20271],[135.28458,34.20244],[135.28449,34.20288],[135.28393,34.20324],[135.28367,34.20301],[135.28393,34.20085],[135.28367,34.20028],[135.28409,34.19944],[135.28404,34.19878],[135.28456,34.19797],[135.28436,34.19764],[135.28453,34.19708],[135.28399,34.19675],[135.28319,34.19579],[135.2824,34.19533],[135.28228,34.19442],[135.28179,34.19356],[135.28127,34.19351],[135.28054,34.19245],[135.27992,34.19217],[135.27961,34.19134],[135.27882,34.19117],[135.27836,34.19084],[135.27823,34.19041],[135.2784,34.18969],[135.27774,34.18833],[135.27779,34.18683],[135.27846,34.18636],[135.27909,34.18517],[135.28012,34.18545],[135.28073,34.18501],[135.28121,34.18509],[135.28193,34.18563],[135.28246,34.18552],[135.28307,34.18443],[135.28361,34.18417],[135.28362,34.18366],[135.28484,34.18282],[135.28506,34.18156],[135.28467,34.1813],[135.28421,34.18116],[135.28387,34.1806],[135.284,34.18026],[135.28468,34.17998],[135.28518,34.1789],[135.28512,34.17859],[135.28428,34.17842],[135.28328,34.17856],[135.28214,34.1785],[135.28102,34.17793],[135.28,34.17762],[135.2796,34.17711],[135.27892,34.17727],[135.27741,34.1766],[135.27722,34.17577],[135.27647,34.17572],[135.2748,34.17623],[135.27395,34.17604],[135.27239,34.17597],[135.27146,34.17646],[135.27101,34.17609],[135.27003,34.17587],[135.26998,34.17621],[135.26941,34.17638],[135.2689,34.17603],[135.26759,34.17576],[135.26584,34.1758],[135.26524,34.17653],[135.26446,34.17713],[135.26344,34.17706],[135.26312,34.17741],[135.26212,34.17767],[135.26176,34.17801],[135.26102,34.17795],[135.26056,34.17711],[135.25949,34.17734],[135.25852,34.17813],[135.25732,34.17783],[135.25619,34.17775],[135.255,34.17816],[135.25415,34.18018],[135.25325,34.18096],[135.25201,34.18107],[135.25132,34.18162],[135.25126,34.18084],[135.25083,34.18065],[135.25036,34.18077],[135.24948,34.18012],[135.2495,34.18049],[135.24978,34.18082],[135.24929,34.18101],[135.24851,34.18126],[135.24772,34.18083],[135.24701,34.18086],[135.24659,34.18099],[135.24587,34.18122],[135.24533,34.18147],[135.24506,34.18214],[135.24489,34.18227],[135.24469,34.18222],[135.24409,34.18209],[135.24354,34.18234],[135.24299,34.18209],[135.24266,34.18199],[135.24251,34.18209],[135.24231,34.18241],[135.24228,34.18263],[135.24156,34.183],[135.24101,34.18266],[135.24046,34.18192],[135.24,34.1819],[135.23964,34.18188],[135.23838,34.18173],[135.23654,34.1813],[135.23553,34.18072],[135.23455,34.1809],[135.23448,34.1804],[135.23367,34.18039],[135.23335,34.17972],[135.23376,34.17872],[135.23179,34.17935],[135.2308,34.17892],[135.22972,34.17888],[135.22927,34.1792],[135.22814,34.17915],[135.22777,34.17912],[135.22774,34.17911],[135.22744,34.17897],[135.22733,34.17856],[135.22714,34.17849],[135.22688,34.17831],[135.22682,34.17824],[135.22688,34.17816],[135.22689,34.178],[135.2269,34.17731],[135.22689,34.17722],[135.22684,34.177],[135.22684,34.17682],[135.22701,34.17667],[135.22695,34.17547],[135.22678,34.17474],[135.2259,34.17459],[135.22398,34.17466],[135.22256,34.17501],[135.22082,34.17559],[135.22053,34.17558],[135.21959,34.17556],[135.21851,34.17553],[135.21711,34.17554],[135.21733,34.17525],[135.21565,34.17466],[135.21536,34.17427],[135.21382,34.17352],[135.21298,34.17389],[135.21184,34.17385],[135.21145,34.17338],[135.21014,34.17317],[135.20943,34.17321],[135.20954,34.17337],[135.20768,34.17344],[135.20663,34.17365],[135.20575,34.17366],[135.20517,34.17347],[135.20229,34.17328],[135.20243,34.1728],[135.20335,34.17179],[135.20313,34.17149],[135.20384,34.17051],[135.20339,34.16941],[135.20351,34.16858],[135.20403,34.16807],[135.20399,34.16754],[135.20296,34.16725],[135.20236,34.16667]],[[135.205,34.16054],[135.20426,34.16012],[135.20427,34.16034],[135.205,34.16054]],[[135.21452,34.1583],[135.21441,34.15854],[135.21407,34.15906],[135.21415,34.1591],[135.21452,34.1583]],[[135.2132,34.15918],[135.21313,34.15926],[135.21339,34.15948],[135.2132,34.15918]],[[135.22299,34.13642],[135.2232,34.13634],[135.22283,34.13629],[135.22299,34.13642]],[[135.23716,34.12587],[135.237,34.12608],[135.23699,34.12618],[135.23716,34.12587]],[[135.26989,34.14393],[135.27026,34.14415],[135.27002,34.14394],[135.26989,34.14393]],[[135.24949,34.1573],[135.24958,34.15731],[135.24957,34.15713],[135.24949,34.1573]],[[135.2901,34.17807],[135.29026,34.17821],[135.29031,34.17799],[135.2901,34.17807]],[[135.27982,34.15977],[135.27937,34.16017],[135.27879,34.1607],[135.27982,34.15977]],[[135.27828,34.1619],[135.27823,34.16239],[135.27823,34.16283],[135.27825,34.1629],[135.27823,34.16252],[135.27828,34.1619]],[[135.2766,34.13195],[135.27669,34.13168],[135.27673,34.13152],[135.27674,34.13128],[135.27664,34.13181],[135.2766,34.13195]],[[135.20856,34.1193],[135.20845,34.11961],[135.20897,34.11891],[135.20856,34.1193]],[[135.18977,34.11176],[135.18975,34.11182],[135.19011,34.11172],[135.18977,34.11176]],[[135.21678,34.11758],[135.21815,34.11839],[135.21691,34.11756],[135.21678,34.11758]]],[[[135.12994,34.12927],[135.12984,34.12929],[135.12981,34.1293],[135.12976,34.12926],[135.12972,34.12917],[135.12963,34.1291],[135.1296,34.12905],[135.1296,34.12903],[135.12956,34.129],[135.12907,34.12877],[135.129,34.12872],[135.12898,34.12869],[135.12856,34.12859],[135.12853,34.12858],[135.12843,34.12854],[135.12828,34.12849],[135.12826,34.12843],[135.12831,34.12839],[135.12834,34.12838],[135.12839,34.12837],[135.12838,34.12836],[135.12832,34.1283],[135.12836,34.12826],[135.12845,34.12823],[135.12842,34.12817],[135.12849,34.12815],[135.12851,34.12814],[135.12856,34.12807],[135.12856,34.128],[135.12858,34.12798],[135.12862,34.12795],[135.12862,34.12794],[135.12859,34.1279],[135.12856,34.12789],[135.12852,34.12787],[135.12852,34.12785],[135.12861,34.12776],[135.12882,34.12771],[135.12885,34.12769],[135.12888,34.12768],[135.12893,34.1277],[135.12896,34.12782],[135.12897,34.12784],[135.129,34.1279],[135.129,34.12802],[135.12907,34.12799],[135.12909,34.12807],[135.12906,34.12831],[135.12911,34.12836],[135.12975,34.12868],[135.12982,34.12867],[135.12986,34.12868],[135.12997,34.12875],[135.12996,34.12883],[135.13006,34.12898],[135.1301,34.12903],[135.13015,34.12925],[135.13007,34.12929],[135.12997,34.12928],[135.12994,34.12927]]]]}},{"type":"Feature","properties":{"nm":"橋本市","b":[135.5265,34.2412,135.6809,34.3846],"c":[135.61044,34.323]},"geometry":{"type":"MultiPolygon","coordinates":[[[[135.55966,34.36504],[135.55945,34.36488],[135.55735,34.36217],[135.55685,34.36173],[135.55673,34.36115],[135.55593,34.36031],[135.55466,34.35928],[135.5532,34.35922],[135.55206,34.35956],[135.55157,34.35945],[135.55088,34.35855],[135.55074,34.35812],[135.55044,34.35808],[135.5491,34.35738],[135.54785,34.35658],[135.54706,34.35641],[135.54588,34.35689],[135.54465,34.35645],[135.54386,34.35635],[135.54185,34.35689],[135.5419,34.35752],[135.54075,34.3578],[135.53948,34.35733],[135.53858,34.35678],[135.53821,34.35681],[135.53777,34.35567],[135.53703,34.35478],[135.53612,34.35346],[135.53548,34.35283],[135.53471,34.35179],[135.53352,34.35177],[135.53247,34.3511],[135.53167,34.35101],[135.53108,34.35124],[135.53102,34.35171],[135.52919,34.35142],[135.52891,34.35065],[135.52773,34.34796],[135.52707,34.34635],[135.52685,34.34592],[135.52663,34.34561],[135.52649,34.34501],[135.52687,34.34411],[135.52716,34.34372],[135.52731,34.3435],[135.52745,34.3433],[135.52774,34.34314],[135.52782,34.34304],[135.52817,34.3423],[135.52825,34.34208],[135.52837,34.34196],[135.52852,34.34178],[135.52851,34.34144],[135.52854,34.34104],[135.52844,34.34081],[135.52819,34.3404],[135.52806,34.34013],[135.5278,34.33979],[135.5276,34.3395],[135.52743,34.3388],[135.52764,34.33808],[135.52785,34.33787],[135.52806,34.33761],[135.52825,34.33749],[135.52842,34.33734],[135.52864,34.33721],[135.52872,34.33706],[135.52873,34.33693],[135.52877,34.33686],[135.52895,34.33679],[135.5294,34.33663],[135.5296,34.33654],[135.53,34.33615],[135.52991,34.33587],[135.52944,34.33539],[135.52882,34.33517],[135.52793,34.33429],[135.5277,34.33426],[135.52769,34.33363],[135.52762,34.33357],[135.52751,34.33316],[135.52739,34.33299],[135.52678,34.33291],[135.52672,34.33271],[135.52682,34.33249],[135.5272,34.3321],[135.5267,34.33182],[135.52705,34.33141],[135.52698,34.33096],[135.52679,34.3305],[135.52706,34.33014],[135.52724,34.32985],[135.52707,34.32955],[135.52683,34.32936],[135.52672,34.3292],[135.52683,34.329],[135.52714,34.32873],[135.52713,34.32851],[135.52723,34.32831],[135.5272,34.328],[135.52721,34.3274],[135.52728,34.32719],[135.52767,34.32739],[135.52863,34.32779],[135.52895,34.32812],[135.5292,34.32828],[135.52954,34.32805],[135.52971,34.32793],[135.53036,34.32733],[135.53055,34.32709],[135.53099,34.32698],[135.53127,34.3268],[135.53141,34.32671],[135.53158,34.32658],[135.53185,34.32543],[135.53192,34.32511],[135.53227,34.32477],[135.53245,34.32442],[135.53257,34.32438],[135.53361,34.32432],[135.53382,34.32366],[135.53391,34.32362],[135.53432,34.32363],[135.53472,34.32359],[135.53491,34.32347],[135.53493,34.32338],[135.53507,34.32325],[135.53538,34.32297],[135.53557,34.32286],[135.53568,34.32283],[135.53586,34.32281],[135.53615,34.32261],[135.53628,34.32247],[135.5364,34.32237],[135.53642,34.32223],[135.53634,34.32204],[135.53623,34.32173],[135.5364,34.32122],[135.53701,34.32123],[135.53741,34.32125],[135.5378,34.3212],[135.538,34.32106],[135.53843,34.32026],[135.53849,34.32002],[135.53864,34.31996],[135.53886,34.31987],[135.53898,34.31857],[135.53919,34.31812],[135.53959,34.31743],[135.53932,34.31641],[135.53929,34.31629],[135.53965,34.31558],[135.53993,34.31545],[135.54004,34.31535],[135.54049,34.31532],[135.54055,34.31523],[135.54034,34.315],[135.54049,34.31484],[135.54108,34.31375],[135.54149,34.31359],[135.54186,34.3132],[135.54187,34.31202],[135.54243,34.31177],[135.54256,34.31118],[135.54215,34.31058],[135.54213,34.30986],[135.54292,34.30946],[135.54269,34.30865],[135.54275,34.30691],[135.5421,34.30393],[135.54284,34.30352],[135.54761,34.30031],[135.55163,34.29757],[135.55261,34.29699],[135.55541,34.29531],[135.55602,34.29497],[135.5573,34.2945],[135.55963,34.29391],[135.56045,34.29368],[135.56125,34.2937],[135.56136,34.29373],[135.56205,34.29407],[135.56237,34.29434],[135.56276,34.29467],[135.56455,34.29645],[135.56544,34.2975],[135.56581,34.29789],[135.56735,34.2988],[135.56778,34.29898],[135.56822,34.29915],[135.56899,34.2994],[135.5695,34.29953],[135.57008,34.29962],[135.57081,34.29963],[135.5711,34.29961],[135.57144,34.29782],[135.57166,34.29679],[135.57258,34.29478],[135.57295,34.2943],[135.57224,34.29369],[135.57094,34.29297],[135.57145,34.29273],[135.57116,34.29224],[135.57209,34.29155],[135.57248,34.29195],[135.5724,34.29145],[135.57156,34.29059],[135.57129,34.29028],[135.5712,34.29018],[135.57114,34.28994],[135.57167,34.28928],[135.57307,34.28879],[135.57338,34.28756],[135.57377,34.2869],[135.57337,34.28654],[135.57401,34.28436],[135.57482,34.28338],[135.57485,34.28333],[135.57509,34.28303],[135.57535,34.28283],[135.57561,34.28271],[135.57584,34.28266],[135.57626,34.28324],[135.57584,34.28521],[135.57589,34.28565],[135.57719,34.28628],[135.57743,34.28596],[135.57751,34.28588],[135.57794,34.28579],[135.57812,34.28584],[135.57825,34.28587],[135.57836,34.28582],[135.57867,34.28561],[135.57884,34.28544],[135.57913,34.28523],[135.57924,34.28516],[135.57934,34.28513],[135.57941,34.28508],[135.57933,34.28452],[135.57994,34.28403],[135.58046,34.28391],[135.58056,34.28411],[135.58077,34.28431],[135.58086,34.28437],[135.5809,34.28451],[135.58088,34.28472],[135.58099,34.28504],[135.58114,34.28513],[135.58125,34.2855],[135.58125,34.28561],[135.58128,34.2858],[135.58151,34.28598],[135.58172,34.2861],[135.58196,34.28566],[135.5823,34.28578],[135.58259,34.28597],[135.583,34.28635],[135.58306,34.28642],[135.58328,34.28655],[135.58359,34.28672],[135.58387,34.28668],[135.58407,34.28653],[135.58412,34.28621],[135.58502,34.28596],[135.58546,34.28554],[135.58682,34.28492],[135.58692,34.28481],[135.58698,34.28422],[135.58685,34.2838],[135.58713,34.2835],[135.5872,34.28313],[135.58768,34.28206],[135.58788,34.28088],[135.58889,34.28102],[135.5895,34.28094],[135.5896,34.28091],[135.59024,34.28146],[135.59081,34.2813],[135.59121,34.28139],[135.59133,34.28141],[135.59227,34.28094],[135.59252,34.28081],[135.59293,34.28028],[135.59315,34.28021],[135.59366,34.28018],[135.59391,34.28028],[135.59435,34.28046],[135.59464,34.28055],[135.59512,34.28055],[135.59555,34.28033],[135.59598,34.27988],[135.59612,34.27981],[135.59681,34.28024],[135.59744,34.28021],[135.59807,34.28057],[135.59858,34.28072],[135.59951,34.2806],[135.59966,34.28061],[135.59985,34.28088],[135.60042,34.28146],[135.60091,34.28179],[135.60138,34.28253],[135.60156,34.28263],[135.60253,34.28212],[135.60269,34.28214],[135.60299,34.28224],[135.60303,34.28228],[135.6034,34.28261],[135.60359,34.28267],[135.60476,34.28264],[135.60501,34.28244],[135.60631,34.28297],[135.60706,34.28307],[135.60822,34.28288],[135.60866,34.28295],[135.6098,34.28296],[135.61078,34.28281],[135.61101,34.28279],[135.61176,34.28248],[135.61246,34.28229],[135.61327,34.28146],[135.61347,34.28147],[135.61372,34.28158],[135.61425,34.28179],[135.61479,34.28193],[135.61515,34.28186],[135.61609,34.28161],[135.61642,34.28146],[135.61689,34.28141],[135.61832,34.28211],[135.61894,34.28265],[135.61952,34.28347],[135.62062,34.28406],[135.62199,34.28416],[135.62299,34.28386],[135.62375,34.28382],[135.62646,34.28473],[135.62744,34.28393],[135.62749,34.28343],[135.62821,34.28276],[135.62831,34.28225],[135.62801,34.28163],[135.62847,34.28081],[135.62794,34.28052],[135.62837,34.27952],[135.62969,34.27827],[135.63097,34.27796],[135.6311,34.27784],[135.63116,34.27779],[135.63117,34.27777],[135.63121,34.27771],[135.63169,34.27753],[135.63203,34.27736],[135.63219,34.27718],[135.63219,34.27714],[135.6321,34.277],[135.63202,34.27683],[135.63206,34.27661],[135.63206,34.27652],[135.63202,34.27647],[135.63194,34.27645],[135.63186,34.27641],[135.63157,34.27616],[135.63142,34.27611],[135.63133,34.27609],[135.63135,34.27599],[135.6315,34.27566],[135.63173,34.27574],[135.632,34.27592],[135.63243,34.27612],[135.633,34.27635],[135.6338,34.27654],[135.63406,34.27656],[135.63413,34.27655],[135.6343,34.27623],[135.63437,34.27598],[135.63447,34.27558],[135.63447,34.27526],[135.63447,34.2751],[135.63451,34.27466],[135.63451,34.27446],[135.63469,34.27392],[135.63509,34.27291],[135.63506,34.27278],[135.63503,34.27245],[135.635,34.27196],[135.63501,34.27188],[135.63508,34.27175],[135.63526,34.27157],[135.63531,34.27149],[135.63557,34.27119],[135.63589,34.2709],[135.63608,34.27076],[135.6363,34.27056],[135.63686,34.27041],[135.63701,34.27049],[135.6379,34.27079],[135.6381,34.27087],[135.63821,34.27088],[135.63881,34.27059],[135.63919,34.27033],[135.63928,34.2703],[135.63955,34.27022],[135.6396,34.27022],[135.63975,34.27024],[135.6398,34.27024],[135.63989,34.27018],[135.64017,34.26997],[135.64035,34.26976],[135.64038,34.26965],[135.64035,34.26955],[135.64025,34.26907],[135.64022,34.26893],[135.64004,34.2683],[135.6402,34.26779],[135.64039,34.26763],[135.64064,34.26749],[135.64084,34.26747],[135.64129,34.26747],[135.64149,34.2675],[135.64213,34.26771],[135.64314,34.26802],[135.64336,34.26805],[135.64358,34.26805],[135.64449,34.26788],[135.64517,34.26745],[135.6455,34.26726],[135.64556,34.26709],[135.64519,34.26672],[135.64469,34.26662],[135.64415,34.26648],[135.64378,34.26633],[135.64337,34.26606],[135.6432,34.26582],[135.64327,34.26569],[135.64353,34.26562],[135.64367,34.26562],[135.64388,34.26568],[135.64435,34.26586],[135.64426,34.26517],[135.64367,34.26462],[135.6426,34.26431],[135.64143,34.26341],[135.6391,34.26298],[135.63778,34.26312],[135.63639,34.26308],[135.63643,34.26192],[135.63667,34.26061],[135.63766,34.25848],[135.63725,34.25774],[135.63667,34.25772],[135.63621,34.25741],[135.63541,34.25646],[135.63492,34.25641],[135.63429,34.25574],[135.63324,34.25532],[135.63246,34.25533],[135.63188,34.25476],[135.63066,34.25404],[135.63081,34.25218],[135.63079,34.25107],[135.6316,34.25004],[135.63235,34.24885],[135.63291,34.24927],[135.63426,34.24967],[135.63494,34.24999],[135.63511,34.24972],[135.63721,34.24914],[135.63868,34.24852],[135.64098,34.24829],[135.6424,34.24826],[135.64324,34.24893],[135.644,34.24898],[135.64531,34.24813],[135.64558,34.24776],[135.64722,34.24723],[135.64767,34.24638],[135.6489,34.24557],[135.64966,34.24539],[135.65043,34.24592],[135.6515,34.24614],[135.65258,34.24657],[135.65332,34.2473],[135.65395,34.2461],[135.65202,34.24395],[135.65131,34.24329],[135.65127,34.24289],[135.65207,34.2428],[135.65229,34.24223],[135.65305,34.24188],[135.65397,34.24142],[135.65471,34.24123],[135.65578,34.24181],[135.6564,34.24287],[135.65674,34.24301],[135.6581,34.24303],[135.65917,34.24361],[135.65957,34.24462],[135.66,34.24493],[135.66144,34.24485],[135.66173,34.24601],[135.66206,34.24616],[135.66287,34.24717],[135.66392,34.24744],[135.66514,34.24819],[135.66576,34.24919],[135.66609,34.25087],[135.66725,34.25158],[135.6683,34.25167],[135.66866,34.25313],[135.66897,34.25328],[135.66987,34.25307],[135.67047,34.25312],[135.67092,34.25402],[135.6717,34.25429],[135.67232,34.25496],[135.67288,34.25529],[135.67301,34.25613],[135.67348,34.2566],[135.6743,34.25703],[135.67451,34.25789],[135.67409,34.25837],[135.67393,34.25866],[135.67375,34.25893],[135.67314,34.25934],[135.67297,34.25948],[135.67282,34.25993],[135.67279,34.26007],[135.67266,34.26024],[135.67202,34.26077],[135.6719,34.26102],[135.67187,34.26108],[135.67171,34.26134],[135.67154,34.26159],[135.67135,34.26182],[135.6712,34.26205],[135.67098,34.26251],[135.67087,34.26289],[135.67142,34.26372],[135.67165,34.26401],[135.67203,34.26421],[135.67223,34.26428],[135.67262,34.26457],[135.67273,34.26471],[135.67279,34.26473],[135.67308,34.26484],[135.67316,34.26489],[135.67328,34.265],[135.67334,34.26511],[135.67341,34.26536],[135.67342,34.26546],[135.67351,34.26554],[135.67395,34.26557],[135.67425,34.26564],[135.67437,34.26565],[135.67462,34.26571],[135.67467,34.26589],[135.67476,34.26609],[135.67489,34.26627],[135.67497,34.26632],[135.67557,34.26643],[135.67565,34.26681],[135.67569,34.26704],[135.67602,34.26708],[135.67677,34.26689],[135.67693,34.26699],[135.67701,34.26705],[135.67718,34.26734],[135.67724,34.2678],[135.67727,34.26785],[135.67736,34.26788],[135.67761,34.26792],[135.67788,34.26793],[135.67775,34.26835],[135.67779,34.26876],[135.67875,34.26937],[135.67945,34.27015],[135.68005,34.27123],[135.68053,34.27144],[135.68093,34.27158],[135.67981,34.27183],[135.67925,34.27215],[135.67926,34.27281],[135.68024,34.27346],[135.67907,34.27379],[135.67891,34.27414],[135.67782,34.27459],[135.67715,34.27432],[135.67653,34.27587],[135.67705,34.27634],[135.67625,34.27676],[135.67669,34.27768],[135.67604,34.27779],[135.67548,34.27888],[135.67477,34.27915],[135.67423,34.27975],[135.67466,34.28019],[135.67386,34.27994],[135.67333,34.28007],[135.67348,34.28103],[135.67262,34.2814],[135.6725,34.28184],[135.67306,34.28238],[135.67327,34.28369],[135.67363,34.28415],[135.67358,34.28463],[135.67306,34.28516],[135.67353,34.28573],[135.67357,34.2866],[135.67424,34.28705],[135.67439,34.28758],[135.6751,34.28833],[135.6745,34.28925],[135.67468,34.28969],[135.67529,34.28986],[135.6754,34.29029],[135.6745,34.29054],[135.67384,34.29124],[135.67397,34.29211],[135.67388,34.29278],[135.67341,34.29289],[135.67332,34.29379],[135.67237,34.29359],[135.67201,34.29379],[135.67227,34.29434],[135.672,34.2952],[135.67119,34.29477],[135.67099,34.29544],[135.67211,34.29589],[135.67144,34.29636],[135.67067,34.29619],[135.66913,34.29708],[135.66963,34.298],[135.66961,34.29832],[135.66877,34.29791],[135.66846,34.29801],[135.66866,34.29885],[135.66929,34.29955],[135.66847,34.29947],[135.66821,34.29977],[135.66858,34.30078],[135.66824,34.3009],[135.66754,34.30039],[135.66716,34.30036],[135.66705,34.3009],[135.66745,34.30122],[135.66832,34.30147],[135.66812,34.30228],[135.66751,34.30285],[135.66776,34.30323],[135.66842,34.30287],[135.66883,34.30315],[135.6685,34.3041],[135.66718,34.30467],[135.66681,34.30502],[135.66767,34.3051],[135.66888,34.30604],[135.66876,34.30661],[135.6673,34.30772],[135.66638,34.30831],[135.66626,34.30887],[135.66676,34.31002],[135.6665,34.31032],[135.66683,34.31115],[135.66633,34.31176],[135.66551,34.31219],[135.66583,34.31255],[135.66719,34.31194],[135.66774,34.31321],[135.66733,34.31403],[135.66748,34.31427],[135.66861,34.31462],[135.66902,34.31534],[135.6684,34.31636],[135.66822,34.31727],[135.66802,34.31758],[135.66778,34.31828],[135.66748,34.31823],[135.6678,34.31835],[135.66809,34.31832],[135.66881,34.31823],[135.66865,34.3186],[135.66798,34.31875],[135.66753,34.31911],[135.66742,34.31959],[135.66796,34.32097],[135.66825,34.32133],[135.66818,34.32189],[135.66878,34.32294],[135.66827,34.3233],[135.66851,34.32399],[135.66799,34.32491],[135.66802,34.3256],[135.66741,34.32596],[135.66678,34.32589],[135.66602,34.3267],[135.66159,34.32736],[135.66105,34.32718],[135.66006,34.32685],[135.65991,34.3272],[135.66018,34.32771],[135.65993,34.32873],[135.6603,34.32917],[135.65946,34.33025],[135.6596,34.33077],[135.65931,34.33108],[135.65918,34.33205],[135.65907,34.33255],[135.65883,34.3327],[135.65902,34.33335],[135.65854,34.33405],[135.65998,34.33452],[135.65935,34.33543],[135.66025,34.33611],[135.65964,34.33704],[135.65966,34.33745],[135.66043,34.33763],[135.66142,34.33811],[135.66088,34.33871],[135.66088,34.34],[135.66039,34.34027],[135.66015,34.34072],[135.66064,34.3413],[135.66117,34.34265],[135.66193,34.34298],[135.6622,34.34348],[135.66159,34.34355],[135.66051,34.34451],[135.66067,34.34503],[135.66118,34.34515],[135.66145,34.34599],[135.66213,34.34621],[135.66238,34.34675],[135.66287,34.34694],[135.66275,34.34776],[135.66229,34.34822],[135.66258,34.3492],[135.66175,34.35007],[135.6621,34.35038],[135.66206,34.35099],[135.66281,34.35164],[135.66303,34.35238],[135.66282,34.35342],[135.66337,34.35426],[135.66358,34.35517],[135.66294,34.35586],[135.66284,34.35645],[135.66219,34.35739],[135.66202,34.35801],[135.66111,34.35813],[135.66095,34.35849],[135.66111,34.35913],[135.66078,34.35963],[135.65971,34.3602],[135.65957,34.36076],[135.65892,34.36184],[135.65849,34.36204],[135.65718,34.36415],[135.65652,34.36465],[135.65641,34.36541],[135.65597,34.36587],[135.6561,34.3667],[135.65582,34.36705],[135.65582,34.36803],[135.65518,34.36868],[135.65531,34.36977],[135.65515,34.37031],[135.65535,34.37113],[135.6552,34.37233],[135.65426,34.37279],[135.65409,34.37319],[135.65382,34.37472],[135.65293,34.37557],[135.65282,34.37708],[135.65216,34.37863],[135.65161,34.37908],[135.65115,34.38113],[135.65118,34.38322],[135.6496,34.3834],[135.64797,34.38362],[135.64549,34.3834],[135.64368,34.38381],[135.64303,34.3835],[135.6409,34.38342],[135.63949,34.38325],[135.63878,34.38355],[135.63921,34.38214],[135.63819,34.38158],[135.63653,34.38135],[135.63567,34.38182],[135.63406,34.38239],[135.63255,34.38252],[135.63205,34.38306],[135.6307,34.38325],[135.62929,34.38312],[135.62897,34.3834],[135.62839,34.38341],[135.62804,34.38372],[135.62667,34.38366],[135.62583,34.38382],[135.62586,34.38309],[135.62551,34.38301],[135.62491,34.38337],[135.62414,34.38341],[135.62294,34.38378],[135.62266,34.3841],[135.6216,34.3843],[135.62074,34.38429],[135.61974,34.3846],[135.61916,34.38411],[135.61858,34.38421],[135.61759,34.38313],[135.61754,34.38171],[135.61631,34.37944],[135.61598,34.37844],[135.61502,34.37763],[135.61476,34.37677],[135.61423,34.37663],[135.61231,34.37697],[135.61039,34.37711],[135.6079,34.37776],[135.60732,34.3777],[135.60655,34.37728],[135.60526,34.37763],[135.60449,34.37734],[135.60405,34.37774],[135.60317,34.37806],[135.6026,34.37795],[135.60185,34.37868],[135.60173,34.37967],[135.60046,34.38018],[135.59911,34.38008],[135.5974,34.38032],[135.59574,34.37917],[135.59552,34.37814],[135.59606,34.37729],[135.59528,34.37654],[135.59525,34.37588],[135.59472,34.37534],[135.59423,34.37535],[135.59327,34.37495],[135.59207,34.37501],[135.59141,34.37552],[135.59091,34.37531],[135.59027,34.37562],[135.58979,34.37509],[135.58831,34.37597],[135.5867,34.37532],[135.58432,34.37605],[135.5834,34.37705],[135.58067,34.3765],[135.58008,34.37651],[135.5785,34.3759],[135.57663,34.37574],[135.57576,34.37406],[135.57523,34.37382],[135.57332,34.37344],[135.57251,34.37208],[135.57175,34.37181],[135.57035,34.37153],[135.57004,34.37112],[135.56927,34.3709],[135.56738,34.37171],[135.56664,34.37164],[135.56676,34.37049],[135.56489,34.37013],[135.56344,34.36927],[135.56285,34.36857],[135.56241,34.36763],[135.56166,34.36706],[135.56168,34.36649],[135.56081,34.36541],[135.55966,34.36504]],[[135.61439,34.32386],[135.61476,34.3242],[135.61447,34.32364],[135.61439,34.32386]],[[135.60237,34.31686],[135.60193,34.31679],[135.60229,34.31722],[135.60237,34.31686]],[[135.58371,34.34002],[135.58301,34.34026],[135.58348,34.34017],[135.58371,34.34002]],[[135.5703,34.32856],[135.57025,34.32866],[135.57004,34.32891],[135.57022,34.32872],[135.5703,34.32856]],[[135.58181,34.32475],[135.58155,34.3236],[135.58173,34.32473],[135.58181,34.32475]],[[135.58373,34.31842],[135.58282,34.31808],[135.58363,34.31856],[135.58373,34.31842]],[[135.60155,34.37468],[135.60153,34.3752],[135.60155,34.37478],[135.60155,34.37468]],[[135.60363,34.34138],[135.60347,34.3406],[135.6035,34.34124],[135.60363,34.34138]],[[135.60612,34.34109],[135.60629,34.34114],[135.60624,34.34084],[135.60612,34.34109]],[[135.64174,34.36285],[135.6398,34.36178],[135.64055,34.36225],[135.64174,34.36285]],[[135.6398,34.36178],[135.63863,34.36091],[135.63893,34.3612],[135.6398,34.36178]],[[135.62722,34.34858],[135.62721,34.34849],[135.627,34.34869],[135.62722,34.34858]],[[135.64066,34.33603],[135.64072,34.33599],[135.64067,34.33602],[135.64066,34.33603]],[[135.64523,34.3419],[135.64422,34.34201],[135.6452,34.34199],[135.64523,34.3419]],[[135.64392,34.35704],[135.644,34.35732],[135.64398,34.3572],[135.64392,34.35704]],[[135.639,34.34197],[135.63957,34.34198],[135.63896,34.34188],[135.639,34.34197]],[[135.66297,34.31539],[135.66204,34.31517],[135.6627,34.31534],[135.66297,34.31539]],[[135.65497,34.31237],[135.65453,34.31294],[135.65461,34.31298],[135.65497,34.31237]],[[135.63354,34.31705],[135.63355,34.31677],[135.63331,34.31696],[135.63354,34.31705]],[[135.5912,34.29224],[135.59122,34.29195],[135.59112,34.29216],[135.5912,34.29224]],[[135.60992,34.30581],[135.61008,34.30541],[135.60971,34.30542],[135.60992,34.30581]],[[135.61434,34.31074],[135.61407,34.31062],[135.61355,34.3104],[135.61434,34.31074]],[[135.61728,34.32345],[135.61729,34.32333],[135.61727,34.32354],[135.61728,34.32345]],[[135.61731,34.3226],[135.61724,34.32238],[135.61718,34.32224],[135.61731,34.3226]],[[135.5761,34.33655],[135.57636,34.33653],[135.57473,34.33647],[135.5761,34.33655]],[[135.60458,34.33484],[135.60453,34.33486],[135.60489,34.33516],[135.60458,34.33484]],[[135.60927,34.34029],[135.60932,34.34],[135.60903,34.34031],[135.60927,34.34029]],[[135.63091,34.32574],[135.63089,34.32558],[135.6306,34.32587],[135.63091,34.32574]],[[135.58334,34.29759],[135.58179,34.2969],[135.58251,34.29724],[135.58334,34.29759]],[[135.58091,34.29661],[135.58059,34.29647],[135.58061,34.29656],[135.58091,34.29661]],[[135.59317,34.30081],[135.5932,34.30063],[135.59291,34.30044],[135.59317,34.30081]],[[135.60645,34.30713],[135.6064,34.30695],[135.60615,34.30697],[135.60645,34.30713]]],[[[135.60672,34.33902],[135.60648,34.33839],[135.60649,34.33841],[135.60672,34.33902]]],[[[135.55333,34.27756],[135.55359,34.2782],[135.55341,34.27934],[135.55233,34.28053],[135.5531,34.28125],[135.55341,34.28188],[135.55401,34.2823],[135.55401,34.28305],[135.55496,34.28401],[135.55486,34.28489],[135.55542,34.28554],[135.55629,34.2861],[135.55707,34.28807],[135.55681,34.28925],[135.55622,34.29008],[135.55587,34.29024],[135.55505,34.28994],[135.55464,34.2895],[135.55419,34.28948],[135.55452,34.28909],[135.55353,34.28876],[135.55293,34.28828],[135.55222,34.28743],[135.55257,34.28732],[135.55173,34.28649],[135.55057,34.28596],[135.54977,34.28526],[135.54811,34.28484],[135.54742,34.28456],[135.54735,34.28455],[135.54686,34.28431],[135.54678,34.28417],[135.54608,34.28359],[135.54573,34.28325],[135.54558,34.283],[135.54546,34.28294],[135.54488,34.28259],[135.54403,34.2817],[135.5437,34.28124],[135.54569,34.28087],[135.54695,34.28],[135.54766,34.27919],[135.54844,34.27882],[135.54922,34.27792],[135.55109,34.2774],[135.55186,34.27675],[135.55277,34.27743],[135.55333,34.27756]]],[[[135.53038,34.32255],[135.53013,34.3229],[135.5294,34.32301],[135.52876,34.32279],[135.52824,34.32188],[135.52794,34.32191],[135.52759,34.32088],[135.52725,34.32113],[135.52684,34.32082],[135.52702,34.32029],[135.5275,34.31988],[135.52794,34.31887],[135.52849,34.31927],[135.52973,34.31928],[135.5299,34.32061],[135.52947,34.32161],[135.53018,34.32175],[135.53038,34.32255]]]]}},{"type":"Feature","properties":{"nm":"有田市","b":[135.0752,34.0554,135.1933,34.1181],"c":[135.1435,34.08163]},"geometry":{"type":"MultiPolygon","coordinates":[[[[135.11424,34.08351],[135.11433,34.08238],[135.11417,34.08238],[135.11402,34.08237],[135.1136,34.08233],[135.11349,34.08238],[135.11338,34.08237],[135.11315,34.08236],[135.11292,34.08234],[135.11268,34.0823],[135.11226,34.08232],[135.11205,34.08229],[135.11178,34.08228],[135.11165,34.08228],[135.11134,34.0823],[135.1113,34.08226],[135.11096,34.0822],[135.1109,34.08221],[135.11081,34.08221],[135.11054,34.08221],[135.11041,34.08222],[135.11014,34.08222],[135.10992,34.08224],[135.10974,34.08226],[135.10953,34.08229],[135.1089,34.08221],[135.10813,34.08216],[135.10739,34.08208],[135.10622,34.08193],[135.10553,34.08183],[135.1042,34.08163],[135.10339,34.08154],[135.10277,34.08147],[135.10229,34.0815],[135.1012,34.08141],[135.10003,34.08211],[135.10137,34.08128],[135.10135,34.08114],[135.10181,34.0813],[135.10187,34.08135],[135.10193,34.08136],[135.10215,34.08141],[135.10219,34.08142],[135.10224,34.08143],[135.10226,34.08143],[135.1023,34.08142],[135.10235,34.0814],[135.10241,34.08138],[135.10252,34.08142],[135.10309,34.08111],[135.1032,34.08031],[135.1029,34.08014],[135.10244,34.08091],[135.10288,34.08012],[135.10253,34.07992],[135.10169,34.08092],[135.10123,34.08084],[135.10122,34.08077],[135.10127,34.0805],[135.1016,34.0801],[135.10208,34.07968],[135.10146,34.07927],[135.10142,34.07924],[135.10138,34.07923],[135.10136,34.07923],[135.10132,34.07922],[135.10128,34.07922],[135.10123,34.07923],[135.10023,34.07957],[135.10019,34.07964],[135.10019,34.07966],[135.10018,34.07971],[135.10018,34.07977],[135.10021,34.07995],[135.10034,34.08005],[135.10072,34.07994],[135.1,34.08053],[135.10019,34.08073],[135.10026,34.08087],[135.1006,34.08129],[135.10005,34.08176],[135.09999,34.08179],[135.09898,34.08134],[135.09671,34.08129],[135.0963,34.08099],[135.09579,34.07969],[135.09567,34.07943],[135.09456,34.07875],[135.09364,34.07819],[135.09289,34.07904],[135.09261,34.07888],[135.09343,34.07792],[135.09261,34.07743],[135.09027,34.07603],[135.08955,34.0756],[135.08905,34.07614],[135.09,34.07504],[135.09049,34.07449],[135.09009,34.07405],[135.08978,34.07369],[135.08934,34.0732],[135.0892,34.07287],[135.08911,34.07278],[135.08904,34.07263],[135.08897,34.07255],[135.08884,34.07246],[135.08864,34.07239],[135.0885,34.07235],[135.08802,34.07222],[135.08766,34.07213],[135.0874,34.07207],[135.0872,34.07205],[135.08708,34.07207],[135.087,34.0721],[135.08688,34.07215],[135.08685,34.07218],[135.08685,34.0723],[135.08682,34.07242],[135.08678,34.07258],[135.08676,34.07264],[135.08672,34.07269],[135.0867,34.07272],[135.08668,34.07279],[135.08668,34.0728],[135.08667,34.07281],[135.08665,34.07282],[135.08656,34.07283],[135.08653,34.07285],[135.08649,34.0729],[135.08646,34.07292],[135.08641,34.07294],[135.08636,34.07295],[135.08621,34.07295],[135.08607,34.07293],[135.08603,34.07293],[135.08601,34.07292],[135.08599,34.07291],[135.08592,34.07281],[135.08589,34.07277],[135.08581,34.07272],[135.08574,34.07271],[135.08548,34.07268],[135.08516,34.07267],[135.08498,34.07266],[135.08458,34.07266],[135.08447,34.0727],[135.08432,34.07274],[135.08422,34.07276],[135.08417,34.07278],[135.08414,34.07281],[135.08406,34.07288],[135.08399,34.07296],[135.08394,34.07307],[135.08393,34.07316],[135.08392,34.07318],[135.08386,34.07331],[135.08388,34.07341],[135.08389,34.07352],[135.08389,34.07355],[135.0839,34.07359],[135.0839,34.0736],[135.0839,34.07362],[135.08388,34.07363],[135.08387,34.07365],[135.08387,34.07367],[135.0839,34.07372],[135.08391,34.07373],[135.0839,34.07377],[135.08389,34.07378],[135.08381,34.07383],[135.08358,34.07394],[135.08355,34.07394],[135.08352,34.07393],[135.08344,34.0739],[135.08338,34.07388],[135.08336,34.07387],[135.0833,34.07388],[135.08268,34.07422],[135.08269,34.07422],[135.08269,34.07423],[135.08281,34.07438],[135.08266,34.07426],[135.08265,34.07425],[135.08264,34.07425],[135.08247,34.07434],[135.08223,34.07451],[135.08219,34.07456],[135.08218,34.07459],[135.08221,34.07469],[135.08231,34.07483],[135.08232,34.07485],[135.08228,34.07492],[135.08225,34.07496],[135.08224,34.07499],[135.08224,34.07501],[135.08225,34.07504],[135.08229,34.07516],[135.08227,34.07524],[135.0822,34.07527],[135.07952,34.07451],[135.07883,34.07407],[135.07857,34.07349],[135.07918,34.07346],[135.0796,34.07382],[135.07993,34.07327],[135.08083,34.07326],[135.08146,34.07258],[135.08203,34.07231],[135.08269,34.07269],[135.08345,34.07229],[135.08466,34.07126],[135.08471,34.07068],[135.0841,34.07028],[135.08464,34.0703],[135.08585,34.06998],[135.08605,34.07023],[135.08673,34.06998],[135.0872,34.06937],[135.08691,34.06902],[135.08766,34.06891],[135.08793,34.06851],[135.08782,34.06772],[135.08716,34.0672],[135.08876,34.06695],[135.08889,34.06739],[135.09008,34.06778],[135.09012,34.06746],[135.09124,34.06753],[135.09139,34.06809],[135.09093,34.06851],[135.09134,34.06883],[135.09212,34.06843],[135.09323,34.06868],[135.09381,34.06853],[135.09397,34.06773],[135.09452,34.06761],[135.0954,34.06812],[135.09498,34.06869],[135.09578,34.06944],[135.09646,34.06919],[135.09687,34.06968],[135.09747,34.06983],[135.09912,34.06989],[135.09992,34.0701],[135.10056,34.06985],[135.10108,34.06892],[135.10031,34.0686],[135.10168,34.06869],[135.10171,34.06919],[135.10237,34.06961],[135.10309,34.0706],[135.10394,34.07095],[135.10513,34.07098],[135.10606,34.0702],[135.10763,34.06955],[135.10824,34.06961],[135.10992,34.07023],[135.11116,34.07034],[135.11244,34.06972],[135.11273,34.06931],[135.11234,34.06892],[135.11234,34.06843],[135.11269,34.06837],[135.11243,34.06789],[135.11372,34.06846],[135.11416,34.06785],[135.1145,34.06809],[135.11504,34.06799],[135.11649,34.06806],[135.11693,34.06764],[135.11732,34.06784],[135.11829,34.06731],[135.11888,34.06739],[135.12002,34.06712],[135.1202,34.06765],[135.12065,34.06772],[135.12229,34.0672],[135.12328,34.06654],[135.12387,34.06573],[135.12331,34.06508],[135.1238,34.06462],[135.12437,34.06512],[135.12484,34.06517],[135.12518,34.06459],[135.12606,34.06466],[135.12641,34.06509],[135.1272,34.06529],[135.12852,34.06493],[135.13141,34.06495],[135.13166,34.06512],[135.13345,34.06513],[135.13447,34.06488],[135.13514,34.06494],[135.13564,34.06455],[135.13599,34.06459],[135.13627,34.06391],[135.13685,34.06416],[135.13641,34.0639],[135.13672,34.0633],[135.13611,34.06303],[135.13677,34.06301],[135.13737,34.06195],[135.1378,34.06051],[135.13766,34.05932],[135.1379,34.05759],[135.13825,34.05762],[135.13914,34.05696],[135.13914,34.05712],[135.13946,34.05865],[135.14087,34.05956],[135.14184,34.05985],[135.14239,34.06038],[135.1432,34.05972],[135.14358,34.05915],[135.14457,34.05863],[135.1455,34.05866],[135.14642,34.05896],[135.14854,34.05838],[135.14957,34.05911],[135.14986,34.05959],[135.15048,34.05973],[135.15096,34.05992],[135.15155,34.06018],[135.15204,34.05998],[135.15236,34.05997],[135.15279,34.06011],[135.15302,34.06021],[135.15324,34.06053],[135.15491,34.06115],[135.15569,34.06174],[135.15723,34.06223],[135.15792,34.06261],[135.15934,34.06284],[135.15995,34.06307],[135.16093,34.06255],[135.16184,34.06291],[135.16254,34.06281],[135.16359,34.06306],[135.16417,34.06339],[135.16494,34.06317],[135.16619,34.06315],[135.1671,34.0629],[135.16763,34.06201],[135.16908,34.06141],[135.17008,34.0595],[135.17046,34.05925],[135.17085,34.0579],[135.17217,34.05632],[135.17209,34.05586],[135.17279,34.05541],[135.1741,34.05593],[135.17447,34.05601],[135.17489,34.05596],[135.17501,34.05597],[135.17547,34.05621],[135.17583,34.05633],[135.17655,34.05622],[135.17722,34.05635],[135.17746,34.05647],[135.17758,34.05657],[135.17787,34.05654],[135.17843,34.05646],[135.17854,34.05648],[135.17872,34.05657],[135.17888,34.05667],[135.17898,34.05667],[135.17929,34.05668],[135.17962,34.05683],[135.18052,34.05726],[135.18063,34.05738],[135.18076,34.05758],[135.18118,34.05782],[135.18154,34.05888],[135.18148,34.05961],[135.18233,34.06028],[135.18291,34.06052],[135.18288,34.06151],[135.18344,34.06179],[135.18434,34.06168],[135.18551,34.0618],[135.18616,34.06154],[135.18705,34.0618],[135.18726,34.06209],[135.18748,34.0631],[135.18731,34.06405],[135.18771,34.06478],[135.18766,34.06523],[135.18992,34.0662],[135.1901,34.06682],[135.19068,34.06848],[135.19077,34.06876],[135.19162,34.07129],[135.19153,34.07166],[135.19221,34.07295],[135.19192,34.07296],[135.19199,34.07379],[135.19211,34.07503],[135.19225,34.07554],[135.19231,34.07573],[135.19248,34.07634],[135.19333,34.07706],[135.19321,34.07724],[135.19289,34.0773],[135.19277,34.07735],[135.19248,34.07774],[135.19205,34.07845],[135.19184,34.07915],[135.19181,34.07982],[135.19101,34.08165],[135.19018,34.08225],[135.19028,34.08288],[135.18961,34.08427],[135.18958,34.08483],[135.18883,34.08674],[135.18924,34.08738],[135.18906,34.0879],[135.18926,34.0889],[135.18913,34.0892],[135.18897,34.08985],[135.18877,34.09002],[135.18839,34.09018],[135.18827,34.09022],[135.18788,34.09071],[135.18797,34.09086],[135.18809,34.09169],[135.18807,34.09194],[135.18791,34.09223],[135.18745,34.09292],[135.18745,34.09309],[135.1874,34.09328],[135.18735,34.09339],[135.18721,34.09381],[135.18692,34.0941],[135.18677,34.09416],[135.18689,34.09437],[135.18739,34.09487],[135.18742,34.09549],[135.18754,34.09581],[135.18726,34.09658],[135.18733,34.09687],[135.18741,34.09741],[135.18751,34.09763],[135.1875,34.09799],[135.18737,34.09812],[135.18721,34.09824],[135.18662,34.0983],[135.18609,34.09846],[135.18558,34.09891],[135.18497,34.09922],[135.18421,34.09983],[135.18393,34.0999],[135.1834,34.10001],[135.18287,34.10014],[135.18215,34.10009],[135.18185,34.10026],[135.18166,34.10046],[135.18165,34.10053],[135.18157,34.10083],[135.18133,34.10105],[135.18109,34.10135],[135.18097,34.10179],[135.17957,34.10118],[135.17873,34.10116],[135.17798,34.10028],[135.17647,34.09985],[135.17549,34.09983],[135.17496,34.09899],[135.17354,34.09847],[135.17291,34.09792],[135.17132,34.09792],[135.17094,34.09741],[135.17018,34.09689],[135.17022,34.09636],[135.16899,34.09573],[135.16842,34.0949],[135.16772,34.09485],[135.16655,34.09409],[135.16405,34.09437],[135.16148,34.09432],[135.16114,34.09465],[135.16114,34.09468],[135.16107,34.09491],[135.15984,34.09477],[135.15933,34.0944],[135.15834,34.09418],[135.15465,34.09452],[135.15275,34.09341],[135.15207,34.09341],[135.15161,34.09377],[135.15136,34.09446],[135.14904,34.09549],[135.14695,34.09492],[135.14583,34.0952],[135.14551,34.09559],[135.1451,34.09514],[135.1442,34.09482],[135.14379,34.09488],[135.14294,34.09438],[135.14242,34.09453],[135.14215,34.09464],[135.14022,34.0941],[135.13994,34.09408],[135.13978,34.09551],[135.13961,34.09605],[135.13946,34.09637],[135.13925,34.09713],[135.13901,34.09727],[135.13904,34.09778],[135.13882,34.09853],[135.13882,34.09874],[135.13873,34.09902],[135.13879,34.0994],[135.13877,34.10002],[135.13876,34.10017],[135.13848,34.10079],[135.13833,34.10113],[135.1362,34.10141],[135.13562,34.10181],[135.13543,34.10187],[135.13554,34.10209],[135.13559,34.10216],[135.1358,34.10242],[135.13586,34.10304],[135.13571,34.10335],[135.13541,34.10396],[135.13499,34.10413],[135.13449,34.10429],[135.13356,34.10447],[135.1331,34.10426],[135.13247,34.10433],[135.13202,34.10547],[135.13201,34.10625],[135.13193,34.10683],[135.13099,34.10782],[135.13009,34.10773],[135.12913,34.10849],[135.12704,34.10893],[135.12586,34.11007],[135.12417,34.11077],[135.12349,34.11119],[135.12269,34.11124],[135.12114,34.11167],[135.12047,34.1124],[135.11952,34.11282],[135.11905,34.11342],[135.11855,34.11354],[135.11761,34.11336],[135.1168,34.11296],[135.11479,34.11278],[135.11331,34.11286],[135.11205,34.11279],[135.11323,34.10946],[135.11242,34.10685],[135.11235,34.10658],[135.11226,34.10628],[135.11215,34.10591],[135.11209,34.10581],[135.11204,34.10573],[135.11187,34.10541],[135.11162,34.10497],[135.11133,34.10445],[135.11015,34.10233],[135.10938,34.10095],[135.10787,34.09827],[135.10799,34.09795],[135.10925,34.09745],[135.11017,34.09756],[135.11067,34.09844],[135.11118,34.09825],[135.11106,34.09803],[135.11122,34.09824],[135.11153,34.0981],[135.11119,34.09753],[135.11116,34.09748],[135.11088,34.09722],[135.11075,34.09727],[135.11098,34.09715],[135.11093,34.09706],[135.11057,34.09688],[135.10992,34.09693],[135.11012,34.0973],[135.11004,34.09733],[135.10945,34.09715],[135.10953,34.09713],[135.10975,34.09689],[135.10973,34.09689],[135.10906,34.09715],[135.10786,34.09763],[135.10308,34.09602],[135.10277,34.09592],[135.10242,34.09479],[135.10246,34.09435],[135.1025,34.09424],[135.10228,34.0934],[135.10224,34.09332],[135.10216,34.0932],[135.10204,34.09313],[135.10196,34.0931],[135.1019,34.093],[135.10115,34.09071],[135.09889,34.09123],[135.09941,34.09286],[135.09878,34.09393],[135.0989,34.09452],[135.09923,34.09557],[135.09874,34.09454],[135.09879,34.09453],[135.09847,34.09393],[135.09835,34.09387],[135.09823,34.09381],[135.09819,34.09379],[135.09804,34.09376],[135.09788,34.09376],[135.09781,34.09376],[135.09737,34.09376],[135.0972,34.09382],[135.09717,34.09381],[135.09716,34.09379],[135.09713,34.09378],[135.09712,34.09379],[135.0971,34.09379],[135.09708,34.09376],[135.09707,34.09374],[135.09705,34.09374],[135.09703,34.09375],[135.09698,34.09372],[135.09692,34.09367],[135.09687,34.09365],[135.0969,34.09355],[135.09695,34.09352],[135.09694,34.09347],[135.0969,34.09348],[135.09681,34.09349],[135.09679,34.09347],[135.09677,34.09334],[135.09676,34.09332],[135.09676,34.09333],[135.09672,34.09341],[135.09669,34.09344],[135.09667,34.09345],[135.09666,34.09344],[135.0967,34.09332],[135.09671,34.09326],[135.09671,34.09321],[135.09667,34.0932],[135.09664,34.09322],[135.09656,34.09319],[135.09655,34.09318],[135.09653,34.09318],[135.09646,34.0932],[135.09645,34.09318],[135.09647,34.09312],[135.0965,34.09309],[135.09653,34.0931],[135.09663,34.09309],[135.09663,34.09307],[135.09656,34.09305],[135.09654,34.09304],[135.09651,34.09299],[135.09653,34.0929],[135.09654,34.09287],[135.09642,34.09285],[135.09643,34.09275],[135.09645,34.09274],[135.09643,34.09269],[135.09641,34.09266],[135.09637,34.09244],[135.09635,34.09238],[135.0962,34.09211],[135.09599,34.09195],[135.09597,34.09195],[135.09595,34.09195],[135.09594,34.09196],[135.09591,34.09198],[135.09584,34.09197],[135.09579,34.09196],[135.0957,34.09198],[135.09569,34.09197],[135.09563,34.09196],[135.09561,34.09194],[135.09559,34.09186],[135.09558,34.09183],[135.09554,34.0918],[135.09542,34.09179],[135.09539,34.09177],[135.09533,34.09174],[135.09529,34.09171],[135.0953,34.09171],[135.09535,34.09167],[135.09534,34.09165],[135.09528,34.09162],[135.0952,34.0916],[135.09516,34.09155],[135.09513,34.0915],[135.09514,34.09149],[135.0952,34.0915],[135.09525,34.0915],[135.09528,34.09148],[135.09538,34.09149],[135.09539,34.09143],[135.09534,34.0914],[135.09528,34.09138],[135.09523,34.09134],[135.0952,34.09132],[135.09518,34.09128],[135.09519,34.09125],[135.09521,34.09123],[135.09538,34.09125],[135.09544,34.09132],[135.09548,34.09135],[135.09552,34.09133],[135.09556,34.09135],[135.0956,34.09137],[135.09579,34.0914],[135.09579,34.09134],[135.0957,34.09129],[135.09572,34.09128],[135.09575,34.09128],[135.0958,34.09128],[135.09576,34.09124],[135.09574,34.09121],[135.09584,34.0912],[135.09588,34.09125],[135.09595,34.09125],[135.09599,34.09127],[135.09606,34.09127],[135.09609,34.09127],[135.0961,34.09129],[135.09608,34.09138],[135.09611,34.09139],[135.0962,34.09142],[135.09626,34.09141],[135.09628,34.09142],[135.0963,34.09144],[135.09639,34.09151],[135.09637,34.09154],[135.09638,34.09157],[135.09639,34.09157],[135.09652,34.09154],[135.09654,34.09153],[135.09668,34.09144],[135.09674,34.09122],[135.0958,34.0887],[135.09504,34.08665],[135.0946,34.08545],[135.09507,34.08504],[135.09952,34.08428],[135.09953,34.08428],[135.09959,34.08428],[135.10024,34.0843],[135.1004,34.08428],[135.10049,34.08424],[135.10051,34.08423],[135.10051,34.08422],[135.10054,34.0842],[135.10058,34.08415],[135.10058,34.08414],[135.1006,34.08413],[135.10061,34.08413],[135.10065,34.08413],[135.10067,34.08414],[135.10078,34.08423],[135.10114,34.08446],[135.10118,34.08448],[135.10121,34.08448],[135.1012,34.08454],[135.10223,34.0844],[135.10269,34.08461],[135.10359,34.0848],[135.10373,34.08443],[135.10497,34.08477],[135.10502,34.08478],[135.10769,34.085],[135.10782,34.08501],[135.10933,34.08509],[135.10957,34.08511],[135.10984,34.08513],[135.11048,34.08517],[135.11134,34.08515],[135.11136,34.08515],[135.11143,34.08511],[135.11194,34.0851],[135.11374,34.08506],[135.1141,34.0849],[135.11417,34.08417],[135.11424,34.08351]],[[135.16774,34.08216],[135.1683,34.08399],[135.16838,34.08397],[135.16774,34.08216]]],[[[135.0776,34.11505],[135.07697,34.11519],[135.07621,34.11471],[135.07576,34.11382],[135.07516,34.11331],[135.07531,34.11269],[135.07607,34.11258],[135.07672,34.11208],[135.07647,34.11153],[135.07668,34.11097],[135.07716,34.11064],[135.07808,34.11053],[135.07874,34.10997],[135.07961,34.10995],[135.07931,34.10965],[135.08006,34.10952],[135.08048,34.11095],[135.08126,34.11144],[135.08195,34.11149],[135.0819,34.11225],[135.08307,34.11239],[135.08369,34.11282],[135.08343,34.11353],[135.0838,34.11419],[135.08266,34.11449],[135.08198,34.11447],[135.08129,34.11491],[135.08013,34.11457],[135.07915,34.11457],[135.07822,34.115],[135.0776,34.11505]]],[[[135.10311,34.11762],[135.10321,34.11771],[135.1032,34.11779],[135.10319,34.11784],[135.10317,34.11793],[135.10315,34.11801],[135.10312,34.11804],[135.103,34.11809],[135.10085,34.11699],[135.09895,34.11661],[135.09795,34.11546],[135.09761,34.11446],[135.09759,34.11291],[135.09732,34.11219],[135.09727,34.11132],[135.09792,34.11114],[135.09846,34.11071],[135.09835,34.1099],[135.09804,34.10967],[135.09851,34.10903],[135.10005,34.10823],[135.10071,34.10815],[135.10087,34.10811],[135.10096,34.10808],[135.10103,34.10806],[135.10107,34.10807],[135.10106,34.10811],[135.10103,34.10814],[135.10096,34.10817],[135.10089,34.10822],[135.10087,34.10824],[135.10089,34.10827],[135.10105,34.1083],[135.10127,34.10836],[135.10154,34.10843],[135.10169,34.10852],[135.10173,34.10859],[135.10176,34.10867],[135.10183,34.10873],[135.10189,34.10875],[135.10199,34.10879],[135.10208,34.10882],[135.10213,34.10883],[135.10236,34.10889],[135.1025,34.10896],[135.10261,34.109],[135.10265,34.10902],[135.1028,34.10908],[135.10294,34.10912],[135.10307,34.10914],[135.10316,34.10917],[135.10319,34.10919],[135.10324,34.10927],[135.10327,34.1093],[135.10333,34.10933],[135.10335,34.10933],[135.10339,34.10929],[135.10339,34.10926],[135.10341,34.10916],[135.10343,34.10913],[135.10347,34.1091],[135.10375,34.10915],[135.10384,34.10924],[135.10387,34.10927],[135.10394,34.10932],[135.10405,34.10936],[135.10411,34.10938],[135.10422,34.10942],[135.10433,34.10946],[135.10457,34.10964],[135.10465,34.10969],[135.10475,34.10974],[135.1049,34.10975],[135.105,34.10971],[135.10548,34.10977],[135.10554,34.1098],[135.10546,34.1099],[135.10541,34.11015],[135.10529,34.1103],[135.10519,34.1104],[135.10513,34.11047],[135.10511,34.11052],[135.10496,34.11076],[135.10485,34.1109],[135.10472,34.11114],[135.10463,34.11127],[135.10423,34.11167],[135.104,34.11184],[135.10382,34.11197],[135.10358,34.11212],[135.1034,34.11226],[135.10325,34.11238],[135.1032,34.11243],[135.10308,34.11252],[135.1026,34.11294],[135.1024,34.11315],[135.10207,34.11357],[135.10198,34.11371],[135.10178,34.11405],[135.10167,34.1143],[135.10166,34.11436],[135.10166,34.11447],[135.10168,34.1145],[135.10176,34.11455],[135.10186,34.11462],[135.10194,34.11469],[135.10198,34.11473],[135.10204,34.11489],[135.10205,34.11501],[135.1021,34.11509],[135.10218,34.11513],[135.10219,34.11518],[135.10218,34.11525],[135.10224,34.11536],[135.10231,34.11537],[135.10235,34.11538],[135.10236,34.11543],[135.10231,34.11546],[135.10225,34.11549],[135.10226,34.11556],[135.1023,34.11563],[135.10231,34.11566],[135.10236,34.11571],[135.1025,34.11583],[135.1026,34.11589],[135.10266,34.11593],[135.10268,34.11597],[135.10268,34.11599],[135.10265,34.1161],[135.10287,34.11625],[135.10291,34.11628],[135.103,34.11633],[135.10308,34.11642],[135.10312,34.1165],[135.10314,34.11658],[135.10311,34.11671],[135.10309,34.11682],[135.10312,34.1169],[135.10313,34.1171],[135.10311,34.11716],[135.10308,34.11724],[135.10309,34.11731],[135.10308,34.11739],[135.10307,34.11746],[135.10307,34.11751],[135.10311,34.11762]]]]}},{"type":"Feature","properties":{"nm":"御坊市","b":[135.1408,33.8132,135.2162,33.9528],"c":[135.17604,33.88041]},"geometry":{"type":"Polygon","coordinates":[[[135.15278,33.88337],[135.15284,33.88314],[135.1529,33.88245],[135.15352,33.88196],[135.15384,33.88164],[135.15402,33.88117],[135.1543,33.88006],[135.15419,33.87801],[135.15432,33.8772],[135.15442,33.87687],[135.15228,33.87548],[135.15296,33.87499],[135.15311,33.8749],[135.15316,33.87489],[135.1547,33.87363],[135.15586,33.87264],[135.15638,33.87202],[135.15689,33.87108],[135.15728,33.87002],[135.15728,33.8697],[135.15659,33.8695],[135.15676,33.86897],[135.15663,33.86943],[135.15807,33.86992],[135.158,33.86961],[135.15855,33.86846],[135.15895,33.86732],[135.15346,33.86544],[135.15456,33.86323],[135.15507,33.86311],[135.15759,33.86359],[135.15838,33.86375],[135.15893,33.86387],[135.15897,33.86373],[135.15899,33.86374],[135.15918,33.8631],[135.15924,33.86296],[135.15942,33.86232],[135.15945,33.8623],[135.15949,33.86211],[135.15939,33.86207],[135.15936,33.86208],[135.15897,33.86198],[135.15895,33.86198],[135.15877,33.86195],[135.1589,33.8615],[135.15975,33.86169],[135.16008,33.86],[135.15872,33.85979],[135.15801,33.86157],[135.1574,33.86201],[135.15736,33.86193],[135.15797,33.86155],[135.15877,33.85953],[135.15817,33.85937],[135.15814,33.85904],[135.15767,33.85897],[135.15521,33.85853],[135.15601,33.85957],[135.15538,33.86195],[135.15546,33.86197],[135.15538,33.86228],[135.15345,33.86193],[135.15348,33.8618],[135.14656,33.86057],[135.14603,33.86047],[135.14607,33.86032],[135.14637,33.85916],[135.14667,33.85769],[135.14714,33.85722],[135.14766,33.85694],[135.15145,33.85762],[135.15499,33.85825],[135.15512,33.85843],[135.15712,33.85878],[135.15769,33.85888],[135.15814,33.85895],[135.15828,33.8589],[135.15836,33.85884],[135.1584,33.85882],[135.15847,33.85877],[135.15853,33.85872],[135.15856,33.85866],[135.1586,33.85859],[135.15965,33.8581],[135.16056,33.85717],[135.16103,33.85637],[135.16235,33.85534],[135.16275,33.85489],[135.16314,33.85396],[135.16383,33.85369],[135.16546,33.85253],[135.16569,33.85127],[135.16495,33.85003],[135.16549,33.84956],[135.16664,33.84898],[135.16709,33.84846],[135.1673,33.84778],[135.16698,33.84696],[135.16465,33.84674],[135.16418,33.8468],[135.16324,33.84644],[135.16307,33.84535],[135.1638,33.84512],[135.1645,33.84426],[135.16572,33.84375],[135.16777,33.84341],[135.16851,33.84321],[135.16941,33.84254],[135.1704,33.84112],[135.1712,33.84107],[135.17194,33.8408],[135.17321,33.84062],[135.17318,33.84033],[135.17398,33.8403],[135.17486,33.83972],[135.17542,33.83827],[135.17486,33.83684],[135.17436,33.83652],[135.1743,33.83595],[135.1746,33.83482],[135.17449,33.83432],[135.17447,33.83232],[135.17467,33.83196],[135.1759,33.83081],[135.17704,33.8302],[135.17839,33.82919],[135.1796,33.82863],[135.18092,33.82828],[135.18224,33.82807],[135.18318,33.8278],[135.18307,33.82728],[135.18439,33.82721],[135.18491,33.82679],[135.18493,33.82639],[135.18468,33.82631],[135.18442,33.82449],[135.18352,33.82456],[135.18366,33.82435],[135.1848,33.82424],[135.1845,33.82283],[135.18535,33.82115],[135.18596,33.81968],[135.18757,33.81848],[135.18839,33.81813],[135.19103,33.81791],[135.19168,33.81776],[135.19483,33.81653],[135.19527,33.81611],[135.19549,33.81547],[135.19557,33.81444],[135.19654,33.81365],[135.19745,33.81344],[135.19917,33.81322],[135.19989,33.81409],[135.19994,33.81469],[135.19971,33.81584],[135.19985,33.81657],[135.20129,33.81779],[135.20179,33.8185],[135.20133,33.81914],[135.20089,33.82039],[135.20097,33.82103],[135.20135,33.82165],[135.20166,33.82265],[135.20229,33.82285],[135.20238,33.82317],[135.20312,33.82373],[135.20312,33.82434],[135.20274,33.82532],[135.20242,33.82675],[135.20256,33.82721],[135.20219,33.82828],[135.2022,33.82901],[135.20175,33.83009],[135.20249,33.83112],[135.20324,33.8318],[135.20365,33.83182],[135.20426,33.83292],[135.20454,33.83381],[135.20535,33.83429],[135.20594,33.83424],[135.20772,33.83452],[135.208,33.83542],[135.20859,33.8359],[135.20868,33.8366],[135.20837,33.83807],[135.20757,33.83853],[135.20679,33.83932],[135.2066,33.83982],[135.20506,33.84035],[135.20401,33.84087],[135.20384,33.84136],[135.20246,33.84202],[135.2025,33.84306],[135.20228,33.84416],[135.20255,33.84461],[135.20317,33.84451],[135.20368,33.845],[135.20386,33.84581],[135.20341,33.8465],[135.203,33.84818],[135.20306,33.84964],[135.20285,33.85048],[135.20184,33.85067],[135.20072,33.85055],[135.20012,33.85107],[135.2004,33.85169],[135.20032,33.85243],[135.20048,33.85361],[135.20043,33.85369],[135.1999,33.85378],[135.1993,33.85388],[135.1985,33.85369],[135.19791,33.85393],[135.19679,33.85359],[135.19584,33.8538],[135.1954,33.85407],[135.19491,33.85423],[135.19451,33.85422],[135.19388,33.85432],[135.19334,33.85448],[135.1932,33.85456],[135.19296,33.85463],[135.19268,33.85476],[135.19249,33.85496],[135.19244,33.85514],[135.19247,33.85515],[135.19238,33.8554],[135.1918,33.85565],[135.19162,33.85578],[135.19157,33.85668],[135.19106,33.85664],[135.19094,33.85665],[135.1895,33.85708],[135.18831,33.85709],[135.18694,33.85791],[135.18592,33.85794],[135.18495,33.8578],[135.18405,33.85817],[135.18456,33.86022],[135.1845,33.86197],[135.18547,33.86236],[135.18576,33.86308],[135.18619,33.86511],[135.18616,33.86612],[135.18479,33.86611],[135.18408,33.86648],[135.18374,33.8662],[135.18266,33.86657],[135.18234,33.86718],[135.18032,33.86819],[135.18092,33.86822],[135.1797,33.86895],[135.17891,33.86961],[135.17837,33.8707],[135.17928,33.87034],[135.17957,33.8699],[135.18023,33.8703],[135.18158,33.87019],[135.1827,33.86937],[135.18393,33.86983],[135.18574,33.86984],[135.18592,33.86998],[135.18725,33.87006],[135.18745,33.86954],[135.18822,33.86978],[135.1891,33.86802],[135.1899,33.86768],[135.19077,33.86758],[135.19049,33.86664],[135.19095,33.8669],[135.19103,33.86689],[135.19115,33.86683],[135.19133,33.86627],[135.19148,33.86635],[135.19149,33.8665],[135.19138,33.86695],[135.19117,33.86716],[135.19102,33.86779],[135.19121,33.86808],[135.19103,33.86827],[135.1909,33.86839],[135.19085,33.86846],[135.19084,33.86873],[135.19081,33.86884],[135.19088,33.86876],[135.1915,33.86826],[135.19211,33.86821],[135.19268,33.86773],[135.19299,33.86757],[135.19362,33.86747],[135.19378,33.86747],[135.194,33.86769],[135.19474,33.86757],[135.19501,33.86693],[135.19569,33.86704],[135.19655,33.86692],[135.19676,33.86726],[135.19787,33.8682],[135.19809,33.86829],[135.19871,33.86781],[135.19965,33.86826],[135.20023,33.86829],[135.20085,33.86814],[135.20099,33.86816],[135.20133,33.86809],[135.20216,33.86758],[135.20234,33.86748],[135.20254,33.86748],[135.20293,33.8674],[135.20386,33.86734],[135.20421,33.86704],[135.20454,33.86661],[135.20461,33.8664],[135.20504,33.86639],[135.20532,33.86632],[135.20574,33.86572],[135.20595,33.86545],[135.20664,33.86558],[135.20714,33.86521],[135.20727,33.86514],[135.20793,33.86516],[135.20861,33.86487],[135.20928,33.86462],[135.20939,33.86453],[135.21027,33.86422],[135.21103,33.86431],[135.21143,33.86436],[135.21166,33.86464],[135.21212,33.86467],[135.21241,33.8647],[135.21267,33.86454],[135.21281,33.86461],[135.21292,33.86466],[135.21309,33.86467],[135.21381,33.86446],[135.21403,33.86452],[135.21423,33.8646],[135.21453,33.86481],[135.21487,33.86511],[135.21499,33.86528],[135.21523,33.86635],[135.21529,33.86661],[135.21561,33.86671],[135.21597,33.86699],[135.21608,33.86704],[135.21608,33.86755],[135.21612,33.86833],[135.2162,33.86923],[135.21589,33.86931],[135.21564,33.86975],[135.21526,33.86989],[135.21485,33.87038],[135.2148,33.87061],[135.21496,33.87137],[135.21503,33.87209],[135.21502,33.8724],[135.21444,33.87252],[135.21429,33.8732],[135.21414,33.87327],[135.21334,33.87346],[135.21311,33.87316],[135.21238,33.87319],[135.21226,33.87354],[135.21142,33.87389],[135.2109,33.87416],[135.20992,33.87396],[135.20988,33.87344],[135.20939,33.87307],[135.20915,33.87322],[135.20849,33.87319],[135.2082,33.87331],[135.20777,33.87329],[135.20754,33.87322],[135.2067,33.87343],[135.20568,33.87329],[135.20516,33.87337],[135.20501,33.8734],[135.20477,33.87344],[135.20461,33.8734],[135.2043,33.87346],[135.2041,33.87351],[135.20375,33.87338],[135.20336,33.87341],[135.20242,33.87372],[135.20197,33.87395],[135.20158,33.87348],[135.20148,33.87341],[135.20062,33.87397],[135.20059,33.87528],[135.20039,33.87571],[135.20039,33.8763],[135.19996,33.87711],[135.19982,33.8772],[135.19972,33.87795],[135.19984,33.87815],[135.19997,33.87842],[135.19993,33.87865],[135.1998,33.87891],[135.19984,33.87907],[135.19984,33.87922],[135.19964,33.87946],[135.19921,33.87985],[135.19927,33.88036],[135.19922,33.88053],[135.19925,33.88064],[135.19939,33.8818],[135.19953,33.88194],[135.19964,33.88205],[135.19908,33.88301],[135.19805,33.88297],[135.19808,33.88395],[135.19787,33.88441],[135.19798,33.88581],[135.1978,33.88639],[135.19816,33.88672],[135.19833,33.88827],[135.19782,33.88834],[135.19791,33.88993],[135.19833,33.89089],[135.19842,33.89132],[135.19907,33.8925],[135.19914,33.89268],[135.19743,33.89354],[135.19578,33.89549],[135.19538,33.89633],[135.19499,33.8976],[135.19478,33.899],[135.19408,33.90033],[135.1924,33.90201],[135.19109,33.90354],[135.18993,33.90455],[135.18944,33.90528],[135.18808,33.90589],[135.18511,33.9067],[135.18274,33.90694],[135.1827,33.9082],[135.18223,33.90807],[135.18119,33.90822],[135.18132,33.90847],[135.18004,33.90901],[135.18012,33.90937],[135.17945,33.9096],[135.17979,33.90989],[135.18094,33.91005],[135.18063,33.911],[135.18019,33.91147],[135.17874,33.91105],[135.17862,33.9116],[135.17808,33.91182],[135.17779,33.91233],[135.17668,33.91246],[135.17653,33.91314],[135.17608,33.9132],[135.17538,33.9128],[135.17487,33.91294],[135.17412,33.91269],[135.17391,33.91216],[135.17293,33.91465],[135.17277,33.91629],[135.17292,33.91654],[135.17288,33.9178],[135.17248,33.91878],[135.17206,33.91925],[135.1723,33.91967],[135.17262,33.92102],[135.17241,33.92162],[135.1728,33.92186],[135.17297,33.92288],[135.17284,33.92318],[135.17276,33.92356],[135.17227,33.92363],[135.17199,33.92521],[135.17168,33.92599],[135.17183,33.9263],[135.17162,33.92727],[135.17134,33.92739],[135.17151,33.92904],[135.17209,33.92953],[135.17289,33.93062],[135.17463,33.93168],[135.17529,33.93166],[135.1764,33.93201],[135.177,33.93249],[135.17685,33.93322],[135.17735,33.93367],[135.17744,33.93435],[135.17777,33.93475],[135.17756,33.93544],[135.17671,33.93671],[135.17686,33.93719],[135.17631,33.93886],[135.17642,33.93915],[135.17536,33.93983],[135.17553,33.94068],[135.17491,33.94223],[135.175,33.94305],[135.1756,33.94411],[135.1758,33.94554],[135.17632,33.9461],[135.17689,33.94732],[135.17617,33.94839],[135.17635,33.94891],[135.17592,33.94978],[135.17592,33.95038],[135.17545,33.95134],[135.17454,33.95235],[135.17388,33.95276],[135.17244,33.95212],[135.17099,33.95178],[135.16928,33.95099],[135.16711,33.9504],[135.16653,33.94993],[135.16524,33.95006],[135.16471,33.9499],[135.16388,33.95045],[135.1629,33.95013],[135.16168,33.95027],[135.16076,33.94914],[135.16022,33.94825],[135.16034,33.94657],[135.16047,33.94608],[135.1598,33.94477],[135.15826,33.94357],[135.15704,33.94208],[135.15649,33.94166],[135.15648,33.94027],[135.15564,33.93891],[135.15587,33.93818],[135.15601,33.93672],[135.15595,33.93611],[135.15662,33.93579],[135.15755,33.93479],[135.15893,33.93399],[135.15972,33.93304],[135.16001,33.93148],[135.15984,33.93063],[135.15997,33.93002],[135.15968,33.92923],[135.15914,33.92848],[135.15927,33.92734],[135.15898,33.92725],[135.15904,33.92652],[135.15865,33.92595],[135.15892,33.9258],[135.15884,33.92495],[135.15848,33.92437],[135.15904,33.92424],[135.15882,33.92386],[135.15962,33.92339],[135.15965,33.92291],[135.15894,33.92211],[135.15788,33.91954],[135.15636,33.91906],[135.1554,33.919],[135.15478,33.91895],[135.15439,33.91898],[135.15359,33.91918],[135.15317,33.91918],[135.15229,33.91814],[135.15208,33.91787],[135.15029,33.91728],[135.1505,33.9177],[135.15094,33.91796],[135.15114,33.91803],[135.15137,33.91827],[135.15141,33.91848],[135.15134,33.91857],[135.15133,33.91875],[135.15127,33.9187],[135.15049,33.91858],[135.14949,33.91836],[135.14895,33.91853],[135.14855,33.91886],[135.1482,33.91873],[135.14844,33.91781],[135.1473,33.91761],[135.14759,33.91691],[135.14639,33.91667],[135.14528,33.91646],[135.1436,33.91592],[135.14287,33.91573],[135.14254,33.91542],[135.14081,33.9149],[135.14135,33.91402],[135.14224,33.91428],[135.14287,33.91245],[135.14393,33.9095],[135.14425,33.90939],[135.14362,33.90747],[135.14366,33.90688],[135.14453,33.90438],[135.14548,33.90461],[135.14603,33.90364],[135.14499,33.90338],[135.14572,33.90145],[135.14646,33.89908],[135.14667,33.89749],[135.14715,33.89697],[135.1479,33.89582],[135.14802,33.89552],[135.14872,33.89575],[135.14921,33.89454],[135.14953,33.89329],[135.14979,33.89268],[135.1499,33.89243],[135.14993,33.89225],[135.14995,33.89205],[135.15003,33.89172],[135.15032,33.89061],[135.15089,33.88904],[135.15142,33.88853],[135.15155,33.88787],[135.15165,33.88721],[135.15165,33.88705],[135.1517,33.88706],[135.15187,33.88655],[135.15188,33.88645],[135.15201,33.88621],[135.15223,33.88584],[135.15223,33.88443],[135.15278,33.88337]],[[135.15623,33.89586],[135.15648,33.89569],[135.15642,33.89541],[135.15623,33.89586]]]}},{"type":"Feature","properties":{"nm":"田辺市","b":[135.3357,33.6442,135.8304,34.0686],"c":[135.57752,33.82624]},"geometry":{"type":"MultiPolygon","coordinates":[[[[135.37579,33.72779],[135.37544,33.72664],[135.37658,33.72621],[135.37764,33.72542],[135.37717,33.72514],[135.37775,33.72457],[135.3782,33.72355],[135.37781,33.72292],[135.37892,33.72307],[135.37932,33.72195],[135.37975,33.7208],[135.37944,33.72001],[135.37906,33.71973],[135.37987,33.71961],[135.38041,33.71905],[135.38067,33.71927],[135.38017,33.7198],[135.38045,33.72054],[135.38148,33.72021],[135.38133,33.71999],[135.38308,33.71927],[135.3821,33.71783],[135.38217,33.71773],[135.38299,33.71734],[135.38288,33.71559],[135.38299,33.71562],[135.38309,33.71733],[135.38396,33.71839],[135.38674,33.71708],[135.38547,33.71519],[135.38741,33.71456],[135.38838,33.71532],[135.38903,33.7153],[135.38922,33.71557],[135.38996,33.71538],[135.39131,33.71545],[135.39353,33.71519],[135.39376,33.71613],[135.39329,33.71652],[135.39343,33.71833],[135.39301,33.71889],[135.39243,33.72007],[135.39303,33.72087],[135.39436,33.72155],[135.39447,33.72193],[135.39598,33.7229],[135.39654,33.72275],[135.39628,33.72224],[135.39715,33.72165],[135.3977,33.72243],[135.3979,33.72235],[135.39743,33.72159],[135.39809,33.72118],[135.39905,33.7218],[135.39829,33.72095],[135.39917,33.7204],[135.40016,33.72076],[135.40216,33.71909],[135.40014,33.72047],[135.39837,33.719],[135.39949,33.71863],[135.40109,33.71825],[135.39913,33.71857],[135.39776,33.7186],[135.39675,33.71813],[135.3966,33.71749],[135.39699,33.71686],[135.39666,33.71633],[135.39572,33.71677],[135.39547,33.71663],[135.39605,33.71589],[135.39578,33.71539],[135.3958,33.71457],[135.39556,33.71448],[135.39488,33.7151],[135.39454,33.7147],[135.39492,33.71405],[135.39553,33.71438],[135.3959,33.71408],[135.39586,33.71314],[135.39718,33.71304],[135.39732,33.71289],[135.39719,33.71173],[135.39731,33.71135],[135.39624,33.71078],[135.39525,33.71116],[135.39417,33.71109],[135.39407,33.71169],[135.39337,33.71089],[135.393,33.71093],[135.39365,33.7104],[135.39335,33.70987],[135.39248,33.70987],[135.39276,33.70913],[135.39244,33.70889],[135.39136,33.7094],[135.39115,33.70859],[135.39202,33.70872],[135.39275,33.70804],[135.39384,33.70774],[135.39377,33.70719],[135.39321,33.70679],[135.39279,33.70699],[135.39286,33.70645],[135.39197,33.70713],[135.39107,33.7066],[135.39203,33.70649],[135.39286,33.70575],[135.39158,33.70552],[135.39085,33.70573],[135.39043,33.70536],[135.39118,33.70554],[135.39203,33.7051],[135.3935,33.70537],[135.39389,33.70457],[135.39425,33.70427],[135.3958,33.70365],[135.39648,33.70414],[135.39561,33.7031],[135.39457,33.703],[135.3949,33.70243],[135.39433,33.70223],[135.39353,33.70284],[135.3934,33.70209],[135.39304,33.7023],[135.39213,33.70188],[135.39215,33.70289],[135.39175,33.70308],[135.39175,33.70241],[135.39102,33.7017],[135.39066,33.70211],[135.39102,33.7028],[135.39028,33.70266],[135.38997,33.70223],[135.38958,33.70223],[135.38968,33.70323],[135.39018,33.7033],[135.39021,33.70369],[135.38953,33.70348],[135.38918,33.70307],[135.38892,33.70164],[135.38861,33.70129],[135.38716,33.70085],[135.3871,33.70016],[135.38733,33.69985],[135.38784,33.70007],[135.38794,33.69964],[135.38743,33.69868],[135.38678,33.69846],[135.38617,33.69872],[135.38575,33.6984],[135.38673,33.69842],[135.38757,33.69753],[135.38701,33.69615],[135.38699,33.69568],[135.38803,33.69541],[135.38818,33.69459],[135.38722,33.69443],[135.38716,33.69405],[135.38621,33.69352],[135.38545,33.6941],[135.38522,33.69476],[135.38534,33.69559],[135.38587,33.69697],[135.38403,33.6965],[135.38365,33.6962],[135.38252,33.69661],[135.38236,33.69715],[135.38332,33.69885],[135.38273,33.69923],[135.38253,33.70014],[135.38278,33.7005],[135.38335,33.70032],[135.38382,33.70054],[135.38379,33.70141],[135.38462,33.70211],[135.38511,33.70233],[135.38599,33.70324],[135.38589,33.704],[135.38615,33.70473],[135.38597,33.70488],[135.38531,33.70383],[135.38521,33.70309],[135.38479,33.70277],[135.38404,33.70337],[135.38464,33.70415],[135.3845,33.70444],[135.38489,33.70542],[135.38456,33.70535],[135.38406,33.70432],[135.38417,33.70402],[135.38369,33.7038],[135.3832,33.70415],[135.38303,33.70486],[135.38251,33.70447],[135.38303,33.70413],[135.38335,33.7032],[135.38273,33.70299],[135.38225,33.70365],[135.38201,33.70354],[135.3821,33.70291],[135.38083,33.7034],[135.38175,33.70251],[135.38187,33.70219],[135.38142,33.70194],[135.38111,33.70228],[135.38093,33.70187],[135.38035,33.70233],[135.38006,33.70189],[135.38057,33.70153],[135.38034,33.70093],[135.38109,33.7012],[135.38148,33.70056],[135.38104,33.69996],[135.38041,33.70001],[135.38079,33.69969],[135.38045,33.69947],[135.37934,33.69954],[135.3798,33.69835],[135.38036,33.69815],[135.37987,33.69766],[135.37932,33.69819],[135.37892,33.69825],[135.37902,33.69712],[135.38027,33.69543],[135.37997,33.69521],[135.3785,33.69561],[135.37839,33.69622],[135.37793,33.69673],[135.37766,33.6963],[135.37797,33.69543],[135.37745,33.69518],[135.37719,33.69542],[135.37654,33.69517],[135.37716,33.69411],[135.37826,33.69393],[135.37953,33.69316],[135.37985,33.69249],[135.38043,33.69251],[135.38089,33.69319],[135.38161,33.6931],[135.38273,33.69233],[135.38304,33.69125],[135.38288,33.6912],[135.38302,33.69082],[135.38393,33.68984],[135.38614,33.68866],[135.38683,33.6869],[135.38757,33.68573],[135.38936,33.68609],[135.38981,33.68564],[135.39158,33.68557],[135.39223,33.68576],[135.39335,33.68638],[135.3946,33.68595],[135.39575,33.68642],[135.39617,33.68639],[135.39686,33.68708],[135.39673,33.68848],[135.39836,33.68992],[135.39969,33.6906],[135.39988,33.69111],[135.39969,33.69128],[135.39955,33.69147],[135.39965,33.6919],[135.39977,33.69221],[135.39964,33.69244],[135.39961,33.69263],[135.3996,33.69274],[135.39981,33.693],[135.4,33.69345],[135.40018,33.69346],[135.40068,33.69344],[135.40089,33.69345],[135.4012,33.69371],[135.40144,33.69375],[135.40149,33.69381],[135.40154,33.69402],[135.40163,33.69423],[135.40181,33.69432],[135.40206,33.69433],[135.40236,33.69471],[135.40259,33.69471],[135.40276,33.69458],[135.403,33.69443],[135.40343,33.69487],[135.40344,33.69508],[135.40346,33.69536],[135.40333,33.69555],[135.40322,33.69562],[135.40305,33.69593],[135.40305,33.696],[135.40307,33.69622],[135.40289,33.69629],[135.40283,33.69641],[135.40288,33.69658],[135.40244,33.69686],[135.40233,33.69711],[135.40215,33.6977],[135.40211,33.69792],[135.40201,33.69799],[135.40189,33.69804],[135.40189,33.69812],[135.40209,33.69821],[135.402,33.69861],[135.40163,33.69872],[135.40141,33.69894],[135.40155,33.69892],[135.40189,33.70012],[135.40165,33.70028],[135.40204,33.70048],[135.4024,33.70046],[135.40274,33.70122],[135.40264,33.70127],[135.40248,33.7015],[135.40246,33.7018],[135.40255,33.70192],[135.40288,33.70212],[135.403,33.7024],[135.40299,33.70273],[135.40308,33.70284],[135.40309,33.70297],[135.40306,33.70312],[135.40413,33.70275],[135.40502,33.70306],[135.40571,33.70461],[135.4057,33.70509],[135.40618,33.70538],[135.40638,33.70594],[135.40663,33.70622],[135.40661,33.70686],[135.40824,33.70677],[135.40959,33.70735],[135.40966,33.70843],[135.41035,33.70952],[135.41043,33.71015],[135.41047,33.71089],[135.41049,33.71121],[135.41021,33.71178],[135.41169,33.71133],[135.41194,33.71168],[135.41417,33.7131],[135.41478,33.71317],[135.41524,33.71427],[135.41602,33.71435],[135.41763,33.71403],[135.41816,33.71338],[135.41947,33.71351],[135.42054,33.71325],[135.42129,33.71337],[135.42185,33.71437],[135.42216,33.71456],[135.42251,33.71546],[135.42325,33.71645],[135.42425,33.71693],[135.42472,33.71775],[135.42454,33.71849],[135.42496,33.71899],[135.42541,33.72012],[135.42643,33.72082],[135.42684,33.72081],[135.42742,33.72027],[135.42822,33.72033],[135.42924,33.721],[135.4298,33.72113],[135.42953,33.72167],[135.42981,33.72244],[135.43079,33.72303],[135.43162,33.72324],[135.43226,33.72314],[135.43247,33.72344],[135.43332,33.72363],[135.43421,33.72441],[135.43431,33.72515],[135.43357,33.7266],[135.43268,33.72755],[135.43158,33.72771],[135.43119,33.72801],[135.43115,33.72846],[135.43208,33.72902],[135.4325,33.72974],[135.43297,33.73001],[135.43486,33.72934],[135.43605,33.7297],[135.43643,33.73078],[135.43694,33.73127],[135.43697,33.73285],[135.43661,33.73314],[135.43651,33.73368],[135.43671,33.73408],[135.43886,33.73515],[135.44003,33.73546],[135.43984,33.736],[135.44042,33.73642],[135.44033,33.73726],[135.4398,33.73779],[135.43969,33.73891],[135.43989,33.73901],[135.43993,33.73998],[135.44034,33.74093],[135.44073,33.74125],[135.44147,33.74128],[135.44204,33.74178],[135.44405,33.74284],[135.4439,33.74351],[135.44405,33.74405],[135.44505,33.74426],[135.44592,33.74405],[135.44696,33.7441],[135.44734,33.74396],[135.44837,33.74427],[135.45031,33.74391],[135.45043,33.74429],[135.45112,33.74455],[135.45271,33.74634],[135.45377,33.74696],[135.4547,33.74685],[135.45549,33.74645],[135.45647,33.74704],[135.45811,33.74722],[135.45935,33.74684],[135.4601,33.74708],[135.46055,33.74803],[135.46108,33.74863],[135.46137,33.74928],[135.46185,33.74963],[135.46223,33.74963],[135.46251,33.74949],[135.46274,33.7493],[135.46283,33.7492],[135.46398,33.74838],[135.46531,33.74806],[135.46558,33.74886],[135.4657,33.7492],[135.46574,33.74935],[135.46558,33.74997],[135.46554,33.75026],[135.46559,33.75068],[135.46569,33.75091],[135.46598,33.75133],[135.46607,33.75148],[135.4662,33.75191],[135.46628,33.75201],[135.4665,33.75257],[135.46633,33.75318],[135.46611,33.75341],[135.46592,33.75352],[135.46576,33.75361],[135.46522,33.75418],[135.46517,33.75423],[135.46503,33.75446],[135.46481,33.75499],[135.46455,33.75559],[135.46453,33.75568],[135.46457,33.75594],[135.4646,33.75602],[135.46504,33.75671],[135.46518,33.75684],[135.46561,33.75712],[135.46559,33.75747],[135.46541,33.75801],[135.46571,33.75849],[135.46588,33.7588],[135.46648,33.75958],[135.4669,33.75989],[135.46702,33.7601],[135.46743,33.76087],[135.46747,33.7611],[135.46763,33.76185],[135.46774,33.76207],[135.46775,33.76237],[135.46767,33.76257],[135.46766,33.76301],[135.46806,33.76377],[135.46826,33.76513],[135.46913,33.76801],[135.46932,33.76818],[135.47051,33.76837],[135.47128,33.76815],[135.4718,33.76757],[135.47224,33.76694],[135.47404,33.76641],[135.47485,33.76601],[135.47612,33.76282],[135.4775,33.76139],[135.47839,33.76067],[135.47851,33.76035],[135.47994,33.75947],[135.48016,33.75913],[135.4798,33.75816],[135.48016,33.7578],[135.4816,33.75635],[135.4817,33.75583],[135.48356,33.75514],[135.48391,33.75492],[135.48419,33.75447],[135.48491,33.75402],[135.48501,33.75387],[135.48538,33.75312],[135.48713,33.75132],[135.48647,33.74982],[135.48638,33.749],[135.48598,33.74812],[135.48605,33.74755],[135.48663,33.74687],[135.48676,33.74684],[135.48652,33.74652],[135.48701,33.74567],[135.48701,33.74532],[135.48608,33.7443],[135.48416,33.74322],[135.48384,33.74273],[135.48387,33.74119],[135.48375,33.74042],[135.48287,33.73934],[135.48243,33.73858],[135.48196,33.73737],[135.48195,33.7371],[135.48156,33.73571],[135.48079,33.73517],[135.47975,33.73397],[135.47962,33.73267],[135.47958,33.73256],[135.47861,33.73177],[135.47856,33.73124],[135.47806,33.73061],[135.47768,33.73021],[135.47725,33.72977],[135.47716,33.72954],[135.47703,33.72934],[135.47684,33.72903],[135.47665,33.72889],[135.47717,33.7287],[135.47781,33.72741],[135.47877,33.72668],[135.4788,33.72587],[135.47923,33.7254],[135.47912,33.72481],[135.48067,33.72486],[135.48117,33.7249],[135.48122,33.72383],[135.48246,33.72378],[135.48246,33.72331],[135.48254,33.72188],[135.48253,33.72138],[135.48249,33.72044],[135.48205,33.71929],[135.48173,33.71857],[135.48107,33.71779],[135.48018,33.71761],[135.47853,33.71758],[135.47833,33.71705],[135.47831,33.71608],[135.47954,33.71456],[135.48005,33.7138],[135.4805,33.71355],[135.48159,33.7137],[135.48193,33.71357],[135.48221,33.71332],[135.48293,33.71173],[135.4836,33.71089],[135.48508,33.70957],[135.48561,33.70882],[135.48583,33.7081],[135.48675,33.70713],[135.48794,33.70584],[135.48918,33.7055],[135.49081,33.7045],[135.491,33.70428],[135.49162,33.70306],[135.49223,33.70229],[135.49304,33.70165],[135.49354,33.70151],[135.49554,33.70139],[135.49649,33.70188],[135.49716,33.70208],[135.49758,33.70213],[135.4987,33.70263],[135.49954,33.70241],[135.49996,33.70254],[135.50079,33.70321],[135.50348,33.70414],[135.50387,33.70443],[135.50421,33.70466],[135.50511,33.70514],[135.50574,33.70511],[135.50666,33.70469],[135.50737,33.70448],[135.50774,33.70408],[135.50806,33.70393],[135.50884,33.70304],[135.50942,33.70178],[135.5107,33.70114],[135.5118,33.70084],[135.51238,33.70118],[135.51359,33.70138],[135.51651,33.70281],[135.51712,33.70346],[135.51882,33.70342],[135.51999,33.70429],[135.52095,33.70483],[135.5216,33.70407],[135.52181,33.70279],[135.52224,33.70183],[135.5223,33.70108],[135.52319,33.69923],[135.52422,33.69758],[135.52413,33.69656],[135.5233,33.69537],[135.52376,33.69369],[135.5233,33.69272],[135.52335,33.69229],[135.52407,33.69091],[135.52449,33.69056],[135.52559,33.6907],[135.52773,33.69059],[135.52871,33.69085],[135.53011,33.69181],[135.53103,33.69166],[135.53252,33.69189],[135.5349,33.69191],[135.53524,33.69184],[135.53654,33.69145],[135.5376,33.69128],[135.53884,33.69028],[135.54041,33.68986],[135.54103,33.68957],[135.54182,33.68967],[135.54341,33.69027],[135.5442,33.69136],[135.545,33.69155],[135.54583,33.69129],[135.54629,33.69092],[135.54639,33.69028],[135.54643,33.68964],[135.54684,33.689],[135.54735,33.68769],[135.54871,33.68664],[135.54954,33.68641],[135.55008,33.68603],[135.55035,33.68485],[135.55141,33.68376],[135.55132,33.68288],[135.55177,33.68213],[135.55228,33.68175],[135.55311,33.68154],[135.5546,33.68061],[135.5552,33.67955],[135.55614,33.67888],[135.55641,33.67829],[135.55588,33.67705],[135.55635,33.67592],[135.55675,33.67562],[135.5566,33.6746],[135.55625,33.67404],[135.55616,33.67252],[135.55693,33.6714],[135.55661,33.67058],[135.55664,33.67006],[135.55605,33.6693],[135.55546,33.66823],[135.5554,33.6675],[135.55562,33.66658],[135.55537,33.66475],[135.55586,33.66354],[135.55572,33.66242],[135.55513,33.66181],[135.55412,33.66129],[135.5518,33.66107],[135.55115,33.66059],[135.55072,33.66028],[135.55035,33.65912],[135.5505,33.65806],[135.55158,33.65784],[135.55191,33.65762],[135.55201,33.65752],[135.55277,33.65679],[135.55403,33.6569],[135.55602,33.65687],[135.55737,33.65636],[135.55803,33.65627],[135.55881,33.65656],[135.56,33.6563],[135.56132,33.65672],[135.56182,33.65655],[135.56351,33.65633],[135.56415,33.65635],[135.56484,33.65662],[135.56653,33.65694],[135.56781,33.6576],[135.56919,33.65801],[135.57137,33.65777],[135.57286,33.65814],[135.57316,33.6589],[135.57437,33.6596],[135.57564,33.65984],[135.57643,33.66017],[135.57727,33.6601],[135.57849,33.66071],[135.57942,33.66028],[135.58043,33.65916],[135.5816,33.65893],[135.5826,33.6582],[135.58482,33.6578],[135.58565,33.65737],[135.5864,33.65618],[135.58656,33.65558],[135.58784,33.65352],[135.58832,33.65242],[135.5885,33.65121],[135.58924,33.6508],[135.59117,33.65072],[135.59192,33.65001],[135.59276,33.65022],[135.59348,33.65008],[135.5948,33.64946],[135.59527,33.64912],[135.59675,33.64747],[135.59741,33.64692],[135.59836,33.64562],[135.59917,33.64492],[135.59969,33.6448],[135.60206,33.64526],[135.60282,33.64506],[135.60379,33.64436],[135.60446,33.64424],[135.60521,33.64448],[135.60609,33.64537],[135.60771,33.64599],[135.6099,33.64797],[135.6114,33.64854],[135.61291,33.64986],[135.61326,33.64993],[135.61372,33.64976],[135.6158,33.64994],[135.61683,33.64913],[135.61864,33.64919],[135.61916,33.64932],[135.62014,33.65066],[135.62059,33.65093],[135.62221,33.65084],[135.62314,33.65122],[135.62592,33.65154],[135.62677,33.65232],[135.62714,33.65237],[135.6284,33.65165],[135.62888,33.65118],[135.62834,33.64973],[135.62853,33.64924],[135.63008,33.6469],[135.63045,33.64656],[135.63104,33.6451],[135.63158,33.64463],[135.6333,33.64447],[135.63436,33.64469],[135.63595,33.64477],[135.63741,33.64526],[135.63839,33.64715],[135.63937,33.64793],[135.63988,33.64816],[135.64128,33.64799],[135.64257,33.64836],[135.64295,33.649],[135.64383,33.64934],[135.64627,33.64915],[135.64708,33.64934],[135.64855,33.64938],[135.64951,33.64897],[135.65086,33.6489],[135.65112,33.65011],[135.65159,33.65075],[135.65245,33.65149],[135.65291,33.65215],[135.65309,33.65294],[135.65359,33.65413],[135.65372,33.65514],[135.65491,33.65596],[135.65764,33.65665],[135.65801,33.65788],[135.65793,33.65834],[135.65761,33.65901],[135.65779,33.65955],[135.65754,33.65975],[135.6561,33.66025],[135.65461,33.66125],[135.65379,33.66257],[135.65304,33.66269],[135.65214,33.66262],[135.65124,33.66291],[135.65,33.6637],[135.65017,33.66463],[135.65014,33.66547],[135.65034,33.66616],[135.65088,33.66697],[135.65079,33.66892],[135.65128,33.66986],[135.65216,33.67124],[135.65285,33.67169],[135.65475,33.67343],[135.65481,33.67381],[135.65286,33.67611],[135.65175,33.67697],[135.65166,33.6777],[135.65197,33.67894],[135.65243,33.68],[135.65272,33.68154],[135.65271,33.68251],[135.65296,33.68423],[135.65331,33.68558],[135.65439,33.68721],[135.65502,33.68859],[135.6554,33.68908],[135.65602,33.68903],[135.65724,33.68924],[135.65858,33.6896],[135.66293,33.69016],[135.66412,33.69002],[135.66524,33.68954],[135.66791,33.68962],[135.66948,33.68983],[135.67105,33.68984],[135.67202,33.68998],[135.67327,33.68999],[135.67453,33.69042],[135.67545,33.6914],[135.67764,33.69209],[135.67842,33.69309],[135.67966,33.69445],[135.68018,33.69525],[135.68253,33.69631],[135.68316,33.69673],[135.68389,33.69748],[135.68434,33.69844],[135.68524,33.69933],[135.68685,33.70164],[135.688,33.70279],[135.68921,33.70354],[135.68936,33.70525],[135.69019,33.7068],[135.69009,33.70728],[135.69046,33.70839],[135.69004,33.7088],[135.69064,33.71024],[135.69158,33.71157],[135.69237,33.71218],[135.69397,33.7131],[135.69528,33.71344],[135.69634,33.71418],[135.69681,33.71429],[135.69793,33.7141],[135.69894,33.71365],[135.70065,33.71392],[135.70184,33.71471],[135.70236,33.71569],[135.70379,33.71587],[135.70488,33.71521],[135.70694,33.71429],[135.7076,33.71316],[135.70841,33.71229],[135.70888,33.7112],[135.711,33.71161],[135.71159,33.71235],[135.71189,33.71322],[135.71268,33.71423],[135.71414,33.71507],[135.71452,33.71558],[135.71429,33.7164],[135.71475,33.71708],[135.71547,33.71758],[135.71591,33.71907],[135.71675,33.71984],[135.71601,33.7207],[135.71585,33.72178],[135.71551,33.7227],[135.71461,33.72375],[135.7141,33.72521],[135.71386,33.72696],[135.71603,33.7282],[135.71646,33.72823],[135.71719,33.72785],[135.71797,33.72752],[135.71981,33.72702],[135.72155,33.72706],[135.72239,33.72773],[135.72287,33.72944],[135.72305,33.72963],[135.7244,33.73039],[135.72685,33.73136],[135.7271,33.7317],[135.72719,33.73264],[135.72832,33.7351],[135.7291,33.73569],[135.72982,33.73569],[135.73092,33.73591],[135.73172,33.7365],[135.73234,33.73737],[135.73402,33.7377],[135.73557,33.73728],[135.7364,33.73669],[135.73895,33.7358],[135.74146,33.7353],[135.7426,33.73523],[135.74403,33.73559],[135.74546,33.73623],[135.7463,33.73658],[135.74691,33.73729],[135.74698,33.73761],[135.74673,33.74018],[135.74641,33.74081],[135.74669,33.74204],[135.7462,33.74338],[135.74596,33.74385],[135.74639,33.74493],[135.74715,33.74498],[135.74923,33.7455],[135.74981,33.74627],[135.75078,33.74702],[135.75187,33.74698],[135.7534,33.74614],[135.75392,33.74752],[135.75417,33.74881],[135.75527,33.7496],[135.75523,33.7506],[135.75483,33.7518],[135.75511,33.7531],[135.75407,33.7542],[135.75387,33.75466],[135.75393,33.75552],[135.75359,33.75609],[135.75359,33.75643],[135.75394,33.75721],[135.75491,33.75795],[135.75573,33.75876],[135.75542,33.75956],[135.75598,33.76019],[135.75619,33.76063],[135.75698,33.76107],[135.75752,33.7621],[135.75865,33.7623],[135.7604,33.76203],[135.76089,33.7621],[135.7623,33.76339],[135.76265,33.76363],[135.76381,33.76404],[135.76462,33.76482],[135.7665,33.76489],[135.76771,33.76477],[135.76819,33.76506],[135.7685,33.76559],[135.76876,33.76639],[135.7694,33.76677],[135.77057,33.76808],[135.77141,33.76882],[135.772,33.77048],[135.77175,33.77168],[135.77182,33.77194],[135.77279,33.77216],[135.77386,33.77217],[135.77679,33.77147],[135.77847,33.77127],[135.78015,33.76991],[135.78044,33.76899],[135.78104,33.76852],[135.78161,33.76764],[135.78191,33.7671],[135.78258,33.76738],[135.78331,33.76724],[135.78425,33.76693],[135.78568,33.76742],[135.78715,33.76803],[135.78765,33.76797],[135.78847,33.76741],[135.78987,33.76765],[135.7901,33.76755],[135.79132,33.76634],[135.79173,33.76622],[135.79263,33.76677],[135.79304,33.76772],[135.79339,33.76884],[135.79379,33.76923],[135.79451,33.76938],[135.79504,33.76981],[135.79613,33.77004],[135.79683,33.76973],[135.79842,33.76977],[135.79883,33.7705],[135.79936,33.77052],[135.79958,33.77093],[135.79979,33.77282],[135.79969,33.77431],[135.79908,33.77478],[135.79915,33.77622],[135.799,33.77664],[135.8001,33.77721],[135.80053,33.77815],[135.80086,33.77822],[135.80126,33.77914],[135.80178,33.77941],[135.80397,33.77949],[135.80472,33.77937],[135.80589,33.77979],[135.8062,33.7805],[135.80637,33.78062],[135.8068,33.7807],[135.80831,33.78037],[135.80894,33.77988],[135.80961,33.78008],[135.81007,33.78075],[135.81062,33.78099],[135.81112,33.78189],[135.81112,33.78236],[135.81141,33.78276],[135.81201,33.78312],[135.81236,33.78383],[135.81276,33.78504],[135.8141,33.78555],[135.81487,33.78564],[135.81542,33.78536],[135.81614,33.78515],[135.81735,33.7852],[135.81784,33.78504],[135.81827,33.78522],[135.81812,33.78567],[135.81768,33.78642],[135.81791,33.78725],[135.8182,33.78767],[135.81908,33.78796],[135.81957,33.78862],[135.81948,33.7901],[135.8208,33.79073],[135.82108,33.79205],[135.82208,33.793],[135.82241,33.79579],[135.82244,33.79663],[135.82256,33.79726],[135.82312,33.79852],[135.82372,33.80058],[135.82391,33.80071],[135.82513,33.80112],[135.82571,33.80152],[135.82739,33.80155],[135.82786,33.80231],[135.829,33.80298],[135.82944,33.8037],[135.82968,33.80497],[135.82971,33.80511],[135.82955,33.80656],[135.82967,33.80688],[135.82961,33.80823],[135.83033,33.80883],[135.83041,33.8107],[135.83027,33.81154],[135.82957,33.81193],[135.82834,33.81325],[135.82722,33.8136],[135.82621,33.81424],[135.82605,33.81451],[135.82594,33.81554],[135.82512,33.816],[135.82414,33.81753],[135.82374,33.81778],[135.8228,33.81794],[135.82237,33.81829],[135.82206,33.81909],[135.82169,33.81948],[135.81975,33.81995],[135.81873,33.82061],[135.818,33.8215],[135.81679,33.82217],[135.81576,33.82248],[135.81417,33.82386],[135.81337,33.82442],[135.81355,33.82502],[135.81281,33.82565],[135.81235,33.82601],[135.81229,33.82607],[135.81223,33.82645],[135.81251,33.82806],[135.81245,33.82845],[135.81209,33.82941],[135.81189,33.83102],[135.812,33.83237],[135.81065,33.832],[135.81007,33.8314],[135.8094,33.83128],[135.80731,33.83268],[135.80629,33.83341],[135.80612,33.83333],[135.80557,33.83305],[135.80483,33.83319],[135.80402,33.83396],[135.80371,33.83401],[135.80319,33.83395],[135.80168,33.83514],[135.80157,33.83541],[135.80041,33.83668],[135.799,33.83809],[135.79775,33.83981],[135.79641,33.84127],[135.79532,33.84195],[135.79499,33.84237],[135.79369,33.84505],[135.79325,33.84545],[135.79157,33.84606],[135.79142,33.84633],[135.79143,33.84705],[135.7915,33.84745],[135.79153,33.84759],[135.79235,33.84994],[135.79259,33.85029],[135.79232,33.85062],[135.79244,33.85149],[135.79234,33.85201],[135.79172,33.85289],[135.79123,33.85362],[135.79118,33.85413],[135.7917,33.85555],[135.79158,33.85615],[135.79299,33.8605],[135.79351,33.8614],[135.7938,33.86261],[135.79434,33.86334],[135.79494,33.86496],[135.79432,33.86635],[135.79437,33.86677],[135.79485,33.8676],[135.7951,33.86835],[135.7951,33.87018],[135.79537,33.87184],[135.79566,33.87246],[135.79614,33.8729],[135.79742,33.87317],[135.79793,33.87304],[135.80078,33.87034],[135.80175,33.86907],[135.80217,33.86751],[135.80339,33.86611],[135.8036,33.86546],[135.80278,33.86441],[135.80298,33.86408],[135.80392,33.86434],[135.80521,33.86442],[135.80551,33.86474],[135.80511,33.86517],[135.80563,33.86562],[135.80515,33.86639],[135.8056,33.86713],[135.80582,33.8679],[135.80586,33.86814],[135.80519,33.86847],[135.80516,33.86919],[135.8058,33.87016],[135.80531,33.87058],[135.80556,33.87106],[135.80532,33.87136],[135.80531,33.87246],[135.805,33.87389],[135.80442,33.87451],[135.80449,33.87534],[135.80431,33.87591],[135.80336,33.87716],[135.80312,33.87771],[135.80405,33.8783],[135.80452,33.87842],[135.80599,33.87806],[135.80608,33.87979],[135.80621,33.88044],[135.80674,33.88161],[135.80708,33.88276],[135.80688,33.8841],[135.80615,33.88556],[135.80515,33.88639],[135.80417,33.88695],[135.80334,33.88786],[135.80287,33.88858],[135.80294,33.8902],[135.80269,33.89071],[135.8019,33.89107],[135.8011,33.89168],[135.80129,33.89273],[135.80169,33.89328],[135.80233,33.89362],[135.80269,33.89413],[135.80256,33.89487],[135.80172,33.89578],[135.80062,33.89585],[135.79718,33.89541],[135.79622,33.8952],[135.79533,33.89481],[135.79336,33.89477],[135.79237,33.89456],[135.78989,33.89347],[135.78933,33.89295],[135.78858,33.89283],[135.78575,33.89244],[135.78358,33.89146],[135.78282,33.8904],[135.78101,33.88919],[135.77971,33.88861],[135.77816,33.88831],[135.77768,33.88835],[135.77625,33.88845],[135.77563,33.88864],[135.77438,33.88939],[135.77325,33.89032],[135.77181,33.89002],[135.77046,33.89036],[135.76937,33.89088],[135.76846,33.89097],[135.76746,33.8908],[135.76633,33.89093],[135.76541,33.89042],[135.76487,33.8898],[135.76446,33.88884],[135.76405,33.88737],[135.76092,33.8877],[135.75874,33.88642],[135.75621,33.8851],[135.75582,33.88515],[135.75396,33.88692],[135.75248,33.88801],[135.75185,33.88944],[135.75156,33.88956],[135.74857,33.88809],[135.74825,33.88775],[135.7463,33.88905],[135.74527,33.88924],[135.74494,33.89046],[135.74444,33.89065],[135.74393,33.8903],[135.74298,33.88997],[135.74206,33.88985],[135.74212,33.8904],[135.74135,33.89094],[135.7408,33.89098],[135.7405,33.89136],[135.74076,33.89209],[135.74053,33.89267],[135.73984,33.893],[135.73903,33.89311],[135.73885,33.89342],[135.73879,33.89471],[135.73819,33.89451],[135.7371,33.89481],[135.73641,33.89409],[135.73615,33.89407],[135.73571,33.89483],[135.73514,33.89532],[135.73501,33.89576],[135.73436,33.89588],[135.73378,33.89568],[135.73307,33.89578],[135.73185,33.89676],[135.73116,33.89811],[135.73067,33.89955],[135.7302,33.90013],[135.7291,33.90055],[135.72845,33.90118],[135.72429,33.90323],[135.72384,33.90328],[135.72255,33.90236],[135.72202,33.90234],[135.72065,33.90264],[135.71814,33.90296],[135.71672,33.90269],[135.71559,33.90274],[135.71437,33.90258],[135.71245,33.9028],[135.7111,33.90341],[135.70975,33.90424],[135.70715,33.90437],[135.70625,33.90426],[135.70477,33.90367],[135.70388,33.90358],[135.70229,33.90375],[135.70005,33.90361],[135.69848,33.90368],[135.69382,33.90357],[135.69225,33.90341],[135.69029,33.90353],[135.68828,33.90396],[135.68747,33.90402],[135.68566,33.9038],[135.68507,33.90337],[135.68465,33.90268],[135.68345,33.90186],[135.68358,33.90107],[135.6823,33.89947],[135.68197,33.8992],[135.68033,33.89876],[135.67917,33.89818],[135.67822,33.89806],[135.67404,33.89876],[135.67274,33.89918],[135.67107,33.90032],[135.67062,33.90038],[135.66802,33.9],[135.66528,33.89978],[135.66368,33.89943],[135.66279,33.89902],[135.66052,33.89732],[135.66152,33.89649],[135.66197,33.89588],[135.66247,33.89451],[135.66257,33.89367],[135.6624,33.89213],[135.66209,33.89072],[135.66218,33.88932],[135.662,33.88881],[135.66049,33.88706],[135.65956,33.88634],[135.65737,33.88571],[135.65711,33.88546],[135.65649,33.8837],[135.65596,33.88309],[135.65582,33.88182],[135.65563,33.88151],[135.65402,33.88099],[135.65154,33.88062],[135.65053,33.8798],[135.6501,33.87881],[135.64933,33.87773],[135.64873,33.87758],[135.64806,33.87706],[135.6476,33.87688],[135.6463,33.87731],[135.64523,33.87737],[135.64364,33.87711],[135.64301,33.87661],[135.64245,33.87645],[135.64142,33.87685],[135.64058,33.87755],[135.63992,33.87777],[135.63937,33.87766],[135.63838,33.87657],[135.63674,33.87588],[135.63478,33.87548],[135.6334,33.87485],[135.6322,33.87489],[135.6315,33.87451],[135.63048,33.87454],[135.62988,33.87422],[135.62896,33.87323],[135.62801,33.87302],[135.6258,33.87357],[135.62492,33.87352],[135.62328,33.87298],[135.62208,33.87316],[135.62161,33.87307],[135.62071,33.87199],[135.62008,33.87179],[135.61907,33.87189],[135.61786,33.87221],[135.61801,33.87289],[135.61813,33.87466],[135.61865,33.87505],[135.61895,33.87566],[135.62035,33.87696],[135.62138,33.87744],[135.62182,33.87794],[135.62257,33.87835],[135.62334,33.87927],[135.62375,33.88048],[135.62364,33.88132],[135.6234,33.88162],[135.62363,33.88215],[135.62438,33.88288],[135.62514,33.88313],[135.62598,33.88297],[135.62654,33.88344],[135.62667,33.88455],[135.62625,33.88594],[135.62627,33.88739],[135.6256,33.88792],[135.62549,33.88888],[135.62443,33.88949],[135.62418,33.89064],[135.62327,33.89169],[135.62326,33.89226],[135.62263,33.89356],[135.62251,33.89529],[135.62279,33.89682],[135.62269,33.89785],[135.61968,33.89937],[135.61921,33.8995],[135.61773,33.89909],[135.61542,33.89865],[135.61412,33.89933],[135.61317,33.8989],[135.61227,33.89866],[135.6103,33.89951],[135.60905,33.89955],[135.60792,33.89917],[135.60631,33.89898],[135.60591,33.89907],[135.60505,33.89972],[135.60427,33.90064],[135.60249,33.90156],[135.6012,33.90257],[135.60085,33.90262],[135.60142,33.90332],[135.60168,33.90476],[135.60158,33.90562],[135.60068,33.90696],[135.59997,33.90824],[135.60261,33.90958],[135.60519,33.91063],[135.60638,33.91161],[135.60776,33.91252],[135.60817,33.91262],[135.61007,33.91265],[135.61053,33.91325],[135.61051,33.91384],[135.61013,33.9149],[135.61009,33.91555],[135.61074,33.91725],[135.61068,33.91839],[135.61134,33.91921],[135.61151,33.91979],[135.61266,33.9214],[135.6123,33.92233],[135.61226,33.92361],[135.61254,33.92415],[135.61356,33.92477],[135.61408,33.92531],[135.61364,33.92777],[135.6131,33.92868],[135.61267,33.9299],[135.61196,33.9304],[135.61047,33.93118],[135.60977,33.93185],[135.60975,33.93263],[135.61073,33.93508],[135.61078,33.93622],[135.61152,33.93695],[135.61282,33.93738],[135.61414,33.93741],[135.61512,33.93681],[135.61666,33.93689],[135.61721,33.9375],[135.6168,33.93817],[135.6167,33.93876],[135.61695,33.93942],[135.61829,33.94096],[135.61858,33.94165],[135.61838,33.94305],[135.61835,33.94415],[135.61784,33.94579],[135.61748,33.94624],[135.61606,33.94717],[135.61562,33.94775],[135.61542,33.94866],[135.61586,33.94938],[135.61588,33.95139],[135.61599,33.95185],[135.61613,33.95242],[135.617,33.95385],[135.61821,33.95452],[135.62005,33.95316],[135.62071,33.95302],[135.62217,33.95311],[135.62321,33.95287],[135.62376,33.95212],[135.62545,33.95083],[135.62533,33.95029],[135.62561,33.95],[135.62633,33.95016],[135.62859,33.94954],[135.63027,33.94928],[135.63122,33.94894],[135.63355,33.94998],[135.63508,33.95037],[135.63717,33.95061],[135.63644,33.95189],[135.63591,33.95346],[135.63584,33.95604],[135.63558,33.95824],[135.63558,33.95904],[135.63588,33.95935],[135.63722,33.95997],[135.63831,33.96087],[135.63918,33.96206],[135.63899,33.96363],[135.63942,33.96446],[135.64012,33.96527],[135.64033,33.96623],[135.64033,33.96782],[135.63974,33.96914],[135.63984,33.96997],[135.63953,33.97081],[135.6397,33.97284],[135.63945,33.9738],[135.63917,33.97416],[135.63798,33.97491],[135.63758,33.97545],[135.63754,33.97645],[135.63811,33.9782],[135.63831,33.98057],[135.63817,33.98129],[135.63921,33.98283],[135.63909,33.98385],[135.63875,33.98488],[135.63807,33.98621],[135.63706,33.98784],[135.63663,33.98967],[135.63591,33.99085],[135.63511,33.99123],[135.6329,33.99125],[135.63084,33.99098],[135.63036,33.99108],[135.6299,33.99158],[135.6301,33.99408],[135.62996,33.99505],[135.62918,33.99733],[135.62892,33.99769],[135.62775,33.99841],[135.62743,33.99912],[135.62587,33.99998],[135.62463,34.00018],[135.62417,34.00046],[135.62373,34.00213],[135.62399,34.00269],[135.62467,34.00335],[135.62552,34.00588],[135.62551,34.00705],[135.62526,34.00742],[135.62398,34.00816],[135.62219,34.00966],[135.62104,34.00985],[135.61654,34.00943],[135.6156,34.00952],[135.6123,34.01033],[135.6117,34.01073],[135.6112,34.01205],[135.61066,34.01255],[135.60975,34.01277],[135.60837,34.01359],[135.60766,34.01363],[135.60526,34.01284],[135.6047,34.01277],[135.60207,34.01283],[135.59951,34.01266],[135.59753,34.01237],[135.5957,34.01169],[135.59445,34.01234],[135.59359,34.01368],[135.59279,34.01688],[135.59185,34.01883],[135.59188,34.01949],[135.59218,34.01994],[135.5934,34.02116],[135.59473,34.02218],[135.59559,34.02325],[135.59585,34.0239],[135.59592,34.0255],[135.59575,34.02613],[135.59524,34.02667],[135.59467,34.02776],[135.59481,34.02871],[135.59589,34.0299],[135.59739,34.03082],[135.59941,34.03176],[135.59935,34.03292],[135.59876,34.0339],[135.59781,34.03473],[135.5976,34.03566],[135.59666,34.0366],[135.59586,34.03684],[135.59556,34.03716],[135.5952,34.03857],[135.59464,34.03931],[135.59488,34.04069],[135.5947,34.04207],[135.59488,34.04341],[135.59458,34.04411],[135.59243,34.04619],[135.59155,34.04675],[135.59109,34.0468],[135.58815,34.04672],[135.58736,34.04718],[135.58719,34.04778],[135.58664,34.0487],[135.58479,34.04973],[135.58442,34.05017],[135.5838,34.05153],[135.58171,34.05427],[135.58141,34.05573],[135.58055,34.05684],[135.58015,34.05821],[135.57938,34.05835],[135.57792,34.05816],[135.57719,34.05822],[135.57498,34.05881],[135.57403,34.05881],[135.57219,34.05853],[135.57005,34.05847],[135.56955,34.05837],[135.56787,34.05768],[135.56676,34.05765],[135.56613,34.05866],[135.56532,34.05946],[135.56498,34.06],[135.56476,34.06223],[135.56455,34.06284],[135.56387,34.06342],[135.56235,34.06367],[135.55974,34.06381],[135.55741,34.06382],[135.55622,34.06426],[135.55527,34.0644],[135.55436,34.06487],[135.55237,34.06554],[135.5515,34.0663],[135.55111,34.06851],[135.55099,34.06865],[135.54858,34.06841],[135.54805,34.0682],[135.54765,34.0672],[135.54708,34.06693],[135.54607,34.06565],[135.5456,34.06548],[135.54436,34.06442],[135.54334,34.06397],[135.54328,34.06349],[135.54261,34.06182],[135.54197,34.06159],[135.54064,34.06077],[135.54031,34.06049],[135.53984,34.06035],[135.53825,34.05973],[135.53781,34.05942],[135.53776,34.05923],[135.53824,34.05838],[135.53824,34.0581],[135.5383,34.05757],[135.53792,34.05702],[135.53772,34.05666],[135.5376,34.05628],[135.53709,34.05551],[135.53698,34.05533],[135.53675,34.05467],[135.53638,34.0532],[135.53609,34.05282],[135.53598,34.05188],[135.53528,34.05086],[135.53428,34.05036],[135.53308,34.04938],[135.53267,34.04892],[135.53171,34.0485],[135.53102,34.0482],[135.52998,34.04812],[135.52947,34.04806],[135.52902,34.04788],[135.52816,34.04769],[135.52629,34.04806],[135.52379,34.04805],[135.52269,34.04788],[135.51947,34.04799],[135.51847,34.04792],[135.51795,34.04763],[135.51716,34.04692],[135.51648,34.04664],[135.51429,34.04644],[135.51314,34.04588],[135.51241,34.04586],[135.51098,34.04564],[135.51013,34.04644],[135.50919,34.04654],[135.50869,34.04597],[135.50789,34.04554],[135.5069,34.04533],[135.50628,34.045],[135.50571,34.04432],[135.50565,34.04355],[135.50516,34.04282],[135.50497,34.04203],[135.50472,34.03907],[135.50475,34.03876],[135.50505,34.03812],[135.50614,34.03743],[135.50717,34.03722],[135.50791,34.03672],[135.50829,34.0361],[135.50817,34.03539],[135.5076,34.0342],[135.50752,34.03392],[135.50755,34.03346],[135.50772,34.03272],[135.50765,34.03018],[135.50759,34.02874],[135.50779,34.02753],[135.50834,34.02661],[135.50834,34.02603],[135.50779,34.02481],[135.50781,34.02448],[135.50791,34.02425],[135.50849,34.0239],[135.50943,34.02365],[135.51038,34.02315],[135.5115,34.02298],[135.51261,34.02253],[135.51319,34.02253],[135.51452,34.02292],[135.51534,34.02294],[135.51612,34.02284],[135.51853,34.02315],[135.51959,34.02321],[135.52021,34.02343],[135.5215,34.02343],[135.52225,34.02329],[135.52349,34.0233],[135.52597,34.02298],[135.52641,34.02271],[135.52784,34.0226],[135.52825,34.02244],[135.52857,34.02213],[135.52891,34.02128],[135.5291,34.02045],[135.5298,34.01979],[135.53026,34.0198],[135.531,34.01974],[135.53164,34.0193],[135.53278,34.01812],[135.53352,34.01712],[135.5337,34.01656],[135.53353,34.01605],[135.5335,34.0158],[135.53478,34.01353],[135.53561,34.01273],[135.53792,34.01221],[135.5384,34.01114],[135.5384,34.01078],[135.53771,34.01034],[135.53738,34.00948],[135.5373,34.00792],[135.53664,34.00731],[135.53619,34.00618],[135.53567,34.00562],[135.53518,34.00431],[135.53467,34.00396],[135.53433,34.00383],[135.53311,34.00334],[135.53254,34.00221],[135.53231,34.00186],[135.53141,34.00123],[135.53081,34.00035],[135.52962,33.99901],[135.53013,33.9978],[135.53142,33.99717],[135.53303,33.99685],[135.53394,33.99585],[135.53404,33.99537],[135.53687,33.99409],[135.53737,33.99289],[135.53718,33.99215],[135.53743,33.99155],[135.53827,33.99083],[135.53934,33.98952],[135.53991,33.98828],[135.54128,33.9861],[135.54119,33.98559],[135.54069,33.98508],[135.5407,33.98465],[135.54188,33.9825],[135.54264,33.98091],[135.54329,33.98015],[135.54338,33.97979],[135.54305,33.97896],[135.54251,33.97829],[135.54249,33.97694],[135.54301,33.9762],[135.54502,33.97523],[135.54544,33.97514],[135.54659,33.97438],[135.54766,33.97349],[135.54771,33.97288],[135.54692,33.9719],[135.54677,33.97119],[135.54602,33.97006],[135.54482,33.96894],[135.54453,33.96789],[135.54499,33.9667],[135.54494,33.96597],[135.54343,33.96483],[135.54281,33.96417],[135.54283,33.96362],[135.54238,33.96281],[135.54182,33.96219],[135.54128,33.96209],[135.53994,33.96143],[135.53846,33.95997],[135.53774,33.95995],[135.53639,33.95971],[135.5356,33.95937],[135.53466,33.9593],[135.53357,33.9589],[135.53255,33.95818],[135.53152,33.95688],[135.53011,33.9558],[135.52921,33.95549],[135.52668,33.95491],[135.52601,33.95463],[135.52519,33.95377],[135.52386,33.95314],[135.52333,33.95215],[135.52207,33.95174],[135.52118,33.95174],[135.5195,33.95203],[135.51647,33.95296],[135.51598,33.95285],[135.51384,33.95117],[135.51306,33.95093],[135.51093,33.95098],[135.51002,33.95084],[135.50899,33.95035],[135.50788,33.95002],[135.5072,33.94953],[135.50591,33.94827],[135.50508,33.948],[135.50473,33.94764],[135.50376,33.94716],[135.50228,33.94669],[135.50056,33.94586],[135.49901,33.94581],[135.4974,33.94611],[135.49626,33.94574],[135.4952,33.94475],[135.49407,33.94449],[135.49289,33.94405],[135.4916,33.94343],[135.49121,33.94352],[135.49025,33.94306],[135.48851,33.94112],[135.48616,33.94035],[135.48472,33.9404],[135.48384,33.94075],[135.48192,33.94253],[135.47987,33.94277],[135.47923,33.9423],[135.47843,33.9421],[135.47776,33.94215],[135.47717,33.94196],[135.47626,33.94223],[135.47515,33.94139],[135.4749,33.94092],[135.47389,33.94017],[135.47288,33.93862],[135.47289,33.93826],[135.47205,33.93733],[135.47021,33.93685],[135.46854,33.9361],[135.46759,33.93606],[135.46626,33.93659],[135.46521,33.93683],[135.46457,33.93721],[135.46289,33.93752],[135.46266,33.9377],[135.4625,33.93817],[135.46221,33.94006],[135.46172,33.94104],[135.46098,33.94154],[135.45945,33.94169],[135.45856,33.94279],[135.45826,33.94447],[135.45783,33.94518],[135.45621,33.94608],[135.45449,33.94642],[135.45286,33.94594],[135.45111,33.94607],[135.44995,33.94595],[135.44822,33.94625],[135.44707,33.946],[135.44589,33.94629],[135.44366,33.94619],[135.44299,33.94636],[135.44061,33.9473],[135.44032,33.94669],[135.43951,33.94619],[135.43929,33.94571],[135.43853,33.94498],[135.4384,33.94446],[135.43852,33.94367],[135.43602,33.94242],[135.43542,33.94225],[135.43482,33.94168],[135.43444,33.94038],[135.433,33.93992],[135.43174,33.94006],[135.43088,33.94067],[135.4307,33.94123],[135.43256,33.94386],[135.4337,33.94503],[135.43318,33.94554],[135.43095,33.94442],[135.42916,33.94425],[135.42608,33.94559],[135.4257,33.94612],[135.42448,33.94609],[135.42262,33.94464],[135.42137,33.94287],[135.42007,33.94157],[135.41967,33.94075],[135.41982,33.94013],[135.41967,33.93965],[135.41851,33.93891],[135.41805,33.93808],[135.41799,33.93688],[135.41844,33.93596],[135.41855,33.93434],[135.41825,33.93353],[135.41724,33.93288],[135.41566,33.93128],[135.41511,33.93087],[135.41269,33.92983],[135.41151,33.9302],[135.41073,33.93016],[135.40857,33.9297],[135.40692,33.92984],[135.40553,33.92975],[135.40483,33.92982],[135.40288,33.93045],[135.40158,33.93063],[135.4001,33.93011],[135.39833,33.92987],[135.39765,33.92958],[135.39764,33.92918],[135.39782,33.92767],[135.39823,33.92621],[135.39829,33.92576],[135.39824,33.9253],[135.39805,33.92502],[135.39771,33.9247],[135.39618,33.92352],[135.39449,33.92264],[135.39348,33.92149],[135.3934,33.92101],[135.3934,33.92078],[135.39357,33.92033],[135.3939,33.91999],[135.3939,33.91987],[135.39364,33.91885],[135.39376,33.9182],[135.39382,33.91779],[135.39374,33.91755],[135.39356,33.91733],[135.3932,33.91689],[135.39474,33.91585],[135.39589,33.91523],[135.39598,33.91491],[135.39563,33.91383],[135.39545,33.91146],[135.3951,33.91045],[135.39519,33.90882],[135.39481,33.90812],[135.39553,33.9075],[135.3964,33.90734],[135.39715,33.90688],[135.39789,33.90669],[135.39804,33.90642],[135.39771,33.90549],[135.39716,33.90472],[135.3967,33.90403],[135.3961,33.90382],[135.39554,33.90333],[135.39516,33.90314],[135.39492,33.90243],[135.39198,33.90201],[135.39232,33.90136],[135.39265,33.89983],[135.39334,33.898],[135.39312,33.8959],[135.3933,33.89548],[135.3937,33.89525],[135.39449,33.89505],[135.39567,33.89506],[135.39642,33.89473],[135.39722,33.89497],[135.39813,33.89487],[135.39972,33.89489],[135.4016,33.89448],[135.40286,33.89217],[135.40294,33.89074],[135.40222,33.89018],[135.40216,33.88969],[135.402,33.88929],[135.4009,33.88827],[135.40093,33.88788],[135.40158,33.88762],[135.40234,33.8865],[135.40317,33.88579],[135.40413,33.88407],[135.40527,33.88332],[135.40659,33.88166],[135.40708,33.88145],[135.40911,33.88205],[135.40984,33.88203],[135.41096,33.88119],[135.41262,33.88071],[135.41334,33.8808],[135.41425,33.88049],[135.41561,33.8795],[135.41662,33.8796],[135.41821,33.88026],[135.42016,33.88031],[135.42124,33.87961],[135.42165,33.87997],[135.42256,33.88133],[135.42332,33.88164],[135.42402,33.88156],[135.42501,33.88057],[135.42515,33.88001],[135.42583,33.88009],[135.42672,33.88077],[135.42736,33.88082],[135.42817,33.88054],[135.42882,33.87988],[135.42931,33.87889],[135.42986,33.87827],[135.43078,33.87753],[135.43105,33.87681],[135.43093,33.87638],[135.42966,33.87461],[135.42889,33.87379],[135.42841,33.87182],[135.42807,33.87127],[135.42712,33.87064],[135.42687,33.86974],[135.42708,33.86786],[135.42669,33.86715],[135.42735,33.86645],[135.42755,33.86561],[135.42833,33.86441],[135.42868,33.86422],[135.42969,33.86471],[135.43113,33.86513],[135.43223,33.86562],[135.43317,33.86572],[135.43491,33.86646],[135.43618,33.86595],[135.43881,33.8656],[135.44004,33.86563],[135.4408,33.86514],[135.44104,33.86443],[135.44198,33.86351],[135.44411,33.86289],[135.44444,33.86235],[135.44437,33.86132],[135.44457,33.86016],[135.44404,33.85924],[135.44393,33.85803],[135.4443,33.85756],[135.44527,33.85751],[135.44629,33.85701],[135.44772,33.85661],[135.44968,33.85627],[135.45003,33.85597],[135.45066,33.8547],[135.45123,33.85444],[135.45334,33.85415],[135.45442,33.85416],[135.45634,33.8539],[135.45678,33.85367],[135.45771,33.85371],[135.45831,33.85341],[135.459,33.85357],[135.46088,33.85363],[135.46284,33.8535],[135.46389,33.85316],[135.46481,33.85313],[135.46418,33.85148],[135.46308,33.84989],[135.46235,33.84837],[135.4621,33.84753],[135.46179,33.84517],[135.46124,33.84488],[135.46088,33.84449],[135.46044,33.84267],[135.46049,33.842],[135.46099,33.84077],[135.46087,33.83956],[135.46085,33.83848],[135.46093,33.83815],[135.46051,33.83801],[135.45951,33.83808],[135.45823,33.83835],[135.45483,33.83828],[135.45419,33.83898],[135.45241,33.8397],[135.45195,33.84023],[135.45087,33.84032],[135.4498,33.8409],[135.4493,33.8408],[135.44881,33.84052],[135.44864,33.84047],[135.44848,33.84025],[135.44844,33.84019],[135.44788,33.83991],[135.44779,33.8399],[135.44709,33.84002],[135.44638,33.84],[135.44598,33.84045],[135.44587,33.84133],[135.44578,33.84149],[135.44572,33.84153],[135.44546,33.84159],[135.44443,33.84151],[135.44413,33.8414],[135.44271,33.8408],[135.44189,33.84022],[135.44138,33.83989],[135.44106,33.83967],[135.4398,33.8392],[135.43885,33.83954],[135.43804,33.83923],[135.43704,33.83881],[135.43651,33.83871],[135.43614,33.83901],[135.43587,33.83932],[135.43574,33.83951],[135.43509,33.84004],[135.435,33.84005],[135.43448,33.8399],[135.43418,33.83992],[135.43403,33.84001],[135.43382,33.8401],[135.43371,33.84013],[135.43339,33.84014],[135.43332,33.84011],[135.43272,33.83962],[135.43213,33.83945],[135.4317,33.8393],[135.43144,33.83908],[135.43106,33.8385],[135.43103,33.83814],[135.43048,33.83807],[135.42976,33.83859],[135.42948,33.83829],[135.42933,33.83809],[135.42911,33.83789],[135.429,33.83783],[135.42877,33.83788],[135.42732,33.83874],[135.42719,33.83877],[135.42693,33.83868],[135.4261,33.83816],[135.42559,33.83833],[135.42531,33.83849],[135.42433,33.83847],[135.42379,33.83812],[135.42267,33.83693],[135.42206,33.83643],[135.42237,33.83594],[135.42196,33.83516],[135.4211,33.83503],[135.41948,33.83533],[135.41823,33.83507],[135.41727,33.83462],[135.41677,33.83472],[135.41616,33.83445],[135.41587,33.834],[135.41511,33.83364],[135.41461,33.83376],[135.41375,33.83439],[135.41357,33.83478],[135.41261,33.83575],[135.41173,33.83513],[135.41071,33.83484],[135.40926,33.83461],[135.40837,33.83421],[135.40792,33.83337],[135.40618,33.83506],[135.40549,33.83661],[135.40385,33.83758],[135.40198,33.83806],[135.40104,33.83763],[135.39913,33.83718],[135.39787,33.83731],[135.39677,33.83756],[135.39633,33.83676],[135.3957,33.83629],[135.39382,33.83691],[135.39338,33.83678],[135.39249,33.83757],[135.39098,33.83787],[135.3899,33.83688],[135.38938,33.83679],[135.3892,33.83621],[135.38863,33.83635],[135.3877,33.83629],[135.38759,33.83626],[135.38714,33.83578],[135.386,33.83504],[135.38548,33.83475],[135.38445,33.83428],[135.38393,33.83392],[135.38375,33.83359],[135.38339,33.83336],[135.38288,33.83314],[135.382,33.83306],[135.38189,33.83304],[135.3817,33.83298],[135.38107,33.83236],[135.38057,33.8321],[135.38025,33.83187],[135.37922,33.83096],[135.37907,33.83085],[135.37867,33.83058],[135.37845,33.8299],[135.37816,33.8296],[135.37782,33.82944],[135.37733,33.82957],[135.37688,33.82938],[135.37662,33.82928],[135.37643,33.82929],[135.3757,33.82954],[135.37541,33.82944],[135.37481,33.82892],[135.37435,33.82772],[135.37453,33.8271],[135.37322,33.82533],[135.37257,33.82474],[135.37168,33.82436],[135.36894,33.8223],[135.36931,33.82175],[135.36995,33.82025],[135.36853,33.81948],[135.36761,33.81821],[135.36668,33.81744],[135.36642,33.81662],[135.36564,33.81554],[135.36513,33.81513],[135.36477,33.81444],[135.36329,33.81403],[135.36308,33.81368],[135.36185,33.81322],[135.36111,33.8126],[135.36031,33.81242],[135.35946,33.81175],[135.35902,33.81104],[135.35809,33.81037],[135.35692,33.80971],[135.35591,33.80894],[135.35473,33.80898],[135.35401,33.80956],[135.35353,33.80972],[135.35083,33.80918],[135.35015,33.8093],[135.34908,33.81021],[135.34783,33.81006],[135.34751,33.80913],[135.34654,33.80861],[135.34652,33.80814],[135.34535,33.80699],[135.34592,33.80642],[135.3471,33.80585],[135.34833,33.80485],[135.3496,33.80338],[135.34988,33.80195],[135.34985,33.80143],[135.34858,33.80013],[135.34834,33.79954],[135.34916,33.79675],[135.3498,33.79626],[135.35004,33.79515],[135.34975,33.79448],[135.3491,33.79404],[135.3491,33.79302],[135.34947,33.79209],[135.34935,33.79161],[135.34835,33.79077],[135.34831,33.79034],[135.34949,33.7896],[135.34957,33.78924],[135.3486,33.7887],[135.34798,33.78795],[135.34854,33.78698],[135.34861,33.78603],[135.34839,33.78571],[135.34842,33.78481],[135.3492,33.78393],[135.34899,33.78201],[135.34871,33.78156],[135.34867,33.78031],[135.34842,33.77961],[135.34922,33.7793],[135.34913,33.77854],[135.34878,33.77831],[135.34913,33.77746],[135.34906,33.777],[135.34838,33.7763],[135.3474,33.77569],[135.34746,33.77524],[135.34701,33.77486],[135.34587,33.77459],[135.34521,33.77471],[135.34559,33.77346],[135.34493,33.77258],[135.34549,33.77179],[135.34569,33.77121],[135.34565,33.76991],[135.34508,33.76942],[135.34521,33.76838],[135.34469,33.76769],[135.3451,33.76726],[135.34629,33.76685],[135.34628,33.76615],[135.34484,33.76577],[135.34459,33.76522],[135.3449,33.76476],[135.34446,33.76415],[135.34508,33.76377],[135.34501,33.7627],[135.34459,33.76216],[135.34376,33.76218],[135.34323,33.76176],[135.34292,33.76096],[135.34326,33.76025],[135.34292,33.75917],[135.34203,33.75802],[135.34157,33.7579],[135.34085,33.75694],[135.34029,33.75643],[135.34015,33.75545],[135.34048,33.75454],[135.34,33.7537],[135.33936,33.75314],[135.33799,33.75318],[135.3376,33.75294],[135.33677,33.75318],[135.33626,33.7524],[135.33652,33.75135],[135.33638,33.7506],[135.33693,33.75054],[135.33795,33.74938],[135.33768,33.74927],[135.33725,33.74908],[135.33716,33.74884],[135.33702,33.74867],[135.33668,33.74849],[135.33652,33.74835],[135.33616,33.74813],[135.33599,33.74805],[135.33594,33.748],[135.33575,33.74778],[135.33577,33.74764],[135.33602,33.74733],[135.33605,33.74708],[135.33601,33.74693],[135.3358,33.74675],[135.33603,33.74628],[135.33632,33.74584],[135.33675,33.7452],[135.33754,33.74461],[135.33676,33.74576],[135.33764,33.74591],[135.33812,33.74541],[135.33824,33.74589],[135.33859,33.74547],[135.33873,33.74585],[135.33926,33.74575],[135.33951,33.74533],[135.33932,33.74455],[135.34042,33.74482],[135.34107,33.74545],[135.34086,33.74582],[135.34135,33.74596],[135.34222,33.74566],[135.34254,33.74605],[135.34361,33.7458],[135.34414,33.74517],[135.34366,33.74477],[135.34414,33.74447],[135.34435,33.7451],[135.34463,33.74497],[135.34458,33.74418],[135.34554,33.74417],[135.34626,33.7445],[135.34587,33.74486],[135.34644,33.74562],[135.34612,33.74579],[135.34621,33.74625],[135.34662,33.74609],[135.34679,33.74652],[135.34751,33.74701],[135.34847,33.74704],[135.35052,33.74677],[135.35106,33.74666],[135.35082,33.74493],[135.35097,33.74415],[135.35145,33.7435],[135.35242,33.74256],[135.35264,33.7427],[135.35185,33.74345],[135.35175,33.74397],[135.35289,33.74487],[135.35411,33.74372],[135.35319,33.74303],[135.35279,33.74321],[135.35573,33.7403],[135.35513,33.74103],[135.35594,33.74167],[135.35672,33.74098],[135.3566,33.74061],[135.35761,33.73981],[135.35794,33.73983],[135.35765,33.73975],[135.35778,33.73878],[135.35631,33.73807],[135.35651,33.73781],[135.35709,33.73801],[135.35746,33.73748],[135.35192,33.73484],[135.35159,33.7346],[135.35136,33.73396],[135.35169,33.73335],[135.35147,33.73264],[135.35108,33.73224],[135.35109,33.73148],[135.35183,33.73192],[135.35176,33.73232],[135.35228,33.73241],[135.35255,33.732],[135.35315,33.73228],[135.35378,33.73166],[135.35366,33.73136],[135.35225,33.731],[135.35097,33.73034],[135.35132,33.72995],[135.35096,33.72987],[135.35002,33.73027],[135.34912,33.73092],[135.34949,33.73138],[135.34865,33.73175],[135.34846,33.73214],[135.34901,33.73211],[135.3493,33.73254],[135.3497,33.73199],[135.34993,33.73224],[135.34988,33.73324],[135.34957,33.73373],[135.34942,33.73471],[135.34882,33.73445],[135.348,33.73472],[135.3474,33.73426],[135.34686,33.7348],[135.34649,33.73431],[135.34609,33.73422],[135.34549,33.73463],[135.34541,33.73371],[135.34582,33.73342],[135.34607,33.73367],[135.34657,33.73341],[135.34704,33.73425],[135.34764,33.7338],[135.34799,33.73429],[135.34832,33.73382],[135.34816,33.73317],[135.34776,33.73337],[135.34786,33.73289],[135.3473,33.73289],[135.34783,33.73218],[135.34646,33.73209],[135.34702,33.73189],[135.3471,33.73123],[135.34758,33.73068],[135.34783,33.73111],[135.34748,33.73145],[135.34798,33.73183],[135.35001,33.7302],[135.35023,33.72974],[135.35125,33.72919],[135.3522,33.72915],[135.35177,33.72866],[135.35226,33.72828],[135.35173,33.72798],[135.35076,33.728],[135.35145,33.72754],[135.35116,33.72724],[135.35082,33.72745],[135.35081,33.72614],[135.35127,33.7258],[135.35151,33.72628],[135.35133,33.72676],[135.35184,33.72635],[135.35169,33.72711],[135.35243,33.72747],[135.35207,33.72672],[135.35249,33.72667],[135.35265,33.72588],[135.35228,33.7261],[135.35235,33.72548],[135.35203,33.72529],[135.35256,33.72462],[135.35364,33.72474],[135.35344,33.72517],[135.35387,33.72525],[135.35346,33.72642],[135.35407,33.7256],[135.35439,33.72617],[135.35481,33.72607],[135.35515,33.72672],[135.35568,33.72669],[135.35574,33.72615],[135.35714,33.72674],[135.35754,33.72731],[135.35828,33.7272],[135.35831,33.72755],[135.35961,33.72762],[135.3622,33.72663],[135.36226,33.72668],[135.3596,33.72769],[135.35787,33.72757],[135.35743,33.72787],[135.35771,33.7288],[135.35845,33.72917],[135.35909,33.72896],[135.35871,33.72952],[135.35976,33.72964],[135.36,33.72913],[135.36028,33.72923],[135.35983,33.73006],[135.36035,33.73021],[135.36147,33.73008],[135.36148,33.72969],[135.36212,33.73029],[135.36223,33.7315],[135.36328,33.73269],[135.36367,33.73171],[135.36347,33.73151],[135.36427,33.72958],[135.36513,33.72974],[135.3644,33.73147],[135.36593,33.73191],[135.36669,33.73004],[135.36762,33.73032],[135.36727,33.73117],[135.36831,33.73145],[135.36867,33.73061],[135.36925,33.73079],[135.36955,33.73017],[135.36901,33.72972],[135.36891,33.7299],[135.36764,33.72952],[135.3674,33.72902],[135.36615,33.72863],[135.36596,33.72905],[135.36546,33.7289],[135.36564,33.72822],[135.36874,33.72919],[135.3691,33.72892],[135.37096,33.72904],[135.37092,33.72883],[135.37232,33.72862],[135.37261,33.72896],[135.37191,33.72947],[135.37135,33.72923],[135.37133,33.73026],[135.37184,33.7301],[135.37185,33.72985],[135.37249,33.72983],[135.37309,33.72954],[135.37279,33.72819],[135.3733,33.72885],[135.37412,33.72875],[135.37419,33.72837],[135.37579,33.72779]],[[135.37928,33.7291],[135.37951,33.72905],[135.37923,33.72882],[135.37928,33.7291]],[[135.37869,33.7337],[135.37856,33.73414],[135.37874,33.73414],[135.37869,33.7337]],[[135.37215,33.73388],[135.37218,33.73393],[135.37222,33.73397],[135.37215,33.73388]],[[135.38557,33.72953],[135.38551,33.72957],[135.38544,33.72971],[135.38557,33.72953]],[[135.38723,33.72868],[135.38713,33.72887],[135.38734,33.72871],[135.38723,33.72868]],[[135.38886,33.73313],[135.38879,33.73324],[135.38881,33.73346],[135.38886,33.73313]],[[135.56574,33.92917],[135.56574,33.92944],[135.56587,33.93],[135.56574,33.92917]],[[135.5609,33.8753],[135.56095,33.87467],[135.5609,33.87442],[135.5609,33.8753]],[[135.50724,33.81218],[135.50728,33.81152],[135.50733,33.81015],[135.50724,33.81218]],[[135.50859,33.80092],[135.50909,33.79944],[135.50921,33.79897],[135.50859,33.80092]],[[135.51359,33.78158],[135.5131,33.78141],[135.5133,33.7815],[135.51359,33.78158]],[[135.61197,33.79582],[135.61168,33.79584],[135.61107,33.796],[135.61197,33.79582]],[[135.58264,33.78292],[135.58243,33.78255],[135.58252,33.78278],[135.58306,33.78348],[135.58392,33.78434],[135.58264,33.78292]],[[135.58243,33.78255],[135.58265,33.78187],[135.58246,33.7823],[135.58243,33.78255]],[[135.50919,33.76447],[135.50922,33.76401],[135.50888,33.76423],[135.50919,33.76447]],[[135.51529,33.75256],[135.51522,33.75253],[135.51508,33.75252],[135.51529,33.75256]],[[135.50363,33.74382],[135.50372,33.74334],[135.50366,33.74318],[135.50363,33.74382]],[[135.57289,33.76368],[135.5735,33.7629],[135.57277,33.76371],[135.57289,33.76368]],[[135.75895,33.85969],[135.75446,33.85828],[135.75443,33.85831],[135.75895,33.85969]],[[135.49404,33.73195],[135.49401,33.73194],[135.49342,33.73248],[135.49404,33.73195]],[[135.49272,33.72517],[135.49437,33.72378],[135.49064,33.72688],[135.49272,33.72517]]],[[[135.3457,33.73109],[135.34518,33.73112],[135.34527,33.73077],[135.3457,33.73109]]],[[[135.34467,33.73083],[135.34434,33.73121],[135.34433,33.73092],[135.34467,33.73083]]],[[[135.3449,33.73411],[135.34506,33.73437],[135.34456,33.73422],[135.3449,33.73411]]],[[[135.37676,33.69701],[135.3766,33.69745],[135.37643,33.69683],[135.37593,33.69678],[135.37673,33.69645],[135.37676,33.69701]]],[[[135.39043,33.70707],[135.3903,33.70709],[135.39043,33.70682],[135.39043,33.70707]]]]}},{"type":"Feature","properties":{"nm":"新宮市","b":[135.7224,33.6693,136.0129,33.922],"c":[135.85844,33.76081]},"geometry":{"type":"MultiPolygon","coordinates":[[[[136.00305,33.7144],[136.00403,33.71548],[136.00969,33.72119],[136.01075,33.72251],[136.01239,33.72488],[136.01251,33.72624],[136.01294,33.72698],[136.01286,33.72745],[136.01217,33.72767],[136.01136,33.72737],[136.01089,33.72678],[136.00471,33.72825],[136.00025,33.72983],[135.99682,33.73105],[135.99379,33.73204],[135.99119,33.73294],[135.98977,33.73354],[135.98871,33.73398],[135.98787,33.73433],[135.98537,33.73535],[135.98226,33.73632],[135.97947,33.73687],[135.97836,33.73674],[135.97441,33.73569],[135.97305,33.73507],[135.9726,33.73461],[135.97229,33.73378],[135.9721,33.73271],[135.97238,33.73157],[135.97289,33.73062],[135.97511,33.72894],[135.97597,33.72815],[135.97655,33.72733],[135.97689,33.72636],[135.97713,33.7246],[135.97685,33.72375],[135.97633,33.72329],[135.97535,33.72295],[135.97325,33.72263],[135.97133,33.72293],[135.96908,33.72342],[135.96759,33.72387],[135.96459,33.72453],[135.96118,33.72539],[135.95796,33.72642],[135.95633,33.72756],[135.95447,33.72827],[135.95172,33.72906],[135.94948,33.73047],[135.94846,33.73118],[135.94577,33.73256],[135.94487,33.73311],[135.94347,33.73433],[135.94289,33.73469],[135.94172,33.73503],[135.94075,33.73591],[135.94032,33.73819],[135.93996,33.74102],[135.93982,33.74173],[135.93964,33.74385],[135.93928,33.74589],[135.9392,33.74682],[135.93943,33.75112],[135.93859,33.75402],[135.93852,33.75525],[135.93827,33.75603],[135.93689,33.75748],[135.93597,33.75769],[135.93514,33.75745],[135.93431,33.75689],[135.93173,33.75485],[135.9306,33.75427],[135.92943,33.75406],[135.9285,33.75427],[135.92615,33.75536],[135.92386,33.75653],[135.92154,33.75791],[135.92097,33.75841],[135.92026,33.76022],[135.9197,33.76284],[135.91924,33.76418],[135.91813,33.76566],[135.91737,33.76635],[135.91682,33.76662],[135.91466,33.76723],[135.91284,33.76729],[135.91215,33.76717],[135.91057,33.76661],[135.90951,33.76646],[135.90822,33.76663],[135.90725,33.76695],[135.90618,33.76765],[135.90559,33.76854],[135.90508,33.77005],[135.90453,33.7722],[135.90428,33.77281],[135.90334,33.77682],[135.90243,33.77896],[135.90216,33.77987],[135.90176,33.78016],[135.89817,33.7849],[135.89682,33.78654],[135.89679,33.78769],[135.89779,33.78919],[135.89821,33.79022],[135.8981,33.79074],[135.89746,33.79222],[135.89541,33.7965],[135.89498,33.79723],[135.89251,33.8002],[135.89113,33.80155],[135.88991,33.80222],[135.88862,33.80265],[135.88639,33.80243],[135.88555,33.80219],[135.88344,33.80113],[135.88251,33.8014],[135.88145,33.80188],[135.88058,33.80284],[135.87829,33.80479],[135.87445,33.80767],[135.86804,33.80953],[135.86573,33.81001],[135.86401,33.81055],[135.86347,33.81087],[135.86328,33.81098],[135.86179,33.81275],[135.85986,33.81449],[135.85793,33.81616],[135.85709,33.81733],[135.85655,33.81808],[135.85579,33.81993],[135.85592,33.82102],[135.85684,33.82346],[135.85776,33.82516],[135.85836,33.82694],[135.85857,33.82861],[135.85845,33.82945],[135.85805,33.8303],[135.85639,33.83275],[135.8558,33.83388],[135.8557,33.83568],[135.85581,33.83756],[135.85666,33.84149],[135.85699,33.84228],[135.85765,33.84371],[135.85862,33.84458],[135.85963,33.84619],[135.86018,33.84733],[135.86045,33.84901],[135.86027,33.84995],[135.85983,33.8508],[135.85947,33.85151],[135.85868,33.85258],[135.85793,33.85315],[135.85639,33.85398],[135.8548,33.85525],[135.85396,33.85651],[135.85322,33.85827],[135.85313,33.85905],[135.85332,33.86041],[135.85332,33.86226],[135.85355,33.86283],[135.85597,33.8642],[135.85724,33.86535],[135.858,33.86632],[135.85858,33.86747],[135.85874,33.86884],[135.85812,33.87067],[135.85779,33.87207],[135.85786,33.87302],[135.85532,33.87572],[135.85371,33.87644],[135.85321,33.8769],[135.85257,33.87933],[135.85218,33.88162],[135.85224,33.88214],[135.85294,33.88246],[135.85337,33.88317],[135.85344,33.88418],[135.8542,33.8849],[135.85434,33.88634],[135.85524,33.88747],[135.85508,33.88812],[135.85433,33.88884],[135.85281,33.88966],[135.85212,33.89039],[135.85191,33.89119],[135.85214,33.89267],[135.8521,33.89309],[135.85151,33.89415],[135.85106,33.89441],[135.84984,33.89445],[135.84946,33.89461],[135.8476,33.89631],[135.84671,33.89662],[135.84401,33.89662],[135.84256,33.89703],[135.84005,33.89686],[135.83943,33.89674],[135.83854,33.89625],[135.83767,33.89554],[135.83712,33.8954],[135.8357,33.89559],[135.83334,33.89682],[135.83076,33.89746],[135.82884,33.8988],[135.82813,33.89943],[135.82559,33.90051],[135.82074,33.90307],[135.81988,33.90307],[135.81889,33.90332],[135.81758,33.90446],[135.81678,33.90529],[135.81561,33.90578],[135.81438,33.906],[135.81294,33.90579],[135.81174,33.90592],[135.81009,33.90592],[135.80856,33.90648],[135.80836,33.9064],[135.80563,33.90413],[135.80385,33.90347],[135.80323,33.90295],[135.80315,33.90139],[135.80272,33.89995],[135.8026,33.8979],[135.80172,33.89578],[135.80256,33.89487],[135.80269,33.89413],[135.80233,33.89362],[135.80169,33.89328],[135.80129,33.89273],[135.8011,33.89168],[135.8019,33.89107],[135.80269,33.89071],[135.80294,33.8902],[135.80287,33.88858],[135.80334,33.88786],[135.80417,33.88695],[135.80515,33.88639],[135.80615,33.88556],[135.80688,33.8841],[135.80708,33.88276],[135.80674,33.88161],[135.80621,33.88044],[135.80608,33.87979],[135.80599,33.87806],[135.80452,33.87842],[135.80405,33.8783],[135.80312,33.87771],[135.80336,33.87716],[135.80431,33.87591],[135.80449,33.87534],[135.80442,33.87451],[135.805,33.87389],[135.80531,33.87246],[135.80532,33.87136],[135.80556,33.87106],[135.80531,33.87058],[135.8058,33.87016],[135.80516,33.86919],[135.80519,33.86847],[135.80586,33.86814],[135.80582,33.8679],[135.8056,33.86713],[135.80515,33.86639],[135.80563,33.86562],[135.80511,33.86517],[135.80551,33.86474],[135.80521,33.86442],[135.80392,33.86434],[135.80298,33.86408],[135.80278,33.86441],[135.8036,33.86546],[135.80339,33.86611],[135.80217,33.86751],[135.80175,33.86907],[135.80078,33.87034],[135.79793,33.87304],[135.79742,33.87317],[135.79614,33.8729],[135.79566,33.87246],[135.79537,33.87184],[135.7951,33.87018],[135.7951,33.86835],[135.79485,33.8676],[135.79437,33.86677],[135.79432,33.86635],[135.79494,33.86496],[135.79434,33.86334],[135.7938,33.86261],[135.79351,33.8614],[135.79299,33.8605],[135.79158,33.85615],[135.7917,33.85555],[135.79118,33.85413],[135.79123,33.85362],[135.79172,33.85289],[135.79234,33.85201],[135.79244,33.85149],[135.79232,33.85062],[135.79259,33.85029],[135.79235,33.84994],[135.79153,33.84759],[135.7915,33.84745],[135.79143,33.84705],[135.79142,33.84633],[135.79157,33.84606],[135.79325,33.84545],[135.79369,33.84505],[135.79499,33.84237],[135.79532,33.84195],[135.79641,33.84127],[135.79775,33.83981],[135.799,33.83809],[135.80041,33.83668],[135.80157,33.83541],[135.80168,33.83514],[135.80319,33.83395],[135.80371,33.83401],[135.80402,33.83396],[135.80483,33.83319],[135.80557,33.83305],[135.80612,33.83333],[135.80629,33.83341],[135.80731,33.83268],[135.8094,33.83128],[135.81007,33.8314],[135.81065,33.832],[135.812,33.83237],[135.81189,33.83102],[135.81209,33.82941],[135.81245,33.82845],[135.81251,33.82806],[135.81223,33.82645],[135.81229,33.82607],[135.81235,33.82601],[135.81281,33.82565],[135.81355,33.82502],[135.81337,33.82442],[135.81417,33.82386],[135.81576,33.82248],[135.81679,33.82217],[135.818,33.8215],[135.81873,33.82061],[135.81975,33.81995],[135.82169,33.81948],[135.82206,33.81909],[135.82237,33.81829],[135.8228,33.81794],[135.82374,33.81778],[135.82414,33.81753],[135.82512,33.816],[135.82594,33.81554],[135.82605,33.81451],[135.82621,33.81424],[135.82722,33.8136],[135.82834,33.81325],[135.82957,33.81193],[135.83027,33.81154],[135.83041,33.8107],[135.83033,33.80883],[135.82961,33.80823],[135.82967,33.80688],[135.82955,33.80656],[135.82971,33.80511],[135.82968,33.80497],[135.82944,33.8037],[135.829,33.80298],[135.82786,33.80231],[135.82739,33.80155],[135.82571,33.80152],[135.82513,33.80112],[135.82391,33.80071],[135.82372,33.80058],[135.82312,33.79852],[135.82256,33.79726],[135.82244,33.79663],[135.82241,33.79579],[135.82208,33.793],[135.82108,33.79205],[135.8208,33.79073],[135.81948,33.7901],[135.81957,33.78862],[135.81908,33.78796],[135.8182,33.78767],[135.81791,33.78725],[135.81768,33.78642],[135.81812,33.78567],[135.81827,33.78522],[135.81784,33.78504],[135.81735,33.7852],[135.81614,33.78515],[135.81542,33.78536],[135.81487,33.78564],[135.8141,33.78555],[135.81276,33.78504],[135.81236,33.78383],[135.81201,33.78312],[135.81141,33.78276],[135.81112,33.78236],[135.81112,33.78189],[135.81062,33.78099],[135.81007,33.78075],[135.80961,33.78008],[135.80894,33.77988],[135.80831,33.78037],[135.8068,33.7807],[135.80637,33.78062],[135.8062,33.7805],[135.80589,33.77979],[135.80472,33.77937],[135.80397,33.77949],[135.80178,33.77941],[135.80126,33.77914],[135.80086,33.77822],[135.80053,33.77815],[135.8001,33.77721],[135.799,33.77664],[135.79915,33.77622],[135.79908,33.77478],[135.79969,33.77431],[135.79979,33.77282],[135.79958,33.77093],[135.79936,33.77052],[135.79883,33.7705],[135.79842,33.76977],[135.79683,33.76973],[135.79613,33.77004],[135.79504,33.76981],[135.79451,33.76938],[135.79379,33.76923],[135.79339,33.76884],[135.79304,33.76772],[135.79263,33.76677],[135.79173,33.76622],[135.79132,33.76634],[135.7901,33.76755],[135.78987,33.76765],[135.78847,33.76741],[135.78765,33.76797],[135.78715,33.76803],[135.78568,33.76742],[135.78425,33.76693],[135.78331,33.76724],[135.78258,33.76738],[135.78191,33.7671],[135.78161,33.76764],[135.78104,33.76852],[135.78044,33.76899],[135.78015,33.76991],[135.77847,33.77127],[135.77679,33.77147],[135.77386,33.77217],[135.77279,33.77216],[135.77182,33.77194],[135.77175,33.77168],[135.772,33.77048],[135.77141,33.76882],[135.77057,33.76808],[135.7694,33.76677],[135.76876,33.76639],[135.7685,33.76559],[135.76819,33.76506],[135.76771,33.76477],[135.7665,33.76489],[135.76462,33.76482],[135.76381,33.76404],[135.76265,33.76363],[135.7623,33.76339],[135.76089,33.7621],[135.7604,33.76203],[135.75865,33.7623],[135.75752,33.7621],[135.75698,33.76107],[135.75619,33.76063],[135.75598,33.76019],[135.75542,33.75956],[135.75573,33.75876],[135.75491,33.75795],[135.75394,33.75721],[135.75359,33.75643],[135.75359,33.75609],[135.75393,33.75552],[135.75387,33.75466],[135.75407,33.7542],[135.75511,33.7531],[135.75483,33.7518],[135.75523,33.7506],[135.75527,33.7496],[135.75417,33.74881],[135.75392,33.74752],[135.7534,33.74614],[135.75187,33.74698],[135.75078,33.74702],[135.74981,33.74627],[135.74923,33.7455],[135.74715,33.74498],[135.74639,33.74493],[135.74596,33.74385],[135.7462,33.74338],[135.74669,33.74204],[135.74641,33.74081],[135.74673,33.74018],[135.74698,33.73761],[135.74691,33.73729],[135.7463,33.73658],[135.74546,33.73623],[135.74403,33.73559],[135.7426,33.73523],[135.74146,33.7353],[135.73895,33.7358],[135.7364,33.73669],[135.73557,33.73728],[135.73402,33.7377],[135.73234,33.73737],[135.73172,33.7365],[135.73092,33.73591],[135.72982,33.73569],[135.7291,33.73569],[135.72832,33.7351],[135.72719,33.73264],[135.7271,33.7317],[135.72685,33.73136],[135.7244,33.73039],[135.72305,33.72963],[135.72287,33.72944],[135.72239,33.72773],[135.72273,33.72773],[135.72376,33.72699],[135.7245,33.72677],[135.7259,33.72677],[135.7275,33.72548],[135.72832,33.72536],[135.7302,33.72551],[135.73131,33.72515],[135.73245,33.72495],[135.73365,33.72496],[135.73427,33.72477],[135.73555,33.72355],[135.73659,33.72294],[135.73838,33.72258],[135.73867,33.72222],[135.73894,33.72118],[135.73873,33.71983],[135.73896,33.71883],[135.7393,33.71836],[135.73952,33.71744],[135.73997,33.71688],[135.74227,33.71542],[135.74326,33.71529],[135.74388,33.71554],[135.74627,33.71551],[135.74697,33.71581],[135.74771,33.71519],[135.74815,33.71438],[135.74897,33.7134],[135.74945,33.71219],[135.74919,33.71138],[135.74983,33.7108],[135.75074,33.70943],[135.75108,33.70868],[135.75098,33.7081],[135.7502,33.70731],[135.75011,33.70685],[135.74883,33.70531],[135.74895,33.70405],[135.74879,33.70255],[135.74907,33.70036],[135.74981,33.69902],[135.75094,33.69807],[135.75197,33.69804],[135.75404,33.69741],[135.75544,33.69795],[135.75749,33.69835],[135.75754,33.69953],[135.75698,33.70084],[135.7578,33.70169],[135.75816,33.70232],[135.75865,33.70255],[135.76106,33.70281],[135.7618,33.70322],[135.76293,33.70214],[135.76372,33.70174],[135.76411,33.70129],[135.7653,33.70099],[135.76566,33.70026],[135.76616,33.7001],[135.76718,33.70021],[135.76812,33.70084],[135.76913,33.7008],[135.76973,33.70038],[135.77165,33.70038],[135.7723,33.70156],[135.77252,33.70227],[135.7736,33.70384],[135.7743,33.70367],[135.77503,33.70306],[135.77648,33.70251],[135.77759,33.70243],[135.77848,33.7026],[135.78001,33.70306],[135.78059,33.70283],[135.78089,33.70241],[135.78152,33.70071],[135.78188,33.70011],[135.78269,33.69968],[135.78432,33.69966],[135.78534,33.69975],[135.78666,33.70015],[135.78823,33.7001],[135.78862,33.70085],[135.7884,33.70226],[135.78947,33.70431],[135.78946,33.70564],[135.79013,33.70667],[135.79088,33.70753],[135.79129,33.70774],[135.79175,33.70704],[135.79222,33.70675],[135.79325,33.70651],[135.79396,33.70618],[135.79426,33.70573],[135.79437,33.70454],[135.79623,33.70343],[135.79617,33.70249],[135.79655,33.70177],[135.79721,33.70175],[135.79892,33.70134],[135.7997,33.70151],[135.80096,33.70147],[135.8017,33.70196],[135.80192,33.70252],[135.80249,33.7028],[135.80257,33.70325],[135.80303,33.70368],[135.80455,33.70579],[135.80539,33.70644],[135.80639,33.70787],[135.80619,33.70867],[135.80649,33.70896],[135.8061,33.70927],[135.80702,33.70927],[135.80775,33.71001],[135.80812,33.70983],[135.80801,33.70891],[135.80873,33.70919],[135.80904,33.70883],[135.80788,33.70804],[135.80857,33.70721],[135.8086,33.70657],[135.80914,33.70641],[135.80912,33.70571],[135.80854,33.70529],[135.80833,33.70469],[135.80842,33.70402],[135.8091,33.70297],[135.80929,33.70198],[135.81036,33.70014],[135.81166,33.69981],[135.81325,33.69907],[135.81493,33.69842],[135.81545,33.69804],[135.81646,33.69686],[135.81662,33.69605],[135.81798,33.69556],[135.81821,33.69504],[135.81914,33.69432],[135.81974,33.69416],[135.82177,33.69419],[135.822,33.69407],[135.82226,33.69322],[135.82301,33.69254],[135.82307,33.69166],[135.82386,33.69162],[135.82481,33.69213],[135.8261,33.69337],[135.82625,33.69381],[135.82791,33.694],[135.82863,33.69384],[135.83004,33.69243],[135.83095,33.69253],[135.8316,33.69234],[135.83211,33.69289],[135.8329,33.69421],[135.83378,33.69543],[135.8345,33.69557],[135.83698,33.69555],[135.83755,33.69547],[135.83846,33.69467],[135.839,33.69445],[135.83911,33.69538],[135.83952,33.69657],[135.83957,33.69729],[135.83928,33.69785],[135.83952,33.69938],[135.83904,33.7001],[135.83754,33.7009],[135.83672,33.7017],[135.83547,33.70224],[135.83326,33.70181],[135.8329,33.70195],[135.83332,33.70262],[135.83316,33.70458],[135.83355,33.70539],[135.83454,33.70635],[135.83604,33.70683],[135.83795,33.70674],[135.83963,33.70821],[135.8398,33.70919],[135.84123,33.70958],[135.84327,33.71062],[135.84487,33.7108],[135.84446,33.71382],[135.84794,33.71425],[135.84919,33.71461],[135.84943,33.71568],[135.85009,33.7172],[135.84996,33.71845],[135.85176,33.71867],[135.85241,33.71896],[135.85304,33.71963],[135.85385,33.72006],[135.85387,33.72077],[135.85503,33.72118],[135.85722,33.7214],[135.85819,33.72214],[135.85934,33.72222],[135.86053,33.72215],[135.86188,33.72251],[135.86223,33.72283],[135.86339,33.72311],[135.86395,33.7229],[135.86424,33.72191],[135.86418,33.72132],[135.86469,33.72068],[135.86557,33.72023],[135.86572,33.71962],[135.86624,33.71878],[135.86636,33.71815],[135.86573,33.71748],[135.86503,33.71601],[135.86401,33.71501],[135.86378,33.71457],[135.86438,33.71388],[135.86561,33.71338],[135.86698,33.71312],[135.86769,33.7126],[135.86876,33.71229],[135.86946,33.71165],[135.8701,33.71142],[135.8721,33.71142],[135.87342,33.71181],[135.87561,33.71126],[135.877,33.71156],[135.87937,33.71066],[135.8807,33.70985],[135.88201,33.70966],[135.88176,33.70841],[135.88187,33.70695],[135.88138,33.7049],[135.8821,33.70449],[135.88326,33.70323],[135.88396,33.70222],[135.88412,33.7013],[135.88493,33.70106],[135.88699,33.70084],[135.88887,33.69943],[135.8894,33.69952],[135.89121,33.69923],[135.89207,33.69874],[135.89204,33.69774],[135.89223,33.69741],[135.8933,33.69689],[135.89599,33.69806],[135.89637,33.69749],[135.8963,33.6971],[135.89676,33.69653],[135.89711,33.6962],[135.8985,33.69637],[135.89905,33.69647],[135.90093,33.69611],[135.90097,33.69401],[135.90168,33.6933],[135.90258,33.69288],[135.903,33.69185],[135.90396,33.69104],[135.90476,33.68992],[135.90494,33.68946],[135.90556,33.68929],[135.90662,33.68704],[135.90597,33.68635],[135.90595,33.68499],[135.90638,33.68457],[135.90602,33.68345],[135.90581,33.68216],[135.90811,33.68022],[135.90926,33.67982],[135.91082,33.6808],[135.91225,33.68037],[135.91332,33.67966],[135.91384,33.67988],[135.91486,33.6799],[135.91628,33.67937],[135.91781,33.68001],[135.91813,33.68046],[135.91911,33.6808],[135.92029,33.68083],[135.92077,33.68119],[135.92154,33.68245],[135.92146,33.68316],[135.92164,33.68396],[135.92266,33.68524],[135.92383,33.68547],[135.92479,33.68691],[135.92533,33.68791],[135.92612,33.68811],[135.9269,33.68732],[135.92797,33.68845],[135.92962,33.68992],[135.93,33.69051],[135.93054,33.69075],[135.93132,33.69075],[135.93209,33.69047],[135.93261,33.68894],[135.93257,33.68755],[135.93296,33.68678],[135.93488,33.68559],[135.93517,33.68473],[135.93551,33.68443],[135.93768,33.68462],[135.93779,33.68492],[135.93913,33.68522],[135.94044,33.68506],[135.94106,33.68533],[135.94263,33.68538],[135.94338,33.68507],[135.94568,33.68463],[135.94601,33.68469],[135.94731,33.68333],[135.94779,33.6834],[135.94835,33.6827],[135.94914,33.68239],[135.95077,33.68102],[135.951,33.68063],[135.95286,33.67954],[135.95291,33.67913],[135.95342,33.6785],[135.95406,33.67697],[135.95444,33.67656],[135.95428,33.6763],[135.9545,33.67521],[135.95494,33.67403],[135.95554,33.67387],[135.956,33.67246],[135.9568,33.67206],[135.95814,33.67229],[135.95922,33.67211],[135.95999,33.67168],[135.96028,33.67106],[135.96132,33.6708],[135.96201,33.67205],[135.96243,33.6723],[135.96295,33.67208],[135.96352,33.67251],[135.96446,33.6726],[135.96488,33.67138],[135.96634,33.67102],[135.96797,33.66994],[135.96961,33.67009],[135.97025,33.66933],[135.97092,33.6697],[135.97113,33.67038],[135.97019,33.67133],[135.97291,33.67066],[135.97161,33.67167],[135.97167,33.67257],[135.97257,33.67306],[135.97369,33.67332],[135.97502,33.67323],[135.97847,33.67994],[135.98294,33.68139],[135.98235,33.68261],[135.98441,33.6832],[135.985,33.6819],[135.98562,33.68213],[135.98521,33.68326],[135.98527,33.68315],[135.98697,33.68364],[135.98745,33.6834],[135.98725,33.68439],[135.98837,33.68449],[135.98844,33.68409],[135.98904,33.68417],[135.98929,33.68341],[135.98909,33.68486],[135.99013,33.68437],[135.99092,33.68432],[135.99111,33.68247],[135.99042,33.68163],[135.98972,33.68145],[135.98874,33.68157],[135.98828,33.68135],[135.98852,33.67981],[135.98994,33.67962],[135.99016,33.67914],[135.98961,33.67874],[135.98953,33.67801],[135.99092,33.67817],[135.99127,33.67836],[135.99202,33.67831],[135.99218,33.6788],[135.99215,33.6797],[135.99312,33.68023],[135.992,33.68103],[135.99216,33.68227],[135.99119,33.68261],[135.99118,33.6834],[135.99094,33.68459],[135.99139,33.68568],[135.99055,33.6857],[135.98991,33.68546],[135.98897,33.68539],[135.98778,33.6854],[135.98715,33.68617],[135.98679,33.68741],[135.98689,33.68806],[135.98678,33.68943],[135.98726,33.69031],[135.9882,33.691],[135.98933,33.69146],[135.9902,33.69238],[135.99148,33.69331],[135.99264,33.69329],[135.99229,33.69378],[135.99171,33.69361],[135.99147,33.69392],[135.9917,33.69453],[135.9924,33.6954],[135.99328,33.69581],[135.99244,33.69668],[135.99241,33.6974],[135.99316,33.6979],[135.99277,33.69833],[135.99266,33.69892],[135.99293,33.69933],[135.99231,33.69933],[135.99217,33.69981],[135.99261,33.70064],[135.99297,33.70147],[135.99466,33.70432],[135.99597,33.70615],[135.99779,33.70851],[136.00177,33.71308],[136.00305,33.7144]],[[135.98487,33.73168],[135.98513,33.73164],[135.98491,33.73156],[135.98487,33.73168]],[[135.98513,33.73164],[135.9855,33.73161],[135.98697,33.73109],[135.98546,33.73153],[135.98513,33.73164]],[[135.98465,33.72827],[135.98503,33.72831],[135.98564,33.72824],[135.98465,33.72827]],[[135.98342,33.72216],[135.9833,33.722],[135.98307,33.72176],[135.98342,33.72216]],[[135.99086,33.72944],[135.98986,33.72976],[135.98978,33.72962],[135.98971,33.72982],[135.99086,33.72944]],[[135.98709,33.72738],[135.98709,33.7276],[135.9873,33.72738],[135.98709,33.72738]],[[135.98771,33.72739],[135.98776,33.72864],[135.98771,33.72721],[135.98771,33.72739]],[[135.98717,33.73078],[135.98709,33.73063],[135.98678,33.73072],[135.98717,33.73078]],[[135.9872,33.7304],[135.98775,33.73014],[135.98722,33.7303],[135.9872,33.7304]],[[135.98717,33.72986],[135.98753,33.72978],[135.9869,33.72974],[135.98717,33.72986]],[[135.82677,33.86271],[135.82611,33.86356],[135.82703,33.86291],[135.82651,33.8632],[135.82677,33.86271]],[[135.84762,33.84868],[135.84995,33.84698],[135.84819,33.84826],[135.84762,33.84868]],[[135.83562,33.8179],[135.83586,33.81803],[135.83681,33.81837],[135.83562,33.8179]]],[[[135.875,33.79785],[135.87494,33.79856],[135.875,33.79778],[135.87505,33.79721],[135.875,33.79785]]],[[[135.88484,33.88445],[135.88419,33.88616],[135.88428,33.88719],[135.88472,33.88863],[135.88506,33.89048],[135.88542,33.89137],[135.88654,33.89217],[135.88757,33.89328],[135.88811,33.89416],[135.88825,33.8949],[135.88807,33.89593],[135.88751,33.89652],[135.88516,33.89785],[135.88456,33.8984],[135.88371,33.89978],[135.88211,33.90102],[135.8809,33.90219],[135.87989,33.90469],[135.87972,33.90588],[135.87888,33.90843],[135.87888,33.90875],[135.87966,33.90928],[135.88095,33.90927],[135.88079,33.90999],[135.88125,33.91073],[135.88127,33.91121],[135.88027,33.91183],[135.88003,33.91289],[135.88055,33.91393],[135.88133,33.91425],[135.8819,33.91491],[135.88188,33.91528],[135.8814,33.91558],[135.8808,33.91663],[135.88047,33.91778],[135.88016,33.91798],[135.87891,33.91805],[135.87733,33.91729],[135.87707,33.91732],[135.8766,33.91826],[135.87558,33.91819],[135.87459,33.91827],[135.87279,33.91889],[135.87216,33.91938],[135.87104,33.91971],[135.86931,33.92001],[135.86734,33.9208],[135.86644,33.92155],[135.86635,33.92194],[135.86592,33.92203],[135.86553,33.92089],[135.86554,33.92],[135.86637,33.91868],[135.86701,33.9171],[135.86677,33.91619],[135.86786,33.91589],[135.86872,33.9148],[135.86873,33.91429],[135.86571,33.91143],[135.86521,33.9108],[135.86512,33.91028],[135.86452,33.90924],[135.86394,33.90881],[135.8631,33.90787],[135.86335,33.90713],[135.8628,33.90516],[135.86233,33.90475],[135.86117,33.90444],[135.86027,33.90356],[135.85962,33.90312],[135.85876,33.90141],[135.85905,33.90075],[135.85962,33.90053],[135.86002,33.89928],[135.85979,33.89861],[135.8588,33.89784],[135.85835,33.89706],[135.85835,33.89592],[135.85859,33.89471],[135.85915,33.89297],[135.86014,33.89178],[135.86025,33.89095],[135.85972,33.88967],[135.86005,33.88846],[135.86077,33.88733],[135.86139,33.88718],[135.86214,33.88749],[135.86263,33.88803],[135.86401,33.88885],[135.86478,33.88901],[135.86645,33.88863],[135.86727,33.88856],[135.86904,33.88899],[135.87134,33.88867],[135.87171,33.88831],[135.87207,33.88676],[135.87341,33.88561],[135.87483,33.8839],[135.87557,33.88382],[135.87686,33.8841],[135.87771,33.88413],[135.87852,33.88394],[135.879,33.88311],[135.87989,33.8828],[135.88027,33.88245],[135.88148,33.88094],[135.88203,33.87987],[135.88277,33.87876],[135.88227,33.87846],[135.8816,33.87756],[135.88115,33.87616],[135.88087,33.87576],[135.87985,33.87526],[135.87878,33.87491],[135.87804,33.87377],[135.87734,33.87354],[135.87659,33.87352],[135.87575,33.87297],[135.87477,33.87276],[135.87416,33.87048],[135.87342,33.87026],[135.87287,33.86806],[135.87299,33.86743],[135.87406,33.86629],[135.87358,33.86533],[135.87436,33.86332],[135.87491,33.86165],[135.87589,33.86212],[135.87759,33.86343],[135.87812,33.86448],[135.87811,33.865],[135.87767,33.86688],[135.87747,33.86824],[135.87765,33.87108],[135.87849,33.87186],[135.88052,33.87241],[135.88302,33.87258],[135.88518,33.87241],[135.88624,33.87213],[135.88687,33.8712],[135.88838,33.86978],[135.88986,33.86876],[135.89167,33.86826],[135.89288,33.86825],[135.89404,33.8684],[135.89531,33.86879],[135.89744,33.86965],[135.89781,33.8706],[135.89766,33.8732],[135.89808,33.876],[135.89869,33.87771],[135.90073,33.87956],[135.90147,33.88135],[135.9017,33.8826],[135.90162,33.88453],[135.90129,33.88535],[135.89992,33.88656],[135.89832,33.88825],[135.8955,33.89071],[135.89283,33.89367],[135.892,33.89385],[135.89087,33.8921],[135.89023,33.8909],[135.89033,33.88992],[135.89217,33.8896],[135.89293,33.88927],[135.89308,33.88847],[135.89289,33.88657],[135.89219,33.88451],[135.89233,33.88393],[135.89292,33.88306],[135.89279,33.88179],[135.89115,33.88094],[135.89029,33.88102],[135.88876,33.88144],[135.88669,33.88254],[135.88576,33.88336],[135.88484,33.88445]]]]}},{"type":"Feature","properties":{"nm":"紀の川市","b":[135.2743,34.1762,135.488,34.3488],"c":[135.39414,34.25406]},"geometry":{"type":"MultiPolygon","coordinates":[[[[135.33447,34.24816],[135.33427,34.2479],[135.33291,34.24741],[135.33166,34.24738],[135.32872,34.24736],[135.32744,34.24748],[135.32472,34.24795],[135.32191,34.24838],[135.3221,34.24789],[135.32317,34.24484],[135.3242,34.2436],[135.32515,34.24292],[135.32573,34.24278],[135.32494,34.24175],[135.3242,34.24159],[135.32321,34.24169],[135.32222,34.24146],[135.32181,34.24079],[135.32051,34.24067],[135.31912,34.24081],[135.31827,34.24066],[135.31797,34.24069],[135.3166,34.23981],[135.31565,34.23961],[135.3154,34.23904],[135.31484,34.23904],[135.31407,34.23736],[135.31301,34.23748],[135.31269,34.23769],[135.31117,34.23794],[135.31081,34.23842],[135.30961,34.23889],[135.30903,34.239],[135.30914,34.23819],[135.3084,34.23776],[135.30751,34.23797],[135.30629,34.23759],[135.30572,34.23719],[135.30538,34.23652],[135.30375,34.23631],[135.30318,34.23652],[135.30171,34.23626],[135.30098,34.23541],[135.3004,34.23357],[135.29943,34.23308],[135.29798,34.23215],[135.29671,34.23131],[135.29535,34.23115],[135.29427,34.23161],[135.2932,34.23187],[135.29238,34.23153],[135.29162,34.23079],[135.29079,34.23039],[135.29034,34.22966],[135.28985,34.22961],[135.28946,34.22959],[135.28926,34.22959],[135.28901,34.22937],[135.28877,34.22924],[135.28798,34.22881],[135.28766,34.22867],[135.28576,34.22946],[135.28528,34.22945],[135.28487,34.22802],[135.28395,34.2278],[135.28294,34.22717],[135.28272,34.22612],[135.28162,34.22551],[135.28084,34.22491],[135.27995,34.22467],[135.27924,34.22425],[135.27853,34.22415],[135.27734,34.22324],[135.27637,34.22313],[135.27585,34.22251],[135.27435,34.22211],[135.27466,34.22057],[135.27488,34.21923],[135.27494,34.21769],[135.2747,34.21718],[135.27507,34.21676],[135.27543,34.21652],[135.27617,34.21633],[135.27695,34.2162],[135.27732,34.21611],[135.27749,34.21574],[135.27756,34.21552],[135.27807,34.21478],[135.27821,34.21459],[135.27931,34.21419],[135.27991,34.21405],[135.28018,34.21391],[135.28047,34.2137],[135.28129,34.21348],[135.28135,34.21335],[135.28138,34.21309],[135.28119,34.21254],[135.28099,34.21185],[135.28088,34.21143],[135.28058,34.21071],[135.28033,34.2101],[135.28019,34.20975],[135.28021,34.20957],[135.28031,34.20923],[135.2803,34.20912],[135.28014,34.20873],[135.28,34.20767],[135.28012,34.20753],[135.28027,34.20751],[135.28056,34.20749],[135.28073,34.20741],[135.28094,34.20724],[135.28157,34.20729],[135.28175,34.20691],[135.28177,34.20677],[135.28219,34.20626],[135.28251,34.20592],[135.2826,34.20546],[135.28258,34.20527],[135.28257,34.20519],[135.28255,34.205],[135.28256,34.20456],[135.28264,34.20426],[135.28279,34.20375],[135.28278,34.20369],[135.2832,34.20359],[135.28351,34.20414],[135.28325,34.20517],[135.2834,34.2054],[135.28394,34.20472],[135.28401,34.20427],[135.28498,34.2043],[135.28366,34.20375],[135.28432,34.20312],[135.28529,34.20271],[135.28685,34.20253],[135.28748,34.20235],[135.28841,34.20257],[135.28924,34.20248],[135.28972,34.20266],[135.2902,34.20243],[135.292,34.2021],[135.29257,34.2014],[135.29299,34.20143],[135.29428,34.20082],[135.29579,34.20101],[135.29587,34.20065],[135.29648,34.2007],[135.29743,34.19863],[135.2986,34.19844],[135.29878,34.19799],[135.30053,34.19738],[135.30069,34.19677],[135.30133,34.19672],[135.30131,34.19723],[135.30258,34.19694],[135.30266,34.19744],[135.30443,34.19698],[135.30413,34.19666],[135.3045,34.19595],[135.30513,34.1959],[135.30607,34.19498],[135.30672,34.19567],[135.30749,34.19619],[135.309,34.19815],[135.30905,34.19844],[135.30842,34.19898],[135.30833,34.19961],[135.30842,34.20099],[135.30867,34.20231],[135.3093,34.2028],[135.31051,34.20283],[135.31148,34.20302],[135.31162,34.20273],[135.31104,34.20205],[135.31213,34.2019],[135.31354,34.2013],[135.31359,34.20058],[135.31415,34.1994],[135.31436,34.19806],[135.31428,34.19708],[135.31477,34.19576],[135.31464,34.19506],[135.31566,34.19428],[135.31678,34.19433],[135.3179,34.19393],[135.31824,34.19337],[135.31844,34.1927],[135.31919,34.19232],[135.31946,34.19193],[135.31949,34.19116],[135.31979,34.19082],[135.32074,34.19072],[135.32103,34.19036],[135.32206,34.19025],[135.3219,34.18922],[135.32265,34.1889],[135.32319,34.18942],[135.32299,34.19049],[135.32344,34.19075],[135.32498,34.18962],[135.32619,34.18851],[135.3269,34.18889],[135.32728,34.1885],[135.32776,34.18865],[135.32772,34.18919],[135.32838,34.18967],[135.3291,34.18996],[135.32945,34.19037],[135.33143,34.1917],[135.33153,34.19208],[135.33256,34.19194],[135.3333,34.19253],[135.33378,34.19318],[135.33468,34.1939],[135.33565,34.19408],[135.33736,34.19441],[135.33824,34.19489],[135.33921,34.19476],[135.33983,34.19545],[135.3406,34.19567],[135.34092,34.19541],[135.34108,34.19474],[135.34163,34.19471],[135.34283,34.19396],[135.34323,34.19423],[135.34349,34.19491],[135.34419,34.19537],[135.34507,34.19637],[135.34571,34.19647],[135.34646,34.19619],[135.3471,34.19641],[135.34848,34.19613],[135.34901,34.1957],[135.34969,34.19548],[135.34942,34.19425],[135.34841,34.19332],[135.34829,34.19267],[135.34891,34.19178],[135.34952,34.19172],[135.3504,34.19098],[135.3505,34.19],[135.35095,34.1893],[135.35146,34.18917],[135.35204,34.18856],[135.35261,34.18882],[135.35319,34.18797],[135.35407,34.18705],[135.35573,34.18465],[135.35735,34.18392],[135.35841,34.18403],[135.36042,34.18383],[135.36203,34.18302],[135.36238,34.18308],[135.36259,34.1831],[135.36301,34.18311],[135.36303,34.18322],[135.36353,34.18333],[135.36463,34.1836],[135.36523,34.1838],[135.36717,34.18417],[135.36892,34.18456],[135.37014,34.18473],[135.37153,34.18486],[135.37225,34.18515],[135.37379,34.1855],[135.37479,34.18627],[135.37562,34.18614],[135.37611,34.18644],[135.37739,34.18614],[135.37843,34.18626],[135.37913,34.186],[135.38038,34.18673],[135.38134,34.18587],[135.38231,34.18603],[135.3838,34.18578],[135.38476,34.18588],[135.38717,34.18583],[135.38802,34.18627],[135.38852,34.18608],[135.38952,34.18622],[135.3903,34.18575],[135.39169,34.18403],[135.39236,34.18509],[135.39313,34.18513],[135.39347,34.18536],[135.39405,34.18511],[135.39455,34.1857],[135.39517,34.18609],[135.39543,34.18664],[135.39641,34.18659],[135.3968,34.18598],[135.39739,34.18619],[135.39816,34.18733],[135.39843,34.18811],[135.3995,34.18919],[135.40085,34.18939],[135.40199,34.18972],[135.40295,34.18945],[135.40409,34.1896],[135.40482,34.18944],[135.40532,34.18972],[135.40603,34.18934],[135.40597,34.18891],[135.4063,34.18833],[135.40622,34.18711],[135.40648,34.18644],[135.40704,34.18562],[135.4074,34.18541],[135.40829,34.18541],[135.409,34.18522],[135.41003,34.18538],[135.41043,34.18564],[135.41141,34.18538],[135.41233,34.18543],[135.41296,34.18511],[135.41365,34.18439],[135.41438,34.18449],[135.41501,34.18417],[135.41572,34.18366],[135.41743,34.18317],[135.41762,34.18278],[135.41952,34.18111],[135.42002,34.18056],[135.42112,34.17968],[135.42118,34.17894],[135.42226,34.17671],[135.42292,34.17621],[135.42344,34.17632],[135.42378,34.17668],[135.42408,34.17872],[135.42494,34.17947],[135.42552,34.17943],[135.42678,34.17856],[135.42928,34.17742],[135.43035,34.17735],[135.43182,34.17649],[135.43313,34.1766],[135.43416,34.1765],[135.43636,34.17695],[135.43741,34.17656],[135.43798,34.17652],[135.43869,34.17678],[135.43925,34.17674],[135.4401,34.178],[135.44141,34.17824],[135.44273,34.17746],[135.44359,34.17801],[135.4451,34.1788],[135.44564,34.17865],[135.44647,34.17877],[135.44692,34.17911],[135.4477,34.17907],[135.4492,34.17979],[135.45026,34.1799],[135.45079,34.18027],[135.45206,34.17998],[135.45297,34.17955],[135.45403,34.18071],[135.45401,34.18143],[135.45433,34.18196],[135.4553,34.18305],[135.45603,34.1832],[135.45697,34.18372],[135.45772,34.18446],[135.45854,34.18511],[135.45903,34.18585],[135.45954,34.18611],[135.46019,34.18612],[135.46076,34.1866],[135.46102,34.1868],[135.46156,34.18692],[135.46229,34.18804],[135.463,34.1887],[135.46402,34.18929],[135.46461,34.19014],[135.46554,34.19073],[135.46608,34.19131],[135.46654,34.19236],[135.46634,34.19466],[135.466,34.19536],[135.46586,34.19636],[135.46649,34.19665],[135.46722,34.19753],[135.46868,34.19823],[135.46927,34.19832],[135.4714,34.19916],[135.47262,34.19887],[135.47352,34.19877],[135.4749,34.19981],[135.47635,34.2003],[135.47723,34.20123],[135.47797,34.20167],[135.47923,34.20199],[135.48001,34.20194],[135.48098,34.20312],[135.48039,34.20425],[135.48031,34.20581],[135.48064,34.20638],[135.48027,34.20813],[135.48093,34.20907],[135.48101,34.20984],[135.4815,34.21057],[135.48141,34.21289],[135.48092,34.21359],[135.48109,34.21707],[135.48147,34.21851],[135.48224,34.21915],[135.48366,34.21931],[135.48502,34.2203],[135.48547,34.22173],[135.48534,34.22229],[135.48529,34.22391],[135.48407,34.22417],[135.48397,34.2245],[135.4844,34.2256],[135.48495,34.22751],[135.486,34.22783],[135.48617,34.22839],[135.48682,34.22871],[135.48702,34.22926],[135.48684,34.2297],[135.48721,34.23068],[135.48769,34.23091],[135.48789,34.23148],[135.48796,34.23256],[135.48755,34.23375],[135.48737,34.23475],[135.4866,34.23628],[135.48638,34.23673],[135.48622,34.23703],[135.48567,34.23789],[135.48559,34.23802],[135.48491,34.23837],[135.48465,34.23885],[135.4846,34.23946],[135.48447,34.23983],[135.48472,34.24088],[135.48445,34.24138],[135.4837,34.24217],[135.48345,34.2423],[135.48321,34.24238],[135.48302,34.24268],[135.48293,34.24285],[135.48249,34.24305],[135.48238,34.24319],[135.48208,34.24337],[135.48145,34.24372],[135.48083,34.24416],[135.47999,34.24449],[135.47963,34.24476],[135.47927,34.2451],[135.47875,34.24519],[135.4783,34.24542],[135.47744,34.24559],[135.47592,34.24682],[135.47539,34.24749],[135.47476,34.24789],[135.47424,34.24902],[135.47415,34.25011],[135.47312,34.25042],[135.47239,34.25171],[135.47149,34.2524],[135.46994,34.25306],[135.46802,34.25337],[135.46707,34.25291],[135.46644,34.25409],[135.46638,34.25439],[135.46645,34.25473],[135.46638,34.25511],[135.46635,34.25521],[135.46631,34.25557],[135.46608,34.25604],[135.46595,34.2563],[135.4659,34.25637],[135.46578,34.25685],[135.46565,34.25774],[135.46532,34.2582],[135.46524,34.25832],[135.46519,34.25841],[135.4652,34.25865],[135.46519,34.25951],[135.46514,34.26012],[135.46509,34.26036],[135.46464,34.26131],[135.4656,34.26216],[135.46583,34.26232],[135.46597,34.26272],[135.4663,34.26333],[135.46648,34.26442],[135.46636,34.26506],[135.4659,34.26552],[135.4658,34.26624],[135.46587,34.26673],[135.46576,34.26701],[135.46511,34.26726],[135.46476,34.26739],[135.46457,34.26756],[135.46403,34.26801],[135.46322,34.2683],[135.4628,34.26911],[135.46249,34.26938],[135.46168,34.27012],[135.46087,34.27049],[135.46051,34.27132],[135.45967,34.27161],[135.45912,34.27178],[135.45785,34.27183],[135.45723,34.27189],[135.45666,34.27214],[135.45635,34.27229],[135.45583,34.27217],[135.45549,34.27211],[135.45535,34.27212],[135.45561,34.27214],[135.45522,34.27233],[135.45501,34.27245],[135.45451,34.27267],[135.45208,34.27472],[135.45183,34.27553],[135.4513,34.27594],[135.45147,34.27675],[135.45114,34.27697],[135.4508,34.27727],[135.44995,34.27768],[135.44953,34.27792],[135.44921,34.27811],[135.44835,34.2787],[135.44805,34.28],[135.44821,34.28103],[135.44849,34.28137],[135.44869,34.28196],[135.44855,34.28262],[135.44789,34.28344],[135.44769,34.28361],[135.44768,34.2841],[135.44769,34.28516],[135.44822,34.2854],[135.4481,34.28566],[135.44925,34.28641],[135.44986,34.28732],[135.45043,34.28942],[135.45078,34.28988],[135.45142,34.29143],[135.45172,34.29185],[135.45259,34.29341],[135.4542,34.29556],[135.45473,34.29657],[135.45583,34.29746],[135.45639,34.29772],[135.45802,34.29935],[135.45812,34.29973],[135.45842,34.30019],[135.4585,34.30049],[135.4586,34.30141],[135.45865,34.3015],[135.45909,34.30199],[135.45931,34.30221],[135.45936,34.30234],[135.45944,34.30255],[135.45958,34.30291],[135.45999,34.30353],[135.46151,34.30525],[135.46225,34.30587],[135.46309,34.30649],[135.46354,34.30721],[135.46398,34.30731],[135.46421,34.3076],[135.46418,34.30839],[135.46412,34.309],[135.46426,34.3096],[135.46458,34.31029],[135.46467,34.31046],[135.46521,34.31073],[135.46542,34.31136],[135.46625,34.3118],[135.46641,34.31199],[135.46683,34.31209],[135.46761,34.31233],[135.4677,34.3124],[135.46783,34.3126],[135.46822,34.31265],[135.46849,34.31264],[135.46876,34.31269],[135.46896,34.31276],[135.46912,34.31293],[135.46919,34.31319],[135.46917,34.3133],[135.46906,34.31352],[135.46778,34.31438],[135.46735,34.31482],[135.46646,34.31546],[135.4662,34.31584],[135.46601,34.31615],[135.46581,34.31651],[135.46545,34.31692],[135.46463,34.31761],[135.46434,34.31847],[135.4642,34.31886],[135.46361,34.31939],[135.46254,34.31978],[135.46165,34.32066],[135.46126,34.32172],[135.46143,34.32293],[135.46137,34.32323],[135.46132,34.32351],[135.46063,34.32502],[135.45996,34.32558],[135.45926,34.32646],[135.458,34.32739],[135.45741,34.32766],[135.45737,34.32794],[135.45717,34.32917],[135.45707,34.32949],[135.4566,34.33001],[135.45636,34.33044],[135.45634,34.33103],[135.45546,34.33236],[135.45551,34.33344],[135.45531,34.33401],[135.45543,34.33448],[135.4551,34.3349],[135.45391,34.33505],[135.45239,34.33494],[135.45086,34.33515],[135.44876,34.33511],[135.44832,34.33494],[135.44815,34.33491],[135.44777,34.33524],[135.44703,34.33556],[135.44681,34.33575],[135.44676,34.33622],[135.44723,34.33684],[135.4475,34.33765],[135.44718,34.33981],[135.44593,34.34144],[135.44555,34.34302],[135.44571,34.34437],[135.44557,34.34479],[135.4454,34.34507],[135.44441,34.34544],[135.44391,34.34668],[135.44408,34.34764],[135.44381,34.34785],[135.44135,34.34776],[135.44046,34.34816],[135.43929,34.34795],[135.43842,34.34811],[135.43771,34.3485],[135.43707,34.34841],[135.43585,34.34878],[135.43477,34.34851],[135.43449,34.34805],[135.43369,34.34762],[135.43229,34.34728],[135.4313,34.34728],[135.43012,34.34638],[135.42889,34.34568],[135.42812,34.34407],[135.42838,34.34358],[135.42777,34.34238],[135.42712,34.34193],[135.42698,34.34105],[135.42671,34.34073],[135.426,34.34059],[135.42484,34.33994],[135.42374,34.34033],[135.42305,34.34026],[135.4219,34.33981],[135.42068,34.34005],[135.41954,34.34011],[135.41853,34.34033],[135.41695,34.33973],[135.41583,34.33983],[135.41517,34.34013],[135.41363,34.34135],[135.41262,34.34189],[135.41132,34.34203],[135.40923,34.34193],[135.40874,34.34139],[135.40833,34.34011],[135.40714,34.33895],[135.40699,34.33861],[135.40726,34.33741],[135.40686,34.33533],[135.40608,34.33493],[135.40548,34.33391],[135.40494,34.33408],[135.40378,34.33401],[135.40272,34.33354],[135.40242,34.33296],[135.40183,34.33268],[135.40092,34.33285],[135.4003,34.33261],[135.39907,34.3326],[135.39788,34.33147],[135.39757,34.33072],[135.39664,34.33044],[135.39599,34.3308],[135.39508,34.33093],[135.39442,34.33074],[135.39354,34.33145],[135.3932,34.3308],[135.39319,34.33183],[135.39136,34.33282],[135.39116,34.33309],[135.38813,34.33245],[135.38727,34.33034],[135.38708,34.32943],[135.38682,34.32928],[135.38494,34.32941],[135.38409,34.32961],[135.38261,34.32949],[135.38115,34.32907],[135.38054,34.32867],[135.37956,34.32867],[135.37789,34.33007],[135.37649,34.33035],[135.37571,34.331],[135.37421,34.33103],[135.37228,34.33027],[135.37106,34.33022],[135.36902,34.33077],[135.36831,34.33117],[135.36737,34.33096],[135.36666,34.32993],[135.36625,34.32975],[135.36492,34.32968],[135.36439,34.32986],[135.36342,34.32985],[135.36262,34.32915],[135.36193,34.32935],[135.36124,34.33019],[135.36096,34.33086],[135.36057,34.33119],[135.36033,34.33188],[135.35905,34.33308],[135.35822,34.33315],[135.35778,34.33349],[135.35673,34.33311],[135.35551,34.33361],[135.35451,34.33272],[135.35438,34.33236],[135.35366,34.33205],[135.35306,34.33222],[135.35166,34.33226],[135.34995,34.3317],[135.34917,34.33194],[135.34812,34.33111],[135.3469,34.33097],[135.34616,34.33036],[135.34534,34.33078],[135.34511,34.33168],[135.34476,34.33224],[135.34427,34.33242],[135.34257,34.33465],[135.34198,34.33514],[135.34092,34.33539],[135.33962,34.33527],[135.33895,34.33506],[135.33829,34.33537],[135.33739,34.33516],[135.33754,34.33483],[135.33872,34.33409],[135.33913,34.33246],[135.33948,34.33211],[135.33912,34.33084],[135.33924,34.32967],[135.33868,34.32903],[135.33808,34.32871],[135.33717,34.32758],[135.3364,34.32752],[135.33568,34.32702],[135.33551,34.32631],[135.33501,34.32616],[135.33465,34.32565],[135.33411,34.32541],[135.33356,34.32571],[135.33313,34.32551],[135.33259,34.32573],[135.33005,34.32504],[135.32955,34.32442],[135.32859,34.3239],[135.32805,34.32393],[135.32789,34.32333],[135.32858,34.32139],[135.32914,34.32121],[135.33009,34.32002],[135.33044,34.3198],[135.33033,34.31895],[135.33038,34.31667],[135.3298,34.31626],[135.32957,34.31618],[135.32805,34.31584],[135.32803,34.31509],[135.32806,34.31475],[135.32746,34.31462],[135.32709,34.31434],[135.32714,34.31356],[135.32751,34.31326],[135.32783,34.31266],[135.32836,34.31216],[135.3289,34.31198],[135.32875,34.3116],[135.32858,34.31124],[135.32885,34.31091],[135.33036,34.31051],[135.33052,34.30994],[135.33081,34.30968],[135.33104,34.3094],[135.3311,34.30929],[135.33136,34.30911],[135.33152,34.30909],[135.33176,34.30866],[135.33284,34.3087],[135.33313,34.30855],[135.3331,34.30842],[135.33315,34.30793],[135.33368,34.30758],[135.33401,34.30712],[135.334,34.30695],[135.33415,34.30666],[135.33416,34.30649],[135.33413,34.30623],[135.33387,34.30574],[135.33388,34.30512],[135.33431,34.30509],[135.33465,34.30513],[135.3348,34.30518],[135.33558,34.30498],[135.33601,34.30514],[135.33631,34.30394],[135.33639,34.30391],[135.33665,34.30373],[135.33661,34.30372],[135.33607,34.3034],[135.3355,34.30245],[135.33557,34.3021],[135.33409,34.30123],[135.33396,34.30061],[135.33327,34.30006],[135.33252,34.30019],[135.33231,34.29997],[135.33232,34.29918],[135.33209,34.29884],[135.333,34.29809],[135.33367,34.29698],[135.33435,34.29612],[135.33448,34.29559],[135.33484,34.29415],[135.33419,34.2939],[135.33383,34.29315],[135.33376,34.29192],[135.3336,34.29118],[135.33319,34.29072],[135.33332,34.29029],[135.3332,34.28902],[135.33296,34.28826],[135.33304,34.28761],[135.33326,34.2874],[135.33328,34.28738],[135.33436,34.28659],[135.33396,34.28541],[135.33408,34.28456],[135.33356,34.28403],[135.33314,34.28267],[135.33316,34.28151],[135.33408,34.28132],[135.33353,34.28079],[135.33352,34.28031],[135.33311,34.27995],[135.33369,34.27925],[135.33391,34.27843],[135.33382,34.27768],[135.33328,34.27622],[135.33376,34.27548],[135.33414,34.27388],[135.33478,34.27343],[135.33467,34.27299],[135.3354,34.27197],[135.33587,34.27187],[135.33604,34.27149],[135.33656,34.27127],[135.33686,34.2708],[135.33808,34.27081],[135.33866,34.27057],[135.33828,34.26989],[135.3382,34.26727],[135.33831,34.26706],[135.33827,34.26512],[135.33823,34.26417],[135.33784,34.26306],[135.33745,34.26243],[135.33664,34.26192],[135.33646,34.26117],[135.33675,34.26081],[135.33647,34.26114],[135.3361,34.26],[135.3356,34.25754],[135.33494,34.25692],[135.33502,34.25622],[135.33446,34.25555],[135.33444,34.25509],[135.33484,34.25464],[135.33467,34.25431],[135.33464,34.25244],[135.33406,34.25126],[135.33447,34.24816]],[[135.37531,34.26549],[135.37845,34.26567],[135.37655,34.26555],[135.37531,34.26549]],[[135.37959,34.25662],[135.38021,34.2586],[135.37948,34.2562],[135.37959,34.25662]],[[135.37924,34.2771],[135.37946,34.27704],[135.37968,34.27656],[135.37924,34.2771]],[[135.35239,34.2693],[135.35229,34.26952],[135.35269,34.26932],[135.35239,34.2693]],[[135.37411,34.30941],[135.37417,34.3097],[135.37429,34.30986],[135.37411,34.30941]],[[135.34263,34.30127],[135.34198,34.30123],[135.34188,34.30134],[135.34263,34.30127]],[[135.4311,34.24605],[135.43131,34.24531],[135.43111,34.24577],[135.4311,34.24605]],[[135.43069,34.317],[135.43105,34.31666],[135.43076,34.31688],[135.43069,34.317]],[[135.39047,34.26863],[135.39076,34.26867],[135.39098,34.26867],[135.39047,34.26863]],[[135.44554,34.24624],[135.44566,34.2463],[135.44567,34.24584],[135.44554,34.24624]],[[135.42044,34.21459],[135.42044,34.2147],[135.42046,34.2148],[135.42044,34.21459]],[[135.44208,34.29887],[135.44197,34.29881],[135.44199,34.29929],[135.44208,34.29887]],[[135.44362,34.27944],[135.44358,34.27969],[135.44359,34.27969],[135.44362,34.27944]],[[135.45212,34.26912],[135.45213,34.26905],[135.45213,34.26897],[135.45212,34.26912]],[[135.44476,34.2674],[135.4447,34.26721],[135.44424,34.26756],[135.44476,34.2674]],[[135.33573,34.24088],[135.33572,34.24062],[135.33564,34.24077],[135.33573,34.24088]],[[135.33605,34.23634],[135.33597,34.23703],[135.33591,34.23754],[135.33603,34.23664],[135.33605,34.23634]],[[135.43244,34.27708],[135.43302,34.27631],[135.43253,34.27694],[135.43244,34.27708]],[[135.4347,34.27536],[135.43438,34.27507],[135.43429,34.27524],[135.4347,34.27536]],[[135.43721,34.27617],[135.43727,34.27604],[135.43701,34.27596],[135.43721,34.27617]],[[135.43701,34.27596],[135.43675,34.27584],[135.43643,34.27576],[135.43701,34.27596]],[[135.4347,34.2744],[135.43447,34.27436],[135.43442,34.27488],[135.4347,34.2744]],[[135.32586,34.23551],[135.32596,34.23542],[135.32602,34.23529],[135.32586,34.23551]]],[[[135.34037,34.23634],[135.34039,34.23625],[135.34046,34.23595],[135.34037,34.23634]]]]}},{"type":"Feature","properties":{"nm":"岩出市","b":[135.2694,34.239,135.3387,34.3192],"c":[135.30558,34.28106]},"geometry":{"type":"Polygon","coordinates":[[[135.33647,34.26114],[135.33646,34.26117],[135.33664,34.26192],[135.33745,34.26243],[135.33784,34.26306],[135.33823,34.26417],[135.33827,34.26512],[135.33831,34.26706],[135.3382,34.26727],[135.33828,34.26989],[135.33866,34.27057],[135.33808,34.27081],[135.33686,34.2708],[135.33656,34.27127],[135.33604,34.27149],[135.33587,34.27187],[135.3354,34.27197],[135.33467,34.27299],[135.33478,34.27343],[135.33414,34.27388],[135.33376,34.27548],[135.33328,34.27622],[135.33382,34.27768],[135.33391,34.27843],[135.33369,34.27925],[135.33311,34.27995],[135.33352,34.28031],[135.33353,34.28079],[135.33408,34.28132],[135.33316,34.28151],[135.33314,34.28267],[135.33356,34.28403],[135.33408,34.28456],[135.33396,34.28541],[135.33436,34.28659],[135.33328,34.28738],[135.33296,34.28729],[135.33326,34.2874],[135.33304,34.28761],[135.33296,34.28826],[135.3332,34.28902],[135.33332,34.29029],[135.33319,34.29072],[135.3336,34.29118],[135.33376,34.29192],[135.33383,34.29315],[135.33419,34.2939],[135.33484,34.29415],[135.33474,34.29437],[135.33435,34.29612],[135.33367,34.29698],[135.333,34.29809],[135.33209,34.29884],[135.33232,34.29918],[135.33231,34.29997],[135.33252,34.30019],[135.33327,34.30006],[135.33396,34.30061],[135.33409,34.30123],[135.33557,34.3021],[135.3355,34.30245],[135.33607,34.3034],[135.33661,34.30372],[135.33639,34.30391],[135.33631,34.30394],[135.33601,34.30514],[135.33558,34.30498],[135.3348,34.30518],[135.33465,34.30513],[135.33431,34.30509],[135.33388,34.30512],[135.33387,34.30574],[135.33413,34.30623],[135.33415,34.30666],[135.334,34.30695],[135.33401,34.30712],[135.33368,34.30758],[135.33315,34.30793],[135.3331,34.30842],[135.33313,34.30855],[135.33284,34.3087],[135.33176,34.30866],[135.33152,34.30909],[135.33136,34.30911],[135.3311,34.30929],[135.33104,34.3094],[135.33081,34.30968],[135.33052,34.30994],[135.33036,34.31051],[135.32885,34.31091],[135.32858,34.31124],[135.32875,34.3116],[135.3289,34.31198],[135.32836,34.31216],[135.32783,34.31266],[135.32751,34.31326],[135.32714,34.31356],[135.32709,34.31434],[135.32746,34.31462],[135.32806,34.31475],[135.32803,34.31509],[135.32805,34.31584],[135.32957,34.31618],[135.3298,34.31626],[135.33038,34.31667],[135.32929,34.31788],[135.32807,34.31856],[135.32686,34.31897],[135.32593,34.31913],[135.32404,34.31918],[135.32279,34.31858],[135.32235,34.31816],[135.3208,34.3175],[135.31967,34.31679],[135.31809,34.31633],[135.31794,34.31606],[135.31638,34.31557],[135.31585,34.31576],[135.31479,34.31517],[135.314,34.31521],[135.31393,34.31489],[135.31319,34.31451],[135.31318,34.31421],[135.3119,34.31411],[135.31139,34.31378],[135.3099,34.31342],[135.30881,34.31357],[135.30857,34.31407],[135.30778,34.3146],[135.30644,34.31425],[135.30508,34.31406],[135.30397,34.31371],[135.30402,34.31279],[135.30452,34.31172],[135.30432,34.31006],[135.30315,34.30743],[135.30286,34.30626],[135.30284,34.30421],[135.30181,34.30395],[135.30107,34.30323],[135.30099,34.30249],[135.29939,34.30248],[135.29851,34.30275],[135.29841,34.30163],[135.29807,34.30087],[135.29612,34.30131],[135.29603,34.3002],[135.29551,34.30013],[135.29482,34.30049],[135.29462,34.30011],[135.29352,34.29985],[135.29343,34.29932],[135.29293,34.29902],[135.29205,34.29932],[135.29154,34.29977],[135.29074,34.3011],[135.29038,34.3013],[135.28962,34.3025],[135.28957,34.30293],[135.28888,34.30367],[135.28803,34.30494],[135.28812,34.30591],[135.28708,34.30673],[135.2865,34.3083],[135.28652,34.30942],[135.28613,34.30987],[135.28598,34.31072],[135.28666,34.31181],[135.28673,34.31244],[135.28614,34.31361],[135.28569,34.31412],[135.28493,34.31584],[135.28447,34.31654],[135.28331,34.31716],[135.28259,34.31794],[135.2818,34.31711],[135.28042,34.3165],[135.2799,34.31659],[135.27939,34.31598],[135.2787,34.31577],[135.27841,34.3147],[135.27738,34.31448],[135.2771,34.31418],[135.27623,34.31412],[135.275,34.31383],[135.27347,34.31315],[135.27249,34.3122],[135.27196,34.31207],[135.27176,34.31233],[135.27025,34.31228],[135.27005,34.31169],[135.27083,34.31203],[135.27107,34.31186],[135.27079,34.31126],[135.27014,34.31068],[135.27043,34.30863],[135.27032,34.3079],[135.27037,34.30617],[135.2694,34.30518],[135.26937,34.30412],[135.26983,34.30317],[135.27012,34.30302],[135.27068,34.30334],[135.2712,34.30332],[135.27146,34.30226],[135.27208,34.30162],[135.27197,34.3005],[135.27212,34.29932],[135.27298,34.29762],[135.27307,34.29672],[135.27265,34.29539],[135.27131,34.29348],[135.27079,34.29262],[135.27038,34.29106],[135.27104,34.2906],[135.27219,34.28926],[135.27282,34.28882],[135.27297,34.28732],[135.27375,34.28572],[135.27411,34.28456],[135.2747,34.28424],[135.27495,34.28285],[135.27528,34.28215],[135.27491,34.28183],[135.27505,34.28151],[135.27524,34.2808],[135.2758,34.28036],[135.27632,34.279],[135.27588,34.27859],[135.27589,34.27805],[135.27551,34.27666],[135.27488,34.27537],[135.27476,34.27457],[135.27405,34.27273],[135.27369,34.27152],[135.27679,34.27135],[135.27651,34.27017],[135.27607,34.26974],[135.27606,34.2691],[135.27561,34.26818],[135.2772,34.26759],[135.2766,34.26714],[135.27612,34.26629],[135.27536,34.26571],[135.27502,34.26494],[135.27562,34.26431],[135.27545,34.26361],[135.27385,34.26207],[135.27318,34.26014],[135.27354,34.25998],[135.27269,34.25874],[135.27303,34.25848],[135.27146,34.25732],[135.27226,34.2571],[135.2723,34.25396],[135.27774,34.25452],[135.28009,34.25483],[135.28091,34.25487],[135.28245,34.25483],[135.28489,34.25509],[135.28994,34.25475],[135.29122,34.2547],[135.2919,34.25485],[135.29372,34.25493],[135.29532,34.25518],[135.29713,34.25505],[135.30183,34.25433],[135.30356,34.25386],[135.30455,34.25347],[135.30799,34.25242],[135.3082,34.25191],[135.30738,34.24886],[135.30879,34.24873],[135.30919,34.24835],[135.30885,34.24814],[135.30969,34.2474],[135.3106,34.24715],[135.31141,34.24751],[135.31162,34.2473],[135.31133,34.24625],[135.31223,34.24559],[135.31243,34.2452],[135.31316,34.24595],[135.31347,34.24495],[135.3125,34.24417],[135.31265,34.24388],[135.31329,34.2439],[135.31405,34.24365],[135.31447,34.24281],[135.31403,34.24264],[135.31395,34.24186],[135.31331,34.24055],[135.3141,34.24011],[135.31529,34.23967],[135.31484,34.23904],[135.3154,34.23904],[135.31565,34.23961],[135.3166,34.23981],[135.31797,34.24069],[135.31827,34.24066],[135.31912,34.24081],[135.32051,34.24067],[135.32181,34.24079],[135.32222,34.24146],[135.32321,34.24169],[135.3242,34.24159],[135.32494,34.24175],[135.32573,34.24278],[135.32515,34.24292],[135.3242,34.2436],[135.32317,34.24484],[135.3221,34.24789],[135.32191,34.24838],[135.32472,34.24795],[135.32744,34.24748],[135.32872,34.24736],[135.33166,34.24738],[135.33291,34.24741],[135.33427,34.2479],[135.33447,34.24816],[135.33406,34.25126],[135.33464,34.25244],[135.33467,34.25431],[135.33484,34.25464],[135.33444,34.25509],[135.33446,34.25555],[135.33502,34.25622],[135.33494,34.25692],[135.3356,34.25754],[135.3361,34.26],[135.33647,34.26114]],[[135.28215,34.26346],[135.28165,34.26363],[135.28216,34.26361],[135.28215,34.26346]],[[135.28922,34.27959],[135.2895,34.27981],[135.2895,34.27962],[135.28922,34.27959]],[[135.28965,34.27928],[135.28994,34.27949],[135.28993,34.27924],[135.28965,34.27928]],[[135.29651,34.27562],[135.29683,34.27578],[135.29674,34.27559],[135.29651,34.27562]],[[135.30782,34.26778],[135.30804,34.26776],[135.30803,34.26768],[135.30782,34.26778]],[[135.32687,34.28758],[135.3271,34.28717],[135.32691,34.28706],[135.32687,34.28758]],[[135.31761,34.27761],[135.31787,34.27775],[135.31784,34.27758],[135.31761,34.27761]],[[135.31943,34.28073],[135.31968,34.28082],[135.31944,34.28062],[135.31943,34.28073]],[[135.32717,34.28139],[135.32708,34.28103],[135.32688,34.28122],[135.32717,34.28139]]]}},{"type":"Feature","properties":{"nm":"紀美野町","b":[135.2895,34.1044,135.5029,34.202],"c":[135.38868,34.15382]},"geometry":{"type":"Polygon","coordinates":[[[135.29762,34.14353],[135.29834,34.14281],[135.29856,34.14269],[135.29902,34.14237],[135.29915,34.14202],[135.29902,34.14162],[135.29882,34.14114],[135.29849,34.14082],[135.29821,34.14046],[135.29732,34.13935],[135.29711,34.13845],[135.29683,34.1367],[135.29707,34.1362],[135.29703,34.13586],[135.29711,34.13531],[135.29745,34.13502],[135.29949,34.13443],[135.30018,34.13464],[135.30079,34.13457],[135.30243,34.13531],[135.30268,34.13499],[135.3027,34.13493],[135.30275,34.13468],[135.30297,34.13417],[135.30315,34.13339],[135.30284,34.13329],[135.30263,34.1326],[135.30262,34.13243],[135.30235,34.13223],[135.30225,34.13221],[135.30169,34.13215],[135.30151,34.13206],[135.30175,34.13117],[135.30167,34.13077],[135.30216,34.13033],[135.30184,34.12954],[135.30195,34.12915],[135.30268,34.12911],[135.30285,34.12895],[135.30326,34.12886],[135.30344,34.12869],[135.30367,34.12862],[135.30439,34.12835],[135.30466,34.12794],[135.30483,34.12725],[135.30512,34.12711],[135.30536,34.12702],[135.30558,34.12617],[135.30628,34.12582],[135.30649,34.12539],[135.30695,34.12464],[135.30706,34.12372],[135.30809,34.1221],[135.30847,34.12176],[135.3088,34.12132],[135.3087,34.12094],[135.30811,34.12025],[135.30789,34.1196],[135.3073,34.11883],[135.307,34.11827],[135.30638,34.11772],[135.30612,34.11747],[135.30612,34.11679],[135.30722,34.11612],[135.30785,34.11549],[135.3089,34.11561],[135.30934,34.11541],[135.30995,34.11513],[135.31048,34.11495],[135.31113,34.11491],[135.31155,34.11494],[135.31193,34.11444],[135.31216,34.1135],[135.31218,34.11286],[135.31182,34.11233],[135.31152,34.11142],[135.31209,34.11072],[135.31211,34.11004],[135.31295,34.10965],[135.3133,34.10935],[135.31368,34.10894],[135.3147,34.1081],[135.31486,34.10784],[135.31526,34.10708],[135.31573,34.10578],[135.31599,34.10554],[135.31671,34.10514],[135.31728,34.10458],[135.31765,34.10442],[135.31847,34.10467],[135.31994,34.10482],[135.32056,34.1046],[135.32287,34.10443],[135.32519,34.10448],[135.32668,34.10481],[135.32832,34.10537],[135.32903,34.10584],[135.32957,34.10594],[135.32998,34.10604],[135.33082,34.10514],[135.33213,34.10498],[135.33418,34.10505],[135.33472,34.10526],[135.33533,34.10556],[135.3366,34.10821],[135.33647,34.10926],[135.33742,34.11028],[135.33761,34.11139],[135.33745,34.11271],[135.33768,34.11345],[135.34086,34.11435],[135.34249,34.11522],[135.34316,34.11494],[135.34344,34.11525],[135.34388,34.11559],[135.34458,34.11546],[135.34492,34.11596],[135.34603,34.11617],[135.34643,34.11662],[135.34739,34.11621],[135.34831,34.11613],[135.35066,34.1154],[135.35144,34.11501],[135.35214,34.11427],[135.35287,34.11448],[135.35442,34.11459],[135.35422,34.11466],[135.35517,34.11443],[135.35565,34.11407],[135.35625,34.1134],[135.35711,34.11393],[135.35721,34.11394],[135.35737,34.11419],[135.35811,34.1147],[135.35875,34.11494],[135.35932,34.1149],[135.36005,34.11469],[135.3608,34.11487],[135.36263,34.11436],[135.36362,34.11476],[135.364,34.11461],[135.36534,34.11353],[135.36604,34.11348],[135.36703,34.11393],[135.36801,34.11405],[135.36984,34.11371],[135.37069,34.11327],[135.3718,34.11222],[135.37289,34.11223],[135.37391,34.11273],[135.37398,34.11277],[135.37458,34.11316],[135.37372,34.11432],[135.37356,34.11525],[135.37427,34.11617],[135.37431,34.11667],[135.374,34.11818],[135.37413,34.11876],[135.37387,34.11949],[135.37383,34.12035],[135.37469,34.1206],[135.37555,34.12051],[135.37709,34.12102],[135.37886,34.12075],[135.37985,34.12087],[135.3809,34.12139],[135.38169,34.1213],[135.38294,34.1211],[135.38517,34.12068],[135.38576,34.1207],[135.38651,34.12106],[135.38662,34.12116],[135.38743,34.12124],[135.38773,34.12133],[135.38884,34.12148],[135.38994,34.12156],[135.39025,34.12159],[135.39135,34.12154],[135.39281,34.12132],[135.39288,34.1213],[135.39367,34.12084],[135.39541,34.12084],[135.3964,34.12075],[135.3984,34.12055],[135.39925,34.12087],[135.4008,34.1208],[135.4014,34.12097],[135.40205,34.12133],[135.40249,34.12128],[135.40281,34.12127],[135.4036,34.12138],[135.40431,34.12069],[135.40575,34.12047],[135.40836,34.12005],[135.40885,34.11973],[135.40988,34.1199],[135.41129,34.11958],[135.4118,34.11947],[135.4122,34.1195],[135.41337,34.11972],[135.41514,34.12005],[135.41616,34.11957],[135.41722,34.11973],[135.41732,34.11965],[135.41795,34.11917],[135.41902,34.11866],[135.4194,34.1174],[135.41981,34.11715],[135.42125,34.1173],[135.42266,34.11748],[135.4235,34.11797],[135.42397,34.11826],[135.42514,34.11794],[135.42581,34.11786],[135.42659,34.11744],[135.42692,34.11671],[135.42767,34.11636],[135.42832,34.11554],[135.42951,34.11535],[135.43073,34.11568],[135.4314,34.11559],[135.4321,34.11612],[135.43318,34.11649],[135.43473,34.11744],[135.43556,34.11847],[135.43605,34.1188],[135.4364,34.1195],[135.43714,34.12028],[135.43781,34.12066],[135.43829,34.12147],[135.43904,34.12192],[135.44037,34.12229],[135.44077,34.12345],[135.44121,34.12367],[135.44174,34.12356],[135.44253,34.12388],[135.4427,34.12374],[135.44299,34.12368],[135.4433,34.12374],[135.44428,34.12357],[135.44466,34.12346],[135.4461,34.12386],[135.4481,34.12494],[135.44873,34.12528],[135.44937,34.12592],[135.45021,34.1269],[135.45046,34.12749],[135.45121,34.12859],[135.45217,34.12969],[135.45331,34.12991],[135.45355,34.13002],[135.45677,34.13183],[135.45732,34.13191],[135.45806,34.1326],[135.45817,34.13381],[135.45826,34.13514],[135.45858,34.13546],[135.4589,34.13613],[135.46121,34.13816],[135.46289,34.13903],[135.4637,34.13941],[135.46441,34.13957],[135.46487,34.14021],[135.46577,34.14089],[135.46622,34.14117],[135.46727,34.14143],[135.46882,34.14252],[135.46898,34.14287],[135.46956,34.14316],[135.47042,34.14418],[135.47165,34.14455],[135.4728,34.14547],[135.47353,34.14565],[135.47486,34.14695],[135.4761,34.14817],[135.4769,34.1486],[135.47899,34.1495],[135.47994,34.14998],[135.4804,34.1502],[135.48105,34.15053],[135.48205,34.1515],[135.48291,34.15177],[135.48327,34.15225],[135.48411,34.15245],[135.48461,34.15319],[135.48507,34.15329],[135.48705,34.15331],[135.48827,34.15406],[135.48884,34.15472],[135.48907,34.15585],[135.48976,34.15638],[135.49098,34.15704],[135.49164,34.15802],[135.49214,34.15844],[135.49217,34.15912],[135.49179,34.15995],[135.49182,34.16061],[135.49123,34.1624],[135.49137,34.16303],[135.49174,34.16347],[135.49174,34.16455],[135.49202,34.16493],[135.49358,34.16474],[135.49494,34.16512],[135.49526,34.16551],[135.49723,34.1667],[135.49772,34.16688],[135.49871,34.16655],[135.49969,34.16681],[135.50011,34.1676],[135.50064,34.16899],[135.50163,34.17045],[135.50294,34.1713],[135.50211,34.17242],[135.50178,34.17317],[135.50036,34.17558],[135.49962,34.17645],[135.49812,34.17776],[135.49707,34.17964],[135.49692,34.18049],[135.49664,34.18087],[135.49558,34.18157],[135.49546,34.18259],[135.49488,34.18346],[135.49473,34.18402],[135.4947,34.18583],[135.49412,34.18636],[135.49284,34.18671],[135.492,34.18733],[135.49159,34.18788],[135.49159,34.18831],[135.49017,34.18921],[135.48881,34.18876],[135.48848,34.18914],[135.48854,34.19028],[135.48618,34.19142],[135.48517,34.19159],[135.48519,34.1925],[135.48395,34.19391],[135.48335,34.19535],[135.48277,34.19605],[135.48171,34.19794],[135.48188,34.19829],[135.48177,34.19923],[135.48095,34.20093],[135.48039,34.20142],[135.48026,34.20187],[135.48001,34.20194],[135.47923,34.20199],[135.47797,34.20167],[135.47723,34.20123],[135.47635,34.2003],[135.4749,34.19981],[135.47352,34.19877],[135.47262,34.19887],[135.4714,34.19916],[135.46927,34.19832],[135.46868,34.19823],[135.46722,34.19753],[135.46649,34.19665],[135.46586,34.19636],[135.466,34.19536],[135.46634,34.19466],[135.46654,34.19236],[135.46608,34.19131],[135.46554,34.19073],[135.46461,34.19014],[135.46402,34.18929],[135.463,34.1887],[135.46229,34.18804],[135.46156,34.18692],[135.46102,34.1868],[135.46076,34.1866],[135.46019,34.18612],[135.45954,34.18611],[135.45903,34.18585],[135.45854,34.18511],[135.45772,34.18446],[135.45697,34.18372],[135.45603,34.1832],[135.4553,34.18305],[135.45433,34.18196],[135.45401,34.18143],[135.45403,34.18071],[135.45297,34.17955],[135.45206,34.17998],[135.45079,34.18027],[135.45026,34.1799],[135.4492,34.17979],[135.4477,34.17907],[135.44692,34.17911],[135.44647,34.17877],[135.44564,34.17865],[135.4451,34.1788],[135.44359,34.17801],[135.44273,34.17746],[135.44141,34.17824],[135.4401,34.178],[135.43925,34.17674],[135.43869,34.17678],[135.43798,34.17652],[135.43741,34.17656],[135.43636,34.17695],[135.43416,34.1765],[135.43313,34.1766],[135.43182,34.17649],[135.43035,34.17735],[135.42928,34.17742],[135.42678,34.17856],[135.42552,34.17943],[135.42494,34.17947],[135.42408,34.17872],[135.42378,34.17668],[135.42344,34.17632],[135.42292,34.17621],[135.42226,34.17671],[135.42118,34.17894],[135.42112,34.17968],[135.42002,34.18056],[135.41952,34.18111],[135.41762,34.18278],[135.41743,34.18317],[135.41572,34.18366],[135.41501,34.18417],[135.41438,34.18449],[135.41365,34.18439],[135.41296,34.18511],[135.41233,34.18543],[135.41141,34.18538],[135.41043,34.18564],[135.41003,34.18538],[135.409,34.18522],[135.40829,34.18541],[135.4074,34.18541],[135.40704,34.18562],[135.40648,34.18644],[135.40622,34.18711],[135.4063,34.18833],[135.40597,34.18891],[135.40603,34.18934],[135.40532,34.18972],[135.40482,34.18944],[135.40409,34.1896],[135.40295,34.18945],[135.40199,34.18972],[135.40085,34.18939],[135.3995,34.18919],[135.39843,34.18811],[135.39816,34.18733],[135.39739,34.18619],[135.3968,34.18598],[135.39641,34.18659],[135.39543,34.18664],[135.39517,34.18609],[135.39455,34.1857],[135.39405,34.18511],[135.39347,34.18536],[135.39313,34.18513],[135.39236,34.18509],[135.39169,34.18403],[135.3903,34.18575],[135.38952,34.18622],[135.38852,34.18608],[135.38802,34.18627],[135.38717,34.18583],[135.38476,34.18588],[135.3838,34.18578],[135.38231,34.18603],[135.38134,34.18587],[135.38038,34.18673],[135.37913,34.186],[135.37843,34.18626],[135.37739,34.18614],[135.37611,34.18644],[135.37562,34.18614],[135.37479,34.18627],[135.37379,34.1855],[135.37225,34.18515],[135.37153,34.18486],[135.37014,34.18473],[135.36892,34.18456],[135.36717,34.18417],[135.36523,34.1838],[135.36463,34.1836],[135.36353,34.18333],[135.36303,34.18322],[135.36301,34.18311],[135.36259,34.1831],[135.36238,34.18308],[135.36203,34.18302],[135.36042,34.18383],[135.35841,34.18403],[135.35735,34.18392],[135.35573,34.18465],[135.35407,34.18705],[135.35319,34.18797],[135.35261,34.18882],[135.35204,34.18856],[135.35146,34.18917],[135.35095,34.1893],[135.3505,34.19],[135.3504,34.19098],[135.34952,34.19172],[135.34891,34.19178],[135.34829,34.19267],[135.34841,34.19332],[135.34942,34.19425],[135.34969,34.19548],[135.34901,34.1957],[135.34848,34.19613],[135.3471,34.19641],[135.34646,34.19619],[135.34571,34.19647],[135.34507,34.19637],[135.34419,34.19537],[135.34349,34.19491],[135.34323,34.19423],[135.34283,34.19396],[135.34163,34.19471],[135.34108,34.19474],[135.34092,34.19541],[135.3406,34.19567],[135.33983,34.19545],[135.33921,34.19476],[135.33824,34.19489],[135.33736,34.19441],[135.33565,34.19408],[135.33468,34.1939],[135.33378,34.19318],[135.3333,34.19253],[135.33256,34.19194],[135.33153,34.19208],[135.33143,34.1917],[135.32945,34.19037],[135.3291,34.18996],[135.32838,34.18967],[135.32772,34.18919],[135.32776,34.18865],[135.32728,34.1885],[135.3269,34.18889],[135.32619,34.18851],[135.32498,34.18962],[135.32344,34.19075],[135.32299,34.19049],[135.32319,34.18942],[135.32265,34.1889],[135.3219,34.18922],[135.32206,34.19025],[135.32103,34.19036],[135.32074,34.19072],[135.31979,34.19082],[135.31949,34.19116],[135.31946,34.19193],[135.31919,34.19232],[135.31844,34.1927],[135.31824,34.19337],[135.31751,34.19295],[135.31665,34.19219],[135.31604,34.19114],[135.31534,34.19028],[135.31512,34.18941],[135.31543,34.18931],[135.31506,34.18841],[135.31502,34.18751],[135.31432,34.18668],[135.31378,34.18552],[135.31382,34.18502],[135.31422,34.18442],[135.31308,34.18252],[135.31277,34.18136],[135.31249,34.18097],[135.31254,34.18024],[135.3122,34.17952],[135.31268,34.17982],[135.31283,34.17908],[135.31237,34.17819],[135.31114,34.17777],[135.31015,34.17786],[135.30868,34.17686],[135.30774,34.17702],[135.30662,34.1767],[135.30588,34.17702],[135.30493,34.17684],[135.30398,34.17701],[135.30277,34.17701],[135.30167,34.17673],[135.30077,34.17617],[135.29998,34.1764],[135.29979,34.17558],[135.30025,34.17443],[135.30039,34.17347],[135.30003,34.17258],[135.29934,34.17207],[135.29865,34.17201],[135.29843,34.17163],[135.29781,34.17155],[135.29724,34.17093],[135.29702,34.17039],[135.29684,34.17012],[135.29672,34.16967],[135.29669,34.16955],[135.29597,34.16933],[135.29552,34.16931],[135.2942,34.16895],[135.29298,34.16864],[135.29222,34.16832],[135.29106,34.16809],[135.29073,34.16772],[135.29069,34.16752],[135.29055,34.16718],[135.2902,34.16665],[135.28951,34.16656],[135.28972,34.16612],[135.29019,34.16581],[135.29049,34.16562],[135.29071,34.16405],[135.29068,34.16392],[135.29065,34.16365],[135.29058,34.16341],[135.29021,34.16267],[135.2901,34.16216],[135.29144,34.16184],[135.29406,34.16161],[135.29482,34.1617],[135.29539,34.16226],[135.29626,34.16238],[135.29687,34.16251],[135.298,34.1631],[135.29954,34.16436],[135.30088,34.16476],[135.30162,34.16526],[135.3027,34.16562],[135.30266,34.16477],[135.30285,34.1637],[135.30317,34.16377],[135.30327,34.16317],[135.30253,34.16255],[135.30257,34.16112],[135.30278,34.16041],[135.30312,34.16038],[135.3027,34.15986],[135.30319,34.1587],[135.30271,34.15848],[135.30239,34.15744],[135.3017,34.15747],[135.30116,34.15696],[135.30158,34.15674],[135.30169,34.15615],[135.30124,34.156],[135.30167,34.15561],[135.30157,34.15463],[135.30133,34.15422],[135.30133,34.15311],[135.30151,34.15243],[135.30187,34.152],[135.3028,34.15038],[135.30276,34.14989],[135.30172,34.14784],[135.30207,34.14763],[135.3022,34.14613],[135.30137,34.14478],[135.30034,34.14439],[135.299,34.14451],[135.29857,34.14428],[135.29801,34.1444],[135.29762,34.14353]],[[135.36301,34.18311],[135.36292,34.18277],[135.36267,34.18191],[135.36257,34.18179],[135.36301,34.18311]],[[135.354,34.13162],[135.35369,34.13178],[135.35359,34.13229],[135.354,34.13162]],[[135.37351,34.16112],[135.3736,34.16102],[135.37358,34.16064],[135.37351,34.16112]],[[135.41265,34.15676],[135.41318,34.15747],[135.41255,34.15644],[135.41265,34.15676]],[[135.42727,34.16503],[135.42754,34.16526],[135.42807,34.16534],[135.42727,34.16503]],[[135.44607,34.16675],[135.4465,34.16691],[135.44635,34.16683],[135.44607,34.16675]],[[135.4465,34.16691],[135.44697,34.1676],[135.44669,34.16711],[135.4465,34.16691]]]}},{"type":"Feature","properties":{"nm":"かつらぎ町","b":[135.4439,34.097,135.6046,34.363],"c":[135.51268,34.23586]},"geometry":{"type":"Polygon","coordinates":[[[135.4481,34.28566],[135.44822,34.2854],[135.44769,34.28516],[135.44768,34.2841],[135.44769,34.28361],[135.44789,34.28344],[135.44855,34.28262],[135.44869,34.28196],[135.44849,34.28137],[135.44821,34.28103],[135.44805,34.28],[135.44835,34.2787],[135.44921,34.27811],[135.44953,34.27792],[135.44995,34.27768],[135.4508,34.27727],[135.45114,34.27697],[135.45147,34.27675],[135.4513,34.27594],[135.45183,34.27553],[135.45208,34.27472],[135.45451,34.27267],[135.45501,34.27245],[135.45522,34.27233],[135.45561,34.27214],[135.45635,34.27229],[135.45666,34.27214],[135.45723,34.27189],[135.45785,34.27183],[135.45912,34.27178],[135.45967,34.27161],[135.46051,34.27132],[135.46087,34.27049],[135.46168,34.27012],[135.46249,34.26938],[135.46267,34.2693],[135.4628,34.26911],[135.46322,34.2683],[135.46403,34.26801],[135.46457,34.26756],[135.46476,34.26739],[135.46511,34.26726],[135.46576,34.26701],[135.46587,34.26673],[135.4658,34.26624],[135.4659,34.26552],[135.46636,34.26506],[135.46648,34.26442],[135.4663,34.26333],[135.46597,34.26272],[135.46583,34.26232],[135.4656,34.26216],[135.46464,34.26131],[135.46509,34.26036],[135.46514,34.26012],[135.46519,34.25951],[135.4652,34.25865],[135.46519,34.25841],[135.46524,34.25832],[135.46532,34.2582],[135.46565,34.25774],[135.46578,34.25685],[135.4659,34.25637],[135.46595,34.2563],[135.46608,34.25604],[135.46631,34.25557],[135.46635,34.25521],[135.46638,34.25511],[135.46645,34.25473],[135.46638,34.25439],[135.46644,34.25409],[135.46707,34.25291],[135.46802,34.25337],[135.46994,34.25306],[135.47149,34.2524],[135.47239,34.25171],[135.47312,34.25042],[135.47415,34.25011],[135.47424,34.24902],[135.47476,34.24789],[135.47539,34.24749],[135.47592,34.24682],[135.47744,34.24559],[135.4783,34.24542],[135.47875,34.24519],[135.47927,34.2451],[135.47963,34.24476],[135.47999,34.24449],[135.48083,34.24416],[135.48145,34.24372],[135.48208,34.24337],[135.48238,34.24319],[135.48249,34.24305],[135.48293,34.24285],[135.48302,34.24268],[135.48321,34.24238],[135.48345,34.2423],[135.4837,34.24217],[135.48445,34.24138],[135.48472,34.24088],[135.48447,34.23983],[135.4846,34.23946],[135.48465,34.23885],[135.48491,34.23837],[135.48559,34.23802],[135.48567,34.23789],[135.48622,34.23703],[135.48638,34.23673],[135.4866,34.23628],[135.48737,34.23475],[135.48755,34.23375],[135.48796,34.23256],[135.48789,34.23148],[135.48769,34.23091],[135.48721,34.23068],[135.48684,34.2297],[135.48702,34.22926],[135.48682,34.22871],[135.48617,34.22839],[135.486,34.22783],[135.48495,34.22751],[135.4844,34.2256],[135.48397,34.2245],[135.48407,34.22417],[135.48529,34.22391],[135.48534,34.22229],[135.48547,34.22173],[135.48502,34.2203],[135.48366,34.21931],[135.48224,34.21915],[135.48147,34.21851],[135.48109,34.21707],[135.48092,34.21359],[135.48141,34.21289],[135.4815,34.21057],[135.48101,34.20984],[135.48093,34.20907],[135.48027,34.20813],[135.48064,34.20638],[135.48031,34.20581],[135.48039,34.20425],[135.48098,34.20312],[135.48001,34.20194],[135.48026,34.20187],[135.48039,34.20142],[135.48095,34.20093],[135.48177,34.19923],[135.48188,34.19829],[135.48171,34.19794],[135.48277,34.19605],[135.48335,34.19535],[135.48395,34.19391],[135.48519,34.1925],[135.48517,34.19159],[135.48618,34.19142],[135.48854,34.19028],[135.48848,34.18914],[135.48881,34.18876],[135.49017,34.18921],[135.49159,34.18831],[135.49159,34.18788],[135.492,34.18733],[135.49284,34.18671],[135.49412,34.18636],[135.4947,34.18583],[135.49473,34.18402],[135.49488,34.18346],[135.49546,34.18259],[135.49558,34.18157],[135.49664,34.18087],[135.49692,34.18049],[135.49707,34.17964],[135.49812,34.17776],[135.49962,34.17645],[135.50036,34.17558],[135.50178,34.17317],[135.50211,34.17242],[135.50294,34.1713],[135.50163,34.17045],[135.50064,34.16899],[135.50011,34.1676],[135.49969,34.16681],[135.49871,34.16655],[135.49772,34.16688],[135.49723,34.1667],[135.49526,34.16551],[135.49494,34.16512],[135.49358,34.16474],[135.49202,34.16493],[135.49174,34.16455],[135.49174,34.16347],[135.49137,34.16303],[135.49123,34.1624],[135.49182,34.16061],[135.49179,34.15995],[135.49217,34.15912],[135.49214,34.15844],[135.49164,34.15802],[135.49098,34.15704],[135.48976,34.15638],[135.48907,34.15585],[135.48884,34.15472],[135.48984,34.1538],[135.49153,34.15344],[135.49325,34.15345],[135.49467,34.15264],[135.49577,34.15221],[135.49678,34.15166],[135.49713,34.15153],[135.49822,34.15154],[135.49888,34.15064],[135.49909,34.14989],[135.50005,34.14921],[135.50048,34.14869],[135.50087,34.14741],[135.50168,34.14669],[135.50282,34.14542],[135.50336,34.14455],[135.50439,34.14391],[135.50636,34.14346],[135.50623,34.14263],[135.50653,34.14171],[135.50652,34.14096],[135.50682,34.1403],[135.50688,34.13982],[135.50654,34.13908],[135.5066,34.13805],[135.50816,34.13806],[135.509,34.13795],[135.51031,34.13725],[135.51106,34.13635],[135.51123,34.13573],[135.51233,34.13521],[135.51291,34.13424],[135.51292,34.13346],[135.51337,34.13267],[135.51357,34.13241],[135.5146,34.13098],[135.51566,34.13072],[135.51544,34.12982],[135.51468,34.12926],[135.51424,34.12844],[135.51382,34.12757],[135.51449,34.12716],[135.51505,34.12676],[135.51669,34.12469],[135.5175,34.12407],[135.51801,34.12379],[135.51916,34.12256],[135.52203,34.1208],[135.52228,34.12047],[135.52258,34.11921],[135.52336,34.11872],[135.52435,34.11844],[135.52611,34.11752],[135.52639,34.11721],[135.52919,34.11564],[135.53101,34.11502],[135.53309,34.11461],[135.5328,34.11329],[135.53288,34.11229],[135.53251,34.11113],[135.53272,34.11027],[135.53419,34.10883],[135.5341,34.10764],[135.53447,34.10515],[135.53447,34.10432],[135.53296,34.10197],[135.53282,34.10137],[135.53318,34.10131],[135.53522,34.10009],[135.5362,34.09994],[135.53699,34.09932],[135.53775,34.0989],[135.53928,34.09834],[135.54231,34.09737],[135.54368,34.09702],[135.54423,34.09702],[135.545,34.09724],[135.54619,34.09787],[135.54738,34.10037],[135.55002,34.10069],[135.55032,34.10081],[135.55194,34.10224],[135.55266,34.10234],[135.55368,34.10206],[135.55565,34.10268],[135.5579,34.10311],[135.55854,34.10356],[135.55844,34.10408],[135.55729,34.10577],[135.55701,34.10659],[135.55722,34.1081],[135.55893,34.10874],[135.56052,34.10965],[135.56193,34.10985],[135.56239,34.11037],[135.56358,34.11095],[135.56501,34.11238],[135.56599,34.11282],[135.5676,34.11296],[135.56844,34.11315],[135.57029,34.11286],[135.57078,34.11342],[135.5725,34.11427],[135.57411,34.11486],[135.57711,34.11506],[135.57825,34.11564],[135.57887,34.11634],[135.57907,34.11786],[135.57959,34.11934],[135.57942,34.11967],[135.58019,34.12183],[135.58095,34.12371],[135.58126,34.12494],[135.58213,34.12632],[135.58228,34.12747],[135.58209,34.12865],[135.58257,34.12906],[135.58325,34.12915],[135.58375,34.12975],[135.58448,34.13143],[135.58514,34.13196],[135.58535,34.13239],[135.5852,34.13365],[135.58553,34.13469],[135.58575,34.13678],[135.58562,34.13908],[135.58519,34.14088],[135.58546,34.14127],[135.58639,34.14174],[135.58732,34.14251],[135.58808,34.14399],[135.58826,34.14488],[135.58814,34.14654],[135.58931,34.14778],[135.59004,34.14841],[135.59095,34.14896],[135.59272,34.1489],[135.59359,34.14864],[135.59438,34.14934],[135.59651,34.15089],[135.59714,34.15107],[135.59845,34.15119],[135.59901,34.15173],[135.60096,34.15296],[135.60267,34.15334],[135.60343,34.15334],[135.60429,34.15363],[135.60457,34.15437],[135.60418,34.15594],[135.6027,34.15743],[135.60194,34.15783],[135.60155,34.15844],[135.60054,34.15855],[135.6,34.15852],[135.59714,34.15906],[135.5948,34.15928],[135.59345,34.15919],[135.59024,34.15839],[135.58727,34.15776],[135.58469,34.15772],[135.583,34.15754],[135.58169,34.15797],[135.58009,34.15979],[135.57913,34.16056],[135.57789,34.16137],[135.57699,34.16156],[135.57617,34.16142],[135.57487,34.1607],[135.57408,34.16068],[135.57449,34.16117],[135.57498,34.16266],[135.57581,34.16399],[135.57658,34.16392],[135.57688,34.16301],[135.57752,34.16295],[135.57796,34.16322],[135.57881,34.16471],[135.57981,34.16572],[135.58013,34.16671],[135.57975,34.16704],[135.57892,34.16712],[135.57769,34.16693],[135.57747,34.16731],[135.57899,34.16849],[135.57829,34.16895],[135.57798,34.16942],[135.577,34.16997],[135.57823,34.17103],[135.57879,34.17118],[135.57907,34.17219],[135.57937,34.1725],[135.57884,34.17278],[135.57885,34.17362],[135.57844,34.17374],[135.57761,34.17452],[135.5758,34.17487],[135.57572,34.17552],[135.57455,34.17572],[135.57442,34.17604],[135.57487,34.17663],[135.57472,34.17697],[135.57352,34.17721],[135.57314,34.17779],[135.57373,34.17834],[135.57369,34.17862],[135.57301,34.17876],[135.57296,34.17902],[135.57214,34.17905],[135.57184,34.18009],[135.57141,34.18004],[135.57111,34.1813],[135.57028,34.18179],[135.57047,34.18265],[135.57017,34.18322],[135.56959,34.18358],[135.56843,34.18301],[135.56841,34.18394],[135.56742,34.18428],[135.56794,34.18495],[135.56776,34.18538],[135.56673,34.18674],[135.56698,34.18726],[135.56649,34.18789],[135.56641,34.18869],[135.56709,34.18926],[135.56704,34.18994],[135.56652,34.19052],[135.56686,34.19133],[135.56636,34.19163],[135.56638,34.19254],[135.56709,34.19291],[135.56637,34.1931],[135.56543,34.19307],[135.56438,34.19338],[135.56363,34.19333],[135.56278,34.19275],[135.56108,34.19237],[135.56097,34.19172],[135.56058,34.19127],[135.56069,34.18985],[135.56143,34.18899],[135.56168,34.18804],[135.56164,34.1872],[135.56086,34.18642],[135.56121,34.18494],[135.56061,34.1841],[135.56047,34.18345],[135.56118,34.18237],[135.56109,34.18002],[135.56157,34.1788],[135.56116,34.17789],[135.56068,34.17725],[135.56068,34.17608],[135.56151,34.17554],[135.56214,34.17534],[135.56197,34.17475],[135.56109,34.17376],[135.56101,34.1727],[135.5597,34.17168],[135.55899,34.17086],[135.55914,34.17],[135.55857,34.16894],[135.55747,34.16797],[135.55739,34.16611],[135.55794,34.16513],[135.55785,34.16486],[135.55682,34.16411],[135.55573,34.16349],[135.55527,34.16296],[135.55492,34.16269],[135.55266,34.16258],[135.55071,34.16224],[135.54924,34.16182],[135.54718,34.16113],[135.54645,34.1605],[135.54493,34.15956],[135.54324,34.15864],[135.5416,34.15811],[135.54056,34.15799],[135.53877,34.15666],[135.53834,34.15675],[135.53607,34.15702],[135.5358,34.15747],[135.53456,34.15817],[135.53266,34.15853],[135.53206,34.15939],[135.53165,34.15961],[135.53044,34.15953],[135.52922,34.15964],[135.52835,34.15994],[135.527,34.16016],[135.52623,34.16048],[135.52505,34.16071],[135.52321,34.16131],[135.52255,34.16246],[135.52205,34.16283],[135.52054,34.16396],[135.51999,34.16481],[135.51867,34.16661],[135.51762,34.1677],[135.51666,34.169],[135.51622,34.16939],[135.51519,34.16998],[135.51519,34.16999],[135.51489,34.1705],[135.51466,34.17134],[135.51452,34.17242],[135.51497,34.17336],[135.51374,34.17479],[135.5134,34.1754],[135.51369,34.1757],[135.51409,34.17596],[135.51428,34.17607],[135.51451,34.17644],[135.51466,34.17676],[135.51485,34.17731],[135.51499,34.17764],[135.51514,34.17802],[135.51524,34.1783],[135.51535,34.17851],[135.51543,34.17865],[135.51532,34.17876],[135.51458,34.17939],[135.51425,34.17984],[135.51403,34.18004],[135.51372,34.1803],[135.51359,34.18078],[135.51307,34.18108],[135.51277,34.18156],[135.5128,34.18197],[135.51266,34.18259],[135.51255,34.18322],[135.51258,34.18353],[135.51242,34.18387],[135.51234,34.18449],[135.51281,34.1853],[135.51355,34.18555],[135.51427,34.18641],[135.51522,34.1867],[135.516,34.1873],[135.51651,34.18786],[135.51699,34.18838],[135.51749,34.18871],[135.51818,34.18931],[135.51863,34.18965],[135.51893,34.18985],[135.52032,34.19103],[135.52019,34.19157],[135.5201,34.19233],[135.52003,34.19301],[135.51989,34.19339],[135.52024,34.19412],[135.52053,34.19454],[135.52047,34.19502],[135.52062,34.19547],[135.52066,34.19614],[135.52061,34.19661],[135.52094,34.19803],[135.52098,34.19825],[135.52123,34.19836],[135.52201,34.19883],[135.52249,34.19933],[135.52272,34.19944],[135.52387,34.20038],[135.52395,34.20086],[135.52444,34.20166],[135.52489,34.20187],[135.52524,34.20199],[135.52551,34.20198],[135.52608,34.2025],[135.52639,34.20256],[135.5273,34.20271],[135.52754,34.20282],[135.52781,34.2033],[135.52839,34.20358],[135.52854,34.204],[135.52872,34.20444],[135.52873,34.20473],[135.52686,34.20513],[135.52631,34.20545],[135.52531,34.20564],[135.52468,34.20559],[135.52309,34.20646],[135.52207,34.20764],[135.52132,34.2089],[135.52055,34.2092],[135.5193,34.20903],[135.51868,34.20918],[135.51819,34.20978],[135.51836,34.21104],[135.51778,34.21207],[135.51646,34.21271],[135.51589,34.21301],[135.51571,34.21343],[135.51646,34.21408],[135.51752,34.2141],[135.51841,34.21375],[135.51959,34.21414],[135.52006,34.21449],[135.52048,34.21578],[135.52016,34.21651],[135.52065,34.2169],[135.52056,34.21767],[135.52008,34.21795],[135.51998,34.21895],[135.51967,34.2196],[135.51969,34.22013],[135.52017,34.22048],[135.52085,34.22055],[135.52107,34.2209],[135.52184,34.22082],[135.52302,34.22098],[135.52371,34.22133],[135.52287,34.22155],[135.52193,34.22214],[135.52173,34.22274],[135.52069,34.22323],[135.52028,34.22324],[135.51997,34.22408],[135.51943,34.22445],[135.5193,34.22539],[135.52018,34.22639],[135.51975,34.2269],[135.5198,34.22743],[135.52033,34.22835],[135.52013,34.22876],[135.52042,34.22905],[135.52035,34.22962],[135.51977,34.23096],[135.5197,34.23168],[135.52009,34.23211],[135.52094,34.23213],[135.52091,34.23377],[135.52173,34.2349],[135.52169,34.23544],[135.52121,34.23677],[135.52172,34.23712],[135.52144,34.23787],[135.52206,34.23839],[135.52314,34.23856],[135.5238,34.23828],[135.52418,34.23893],[135.52535,34.23831],[135.52611,34.23882],[135.52716,34.23888],[135.52775,34.23915],[135.53018,34.23909],[135.53063,34.23882],[135.5316,34.23909],[135.53306,34.23936],[135.53287,34.23974],[135.53237,34.24048],[135.53189,34.24221],[135.53144,34.24331],[135.53147,34.24395],[135.53089,34.24443],[135.53049,34.24527],[135.5308,34.24632],[135.5305,34.24674],[135.5304,34.24746],[135.53055,34.24842],[135.53041,34.24869],[135.53022,34.24944],[135.52957,34.25023],[135.52878,34.25072],[135.52792,34.25098],[135.52775,34.25152],[135.52691,34.25384],[135.52605,34.25551],[135.52662,34.25677],[135.52686,34.25732],[135.52748,34.25805],[135.52763,34.25913],[135.52786,34.25938],[135.52812,34.25982],[135.52868,34.26064],[135.52936,34.26096],[135.52979,34.26198],[135.53014,34.26234],[135.53041,34.26363],[135.53128,34.2657],[135.53156,34.26719],[135.53187,34.26797],[135.53155,34.26902],[135.53097,34.26996],[135.53092,34.27033],[135.53133,34.27104],[135.53129,34.2716],[135.53155,34.27287],[135.53177,34.2744],[135.53116,34.27529],[135.53214,34.27705],[135.53205,34.27761],[135.53257,34.27835],[135.53393,34.27953],[135.53421,34.2806],[135.53481,34.28104],[135.53513,34.2819],[135.53528,34.28247],[135.53571,34.28308],[135.53602,34.28319],[135.53658,34.28321],[135.53784,34.28345],[135.53893,34.28327],[135.53921,34.28332],[135.53991,34.28364],[135.54115,34.28306],[135.54232,34.28203],[135.54266,34.2826],[135.54309,34.28384],[135.5436,34.28443],[135.54296,34.28449],[135.54193,34.28516],[135.54193,34.28571],[135.54128,34.28602],[135.54122,34.28685],[135.54217,34.28707],[135.54232,34.28773],[135.54211,34.28852],[135.54152,34.28872],[135.54112,34.28946],[135.54068,34.29008],[135.54046,34.29062],[135.54019,34.2908],[135.53966,34.29126],[135.53903,34.29203],[135.53875,34.29246],[135.53869,34.29255],[135.53829,34.29277],[135.53827,34.29288],[135.53788,34.29342],[135.53699,34.29372],[135.53656,34.29422],[135.53649,34.29505],[135.53582,34.29653],[135.53568,34.2968],[135.53514,34.29752],[135.53496,34.29731],[135.53483,34.2972],[135.53458,34.29712],[135.53396,34.2972],[135.53373,34.2971],[135.53291,34.29789],[135.53155,34.29867],[135.53275,34.29974],[135.53322,34.30044],[135.53405,34.30134],[135.53433,34.30161],[135.53516,34.30229],[135.53593,34.3029],[135.53706,34.30374],[135.53739,34.30397],[135.53767,34.30356],[135.53841,34.30379],[135.53968,34.304],[135.54142,34.30374],[135.54216,34.30344],[135.5421,34.30393],[135.54275,34.30691],[135.54269,34.30865],[135.54292,34.30946],[135.54213,34.30986],[135.54215,34.31058],[135.54256,34.31118],[135.54243,34.31177],[135.54187,34.31202],[135.54186,34.3132],[135.54149,34.31359],[135.54108,34.31375],[135.54049,34.31484],[135.54034,34.315],[135.54055,34.31523],[135.54049,34.31532],[135.54004,34.31535],[135.53993,34.31545],[135.53965,34.31558],[135.53929,34.31629],[135.53932,34.31641],[135.53959,34.31743],[135.53919,34.31812],[135.53898,34.31857],[135.53886,34.31987],[135.53864,34.31996],[135.53849,34.32002],[135.53843,34.32026],[135.538,34.32106],[135.5378,34.3212],[135.53741,34.32125],[135.53701,34.32123],[135.5364,34.32122],[135.53623,34.32173],[135.53634,34.32204],[135.53642,34.32223],[135.5364,34.32237],[135.53628,34.32247],[135.53615,34.32261],[135.53586,34.32281],[135.53568,34.32283],[135.53557,34.32286],[135.53538,34.32297],[135.53507,34.32325],[135.53493,34.32338],[135.53491,34.32347],[135.53472,34.32359],[135.53432,34.32363],[135.53391,34.32362],[135.53382,34.32366],[135.53361,34.32432],[135.53257,34.32438],[135.53245,34.32442],[135.53227,34.32477],[135.53192,34.32511],[135.53185,34.32543],[135.53158,34.32658],[135.53141,34.32671],[135.53127,34.3268],[135.53099,34.32698],[135.53055,34.32709],[135.53036,34.32733],[135.52971,34.32793],[135.52954,34.32805],[135.52925,34.32825],[135.52895,34.32812],[135.52863,34.32779],[135.52767,34.32739],[135.52728,34.32719],[135.52721,34.3274],[135.5272,34.328],[135.52723,34.32831],[135.52713,34.32851],[135.52714,34.32873],[135.52683,34.329],[135.52672,34.3292],[135.52683,34.32936],[135.52707,34.32955],[135.52724,34.32985],[135.52706,34.33014],[135.52679,34.3305],[135.52698,34.33096],[135.52705,34.33141],[135.5267,34.33182],[135.5272,34.3321],[135.52682,34.33249],[135.52672,34.33271],[135.52678,34.33291],[135.52739,34.33299],[135.52751,34.33316],[135.52762,34.33357],[135.52769,34.33363],[135.5277,34.33426],[135.52793,34.33429],[135.52882,34.33517],[135.52944,34.33539],[135.52991,34.33587],[135.53,34.33615],[135.5296,34.33654],[135.5294,34.33663],[135.52895,34.33679],[135.52877,34.33686],[135.52873,34.33693],[135.52872,34.33706],[135.52864,34.33721],[135.52842,34.33734],[135.52825,34.33749],[135.52806,34.33761],[135.52785,34.33787],[135.52764,34.33808],[135.52743,34.3388],[135.5276,34.3395],[135.5278,34.33979],[135.52806,34.34013],[135.52819,34.3404],[135.52844,34.34081],[135.52854,34.34104],[135.52851,34.34144],[135.52852,34.34178],[135.52837,34.34196],[135.52825,34.34208],[135.52817,34.3423],[135.52782,34.34304],[135.52774,34.34314],[135.52745,34.3433],[135.52731,34.3435],[135.52716,34.34372],[135.52687,34.34411],[135.52649,34.34501],[135.52663,34.34561],[135.52685,34.34592],[135.52707,34.34635],[135.52773,34.34796],[135.52891,34.35065],[135.52919,34.35142],[135.52698,34.35133],[135.5259,34.35044],[135.52534,34.34973],[135.52428,34.34907],[135.52316,34.34799],[135.5225,34.34662],[135.5212,34.3455],[135.51987,34.34509],[135.51972,34.3446],[135.51873,34.3437],[135.51761,34.34289],[135.51652,34.34237],[135.51568,34.34151],[135.51544,34.34097],[135.51434,34.33997],[135.51194,34.33821],[135.50982,34.33733],[135.509,34.33673],[135.5069,34.33659],[135.50631,34.33636],[135.50569,34.33657],[135.50424,34.33628],[135.50351,34.33667],[135.50289,34.33736],[135.50224,34.33822],[135.50382,34.33894],[135.50454,34.33947],[135.50493,34.34118],[135.5045,34.34213],[135.50406,34.34252],[135.50358,34.34342],[135.50276,34.34429],[135.50238,34.34475],[135.50233,34.34528],[135.50283,34.34594],[135.50356,34.3465],[135.50321,34.3474],[135.50278,34.34782],[135.50266,34.34863],[135.50147,34.35036],[135.50081,34.35023],[135.49896,34.35021],[135.49819,34.35087],[135.4978,34.35229],[135.49701,34.35269],[135.49659,34.35267],[135.49421,34.35375],[135.49363,34.35459],[135.49047,34.35492],[135.48968,34.35541],[135.48912,34.35642],[135.48848,34.35687],[135.48831,34.35782],[135.48759,34.35881],[135.48747,34.35968],[135.48703,34.36014],[135.48646,34.36155],[135.48531,34.3627],[135.48515,34.36302],[135.48449,34.36261],[135.4842,34.3617],[135.48365,34.36098],[135.48261,34.36062],[135.48171,34.36003],[135.4815,34.35927],[135.48061,34.35851],[135.47983,34.35843],[135.4789,34.35743],[135.47832,34.35601],[135.47744,34.35533],[135.47826,34.35405],[135.47826,34.35359],[135.47756,34.35312],[135.47446,34.35288],[135.47404,34.35321],[135.47303,34.3533],[135.47141,34.35235],[135.47096,34.35113],[135.47001,34.35033],[135.46782,34.35007],[135.46706,34.34965],[135.46667,34.34876],[135.46651,34.34775],[135.46602,34.34728],[135.46503,34.3474],[135.46418,34.3482],[135.46293,34.34837],[135.46237,34.34763],[135.46164,34.34745],[135.45932,34.34759],[135.45792,34.34728],[135.45654,34.34765],[135.45567,34.34766],[135.4551,34.34908],[135.45315,34.34979],[135.45294,34.34949],[135.45194,34.34882],[135.4515,34.34879],[135.45042,34.34947],[135.44886,34.34911],[135.4475,34.34925],[135.44722,34.34888],[135.44621,34.34828],[135.44553,34.34808],[135.44485,34.34764],[135.44408,34.34764],[135.44391,34.34668],[135.44441,34.34544],[135.4454,34.34507],[135.44557,34.34479],[135.44571,34.34437],[135.44555,34.34302],[135.44593,34.34144],[135.44718,34.33981],[135.4475,34.33765],[135.44723,34.33684],[135.44676,34.33622],[135.44681,34.33575],[135.44703,34.33556],[135.44777,34.33524],[135.44815,34.33491],[135.44832,34.33494],[135.44876,34.33511],[135.45086,34.33515],[135.45239,34.33494],[135.45391,34.33505],[135.4551,34.3349],[135.45543,34.33448],[135.45531,34.33401],[135.45551,34.33344],[135.45546,34.33236],[135.45634,34.33103],[135.45636,34.33044],[135.45662,34.32998],[135.45707,34.32949],[135.45717,34.32917],[135.45737,34.32794],[135.45741,34.32766],[135.458,34.32739],[135.45926,34.32646],[135.45996,34.32558],[135.46063,34.32502],[135.46132,34.32351],[135.46137,34.32323],[135.46143,34.32293],[135.46126,34.32172],[135.46165,34.32066],[135.46254,34.31978],[135.46361,34.31939],[135.4642,34.31886],[135.46434,34.31847],[135.46463,34.31761],[135.46545,34.31692],[135.46581,34.31651],[135.46601,34.31615],[135.4662,34.31584],[135.46646,34.31546],[135.46735,34.31482],[135.46778,34.31438],[135.46906,34.31352],[135.46917,34.3133],[135.46919,34.31319],[135.46912,34.31293],[135.46896,34.31276],[135.46876,34.31269],[135.46849,34.31264],[135.46822,34.31265],[135.46783,34.3126],[135.4677,34.3124],[135.46761,34.31233],[135.46683,34.31209],[135.46641,34.31199],[135.46625,34.3118],[135.46542,34.31136],[135.46521,34.31073],[135.46467,34.31046],[135.46458,34.31029],[135.46426,34.3096],[135.46412,34.309],[135.46418,34.30839],[135.46421,34.3076],[135.46398,34.30731],[135.46354,34.30721],[135.46309,34.30649],[135.46225,34.30587],[135.46151,34.30525],[135.45999,34.30353],[135.45958,34.30291],[135.45944,34.30255],[135.45936,34.30234],[135.45931,34.30221],[135.45909,34.30199],[135.4586,34.30141],[135.4585,34.30049],[135.45842,34.30019],[135.45812,34.29973],[135.45802,34.29935],[135.45639,34.29772],[135.45583,34.29746],[135.45473,34.29657],[135.4542,34.29556],[135.45259,34.29341],[135.45172,34.29185],[135.45142,34.29143],[135.45078,34.28988],[135.45043,34.28942],[135.44986,34.28732],[135.44925,34.28641],[135.4481,34.28566]],[[135.46976,34.28802],[135.46959,34.28754],[135.46953,34.28766],[135.46976,34.28802]],[[135.46914,34.28315],[135.46992,34.28287],[135.46882,34.28321],[135.46914,34.28315]],[[135.51225,34.29889],[135.51249,34.29833],[135.5124,34.29833],[135.51225,34.29889]],[[135.51348,34.29839],[135.51381,34.29842],[135.51368,34.29811],[135.51348,34.29839]],[[135.51962,34.33249],[135.51957,34.333],[135.51973,34.33163],[135.51962,34.33249]],[[135.49264,34.28158],[135.49335,34.28074],[135.49246,34.28175],[135.49264,34.28158]],[[135.47721,34.32716],[135.47741,34.3273],[135.47716,34.32646],[135.47721,34.32716]],[[135.47886,34.3269],[135.47905,34.3267],[135.47907,34.32649],[135.47886,34.3269]],[[135.4812,34.32196],[135.4813,34.32088],[135.48121,34.32166],[135.4812,34.32196]],[[135.5294,34.32301],[135.53013,34.3229],[135.53038,34.32255],[135.53018,34.32175],[135.52947,34.32161],[135.5299,34.32061],[135.52973,34.31928],[135.52849,34.31927],[135.52794,34.31887],[135.5275,34.31988],[135.52702,34.32029],[135.52684,34.32082],[135.52725,34.32113],[135.52759,34.32088],[135.52794,34.32191],[135.52824,34.32188],[135.52876,34.32279],[135.5294,34.32301]],[[135.49034,34.28336],[135.49062,34.2831],[135.49169,34.28196],[135.49034,34.28336]]]}},{"type":"Feature","properties":{"nm":"九度山町","b":[135.526,34.2338,135.6456,34.304],"c":[135.57966,34.26649]},"geometry":{"type":"MultiPolygon","coordinates":[[[[135.57338,34.28756],[135.57307,34.28879],[135.57167,34.28928],[135.57114,34.28994],[135.5712,34.29018],[135.57129,34.29028],[135.57156,34.29059],[135.5724,34.29145],[135.57248,34.29195],[135.57209,34.29155],[135.57116,34.29224],[135.57145,34.29273],[135.57094,34.29297],[135.57224,34.29369],[135.57295,34.2943],[135.57258,34.29478],[135.57166,34.29679],[135.57144,34.29782],[135.5711,34.29961],[135.57081,34.29963],[135.57008,34.29962],[135.5695,34.29953],[135.56899,34.2994],[135.56822,34.29915],[135.56778,34.29898],[135.56735,34.2988],[135.56581,34.29789],[135.56544,34.2975],[135.56455,34.29645],[135.56276,34.29467],[135.56237,34.29434],[135.56205,34.29407],[135.56136,34.29373],[135.56125,34.2937],[135.56045,34.29368],[135.55963,34.29391],[135.5573,34.2945],[135.55602,34.29497],[135.55541,34.29531],[135.55261,34.29699],[135.55163,34.29757],[135.54761,34.30031],[135.54284,34.30352],[135.5421,34.30393],[135.54216,34.30344],[135.54142,34.30374],[135.53968,34.304],[135.53841,34.30379],[135.53767,34.30356],[135.53739,34.30397],[135.53706,34.30374],[135.53593,34.3029],[135.53516,34.30229],[135.53433,34.30161],[135.53405,34.30134],[135.53322,34.30044],[135.53275,34.29974],[135.53155,34.29867],[135.53291,34.29789],[135.53373,34.2971],[135.53396,34.2972],[135.53458,34.29712],[135.53483,34.2972],[135.53496,34.29731],[135.53514,34.29752],[135.53568,34.2968],[135.53582,34.29653],[135.53649,34.29505],[135.53656,34.29422],[135.53699,34.29372],[135.53788,34.29342],[135.53827,34.29288],[135.53829,34.29277],[135.53869,34.29255],[135.53875,34.29246],[135.53903,34.29203],[135.53966,34.29126],[135.54019,34.2908],[135.54046,34.29062],[135.54068,34.29008],[135.54112,34.28946],[135.54152,34.28872],[135.54211,34.28852],[135.54232,34.28773],[135.54217,34.28707],[135.54122,34.28685],[135.54128,34.28602],[135.54193,34.28571],[135.54193,34.28516],[135.54296,34.28449],[135.5436,34.28443],[135.54309,34.28384],[135.54266,34.2826],[135.54232,34.28203],[135.54232,34.28201],[135.54115,34.28306],[135.53991,34.28364],[135.53921,34.28332],[135.53893,34.28327],[135.53784,34.28345],[135.53658,34.28321],[135.53593,34.28311],[135.53602,34.28319],[135.53571,34.28308],[135.53528,34.28247],[135.53513,34.2819],[135.53481,34.28104],[135.53421,34.2806],[135.53393,34.27953],[135.53257,34.27835],[135.53205,34.27761],[135.53214,34.27705],[135.53116,34.27529],[135.53177,34.2744],[135.53155,34.27287],[135.53129,34.2716],[135.53133,34.27104],[135.53092,34.27033],[135.53097,34.26996],[135.53155,34.26902],[135.53187,34.26797],[135.53156,34.26719],[135.53128,34.2657],[135.53041,34.26363],[135.53025,34.26285],[135.53014,34.26234],[135.52979,34.26198],[135.52936,34.26096],[135.52868,34.26064],[135.52812,34.25982],[135.52786,34.25938],[135.52763,34.25913],[135.52748,34.25805],[135.52686,34.25732],[135.52662,34.25677],[135.52605,34.25551],[135.52691,34.25384],[135.52775,34.25152],[135.52792,34.25098],[135.52878,34.25072],[135.52957,34.25023],[135.53022,34.24944],[135.53041,34.24869],[135.53055,34.24842],[135.5304,34.24746],[135.5305,34.24674],[135.5308,34.24632],[135.53049,34.24527],[135.53089,34.24443],[135.53147,34.24395],[135.53144,34.24331],[135.53189,34.24221],[135.53237,34.24048],[135.53287,34.23974],[135.53306,34.23936],[135.53294,34.23913],[135.53378,34.23913],[135.53481,34.23912],[135.53552,34.23889],[135.536,34.23898],[135.5365,34.23919],[135.53784,34.24024],[135.53907,34.24056],[135.53916,34.23964],[135.53969,34.23933],[135.54017,34.23942],[135.54117,34.23992],[135.54147,34.23997],[135.54167,34.23924],[135.54199,34.23911],[135.54449,34.23962],[135.54576,34.23935],[135.5467,34.23929],[135.54822,34.23958],[135.54944,34.23919],[135.54975,34.23942],[135.55045,34.24076],[135.55017,34.24135],[135.55054,34.24221],[135.55106,34.24246],[135.55106,34.24372],[135.55166,34.24429],[135.55251,34.24598],[135.55367,34.24686],[135.55563,34.24698],[135.55677,34.24673],[135.55732,34.24691],[135.5579,34.24701],[135.55948,34.24825],[135.56003,34.24812],[135.56061,34.2481],[135.56133,34.24885],[135.56187,34.24904],[135.56309,34.24896],[135.56342,34.24867],[135.56509,34.24815],[135.56595,34.24787],[135.56762,34.24735],[135.56883,34.24664],[135.56953,34.24641],[135.5698,34.24648],[135.57096,34.24723],[135.57169,34.24765],[135.57261,34.24756],[135.57336,34.248],[135.57391,34.24863],[135.57443,34.2499],[135.57417,34.25049],[135.57361,34.25093],[135.57308,34.25172],[135.57287,34.25301],[135.5725,34.25347],[135.57211,34.25436],[135.5714,34.25614],[135.5711,34.25733],[135.57125,34.25826],[135.57116,34.25861],[135.57158,34.25988],[135.57151,34.26029],[135.57176,34.26195],[135.57313,34.26344],[135.57327,34.26383],[135.57336,34.26558],[135.57317,34.266],[135.57216,34.26758],[135.57216,34.26891],[135.5726,34.27082],[135.57322,34.27158],[135.57315,34.27223],[135.57348,34.27279],[135.57386,34.27341],[135.57416,34.27294],[135.5745,34.271],[135.57528,34.26948],[135.57635,34.26932],[135.57724,34.26999],[135.57766,34.27067],[135.57763,34.27134],[135.57712,34.27232],[135.57711,34.27283],[135.57781,34.27314],[135.579,34.27297],[135.57926,34.27291],[135.57942,34.27288],[135.57987,34.27241],[135.58125,34.27153],[135.58094,34.27064],[135.5809,34.26925],[135.58191,34.26819],[135.58189,34.26691],[135.58241,34.26517],[135.58218,34.26449],[135.58241,34.26404],[135.5823,34.2632],[135.5829,34.26266],[135.58338,34.26142],[135.58419,34.26043],[135.58457,34.25958],[135.58456,34.25847],[135.58473,34.2564],[135.58549,34.25496],[135.58533,34.25411],[135.58472,34.25332],[135.58474,34.25302],[135.5854,34.25261],[135.5854,34.2519],[135.58563,34.25111],[135.58743,34.24923],[135.58787,34.24726],[135.58889,34.24581],[135.58939,34.24538],[135.59063,34.24516],[135.59166,34.24547],[135.59301,34.24518],[135.59406,34.24445],[135.59449,34.24437],[135.59598,34.24488],[135.59662,34.24485],[135.59757,34.24446],[135.59938,34.24404],[135.59989,34.24397],[135.60065,34.24345],[135.60179,34.24226],[135.60321,34.24173],[135.60344,34.2414],[135.60303,34.23966],[135.60302,34.23914],[135.60364,34.23738],[135.60435,34.23729],[135.60472,34.23683],[135.60558,34.23657],[135.60664,34.23548],[135.60697,34.23534],[135.60872,34.23542],[135.60971,34.23567],[135.61055,34.23559],[135.61132,34.23581],[135.6119,34.23521],[135.6135,34.23462],[135.61459,34.23379],[135.61564,34.23421],[135.61722,34.23457],[135.61836,34.23583],[135.61863,34.23648],[135.61923,34.237],[135.6202,34.2372],[135.62049,34.23825],[135.62056,34.23919],[135.62084,34.23953],[135.62133,34.2404],[135.62133,34.24186],[135.62237,34.24268],[135.62252,34.24327],[135.62302,34.24374],[135.624,34.24408],[135.62476,34.2452],[135.62526,34.24529],[135.62616,34.24528],[135.62668,34.2459],[135.62732,34.24627],[135.62874,34.24742],[135.62943,34.24691],[135.63048,34.24714],[135.63115,34.24701],[135.63235,34.24885],[135.6316,34.25004],[135.63079,34.25107],[135.63081,34.25218],[135.63066,34.25404],[135.63188,34.25476],[135.63246,34.25533],[135.63324,34.25532],[135.63429,34.25574],[135.63492,34.25641],[135.63541,34.25646],[135.63621,34.25741],[135.63667,34.25772],[135.63725,34.25774],[135.63766,34.25848],[135.63667,34.26061],[135.63643,34.26192],[135.63639,34.26308],[135.63778,34.26312],[135.6391,34.26298],[135.64143,34.26341],[135.6426,34.26431],[135.64367,34.26462],[135.64426,34.26517],[135.64435,34.26586],[135.64388,34.26568],[135.64367,34.26562],[135.64353,34.26562],[135.64327,34.26569],[135.6432,34.26582],[135.64337,34.26606],[135.64378,34.26633],[135.64415,34.26648],[135.64469,34.26662],[135.64519,34.26672],[135.64556,34.26709],[135.6455,34.26726],[135.64517,34.26745],[135.64449,34.26788],[135.64358,34.26805],[135.64336,34.26805],[135.64314,34.26802],[135.64213,34.26771],[135.64149,34.2675],[135.64129,34.26747],[135.64084,34.26747],[135.64064,34.26749],[135.64039,34.26763],[135.6402,34.26779],[135.64004,34.2683],[135.64022,34.26893],[135.64025,34.26907],[135.64035,34.26955],[135.64038,34.26965],[135.64035,34.26976],[135.64017,34.26997],[135.63989,34.27018],[135.6398,34.27024],[135.63975,34.27024],[135.6396,34.27022],[135.63955,34.27022],[135.63928,34.2703],[135.63919,34.27033],[135.63881,34.27059],[135.63821,34.27088],[135.6381,34.27087],[135.6379,34.27079],[135.63701,34.27049],[135.63686,34.27041],[135.6363,34.27056],[135.63608,34.27076],[135.63589,34.2709],[135.63557,34.27119],[135.63531,34.27149],[135.63526,34.27157],[135.63508,34.27175],[135.63501,34.27188],[135.635,34.27196],[135.63503,34.27245],[135.63506,34.27278],[135.63509,34.27291],[135.63469,34.27392],[135.63451,34.27446],[135.63451,34.27466],[135.63447,34.2751],[135.63447,34.27526],[135.63447,34.27558],[135.63437,34.27598],[135.6343,34.27623],[135.63413,34.27655],[135.63406,34.27656],[135.6338,34.27654],[135.633,34.27635],[135.63243,34.27612],[135.632,34.27592],[135.63173,34.27574],[135.6315,34.27566],[135.63135,34.27599],[135.63133,34.27609],[135.63142,34.27611],[135.63157,34.27616],[135.63186,34.27641],[135.63194,34.27645],[135.63202,34.27647],[135.63206,34.27652],[135.63206,34.27661],[135.63202,34.27683],[135.6321,34.277],[135.63219,34.27714],[135.63219,34.27718],[135.63203,34.27736],[135.63169,34.27753],[135.63121,34.27771],[135.63117,34.27777],[135.63116,34.27779],[135.6311,34.27784],[135.63097,34.27796],[135.62969,34.27827],[135.62837,34.27952],[135.62794,34.28052],[135.62847,34.28081],[135.62801,34.28163],[135.62831,34.28225],[135.62821,34.28276],[135.62749,34.28343],[135.62744,34.28393],[135.62646,34.28473],[135.62375,34.28382],[135.62299,34.28386],[135.62199,34.28416],[135.62062,34.28406],[135.61952,34.28347],[135.61894,34.28265],[135.61832,34.28211],[135.61689,34.28141],[135.61642,34.28146],[135.61609,34.28161],[135.61515,34.28186],[135.61479,34.28193],[135.61425,34.28179],[135.61372,34.28158],[135.61347,34.28147],[135.61327,34.28146],[135.61246,34.28229],[135.61176,34.28248],[135.61101,34.28279],[135.61078,34.28281],[135.6098,34.28296],[135.60866,34.28295],[135.60822,34.28288],[135.60706,34.28307],[135.60631,34.28297],[135.60501,34.28244],[135.60476,34.28264],[135.60359,34.28267],[135.6034,34.28261],[135.60303,34.28228],[135.60299,34.28224],[135.60269,34.28214],[135.60253,34.28212],[135.60156,34.28263],[135.60138,34.28253],[135.60091,34.28179],[135.60042,34.28146],[135.59985,34.28088],[135.59966,34.28061],[135.59951,34.2806],[135.59858,34.28072],[135.59807,34.28057],[135.59744,34.28021],[135.59681,34.28024],[135.59612,34.27981],[135.59598,34.27988],[135.59555,34.28033],[135.59512,34.28055],[135.59464,34.28055],[135.59435,34.28046],[135.59391,34.28028],[135.59366,34.28018],[135.59315,34.28021],[135.59293,34.28028],[135.59285,34.28024],[135.59252,34.28081],[135.59227,34.28094],[135.59133,34.28141],[135.59121,34.28139],[135.59081,34.2813],[135.59024,34.28146],[135.5896,34.28091],[135.5895,34.28094],[135.58889,34.28102],[135.58788,34.28088],[135.58768,34.28206],[135.5872,34.28313],[135.58713,34.2835],[135.58685,34.2838],[135.58698,34.28422],[135.58692,34.28481],[135.58682,34.28492],[135.58546,34.28554],[135.58502,34.28596],[135.58412,34.28621],[135.58407,34.28653],[135.58387,34.28668],[135.58359,34.28672],[135.58328,34.28655],[135.58306,34.28642],[135.583,34.28635],[135.58259,34.28597],[135.5823,34.28578],[135.58196,34.28566],[135.58172,34.2861],[135.58151,34.28598],[135.58128,34.2858],[135.58125,34.28561],[135.58125,34.2855],[135.58114,34.28513],[135.58099,34.28504],[135.58088,34.28472],[135.5809,34.28451],[135.58086,34.28437],[135.58077,34.28431],[135.58056,34.28411],[135.58046,34.28391],[135.57994,34.28403],[135.57933,34.28452],[135.57941,34.28508],[135.57934,34.28513],[135.57924,34.28516],[135.57913,34.28523],[135.57884,34.28544],[135.57867,34.28561],[135.57836,34.28582],[135.57825,34.28587],[135.57812,34.28584],[135.57794,34.28579],[135.57751,34.28588],[135.57743,34.28596],[135.57719,34.28628],[135.57589,34.28565],[135.57584,34.28521],[135.57626,34.28324],[135.57584,34.28266],[135.57561,34.28271],[135.57535,34.28283],[135.57509,34.28303],[135.57485,34.28333],[135.57482,34.28338],[135.57401,34.28436],[135.57337,34.28654],[135.57377,34.2869],[135.57338,34.28756]],[[135.57386,34.27341],[135.57305,34.27441],[135.57341,34.27402],[135.57386,34.27341]],[[135.56117,34.28893],[135.5609,34.28926],[135.56118,34.28897],[135.56117,34.28893]],[[135.55293,34.28828],[135.55353,34.28876],[135.55452,34.28909],[135.55419,34.28948],[135.55464,34.2895],[135.55505,34.28994],[135.55587,34.29024],[135.55622,34.29008],[135.55681,34.28925],[135.55707,34.28807],[135.55629,34.2861],[135.55542,34.28554],[135.55486,34.28489],[135.55496,34.28401],[135.55401,34.28305],[135.55401,34.2823],[135.55341,34.28188],[135.5531,34.28125],[135.55233,34.28053],[135.55341,34.27934],[135.55359,34.2782],[135.55333,34.27756],[135.55277,34.27743],[135.55186,34.27675],[135.55109,34.2774],[135.54922,34.27792],[135.54844,34.27882],[135.54766,34.27919],[135.54695,34.28],[135.54569,34.28087],[135.5437,34.28124],[135.54403,34.2817],[135.54488,34.28259],[135.54546,34.28294],[135.54558,34.283],[135.54573,34.28325],[135.54608,34.28359],[135.54678,34.28417],[135.54686,34.28431],[135.54735,34.28455],[135.54742,34.28456],[135.54811,34.28484],[135.54977,34.28526],[135.55057,34.28596],[135.55173,34.28649],[135.55257,34.28732],[135.55222,34.28743],[135.55293,34.28828]],[[135.5685,34.27495],[135.56919,34.27508],[135.56958,34.27532],[135.56903,34.27497],[135.5685,34.27495]],[[135.55838,34.26444],[135.55842,34.26471],[135.55857,34.26582],[135.55859,34.26557],[135.55838,34.26444]],[[135.56207,34.28966],[135.56169,34.28967],[135.56202,34.28979],[135.56207,34.28966]],[[135.56136,34.29069],[135.56098,34.29061],[135.56132,34.29074],[135.56136,34.29069]],[[135.56078,34.29143],[135.56075,34.29144],[135.56082,34.29148],[135.56078,34.29143]],[[135.55986,34.29144],[135.55987,34.29142],[135.55974,34.29155],[135.55986,34.29144]],[[135.55961,34.29161],[135.55928,34.29166],[135.55953,34.29163],[135.55961,34.29161]],[[135.56009,34.2925],[135.55974,34.29288],[135.55998,34.29269],[135.56009,34.2925]],[[135.56724,34.26887],[135.56622,34.26874],[135.56658,34.26883],[135.56724,34.26887]]],[[[135.57032,34.27965],[135.57018,34.27947],[135.57023,34.27953],[135.57032,34.27965]]]]}},{"type":"Feature","properties":{"nm":"高野町","b":[135.5123,34.1544,135.7303,34.2782],"c":[135.60921,34.21461]},"geometry":{"type":"Polygon","coordinates":[[[135.57348,34.27279],[135.57315,34.27223],[135.57322,34.27158],[135.5726,34.27082],[135.57216,34.26891],[135.57216,34.26758],[135.57317,34.266],[135.57336,34.26558],[135.57327,34.26383],[135.57313,34.26344],[135.57176,34.26195],[135.57151,34.26029],[135.57158,34.25988],[135.57116,34.25861],[135.57125,34.25826],[135.5711,34.25733],[135.5714,34.25614],[135.57211,34.25436],[135.5725,34.25347],[135.57287,34.25301],[135.57308,34.25172],[135.57361,34.25093],[135.57417,34.25049],[135.57443,34.2499],[135.57391,34.24863],[135.57336,34.248],[135.57261,34.24756],[135.57169,34.24765],[135.57096,34.24723],[135.57014,34.24659],[135.5698,34.24648],[135.56953,34.24641],[135.56883,34.24664],[135.56762,34.24735],[135.56595,34.24787],[135.56509,34.24815],[135.56342,34.24867],[135.56309,34.24896],[135.56187,34.24904],[135.56133,34.24885],[135.56061,34.2481],[135.56003,34.24812],[135.55948,34.24825],[135.5579,34.24701],[135.55732,34.24691],[135.55677,34.24673],[135.55563,34.24698],[135.55367,34.24686],[135.55251,34.24598],[135.55166,34.24429],[135.55106,34.24372],[135.55106,34.24246],[135.55054,34.24221],[135.55017,34.24135],[135.55045,34.24076],[135.54975,34.23942],[135.54944,34.23919],[135.54822,34.23958],[135.5467,34.23929],[135.54576,34.23935],[135.54449,34.23962],[135.54199,34.23911],[135.54167,34.23924],[135.54147,34.23997],[135.54117,34.23992],[135.54017,34.23942],[135.53969,34.23933],[135.53916,34.23964],[135.53907,34.24056],[135.53784,34.24024],[135.5365,34.23919],[135.536,34.23898],[135.53552,34.23889],[135.53481,34.23912],[135.53378,34.23913],[135.53294,34.23913],[135.53306,34.23936],[135.5316,34.23909],[135.53063,34.23882],[135.53018,34.23909],[135.52775,34.23915],[135.52716,34.23888],[135.52611,34.23882],[135.52535,34.23831],[135.52418,34.23893],[135.5238,34.23828],[135.52314,34.23856],[135.52206,34.23839],[135.52144,34.23787],[135.52172,34.23712],[135.52121,34.23677],[135.52169,34.23544],[135.52173,34.2349],[135.52091,34.23377],[135.52094,34.23213],[135.52009,34.23211],[135.5197,34.23168],[135.51977,34.23096],[135.52035,34.22962],[135.52042,34.22905],[135.52013,34.22876],[135.52033,34.22835],[135.5198,34.22743],[135.51975,34.2269],[135.52018,34.22639],[135.5193,34.22539],[135.51943,34.22445],[135.51997,34.22408],[135.52028,34.22324],[135.52069,34.22323],[135.52173,34.22274],[135.52193,34.22214],[135.52287,34.22155],[135.52371,34.22133],[135.52302,34.22098],[135.52184,34.22082],[135.52107,34.2209],[135.52085,34.22055],[135.52017,34.22048],[135.51969,34.22013],[135.51967,34.2196],[135.51998,34.21895],[135.52008,34.21795],[135.52056,34.21767],[135.52065,34.2169],[135.52016,34.21651],[135.52048,34.21578],[135.52006,34.21449],[135.51959,34.21414],[135.51841,34.21375],[135.51752,34.2141],[135.51646,34.21408],[135.51571,34.21343],[135.51589,34.21301],[135.51646,34.21271],[135.51778,34.21207],[135.51836,34.21104],[135.51819,34.20978],[135.51868,34.20918],[135.5193,34.20903],[135.52055,34.2092],[135.52132,34.2089],[135.52207,34.20764],[135.52309,34.20646],[135.52468,34.20559],[135.52531,34.20564],[135.52631,34.20545],[135.52686,34.20513],[135.52873,34.20473],[135.52872,34.20444],[135.52854,34.204],[135.52839,34.20358],[135.52781,34.2033],[135.52754,34.20282],[135.5273,34.20271],[135.52639,34.20256],[135.52608,34.2025],[135.52551,34.20198],[135.52524,34.20199],[135.52489,34.20187],[135.52444,34.20166],[135.52395,34.20086],[135.52387,34.20038],[135.52272,34.19944],[135.52249,34.19933],[135.52201,34.19883],[135.52123,34.19836],[135.52098,34.19825],[135.52094,34.19803],[135.52061,34.19661],[135.52066,34.19614],[135.52062,34.19547],[135.52047,34.19502],[135.52053,34.19454],[135.52024,34.19412],[135.51989,34.19339],[135.52003,34.19301],[135.5201,34.19233],[135.52019,34.19157],[135.52032,34.19103],[135.51893,34.18985],[135.51863,34.18965],[135.51818,34.18931],[135.51749,34.18871],[135.51699,34.18838],[135.51651,34.18786],[135.516,34.1873],[135.51522,34.1867],[135.51427,34.18641],[135.51355,34.18555],[135.51281,34.1853],[135.51234,34.18449],[135.51242,34.18387],[135.51258,34.18353],[135.51255,34.18322],[135.51266,34.18259],[135.5128,34.18197],[135.51277,34.18156],[135.51307,34.18108],[135.51359,34.18078],[135.51372,34.1803],[135.51403,34.18004],[135.51425,34.17984],[135.51458,34.17939],[135.51532,34.17876],[135.51543,34.17865],[135.51535,34.17851],[135.51524,34.1783],[135.51514,34.17802],[135.51499,34.17764],[135.51485,34.17731],[135.51466,34.17676],[135.51451,34.17644],[135.51428,34.17607],[135.51409,34.17596],[135.51369,34.1757],[135.5134,34.1754],[135.51374,34.17479],[135.51497,34.17336],[135.51452,34.17242],[135.51466,34.17134],[135.51489,34.1705],[135.51519,34.16999],[135.51519,34.16998],[135.51622,34.16939],[135.51666,34.169],[135.51762,34.1677],[135.51867,34.16661],[135.51999,34.16481],[135.52054,34.16396],[135.52205,34.16283],[135.52255,34.16246],[135.52321,34.16131],[135.52505,34.16071],[135.52623,34.16048],[135.527,34.16016],[135.52835,34.15994],[135.52922,34.15964],[135.53044,34.15953],[135.53165,34.15961],[135.53206,34.15939],[135.53266,34.15853],[135.53456,34.15817],[135.5358,34.15747],[135.53607,34.15702],[135.53834,34.15675],[135.53877,34.15666],[135.54056,34.15799],[135.5416,34.15811],[135.54324,34.15864],[135.54493,34.15956],[135.54645,34.1605],[135.54718,34.16113],[135.54924,34.16182],[135.55071,34.16224],[135.55266,34.16258],[135.55492,34.16269],[135.55527,34.16296],[135.55573,34.16349],[135.55682,34.16411],[135.55785,34.16486],[135.55794,34.16513],[135.55739,34.16611],[135.55747,34.16797],[135.55857,34.16894],[135.55914,34.17],[135.55899,34.17086],[135.5597,34.17168],[135.56101,34.1727],[135.56109,34.17376],[135.56197,34.17475],[135.56214,34.17534],[135.56151,34.17554],[135.56068,34.17608],[135.56068,34.17725],[135.56116,34.17789],[135.56157,34.1788],[135.56109,34.18002],[135.56118,34.18237],[135.56047,34.18345],[135.56061,34.1841],[135.56121,34.18494],[135.56086,34.18642],[135.56164,34.1872],[135.56168,34.18804],[135.56143,34.18899],[135.56069,34.18985],[135.56058,34.19127],[135.56097,34.19172],[135.56108,34.19237],[135.56278,34.19275],[135.56363,34.19333],[135.56438,34.19338],[135.56543,34.19307],[135.56637,34.1931],[135.56709,34.19291],[135.56638,34.19254],[135.56636,34.19163],[135.56686,34.19133],[135.56652,34.19052],[135.56704,34.18994],[135.56709,34.18926],[135.56641,34.18869],[135.56649,34.18789],[135.56698,34.18726],[135.56673,34.18674],[135.56776,34.18538],[135.56794,34.18495],[135.56742,34.18428],[135.56841,34.18394],[135.56843,34.18301],[135.56959,34.18358],[135.57017,34.18322],[135.57047,34.18265],[135.57028,34.18179],[135.57111,34.1813],[135.57141,34.18004],[135.57184,34.18009],[135.57214,34.17905],[135.57296,34.17902],[135.57301,34.17876],[135.57369,34.17862],[135.57373,34.17834],[135.57314,34.17779],[135.57352,34.17721],[135.57472,34.17697],[135.57487,34.17663],[135.57442,34.17604],[135.57455,34.17572],[135.57572,34.17552],[135.5758,34.17487],[135.57761,34.17452],[135.57844,34.17374],[135.57885,34.17362],[135.57884,34.17278],[135.57937,34.1725],[135.57907,34.17219],[135.57879,34.17118],[135.57823,34.17103],[135.577,34.16997],[135.57798,34.16942],[135.57829,34.16895],[135.57899,34.16849],[135.57747,34.16731],[135.57769,34.16693],[135.57892,34.16712],[135.57975,34.16704],[135.58013,34.16671],[135.57981,34.16572],[135.57881,34.16471],[135.57796,34.16322],[135.57752,34.16295],[135.57688,34.16301],[135.57658,34.16392],[135.57581,34.16399],[135.57498,34.16266],[135.57449,34.16117],[135.57408,34.16068],[135.57487,34.1607],[135.57617,34.16142],[135.57699,34.16156],[135.57789,34.16137],[135.57913,34.16056],[135.58009,34.15979],[135.58169,34.15797],[135.583,34.15754],[135.58469,34.15772],[135.58727,34.15776],[135.59024,34.15839],[135.59345,34.15919],[135.5948,34.15928],[135.59714,34.15906],[135.6,34.15852],[135.60054,34.15855],[135.60155,34.15844],[135.60194,34.15783],[135.6027,34.15743],[135.60418,34.15594],[135.60457,34.15437],[135.60688,34.1549],[135.60784,34.15532],[135.60859,34.15504],[135.61066,34.15515],[135.61188,34.15504],[135.61527,34.15596],[135.61666,34.15585],[135.61804,34.15689],[135.61895,34.15741],[135.62028,34.15765],[135.62194,34.15855],[135.62202,34.15937],[135.62264,34.16057],[135.62281,34.16275],[135.62219,34.16327],[135.62132,34.1645],[135.62097,34.16551],[135.62052,34.16617],[135.62069,34.16719],[135.62045,34.16816],[135.62096,34.16867],[135.62219,34.16882],[135.6233,34.16966],[135.62379,34.17184],[135.62556,34.17214],[135.62582,34.17282],[135.62663,34.1738],[135.62775,34.17452],[135.62799,34.17492],[135.62829,34.17647],[135.62947,34.17704],[135.63133,34.17738],[135.63286,34.1775],[135.63392,34.17827],[135.63508,34.17852],[135.63602,34.17908],[135.63747,34.1792],[135.63777,34.1794],[135.63801,34.18088],[135.63829,34.18133],[135.63997,34.1822],[135.64109,34.18245],[135.64195,34.18313],[135.64191,34.18429],[135.64261,34.18561],[135.64303,34.18602],[135.64323,34.18718],[135.64488,34.18834],[135.64514,34.19029],[135.64482,34.19092],[135.64394,34.19065],[135.64312,34.1908],[135.64146,34.19144],[135.64112,34.19179],[135.641,34.1926],[135.64062,34.19315],[135.63977,34.19336],[135.6372,34.1954],[135.63694,34.19594],[135.63579,34.19654],[135.63515,34.1977],[135.63436,34.19805],[135.63411,34.19839],[135.63417,34.19918],[135.63508,34.20178],[135.63537,34.20229],[135.63515,34.20341],[135.63464,34.20384],[135.63458,34.20462],[135.63495,34.20508],[135.63679,34.20643],[135.63889,34.20771],[135.64022,34.20878],[135.64122,34.2093],[135.64059,34.21023],[135.64045,34.21113],[135.64067,34.21241],[135.64116,34.21331],[135.64167,34.21388],[135.64295,34.21497],[135.64392,34.21552],[135.64554,34.21615],[135.64601,34.21651],[135.64809,34.21896],[135.6491,34.21892],[135.65038,34.21812],[135.65071,34.21762],[135.65185,34.21722],[135.65275,34.21663],[135.65382,34.21669],[135.65498,34.21627],[135.65603,34.21661],[135.65698,34.21731],[135.65891,34.21808],[135.66044,34.21833],[135.66168,34.21831],[135.66262,34.21843],[135.66271,34.21905],[135.66378,34.21967],[135.66442,34.22072],[135.66509,34.22144],[135.66631,34.22215],[135.66745,34.22392],[135.66817,34.22425],[135.6699,34.22451],[135.67202,34.22432],[135.67256,34.22412],[135.67306,34.22343],[135.67477,34.22305],[135.67567,34.22335],[135.67643,34.22328],[135.67742,34.22341],[135.67858,34.22301],[135.67883,34.22263],[135.68007,34.22209],[135.68104,34.22193],[135.68184,34.22154],[135.68255,34.22196],[135.68299,34.22203],[135.68527,34.22044],[135.68611,34.21952],[135.68627,34.21823],[135.68789,34.21722],[135.68935,34.21745],[135.69079,34.21716],[135.69194,34.21705],[135.69309,34.21731],[135.69398,34.21694],[135.69448,34.21605],[135.69548,34.21525],[135.69599,34.21396],[135.6966,34.213],[135.69749,34.21218],[135.69835,34.21182],[135.69945,34.21188],[135.70078,34.21246],[135.70141,34.21237],[135.70335,34.21136],[135.70438,34.21051],[135.70547,34.21007],[135.70582,34.20925],[135.70804,34.20814],[135.70923,34.20849],[135.70975,34.20894],[135.71014,34.20975],[135.71125,34.21044],[135.71176,34.2112],[135.71202,34.21281],[135.71238,34.21343],[135.71361,34.2144],[135.71489,34.21441],[135.71746,34.21484],[135.71789,34.2151],[135.71821,34.21623],[135.71946,34.21652],[135.72007,34.21694],[135.72082,34.21792],[135.72141,34.21838],[135.72237,34.21873],[135.72255,34.21929],[135.72302,34.21964],[135.72478,34.21987],[135.72547,34.22047],[135.72705,34.22052],[135.72747,34.22082],[135.72713,34.22164],[135.72764,34.22282],[135.72746,34.22385],[135.72809,34.22453],[135.72867,34.2258],[135.7286,34.22683],[135.72887,34.2274],[135.72904,34.22764],[135.73025,34.22832],[135.72981,34.23006],[135.73003,34.23142],[135.72965,34.23248],[135.72938,34.23392],[135.72889,34.2349],[135.72843,34.23542],[135.72683,34.23584],[135.72607,34.23627],[135.72515,34.23746],[135.72424,34.23837],[135.72412,34.23892],[135.7236,34.23963],[135.72353,34.24033],[135.72376,34.24213],[135.72343,34.24337],[135.72265,34.24387],[135.72217,34.2445],[135.72191,34.24553],[135.72189,34.24643],[135.72124,34.24747],[135.72102,34.24831],[135.72057,34.24868],[135.72013,34.2498],[135.72058,34.25057],[135.72065,34.25185],[135.72013,34.25331],[135.72016,34.25359],[135.71943,34.25495],[135.71953,34.25647],[135.7193,34.25717],[135.7195,34.25834],[135.71941,34.2604],[135.71884,34.2613],[135.71831,34.26344],[135.71608,34.26564],[135.71514,34.26517],[135.71456,34.26518],[135.71355,34.26546],[135.71288,34.26627],[135.71194,34.26655],[135.71061,34.26808],[135.70943,34.26847],[135.70833,34.26861],[135.70874,34.27158],[135.70849,34.27188],[135.70792,34.27188],[135.7069,34.2715],[135.70578,34.27167],[135.7046,34.27142],[135.70372,34.27165],[135.70281,34.27262],[135.70262,34.27305],[135.70132,34.27452],[135.7011,34.27514],[135.69905,34.27632],[135.69707,34.27673],[135.69476,34.27732],[135.69259,34.27819],[135.69229,34.27814],[135.69167,34.27724],[135.6909,34.27657],[135.69068,34.27554],[135.69025,34.2745],[135.69021,34.27394],[135.68969,34.27284],[135.68945,34.27177],[135.68757,34.27076],[135.68642,34.27053],[135.68561,34.27057],[135.68462,34.27091],[135.68378,34.27068],[135.683,34.27005],[135.68251,34.27002],[135.68136,34.27046],[135.68067,34.27053],[135.68047,34.2708],[135.68093,34.27152],[135.68053,34.27144],[135.68005,34.27123],[135.67945,34.27015],[135.67875,34.26937],[135.67779,34.26876],[135.67775,34.26835],[135.67788,34.26793],[135.67761,34.26792],[135.67736,34.26788],[135.67727,34.26785],[135.67724,34.2678],[135.67718,34.26734],[135.67701,34.26705],[135.67693,34.26699],[135.67677,34.26689],[135.67602,34.26708],[135.67569,34.26704],[135.67565,34.26681],[135.67557,34.26643],[135.67497,34.26632],[135.67489,34.26627],[135.67476,34.26609],[135.67467,34.26589],[135.67462,34.26571],[135.67437,34.26565],[135.67425,34.26564],[135.67395,34.26557],[135.67351,34.26554],[135.67342,34.26546],[135.67341,34.26536],[135.67334,34.26511],[135.67328,34.265],[135.67316,34.26489],[135.67308,34.26484],[135.67279,34.26473],[135.67273,34.26471],[135.67262,34.26457],[135.67223,34.26428],[135.67203,34.26421],[135.67165,34.26401],[135.67142,34.26372],[135.67087,34.26289],[135.67098,34.26251],[135.6712,34.26205],[135.67135,34.26182],[135.67154,34.26159],[135.67171,34.26134],[135.67187,34.26108],[135.6719,34.26102],[135.67202,34.26077],[135.67266,34.26024],[135.67279,34.26007],[135.67282,34.25993],[135.67297,34.25948],[135.67314,34.25934],[135.67375,34.25893],[135.67393,34.25866],[135.67409,34.25837],[135.67451,34.25789],[135.6743,34.25703],[135.67348,34.2566],[135.67301,34.25613],[135.67288,34.25529],[135.67232,34.25496],[135.6717,34.25429],[135.67092,34.25402],[135.67047,34.25312],[135.66987,34.25307],[135.66897,34.25328],[135.66866,34.25313],[135.6683,34.25167],[135.66725,34.25158],[135.66609,34.25087],[135.66576,34.24919],[135.66514,34.24819],[135.66392,34.24744],[135.66287,34.24717],[135.66206,34.24616],[135.66173,34.24601],[135.66144,34.24485],[135.66,34.24493],[135.65957,34.24462],[135.65917,34.24361],[135.6581,34.24303],[135.65674,34.24301],[135.6564,34.24287],[135.65578,34.24181],[135.65471,34.24123],[135.65397,34.24142],[135.65305,34.24188],[135.65229,34.24223],[135.65207,34.2428],[135.65127,34.24289],[135.65131,34.24329],[135.65202,34.24395],[135.65395,34.2461],[135.65332,34.2473],[135.65258,34.24657],[135.6515,34.24614],[135.65043,34.24592],[135.64966,34.24539],[135.6489,34.24557],[135.64767,34.24638],[135.64722,34.24723],[135.64558,34.24776],[135.64531,34.24813],[135.644,34.24898],[135.64324,34.24893],[135.6424,34.24826],[135.64098,34.24829],[135.63868,34.24852],[135.63721,34.24914],[135.63511,34.24972],[135.63494,34.24999],[135.63426,34.24967],[135.63291,34.24927],[135.63235,34.24885],[135.63115,34.24701],[135.63048,34.24714],[135.62943,34.24691],[135.62874,34.24742],[135.62732,34.24627],[135.62668,34.2459],[135.62616,34.24528],[135.62526,34.24529],[135.62476,34.2452],[135.624,34.24408],[135.62302,34.24374],[135.62252,34.24327],[135.62237,34.24268],[135.62133,34.24186],[135.62133,34.2404],[135.62084,34.23953],[135.62056,34.23919],[135.62049,34.23825],[135.6202,34.2372],[135.61923,34.237],[135.61863,34.23648],[135.61836,34.23583],[135.61722,34.23457],[135.61564,34.23421],[135.61459,34.23379],[135.6135,34.23462],[135.6119,34.23521],[135.61132,34.23581],[135.61055,34.23559],[135.60971,34.23567],[135.60872,34.23542],[135.60697,34.23534],[135.60664,34.23548],[135.60558,34.23657],[135.60472,34.23683],[135.60435,34.23729],[135.60364,34.23738],[135.60302,34.23914],[135.60303,34.23966],[135.60344,34.2414],[135.60321,34.24173],[135.60179,34.24226],[135.60065,34.24345],[135.59989,34.24397],[135.59938,34.24404],[135.59757,34.24446],[135.59662,34.24485],[135.59598,34.24488],[135.59449,34.24437],[135.59406,34.24445],[135.59301,34.24518],[135.59166,34.24547],[135.59063,34.24516],[135.58939,34.24538],[135.58889,34.24581],[135.58787,34.24726],[135.58743,34.24923],[135.58563,34.25111],[135.5854,34.2519],[135.5854,34.25261],[135.58474,34.25302],[135.58472,34.25332],[135.58533,34.25411],[135.58549,34.25496],[135.58473,34.2564],[135.58456,34.25847],[135.58457,34.25958],[135.58419,34.26043],[135.58338,34.26142],[135.5829,34.26266],[135.5823,34.2632],[135.58241,34.26404],[135.58218,34.26449],[135.58241,34.26517],[135.58189,34.26691],[135.58191,34.26819],[135.5809,34.26925],[135.58094,34.27064],[135.58125,34.27153],[135.57987,34.27241],[135.57942,34.27288],[135.57926,34.27291],[135.579,34.27297],[135.57781,34.27314],[135.57711,34.27283],[135.57712,34.27232],[135.57763,34.27134],[135.57766,34.27067],[135.57724,34.26999],[135.57635,34.26932],[135.57528,34.26948],[135.5745,34.271],[135.57416,34.27294],[135.57386,34.27341],[135.57348,34.27279]],[[135.57047,34.20211],[135.57003,34.20215],[135.57064,34.20237],[135.57047,34.20211]],[[135.55878,34.22042],[135.55992,34.22094],[135.5607,34.2212],[135.55878,34.22042]],[[135.57035,34.22143],[135.57111,34.22132],[135.57067,34.22134],[135.57035,34.22143]],[[135.58544,34.22955],[135.58637,34.23005],[135.58555,34.2296],[135.58544,34.22955]],[[135.61203,34.22931],[135.61214,34.2291],[135.61212,34.22893],[135.61203,34.22931]],[[135.55023,34.21694],[135.54985,34.21651],[135.54928,34.21626],[135.55023,34.21694]],[[135.69429,34.25085],[135.69338,34.25167],[135.69325,34.2518],[135.69429,34.25085]],[[135.58623,34.21323],[135.58589,34.21328],[135.58685,34.21363],[135.58901,34.21481],[135.58623,34.21323]],[[135.57742,34.21314],[135.57713,34.21298],[135.57699,34.21346],[135.57742,34.21314]]]}},{"type":"Feature","properties":{"nm":"湯浅町","b":[135.1391,34.0073,135.2416,34.0634],"c":[135.19287,34.03552]},"geometry":{"type":"Polygon","coordinates":[[[135.16975,34.03486],[135.17077,34.03223],[135.17116,34.03251],[135.1709,34.03389],[135.17165,34.034],[135.17189,34.03255],[135.17333,34.03272],[135.17318,34.03244],[135.17404,34.03256],[135.17409,34.03204],[135.17414,34.03202],[135.17671,34.0309],[135.1787,34.03034],[135.17877,34.03032],[135.18065,34.0297],[135.18135,34.02923],[135.18209,34.02794],[135.1823,34.02647],[135.18325,34.02584],[135.18452,34.02612],[135.18565,34.02585],[135.18575,34.02525],[135.18772,34.02532],[135.18864,34.02502],[135.18931,34.02397],[135.19013,34.02398],[135.19085,34.0241],[135.19148,34.02458],[135.19222,34.02516],[135.19249,34.02512],[135.193,34.02511],[135.19343,34.02519],[135.19371,34.02512],[135.19378,34.0251],[135.19454,34.02503],[135.19501,34.02519],[135.19534,34.02504],[135.1957,34.0248],[135.19612,34.02468],[135.19667,34.02487],[135.1972,34.025],[135.19777,34.02451],[135.19887,34.02429],[135.19972,34.02331],[135.2005,34.02321],[135.2013,34.02319],[135.20141,34.02294],[135.20148,34.02263],[135.2017,34.0217],[135.20194,34.02103],[135.20204,34.02032],[135.20237,34.01977],[135.20251,34.01876],[135.20249,34.01859],[135.2026,34.0184],[135.2054,34.01829],[135.20617,34.01696],[135.20727,34.01621],[135.20721,34.01576],[135.20767,34.01458],[135.20844,34.01389],[135.20855,34.01266],[135.20886,34.01189],[135.20947,34.01119],[135.21076,34.01061],[135.21131,34.01007],[135.21319,34.01023],[135.21364,34.00983],[135.21401,34.0101],[135.21468,34.00989],[135.21664,34.00867],[135.2175,34.0085],[135.21797,34.00806],[135.21912,34.00814],[135.21965,34.00789],[135.22083,34.00777],[135.22262,34.00727],[135.22372,34.00748],[135.22487,34.00727],[135.22586,34.00804],[135.22857,34.00842],[135.22979,34.00871],[135.2307,34.00875],[135.23133,34.00859],[135.23193,34.0089],[135.23314,34.00912],[135.23463,34.00897],[135.2357,34.00939],[135.23678,34.00937],[135.23785,34.00914],[135.23879,34.00926],[135.23953,34.00985],[135.2397,34.01033],[135.23943,34.01103],[135.23957,34.01193],[135.2401,34.0125],[135.24104,34.01339],[135.24161,34.01408],[135.24161,34.0143],[135.24136,34.01486],[135.24126,34.01512],[135.24091,34.01567],[135.23963,34.01699],[135.23886,34.01738],[135.23849,34.018],[135.23783,34.01843],[135.23734,34.01933],[135.23689,34.01952],[135.23654,34.02046],[135.23655,34.02186],[135.23731,34.02269],[135.23763,34.02394],[135.23745,34.02414],[135.23729,34.02404],[135.23645,34.02394],[135.23618,34.02425],[135.23605,34.02442],[135.23586,34.02473],[135.23496,34.02507],[135.23432,34.0253],[135.23391,34.02582],[135.2339,34.02654],[135.23392,34.0269],[135.23385,34.02741],[135.23366,34.02812],[135.23343,34.02814],[135.23308,34.02816],[135.23283,34.02865],[135.23261,34.0289],[135.23218,34.02927],[135.23213,34.02987],[135.2319,34.03033],[135.2319,34.03062],[135.23181,34.03089],[135.23167,34.03101],[135.23114,34.03096],[135.23066,34.03091],[135.23019,34.03098],[135.2299,34.03102],[135.2295,34.03127],[135.22861,34.03195],[135.22844,34.03212],[135.22803,34.03295],[135.22791,34.03305],[135.22758,34.03312],[135.22717,34.03324],[135.22703,34.03324],[135.22678,34.03289],[135.22571,34.03276],[135.22531,34.0327],[135.22498,34.03298],[135.22448,34.03327],[135.22436,34.03324],[135.22411,34.03306],[135.22401,34.03288],[135.22388,34.03245],[135.22379,34.03213],[135.22353,34.03199],[135.22325,34.03178],[135.22314,34.0316],[135.22285,34.03153],[135.2222,34.0314],[135.2218,34.0312],[135.22146,34.03087],[135.221,34.03088],[135.22036,34.03095],[135.21997,34.03107],[135.21966,34.0311],[135.21924,34.03099],[135.21863,34.03102],[135.21795,34.03089],[135.21788,34.03088],[135.21753,34.03089],[135.21682,34.03076],[135.21645,34.03096],[135.21629,34.03127],[135.21616,34.0314],[135.21595,34.03165],[135.21571,34.03216],[135.21483,34.0328],[135.21483,34.03302],[135.21482,34.03326],[135.21495,34.0337],[135.21507,34.03393],[135.21524,34.03418],[135.21531,34.0344],[135.21515,34.03491],[135.21465,34.03525],[135.21368,34.03502],[135.21311,34.03527],[135.21218,34.03599],[135.21204,34.03601],[135.21165,34.03598],[135.21149,34.03596],[135.21124,34.036],[135.21067,34.03654],[135.2105,34.03672],[135.21027,34.037],[135.21007,34.03716],[135.20979,34.03721],[135.20961,34.03718],[135.20933,34.0368],[135.20922,34.03678],[135.20893,34.03688],[135.20855,34.03643],[135.20841,34.03617],[135.20841,34.03562],[135.20762,34.03563],[135.20722,34.03588],[135.20661,34.03605],[135.20615,34.03577],[135.20583,34.03553],[135.20548,34.03562],[135.20532,34.03572],[135.20295,34.03547],[135.20194,34.03561],[135.20156,34.03523],[135.20078,34.03513],[135.20067,34.03489],[135.19899,34.03465],[135.19843,34.03522],[135.1976,34.03537],[135.19751,34.03593],[135.19667,34.03574],[135.19675,34.03519],[135.19581,34.035],[135.19466,34.03533],[135.19446,34.03559],[135.19495,34.03651],[135.19539,34.03655],[135.19511,34.03744],[135.19517,34.03817],[135.19552,34.03941],[135.1954,34.04044],[135.19485,34.04072],[135.19336,34.04057],[135.19332,34.04025],[135.19151,34.04019],[135.19109,34.04037],[135.19112,34.04136],[135.19069,34.04145],[135.19081,34.04211],[135.19224,34.04242],[135.19345,34.0424],[135.19389,34.04258],[135.19411,34.04341],[135.19402,34.04387],[135.19413,34.0444],[135.1939,34.04478],[135.19421,34.04548],[135.19349,34.04698],[135.19252,34.04704],[135.19224,34.04821],[135.19094,34.049],[135.19001,34.04913],[135.19051,34.05084],[135.19059,34.0515],[135.19009,34.05222],[135.19058,34.05276],[135.18988,34.05337],[135.19021,34.0541],[135.19015,34.05556],[135.18996,34.05578],[135.18842,34.05573],[135.18838,34.05676],[135.1882,34.05727],[135.18764,34.05763],[135.18642,34.05923],[135.18625,34.05993],[135.1864,34.06029],[135.18616,34.06154],[135.18551,34.0618],[135.18434,34.06168],[135.18344,34.06179],[135.18288,34.06151],[135.18291,34.06052],[135.18233,34.06028],[135.18148,34.05961],[135.18154,34.05888],[135.18118,34.05782],[135.18076,34.05758],[135.18063,34.05738],[135.18052,34.05726],[135.17962,34.05683],[135.17929,34.05668],[135.17898,34.05667],[135.17888,34.05667],[135.17872,34.05657],[135.17854,34.05648],[135.17843,34.05646],[135.17787,34.05654],[135.17758,34.05657],[135.17746,34.05647],[135.17722,34.05635],[135.17655,34.05622],[135.17583,34.05633],[135.17547,34.05621],[135.17501,34.05597],[135.17489,34.05596],[135.17447,34.05601],[135.1741,34.05593],[135.17279,34.05541],[135.17209,34.05586],[135.17217,34.05632],[135.17085,34.0579],[135.17046,34.05925],[135.17008,34.0595],[135.16908,34.06141],[135.16763,34.06201],[135.1671,34.0629],[135.16619,34.06315],[135.16494,34.06317],[135.16417,34.06339],[135.16359,34.06306],[135.16254,34.06281],[135.16184,34.06291],[135.16093,34.06255],[135.15995,34.06307],[135.15934,34.06284],[135.15792,34.06261],[135.15723,34.06223],[135.15569,34.06174],[135.15491,34.06115],[135.15324,34.06053],[135.15302,34.06021],[135.15279,34.06011],[135.15236,34.05997],[135.15204,34.05998],[135.15155,34.06018],[135.15096,34.05992],[135.15048,34.05973],[135.14986,34.05959],[135.14957,34.05911],[135.14854,34.05838],[135.14642,34.05896],[135.1455,34.05866],[135.14457,34.05863],[135.14358,34.05915],[135.1432,34.05972],[135.14239,34.06038],[135.14184,34.05985],[135.14087,34.05956],[135.13946,34.05865],[135.13914,34.05712],[135.13914,34.05696],[135.1397,34.05686],[135.14007,34.05734],[135.14085,34.05744],[135.14236,34.05682],[135.14314,34.05702],[135.14414,34.05654],[135.1449,34.0567],[135.14585,34.05646],[135.14658,34.05573],[135.14729,34.05423],[135.14725,34.05393],[135.14787,34.05312],[135.14818,34.05304],[135.14757,34.05259],[135.14706,34.05255],[135.14667,34.05384],[135.14637,34.05427],[135.14693,34.05285],[135.14707,34.05218],[135.14632,34.05164],[135.14687,34.05101],[135.1472,34.05119],[135.14771,34.04998],[135.14769,34.04908],[135.14746,34.04897],[135.14706,34.04788],[135.14648,34.04756],[135.14639,34.04685],[135.14609,34.04677],[135.14569,34.04608],[135.14616,34.04534],[135.14764,34.04519],[135.14881,34.04529],[135.14939,34.04487],[135.15009,34.04512],[135.15102,34.04508],[135.1521,34.0448],[135.15288,34.04531],[135.15369,34.04615],[135.15467,34.0463],[135.15475,34.04657],[135.15597,34.04684],[135.15656,34.04674],[135.15763,34.04726],[135.15849,34.04719],[135.15955,34.04658],[135.16023,34.04652],[135.16094,34.04613],[135.16137,34.04534],[135.162,34.04459],[135.16249,34.04375],[135.16267,34.04253],[135.16234,34.04269],[135.16198,34.04207],[135.16235,34.0417],[135.16238,34.04079],[135.16264,34.0404],[135.16213,34.03947],[135.16149,34.03932],[135.16062,34.03866],[135.15989,34.03836],[135.15873,34.03812],[135.15939,34.03743],[135.15997,34.0371],[135.16242,34.03684],[135.16287,34.03695],[135.16576,34.03701],[135.16629,34.03713],[135.1672,34.0362],[135.16762,34.03496],[135.16719,34.03648],[135.16711,34.03716],[135.1678,34.03731],[135.17056,34.03749],[135.17223,34.03831],[135.17322,34.03781],[135.17496,34.03788],[135.17415,34.03757],[135.17257,34.03739],[135.17173,34.03776],[135.16858,34.0361],[135.16918,34.03508],[135.16975,34.03486]],[[135.17627,34.0419],[135.17637,34.04202],[135.17632,34.04176],[135.17627,34.0419]],[[135.18136,34.04366],[135.18133,34.04407],[135.18183,34.04366],[135.18136,34.04366]],[[135.18825,34.04212],[135.18847,34.04209],[135.18873,34.04203],[135.18825,34.04212]],[[135.17682,34.03367],[135.17694,34.0335],[135.17682,34.0335],[135.17682,34.03367]],[[135.1898,34.03581],[135.1897,34.03584],[135.18967,34.03592],[135.1898,34.03581]]]}},{"type":"Feature","properties":{"nm":"広川町","b":[135.1187,33.947,135.2793,34.032],"c":[135.20736,33.99107]},"geometry":{"type":"MultiPolygon","coordinates":[[[[135.17414,34.03202],[135.17409,34.03204],[135.17376,34.0317],[135.17072,34.0313],[135.17068,34.03086],[135.17106,34.03076],[135.17082,34.02996],[135.17042,34.03023],[135.16981,34.02806],[135.17086,34.02802],[135.17147,34.02777],[135.16986,34.02642],[135.16774,34.02589],[135.16766,34.02549],[135.16666,34.02597],[135.16735,34.02479],[135.16718,34.02469],[135.16705,34.02461],[135.16623,34.02577],[135.16647,34.02633],[135.16747,34.02664],[135.16784,34.02757],[135.16775,34.02803],[135.16911,34.02889],[135.16929,34.02957],[135.16886,34.02899],[135.16755,34.02807],[135.16692,34.02809],[135.16667,34.02838],[135.16538,34.02845],[135.16412,34.02789],[135.16238,34.02741],[135.1611,34.02696],[135.16068,34.02637],[135.16003,34.02592],[135.15916,34.02619],[135.15856,34.02604],[135.15795,34.02457],[135.1574,34.02441],[135.15687,34.02466],[135.15591,34.0254],[135.15521,34.02563],[135.15483,34.02608],[135.15368,34.02617],[135.15234,34.02592],[135.15123,34.02521],[135.1508,34.02453],[135.151,34.02397],[135.15164,34.02364],[135.15132,34.02292],[135.15033,34.02225],[135.14993,34.02148],[135.15029,34.02099],[135.15132,34.02101],[135.15174,34.02028],[135.1513,34.01999],[135.15182,34.01973],[135.15179,34.01886],[135.15121,34.01843],[135.15026,34.01826],[135.14984,34.01786],[135.14868,34.01751],[135.14788,34.01827],[135.14657,34.01873],[135.14596,34.01862],[135.14422,34.0191],[135.14337,34.01897],[135.1429,34.01922],[135.14137,34.01956],[135.13952,34.01929],[135.13864,34.01841],[135.13781,34.01784],[135.13684,34.01681],[135.1371,34.01656],[135.13795,34.01662],[135.13858,34.01647],[135.13893,34.01692],[135.13981,34.0171],[135.1405,34.01631],[135.14152,34.01615],[135.1428,34.01572],[135.14315,34.01489],[135.143,34.01334],[135.1437,34.01308],[135.14444,34.01315],[135.14566,34.01378],[135.14637,34.01344],[135.14691,34.01243],[135.1463,34.01162],[135.14708,34.01078],[135.14941,34.01004],[135.15007,34.01006],[135.15094,34.00983],[135.15116,34.00932],[135.15141,34.00796],[135.15174,34.00744],[135.15089,34.00679],[135.14978,34.00653],[135.14773,34.00526],[135.14552,34.00575],[135.14448,34.00661],[135.14425,34.00642],[135.14511,34.00574],[135.14461,34.00529],[135.14424,34.00529],[135.14265,34.00655],[135.14191,34.00629],[135.14048,34.00602],[135.14041,34.00577],[135.1408,34.00446],[135.14006,34.00304],[135.139,34.00282],[135.13853,34.00252],[135.13846,34.00194],[135.13705,34.00044],[135.13559,34.00019],[135.13495,34.00025],[135.13435,33.99991],[135.13461,33.99975],[135.13646,33.99875],[135.13839,33.99736],[135.13854,33.99669],[135.13904,33.99588],[135.13984,33.99517],[135.14005,33.99424],[135.14092,33.99287],[135.14085,33.99175],[135.14172,33.99141],[135.14315,33.99022],[135.14382,33.98946],[135.14486,33.99008],[135.14583,33.99038],[135.14644,33.99066],[135.14693,33.99092],[135.14778,33.99075],[135.14858,33.99092],[135.14941,33.99147],[135.15046,33.99186],[135.15099,33.99186],[135.15217,33.992],[135.15271,33.9923],[135.15299,33.99261],[135.1537,33.99269],[135.15399,33.99255],[135.15475,33.99227],[135.15527,33.99233],[135.15619,33.99276],[135.15733,33.9929],[135.15791,33.99363],[135.15949,33.9941],[135.16064,33.99458],[135.16247,33.99487],[135.16354,33.99548],[135.16424,33.99616],[135.16495,33.99606],[135.16569,33.99572],[135.16628,33.9952],[135.1673,33.99473],[135.16868,33.99482],[135.16994,33.99504],[135.17125,33.99474],[135.17196,33.99475],[135.17276,33.9945],[135.17412,33.99478],[135.17487,33.99461],[135.17554,33.9938],[135.17518,33.99301],[135.17474,33.99247],[135.17464,33.99195],[135.17487,33.99027],[135.17533,33.98866],[135.17587,33.98735],[135.17609,33.98566],[135.17577,33.98448],[135.17556,33.98408],[135.17547,33.98404],[135.17648,33.9829],[135.17685,33.9806],[135.17763,33.97991],[135.17776,33.97948],[135.17775,33.97923],[135.17774,33.97878],[135.17714,33.97746],[135.17666,33.97609],[135.17609,33.97529],[135.17534,33.97508],[135.17405,33.97474],[135.17341,33.97363],[135.17335,33.97298],[135.17396,33.97144],[135.17387,33.96896],[135.17397,33.96832],[135.17458,33.96729],[135.17457,33.96603],[135.17494,33.96461],[135.176,33.96461],[135.1777,33.96406],[135.17789,33.96255],[135.17784,33.96162],[135.17758,33.96083],[135.1776,33.95933],[135.1775,33.95729],[135.17815,33.95607],[135.17878,33.95598],[135.18022,33.95644],[135.18189,33.9565],[135.18277,33.95694],[135.18319,33.95737],[135.18412,33.95744],[135.18482,33.95766],[135.18627,33.95694],[135.18713,33.95746],[135.18814,33.95659],[135.19047,33.95593],[135.19299,33.95574],[135.19422,33.95594],[135.19626,33.95524],[135.19666,33.95499],[135.19738,33.95392],[135.19753,33.95369],[135.19821,33.95383],[135.20096,33.95417],[135.20194,33.95411],[135.20298,33.95388],[135.20353,33.95384],[135.20469,33.95384],[135.20659,33.95425],[135.20719,33.95387],[135.20738,33.95314],[135.20907,33.95235],[135.21002,33.95243],[135.21067,33.95227],[135.21254,33.95257],[135.21368,33.95228],[135.21474,33.95273],[135.21569,33.95234],[135.21748,33.95267],[135.21829,33.95301],[135.21922,33.95263],[135.22005,33.95256],[135.22193,33.95293],[135.2226,33.95254],[135.22364,33.95108],[135.22372,33.95069],[135.22323,33.95013],[135.22357,33.94823],[135.22426,33.94795],[135.2256,33.94765],[135.22707,33.94699],[135.22823,33.94755],[135.2292,33.94754],[135.23075,33.94799],[135.23119,33.94806],[135.23224,33.94784],[135.2329,33.94757],[135.23325,33.94793],[135.23303,33.94859],[135.23311,33.94989],[135.23273,33.95057],[135.23284,33.95123],[135.23368,33.95248],[135.23449,33.95284],[135.23486,33.95323],[135.23584,33.95415],[135.23595,33.95459],[135.23559,33.95501],[135.23535,33.95569],[135.23526,33.95659],[135.23543,33.95716],[135.23561,33.95802],[135.23625,33.95869],[135.23664,33.95886],[135.23705,33.95949],[135.23781,33.95988],[135.23854,33.96027],[135.23893,33.9602],[135.23998,33.96011],[135.24023,33.96004],[135.24104,33.96009],[135.2418,33.96052],[135.24304,33.9605],[135.24405,33.96025],[135.24619,33.96149],[135.24693,33.96166],[135.24711,33.96178],[135.24735,33.96176],[135.24848,33.96239],[135.24923,33.96307],[135.24956,33.96358],[135.25036,33.96358],[135.25156,33.96364],[135.25265,33.96354],[135.25339,33.96368],[135.25413,33.96381],[135.25466,33.96468],[135.25483,33.96537],[135.25478,33.96679],[135.25493,33.9673],[135.25539,33.96776],[135.25605,33.96928],[135.25653,33.96982],[135.25733,33.97057],[135.25785,33.97088],[135.25843,33.97175],[135.25903,33.97243],[135.25916,33.9727],[135.25915,33.97378],[135.25913,33.97384],[135.25818,33.97513],[135.25784,33.97527],[135.25723,33.97552],[135.25679,33.9763],[135.25671,33.97768],[135.25636,33.97879],[135.25646,33.97923],[135.25685,33.97946],[135.25774,33.9807],[135.25785,33.98149],[135.25808,33.98337],[135.25784,33.98493],[135.25797,33.98572],[135.25842,33.98635],[135.25852,33.98709],[135.25834,33.98826],[135.25844,33.98863],[135.25932,33.98987],[135.26044,33.99039],[135.26095,33.99089],[135.2618,33.99137],[135.26256,33.99197],[135.26319,33.99257],[135.26439,33.99279],[135.2652,33.99325],[135.26599,33.99409],[135.26651,33.99436],[135.26791,33.99536],[135.26832,33.99549],[135.26955,33.99556],[135.27002,33.99626],[135.27121,33.99679],[135.27162,33.99739],[135.27207,33.99756],[135.27311,33.99764],[135.27371,33.99815],[135.27456,33.99992],[135.27509,34.00021],[135.27557,34.00098],[135.27629,34.00199],[135.27655,34.00285],[135.27741,34.00333],[135.27757,34.00353],[135.27821,34.00391],[135.27917,34.00423],[135.27927,34.00423],[135.27867,34.00486],[135.27785,34.00567],[135.27732,34.00601],[135.27601,34.00641],[135.2751,34.00685],[135.27395,34.00702],[135.27319,34.00795],[135.27188,34.00873],[135.27104,34.00951],[135.27027,34.00987],[135.27016,34.01014],[135.2698,34.01149],[135.26917,34.01255],[135.26895,34.01295],[135.26904,34.01352],[135.26959,34.01375],[135.27003,34.01458],[135.26904,34.0153],[135.26849,34.01521],[135.2672,34.01528],[135.26576,34.01512],[135.2647,34.01519],[135.26429,34.01467],[135.26294,34.01413],[135.26092,34.01361],[135.25959,34.01366],[135.25757,34.0143],[135.25537,34.0145],[135.25379,34.01419],[135.25282,34.01412],[135.25177,34.01421],[135.25014,34.01415],[135.24898,34.01376],[135.24851,34.01379],[135.24723,34.0137],[135.24659,34.01423],[135.24585,34.01426],[135.24436,34.01414],[135.24358,34.01426],[135.243,34.01501],[135.24241,34.01558],[135.24118,34.01614],[135.2412,34.01578],[135.24156,34.01538],[135.2414,34.01518],[135.24126,34.01512],[135.24136,34.01486],[135.24161,34.0143],[135.24161,34.01408],[135.24104,34.01339],[135.2401,34.0125],[135.23957,34.01193],[135.23943,34.01103],[135.2397,34.01033],[135.24014,34.00976],[135.23953,34.00985],[135.23879,34.00926],[135.23785,34.00914],[135.23678,34.00937],[135.2357,34.00939],[135.23463,34.00897],[135.23314,34.00912],[135.23193,34.0089],[135.23133,34.00859],[135.2307,34.00875],[135.22979,34.00871],[135.22857,34.00842],[135.22586,34.00804],[135.22487,34.00727],[135.22372,34.00748],[135.22262,34.00727],[135.22083,34.00777],[135.21965,34.00789],[135.21912,34.00814],[135.21797,34.00806],[135.2175,34.0085],[135.21664,34.00867],[135.21468,34.00989],[135.21401,34.0101],[135.21364,34.00983],[135.21319,34.01023],[135.21131,34.01007],[135.21076,34.01061],[135.20947,34.01119],[135.20886,34.01189],[135.20855,34.01266],[135.20844,34.01389],[135.20767,34.01458],[135.20721,34.01576],[135.20727,34.01621],[135.20617,34.01696],[135.2054,34.01829],[135.2026,34.0184],[135.20245,34.01829],[135.20249,34.01859],[135.20251,34.01876],[135.20237,34.01977],[135.20204,34.02032],[135.20194,34.02103],[135.2017,34.0217],[135.20148,34.02263],[135.20141,34.02294],[135.2013,34.02319],[135.2005,34.02321],[135.19972,34.02331],[135.19887,34.02429],[135.19777,34.02451],[135.1972,34.025],[135.19667,34.02487],[135.19612,34.02468],[135.1957,34.0248],[135.19534,34.02504],[135.19501,34.02519],[135.19454,34.02503],[135.19378,34.0251],[135.19371,34.02512],[135.19343,34.02519],[135.193,34.02511],[135.19249,34.02512],[135.19222,34.02516],[135.19148,34.02458],[135.19085,34.0241],[135.19013,34.02398],[135.18931,34.02397],[135.18864,34.02502],[135.18772,34.02532],[135.18575,34.02525],[135.18565,34.02585],[135.18452,34.02612],[135.18325,34.02584],[135.1823,34.02647],[135.18209,34.02794],[135.18135,34.02923],[135.18065,34.0297],[135.17877,34.03032],[135.1787,34.03034],[135.17671,34.0309],[135.17414,34.03202]],[[135.18247,34.01732],[135.18359,34.01673],[135.183,34.017],[135.18247,34.01732]],[[135.18781,34.01493],[135.1883,34.01467],[135.18787,34.01471],[135.18781,34.01493]]],[[[135.11868,34.01863],[135.12056,34.01722],[135.12095,34.01724],[135.12163,34.01675],[135.12207,34.01582],[135.12249,34.0156],[135.12323,34.01563],[135.12492,34.01526],[135.12553,34.01564],[135.12532,34.01608],[135.12478,34.01641],[135.12531,34.01727],[135.12597,34.01749],[135.12725,34.01738],[135.12869,34.01755],[135.12816,34.01816],[135.1275,34.01857],[135.12637,34.01839],[135.12525,34.01851],[135.12389,34.01917],[135.12269,34.01954],[135.12087,34.01963],[135.1195,34.01921],[135.11868,34.01863]]]]}},{"type":"Feature","properties":{"nm":"有田川町","b":[135.1862,34.0015,135.55,34.1547],"c":[135.36638,34.07191]},"geometry":{"type":"Polygon","coordinates":[[[135.21067,34.03654],[135.21124,34.036],[135.21149,34.03596],[135.21165,34.03598],[135.21204,34.03601],[135.21218,34.03599],[135.21311,34.03527],[135.21368,34.03502],[135.21465,34.03525],[135.21515,34.03491],[135.21531,34.0344],[135.21524,34.03418],[135.21507,34.03393],[135.21495,34.0337],[135.21482,34.03326],[135.21483,34.03302],[135.21483,34.0328],[135.21571,34.03216],[135.21595,34.03165],[135.21616,34.0314],[135.21629,34.03127],[135.21645,34.03096],[135.21682,34.03076],[135.21753,34.03089],[135.21788,34.03088],[135.21795,34.03089],[135.21863,34.03102],[135.21924,34.03099],[135.21966,34.0311],[135.21997,34.03107],[135.22036,34.03095],[135.221,34.03088],[135.22146,34.03087],[135.2218,34.0312],[135.2222,34.0314],[135.22285,34.03153],[135.22314,34.0316],[135.22325,34.03178],[135.22353,34.03199],[135.22379,34.03213],[135.22388,34.03245],[135.22401,34.03288],[135.22411,34.03306],[135.22436,34.03324],[135.22448,34.03327],[135.22498,34.03298],[135.22531,34.0327],[135.22571,34.03276],[135.22678,34.03289],[135.22703,34.03324],[135.22717,34.03324],[135.22758,34.03312],[135.22791,34.03305],[135.22803,34.03295],[135.22844,34.03212],[135.22861,34.03195],[135.2295,34.03127],[135.2299,34.03102],[135.23019,34.03098],[135.23066,34.03091],[135.23114,34.03096],[135.23167,34.03101],[135.23181,34.03089],[135.2319,34.03062],[135.2319,34.03033],[135.23213,34.02987],[135.23218,34.02927],[135.23261,34.0289],[135.23283,34.02865],[135.23308,34.02816],[135.23343,34.02814],[135.23366,34.02812],[135.23385,34.02741],[135.23392,34.0269],[135.2339,34.02654],[135.23391,34.02582],[135.23432,34.0253],[135.23496,34.02507],[135.23586,34.02473],[135.23605,34.02442],[135.23618,34.02425],[135.23645,34.02394],[135.23729,34.02404],[135.23743,34.02426],[135.23745,34.02414],[135.23763,34.02394],[135.23731,34.02269],[135.23655,34.02186],[135.23654,34.02046],[135.23689,34.01952],[135.23734,34.01933],[135.23783,34.01843],[135.23849,34.018],[135.23886,34.01738],[135.23963,34.01699],[135.24091,34.01567],[135.24126,34.01512],[135.2414,34.01518],[135.24156,34.01538],[135.2412,34.01578],[135.24118,34.01614],[135.24241,34.01558],[135.243,34.01501],[135.24358,34.01426],[135.24436,34.01414],[135.24585,34.01426],[135.24659,34.01423],[135.24723,34.0137],[135.24851,34.01379],[135.24898,34.01376],[135.25014,34.01415],[135.25177,34.01421],[135.25282,34.01412],[135.25379,34.01419],[135.25537,34.0145],[135.25757,34.0143],[135.25959,34.01366],[135.26092,34.01361],[135.26294,34.01413],[135.26429,34.01467],[135.2647,34.01519],[135.26576,34.01512],[135.2672,34.01528],[135.26849,34.01521],[135.26904,34.0153],[135.27005,34.01469],[135.27003,34.01458],[135.26959,34.01375],[135.26904,34.01352],[135.26895,34.01295],[135.26917,34.01255],[135.2698,34.01149],[135.27016,34.01014],[135.27027,34.00987],[135.27104,34.00951],[135.27188,34.00873],[135.27319,34.00795],[135.27395,34.00702],[135.2751,34.00685],[135.27601,34.00641],[135.27732,34.00601],[135.27785,34.00567],[135.27867,34.00486],[135.27927,34.00423],[135.28059,34.00441],[135.28178,34.00394],[135.28228,34.00445],[135.28318,34.0047],[135.28412,34.00429],[135.28671,34.00374],[135.28768,34.00366],[135.2884,34.00333],[135.28904,34.00237],[135.28969,34.00213],[135.29041,34.00148],[135.29069,34.00157],[135.29089,34.00219],[135.29158,34.00294],[135.29195,34.00346],[135.29183,34.00417],[135.29227,34.00468],[135.29259,34.00546],[135.29378,34.00654],[135.29468,34.00726],[135.2957,34.00598],[135.29664,34.00558],[135.29844,34.00438],[135.29877,34.00424],[135.30024,34.00418],[135.3017,34.00361],[135.30226,34.00357],[135.30336,34.00377],[135.30409,34.00427],[135.30515,34.00448],[135.30565,34.00482],[135.30607,34.00493],[135.30698,34.00469],[135.30796,34.00488],[135.30848,34.0052],[135.31056,34.00517],[135.31078,34.00526],[135.31262,34.00685],[135.31293,34.00764],[135.31324,34.00776],[135.31358,34.0077],[135.31465,34.00729],[135.31544,34.00722],[135.3167,34.00708],[135.3179,34.00722],[135.31963,34.00675],[135.32008,34.00714],[135.32144,34.00759],[135.32303,34.00859],[135.32465,34.00871],[135.32592,34.00825],[135.32767,34.00735],[135.32874,34.00705],[135.32927,34.00642],[135.33102,34.00679],[135.33235,34.00675],[135.33319,34.00725],[135.33465,34.00673],[135.33527,34.00598],[135.33592,34.00569],[135.33717,34.00546],[135.33817,34.00548],[135.33852,34.00528],[135.3401,34.0049],[135.34141,34.00482],[135.34336,34.00512],[135.34478,34.00488],[135.3457,34.00459],[135.34599,34.00513],[135.34764,34.00591],[135.35033,34.00555],[135.35094,34.00573],[135.35199,34.00511],[135.3534,34.00532],[135.35397,34.00518],[135.35437,34.00548],[135.35533,34.00568],[135.35589,34.00534],[135.35746,34.00492],[135.3592,34.00509],[135.36034,34.0051],[135.36052,34.00632],[135.36175,34.00705],[135.36269,34.00724],[135.36419,34.00786],[135.36426,34.00801],[135.3641,34.00864],[135.36426,34.00959],[135.36492,34.00983],[135.36544,34.0104],[135.36591,34.0114],[135.36681,34.01289],[135.3676,34.01303],[135.36995,34.01324],[135.37149,34.01371],[135.3724,34.0135],[135.37352,34.01267],[135.37479,34.0123],[135.37572,34.01196],[135.37871,34.01241],[135.38003,34.0121],[135.38128,34.01227],[135.38203,34.01212],[135.38273,34.01158],[135.3843,34.0115],[135.3848,34.01159],[135.38521,34.01164],[135.38619,34.01162],[135.38724,34.01137],[135.38889,34.01112],[135.39086,34.01037],[135.39152,34.01011],[135.39177,34.01011],[135.39505,34.01191],[135.39768,34.0128],[135.39785,34.01316],[135.39796,34.01328],[135.39891,34.01446],[135.40005,34.01484],[135.40094,34.01489],[135.40121,34.01534],[135.4015,34.01661],[135.40198,34.01698],[135.40203,34.01706],[135.40206,34.01801],[135.40211,34.01829],[135.40234,34.01904],[135.40352,34.01936],[135.40499,34.01974],[135.40755,34.02031],[135.40849,34.02084],[135.40891,34.02122],[135.41008,34.02182],[135.41156,34.02258],[135.41216,34.02253],[135.4137,34.02326],[135.41491,34.02367],[135.41598,34.02441],[135.41667,34.02461],[135.41695,34.02494],[135.41715,34.02677],[135.4173,34.02713],[135.41858,34.02708],[135.41892,34.0271],[135.42009,34.02729],[135.42195,34.02714],[135.42254,34.02728],[135.42401,34.02734],[135.42517,34.02757],[135.42581,34.02731],[135.42637,34.0272],[135.42676,34.02739],[135.42695,34.02761],[135.42748,34.02843],[135.42823,34.02912],[135.42972,34.02953],[135.43033,34.03009],[135.43072,34.03035],[135.43087,34.03036],[135.43155,34.03032],[135.43337,34.0309],[135.43354,34.03091],[135.43534,34.03061],[135.43664,34.03071],[135.43712,34.03087],[135.43719,34.03091],[135.43807,34.03146],[135.43834,34.03173],[135.43952,34.03317],[135.44018,34.0339],[135.44084,34.03439],[135.44222,34.03495],[135.4431,34.03598],[135.44395,34.03694],[135.4451,34.03779],[135.44586,34.03828],[135.44612,34.03834],[135.44625,34.03834],[135.44654,34.03836],[135.44675,34.03842],[135.44711,34.03858],[135.4483,34.03923],[135.4502,34.04034],[135.45118,34.04087],[135.45215,34.04078],[135.45355,34.03988],[135.45493,34.03969],[135.45628,34.03881],[135.45713,34.03887],[135.45823,34.0387],[135.45901,34.03837],[135.46002,34.03737],[135.46063,34.03694],[135.46189,34.0358],[135.46234,34.03519],[135.46412,34.03399],[135.46479,34.03236],[135.46588,34.03214],[135.46749,34.03161],[135.46985,34.0318],[135.47083,34.03198],[135.47166,34.03191],[135.47302,34.032],[135.47403,34.03194],[135.47472,34.03217],[135.47622,34.03218],[135.4777,34.03298],[135.4792,34.03268],[135.48021,34.03279],[135.48116,34.03246],[135.4821,34.03301],[135.48383,34.03408],[135.48429,34.0342],[135.485,34.03405],[135.48578,34.03382],[135.48693,34.03402],[135.48908,34.03495],[135.48967,34.03509],[135.4899,34.03517],[135.4907,34.03537],[135.49146,34.03546],[135.49299,34.03582],[135.49437,34.03595],[135.49494,34.03664],[135.49577,34.03708],[135.49603,34.03747],[135.49642,34.03898],[135.49667,34.03913],[135.49703,34.03935],[135.4972,34.03964],[135.49785,34.04139],[135.49826,34.04194],[135.49844,34.04268],[135.4987,34.04311],[135.49782,34.04459],[135.49881,34.04305],[135.50018,34.0425],[135.50159,34.04253],[135.50351,34.04193],[135.50497,34.04203],[135.50516,34.04282],[135.50565,34.04355],[135.50571,34.04432],[135.50628,34.045],[135.5069,34.04533],[135.50789,34.04554],[135.50869,34.04597],[135.50919,34.04654],[135.51013,34.04644],[135.51098,34.04564],[135.51241,34.04586],[135.51314,34.04588],[135.51429,34.04644],[135.51648,34.04664],[135.51716,34.04692],[135.51795,34.04763],[135.51847,34.04792],[135.51947,34.04799],[135.52269,34.04788],[135.52379,34.04805],[135.52629,34.04806],[135.52816,34.04769],[135.52902,34.04788],[135.52947,34.04806],[135.52998,34.04812],[135.53102,34.0482],[135.53171,34.0485],[135.53267,34.04892],[135.53308,34.04938],[135.53428,34.05036],[135.53528,34.05086],[135.53598,34.05188],[135.53609,34.05282],[135.53638,34.0532],[135.53675,34.05467],[135.53698,34.05533],[135.53709,34.05551],[135.5376,34.05628],[135.53772,34.05666],[135.53792,34.05702],[135.5383,34.05757],[135.53824,34.0581],[135.53824,34.05838],[135.53776,34.05923],[135.53781,34.05942],[135.53825,34.05973],[135.53984,34.06035],[135.54031,34.06049],[135.54064,34.06077],[135.54197,34.06159],[135.54261,34.06182],[135.54328,34.06349],[135.54334,34.06397],[135.54436,34.06442],[135.5456,34.06548],[135.54607,34.06565],[135.54708,34.06693],[135.54765,34.0672],[135.54805,34.0682],[135.54618,34.06925],[135.54542,34.07095],[135.54483,34.07162],[135.54431,34.07184],[135.54321,34.07184],[135.54226,34.0723],[135.54157,34.07302],[135.54024,34.07471],[135.5398,34.07503],[135.53984,34.07658],[135.54059,34.078],[135.54168,34.07864],[135.54275,34.08008],[135.54326,34.08166],[135.54361,34.08188],[135.54633,34.08282],[135.54831,34.08329],[135.54904,34.08373],[135.54939,34.08431],[135.54997,34.08473],[135.54937,34.08594],[135.54995,34.0881],[135.54998,34.08985],[135.54976,34.09062],[135.54895,34.09226],[135.54882,34.09297],[135.54909,34.09431],[135.5486,34.09573],[135.5487,34.09646],[135.54841,34.09699],[135.54619,34.09787],[135.545,34.09724],[135.54423,34.09702],[135.54368,34.09702],[135.54231,34.09737],[135.53928,34.09834],[135.53775,34.0989],[135.53699,34.09932],[135.5362,34.09994],[135.53522,34.10009],[135.53318,34.10131],[135.53282,34.10137],[135.53296,34.10197],[135.53447,34.10432],[135.53447,34.10515],[135.5341,34.10764],[135.53419,34.10883],[135.53272,34.11027],[135.53251,34.11113],[135.53288,34.11229],[135.5328,34.11329],[135.53309,34.11461],[135.53101,34.11502],[135.52919,34.11564],[135.52639,34.11721],[135.52611,34.11752],[135.52435,34.11844],[135.52336,34.11872],[135.52258,34.11921],[135.52228,34.12047],[135.52203,34.1208],[135.51916,34.12256],[135.51801,34.12379],[135.5175,34.12407],[135.51669,34.12469],[135.51505,34.12676],[135.51449,34.12716],[135.51382,34.12757],[135.51424,34.12844],[135.51468,34.12926],[135.51544,34.12982],[135.51566,34.13072],[135.5146,34.13098],[135.51357,34.13241],[135.51337,34.13267],[135.51292,34.13346],[135.51291,34.13424],[135.51233,34.13521],[135.51123,34.13573],[135.51106,34.13635],[135.51031,34.13725],[135.509,34.13795],[135.50816,34.13806],[135.5066,34.13805],[135.50654,34.13908],[135.50688,34.13982],[135.50682,34.1403],[135.50652,34.14096],[135.50653,34.14171],[135.50623,34.14263],[135.50636,34.14346],[135.50439,34.14391],[135.50336,34.14455],[135.50282,34.14542],[135.50168,34.14669],[135.50087,34.14741],[135.50048,34.14869],[135.50005,34.14921],[135.49909,34.14989],[135.49888,34.15064],[135.49822,34.15154],[135.49713,34.15153],[135.49678,34.15166],[135.49577,34.15221],[135.49467,34.15264],[135.49325,34.15345],[135.49153,34.15344],[135.48984,34.1538],[135.48884,34.15472],[135.48827,34.15406],[135.48705,34.15331],[135.48507,34.15329],[135.48461,34.15319],[135.48411,34.15245],[135.48327,34.15225],[135.48291,34.15177],[135.48205,34.1515],[135.48105,34.15053],[135.4804,34.1502],[135.47994,34.14998],[135.47899,34.1495],[135.4769,34.1486],[135.4761,34.14817],[135.47486,34.14695],[135.47353,34.14565],[135.4728,34.14547],[135.47165,34.14455],[135.47042,34.14418],[135.46956,34.14316],[135.46898,34.14287],[135.46882,34.14252],[135.46727,34.14143],[135.46622,34.14117],[135.46577,34.14089],[135.46487,34.14021],[135.46441,34.13957],[135.4637,34.13941],[135.46289,34.13903],[135.46121,34.13816],[135.4589,34.13613],[135.45858,34.13546],[135.45826,34.13514],[135.45817,34.13381],[135.45806,34.1326],[135.45732,34.13191],[135.45677,34.13183],[135.45355,34.13002],[135.45331,34.12991],[135.45217,34.12969],[135.45121,34.12859],[135.45046,34.12749],[135.45021,34.1269],[135.44937,34.12592],[135.44873,34.12528],[135.4481,34.12494],[135.4461,34.12386],[135.44466,34.12346],[135.44428,34.12357],[135.4433,34.12374],[135.44299,34.12368],[135.4427,34.12374],[135.44253,34.12388],[135.44174,34.12356],[135.44121,34.12367],[135.44077,34.12345],[135.44037,34.12229],[135.43904,34.12192],[135.43829,34.12147],[135.43781,34.12066],[135.43714,34.12028],[135.4364,34.1195],[135.43605,34.1188],[135.43556,34.11847],[135.43473,34.11744],[135.43318,34.11649],[135.4321,34.11612],[135.4314,34.11559],[135.43073,34.11568],[135.42951,34.11535],[135.42832,34.11554],[135.42767,34.11636],[135.42692,34.11671],[135.42659,34.11744],[135.42581,34.11786],[135.42514,34.11794],[135.42397,34.11826],[135.4235,34.11797],[135.42266,34.11748],[135.42125,34.1173],[135.41981,34.11715],[135.4194,34.1174],[135.41902,34.11866],[135.41795,34.11917],[135.41732,34.11965],[135.41616,34.11957],[135.41514,34.12005],[135.41337,34.11972],[135.4122,34.1195],[135.4118,34.11947],[135.41129,34.11958],[135.40988,34.1199],[135.40885,34.11973],[135.40836,34.12005],[135.40575,34.12047],[135.40431,34.12069],[135.4036,34.12138],[135.40281,34.12127],[135.40249,34.12128],[135.40205,34.12133],[135.4014,34.12097],[135.4008,34.1208],[135.39925,34.12087],[135.3984,34.12055],[135.3964,34.12075],[135.39541,34.12084],[135.39367,34.12084],[135.39288,34.1213],[135.39281,34.12132],[135.39135,34.12154],[135.39025,34.12159],[135.38994,34.12156],[135.38884,34.12148],[135.38773,34.12133],[135.38743,34.12124],[135.38662,34.12116],[135.38651,34.12106],[135.38576,34.1207],[135.38517,34.12068],[135.38294,34.1211],[135.38169,34.1213],[135.3809,34.12139],[135.37985,34.12087],[135.37886,34.12075],[135.37709,34.12102],[135.37555,34.12051],[135.37469,34.1206],[135.37383,34.12035],[135.37387,34.11949],[135.37413,34.11876],[135.374,34.11818],[135.37431,34.11667],[135.37427,34.11617],[135.37356,34.11525],[135.37372,34.11432],[135.37458,34.11316],[135.37398,34.11277],[135.37391,34.11273],[135.37289,34.11223],[135.3718,34.11222],[135.37069,34.11327],[135.36984,34.11371],[135.36801,34.11405],[135.36703,34.11393],[135.36604,34.11348],[135.36534,34.11353],[135.364,34.11461],[135.36362,34.11476],[135.36263,34.11436],[135.3608,34.11487],[135.36005,34.11469],[135.35932,34.1149],[135.35875,34.11494],[135.35811,34.1147],[135.35737,34.11419],[135.35721,34.11394],[135.35711,34.11393],[135.35625,34.1134],[135.35565,34.11407],[135.35517,34.11443],[135.35442,34.11459],[135.35287,34.11448],[135.35214,34.11427],[135.35144,34.11501],[135.35066,34.1154],[135.34831,34.11613],[135.34739,34.11621],[135.34643,34.11662],[135.34603,34.11617],[135.34492,34.11596],[135.34458,34.11546],[135.34388,34.11559],[135.34344,34.11525],[135.34316,34.11494],[135.34249,34.11522],[135.34086,34.11435],[135.33768,34.11345],[135.33745,34.11271],[135.33761,34.11139],[135.33742,34.11028],[135.33647,34.10926],[135.3366,34.10821],[135.33533,34.10556],[135.33472,34.10526],[135.33418,34.10505],[135.33213,34.10498],[135.33082,34.10514],[135.32998,34.10604],[135.32957,34.10594],[135.32903,34.10584],[135.32832,34.10537],[135.32668,34.10481],[135.32519,34.10448],[135.32287,34.10443],[135.32056,34.1046],[135.31994,34.10482],[135.31847,34.10467],[135.31765,34.10442],[135.31728,34.10458],[135.31671,34.10514],[135.31599,34.10554],[135.31573,34.10578],[135.31526,34.10708],[135.31486,34.10784],[135.3147,34.1081],[135.31368,34.10894],[135.3133,34.10935],[135.31295,34.10965],[135.31211,34.11004],[135.31209,34.11072],[135.31152,34.11142],[135.31182,34.11233],[135.31218,34.11286],[135.31216,34.1135],[135.31193,34.11444],[135.31155,34.11494],[135.31113,34.11491],[135.31048,34.11495],[135.30995,34.11513],[135.30934,34.11541],[135.3089,34.11561],[135.30785,34.11549],[135.30722,34.11612],[135.30612,34.11679],[135.30603,34.11694],[135.30612,34.11747],[135.30638,34.11772],[135.307,34.11827],[135.3073,34.11883],[135.30789,34.1196],[135.30811,34.12025],[135.3087,34.12094],[135.3088,34.12132],[135.30847,34.12176],[135.30809,34.1221],[135.30706,34.12372],[135.30695,34.12464],[135.30649,34.12539],[135.30628,34.12582],[135.30558,34.12617],[135.30536,34.12702],[135.30512,34.12711],[135.30483,34.12725],[135.30466,34.12794],[135.30439,34.12835],[135.30367,34.12862],[135.30344,34.12869],[135.30326,34.12886],[135.30285,34.12895],[135.30268,34.12911],[135.30195,34.12915],[135.30184,34.12954],[135.30216,34.13033],[135.30167,34.13077],[135.30175,34.13117],[135.30151,34.13206],[135.30169,34.13215],[135.30225,34.13221],[135.30235,34.13223],[135.30262,34.13243],[135.30263,34.1326],[135.30284,34.13329],[135.30315,34.13339],[135.30297,34.13417],[135.30275,34.13468],[135.3027,34.13493],[135.30268,34.13499],[135.30243,34.13531],[135.30079,34.13457],[135.30018,34.13464],[135.29949,34.13443],[135.29745,34.13502],[135.29711,34.13531],[135.29703,34.13586],[135.29639,34.13539],[135.29639,34.13528],[135.29596,34.13521],[135.29574,34.1352],[135.29544,34.13508],[135.29535,34.13495],[135.29518,34.13465],[135.29495,34.13452],[135.29471,34.13442],[135.29449,34.13415],[135.2939,34.13347],[135.29427,34.13315],[135.29458,34.13256],[135.29499,34.13227],[135.29498,34.13177],[135.2942,34.13145],[135.29408,34.13105],[135.2942,34.13044],[135.29431,34.13034],[135.29429,34.13014],[135.29424,34.13004],[135.29427,34.12976],[135.29435,34.12964],[135.29409,34.12889],[135.29355,34.12885],[135.29319,34.12861],[135.29306,34.12807],[135.29289,34.12734],[135.29269,34.12715],[135.29239,34.12689],[135.29214,34.12639],[135.29172,34.12587],[135.29139,34.12579],[135.29094,34.12573],[135.29015,34.12549],[135.2897,34.1255],[135.28924,34.12549],[135.28887,34.12551],[135.2886,34.12525],[135.28847,34.12519],[135.28795,34.12499],[135.28768,34.12477],[135.28679,34.12446],[135.28671,34.12355],[135.28608,34.12313],[135.28589,34.12271],[135.28522,34.12212],[135.28479,34.12147],[135.28418,34.12095],[135.28429,34.12016],[135.28465,34.1196],[135.28331,34.11954],[135.28246,34.11966],[135.28204,34.11918],[135.28121,34.11941],[135.28032,34.11861],[135.27957,34.11858],[135.27895,34.11905],[135.27861,34.11964],[135.27793,34.11981],[135.27745,34.11941],[135.27641,34.11928],[135.27532,34.11812],[135.2745,34.11768],[135.27402,34.11709],[135.27371,34.11718],[135.27287,34.11731],[135.27261,34.11739],[135.27197,34.11752],[135.2715,34.11734],[135.27136,34.11688],[135.27132,34.11643],[135.27048,34.11635],[135.2702,34.11617],[135.26981,34.11624],[135.26914,34.11668],[135.26844,34.11621],[135.26808,34.11618],[135.2678,34.11621],[135.26765,34.11626],[135.26726,34.11658],[135.2674,34.11693],[135.26747,34.11723],[135.26713,34.11761],[135.2665,34.11764],[135.26581,34.11761],[135.26566,34.11751],[135.26539,34.11723],[135.26506,34.11729],[135.26486,34.11728],[135.26455,34.11643],[135.26348,34.11634],[135.26275,34.11568],[135.26196,34.11643],[135.26135,34.11679],[135.26034,34.11684],[135.26017,34.11756],[135.25972,34.11771],[135.25808,34.11789],[135.25719,34.11828],[135.25586,34.11906],[135.25455,34.12009],[135.25385,34.1205],[135.25313,34.1212],[135.25224,34.12157],[135.25094,34.12173],[135.24912,34.12254],[135.24636,34.12248],[135.24531,34.1222],[135.24446,34.12177],[135.24299,34.1215],[135.24231,34.12197],[135.24104,34.12174],[135.24025,34.12215],[135.2389,34.12203],[135.23874,34.12162],[135.23834,34.12131],[135.23774,34.12084],[135.23768,34.12085],[135.23735,34.12077],[135.23711,34.12072],[135.23685,34.12021],[135.23643,34.11969],[135.23629,34.11925],[135.23553,34.1182],[135.23561,34.117],[135.23597,34.11659],[135.23572,34.11643],[135.23578,34.11494],[135.23596,34.11439],[135.23611,34.11407],[135.23588,34.11377],[135.23544,34.11326],[135.23532,34.11289],[135.23535,34.11285],[135.23545,34.11258],[135.23518,34.11206],[135.23452,34.11213],[135.23436,34.11209],[135.23395,34.11196],[135.23349,34.11191],[135.23343,34.11171],[135.23327,34.11138],[135.2329,34.11082],[135.23272,34.1107],[135.23231,34.11055],[135.23219,34.11045],[135.23169,34.10905],[135.23169,34.10817],[135.23158,34.10786],[135.23114,34.10746],[135.23104,34.10716],[135.23132,34.10696],[135.23103,34.10702],[135.23024,34.10692],[135.22971,34.10663],[135.22886,34.10651],[135.22779,34.10692],[135.22626,34.10681],[135.22551,34.10695],[135.22457,34.10737],[135.22318,34.10854],[135.22295,34.10937],[135.22238,34.10967],[135.22047,34.10992],[135.21985,34.10985],[135.21735,34.11008],[135.21661,34.11048],[135.21703,34.10867],[135.21688,34.10772],[135.21665,34.10716],[135.21614,34.10703],[135.21389,34.10693],[135.21291,34.10619],[135.21266,34.10573],[135.21275,34.10518],[135.2121,34.10465],[135.21184,34.10402],[135.21157,34.10387],[135.21081,34.10349],[135.20994,34.10324],[135.20971,34.10318],[135.20931,34.10307],[135.20897,34.10277],[135.20871,34.10233],[135.20837,34.10223],[135.20807,34.1022],[135.20785,34.10211],[135.20695,34.10183],[135.20681,34.10176],[135.20663,34.10156],[135.20643,34.10118],[135.20599,34.10101],[135.20557,34.10043],[135.20533,34.10026],[135.20479,34.10015],[135.20297,34.10041],[135.2025,34.10018],[135.20227,34.10008],[135.20211,34.10005],[135.20188,34.10004],[135.20112,34.10002],[135.20074,34.09996],[135.19998,34.09974],[135.19936,34.09957],[135.19892,34.09935],[135.19839,34.09879],[135.19814,34.09848],[135.19705,34.09851],[135.19678,34.09866],[135.19587,34.09874],[135.19562,34.09871],[135.195,34.09854],[135.1945,34.09851],[135.1943,34.09853],[135.19413,34.09846],[135.19386,34.09836],[135.19351,34.09809],[135.19341,34.09805],[135.19258,34.09837],[135.19206,34.09842],[135.19195,34.09842],[135.19159,34.09832],[135.19096,34.09812],[135.19053,34.09835],[135.19039,34.09837],[135.19019,34.09829],[135.18972,34.0981],[135.18963,34.09805],[135.18899,34.09774],[135.18888,34.09769],[135.18851,34.0976],[135.18841,34.09761],[135.18787,34.09783],[135.1875,34.09799],[135.18751,34.09763],[135.18741,34.09741],[135.18733,34.09687],[135.18726,34.09658],[135.18754,34.09581],[135.18742,34.09549],[135.18739,34.09487],[135.18689,34.09437],[135.18677,34.09416],[135.18692,34.0941],[135.18721,34.09381],[135.18735,34.09339],[135.1874,34.09328],[135.18745,34.09309],[135.18745,34.09292],[135.18791,34.09223],[135.18807,34.09194],[135.18809,34.09169],[135.18797,34.09086],[135.18788,34.09071],[135.18827,34.09022],[135.18839,34.09018],[135.18877,34.09002],[135.18897,34.08985],[135.18913,34.0892],[135.18918,34.08946],[135.18926,34.0889],[135.18906,34.0879],[135.18924,34.08738],[135.18883,34.08674],[135.18958,34.08483],[135.18961,34.08427],[135.19028,34.08288],[135.19018,34.08225],[135.19101,34.08165],[135.19181,34.07982],[135.19184,34.07915],[135.19205,34.07845],[135.19248,34.07774],[135.19277,34.07735],[135.19289,34.0773],[135.19321,34.07724],[135.19333,34.07706],[135.19248,34.07634],[135.19231,34.07573],[135.19225,34.07554],[135.19211,34.07503],[135.19199,34.07379],[135.19192,34.07296],[135.19221,34.07295],[135.19153,34.07166],[135.19162,34.07129],[135.19077,34.06876],[135.19068,34.06848],[135.1901,34.06682],[135.18992,34.0662],[135.18766,34.06523],[135.18771,34.06478],[135.18731,34.06405],[135.18748,34.0631],[135.18726,34.06209],[135.18705,34.0618],[135.18616,34.06154],[135.1864,34.06029],[135.18625,34.05993],[135.18642,34.05923],[135.18764,34.05763],[135.1882,34.05727],[135.18838,34.05676],[135.18842,34.05573],[135.18996,34.05578],[135.19015,34.05556],[135.19021,34.0541],[135.18988,34.05337],[135.19058,34.05276],[135.19009,34.05222],[135.19059,34.0515],[135.19051,34.05084],[135.19001,34.04913],[135.19094,34.049],[135.19224,34.04821],[135.19252,34.04704],[135.19349,34.04698],[135.19421,34.04548],[135.1939,34.04478],[135.19413,34.0444],[135.19402,34.04387],[135.19411,34.04341],[135.19389,34.04258],[135.19345,34.0424],[135.19224,34.04242],[135.19081,34.04211],[135.19069,34.04145],[135.19112,34.04136],[135.19109,34.04037],[135.19151,34.04019],[135.19332,34.04025],[135.19336,34.04057],[135.19485,34.04072],[135.1954,34.04044],[135.19552,34.03941],[135.19517,34.03817],[135.19511,34.03744],[135.19539,34.03655],[135.19495,34.03651],[135.19446,34.03559],[135.19466,34.03533],[135.19581,34.035],[135.19675,34.03519],[135.19667,34.03574],[135.19751,34.03593],[135.1976,34.03537],[135.19843,34.03522],[135.19899,34.03465],[135.20067,34.03489],[135.20078,34.03513],[135.20156,34.03523],[135.20194,34.03561],[135.20295,34.03547],[135.20532,34.03572],[135.20548,34.03562],[135.20583,34.03553],[135.20615,34.03577],[135.20661,34.03605],[135.20722,34.03588],[135.20762,34.03563],[135.20841,34.03562],[135.20841,34.03617],[135.20855,34.03643],[135.20893,34.03688],[135.20922,34.03678],[135.20933,34.0368],[135.20961,34.03718],[135.20979,34.03721],[135.21007,34.03716],[135.21027,34.037],[135.2105,34.03672],[135.21067,34.03654]],[[135.22245,34.06255],[135.22233,34.06245],[135.22233,34.06263],[135.22245,34.06255]],[[135.2008,34.04789],[135.20068,34.04784],[135.20085,34.04816],[135.2008,34.04789]],[[135.23973,34.08496],[135.24097,34.08497],[135.23976,34.08486],[135.23973,34.08496]],[[135.2441,34.06393],[135.24362,34.064],[135.24423,34.06394],[135.2441,34.06393]],[[135.24021,34.02667],[135.24012,34.02652],[135.24006,34.02643],[135.24021,34.02667]],[[135.26498,34.09082],[135.26454,34.09036],[135.26503,34.09119],[135.26498,34.09082]],[[135.25869,34.08399],[135.25927,34.08499],[135.25965,34.08579],[135.25913,34.08469],[135.25869,34.08399]],[[135.31951,34.06677],[135.31994,34.06722],[135.31992,34.067],[135.31951,34.06677]],[[135.32546,34.07647],[135.32613,34.07669],[135.32643,34.07677],[135.32546,34.07647]],[[135.30194,34.08049],[135.30235,34.07948],[135.30203,34.07962],[135.30194,34.08049]],[[135.32901,34.0852],[135.32997,34.08524],[135.3297,34.08521],[135.32901,34.0852]],[[135.24771,34.08698],[135.24862,34.08815],[135.24825,34.08761],[135.24771,34.08698]],[[135.40631,34.06752],[135.40635,34.06885],[135.40639,34.06681],[135.40631,34.06752]]]}},{"type":"Feature","properties":{"nm":"美浜町","b":[135.0577,33.8759,135.1538,33.9166],"c":[135.11527,33.89568]},"geometry":{"type":"MultiPolygon","coordinates":[[[[135.14081,33.9149],[135.14008,33.91464],[135.13931,33.91498],[135.13918,33.91506],[135.13785,33.91608],[135.13688,33.91656],[135.13606,33.91607],[135.13583,33.91589],[135.13513,33.9157],[135.13398,33.91594],[135.13384,33.91594],[135.1337,33.91594],[135.13339,33.91556],[135.13236,33.91504],[135.13277,33.91444],[135.13283,33.91383],[135.13255,33.91338],[135.13286,33.91271],[135.13249,33.91213],[135.13348,33.91001],[135.13349,33.90927],[135.13282,33.90854],[135.13338,33.90812],[135.13333,33.90711],[135.13215,33.90559],[135.13164,33.90523],[135.1318,33.90486],[135.13131,33.90475],[135.13144,33.90431],[135.13098,33.90434],[135.13079,33.90377],[135.1297,33.90397],[135.12968,33.9034],[135.12838,33.90354],[135.12744,33.90349],[135.12635,33.90288],[135.12508,33.90291],[135.12346,33.90254],[135.1224,33.90265],[135.12081,33.90333],[135.11939,33.90317],[135.11874,33.90329],[135.11697,33.90259],[135.116,33.90382],[135.11564,33.90479],[135.11402,33.90407],[135.11357,33.9037],[135.11118,33.90349],[135.1101,33.90357],[135.10823,33.90451],[135.10826,33.90432],[135.1083,33.90284],[135.10799,33.90225],[135.10717,33.90246],[135.10578,33.90245],[135.10461,33.90282],[135.1042,33.90279],[135.10385,33.90234],[135.10379,33.90169],[135.10339,33.90126],[135.10226,33.90145],[135.10163,33.90128],[135.10033,33.90156],[135.09906,33.90136],[135.09714,33.90173],[135.09639,33.90135],[135.09558,33.90134],[135.09508,33.90156],[135.09356,33.90146],[135.09313,33.90096],[135.09194,33.90006],[135.091,33.89988],[135.09066,33.90076],[135.08985,33.9016],[135.08896,33.90185],[135.08869,33.90235],[135.08745,33.90264],[135.08563,33.90114],[135.08386,33.90032],[135.08361,33.9],[135.08186,33.90015],[135.08074,33.90014],[135.08001,33.89976],[135.07871,33.89992],[135.07798,33.89966],[135.07757,33.89911],[135.07718,33.89909],[135.07686,33.89859],[135.07613,33.89829],[135.07478,33.89729],[135.07388,33.89725],[135.0736,33.89699],[135.07259,33.89683],[135.07219,33.89668],[135.07265,33.8943],[135.07316,33.89343],[135.0731,33.89297],[135.07237,33.89241],[135.07203,33.89116],[135.07171,33.89093],[135.07166,33.89021],[135.07132,33.88931],[135.07072,33.88928],[135.0693,33.88956],[135.06897,33.88976],[135.06839,33.88956],[135.0681,33.88877],[135.06774,33.88856],[135.06655,33.88876],[135.06563,33.88839],[135.06529,33.88729],[135.06479,33.88643],[135.06417,33.88573],[135.06283,33.88489],[135.06338,33.88374],[135.06274,33.88297],[135.0615,33.88198],[135.05999,33.882],[135.05969,33.88107],[135.05807,33.88031],[135.05771,33.87979],[135.05826,33.87956],[135.05871,33.87979],[135.05945,33.87973],[135.06089,33.87995],[135.06583,33.88136],[135.06713,33.88207],[135.06824,33.88228],[135.06917,33.88284],[135.07084,33.88473],[135.07193,33.88631],[135.07323,33.88709],[135.075,33.88753],[135.07599,33.88786],[135.07752,33.88881],[135.08011,33.89089],[135.08127,33.89083],[135.08226,33.89053],[135.08266,33.88992],[135.08213,33.88923],[135.08321,33.88853],[135.08324,33.88828],[135.08248,33.88776],[135.08076,33.8888],[135.08068,33.88852],[135.08213,33.88765],[135.08164,33.88731],[135.08182,33.88709],[135.08293,33.88709],[135.08365,33.88687],[135.08492,33.8872],[135.08563,33.88687],[135.08641,33.88731],[135.08846,33.88736],[135.08884,33.88678],[135.08959,33.88701],[135.09027,33.8869],[135.09163,33.88751],[135.09194,33.88804],[135.09188,33.88862],[135.09313,33.88875],[135.09433,33.88834],[135.09517,33.88847],[135.09555,33.88823],[135.09627,33.88825],[135.09784,33.8887],[135.09906,33.88873],[135.09972,33.88845],[135.1003,33.88884],[135.10127,33.88918],[135.10199,33.88961],[135.10312,33.88975],[135.1039,33.8902],[135.10466,33.8904],[135.10616,33.89123],[135.10738,33.89128],[135.10831,33.89182],[135.10878,33.89178],[135.10939,33.89261],[135.11014,33.89256],[135.11075,33.89314],[135.11287,33.89342],[135.11447,33.89342],[135.11992,33.8922],[135.12451,33.89093],[135.12653,33.89052],[135.12869,33.88973],[135.13331,33.88831],[135.13625,33.88726],[135.13872,33.88633],[135.14133,33.88524],[135.14372,33.88382],[135.14598,33.88235],[135.14719,33.88144],[135.15025,33.87891],[135.15094,33.87804],[135.15117,33.87723],[135.15094,33.87589],[135.15187,33.87598],[135.15312,33.87704],[135.15352,33.8772],[135.15353,33.87835],[135.15339,33.87838],[135.15346,33.8786],[135.15349,33.87913],[135.15342,33.87948],[135.15349,33.8797],[135.15358,33.8797],[135.15384,33.88061],[135.15349,33.88167],[135.15276,33.88211],[135.15268,33.88242],[135.1529,33.88245],[135.15284,33.88314],[135.15278,33.88337],[135.15223,33.88443],[135.15223,33.88584],[135.15201,33.88621],[135.15188,33.88645],[135.15187,33.88655],[135.1517,33.88706],[135.15165,33.88705],[135.15165,33.88721],[135.15155,33.88787],[135.15142,33.88853],[135.15089,33.88904],[135.15032,33.89061],[135.15003,33.89172],[135.14995,33.89205],[135.14993,33.89225],[135.1499,33.89243],[135.14979,33.89268],[135.14953,33.89329],[135.14921,33.89454],[135.14872,33.89575],[135.14802,33.89552],[135.1479,33.89582],[135.14715,33.89697],[135.14667,33.89749],[135.14646,33.89908],[135.14572,33.90145],[135.14499,33.90338],[135.14603,33.90364],[135.14548,33.90461],[135.14453,33.90438],[135.14366,33.90688],[135.14362,33.90747],[135.14425,33.90939],[135.14393,33.9095],[135.14287,33.91245],[135.14224,33.91428],[135.14135,33.91402],[135.14081,33.9149]]],[[[135.07828,33.88647],[135.07723,33.88638],[135.07767,33.88565],[135.07832,33.88593],[135.07828,33.88647]]]]}},{"type":"Feature","properties":{"nm":"日高町","b":[135.0564,33.8803,135.1781,33.984],"c":[135.122,33.93285]},"geometry":{"type":"MultiPolygon","coordinates":[[[[135.17388,33.95276],[135.17426,33.95332],[135.17435,33.95397],[135.17478,33.95459],[135.17624,33.95499],[135.17757,33.95591],[135.17815,33.95607],[135.1775,33.95729],[135.1776,33.95933],[135.17758,33.96083],[135.17784,33.96162],[135.17789,33.96255],[135.1777,33.96406],[135.176,33.96461],[135.17494,33.96461],[135.17457,33.96603],[135.17458,33.96729],[135.17397,33.96832],[135.17387,33.96896],[135.17396,33.97144],[135.17335,33.97298],[135.17341,33.97363],[135.17405,33.97474],[135.17534,33.97508],[135.17609,33.97529],[135.17666,33.97609],[135.17714,33.97746],[135.17774,33.97878],[135.17775,33.97923],[135.17776,33.97948],[135.17763,33.97991],[135.17685,33.9806],[135.17648,33.9829],[135.17547,33.98404],[135.17469,33.98375],[135.17301,33.9836],[135.17212,33.98311],[135.17118,33.98296],[135.17051,33.98261],[135.16946,33.98237],[135.16796,33.98185],[135.16723,33.98103],[135.16578,33.98],[135.16467,33.97974],[135.1639,33.97874],[135.16345,33.9784],[135.161,33.97737],[135.16071,33.97655],[135.1592,33.97566],[135.15808,33.97556],[135.15749,33.97532],[135.15689,33.97505],[135.15668,33.97539],[135.15584,33.97551],[135.15524,33.97558],[135.15389,33.97595],[135.15345,33.97536],[135.15279,33.97434],[135.15129,33.9734],[135.15101,33.97274],[135.15027,33.97189],[135.14944,33.97155],[135.14872,33.97042],[135.14771,33.96986],[135.14749,33.96967],[135.14733,33.96942],[135.14712,33.96899],[135.1469,33.96872],[135.14653,33.96847],[135.14517,33.96753],[135.14432,33.96618],[135.14318,33.96478],[135.14245,33.96417],[135.14197,33.96395],[135.14105,33.96367],[135.14071,33.96298],[135.14072,33.96187],[135.14064,33.96136],[135.14026,33.96024],[135.1402,33.95972],[135.13984,33.95949],[135.13933,33.95928],[135.1387,33.95864],[135.13859,33.95811],[135.13858,33.95783],[135.13859,33.95745],[135.13824,33.95716],[135.13766,33.95695],[135.13681,33.95702],[135.13604,33.95648],[135.13586,33.95592],[135.13497,33.95463],[135.13358,33.95332],[135.13289,33.95289],[135.13254,33.95319],[135.13173,33.95312],[135.1312,33.95277],[135.13075,33.95193],[135.13081,33.95101],[135.13059,33.95053],[135.12978,33.95009],[135.12786,33.94946],[135.12764,33.94918],[135.12679,33.94885],[135.12587,33.94867],[135.12554,33.94811],[135.12481,33.94824],[135.12379,33.94729],[135.12344,33.94703],[135.12315,33.94655],[135.12172,33.94545],[135.12173,33.94524],[135.12122,33.94559],[135.12037,33.94553],[135.11886,33.94591],[135.11794,33.94546],[135.11697,33.94518],[135.11569,33.94535],[135.11486,33.94522],[135.11413,33.94539],[135.11374,33.94573],[135.11156,33.94544],[135.11106,33.94521],[135.11067,33.94517],[135.11048,33.9452],[135.11026,33.94511],[135.10978,33.94476],[135.10908,33.94434],[135.10868,33.9444],[135.10827,33.94458],[135.10771,33.94548],[135.10741,33.94729],[135.10733,33.94759],[135.10717,33.94783],[135.10662,33.94864],[135.10649,33.94874],[135.10642,33.94943],[135.10635,33.94954],[135.10553,33.95029],[135.10492,33.95094],[135.10481,33.95209],[135.10459,33.95263],[135.10441,33.95277],[135.10385,33.95309],[135.10282,33.95419],[135.10149,33.95335],[135.10173,33.95267],[135.10162,33.95213],[135.10104,33.9516],[135.10124,33.95085],[135.10107,33.95023],[135.1004,33.94955],[135.0985,33.94979],[135.09798,33.94973],[135.09749,33.94903],[135.09642,33.94871],[135.09587,33.9479],[135.09483,33.94767],[135.09439,33.9479],[135.094,33.94858],[135.09308,33.94907],[135.09236,33.94927],[135.09046,33.94881],[135.08898,33.94912],[135.0884,33.94868],[135.08899,33.94832],[135.08818,33.94817],[135.0889,33.94767],[135.08843,33.94722],[135.08875,33.94683],[135.08835,33.94651],[135.08823,33.9455],[135.09001,33.94492],[135.0909,33.94437],[135.09085,33.94365],[135.0905,33.94311],[135.08946,33.9422],[135.08858,33.9422],[135.08689,33.94313],[135.08592,33.9435],[135.08516,33.94317],[135.08444,33.94239],[135.08362,33.94223],[135.08342,33.94162],[135.08206,33.94177],[135.08139,33.94152],[135.0813,33.9411],[135.08182,33.94071],[135.08238,33.94067],[135.08347,33.94015],[135.08377,33.94019],[135.08646,33.9394],[135.08664,33.9384],[135.08585,33.93786],[135.08573,33.93728],[135.08493,33.93702],[135.08473,33.93666],[135.08537,33.93581],[135.08508,33.93527],[135.08394,33.93491],[135.08266,33.93501],[135.08174,33.93556],[135.08003,33.93559],[135.07916,33.93517],[135.07897,33.93456],[135.07842,33.93414],[135.07778,33.93412],[135.07729,33.93468],[135.07657,33.93501],[135.07527,33.93475],[135.0755,33.93425],[135.07523,33.93332],[135.07488,33.93306],[135.07498,33.93268],[135.07392,33.93206],[135.0734,33.93154],[135.07268,33.93147],[135.07029,33.93206],[135.07013,33.93151],[135.06826,33.93158],[135.06807,33.93131],[135.06852,33.9306],[135.0683,33.93001],[135.06701,33.92918],[135.06632,33.92807],[135.06572,33.92783],[135.06493,33.92627],[135.06626,33.92651],[135.06691,33.92691],[135.06791,33.92607],[135.06835,33.926],[135.06862,33.92535],[135.07025,33.9248],[135.07077,33.92428],[135.0707,33.92393],[135.07172,33.92393],[135.07248,33.92418],[135.07276,33.92451],[135.07273,33.92531],[135.07312,33.92537],[135.07335,33.92682],[135.07401,33.92679],[135.07408,33.9278],[135.07463,33.92791],[135.07578,33.92785],[135.07689,33.92755],[135.07761,33.92693],[135.07719,33.92624],[135.07694,33.9261],[135.07781,33.92535],[135.07862,33.9258],[135.07924,33.92555],[135.07904,33.9249],[135.07956,33.92464],[135.07959,33.92389],[135.0792,33.92343],[135.07779,33.92324],[135.07611,33.92332],[135.07523,33.92279],[135.07596,33.92298],[135.07588,33.9227],[135.0766,33.92252],[135.07643,33.92201],[135.07694,33.92203],[135.07746,33.92162],[135.07737,33.92107],[135.07608,33.91967],[135.0766,33.91898],[135.07643,33.9185],[135.07523,33.91755],[135.07602,33.91697],[135.07942,33.91808],[135.0797,33.91803],[135.08036,33.91864],[135.08008,33.91919],[135.08103,33.91986],[135.08222,33.91933],[135.08235,33.9195],[135.0829,33.91742],[135.08284,33.91697],[135.08216,33.91639],[135.08188,33.91589],[135.0792,33.91408],[135.07869,33.91393],[135.07854,33.91325],[135.07895,33.91295],[135.08028,33.91253],[135.08185,33.91259],[135.08257,33.9125],[135.08312,33.91153],[135.08379,33.91142],[135.08332,33.91086],[135.08351,33.91033],[135.08393,33.91039],[135.08332,33.9098],[135.0828,33.90839],[135.08235,33.90753],[135.08141,33.90636],[135.08052,33.90567],[135.07933,33.9044],[135.07889,33.90465],[135.07852,33.90423],[135.07726,33.90356],[135.07691,33.90403],[135.07619,33.90403],[135.07616,33.90303],[135.0726,33.90329],[135.07242,33.90371],[135.07274,33.90458],[135.07367,33.90431],[135.07318,33.90484],[135.07354,33.9053],[135.07498,33.90503],[135.07621,33.90527],[135.07614,33.90541],[135.07502,33.90517],[135.07302,33.90553],[135.07268,33.90587],[135.07158,33.90581],[135.07091,33.90606],[135.07033,33.9055],[135.0694,33.90523],[135.06842,33.90542],[135.06743,33.906],[135.06685,33.90617],[135.06572,33.90611],[135.06481,33.90625],[135.06379,33.90619],[135.06249,33.9063],[135.06191,33.90603],[135.05976,33.90542],[135.05901,33.90478],[135.0584,33.90275],[135.05846,33.90211],[135.05799,33.90089],[135.05904,33.90086],[135.0597,33.90056],[135.05983,33.89998],[135.05997,33.89937],[135.06041,33.89887],[135.06235,33.89764],[135.06382,33.89701],[135.06464,33.89645],[135.06498,33.89537],[135.06487,33.89459],[135.06397,33.89435],[135.06362,33.89406],[135.06371,33.89314],[135.06456,33.89287],[135.06473,33.8925],[135.06423,33.8917],[135.06266,33.89142],[135.06177,33.89053],[135.06006,33.88984],[135.05929,33.88981],[135.05843,33.88945],[135.05666,33.88839],[135.05642,33.88809],[135.0568,33.88773],[135.05727,33.88681],[135.05738,33.88592],[135.05774,33.8847],[135.05761,33.88401],[135.05819,33.88392],[135.05819,33.88323],[135.05738,33.88154],[135.05738,33.88083],[135.05807,33.88031],[135.05969,33.88107],[135.05999,33.882],[135.0615,33.88198],[135.06274,33.88297],[135.06338,33.88374],[135.06283,33.88489],[135.06417,33.88573],[135.06479,33.88643],[135.06529,33.88729],[135.06563,33.88839],[135.06655,33.88876],[135.06774,33.88856],[135.0681,33.88877],[135.06839,33.88956],[135.06897,33.88976],[135.0693,33.88956],[135.07072,33.88928],[135.07132,33.88931],[135.07166,33.89021],[135.07171,33.89093],[135.07203,33.89116],[135.07237,33.89241],[135.0731,33.89297],[135.07316,33.89343],[135.07265,33.8943],[135.07219,33.89668],[135.07259,33.89683],[135.0736,33.89699],[135.07388,33.89725],[135.07478,33.89729],[135.07613,33.89829],[135.07686,33.89859],[135.07718,33.89909],[135.07757,33.89911],[135.07798,33.89966],[135.07871,33.89992],[135.08001,33.89976],[135.08074,33.90014],[135.08186,33.90015],[135.08361,33.9],[135.08386,33.90032],[135.08563,33.90114],[135.08745,33.90264],[135.08869,33.90235],[135.08896,33.90185],[135.08985,33.9016],[135.09066,33.90076],[135.091,33.89988],[135.09194,33.90006],[135.09313,33.90096],[135.09356,33.90146],[135.09508,33.90156],[135.09558,33.90134],[135.09639,33.90135],[135.09714,33.90173],[135.09906,33.90136],[135.10033,33.90156],[135.10163,33.90128],[135.10226,33.90145],[135.10339,33.90126],[135.10379,33.90169],[135.10385,33.90234],[135.1042,33.90279],[135.10461,33.90282],[135.10578,33.90245],[135.10717,33.90246],[135.10799,33.90225],[135.1083,33.90284],[135.10826,33.90432],[135.10823,33.90451],[135.1101,33.90357],[135.11118,33.90349],[135.11357,33.9037],[135.11402,33.90407],[135.11564,33.90479],[135.116,33.90382],[135.11697,33.90259],[135.11874,33.90329],[135.11939,33.90317],[135.12081,33.90333],[135.1224,33.90265],[135.12346,33.90254],[135.12508,33.90291],[135.12635,33.90288],[135.12744,33.90349],[135.12838,33.90354],[135.12968,33.9034],[135.1297,33.90397],[135.13079,33.90377],[135.13098,33.90434],[135.13144,33.90431],[135.13131,33.90475],[135.1318,33.90486],[135.13164,33.90523],[135.13215,33.90559],[135.13333,33.90711],[135.13338,33.90812],[135.13282,33.90854],[135.13349,33.90927],[135.13348,33.91001],[135.13249,33.91213],[135.13286,33.91271],[135.13255,33.91338],[135.13283,33.91383],[135.13277,33.91444],[135.13236,33.91504],[135.13339,33.91556],[135.1337,33.91594],[135.13384,33.91594],[135.13398,33.91594],[135.13513,33.9157],[135.13583,33.91589],[135.13606,33.91607],[135.13688,33.91656],[135.13785,33.91608],[135.13918,33.91506],[135.13931,33.91498],[135.14008,33.91464],[135.14081,33.9149],[135.14254,33.91542],[135.14287,33.91573],[135.1436,33.91592],[135.14528,33.91646],[135.14639,33.91667],[135.14759,33.91691],[135.1473,33.91761],[135.14844,33.91781],[135.1482,33.91873],[135.14855,33.91886],[135.14895,33.91853],[135.14949,33.91836],[135.15049,33.91858],[135.15127,33.9187],[135.15133,33.91875],[135.15134,33.91857],[135.15141,33.91848],[135.15137,33.91827],[135.15114,33.91803],[135.15094,33.91796],[135.1505,33.9177],[135.15029,33.91728],[135.15208,33.91787],[135.15229,33.91814],[135.15317,33.91918],[135.15359,33.91918],[135.15439,33.91898],[135.15478,33.91895],[135.1554,33.919],[135.15636,33.91906],[135.15788,33.91954],[135.15894,33.92211],[135.15965,33.92291],[135.15962,33.92339],[135.15882,33.92386],[135.15904,33.92424],[135.15848,33.92437],[135.15884,33.92495],[135.15892,33.9258],[135.15865,33.92595],[135.15904,33.92652],[135.15898,33.92725],[135.15927,33.92734],[135.15914,33.92848],[135.15968,33.92923],[135.15997,33.93002],[135.15984,33.93063],[135.16001,33.93148],[135.15972,33.93304],[135.15893,33.93399],[135.15755,33.93479],[135.15662,33.93579],[135.15595,33.93611],[135.15601,33.93672],[135.15587,33.93818],[135.15564,33.93891],[135.15648,33.94027],[135.15649,33.94166],[135.15704,33.94208],[135.15826,33.94357],[135.1598,33.94477],[135.16047,33.94608],[135.16034,33.94657],[135.16022,33.94825],[135.16076,33.94914],[135.16168,33.95027],[135.1629,33.95013],[135.16388,33.95045],[135.16471,33.9499],[135.16524,33.95006],[135.16653,33.94993],[135.16711,33.9504],[135.16928,33.95099],[135.17099,33.95178],[135.17244,33.95212],[135.17388,33.95276]],[[135.09913,33.9216],[135.09888,33.92241],[135.09899,33.92236],[135.09913,33.9216]],[[135.09245,33.93309],[135.09182,33.93326],[135.09248,33.93314],[135.09245,33.93309]],[[135.08333,33.92671],[135.08328,33.92655],[135.08281,33.927],[135.08333,33.92671]]],[[[135.0745,33.95054],[135.07328,33.95067],[135.07288,33.95047],[135.07181,33.95044],[135.07201,33.95004],[135.07288,33.94984],[135.0734,33.95007],[135.07357,33.94974],[135.07337,33.94878],[135.07288,33.94827],[135.07303,33.94731],[135.07337,33.94714],[135.07376,33.94745],[135.07447,33.94745],[135.07511,33.94775],[135.07518,33.94745],[135.07572,33.94775],[135.07588,33.94904],[135.07613,33.94981],[135.07506,33.94991],[135.0745,33.95054]]]]}},{"type":"Feature","properties":{"nm":"由良町","b":[135.059,33.9443,135.1761,34.008],"c":[135.1224,33.9755]},"geometry":{"type":"MultiPolygon","coordinates":[[[[135.13859,33.95811],[135.1387,33.95864],[135.13933,33.95928],[135.13984,33.95949],[135.1402,33.95972],[135.14026,33.96024],[135.14064,33.96136],[135.14072,33.96187],[135.14071,33.96298],[135.14105,33.96367],[135.14197,33.96395],[135.14245,33.96417],[135.14318,33.96478],[135.14432,33.96618],[135.14517,33.96753],[135.14653,33.96847],[135.1469,33.96872],[135.14712,33.96899],[135.14733,33.96942],[135.14749,33.96967],[135.14771,33.96986],[135.14872,33.97042],[135.14944,33.97155],[135.15027,33.97189],[135.15101,33.97274],[135.15129,33.9734],[135.15279,33.97434],[135.15345,33.97536],[135.15389,33.97595],[135.15524,33.97558],[135.15584,33.97551],[135.15668,33.97539],[135.15689,33.97505],[135.15749,33.97532],[135.15808,33.97556],[135.1592,33.97566],[135.16071,33.97655],[135.161,33.97737],[135.16345,33.9784],[135.1639,33.97874],[135.16467,33.97974],[135.16578,33.98],[135.16723,33.98103],[135.16796,33.98185],[135.16946,33.98237],[135.17051,33.98261],[135.17118,33.98296],[135.17212,33.98311],[135.17301,33.9836],[135.17469,33.98375],[135.17547,33.98404],[135.17577,33.98448],[135.17609,33.98566],[135.17587,33.98735],[135.17533,33.98866],[135.17487,33.99027],[135.17464,33.99195],[135.17474,33.99247],[135.17518,33.99301],[135.17554,33.9938],[135.17487,33.99461],[135.17412,33.99478],[135.17276,33.9945],[135.17196,33.99475],[135.17125,33.99474],[135.16994,33.99504],[135.16868,33.99482],[135.1673,33.99473],[135.16628,33.9952],[135.16569,33.99572],[135.16495,33.99606],[135.16424,33.99616],[135.16354,33.99548],[135.16247,33.99487],[135.16064,33.99458],[135.15949,33.9941],[135.15791,33.99363],[135.15733,33.9929],[135.15619,33.99276],[135.15527,33.99233],[135.15475,33.99227],[135.15399,33.99255],[135.1537,33.99269],[135.15299,33.99261],[135.15271,33.9923],[135.15217,33.992],[135.15099,33.99186],[135.15046,33.99186],[135.14941,33.99147],[135.14858,33.99092],[135.14778,33.99075],[135.14693,33.99092],[135.14644,33.99066],[135.14583,33.99038],[135.14486,33.99008],[135.14382,33.98946],[135.14315,33.99022],[135.14172,33.99141],[135.14085,33.99175],[135.14092,33.99287],[135.14005,33.99424],[135.13984,33.99517],[135.13904,33.99588],[135.13854,33.99669],[135.13839,33.99736],[135.13646,33.99875],[135.13461,33.99975],[135.13389,33.99941],[135.1327,33.99963],[135.13235,33.99946],[135.13177,33.99991],[135.13031,34.00063],[135.12868,34.00055],[135.12834,34.0001],[135.12829,33.99921],[135.12752,33.99821],[135.12642,33.99755],[135.12575,33.99733],[135.12445,33.99836],[135.12265,33.99833],[135.12224,33.99886],[135.12013,33.99911],[135.11917,33.99905],[135.11806,33.99871],[135.11671,33.99755],[135.11502,33.99707],[135.11281,33.996],[135.11205,33.99513],[135.11232,33.99441],[135.11212,33.9941],[135.11205,33.99316],[135.11259,33.9924],[135.1129,33.99096],[135.11253,33.99052],[135.11154,33.98988],[135.11089,33.98969],[135.10953,33.98958],[135.10956,33.98891],[135.10756,33.98887],[135.10669,33.98895],[135.10561,33.98966],[135.10576,33.99031],[135.10634,33.99022],[135.10594,33.99181],[135.10497,33.9918],[135.10489,33.99272],[135.10445,33.99296],[135.10318,33.99263],[135.10199,33.99274],[135.1008,33.99252],[135.09946,33.99279],[135.09723,33.99256],[135.09648,33.99265],[135.09526,33.99323],[135.09462,33.99337],[135.09412,33.99296],[135.09354,33.99319],[135.09293,33.9929],[135.09259,33.99244],[135.09191,33.992],[135.09197,33.99156],[135.09165,33.99066],[135.09101,33.98983],[135.09136,33.98965],[135.09249,33.9897],[135.09386,33.98917],[135.09419,33.98885],[135.09378,33.98818],[135.09238,33.98874],[135.09235,33.98827],[135.0916,33.98716],[135.08965,33.98672],[135.08945,33.98616],[135.08965,33.98569],[135.09006,33.98569],[135.09023,33.98491],[135.08989,33.98471],[135.09003,33.9843],[135.09081,33.98391],[135.09108,33.98352],[135.09113,33.98285],[135.09027,33.98168],[135.08939,33.98133],[135.08917,33.98238],[135.08901,33.98237],[135.08931,33.98094],[135.08846,33.98003],[135.08832,33.97935],[135.08751,33.97913],[135.08406,33.98],[135.08361,33.97969],[135.08312,33.97973],[135.08342,33.97915],[135.08277,33.97855],[135.08168,33.97836],[135.08039,33.97855],[135.07953,33.97891],[135.07901,33.97886],[135.07785,33.9791],[135.07605,33.97858],[135.07497,33.97874],[135.07398,33.97863],[135.07323,33.9783],[135.07288,33.97841],[135.07296,33.9778],[135.0721,33.97746],[135.07047,33.97775],[135.0691,33.97788],[135.0681,33.97722],[135.06754,33.97666],[135.06848,33.97586],[135.06951,33.97569],[135.06978,33.97533],[135.07207,33.97569],[135.07305,33.97619],[135.07415,33.97621],[135.07559,33.97508],[135.07608,33.9739],[135.07779,33.97313],[135.0784,33.97258],[135.07854,33.9721],[135.07909,33.97186],[135.07945,33.97075],[135.07906,33.9703],[135.07939,33.96966],[135.08141,33.96963],[135.0827,33.96977],[135.0828,33.96955],[135.08396,33.96977],[135.08458,33.96963],[135.08489,33.96921],[135.08519,33.96933],[135.08566,33.96875],[135.08605,33.96727],[135.08556,33.96647],[135.08539,33.96586],[135.0844,33.96397],[135.08452,33.96297],[135.08458,33.96281],[135.084,33.96155],[135.08246,33.96136],[135.08235,33.96103],[135.08158,33.96083],[135.08048,33.96127],[135.07956,33.96122],[135.07967,33.96094],[135.07901,33.9605],[135.07724,33.96011],[135.07547,33.95992],[135.07468,33.95993],[135.07402,33.95954],[135.0735,33.95957],[135.07311,33.9592],[135.07326,33.9589],[135.07402,33.95916],[135.075,33.95872],[135.07671,33.95761],[135.0781,33.95711],[135.07909,33.95647],[135.07912,33.95605],[135.08048,33.95589],[135.08164,33.95619],[135.08199,33.95655],[135.08274,33.95631],[135.08277,33.95578],[135.0876,33.95608],[135.08754,33.95705],[135.08716,33.95733],[135.08444,33.95716],[135.08437,33.95783],[135.08591,33.95784],[135.08592,33.95762],[135.08672,33.95772],[135.08644,33.95836],[135.08663,33.95864],[135.08792,33.95874],[135.08855,33.95811],[135.08895,33.95833],[135.08969,33.95754],[135.08995,33.95767],[135.09071,33.95755],[135.09157,33.95769],[135.09384,33.95786],[135.09476,33.95768],[135.09552,33.95777],[135.09732,33.95891],[135.09869,33.95955],[135.10005,33.96039],[135.10063,33.961],[135.09961,33.96183],[135.09981,33.96456],[135.10002,33.96547],[135.10046,33.96619],[135.10268,33.96688],[135.1023,33.96642],[135.10274,33.96591],[135.10243,33.96583],[135.10199,33.96466],[135.10185,33.96425],[135.10226,33.96313],[135.10309,33.96327],[135.10301,33.96364],[135.10448,33.964],[135.10663,33.96383],[135.10765,33.96225],[135.11107,33.96372],[135.1114,33.96319],[135.10799,33.96178],[135.10809,33.96152],[135.11072,33.9626],[135.11119,33.96175],[135.11127,33.96152],[135.11174,33.96042],[135.11201,33.96014],[135.11204,33.95988],[135.11306,33.96009],[135.11325,33.96025],[135.11435,33.96032],[135.11447,33.96046],[135.11484,33.96029],[135.11651,33.96068],[135.11684,33.96022],[135.11356,33.95931],[135.11382,33.95889],[135.11623,33.95955],[135.11729,33.95975],[135.11728,33.9595],[135.11362,33.95834],[135.11398,33.9576],[135.11378,33.95753],[135.11423,33.95708],[135.11441,33.95654],[135.11346,33.9562],[135.11168,33.9562],[135.10989,33.9562],[135.10907,33.95578],[135.10913,33.95622],[135.10733,33.95617],[135.10553,33.95612],[135.10553,33.95567],[135.10376,33.95479],[135.10282,33.95419],[135.10385,33.95309],[135.10441,33.95277],[135.10459,33.95263],[135.10481,33.95209],[135.10492,33.95094],[135.10553,33.95029],[135.10635,33.94954],[135.10642,33.94943],[135.10649,33.94874],[135.10662,33.94864],[135.10717,33.94783],[135.10733,33.94759],[135.10741,33.94729],[135.10771,33.94548],[135.10827,33.94458],[135.10868,33.9444],[135.10908,33.94434],[135.10978,33.94476],[135.11026,33.94511],[135.11048,33.9452],[135.11067,33.94517],[135.11106,33.94521],[135.11156,33.94544],[135.11374,33.94573],[135.11413,33.94539],[135.11486,33.94522],[135.11569,33.94535],[135.11697,33.94518],[135.11794,33.94546],[135.11886,33.94591],[135.12037,33.94553],[135.12122,33.94559],[135.12173,33.94524],[135.12172,33.94545],[135.12315,33.94655],[135.12344,33.94703],[135.12379,33.94729],[135.12481,33.94824],[135.12554,33.94811],[135.12587,33.94867],[135.12679,33.94885],[135.12764,33.94918],[135.12786,33.94946],[135.12978,33.95009],[135.13059,33.95053],[135.13081,33.95101],[135.13075,33.95193],[135.1312,33.95277],[135.13173,33.95312],[135.13254,33.95319],[135.13289,33.95289],[135.13358,33.95332],[135.13497,33.95463],[135.13586,33.95592],[135.13604,33.95648],[135.13681,33.95702],[135.13766,33.95695],[135.13824,33.95716],[135.13858,33.95783],[135.13859,33.95811]]],[[[135.06839,33.97828],[135.06793,33.97805],[135.06822,33.97791],[135.06839,33.97828]]],[[[135.05917,33.97734],[135.05926,33.97777],[135.059,33.97753],[135.05917,33.97734]]],[[[135.07602,33.97391],[135.07554,33.97369],[135.07584,33.97327],[135.0762,33.97346],[135.07602,33.97391]]],[[[135.07851,33.96972],[135.07829,33.96956],[135.07891,33.9692],[135.07917,33.96959],[135.07851,33.96972]]],[[[135.067,33.97958],[135.06669,33.97961],[135.0669,33.97911],[135.067,33.97958]]],[[[135.07179,33.95857],[135.07181,33.95819],[135.07224,33.95795],[135.07179,33.95857]]],[[[135.07296,33.9591],[135.07201,33.95904],[135.07255,33.95838],[135.07337,33.95838],[135.07296,33.9591]]],[[[135.06838,33.96055],[135.06731,33.96039],[135.06721,33.96007],[135.06778,33.9598],[135.06867,33.95993],[135.06893,33.9602],[135.06838,33.96055]]],[[[135.09554,33.95739],[135.09555,33.9575],[135.09524,33.95742],[135.09554,33.95739]]],[[[135.09566,34.0054],[135.09528,34.00619],[135.09555,34.00696],[135.09526,34.00755],[135.09433,34.00795],[135.09343,34.00787],[135.09244,34.00739],[135.09184,34.00656],[135.0914,34.00503],[135.09215,34.00333],[135.0931,34.0029],[135.09429,34.00292],[135.09503,34.00322],[135.09694,34.00313],[135.09821,34.0029],[135.09981,34.00313],[135.09964,34.00286],[135.10092,34.00308],[135.1014,34.00347],[135.10262,34.00407],[135.10251,34.00469],[135.10211,34.00488],[135.10005,34.00525],[135.09932,34.00563],[135.0985,34.00577],[135.09607,34.00536],[135.09566,34.0054]]],[[[135.08785,34.00195],[135.08692,34.00184],[135.08699,34.00129],[135.08758,34.00145],[135.08803,34.00113],[135.08871,34.0014],[135.08785,34.00195]]],[[[135.08919,34.00217],[135.08903,34.00255],[135.08865,34.00254],[135.08919,34.00217]]],[[[135.09125,34.00345],[135.09113,34.00333],[135.08947,34.00334],[135.08912,34.00286],[135.08942,34.00208],[135.09011,34.00223],[135.09039,34.00257],[135.09066,34.00209],[135.09163,34.00165],[135.09285,34.00169],[135.09271,34.00197],[135.09323,34.00239],[135.09307,34.00275],[135.09208,34.00331],[135.09125,34.00345]]],[[[135.11611,33.99774],[135.11581,33.99787],[135.11582,33.9977],[135.11611,33.99774]]],[[[135.0882,34.00254],[135.08798,34.00239],[135.08849,34.00185],[135.089,34.00204],[135.0886,34.0025],[135.0882,34.00254]]],[[[135.08778,33.99181],[135.08758,33.99222],[135.0869,33.9922],[135.08616,33.99172],[135.0846,33.99161],[135.08318,33.99112],[135.08258,33.99077],[135.0823,33.9909],[135.08164,33.9903],[135.08221,33.99019],[135.08182,33.98988],[135.08316,33.98945],[135.08339,33.98983],[135.08431,33.98975],[135.08548,33.98918],[135.08672,33.98914],[135.08746,33.98874],[135.08767,33.98829],[135.08743,33.98783],[135.08781,33.98732],[135.08838,33.98744],[135.08915,33.98723],[135.08976,33.98737],[135.0896,33.98778],[135.08849,33.98837],[135.08802,33.98902],[135.08755,33.99],[135.08792,33.99146],[135.08778,33.99181]]]]}},{"type":"Feature","properties":{"nm":"印南町","b":[135.1784,33.7801,135.4029,33.9191],"c":[135.27878,33.85633]},"geometry":{"type":"Polygon","coordinates":[[[135.19917,33.81322],[135.19907,33.81302],[135.20022,33.8125],[135.20074,33.81243],[135.20201,33.8127],[135.20248,33.81254],[135.20323,33.8127],[135.2049,33.81254],[135.20599,33.81222],[135.2068,33.81138],[135.20653,33.81045],[135.20683,33.80936],[135.20759,33.809],[135.20861,33.8088],[135.20921,33.8091],[135.21037,33.80929],[135.21089,33.80972],[135.21101,33.81041],[135.21171,33.81107],[135.21274,33.81133],[135.21239,33.81172],[135.21235,33.81239],[135.21269,33.8125],[135.21325,33.81205],[135.21583,33.81403],[135.21621,33.81372],[135.21706,33.81418],[135.21772,33.81353],[135.21842,33.81287],[135.2185,33.81201],[135.21902,33.81195],[135.21933,33.81151],[135.21916,33.81146],[135.21866,33.81144],[135.21844,33.81069],[135.21795,33.81101],[135.2175,33.81096],[135.21817,33.81051],[135.21795,33.80963],[135.21728,33.80991],[135.21706,33.80942],[135.21736,33.809],[135.21853,33.80792],[135.21937,33.80811],[135.21959,33.80856],[135.22091,33.8081],[135.22116,33.80619],[135.2207,33.80491],[135.22125,33.80501],[135.22243,33.8046],[135.22343,33.80354],[135.22561,33.80335],[135.22646,33.80302],[135.22703,33.80216],[135.22772,33.8019],[135.23067,33.80137],[135.23071,33.80221],[135.23067,33.80138],[135.23277,33.80072],[135.23365,33.80018],[135.23478,33.79937],[135.2352,33.79897],[135.23609,33.7977],[135.23652,33.79701],[135.23721,33.79547],[135.23754,33.79406],[135.2376,33.79308],[135.23733,33.79201],[135.23708,33.79193],[135.23687,33.79118],[135.23574,33.7907],[135.23486,33.7905],[135.23406,33.79002],[135.2335,33.78902],[135.23365,33.78833],[135.23406,33.78765],[135.23406,33.78673],[135.23361,33.78565],[135.23295,33.78482],[135.23345,33.78398],[135.23435,33.78211],[135.2349,33.78146],[135.2373,33.78055],[135.23908,33.78055],[135.24087,33.78073],[135.24203,33.78066],[135.24381,33.78016],[135.24532,33.78005],[135.24573,33.7802],[135.24686,33.78108],[135.24788,33.78132],[135.25026,33.78186],[135.25281,33.78235],[135.25413,33.78239],[135.25796,33.78268],[135.25936,33.78261],[135.26104,33.78228],[135.26281,33.78224],[135.26427,33.78239],[135.26526,33.78283],[135.26593,33.78291],[135.26523,33.78446],[135.26445,33.78639],[135.26469,33.78764],[135.26448,33.78835],[135.26343,33.78851],[135.26304,33.78867],[135.26221,33.7898],[135.26242,33.79064],[135.26237,33.79111],[135.26154,33.79246],[135.26105,33.79285],[135.26011,33.79345],[135.25977,33.794],[135.25934,33.79544],[135.25968,33.79715],[135.25941,33.79864],[135.2595,33.79907],[135.25957,33.79916],[135.26064,33.80038],[135.2614,33.8008],[135.26207,33.80156],[135.26304,33.80206],[135.26337,33.80267],[135.26304,33.8037],[135.26315,33.8044],[135.26393,33.80576],[135.26404,33.80616],[135.26489,33.80747],[135.26596,33.80851],[135.26636,33.80867],[135.26672,33.80929],[135.26707,33.80997],[135.26685,33.81042],[135.26664,33.8114],[135.26684,33.81172],[135.26713,33.81191],[135.26746,33.81191],[135.26814,33.81256],[135.26845,33.81255],[135.26938,33.81256],[135.27005,33.8139],[135.2704,33.81462],[135.2706,33.81541],[135.27205,33.81451],[135.27241,33.81445],[135.27318,33.8153],[135.27335,33.81612],[135.27377,33.81673],[135.27484,33.81752],[135.27529,33.81752],[135.27564,33.81733],[135.27602,33.81735],[135.27689,33.8177],[135.27768,33.81779],[135.27831,33.81812],[135.27927,33.81789],[135.28017,33.81803],[135.28093,33.8178],[135.2819,33.81784],[135.28269,33.81803],[135.28348,33.81784],[135.28422,33.81812],[135.28516,33.81789],[135.28598,33.81797],[135.28768,33.81714],[135.28864,33.8177],[135.28972,33.81774],[135.29086,33.81835],[135.29217,33.81885],[135.29311,33.81886],[135.29399,33.81918],[135.29445,33.81904],[135.29654,33.8195],[135.297,33.82068],[135.29721,33.82219],[135.29791,33.82228],[135.2995,33.82186],[135.2998,33.82297],[135.29918,33.82414],[135.29945,33.82495],[135.30058,33.82605],[135.30134,33.82661],[135.30136,33.82702],[135.30054,33.82841],[135.30032,33.82941],[135.29992,33.82996],[135.30082,33.83117],[135.30125,33.83201],[135.30217,33.83249],[135.3033,33.83236],[135.30391,33.83244],[135.30485,33.83348],[135.30629,33.83363],[135.30708,33.83388],[135.30768,33.83476],[135.30902,33.83576],[135.30916,33.83676],[135.30915,33.83797],[135.30901,33.83954],[135.30881,33.8404],[135.30809,33.84156],[135.30787,33.84194],[135.3077,33.84254],[135.30744,33.84294],[135.30741,33.84324],[135.30742,33.84354],[135.30792,33.84406],[135.30808,33.84439],[135.30831,33.846],[135.30883,33.84628],[135.30977,33.84649],[135.31039,33.84706],[135.31096,33.84776],[135.31235,33.84843],[135.31243,33.84887],[135.31232,33.84956],[135.31243,33.85068],[135.31223,33.85126],[135.31237,33.85195],[135.31367,33.85305],[135.3141,33.85347],[135.3141,33.85381],[135.31393,33.85435],[135.31324,33.85519],[135.31294,33.85578],[135.31305,33.85664],[135.31242,33.85669],[135.31211,33.85687],[135.3111,33.85663],[135.31056,33.85686],[135.30991,33.85713],[135.30992,33.85769],[135.31024,33.85903],[135.30946,33.85975],[135.3094,33.86103],[135.31007,33.86137],[135.31058,33.86108],[135.31132,33.86116],[135.31223,33.86187],[135.31264,33.86193],[135.31344,33.86254],[135.31465,33.86246],[135.3156,33.86292],[135.31593,33.8636],[135.31678,33.86412],[135.31744,33.86499],[135.31801,33.86618],[135.31834,33.86649],[135.32025,33.8675],[135.32107,33.86847],[135.32173,33.86868],[135.32189,33.86899],[135.3218,33.86958],[135.32143,33.87027],[135.32119,33.87079],[135.32099,33.87125],[135.32118,33.87249],[135.32143,33.87286],[135.32175,33.87403],[135.32228,33.87426],[135.32317,33.8748],[135.32326,33.87509],[135.32327,33.87514],[135.324,33.8757],[135.32436,33.87579],[135.32475,33.87584],[135.32663,33.87707],[135.32709,33.87738],[135.32852,33.87738],[135.32984,33.87757],[135.33007,33.8777],[135.33078,33.87816],[135.33119,33.87819],[135.33217,33.87819],[135.33298,33.87839],[135.3342,33.87899],[135.33525,33.87987],[135.33774,33.87964],[135.33894,33.87926],[135.33935,33.87883],[135.34011,33.87853],[135.3411,33.87888],[135.34269,33.87881],[135.34402,33.879],[135.34496,33.87892],[135.34609,33.87853],[135.34708,33.87881],[135.34777,33.87875],[135.34862,33.87934],[135.34956,33.87954],[135.35038,33.88018],[135.35089,33.88034],[135.35115,33.88116],[135.35152,33.88155],[135.35163,33.88223],[135.35219,33.88358],[135.35265,33.88405],[135.35374,33.88459],[135.35508,33.88605],[135.3553,33.88691],[135.35622,33.88799],[135.3577,33.88805],[135.35902,33.88789],[135.36004,33.88747],[135.36133,33.88727],[135.36184,33.88683],[135.36298,33.88671],[135.36431,33.88642],[135.36541,33.88653],[135.36655,33.88612],[135.3687,33.88574],[135.36938,33.88578],[135.37087,33.88614],[135.37211,33.8859],[135.37265,33.88595],[135.37426,33.88528],[135.37529,33.88523],[135.37698,33.88527],[135.37728,33.88527],[135.37943,33.88498],[135.38146,33.88537],[135.38236,33.88593],[135.38372,33.8864],[135.38499,33.8859],[135.38566,33.88606],[135.38623,33.88614],[135.38675,33.88587],[135.38719,33.88511],[135.38733,33.88468],[135.38786,33.88459],[135.38955,33.88464],[135.39076,33.8849],[135.39121,33.88491],[135.39211,33.88472],[135.39273,33.88439],[135.39332,33.8843],[135.39463,33.8851],[135.39544,33.88561],[135.39612,33.88572],[135.39681,33.88596],[135.3977,33.88682],[135.39838,33.88698],[135.39888,33.88743],[135.39939,33.88835],[135.40016,33.88781],[135.40093,33.88788],[135.4009,33.88827],[135.402,33.88929],[135.40222,33.89018],[135.40294,33.89074],[135.40286,33.89217],[135.4016,33.89448],[135.39972,33.89489],[135.39813,33.89487],[135.39722,33.89497],[135.39642,33.89473],[135.39567,33.89506],[135.39449,33.89505],[135.3937,33.89525],[135.3933,33.89548],[135.39312,33.8959],[135.39334,33.898],[135.39265,33.89983],[135.39232,33.90136],[135.39198,33.90201],[135.39492,33.90243],[135.39516,33.90314],[135.39554,33.90333],[135.3961,33.90382],[135.3967,33.90403],[135.39716,33.90472],[135.39771,33.90549],[135.39804,33.90642],[135.39789,33.90669],[135.39715,33.90688],[135.3964,33.90734],[135.39553,33.9075],[135.39481,33.90812],[135.39519,33.90882],[135.3951,33.91045],[135.39545,33.91146],[135.39563,33.91383],[135.39598,33.91491],[135.39589,33.91523],[135.39474,33.91585],[135.3932,33.91689],[135.39271,33.91678],[135.39085,33.91689],[135.38756,33.91728],[135.38596,33.9169],[135.38324,33.91662],[135.38234,33.91679],[135.38142,33.9175],[135.38054,33.91795],[135.37989,33.91914],[135.37946,33.91903],[135.37794,33.91768],[135.37694,33.9169],[135.37578,33.91631],[135.37465,33.91552],[135.37339,33.91554],[135.37108,33.91636],[135.36977,33.9163],[135.36881,33.91654],[135.36808,33.9165],[135.36574,33.91583],[135.36518,33.91554],[135.36453,33.91521],[135.36352,33.91507],[135.36297,33.91503],[135.36241,33.91498],[135.35979,33.91463],[135.35841,33.91444],[135.35721,33.91454],[135.35567,33.91445],[135.35476,33.91456],[135.35318,33.91396],[135.35179,33.91321],[135.35002,33.91279],[135.34884,33.91288],[135.34733,33.91264],[135.34694,33.91273],[135.34597,33.91304],[135.34571,33.91307],[135.3446,33.91268],[135.34316,33.91243],[135.34281,33.91229],[135.34182,33.91267],[135.34135,33.91279],[135.34052,33.91292],[135.33931,33.91292],[135.33731,33.91237],[135.33649,33.91245],[135.33541,33.91232],[135.33504,33.91193],[135.33405,33.91166],[135.33323,33.91044],[135.33218,33.90989],[135.33126,33.90976],[135.33018,33.90968],[135.3301,33.90965],[135.32951,33.90869],[135.3289,33.90675],[135.32885,33.90672],[135.32855,33.90655],[135.32808,33.90631],[135.32715,33.90623],[135.32686,33.90601],[135.32608,33.90506],[135.32536,33.90413],[135.32522,33.90408],[135.3242,33.90431],[135.32362,33.9044],[135.32204,33.90454],[135.32136,33.90488],[135.32033,33.9044],[135.31927,33.90437],[135.31807,33.90462],[135.31666,33.90452],[135.31576,33.90489],[135.31485,33.90475],[135.31429,33.90438],[135.31051,33.9023],[135.31072,33.90164],[135.31096,33.90117],[135.31095,33.90053],[135.31072,33.9004],[135.31059,33.90036],[135.31007,33.90035],[135.30961,33.90005],[135.30886,33.89964],[135.30723,33.89889],[135.30548,33.89833],[135.30426,33.89757],[135.3025,33.89665],[135.3019,33.89646],[135.30136,33.89622],[135.30094,33.89568],[135.30071,33.89505],[135.29966,33.8941],[135.2992,33.89328],[135.29904,33.89236],[135.29905,33.89203],[135.29901,33.89198],[135.29808,33.89183],[135.29755,33.89186],[135.29707,33.89203],[135.29649,33.89253],[135.29585,33.89275],[135.294,33.89164],[135.29384,33.89163],[135.29354,33.8916],[135.29254,33.89196],[135.29205,33.89207],[135.29043,33.89208],[135.28957,33.89222],[135.28893,33.89232],[135.28808,33.89212],[135.28701,33.89148],[135.28483,33.89049],[135.2837,33.88992],[135.28344,33.88961],[135.28297,33.88873],[135.28212,33.88824],[135.28129,33.88807],[135.28051,33.88815],[135.2786,33.8879],[135.27758,33.88785],[135.27594,33.88794],[135.27574,33.88793],[135.27545,33.88775],[135.27518,33.88606],[135.27533,33.88536],[135.27455,33.88184],[135.27387,33.88145],[135.27348,33.88053],[135.27263,33.87968],[135.27231,33.87825],[135.27135,33.87718],[135.27075,33.87679],[135.26925,33.87641],[135.26878,33.87611],[135.26855,33.87532],[135.26831,33.87489],[135.2676,33.87432],[135.2674,33.87381],[135.26649,33.8733],[135.26605,33.87278],[135.26577,33.87252],[135.26473,33.87202],[135.2643,33.87207],[135.26274,33.87301],[135.26125,33.87312],[135.25902,33.87283],[135.25806,33.87278],[135.25712,33.87295],[135.25576,33.87304],[135.25566,33.87315],[135.2557,33.87345],[135.2557,33.87357],[135.25565,33.87368],[135.25543,33.87368],[135.254,33.87377],[135.25255,33.87405],[135.25176,33.87402],[135.25036,33.87342],[135.2496,33.8734],[135.24922,33.87369],[135.24908,33.87369],[135.24902,33.87364],[135.24849,33.87293],[135.248,33.87271],[135.24778,33.87268],[135.2473,33.87264],[135.24598,33.87291],[135.24531,33.87303],[135.24383,33.87447],[135.24299,33.87478],[135.24191,33.87571],[135.2398,33.87666],[135.23874,33.877],[135.23827,33.87726],[135.23775,33.87738],[135.23655,33.87787],[135.2364,33.87794],[135.23615,33.87798],[135.23462,33.87744],[135.23207,33.8776],[135.23129,33.87813],[135.23059,33.87788],[135.23033,33.87778],[135.22907,33.87769],[135.22831,33.87749],[135.22565,33.87762],[135.22415,33.87742],[135.22364,33.87765],[135.22344,33.87772],[135.221,33.87794],[135.22056,33.87809],[135.22027,33.87811],[135.22014,33.87807],[135.21983,33.87804],[135.21864,33.87804],[135.21835,33.87817],[135.21796,33.87848],[135.21765,33.87854],[135.21724,33.87833],[135.21619,33.87818],[135.21601,33.87819],[135.21573,33.87822],[135.21541,33.8783],[135.21463,33.87874],[135.21444,33.87873],[135.21404,33.87864],[135.21317,33.87863],[135.21274,33.87873],[135.21262,33.87878],[135.21227,33.8791],[135.21224,33.87925],[135.21216,33.87957],[135.21181,33.88007],[135.21173,33.88014],[135.21133,33.88026],[135.21035,33.8801],[135.21009,33.8802],[135.2096,33.88012],[135.20939,33.88013],[135.20923,33.8802],[135.20893,33.8804],[135.20881,33.88044],[135.2081,33.88034],[135.20806,33.88115],[135.20743,33.88185],[135.20686,33.88178],[135.20633,33.88147],[135.20597,33.88145],[135.20546,33.88149],[135.20402,33.88156],[135.20393,33.88159],[135.20373,33.88176],[135.20278,33.88223],[135.20237,33.88224],[135.20201,33.88217],[135.20143,33.88225],[135.20074,33.88223],[135.20005,33.882],[135.19964,33.88205],[135.19953,33.88194],[135.19939,33.8818],[135.19925,33.88064],[135.19922,33.88053],[135.19927,33.88036],[135.19921,33.87985],[135.19964,33.87946],[135.19984,33.87922],[135.19984,33.87907],[135.19993,33.87865],[135.19997,33.87842],[135.19984,33.87815],[135.19972,33.87795],[135.19982,33.8772],[135.19996,33.87711],[135.20039,33.8763],[135.20039,33.87571],[135.20059,33.87528],[135.20062,33.87397],[135.20148,33.87341],[135.20158,33.87348],[135.20197,33.87395],[135.20242,33.87372],[135.20336,33.87341],[135.20375,33.87338],[135.2041,33.87351],[135.2043,33.87346],[135.20461,33.8734],[135.20477,33.87344],[135.20501,33.8734],[135.20516,33.87337],[135.20568,33.87329],[135.2067,33.87343],[135.20754,33.87322],[135.20777,33.87329],[135.2082,33.87331],[135.20849,33.87319],[135.20915,33.87322],[135.20939,33.87307],[135.20988,33.87344],[135.20992,33.87396],[135.2109,33.87416],[135.21142,33.87389],[135.21226,33.87354],[135.21238,33.87319],[135.21311,33.87316],[135.21334,33.87346],[135.21414,33.87327],[135.21429,33.8732],[135.21444,33.87252],[135.21502,33.8724],[135.21503,33.87209],[135.21496,33.87137],[135.2148,33.87061],[135.21485,33.87038],[135.21526,33.86989],[135.21564,33.86975],[135.21589,33.86931],[135.2162,33.86923],[135.21612,33.86833],[135.21608,33.86755],[135.21608,33.86704],[135.21597,33.86699],[135.21561,33.86671],[135.21529,33.86661],[135.21523,33.86635],[135.21499,33.86528],[135.21487,33.86511],[135.21453,33.86481],[135.21423,33.8646],[135.21403,33.86452],[135.21381,33.86446],[135.21309,33.86467],[135.21292,33.86466],[135.21281,33.86461],[135.21267,33.86454],[135.21241,33.8647],[135.21212,33.86467],[135.21166,33.86464],[135.21143,33.86436],[135.21103,33.86431],[135.21027,33.86422],[135.20939,33.86453],[135.20928,33.86462],[135.20861,33.86487],[135.20793,33.86516],[135.20727,33.86514],[135.20714,33.86521],[135.20664,33.86558],[135.20595,33.86545],[135.20574,33.86572],[135.20532,33.86632],[135.20504,33.86639],[135.20461,33.8664],[135.20454,33.86661],[135.20421,33.86704],[135.20386,33.86734],[135.20293,33.8674],[135.20254,33.86748],[135.20234,33.86748],[135.20216,33.86758],[135.20133,33.86809],[135.20099,33.86816],[135.20085,33.86814],[135.20023,33.86829],[135.19965,33.86826],[135.19871,33.86781],[135.19809,33.86829],[135.19787,33.8682],[135.19676,33.86726],[135.19655,33.86692],[135.19569,33.86704],[135.19501,33.86693],[135.19474,33.86757],[135.194,33.86769],[135.19378,33.86747],[135.19362,33.86747],[135.19299,33.86757],[135.19268,33.86773],[135.19211,33.86821],[135.1915,33.86826],[135.19088,33.86876],[135.19084,33.86873],[135.19085,33.86846],[135.1909,33.86839],[135.19103,33.86827],[135.19121,33.86808],[135.19102,33.86779],[135.19117,33.86716],[135.19138,33.86695],[135.19149,33.8665],[135.19148,33.86635],[135.19133,33.86627],[135.19115,33.86683],[135.19103,33.86689],[135.19095,33.8669],[135.19049,33.86664],[135.19077,33.86758],[135.1899,33.86768],[135.1891,33.86802],[135.18822,33.86978],[135.18745,33.86954],[135.18725,33.87006],[135.18592,33.86998],[135.18574,33.86984],[135.18393,33.86983],[135.1827,33.86937],[135.18158,33.87019],[135.18023,33.8703],[135.17957,33.8699],[135.17928,33.87034],[135.17837,33.8707],[135.17891,33.86961],[135.1797,33.86895],[135.18092,33.86822],[135.18032,33.86819],[135.18234,33.86718],[135.18266,33.86657],[135.18374,33.8662],[135.18408,33.86648],[135.18479,33.86611],[135.18616,33.86612],[135.18619,33.86511],[135.18576,33.86308],[135.18547,33.86236],[135.1845,33.86197],[135.18456,33.86022],[135.18405,33.85817],[135.18495,33.8578],[135.18592,33.85794],[135.18694,33.85791],[135.18831,33.85709],[135.1895,33.85708],[135.19094,33.85665],[135.19106,33.85664],[135.19157,33.85668],[135.19162,33.85578],[135.1918,33.85565],[135.19238,33.8554],[135.19247,33.85515],[135.19249,33.85496],[135.19268,33.85476],[135.19296,33.85463],[135.1932,33.85456],[135.19334,33.85448],[135.19388,33.85432],[135.19451,33.85422],[135.19491,33.85423],[135.1954,33.85407],[135.19584,33.8538],[135.19679,33.85359],[135.19791,33.85393],[135.1985,33.85369],[135.1993,33.85388],[135.1999,33.85378],[135.20043,33.85369],[135.20169,33.85371],[135.20048,33.85361],[135.20032,33.85243],[135.2004,33.85169],[135.20012,33.85107],[135.20072,33.85055],[135.20184,33.85067],[135.20285,33.85048],[135.20306,33.84964],[135.203,33.84818],[135.20341,33.8465],[135.20386,33.84581],[135.20368,33.845],[135.20317,33.84451],[135.20255,33.84461],[135.20228,33.84416],[135.2025,33.84306],[135.20246,33.84202],[135.20384,33.84136],[135.20401,33.84087],[135.20506,33.84035],[135.2066,33.83982],[135.20679,33.83932],[135.20757,33.83853],[135.20837,33.83807],[135.20868,33.8366],[135.20859,33.8359],[135.208,33.83542],[135.20772,33.83452],[135.20594,33.83424],[135.20535,33.83429],[135.20454,33.83381],[135.20426,33.83292],[135.20365,33.83182],[135.20324,33.8318],[135.20249,33.83112],[135.20175,33.83009],[135.2022,33.82901],[135.20219,33.82828],[135.20256,33.82721],[135.20242,33.82675],[135.20274,33.82532],[135.20312,33.82434],[135.20312,33.82373],[135.20238,33.82317],[135.20229,33.82285],[135.20166,33.82265],[135.20135,33.82165],[135.20097,33.82103],[135.20089,33.82039],[135.20133,33.81914],[135.20179,33.8185],[135.20129,33.81779],[135.19985,33.81657],[135.19971,33.81584],[135.19994,33.81469],[135.19989,33.81409],[135.19917,33.81322]],[[135.21132,33.81727],[135.21145,33.817],[135.21135,33.81704],[135.21132,33.81727]],[[135.25209,33.8142],[135.2533,33.81456],[135.25258,33.81423],[135.25209,33.8142]],[[135.28849,33.86181],[135.29116,33.86113],[135.29335,33.86055],[135.28849,33.86181]],[[135.2956,33.86009],[135.29582,33.86005],[135.29922,33.85928],[135.2956,33.86009]],[[135.23596,33.85239],[135.23771,33.85373],[135.23554,33.85203],[135.23596,33.85239]],[[135.23224,33.86826],[135.23203,33.86801],[135.23164,33.86777],[135.23224,33.86826]]]}},{"type":"Feature","properties":{"nm":"みなべ町","b":[135.2593,33.7417,135.4648,33.8884],"c":[135.34981,33.82957]},"geometry":{"type":"Polygon","coordinates":[[[135.33603,33.74628],[135.3358,33.74675],[135.33601,33.74693],[135.33605,33.74708],[135.33602,33.74733],[135.33577,33.74764],[135.33575,33.74778],[135.33594,33.748],[135.33599,33.74805],[135.33616,33.74813],[135.33652,33.74835],[135.33668,33.74849],[135.33702,33.74867],[135.33716,33.74884],[135.33725,33.74908],[135.33768,33.74927],[135.33795,33.74938],[135.33693,33.75054],[135.33638,33.7506],[135.33652,33.75135],[135.33626,33.7524],[135.33677,33.75318],[135.3376,33.75294],[135.33799,33.75318],[135.33936,33.75314],[135.34,33.7537],[135.34048,33.75454],[135.34015,33.75545],[135.34029,33.75643],[135.34085,33.75694],[135.34157,33.7579],[135.34203,33.75802],[135.34292,33.75917],[135.34326,33.76025],[135.34292,33.76096],[135.34323,33.76176],[135.34376,33.76218],[135.34459,33.76216],[135.34501,33.7627],[135.34508,33.76377],[135.34446,33.76415],[135.3449,33.76476],[135.34459,33.76522],[135.34484,33.76577],[135.34628,33.76615],[135.34629,33.76685],[135.3451,33.76726],[135.34469,33.76769],[135.34521,33.76838],[135.34508,33.76942],[135.34565,33.76991],[135.34569,33.77121],[135.34549,33.77179],[135.34493,33.77258],[135.34559,33.77346],[135.34521,33.77471],[135.34587,33.77459],[135.34701,33.77486],[135.34746,33.77524],[135.3474,33.77569],[135.34838,33.7763],[135.34906,33.777],[135.34913,33.77746],[135.34878,33.77831],[135.34913,33.77854],[135.34922,33.7793],[135.34842,33.77961],[135.34867,33.78031],[135.34871,33.78156],[135.34899,33.78201],[135.3492,33.78393],[135.34842,33.78481],[135.34839,33.78571],[135.34861,33.78603],[135.34854,33.78698],[135.34798,33.78795],[135.3486,33.7887],[135.34957,33.78924],[135.34949,33.7896],[135.34831,33.79034],[135.34835,33.79077],[135.34935,33.79161],[135.34947,33.79209],[135.3491,33.79302],[135.3491,33.79404],[135.34975,33.79448],[135.35004,33.79515],[135.3498,33.79626],[135.34916,33.79675],[135.34834,33.79954],[135.34858,33.80013],[135.34985,33.80143],[135.34988,33.80195],[135.3496,33.80338],[135.34833,33.80485],[135.3471,33.80585],[135.34592,33.80642],[135.34535,33.80699],[135.34652,33.80814],[135.34654,33.80861],[135.34751,33.80913],[135.34783,33.81006],[135.34908,33.81021],[135.35015,33.8093],[135.35083,33.80918],[135.35353,33.80972],[135.35401,33.80956],[135.35473,33.80898],[135.35591,33.80894],[135.35692,33.80971],[135.35809,33.81037],[135.35902,33.81104],[135.35946,33.81175],[135.36031,33.81242],[135.36111,33.8126],[135.36185,33.81322],[135.36308,33.81368],[135.36329,33.81403],[135.36477,33.81444],[135.36513,33.81513],[135.36564,33.81554],[135.36642,33.81662],[135.36668,33.81744],[135.36761,33.81821],[135.36853,33.81948],[135.36995,33.82025],[135.36931,33.82175],[135.36894,33.8223],[135.37168,33.82436],[135.37257,33.82474],[135.37322,33.82533],[135.37453,33.8271],[135.37435,33.82772],[135.37481,33.82892],[135.37541,33.82944],[135.3757,33.82954],[135.37643,33.82929],[135.37662,33.82928],[135.37688,33.82938],[135.37733,33.82957],[135.37782,33.82944],[135.37816,33.8296],[135.37845,33.8299],[135.37867,33.83058],[135.37907,33.83085],[135.37922,33.83096],[135.38025,33.83187],[135.38057,33.8321],[135.38107,33.83236],[135.3817,33.83298],[135.38189,33.83304],[135.382,33.83306],[135.38288,33.83314],[135.38339,33.83336],[135.38375,33.83359],[135.38393,33.83392],[135.38445,33.83428],[135.38548,33.83475],[135.386,33.83504],[135.38714,33.83578],[135.38759,33.83626],[135.3877,33.83629],[135.38863,33.83635],[135.3892,33.83621],[135.38938,33.83679],[135.3899,33.83688],[135.39098,33.83787],[135.39249,33.83757],[135.39338,33.83678],[135.39382,33.83691],[135.3957,33.83629],[135.39633,33.83676],[135.39677,33.83756],[135.39787,33.83731],[135.39913,33.83718],[135.40104,33.83763],[135.40198,33.83806],[135.40385,33.83758],[135.40549,33.83661],[135.40618,33.83506],[135.40792,33.83337],[135.40837,33.83421],[135.40926,33.83461],[135.41071,33.83484],[135.41173,33.83513],[135.41261,33.83575],[135.41357,33.83478],[135.41375,33.83439],[135.41461,33.83376],[135.41511,33.83364],[135.41587,33.834],[135.41616,33.83445],[135.41677,33.83472],[135.41727,33.83462],[135.41823,33.83507],[135.41948,33.83533],[135.4211,33.83503],[135.42196,33.83516],[135.42237,33.83594],[135.42206,33.83643],[135.42267,33.83693],[135.42379,33.83812],[135.42433,33.83847],[135.42531,33.83849],[135.42559,33.83833],[135.4261,33.83816],[135.42693,33.83868],[135.42719,33.83877],[135.42732,33.83874],[135.42877,33.83788],[135.429,33.83783],[135.42911,33.83789],[135.42933,33.83809],[135.42948,33.83829],[135.42976,33.83859],[135.43048,33.83807],[135.43103,33.83814],[135.43106,33.8385],[135.43144,33.83908],[135.4317,33.8393],[135.43213,33.83945],[135.43272,33.83962],[135.43332,33.84011],[135.43339,33.84014],[135.43371,33.84013],[135.43382,33.8401],[135.43403,33.84001],[135.43418,33.83992],[135.43448,33.8399],[135.435,33.84005],[135.43509,33.84004],[135.43574,33.83951],[135.43587,33.83932],[135.43614,33.83901],[135.43651,33.83871],[135.43704,33.83881],[135.43804,33.83923],[135.43885,33.83954],[135.4398,33.8392],[135.44106,33.83967],[135.44138,33.83989],[135.44189,33.84022],[135.44271,33.8408],[135.44413,33.8414],[135.44443,33.84151],[135.44546,33.84159],[135.44572,33.84153],[135.44578,33.84149],[135.44587,33.84133],[135.44598,33.84045],[135.44638,33.84],[135.44709,33.84002],[135.44779,33.8399],[135.44788,33.83991],[135.44844,33.84019],[135.44848,33.84025],[135.44864,33.84047],[135.44881,33.84052],[135.4493,33.8408],[135.4498,33.8409],[135.45087,33.84032],[135.45195,33.84023],[135.45241,33.8397],[135.45419,33.83898],[135.45483,33.83828],[135.45823,33.83835],[135.45951,33.83808],[135.46051,33.83801],[135.46093,33.83815],[135.46085,33.83848],[135.46087,33.83956],[135.46099,33.84077],[135.46049,33.842],[135.46044,33.84267],[135.46088,33.84449],[135.46124,33.84488],[135.46179,33.84517],[135.4621,33.84753],[135.46235,33.84837],[135.46308,33.84989],[135.46418,33.85148],[135.46481,33.85313],[135.46389,33.85316],[135.46284,33.8535],[135.46088,33.85363],[135.459,33.85357],[135.45831,33.85341],[135.45771,33.85371],[135.45678,33.85367],[135.45634,33.8539],[135.45442,33.85416],[135.45334,33.85415],[135.45123,33.85444],[135.45066,33.8547],[135.45003,33.85597],[135.44968,33.85627],[135.44772,33.85661],[135.44629,33.85701],[135.44527,33.85751],[135.4443,33.85756],[135.44393,33.85803],[135.44404,33.85924],[135.44457,33.86016],[135.44437,33.86132],[135.44444,33.86235],[135.44411,33.86289],[135.44198,33.86351],[135.44104,33.86443],[135.4408,33.86514],[135.44004,33.86563],[135.43881,33.8656],[135.43618,33.86595],[135.43491,33.86646],[135.43317,33.86572],[135.43223,33.86562],[135.43113,33.86513],[135.42969,33.86471],[135.42868,33.86422],[135.42833,33.86441],[135.42755,33.86561],[135.42735,33.86645],[135.42669,33.86715],[135.42708,33.86786],[135.42687,33.86974],[135.42712,33.87064],[135.42807,33.87127],[135.42841,33.87182],[135.42889,33.87379],[135.42966,33.87461],[135.43093,33.87638],[135.43105,33.87681],[135.43078,33.87753],[135.42986,33.87827],[135.42931,33.87889],[135.42882,33.87988],[135.42817,33.88054],[135.42736,33.88082],[135.42672,33.88077],[135.42583,33.88009],[135.42515,33.88001],[135.42501,33.88057],[135.42402,33.88156],[135.42332,33.88164],[135.42256,33.88133],[135.42165,33.87997],[135.42124,33.87961],[135.42016,33.88031],[135.41821,33.88026],[135.41662,33.8796],[135.41561,33.8795],[135.41425,33.88049],[135.41334,33.8808],[135.41262,33.88071],[135.41096,33.88119],[135.40984,33.88203],[135.40911,33.88205],[135.40708,33.88145],[135.40659,33.88166],[135.40527,33.88332],[135.40413,33.88407],[135.40317,33.88579],[135.40234,33.8865],[135.40158,33.88762],[135.40093,33.88788],[135.40016,33.88781],[135.39939,33.88835],[135.39888,33.88743],[135.39838,33.88698],[135.3977,33.88682],[135.39681,33.88596],[135.39612,33.88572],[135.39544,33.88561],[135.39463,33.8851],[135.39332,33.8843],[135.39273,33.88439],[135.39211,33.88472],[135.39121,33.88491],[135.39076,33.8849],[135.38955,33.88464],[135.38786,33.88459],[135.38733,33.88468],[135.38719,33.88511],[135.38675,33.88587],[135.38623,33.88614],[135.38566,33.88606],[135.38499,33.8859],[135.38372,33.8864],[135.38236,33.88593],[135.38146,33.88537],[135.37943,33.88498],[135.37728,33.88527],[135.37698,33.88527],[135.37529,33.88523],[135.37426,33.88528],[135.37265,33.88595],[135.37211,33.8859],[135.37087,33.88614],[135.36938,33.88578],[135.3687,33.88574],[135.36655,33.88612],[135.36541,33.88653],[135.36431,33.88642],[135.36298,33.88671],[135.36184,33.88683],[135.36133,33.88727],[135.36004,33.88747],[135.35902,33.88789],[135.3577,33.88805],[135.35622,33.88799],[135.3553,33.88691],[135.35508,33.88605],[135.35374,33.88459],[135.35265,33.88405],[135.35219,33.88358],[135.35163,33.88223],[135.35152,33.88155],[135.35115,33.88116],[135.35089,33.88034],[135.35038,33.88018],[135.34956,33.87954],[135.34862,33.87934],[135.34777,33.87875],[135.34708,33.87881],[135.34609,33.87853],[135.34496,33.87892],[135.34402,33.879],[135.34269,33.87881],[135.3411,33.87888],[135.34011,33.87853],[135.33935,33.87883],[135.33894,33.87926],[135.33774,33.87964],[135.33525,33.87987],[135.3342,33.87899],[135.33298,33.87839],[135.33217,33.87819],[135.33119,33.87819],[135.33078,33.87816],[135.33007,33.8777],[135.32984,33.87757],[135.32852,33.87738],[135.32709,33.87738],[135.32663,33.87707],[135.32475,33.87584],[135.32436,33.87579],[135.324,33.8757],[135.32327,33.87514],[135.32326,33.87509],[135.32317,33.8748],[135.32228,33.87426],[135.32175,33.87403],[135.32143,33.87286],[135.32118,33.87249],[135.32099,33.87125],[135.32119,33.87079],[135.32143,33.87027],[135.3218,33.86958],[135.32189,33.86899],[135.32173,33.86868],[135.32107,33.86847],[135.32025,33.8675],[135.31834,33.86649],[135.31801,33.86618],[135.31744,33.86499],[135.31678,33.86412],[135.31593,33.8636],[135.3156,33.86292],[135.31465,33.86246],[135.31344,33.86254],[135.31264,33.86193],[135.31223,33.86187],[135.31132,33.86116],[135.31058,33.86108],[135.31007,33.86137],[135.3094,33.86103],[135.30946,33.85975],[135.31024,33.85903],[135.30992,33.85769],[135.30991,33.85713],[135.31056,33.85686],[135.3111,33.85663],[135.31211,33.85687],[135.31242,33.85669],[135.31305,33.85664],[135.31294,33.85578],[135.31324,33.85519],[135.31393,33.85435],[135.3141,33.85381],[135.3141,33.85347],[135.31367,33.85305],[135.31237,33.85195],[135.31223,33.85126],[135.31243,33.85068],[135.31232,33.84956],[135.31243,33.84887],[135.31235,33.84843],[135.31096,33.84776],[135.31039,33.84706],[135.30977,33.84649],[135.30883,33.84628],[135.30831,33.846],[135.30808,33.84439],[135.30792,33.84406],[135.30742,33.84354],[135.30741,33.84324],[135.30744,33.84294],[135.3077,33.84254],[135.30787,33.84194],[135.30809,33.84156],[135.30881,33.8404],[135.30901,33.83954],[135.30915,33.83797],[135.30916,33.83676],[135.30902,33.83576],[135.30768,33.83476],[135.30708,33.83388],[135.30629,33.83363],[135.30485,33.83348],[135.30391,33.83244],[135.3033,33.83236],[135.30217,33.83249],[135.30125,33.83201],[135.30082,33.83117],[135.29992,33.82996],[135.30032,33.82941],[135.30054,33.82841],[135.30136,33.82702],[135.30134,33.82661],[135.30058,33.82605],[135.29945,33.82495],[135.29918,33.82414],[135.2998,33.82297],[135.2995,33.82186],[135.29791,33.82228],[135.29721,33.82219],[135.297,33.82068],[135.29654,33.8195],[135.29445,33.81904],[135.29399,33.81918],[135.29311,33.81886],[135.29217,33.81885],[135.29086,33.81835],[135.28972,33.81774],[135.28864,33.8177],[135.28768,33.81714],[135.28598,33.81797],[135.28516,33.81789],[135.28422,33.81812],[135.28348,33.81784],[135.28269,33.81803],[135.2819,33.81784],[135.28093,33.8178],[135.28017,33.81803],[135.27927,33.81789],[135.27831,33.81812],[135.27768,33.81779],[135.27689,33.8177],[135.27602,33.81735],[135.27564,33.81733],[135.27529,33.81752],[135.27484,33.81752],[135.27377,33.81673],[135.27335,33.81612],[135.27318,33.8153],[135.27241,33.81445],[135.27205,33.81451],[135.2706,33.81541],[135.2704,33.81462],[135.27005,33.8139],[135.26938,33.81256],[135.26845,33.81255],[135.26814,33.81256],[135.26746,33.81191],[135.26713,33.81191],[135.26684,33.81172],[135.26664,33.8114],[135.26685,33.81042],[135.26707,33.80997],[135.26672,33.80929],[135.26636,33.80867],[135.26596,33.80851],[135.26489,33.80747],[135.26404,33.80616],[135.26393,33.80576],[135.26315,33.8044],[135.26304,33.8037],[135.26337,33.80267],[135.26304,33.80206],[135.26207,33.80156],[135.2614,33.8008],[135.26064,33.80038],[135.25957,33.79916],[135.2595,33.79907],[135.25941,33.79864],[135.25968,33.79715],[135.25934,33.79544],[135.25977,33.794],[135.26011,33.79345],[135.26105,33.79285],[135.26154,33.79246],[135.26237,33.79111],[135.26242,33.79064],[135.26221,33.7898],[135.26304,33.78867],[135.26343,33.78851],[135.26448,33.78835],[135.26469,33.78764],[135.26445,33.78639],[135.26523,33.78446],[135.26593,33.78291],[135.2685,33.78291],[135.27031,33.78298],[135.27114,33.78275],[135.27259,33.78157],[135.27413,33.78069],[135.2764,33.78058],[135.27736,33.78013],[135.2798,33.77941],[135.28104,33.77832],[135.28281,33.77578],[135.28336,33.77539],[135.28536,33.77442],[135.28661,33.77408],[135.28704,33.7732],[135.28781,33.77284],[135.28898,33.77284],[135.29174,33.77263],[135.29306,33.7723],[135.29494,33.77124],[135.29585,33.7705],[135.29772,33.76824],[135.29785,33.76731],[135.29717,33.76598],[135.29668,33.76587],[135.29636,33.76528],[135.29654,33.76472],[135.29618,33.76379],[135.29636,33.76372],[135.2974,33.76454],[135.2979,33.76439],[135.29817,33.76399],[135.29877,33.76399],[135.29926,33.76443],[135.29909,33.76517],[135.29967,33.76584],[135.30022,33.76595],[135.30095,33.76665],[135.30199,33.76684],[135.30263,33.76735],[135.30336,33.76769],[135.30426,33.76758],[135.30449,33.76698],[135.30499,33.7668],[135.30599,33.76724],[135.30658,33.76783],[135.30672,33.76828],[135.30785,33.76891],[135.30982,33.76932],[135.31221,33.76925],[135.3132,33.76905],[135.31386,33.76891],[135.3159,33.76818],[135.31694,33.7677],[135.31871,33.76656],[135.32048,33.76509],[135.32108,33.76458],[135.32259,33.76295],[135.32308,33.76223],[135.32391,33.76078],[135.32401,33.75976],[135.32474,33.75978],[135.32494,33.75832],[135.32539,33.75835],[135.32513,33.75765],[135.32486,33.75469],[135.32384,33.75224],[135.32318,33.75137],[135.3235,33.75101],[135.32422,33.7511],[135.32623,33.75039],[135.32669,33.74985],[135.32705,33.7488],[135.32831,33.7477],[135.32867,33.74677],[135.3287,33.74595],[135.32823,33.7446],[135.32823,33.74307],[135.32751,33.7427],[135.32726,33.74206],[135.32843,33.74171],[135.32867,33.74184],[135.32907,33.74305],[135.32989,33.74255],[135.33046,33.74291],[135.32982,33.74317],[135.33058,33.7441],[135.33197,33.74425],[135.33197,33.7436],[135.33299,33.74369],[135.33296,33.74452],[135.33436,33.74481],[135.3352,33.74368],[135.33594,33.74393],[135.33592,33.74557],[135.33656,33.74526],[135.33632,33.74584],[135.33603,33.74628]],[[135.33376,33.7694],[135.33382,33.76945],[135.3339,33.76948],[135.33376,33.7694]],[[135.35752,33.83228],[135.35769,33.83185],[135.35775,33.8314],[135.35752,33.83228]]]}},{"type":"Feature","properties":{"nm":"日高川町","b":[135.1713,33.872,135.5477,34.0431],"c":[135.35846,33.95969]},"geometry":{"type":"Polygon","coordinates":[[[135.20659,33.95425],[135.20469,33.95384],[135.20353,33.95384],[135.20298,33.95388],[135.20194,33.95411],[135.20096,33.95417],[135.19821,33.95383],[135.19753,33.95369],[135.19738,33.95392],[135.19666,33.95499],[135.19626,33.95524],[135.19422,33.95594],[135.19299,33.95574],[135.19047,33.95593],[135.18814,33.95659],[135.18713,33.95746],[135.18627,33.95694],[135.18482,33.95766],[135.18412,33.95744],[135.18319,33.95737],[135.18277,33.95694],[135.18189,33.9565],[135.18022,33.95644],[135.17878,33.95598],[135.17815,33.95607],[135.17757,33.95591],[135.17624,33.95499],[135.17478,33.95459],[135.17435,33.95397],[135.17426,33.95332],[135.17388,33.95276],[135.17454,33.95235],[135.17545,33.95134],[135.17592,33.95038],[135.17592,33.94978],[135.17635,33.94891],[135.17617,33.94839],[135.17689,33.94732],[135.17632,33.9461],[135.1758,33.94554],[135.1756,33.94411],[135.175,33.94305],[135.17491,33.94223],[135.17553,33.94068],[135.17536,33.93983],[135.17642,33.93915],[135.17631,33.93886],[135.17686,33.93719],[135.17671,33.93671],[135.17756,33.93544],[135.17777,33.93475],[135.17744,33.93435],[135.17735,33.93367],[135.17685,33.93322],[135.177,33.93249],[135.1764,33.93201],[135.17529,33.93166],[135.17463,33.93168],[135.17289,33.93062],[135.17209,33.92953],[135.17151,33.92904],[135.17134,33.92739],[135.17162,33.92727],[135.17183,33.9263],[135.17168,33.92599],[135.17199,33.92521],[135.17227,33.92363],[135.17276,33.92356],[135.17284,33.92318],[135.17297,33.92288],[135.1728,33.92186],[135.17241,33.92162],[135.17262,33.92102],[135.1723,33.91967],[135.17206,33.91925],[135.17248,33.91878],[135.17288,33.9178],[135.17292,33.91654],[135.17277,33.91629],[135.17293,33.91465],[135.17391,33.91216],[135.17412,33.91269],[135.17487,33.91294],[135.17538,33.9128],[135.17608,33.9132],[135.17653,33.91314],[135.17668,33.91246],[135.17779,33.91233],[135.17808,33.91182],[135.17862,33.9116],[135.17874,33.91105],[135.18019,33.91147],[135.18063,33.911],[135.18094,33.91005],[135.17979,33.90989],[135.17945,33.9096],[135.18012,33.90937],[135.18004,33.90901],[135.18132,33.90847],[135.18119,33.90822],[135.18223,33.90807],[135.1827,33.9082],[135.18274,33.90694],[135.18511,33.9067],[135.18808,33.90589],[135.18944,33.90528],[135.18993,33.90455],[135.19109,33.90354],[135.1924,33.90201],[135.19408,33.90033],[135.19478,33.899],[135.19499,33.8976],[135.19538,33.89633],[135.19578,33.89549],[135.19743,33.89354],[135.19914,33.89268],[135.19907,33.8925],[135.19842,33.89132],[135.19833,33.89089],[135.19791,33.88993],[135.19782,33.88834],[135.19833,33.88827],[135.19816,33.88672],[135.1978,33.88639],[135.19798,33.88581],[135.19787,33.88441],[135.19808,33.88395],[135.19805,33.88297],[135.19908,33.88301],[135.19964,33.88205],[135.20005,33.882],[135.20074,33.88223],[135.20143,33.88225],[135.20201,33.88217],[135.20237,33.88224],[135.20278,33.88223],[135.20373,33.88176],[135.20393,33.88159],[135.20402,33.88156],[135.20546,33.88149],[135.20597,33.88145],[135.20633,33.88147],[135.20686,33.88178],[135.20743,33.88185],[135.20806,33.88115],[135.2081,33.88034],[135.20881,33.88044],[135.20893,33.8804],[135.20923,33.8802],[135.20939,33.88013],[135.2096,33.88012],[135.21009,33.8802],[135.21035,33.8801],[135.21133,33.88026],[135.21173,33.88014],[135.21181,33.88007],[135.21216,33.87957],[135.21224,33.87925],[135.21227,33.8791],[135.21262,33.87878],[135.21274,33.87873],[135.21317,33.87863],[135.21404,33.87864],[135.21444,33.87873],[135.21463,33.87874],[135.21541,33.8783],[135.21573,33.87822],[135.21601,33.87819],[135.21619,33.87818],[135.21724,33.87833],[135.21765,33.87854],[135.21796,33.87848],[135.21835,33.87817],[135.21864,33.87804],[135.22014,33.87807],[135.22027,33.87811],[135.22056,33.87809],[135.221,33.87794],[135.22344,33.87772],[135.22364,33.87765],[135.22415,33.87742],[135.22565,33.87762],[135.22831,33.87749],[135.22907,33.87769],[135.23033,33.87778],[135.23059,33.87788],[135.23129,33.87813],[135.23207,33.8776],[135.23462,33.87744],[135.23615,33.87798],[135.23617,33.87859],[135.2364,33.87794],[135.23655,33.87787],[135.23775,33.87738],[135.23827,33.87726],[135.23874,33.877],[135.2398,33.87666],[135.24191,33.87571],[135.24299,33.87478],[135.24383,33.87447],[135.24531,33.87303],[135.24598,33.87291],[135.2473,33.87264],[135.24778,33.87268],[135.248,33.87271],[135.24849,33.87293],[135.24902,33.87364],[135.24908,33.87369],[135.24922,33.87369],[135.2496,33.8734],[135.25036,33.87342],[135.25176,33.87402],[135.25255,33.87405],[135.254,33.87377],[135.25543,33.87368],[135.25565,33.87368],[135.2557,33.87357],[135.2557,33.87345],[135.25566,33.87315],[135.25576,33.87304],[135.25712,33.87295],[135.25806,33.87278],[135.25902,33.87283],[135.26125,33.87312],[135.26274,33.87301],[135.2643,33.87207],[135.26473,33.87202],[135.26577,33.87252],[135.26605,33.87278],[135.26649,33.8733],[135.2674,33.87381],[135.2676,33.87432],[135.26831,33.87489],[135.26855,33.87532],[135.26878,33.87611],[135.26925,33.87641],[135.27075,33.87679],[135.27135,33.87718],[135.27231,33.87825],[135.27263,33.87968],[135.27348,33.88053],[135.27387,33.88145],[135.27455,33.88184],[135.27533,33.88536],[135.27518,33.88606],[135.27545,33.88775],[135.27574,33.88793],[135.27594,33.88794],[135.27758,33.88785],[135.2786,33.8879],[135.28051,33.88815],[135.28129,33.88807],[135.28212,33.88824],[135.28297,33.88873],[135.28344,33.88961],[135.2837,33.88992],[135.28483,33.89049],[135.28701,33.89148],[135.28808,33.89212],[135.28893,33.89232],[135.28957,33.89222],[135.29043,33.89208],[135.29205,33.89207],[135.29254,33.89196],[135.29354,33.8916],[135.29384,33.89163],[135.294,33.89164],[135.29585,33.89275],[135.29649,33.89253],[135.29707,33.89203],[135.29755,33.89186],[135.29808,33.89183],[135.29901,33.89198],[135.29905,33.89203],[135.29904,33.89236],[135.2992,33.89328],[135.29966,33.8941],[135.30071,33.89505],[135.30094,33.89568],[135.30136,33.89622],[135.3019,33.89646],[135.3025,33.89665],[135.30426,33.89757],[135.30548,33.89833],[135.30723,33.89889],[135.30886,33.89964],[135.30961,33.90005],[135.31007,33.90035],[135.31059,33.90036],[135.31072,33.9004],[135.31095,33.90053],[135.31096,33.90117],[135.31072,33.90164],[135.31051,33.9023],[135.31429,33.90438],[135.31485,33.90475],[135.31576,33.90489],[135.31666,33.90452],[135.31807,33.90462],[135.31927,33.90437],[135.32033,33.9044],[135.32136,33.90488],[135.32204,33.90454],[135.32362,33.9044],[135.3242,33.90431],[135.32522,33.90408],[135.32536,33.90413],[135.32608,33.90506],[135.32686,33.90601],[135.32715,33.90623],[135.32808,33.90631],[135.32855,33.90655],[135.32885,33.90672],[135.3289,33.90675],[135.32951,33.90869],[135.3301,33.90965],[135.33018,33.90968],[135.33126,33.90976],[135.33218,33.90989],[135.33323,33.91044],[135.33405,33.91166],[135.33504,33.91193],[135.33541,33.91232],[135.33649,33.91245],[135.33731,33.91237],[135.33931,33.91292],[135.34052,33.91292],[135.34135,33.91279],[135.34182,33.91267],[135.34281,33.91229],[135.34316,33.91243],[135.3446,33.91268],[135.34571,33.91307],[135.34597,33.91304],[135.34694,33.91273],[135.34733,33.91264],[135.34884,33.91288],[135.35002,33.91279],[135.35179,33.91321],[135.35318,33.91396],[135.35476,33.91456],[135.35567,33.91445],[135.35721,33.91454],[135.35841,33.91444],[135.35979,33.91463],[135.36241,33.91498],[135.36297,33.91503],[135.36352,33.91507],[135.36453,33.91521],[135.36518,33.91554],[135.36574,33.91583],[135.36808,33.9165],[135.36881,33.91654],[135.36977,33.9163],[135.37108,33.91636],[135.37339,33.91554],[135.37465,33.91552],[135.37578,33.91631],[135.37694,33.9169],[135.37794,33.91768],[135.37946,33.91903],[135.37989,33.91914],[135.38054,33.91795],[135.38142,33.9175],[135.38234,33.91679],[135.38324,33.91662],[135.38596,33.9169],[135.38756,33.91728],[135.39085,33.91689],[135.39271,33.91678],[135.3932,33.91689],[135.39356,33.91733],[135.39374,33.91755],[135.39382,33.91779],[135.39376,33.9182],[135.39364,33.91885],[135.3939,33.91987],[135.3939,33.91999],[135.39357,33.92033],[135.3934,33.92078],[135.3934,33.92101],[135.39348,33.92149],[135.39449,33.92264],[135.39618,33.92352],[135.39771,33.9247],[135.39805,33.92502],[135.39824,33.9253],[135.39829,33.92576],[135.39823,33.92621],[135.39782,33.92767],[135.39764,33.92918],[135.39765,33.92958],[135.39833,33.92987],[135.4001,33.93011],[135.40158,33.93063],[135.40288,33.93045],[135.40483,33.92982],[135.40553,33.92975],[135.40692,33.92984],[135.40857,33.9297],[135.41073,33.93016],[135.41151,33.9302],[135.41269,33.92983],[135.41511,33.93087],[135.41566,33.93128],[135.41724,33.93288],[135.41825,33.93353],[135.41855,33.93434],[135.41844,33.93596],[135.41799,33.93688],[135.41805,33.93808],[135.41851,33.93891],[135.41967,33.93965],[135.41982,33.94013],[135.41967,33.94075],[135.42007,33.94157],[135.42137,33.94287],[135.42262,33.94464],[135.42448,33.94609],[135.4257,33.94612],[135.42608,33.94559],[135.42916,33.94425],[135.43095,33.94442],[135.43318,33.94554],[135.4337,33.94503],[135.43256,33.94386],[135.4307,33.94123],[135.43088,33.94067],[135.43174,33.94006],[135.433,33.93992],[135.43444,33.94038],[135.43482,33.94168],[135.43542,33.94225],[135.43602,33.94242],[135.43852,33.94367],[135.4384,33.94446],[135.43853,33.94498],[135.43929,33.94571],[135.43951,33.94619],[135.44032,33.94669],[135.44061,33.9473],[135.44299,33.94636],[135.44366,33.94619],[135.44589,33.94629],[135.44707,33.946],[135.44822,33.94625],[135.44995,33.94595],[135.45111,33.94607],[135.45286,33.94594],[135.45449,33.94642],[135.45621,33.94608],[135.45783,33.94518],[135.45826,33.94447],[135.45856,33.94279],[135.45945,33.94169],[135.46098,33.94154],[135.46172,33.94104],[135.46221,33.94006],[135.4625,33.93817],[135.46266,33.9377],[135.46289,33.93752],[135.46457,33.93721],[135.46521,33.93683],[135.46626,33.93659],[135.46759,33.93606],[135.46854,33.9361],[135.47021,33.93685],[135.47205,33.93733],[135.47289,33.93826],[135.47288,33.93862],[135.47389,33.94017],[135.4749,33.94092],[135.47515,33.94139],[135.47626,33.94223],[135.47717,33.94196],[135.47776,33.94215],[135.47843,33.9421],[135.47923,33.9423],[135.47987,33.94277],[135.48192,33.94253],[135.48384,33.94075],[135.48472,33.9404],[135.48616,33.94035],[135.48851,33.94112],[135.49025,33.94306],[135.49121,33.94352],[135.4916,33.94343],[135.49289,33.94405],[135.49407,33.94449],[135.4952,33.94475],[135.49626,33.94574],[135.4974,33.94611],[135.49901,33.94581],[135.50056,33.94586],[135.50228,33.94669],[135.50376,33.94716],[135.50473,33.94764],[135.50508,33.948],[135.50591,33.94827],[135.5072,33.94953],[135.50788,33.95002],[135.50899,33.95035],[135.51002,33.95084],[135.51093,33.95098],[135.51306,33.95093],[135.51384,33.95117],[135.51598,33.95285],[135.51647,33.95296],[135.5195,33.95203],[135.52118,33.95174],[135.52207,33.95174],[135.52333,33.95215],[135.52386,33.95314],[135.52519,33.95377],[135.52601,33.95463],[135.52668,33.95491],[135.52921,33.95549],[135.53011,33.9558],[135.53152,33.95688],[135.53255,33.95818],[135.53357,33.9589],[135.53466,33.9593],[135.5356,33.95937],[135.53639,33.95971],[135.53774,33.95995],[135.53846,33.95997],[135.53994,33.96143],[135.54128,33.96209],[135.54182,33.96219],[135.54238,33.96281],[135.54283,33.96362],[135.54281,33.96417],[135.54343,33.96483],[135.54494,33.96597],[135.54499,33.9667],[135.54453,33.96789],[135.54482,33.96894],[135.54602,33.97006],[135.54677,33.97119],[135.54692,33.9719],[135.54771,33.97288],[135.54766,33.97349],[135.54659,33.97438],[135.54544,33.97514],[135.54502,33.97523],[135.54301,33.9762],[135.54249,33.97694],[135.54251,33.97829],[135.54305,33.97896],[135.54338,33.97979],[135.54329,33.98015],[135.54264,33.98091],[135.54188,33.9825],[135.5407,33.98465],[135.54069,33.98508],[135.54119,33.98559],[135.54128,33.9861],[135.53991,33.98828],[135.53934,33.98952],[135.53827,33.99083],[135.53743,33.99155],[135.53718,33.99215],[135.53737,33.99289],[135.53687,33.99409],[135.53404,33.99537],[135.53394,33.99585],[135.53303,33.99685],[135.53142,33.99717],[135.53013,33.9978],[135.52962,33.99901],[135.53081,34.00035],[135.53141,34.00123],[135.53231,34.00186],[135.53254,34.00221],[135.53311,34.00334],[135.53433,34.00383],[135.53467,34.00396],[135.53518,34.00431],[135.53567,34.00562],[135.53619,34.00618],[135.53664,34.00731],[135.5373,34.00792],[135.53738,34.00948],[135.53771,34.01034],[135.5384,34.01078],[135.5384,34.01114],[135.53792,34.01221],[135.53561,34.01273],[135.53478,34.01353],[135.5335,34.0158],[135.53353,34.01605],[135.5337,34.01656],[135.53352,34.01712],[135.53278,34.01812],[135.53164,34.0193],[135.531,34.01974],[135.53026,34.0198],[135.5298,34.01979],[135.5291,34.02045],[135.52891,34.02128],[135.52857,34.02213],[135.52825,34.02244],[135.52784,34.0226],[135.52641,34.02271],[135.52597,34.02298],[135.52349,34.0233],[135.52225,34.02329],[135.5215,34.02343],[135.52021,34.02343],[135.51959,34.02321],[135.51853,34.02315],[135.51612,34.02284],[135.51534,34.02294],[135.51452,34.02292],[135.51319,34.02253],[135.51261,34.02253],[135.5115,34.02298],[135.51038,34.02315],[135.50943,34.02365],[135.50849,34.0239],[135.50791,34.02425],[135.50781,34.02448],[135.50779,34.02481],[135.50834,34.02603],[135.50834,34.02661],[135.50779,34.02753],[135.50759,34.02874],[135.50765,34.03018],[135.50772,34.03272],[135.50755,34.03346],[135.50752,34.03392],[135.5076,34.0342],[135.50817,34.03539],[135.50829,34.0361],[135.50791,34.03672],[135.50717,34.03722],[135.50614,34.03743],[135.50505,34.03812],[135.50475,34.03876],[135.50472,34.03907],[135.50497,34.04203],[135.50351,34.04193],[135.50159,34.04253],[135.50018,34.0425],[135.49881,34.04305],[135.4987,34.04311],[135.49844,34.04268],[135.49826,34.04194],[135.49785,34.04139],[135.4972,34.03964],[135.49703,34.03935],[135.49667,34.03913],[135.49642,34.03898],[135.49603,34.03747],[135.49577,34.03708],[135.49494,34.03664],[135.49437,34.03595],[135.49299,34.03582],[135.49146,34.03546],[135.4907,34.03537],[135.4899,34.03517],[135.48967,34.03509],[135.48908,34.03495],[135.48693,34.03402],[135.48578,34.03382],[135.485,34.03405],[135.48429,34.0342],[135.48383,34.03408],[135.4821,34.03301],[135.48116,34.03246],[135.48021,34.03279],[135.4792,34.03268],[135.4777,34.03298],[135.47622,34.03218],[135.47472,34.03217],[135.47403,34.03194],[135.47302,34.032],[135.47166,34.03191],[135.47083,34.03198],[135.46985,34.0318],[135.46749,34.03161],[135.46588,34.03214],[135.46479,34.03236],[135.46412,34.03399],[135.46234,34.03519],[135.46189,34.0358],[135.46063,34.03694],[135.46002,34.03737],[135.45901,34.03837],[135.45823,34.0387],[135.45713,34.03887],[135.45628,34.03881],[135.45493,34.03969],[135.45355,34.03988],[135.45215,34.04078],[135.45118,34.04087],[135.4502,34.04034],[135.4483,34.03923],[135.44711,34.03858],[135.44675,34.03842],[135.44654,34.03836],[135.44625,34.03834],[135.44612,34.03834],[135.44586,34.03828],[135.4451,34.03779],[135.44395,34.03694],[135.4431,34.03598],[135.44222,34.03495],[135.44084,34.03439],[135.44018,34.0339],[135.43952,34.03317],[135.43834,34.03173],[135.43807,34.03146],[135.43719,34.03091],[135.43712,34.03087],[135.43664,34.03071],[135.43534,34.03061],[135.43354,34.03091],[135.43337,34.0309],[135.43155,34.03032],[135.43087,34.03036],[135.43072,34.03035],[135.43033,34.03009],[135.42972,34.02953],[135.42823,34.02912],[135.42748,34.02843],[135.42695,34.02761],[135.42676,34.02739],[135.42637,34.0272],[135.42581,34.02731],[135.42517,34.02757],[135.42401,34.02734],[135.42254,34.02728],[135.42195,34.02714],[135.42009,34.02729],[135.41892,34.0271],[135.41858,34.02708],[135.4173,34.02713],[135.41715,34.02677],[135.41695,34.02494],[135.41667,34.02461],[135.41598,34.02441],[135.41491,34.02367],[135.4137,34.02326],[135.41216,34.02253],[135.41156,34.02258],[135.41008,34.02182],[135.40891,34.02122],[135.40849,34.02084],[135.40755,34.02031],[135.40499,34.01974],[135.40352,34.01936],[135.40234,34.01904],[135.40211,34.01829],[135.40206,34.01801],[135.40203,34.01706],[135.40198,34.01698],[135.4015,34.01661],[135.40121,34.01534],[135.40094,34.01489],[135.40005,34.01484],[135.39891,34.01446],[135.39796,34.01328],[135.39785,34.01316],[135.39768,34.0128],[135.39505,34.01191],[135.39177,34.01011],[135.39152,34.01011],[135.39086,34.01037],[135.38889,34.01112],[135.38724,34.01137],[135.38619,34.01162],[135.38521,34.01164],[135.3848,34.01159],[135.3843,34.0115],[135.38273,34.01158],[135.38203,34.01212],[135.38128,34.01227],[135.38003,34.0121],[135.37871,34.01241],[135.37572,34.01196],[135.37479,34.0123],[135.37352,34.01267],[135.3724,34.0135],[135.37149,34.01371],[135.36995,34.01324],[135.3676,34.01303],[135.36681,34.01289],[135.36591,34.0114],[135.36544,34.0104],[135.36492,34.00983],[135.36426,34.00959],[135.3641,34.00864],[135.36426,34.00801],[135.36419,34.00786],[135.36269,34.00724],[135.36175,34.00705],[135.36052,34.00632],[135.36034,34.0051],[135.3592,34.00509],[135.35746,34.00492],[135.35589,34.00534],[135.35533,34.00568],[135.35437,34.00548],[135.35397,34.00518],[135.3534,34.00532],[135.35199,34.00511],[135.35094,34.00573],[135.35033,34.00555],[135.34764,34.00591],[135.34599,34.00513],[135.3457,34.00459],[135.34478,34.00488],[135.34336,34.00512],[135.34141,34.00482],[135.3401,34.0049],[135.33852,34.00528],[135.33817,34.00548],[135.33717,34.00546],[135.33592,34.00569],[135.33527,34.00598],[135.33465,34.00673],[135.33319,34.00725],[135.33235,34.00675],[135.33102,34.00679],[135.32927,34.00642],[135.32874,34.00705],[135.32767,34.00735],[135.32592,34.00825],[135.32465,34.00871],[135.32303,34.00859],[135.32144,34.00759],[135.32008,34.00714],[135.31963,34.00675],[135.3179,34.00722],[135.3167,34.00708],[135.31544,34.00722],[135.31465,34.00729],[135.31358,34.0077],[135.31324,34.00776],[135.31293,34.00764],[135.31262,34.00685],[135.31078,34.00526],[135.31056,34.00517],[135.30848,34.0052],[135.30796,34.00488],[135.30698,34.00469],[135.30607,34.00493],[135.30565,34.00482],[135.30515,34.00448],[135.30409,34.00427],[135.30336,34.00377],[135.30226,34.00357],[135.3017,34.00361],[135.30024,34.00418],[135.29877,34.00424],[135.29844,34.00438],[135.29664,34.00558],[135.2957,34.00598],[135.29468,34.00726],[135.29378,34.00654],[135.29259,34.00546],[135.29227,34.00468],[135.29183,34.00417],[135.29195,34.00346],[135.29158,34.00294],[135.29089,34.00219],[135.29069,34.00157],[135.29041,34.00148],[135.28969,34.00213],[135.28904,34.00237],[135.2884,34.00333],[135.28768,34.00366],[135.28671,34.00374],[135.28412,34.00429],[135.28318,34.0047],[135.28228,34.00445],[135.28178,34.00394],[135.28059,34.00441],[135.27927,34.00423],[135.27917,34.00423],[135.27821,34.00391],[135.27757,34.00353],[135.27741,34.00333],[135.27655,34.00285],[135.27629,34.00199],[135.27557,34.00098],[135.27509,34.00021],[135.27456,33.99992],[135.27371,33.99815],[135.27311,33.99764],[135.27207,33.99756],[135.27162,33.99739],[135.27121,33.99679],[135.27002,33.99626],[135.26955,33.99556],[135.26832,33.99549],[135.26791,33.99536],[135.26651,33.99436],[135.26599,33.99409],[135.2652,33.99325],[135.26439,33.99279],[135.26319,33.99257],[135.26256,33.99197],[135.2618,33.99137],[135.26095,33.99089],[135.26044,33.99039],[135.25932,33.98987],[135.25844,33.98863],[135.25834,33.98826],[135.25852,33.98709],[135.25842,33.98635],[135.25797,33.98572],[135.25784,33.98493],[135.25808,33.98337],[135.25785,33.98149],[135.25774,33.9807],[135.25685,33.97946],[135.25646,33.97923],[135.25636,33.97879],[135.25671,33.97768],[135.25679,33.9763],[135.25723,33.97552],[135.25784,33.97527],[135.25818,33.97513],[135.25913,33.97384],[135.25951,33.97375],[135.25915,33.97378],[135.25916,33.9727],[135.25903,33.97243],[135.25843,33.97175],[135.25785,33.97088],[135.25733,33.97057],[135.25653,33.96982],[135.25605,33.96928],[135.25539,33.96776],[135.25493,33.9673],[135.25478,33.96679],[135.25483,33.96537],[135.25466,33.96468],[135.25413,33.96381],[135.25339,33.96368],[135.25265,33.96354],[135.25156,33.96364],[135.25036,33.96358],[135.24956,33.96358],[135.24923,33.96307],[135.24848,33.96239],[135.24735,33.96176],[135.24711,33.96178],[135.24693,33.96166],[135.24619,33.96149],[135.24405,33.96025],[135.24304,33.9605],[135.2418,33.96052],[135.24104,33.96009],[135.24023,33.96004],[135.23998,33.96011],[135.23893,33.9602],[135.23854,33.96027],[135.23781,33.95988],[135.23705,33.95949],[135.23664,33.95886],[135.23625,33.95869],[135.23561,33.95802],[135.23543,33.95716],[135.23526,33.95659],[135.23535,33.95569],[135.23559,33.95501],[135.23595,33.95459],[135.23584,33.95415],[135.23486,33.95323],[135.23449,33.95284],[135.23368,33.95248],[135.23284,33.95123],[135.23273,33.95057],[135.23311,33.94989],[135.23303,33.94859],[135.23325,33.94793],[135.2329,33.94757],[135.23224,33.94784],[135.23119,33.94806],[135.23075,33.94799],[135.2292,33.94754],[135.22823,33.94755],[135.22707,33.94699],[135.2256,33.94765],[135.22426,33.94795],[135.22357,33.94823],[135.22323,33.95013],[135.22372,33.95069],[135.22364,33.95108],[135.2226,33.95254],[135.22193,33.95293],[135.22005,33.95256],[135.21922,33.95263],[135.21829,33.95301],[135.21748,33.95267],[135.21569,33.95234],[135.21474,33.95273],[135.21368,33.95228],[135.21254,33.95257],[135.21067,33.95227],[135.21002,33.95243],[135.20907,33.95235],[135.20738,33.95314],[135.20719,33.95387],[135.20659,33.95425]],[[135.32942,33.97788],[135.32945,33.97794],[135.3294,33.97776],[135.32942,33.97788]],[[135.35482,33.97779],[135.35508,33.97747],[135.35457,33.97777],[135.35482,33.97779]],[[135.34944,33.93957],[135.34978,33.94004],[135.34908,33.93865],[135.34944,33.93957]],[[135.37659,33.97203],[135.37609,33.97156],[135.37631,33.97194],[135.37659,33.97203]],[[135.36321,33.96711],[135.3639,33.96741],[135.36304,33.96697],[135.36321,33.96711]]]}},{"type":"Feature","properties":{"nm":"白浜町","b":[135.3297,33.5459,135.6679,33.7048],"c":[135.47238,33.63644]},"geometry":{"type":"MultiPolygon","coordinates":[[[[135.34245,33.68394],[135.34273,33.68402],[135.34351,33.68318],[135.34434,33.68174],[135.34436,33.68096],[135.34385,33.68019],[135.34339,33.6799],[135.3423,33.67989],[135.34329,33.67942],[135.34283,33.67795],[135.34166,33.67746],[135.34102,33.67682],[135.34063,33.67659],[135.33822,33.6766],[135.33713,33.67711],[135.33666,33.67698],[135.33676,33.67619],[135.33614,33.67603],[135.33636,33.67562],[135.33581,33.67519],[135.33516,33.67523],[135.33488,33.6748],[135.3343,33.67459],[135.33494,33.67413],[135.33488,33.67376],[135.33356,33.67367],[135.33219,33.67386],[135.33231,33.67341],[135.33326,33.67273],[135.33209,33.67296],[135.33142,33.67264],[135.33153,33.67232],[135.33119,33.67168],[135.32989,33.67138],[135.33007,33.6708],[135.32969,33.67062],[135.32975,33.67021],[135.33031,33.67029],[135.3309,33.67008],[135.332,33.67016],[135.33188,33.66988],[135.33077,33.66968],[135.3306,33.66941],[135.33127,33.66892],[135.33155,33.66834],[135.33108,33.66786],[135.33044,33.6678],[135.33067,33.66726],[135.33151,33.66711],[135.3316,33.66682],[135.33254,33.66689],[135.33202,33.66664],[135.33196,33.66629],[135.33259,33.66598],[135.33432,33.6662],[135.33519,33.66594],[135.33571,33.66534],[135.33591,33.66462],[135.33552,33.66438],[135.33646,33.66412],[135.33625,33.66393],[135.3368,33.66366],[135.33785,33.66356],[135.3393,33.66366],[135.33992,33.66389],[135.33907,33.66321],[135.3389,33.66192],[135.33922,33.66143],[135.34032,33.66161],[135.34024,33.66138],[135.34095,33.66087],[135.34182,33.66095],[135.34203,33.66054],[135.34142,33.66007],[135.34251,33.65954],[135.34279,33.65867],[135.34346,33.65841],[135.34415,33.65879],[135.34484,33.65877],[135.34541,33.65839],[135.34618,33.6584],[135.3471,33.65799],[135.34767,33.65746],[135.34744,33.65717],[135.34869,33.65714],[135.34947,33.65659],[135.3502,33.65655],[135.35022,33.657],[135.35075,33.65704],[135.35046,33.65665],[135.3509,33.65646],[135.3513,33.65668],[135.35214,33.65594],[135.35253,33.65531],[135.35249,33.65494],[135.35166,33.65481],[135.35233,33.65422],[135.35354,33.65458],[135.35338,33.65481],[135.35414,33.65518],[135.35482,33.65528],[135.35532,33.65523],[135.35671,33.6544],[135.35673,33.65398],[135.35739,33.65381],[135.35796,33.65397],[135.35889,33.65366],[135.35995,33.65374],[135.36038,33.65356],[135.36046,33.65393],[135.3619,33.65336],[135.36267,33.65332],[135.36218,33.65382],[135.36307,33.65392],[135.36315,33.6542],[135.36268,33.65492],[135.36291,33.65508],[135.36263,33.65561],[135.36309,33.65594],[135.36424,33.65583],[135.36518,33.65484],[135.36575,33.65373],[135.36738,33.65236],[135.36928,33.65221],[135.36932,33.652],[135.3709,33.65197],[135.37185,33.65224],[135.3742,33.65264],[135.37487,33.65257],[135.37569,33.65203],[135.37641,33.65182],[135.3774,33.65317],[135.37805,33.65288],[135.37835,33.65226],[135.37805,33.65189],[135.37737,33.65209],[135.37683,33.65145],[135.37758,33.65116],[135.3778,33.65053],[135.3786,33.65002],[135.37859,33.65042],[135.37906,33.65028],[135.37886,33.6498],[135.37914,33.6495],[135.3797,33.65028],[135.37952,33.65094],[135.38015,33.65136],[135.38074,33.65144],[135.38192,33.6511],[135.38263,33.6506],[135.38332,33.64983],[135.38343,33.64874],[135.3833,33.64773],[135.38279,33.6475],[135.383,33.64708],[135.38255,33.64711],[135.38287,33.64666],[135.38396,33.64658],[135.38373,33.64697],[135.38478,33.64714],[135.38642,33.64664],[135.38855,33.64527],[135.39119,33.64324],[135.39198,33.64243],[135.3928,33.64116],[135.39321,33.64015],[135.39324,33.63932],[135.3929,33.63849],[135.39318,33.63776],[135.39325,33.6372],[135.39286,33.63711],[135.39144,33.63729],[135.39158,33.63673],[135.39058,33.63682],[135.39108,33.63652],[135.39269,33.63604],[135.39284,33.63537],[135.39263,33.63511],[135.39301,33.63417],[135.39127,33.63323],[135.39104,33.63241],[135.39147,33.63244],[135.39123,33.63171],[135.39198,33.63126],[135.39233,33.63142],[135.39268,33.63049],[135.393,33.6305],[135.39344,33.62972],[135.39421,33.63011],[135.39468,33.62831],[135.39401,33.62821],[135.39331,33.62744],[135.3936,33.62713],[135.39423,33.62747],[135.39472,33.62734],[135.3958,33.62782],[135.39583,33.6284],[135.39515,33.62916],[135.39531,33.63001],[135.39584,33.63042],[135.39649,33.63126],[135.39707,33.63132],[135.39859,33.63114],[135.39913,33.63127],[135.39902,33.63242],[135.39958,33.63136],[135.3992,33.63077],[135.39856,33.63058],[135.39758,33.6306],[135.39691,33.63028],[135.3968,33.62959],[135.39739,33.62862],[135.39774,33.62775],[135.39752,33.62718],[135.3965,33.6269],[135.39587,33.62645],[135.39634,33.62543],[135.39735,33.625],[135.39709,33.62463],[135.39661,33.62466],[135.39574,33.62516],[135.39436,33.62541],[135.39448,33.62415],[135.39353,33.62382],[135.39411,33.62326],[135.39378,33.6223],[135.39339,33.62253],[135.39333,33.62198],[135.39209,33.62163],[135.39208,33.62115],[135.39139,33.62105],[135.39092,33.62132],[135.38999,33.62131],[135.3902,33.6211],[135.39001,33.62073],[135.39124,33.61953],[135.39094,33.61898],[135.38995,33.61915],[135.38949,33.61872],[135.39003,33.61829],[135.39015,33.61747],[135.39212,33.61723],[135.39238,33.61681],[135.3922,33.61644],[135.39309,33.61664],[135.39407,33.61734],[135.39414,33.61801],[135.39548,33.61841],[135.39604,33.61844],[135.39704,33.61771],[135.39755,33.61702],[135.39746,33.61648],[135.39774,33.61604],[135.39744,33.61537],[135.39659,33.61477],[135.39597,33.61488],[135.39528,33.6146],[135.3947,33.61359],[135.39317,33.61422],[135.3927,33.61395],[135.39308,33.61339],[135.39275,33.61267],[135.39198,33.61203],[135.39188,33.61121],[135.39232,33.61093],[135.39185,33.61032],[135.39249,33.61065],[135.39354,33.61011],[135.39372,33.6093],[135.39307,33.60811],[135.39206,33.60777],[135.39066,33.6084],[135.38834,33.60843],[135.38813,33.60812],[135.38957,33.6067],[135.38888,33.60594],[135.38879,33.60496],[135.38762,33.60489],[135.38807,33.60438],[135.38965,33.6044],[135.38977,33.60372],[135.3889,33.6035],[135.38859,33.60367],[135.38838,33.60315],[135.38804,33.60364],[135.38764,33.60347],[135.38757,33.60278],[135.38721,33.6022],[135.38741,33.60151],[135.38674,33.60139],[135.38605,33.60009],[135.38635,33.5999],[135.38698,33.60003],[135.38726,33.60047],[135.38753,33.60023],[135.38687,33.5996],[135.38687,33.59918],[135.38729,33.59958],[135.38878,33.59956],[135.39,33.59901],[135.39037,33.59848],[135.39,33.59812],[135.39116,33.59776],[135.39228,33.59789],[135.39246,33.59812],[135.39298,33.59783],[135.39136,33.59709],[135.38998,33.59708],[135.38938,33.59645],[135.38938,33.59605],[135.39094,33.59643],[135.39196,33.59627],[135.39135,33.59588],[135.39019,33.59563],[135.39021,33.59463],[135.39092,33.59441],[135.39225,33.59531],[135.39243,33.59504],[135.39022,33.59361],[135.39033,33.59315],[135.39121,33.59338],[135.39103,33.5929],[135.39253,33.59308],[135.39395,33.59275],[135.39395,33.59245],[135.39153,33.59193],[135.39176,33.59112],[135.39216,33.59089],[135.39221,33.59001],[135.39344,33.58857],[135.39376,33.58845],[135.39453,33.58879],[135.39535,33.58871],[135.39498,33.5883],[135.39544,33.58819],[135.39643,33.58889],[135.39652,33.5883],[135.39535,33.58771],[135.39584,33.58631],[135.39604,33.58611],[135.39817,33.58571],[135.39785,33.58548],[135.39897,33.5852],[135.39962,33.58435],[135.40017,33.5842],[135.40086,33.58508],[135.40147,33.58529],[135.40139,33.58603],[135.40191,33.58656],[135.40185,33.587],[135.40324,33.5875],[135.40316,33.58826],[135.40366,33.5896],[135.40511,33.59034],[135.40386,33.58941],[135.40392,33.58843],[135.40412,33.58828],[135.40386,33.5864],[135.4036,33.58634],[135.40356,33.58568],[135.40402,33.58579],[135.40463,33.58528],[135.40453,33.58474],[135.40392,33.58359],[135.40321,33.58276],[135.40311,33.58187],[135.40347,33.58134],[135.40348,33.58068],[135.40398,33.5812],[135.40423,33.58101],[135.40493,33.58122],[135.40553,33.58127],[135.406,33.58163],[135.40627,33.58129],[135.406,33.58085],[135.40485,33.57975],[135.40505,33.5797],[135.4044,33.57863],[135.40507,33.57865],[135.40705,33.57796],[135.40832,33.57813],[135.40791,33.57713],[135.40865,33.57611],[135.40951,33.57558],[135.41019,33.57569],[135.41064,33.57611],[135.41108,33.57704],[135.41192,33.57727],[135.41216,33.57641],[135.41206,33.57593],[135.41277,33.57571],[135.41322,33.57649],[135.41407,33.57746],[135.41384,33.5781],[135.41534,33.5786],[135.41564,33.57919],[135.41666,33.5786],[135.41705,33.57927],[135.41672,33.58018],[135.41718,33.58118],[135.41807,33.58024],[135.41772,33.57805],[135.41744,33.57779],[135.41677,33.57651],[135.41758,33.57649],[135.41752,33.57611],[135.41871,33.57555],[135.41833,33.57479],[135.41833,33.57388],[135.41865,33.57349],[135.41907,33.57374],[135.41949,33.57357],[135.41949,33.57293],[135.41895,33.57218],[135.41823,33.57218],[135.41823,33.57168],[135.41891,33.5716],[135.41871,33.57124],[135.41915,33.57096],[135.41949,33.57118],[135.4202,33.57246],[135.42042,33.57313],[135.42075,33.57221],[135.42069,33.57177],[135.42025,33.57149],[135.42014,33.57085],[135.41939,33.5701],[135.41949,33.56929],[135.41984,33.56888],[135.42014,33.56919],[135.42045,33.57027],[135.42097,33.56974],[135.421,33.57038],[135.42141,33.57038],[135.42208,33.57126],[135.42219,33.57197],[135.42249,33.5724],[135.42283,33.57096],[135.42359,33.57074],[135.42393,33.57144],[135.42536,33.57146],[135.42536,33.5708],[135.42608,33.57057],[135.42652,33.56966],[135.42686,33.56955],[135.42686,33.57052],[135.42788,33.57074],[135.42856,33.57065],[135.42972,33.57014],[135.43081,33.56938],[135.43136,33.56882],[135.43163,33.56775],[135.43128,33.5673],[135.43088,33.56757],[135.4304,33.5668],[135.43084,33.5663],[135.43191,33.56663],[135.43265,33.56754],[135.43316,33.56771],[135.43415,33.56768],[135.43811,33.56624],[135.4397,33.56549],[135.44043,33.56527],[135.44196,33.56427],[135.44216,33.56342],[135.44321,33.56318],[135.44414,33.5626],[135.44588,33.56066],[135.44619,33.56098],[135.44646,33.56216],[135.4468,33.56251],[135.44717,33.56358],[135.44783,33.56498],[135.44832,33.56672],[135.44805,33.56713],[135.44896,33.56835],[135.45107,33.56941],[135.45159,33.56869],[135.44994,33.56753],[135.44875,33.5644],[135.44939,33.56332],[135.44985,33.56332],[135.45034,33.56369],[135.45136,33.56401],[135.45331,33.56508],[135.45401,33.56588],[135.45445,33.56521],[135.45392,33.56475],[135.4516,33.56335],[135.45085,33.56241],[135.45037,33.56214],[135.45003,33.56125],[135.44899,33.56011],[135.44725,33.55923],[135.44616,33.55883],[135.44484,33.55923],[135.44442,33.55908],[135.44387,33.55838],[135.44428,33.55807],[135.44417,33.55766],[135.44516,33.55682],[135.44516,33.55627],[135.44638,33.55688],[135.44696,33.55658],[135.44802,33.55691],[135.44867,33.55693],[135.44898,33.55658],[135.4487,33.55536],[135.44732,33.55465],[135.44771,33.55433],[135.44713,33.55324],[135.44735,33.5526],[135.44696,33.55135],[135.44635,33.55055],[135.44622,33.55002],[135.44666,33.5495],[135.44782,33.54929],[135.44983,33.54991],[135.45064,33.54997],[135.4511,33.54958],[135.45133,33.54846],[135.45198,33.54852],[135.45287,33.54894],[135.45324,33.54982],[135.45372,33.54988],[135.45417,33.55038],[135.45461,33.55043],[135.4571,33.55269],[135.45803,33.55311],[135.4589,33.55321],[135.45929,33.55301],[135.45986,33.55227],[135.45995,33.55168],[135.45923,33.55043],[135.45914,33.54988],[135.45981,33.54989],[135.45961,33.54913],[135.46013,33.54875],[135.45948,33.5481],[135.45856,33.54661],[135.4587,33.54597],[135.45914,33.54594],[135.45981,33.5465],[135.45992,33.54727],[135.46033,33.54688],[135.46074,33.54764],[135.46218,33.54841],[135.46243,33.54869],[135.46379,33.54931],[135.4653,33.54987],[135.46721,33.5508],[135.46813,33.55133],[135.46891,33.5518],[135.46974,33.5526],[135.47014,33.55393],[135.46996,33.55488],[135.46999,33.55554],[135.47069,33.55584],[135.47127,33.5564],[135.47127,33.55696],[135.47158,33.55736],[135.47142,33.55809],[135.47183,33.55873],[135.47274,33.5592],[135.47335,33.55988],[135.47327,33.56099],[135.47506,33.56147],[135.47585,33.56306],[135.47591,33.56342],[135.47548,33.56495],[135.47499,33.56568],[135.47489,33.56644],[135.47546,33.56701],[135.47568,33.5681],[135.47572,33.56829],[135.47718,33.56857],[135.47845,33.56941],[135.47988,33.57014],[135.48037,33.57059],[135.48104,33.57067],[135.48156,33.57148],[135.48091,33.57255],[135.48122,33.57345],[135.4827,33.57405],[135.48333,33.57451],[135.4836,33.57632],[135.4832,33.57703],[135.48354,33.57765],[135.48354,33.57844],[135.48441,33.57942],[135.48471,33.57991],[135.48693,33.58117],[135.48745,33.58226],[135.48828,33.58237],[135.489,33.58273],[135.48937,33.58302],[135.48953,33.58341],[135.48977,33.58402],[135.49036,33.58437],[135.49091,33.58568],[135.49083,33.58671],[135.49037,33.58739],[135.49029,33.58801],[135.48944,33.5889],[135.48846,33.58939],[135.48824,33.58981],[135.48843,33.59125],[135.48759,33.59188],[135.48704,33.59246],[135.48693,33.59291],[135.48728,33.59371],[135.48765,33.59417],[135.48728,33.59483],[135.48675,33.59577],[135.4862,33.59703],[135.48657,33.59775],[135.48805,33.59881],[135.48907,33.59954],[135.4903,33.59964],[135.49073,33.59984],[135.49085,33.60028],[135.4906,33.60162],[135.49129,33.6024],[135.49138,33.60268],[135.49293,33.60484],[135.49338,33.6052],[135.4972,33.60599],[135.49791,33.60674],[135.49884,33.6071],[135.50019,33.60818],[135.50054,33.60976],[135.50115,33.61087],[135.50216,33.61168],[135.50316,33.61205],[135.5041,33.61266],[135.50489,33.61228],[135.50592,33.6111],[135.50672,33.61086],[135.50701,33.61103],[135.50823,33.61217],[135.5091,33.61257],[135.51259,33.61191],[135.51385,33.6103],[135.51454,33.60998],[135.51712,33.60909],[135.51748,33.60909],[135.52107,33.60993],[135.52262,33.60953],[135.52401,33.60955],[135.52428,33.60919],[135.52522,33.60876],[135.52714,33.60838],[135.5281,33.60856],[135.52782,33.60998],[135.52813,33.61157],[135.52869,33.61261],[135.52987,33.61416],[135.53068,33.61468],[135.53129,33.61548],[135.53122,33.6166],[135.53142,33.61736],[135.53109,33.61754],[135.53014,33.61715],[135.52865,33.61681],[135.52851,33.61632],[135.52816,33.61654],[135.52794,33.61828],[135.52835,33.61988],[135.52864,33.62043],[135.52883,33.62153],[135.52932,33.62207],[135.52992,33.62447],[135.53138,33.62464],[135.53238,33.62513],[135.53441,33.6255],[135.53516,33.62551],[135.53621,33.6247],[135.53714,33.62577],[135.53778,33.62611],[135.5392,33.62639],[135.53987,33.62735],[135.54148,33.62853],[135.54287,33.63015],[135.54329,33.63085],[135.54287,33.63172],[135.54291,33.63229],[135.54238,33.63287],[135.54208,33.63368],[135.54237,33.63484],[135.54279,33.63531],[135.54364,33.6358],[135.54475,33.63594],[135.54561,33.63548],[135.54692,33.63499],[135.54739,33.63515],[135.54941,33.63506],[135.54991,33.6346],[135.55039,33.63382],[135.55098,33.63365],[135.553,33.63348],[135.5536,33.63365],[135.55522,33.63454],[135.55616,33.63549],[135.55706,33.63559],[135.5576,33.63597],[135.55879,33.63609],[135.55938,33.63599],[135.55985,33.63548],[135.56024,33.63449],[135.56143,33.6341],[135.5622,33.63409],[135.56351,33.63476],[135.56496,33.63526],[135.56587,33.63581],[135.56781,33.63571],[135.56851,33.63431],[135.56986,33.63304],[135.5702,33.63249],[135.57343,33.63264],[135.57801,33.63003],[135.57865,33.63045],[135.57962,33.63024],[135.58062,33.63075],[135.58242,33.63047],[135.58433,33.63066],[135.58507,33.63108],[135.58578,33.63073],[135.58855,33.62931],[135.59009,33.62922],[135.59115,33.6297],[135.5937,33.62933],[135.5944,33.62836],[135.59495,33.6282],[135.59715,33.62714],[135.59885,33.62786],[135.5993,33.62876],[135.60162,33.62947],[135.60239,33.63033],[135.60261,33.63127],[135.60375,33.63147],[135.60462,33.63235],[135.60589,33.63314],[135.60628,33.63326],[135.6069,33.63302],[135.6078,33.63332],[135.61034,33.63318],[135.61246,33.63129],[135.61266,33.63098],[135.61406,33.62996],[135.61427,33.6293],[135.61422,33.62839],[135.61371,33.62694],[135.61356,33.6259],[135.61372,33.62548],[135.61444,33.62475],[135.61514,33.62447],[135.61664,33.62431],[135.6173,33.62345],[135.61695,33.62243],[135.61754,33.62177],[135.6176,33.62108],[135.6182,33.62026],[135.61892,33.61997],[135.61992,33.62003],[135.62133,33.61994],[135.6222,33.62013],[135.62296,33.62039],[135.62424,33.62127],[135.6256,33.62256],[135.62801,33.62292],[135.6296,33.62297],[135.63196,33.62237],[135.63298,33.62171],[135.63384,33.62149],[135.63443,33.62161],[135.63474,33.62094],[135.63553,33.62066],[135.63632,33.62066],[135.63913,33.62116],[135.63966,33.62134],[135.64045,33.62202],[135.64102,33.62224],[135.64205,33.62297],[135.64366,33.62307],[135.64392,33.624],[135.64387,33.62483],[135.64327,33.62591],[135.6429,33.62658],[135.64243,33.62676],[135.64145,33.62765],[135.64123,33.62865],[135.64091,33.62878],[135.64068,33.62885],[135.64037,33.62994],[135.64002,33.63042],[135.64003,33.63081],[135.64074,33.63163],[135.64076,33.63206],[135.64049,33.63292],[135.64097,33.63365],[135.6417,33.63415],[135.64168,33.63524],[135.64182,33.63537],[135.64336,33.63546],[135.64474,33.63536],[135.64651,33.63628],[135.64753,33.63664],[135.6482,33.63734],[135.64934,33.6374],[135.64982,33.63721],[135.65174,33.63776],[135.65281,33.63775],[135.65432,33.63828],[135.65475,33.63829],[135.65625,33.63887],[135.65698,33.63971],[135.65725,33.64068],[135.65771,33.64137],[135.65843,33.64208],[135.6594,33.64273],[135.66094,33.64426],[135.66162,33.64526],[135.6623,33.64626],[135.66335,33.64684],[135.6646,33.64771],[135.66558,33.64785],[135.6661,33.64846],[135.66683,33.64888],[135.66723,33.64918],[135.66783,33.64986],[135.66788,33.65057],[135.66745,33.65137],[135.66703,33.65293],[135.66664,33.65341],[135.66647,33.65351],[135.66508,33.65346],[135.66314,33.65437],[135.66218,33.65526],[135.66171,33.65558],[135.66058,33.65562],[135.65891,33.65653],[135.65764,33.65665],[135.65491,33.65596],[135.65372,33.65514],[135.65359,33.65413],[135.65309,33.65294],[135.65291,33.65215],[135.65245,33.65149],[135.65159,33.65075],[135.65112,33.65011],[135.65086,33.6489],[135.64951,33.64897],[135.64855,33.64938],[135.64708,33.64934],[135.64627,33.64915],[135.64383,33.64934],[135.64295,33.649],[135.64257,33.64836],[135.64128,33.64799],[135.63988,33.64816],[135.63937,33.64793],[135.63839,33.64715],[135.63741,33.64526],[135.63595,33.64477],[135.63436,33.64469],[135.6333,33.64447],[135.63158,33.64463],[135.63104,33.6451],[135.63045,33.64656],[135.63008,33.6469],[135.62853,33.64924],[135.62834,33.64973],[135.62888,33.65118],[135.6284,33.65165],[135.62714,33.65237],[135.62677,33.65232],[135.62592,33.65154],[135.62314,33.65122],[135.62221,33.65084],[135.62059,33.65093],[135.62014,33.65066],[135.61916,33.64932],[135.61864,33.64919],[135.61683,33.64913],[135.6158,33.64994],[135.61372,33.64976],[135.61326,33.64993],[135.61291,33.64986],[135.6114,33.64854],[135.6099,33.64797],[135.60771,33.64599],[135.60609,33.64537],[135.60521,33.64448],[135.60446,33.64424],[135.60379,33.64436],[135.60282,33.64506],[135.60206,33.64526],[135.59969,33.6448],[135.59917,33.64492],[135.59836,33.64562],[135.59741,33.64692],[135.59675,33.64747],[135.59527,33.64912],[135.5948,33.64946],[135.59348,33.65008],[135.59276,33.65022],[135.59192,33.65001],[135.59117,33.65072],[135.58924,33.6508],[135.5885,33.65121],[135.58832,33.65242],[135.58784,33.65352],[135.58656,33.65558],[135.5864,33.65618],[135.58565,33.65737],[135.58482,33.6578],[135.5826,33.6582],[135.5816,33.65893],[135.58043,33.65916],[135.57942,33.66028],[135.57849,33.66071],[135.57727,33.6601],[135.57643,33.66017],[135.57564,33.65984],[135.57437,33.6596],[135.57316,33.6589],[135.57286,33.65814],[135.57137,33.65777],[135.56919,33.65801],[135.56781,33.6576],[135.56653,33.65694],[135.56484,33.65662],[135.56415,33.65635],[135.56351,33.65633],[135.56182,33.65655],[135.56132,33.65672],[135.56,33.6563],[135.55881,33.65656],[135.55803,33.65627],[135.55737,33.65636],[135.55602,33.65687],[135.55403,33.6569],[135.55277,33.65679],[135.55201,33.65752],[135.55191,33.65762],[135.55158,33.65784],[135.5505,33.65806],[135.55035,33.65912],[135.55072,33.66028],[135.55115,33.66059],[135.5518,33.66107],[135.55412,33.66129],[135.55513,33.66181],[135.55572,33.66242],[135.55586,33.66354],[135.55537,33.66475],[135.55562,33.66658],[135.5554,33.6675],[135.55546,33.66823],[135.55605,33.6693],[135.55664,33.67006],[135.55661,33.67058],[135.55693,33.6714],[135.55616,33.67252],[135.55625,33.67404],[135.5566,33.6746],[135.55675,33.67562],[135.55635,33.67592],[135.55588,33.67705],[135.55641,33.67829],[135.55614,33.67888],[135.5552,33.67955],[135.5546,33.68061],[135.55311,33.68154],[135.55228,33.68175],[135.55177,33.68213],[135.55132,33.68288],[135.55141,33.68376],[135.55035,33.68485],[135.55008,33.68603],[135.54954,33.68641],[135.54871,33.68664],[135.54735,33.68769],[135.54684,33.689],[135.54643,33.68964],[135.54639,33.69028],[135.54629,33.69092],[135.54583,33.69129],[135.545,33.69155],[135.5442,33.69136],[135.54341,33.69027],[135.54182,33.68967],[135.54103,33.68957],[135.54041,33.68986],[135.53884,33.69028],[135.5376,33.69128],[135.53654,33.69145],[135.53524,33.69184],[135.5349,33.69191],[135.53252,33.69189],[135.53103,33.69166],[135.53011,33.69181],[135.52871,33.69085],[135.52773,33.69059],[135.52559,33.6907],[135.52449,33.69056],[135.52407,33.69091],[135.52335,33.69229],[135.5233,33.69272],[135.52376,33.69369],[135.5233,33.69537],[135.52413,33.69656],[135.52422,33.69758],[135.52319,33.69923],[135.5223,33.70108],[135.52224,33.70183],[135.52181,33.70279],[135.5216,33.70407],[135.52095,33.70483],[135.51999,33.70429],[135.51882,33.70342],[135.51712,33.70346],[135.51651,33.70281],[135.51359,33.70138],[135.51238,33.70118],[135.5118,33.70084],[135.51154,33.70009],[135.51136,33.6989],[135.51128,33.69757],[135.51144,33.69695],[135.51191,33.69587],[135.51164,33.69551],[135.5086,33.69457],[135.50816,33.69391],[135.5081,33.69296],[135.50778,33.69119],[135.50745,33.69015],[135.50701,33.68963],[135.50624,33.68937],[135.50506,33.68843],[135.50112,33.68689],[135.4997,33.68609],[135.49872,33.68497],[135.49722,33.68356],[135.49631,33.68309],[135.49595,33.6821],[135.49621,33.68156],[135.49699,33.68096],[135.4976,33.68006],[135.49832,33.67961],[135.49839,33.67948],[135.49821,33.67824],[135.49833,33.67764],[135.49885,33.67673],[135.49885,33.67634],[135.49803,33.67545],[135.49777,33.67495],[135.49763,33.67413],[135.49781,33.6734],[135.49777,33.67252],[135.49902,33.67019],[135.49969,33.66913],[135.4997,33.66877],[135.49897,33.66737],[135.49868,33.66726],[135.49744,33.6672],[135.49684,33.66725],[135.49576,33.66725],[135.49467,33.66742],[135.49386,33.66683],[135.49334,33.66683],[135.49238,33.66749],[135.49154,33.66736],[135.49073,33.66767],[135.48991,33.66745],[135.48928,33.6678],[135.48884,33.66791],[135.48797,33.6686],[135.48756,33.66929],[135.48722,33.66944],[135.487,33.66948],[135.48515,33.66835],[135.4841,33.66793],[135.48332,33.66746],[135.48199,33.66777],[135.4815,33.66774],[135.4799,33.6684],[135.47909,33.66852],[135.47834,33.66829],[135.47746,33.66866],[135.47716,33.66861],[135.47624,33.66774],[135.47511,33.66727],[135.47436,33.66674],[135.47278,33.66674],[135.47121,33.66733],[135.47049,33.66791],[135.4693,33.66812],[135.46851,33.6679],[135.46782,33.66791],[135.46675,33.66885],[135.46629,33.66987],[135.46532,33.67059],[135.46498,33.67109],[135.46505,33.67164],[135.46466,33.67221],[135.4639,33.6724],[135.46231,33.67248],[135.46062,33.6741],[135.45975,33.67527],[135.45895,33.67564],[135.45716,33.67586],[135.45549,33.67531],[135.45457,33.67583],[135.45385,33.67586],[135.45266,33.67511],[135.44904,33.67528],[135.44725,33.67469],[135.44674,33.67411],[135.4465,33.67316],[135.44589,33.67303],[135.44447,33.6731],[135.44374,33.67346],[135.44256,33.67438],[135.44075,33.67402],[135.44026,33.67415],[135.43967,33.67499],[135.43814,33.67663],[135.4369,33.67706],[135.43617,33.67758],[135.43347,33.67771],[135.43281,33.67809],[135.43248,33.6786],[135.43117,33.67931],[135.42986,33.67938],[135.42754,33.68151],[135.42452,33.6834],[135.42238,33.68351],[135.42157,33.68372],[135.42085,33.68419],[135.41996,33.68453],[135.41878,33.68475],[135.41863,33.68558],[135.41896,33.68649],[135.41845,33.68771],[135.41757,33.68747],[135.41659,33.68693],[135.41373,33.68484],[135.4117,33.68292],[135.41061,33.68199],[135.40855,33.67978],[135.40732,33.67804],[135.40645,33.67596],[135.40503,33.67631],[135.40483,33.67712],[135.40516,33.67796],[135.40516,33.67976],[135.40467,33.68054],[135.40398,33.68067],[135.40325,33.68114],[135.40265,33.68121],[135.40172,33.68029],[135.40061,33.68077],[135.40026,33.68119],[135.40023,33.68202],[135.39908,33.68278],[135.39891,33.68302],[135.39886,33.68336],[135.39884,33.68363],[135.39954,33.68422],[135.40027,33.68459],[135.40044,33.68486],[135.40087,33.68499],[135.40142,33.68536],[135.40118,33.68597],[135.4005,33.68654],[135.39983,33.68673],[135.39876,33.68659],[135.39847,33.68632],[135.39686,33.68708],[135.39617,33.68639],[135.39575,33.68642],[135.3946,33.68595],[135.39335,33.68638],[135.39223,33.68576],[135.39158,33.68557],[135.38981,33.68564],[135.38936,33.68609],[135.38757,33.68573],[135.38683,33.6869],[135.38614,33.68866],[135.38393,33.68984],[135.38302,33.69082],[135.38288,33.6912],[135.38204,33.69096],[135.38127,33.69167],[135.38114,33.691],[135.38037,33.69104],[135.38057,33.6905],[135.37987,33.69078],[135.37998,33.69028],[135.37923,33.68997],[135.37874,33.69012],[135.37774,33.68999],[135.37696,33.69029],[135.37643,33.69024],[135.37564,33.69073],[135.37561,33.69034],[135.37508,33.69045],[135.37465,33.68978],[135.37337,33.68967],[135.37338,33.6901],[135.37296,33.69012],[135.37254,33.68969],[135.37301,33.68901],[135.37453,33.68641],[135.37475,33.68649],[135.37527,33.68541],[135.376,33.68466],[135.37603,33.68409],[135.37681,33.68346],[135.37817,33.68341],[135.37788,33.68273],[135.37671,33.68244],[135.37604,33.68282],[135.37474,33.68428],[135.37389,33.68467],[135.37327,33.68476],[135.37272,33.68539],[135.37176,33.6861],[135.37161,33.68557],[135.37129,33.68568],[135.37059,33.68502],[135.37034,33.68508],[135.36974,33.68622],[135.36928,33.68613],[135.36659,33.68602],[135.36681,33.68683],[135.36767,33.6873],[135.36744,33.6888],[135.36711,33.68907],[135.36673,33.68854],[135.36635,33.68901],[135.36671,33.68804],[135.36649,33.68771],[135.36578,33.68741],[135.36536,33.68799],[135.36491,33.6876],[135.36529,33.68724],[135.36498,33.68683],[135.36457,33.68692],[135.364,33.68754],[135.3638,33.68693],[135.36443,33.68652],[135.36524,33.68627],[135.36635,33.68623],[135.36622,33.6857],[135.36655,33.6854],[135.36651,33.68494],[135.36756,33.68404],[135.36732,33.6834],[135.36636,33.68292],[135.36547,33.68419],[135.36523,33.68389],[135.36557,33.68352],[135.36494,33.68307],[135.36422,33.68281],[135.36449,33.6821],[135.36385,33.68219],[135.36343,33.68288],[135.36302,33.68258],[135.36319,33.68214],[135.36395,33.68165],[135.36463,33.68153],[135.36449,33.68124],[135.36351,33.68106],[135.36297,33.68135],[135.36302,33.68092],[135.36453,33.68084],[135.36529,33.68052],[135.36539,33.67974],[135.36369,33.6794],[135.36355,33.67969],[135.36239,33.67951],[135.36129,33.67964],[135.36086,33.68016],[135.3605,33.67955],[135.35898,33.68006],[135.35984,33.68116],[135.35998,33.68188],[135.36062,33.68293],[135.36026,33.68377],[135.36044,33.68461],[135.36097,33.68492],[135.36152,33.68486],[135.36119,33.68587],[135.36089,33.68568],[135.35945,33.68604],[135.36,33.68559],[135.36009,33.68518],[135.35966,33.68491],[135.35933,33.68525],[135.35919,33.68485],[135.35971,33.68449],[135.36032,33.68444],[135.35927,33.68397],[135.35809,33.68478],[135.35734,33.68485],[135.35746,33.68437],[135.35698,33.68406],[135.35731,33.68375],[135.35656,33.68353],[135.35694,33.68321],[135.35648,33.68309],[135.35623,33.68203],[135.35544,33.68251],[135.35556,33.68296],[135.35452,33.6833],[135.3535,33.68311],[135.35393,33.68368],[135.35483,33.68413],[135.35535,33.68467],[135.355,33.68537],[135.35501,33.68568],[135.35623,33.68604],[135.35616,33.68662],[135.35717,33.68686],[135.35944,33.68813],[135.35932,33.68863],[135.35801,33.68931],[135.35767,33.68925],[135.35552,33.68783],[135.35512,33.68749],[135.35493,33.68875],[135.3559,33.68943],[135.35577,33.69214],[135.3575,33.69333],[135.35613,33.69504],[135.35621,33.69533],[135.35562,33.69544],[135.3546,33.69473],[135.35369,33.6951],[135.35385,33.6945],[135.35307,33.69392],[135.35269,33.69399],[135.3525,33.69331],[135.35207,33.69324],[135.35152,33.69383],[135.35125,33.6933],[135.35019,33.69349],[135.34926,33.69453],[135.34732,33.69376],[135.34634,33.69348],[135.34598,33.6935],[135.34521,33.69405],[135.3439,33.69434],[135.34333,33.69474],[135.34323,33.69391],[135.34199,33.69347],[135.34125,33.69382],[135.34111,33.69419],[135.33998,33.69399],[135.3391,33.69368],[135.33829,33.6937],[135.33601,33.69482],[135.33521,33.69372],[135.33446,33.69326],[135.33309,33.69319],[135.33275,33.69275],[135.33356,33.69274],[135.33382,33.6918],[135.3346,33.69215],[135.3342,33.69238],[135.33517,33.69266],[135.33596,33.69243],[135.33642,33.69196],[135.3381,33.69224],[135.33917,33.69195],[135.33939,33.69146],[135.33906,33.69071],[135.33957,33.69026],[135.34168,33.69012],[135.34202,33.68975],[135.34171,33.68902],[135.34386,33.68881],[135.344,33.68852],[135.34442,33.68885],[135.34482,33.68861],[135.34518,33.68816],[135.34492,33.68758],[135.34382,33.68648],[135.3416,33.68606],[135.34122,33.68545],[135.34123,33.68491],[135.34058,33.68402],[135.34171,33.68378],[135.34245,33.68394]],[[135.36945,33.669],[135.36946,33.66937],[135.36984,33.66949],[135.36945,33.669]],[[135.55311,33.64877],[135.55323,33.6485],[135.55323,33.64824],[135.55311,33.64877]]],[[[135.33554,33.69656],[135.33501,33.69651],[135.33484,33.69617],[135.33536,33.69582],[135.33554,33.69656]]],[[[135.33669,33.69035],[135.33616,33.69032],[135.33643,33.68995],[135.33589,33.68947],[135.33637,33.68934],[135.33669,33.69035]]],[[[135.33191,33.69442],[135.3313,33.69409],[135.33192,33.69409],[135.33232,33.69322],[135.33252,33.69372],[135.33307,33.69354],[135.33342,33.69374],[135.33267,33.69383],[135.33191,33.69442]]],[[[135.33486,33.69749],[135.33482,33.6971],[135.33567,33.69679],[135.33566,33.69708],[135.33486,33.69749]]],[[[135.33156,33.67456],[135.33158,33.67406],[135.33216,33.67429],[135.33156,33.67456]]],[[[135.33453,33.66559],[135.33438,33.66557],[135.33466,33.6654],[135.33453,33.66559]]],[[[135.33064,33.66928],[135.33035,33.66946],[135.33023,33.66933],[135.33064,33.66928]]],[[[135.33688,33.66355],[135.33696,33.66336],[135.3384,33.66327],[135.33812,33.66352],[135.33688,33.66355]]],[[[135.33853,33.66312],[135.3375,33.6628],[135.33785,33.66236],[135.33845,33.66209],[135.33853,33.66312]]],[[[135.36481,33.69722],[135.3642,33.69724],[135.3634,33.697],[135.36279,33.69715],[135.36338,33.69577],[135.36326,33.6949],[135.36388,33.69479],[135.36384,33.69555],[135.36416,33.69601],[135.36434,33.69698],[135.3654,33.69703],[135.36481,33.69722]]],[[[135.37227,33.69211],[135.37222,33.69098],[135.373,33.69104],[135.37305,33.69146],[135.37227,33.69211]]],[[[135.38145,33.64767],[135.38109,33.64788],[135.38054,33.64769],[135.38077,33.64741],[135.38145,33.64767]]],[[[135.39085,33.63148],[135.39068,33.63126],[135.39091,33.63119],[135.39085,33.63148]]],[[[135.38972,33.63566],[135.38993,33.63494],[135.39024,33.635],[135.38972,33.63566]]],[[[135.39158,33.59006],[135.39134,33.59054],[135.391,33.59026],[135.39158,33.59006]]],[[[135.39885,33.58478],[135.39832,33.58466],[135.39804,33.58431],[135.39902,33.58431],[135.39885,33.58478]]],[[[135.39295,33.58839],[135.39293,33.58886],[135.39242,33.58901],[135.39247,33.58858],[135.39295,33.58839]]],[[[135.4429,33.55625],[135.44334,33.55678],[135.4429,33.55689],[135.44236,33.55662],[135.4429,33.55625]]]]}},{"type":"Feature","properties":{"nm":"上富田町","b":[135.3967,33.6667,135.5119,33.7684],"c":[135.45722,33.70629]},"geometry":{"type":"Polygon","coordinates":[[[135.41049,33.71121],[135.41047,33.71089],[135.41043,33.71015],[135.41035,33.70952],[135.40966,33.70843],[135.40959,33.70735],[135.40824,33.70677],[135.40661,33.70686],[135.40663,33.70622],[135.40638,33.70594],[135.40618,33.70538],[135.4057,33.70509],[135.40571,33.70461],[135.40502,33.70306],[135.40413,33.70275],[135.40306,33.70312],[135.40309,33.70297],[135.40308,33.70284],[135.40299,33.70273],[135.403,33.7024],[135.40288,33.70212],[135.40255,33.70192],[135.40246,33.7018],[135.40248,33.7015],[135.40264,33.70127],[135.40274,33.70122],[135.4024,33.70046],[135.40204,33.70048],[135.40165,33.70028],[135.40189,33.70012],[135.40155,33.69892],[135.40141,33.69894],[135.40163,33.69872],[135.402,33.69861],[135.40209,33.69821],[135.40189,33.69812],[135.40189,33.69804],[135.40201,33.69799],[135.40211,33.69792],[135.40215,33.6977],[135.40233,33.69711],[135.40244,33.69686],[135.40288,33.69658],[135.40283,33.69641],[135.40289,33.69629],[135.40307,33.69622],[135.40305,33.696],[135.40305,33.69593],[135.40322,33.69562],[135.40333,33.69555],[135.40342,33.69544],[135.40346,33.69536],[135.40344,33.69508],[135.40343,33.69487],[135.403,33.69443],[135.40276,33.69458],[135.40259,33.69471],[135.40236,33.69471],[135.40206,33.69433],[135.40181,33.69432],[135.40163,33.69423],[135.40154,33.69402],[135.40149,33.69381],[135.40144,33.69375],[135.4012,33.69371],[135.40089,33.69345],[135.40068,33.69344],[135.40018,33.69346],[135.4,33.69345],[135.39981,33.693],[135.3996,33.69274],[135.39961,33.69263],[135.39964,33.69244],[135.39977,33.69221],[135.39965,33.6919],[135.39955,33.69147],[135.39969,33.69128],[135.39988,33.69111],[135.39969,33.6906],[135.39836,33.68992],[135.39673,33.68848],[135.39686,33.68708],[135.39847,33.68632],[135.39876,33.68659],[135.39983,33.68673],[135.4005,33.68654],[135.40118,33.68597],[135.40142,33.68536],[135.40087,33.68499],[135.40044,33.68486],[135.40027,33.68459],[135.39954,33.68422],[135.39884,33.68363],[135.39886,33.68336],[135.39891,33.68302],[135.39908,33.68278],[135.40023,33.68202],[135.40026,33.68119],[135.40061,33.68077],[135.40172,33.68029],[135.40265,33.68121],[135.40325,33.68114],[135.40398,33.68067],[135.40467,33.68054],[135.40516,33.67976],[135.40516,33.67796],[135.40483,33.67712],[135.40503,33.67631],[135.40645,33.67596],[135.40732,33.67804],[135.40855,33.67978],[135.41061,33.68199],[135.4117,33.68292],[135.41373,33.68484],[135.41659,33.68693],[135.41757,33.68747],[135.41845,33.68771],[135.41896,33.68649],[135.41863,33.68558],[135.41878,33.68475],[135.41996,33.68453],[135.42085,33.68419],[135.42157,33.68372],[135.42238,33.68351],[135.42452,33.6834],[135.42754,33.68151],[135.42986,33.67938],[135.43117,33.67931],[135.43248,33.6786],[135.43281,33.67809],[135.43347,33.67771],[135.43617,33.67758],[135.4369,33.67706],[135.43814,33.67663],[135.43967,33.67499],[135.44026,33.67415],[135.44075,33.67402],[135.44256,33.67438],[135.44374,33.67346],[135.44447,33.6731],[135.44589,33.67303],[135.4465,33.67316],[135.44674,33.67411],[135.44725,33.67469],[135.44904,33.67528],[135.45266,33.67511],[135.45385,33.67586],[135.45457,33.67583],[135.45549,33.67531],[135.45716,33.67586],[135.45895,33.67564],[135.45975,33.67527],[135.46062,33.6741],[135.46231,33.67248],[135.4639,33.6724],[135.46466,33.67221],[135.46505,33.67164],[135.46498,33.67109],[135.46532,33.67059],[135.46629,33.66987],[135.46675,33.66885],[135.46782,33.66791],[135.46851,33.6679],[135.4693,33.66812],[135.47049,33.66791],[135.47121,33.66733],[135.47278,33.66674],[135.47436,33.66674],[135.47511,33.66727],[135.47624,33.66774],[135.47716,33.66861],[135.47746,33.66866],[135.47834,33.66829],[135.47909,33.66852],[135.4799,33.6684],[135.4815,33.66774],[135.48199,33.66777],[135.48332,33.66746],[135.4841,33.66793],[135.48515,33.66835],[135.487,33.66948],[135.48722,33.66944],[135.48756,33.66929],[135.48797,33.6686],[135.48884,33.66791],[135.48928,33.6678],[135.48991,33.66745],[135.49073,33.66767],[135.49154,33.66736],[135.49238,33.66749],[135.49334,33.66683],[135.49386,33.66683],[135.49467,33.66742],[135.49576,33.66725],[135.49684,33.66725],[135.49744,33.6672],[135.49868,33.66726],[135.49897,33.66737],[135.4997,33.66877],[135.49969,33.66913],[135.49902,33.67019],[135.49777,33.67252],[135.49781,33.6734],[135.49763,33.67413],[135.49777,33.67495],[135.49803,33.67545],[135.49885,33.67634],[135.49885,33.67673],[135.49833,33.67764],[135.49821,33.67824],[135.49839,33.67948],[135.49832,33.67961],[135.4976,33.68006],[135.49699,33.68096],[135.49621,33.68156],[135.49595,33.6821],[135.49631,33.68309],[135.49722,33.68356],[135.49872,33.68497],[135.4997,33.68609],[135.50112,33.68689],[135.50506,33.68843],[135.50624,33.68937],[135.50701,33.68963],[135.50745,33.69015],[135.50778,33.69119],[135.5081,33.69296],[135.50816,33.69391],[135.5086,33.69457],[135.51164,33.69551],[135.51191,33.69587],[135.51144,33.69695],[135.51128,33.69757],[135.51136,33.6989],[135.51154,33.70009],[135.5118,33.70084],[135.5107,33.70114],[135.50942,33.70178],[135.50884,33.70304],[135.50806,33.70393],[135.50774,33.70408],[135.50737,33.70448],[135.50666,33.70469],[135.50574,33.70511],[135.50511,33.70514],[135.50421,33.70466],[135.50387,33.70443],[135.50348,33.70414],[135.50079,33.70321],[135.49996,33.70254],[135.49954,33.70241],[135.4987,33.70263],[135.49758,33.70213],[135.49716,33.70208],[135.49649,33.70188],[135.49554,33.70139],[135.49354,33.70151],[135.49304,33.70165],[135.49223,33.70229],[135.49162,33.70306],[135.491,33.70428],[135.49081,33.7045],[135.48918,33.7055],[135.48794,33.70584],[135.48675,33.70713],[135.48583,33.7081],[135.48561,33.70882],[135.48508,33.70957],[135.4836,33.71089],[135.48293,33.71173],[135.48221,33.71332],[135.48193,33.71357],[135.48159,33.7137],[135.4805,33.71355],[135.48005,33.7138],[135.47954,33.71456],[135.47831,33.71608],[135.47833,33.71705],[135.47835,33.71739],[135.47853,33.71758],[135.48018,33.71761],[135.48107,33.71779],[135.48173,33.71857],[135.48205,33.71929],[135.48249,33.72044],[135.48253,33.72138],[135.48254,33.72188],[135.48246,33.72331],[135.48246,33.72378],[135.48122,33.72383],[135.48117,33.7249],[135.48067,33.72486],[135.47912,33.72481],[135.47923,33.7254],[135.4788,33.72587],[135.47877,33.72668],[135.47781,33.72741],[135.47717,33.7287],[135.47665,33.72889],[135.4766,33.72896],[135.47684,33.72903],[135.47703,33.72934],[135.47716,33.72954],[135.47725,33.72977],[135.47768,33.73021],[135.47806,33.73061],[135.47856,33.73124],[135.47861,33.73177],[135.47958,33.73256],[135.47962,33.73267],[135.47975,33.73397],[135.48079,33.73517],[135.48156,33.73571],[135.48195,33.7371],[135.48196,33.73737],[135.48243,33.73858],[135.48287,33.73934],[135.48375,33.74042],[135.48387,33.74119],[135.48384,33.74273],[135.48416,33.74322],[135.48608,33.7443],[135.48701,33.74532],[135.48701,33.74567],[135.48652,33.74652],[135.48663,33.74687],[135.48605,33.74755],[135.48598,33.74812],[135.48638,33.749],[135.48647,33.74982],[135.48713,33.75132],[135.48538,33.75312],[135.48501,33.75387],[135.48491,33.75402],[135.48419,33.75447],[135.48391,33.75492],[135.48356,33.75514],[135.4817,33.75583],[135.4816,33.75635],[135.48016,33.7578],[135.4798,33.75816],[135.48016,33.75913],[135.47994,33.75947],[135.47851,33.76035],[135.47839,33.76067],[135.4775,33.76139],[135.47612,33.76282],[135.47485,33.76601],[135.47404,33.76641],[135.47224,33.76694],[135.4718,33.76757],[135.47128,33.76815],[135.47051,33.76837],[135.46932,33.76818],[135.46913,33.76801],[135.46826,33.76513],[135.46806,33.76377],[135.46766,33.76301],[135.46767,33.76257],[135.46775,33.76237],[135.46774,33.76207],[135.46763,33.76185],[135.46747,33.7611],[135.46743,33.76087],[135.46702,33.7601],[135.4669,33.75989],[135.46648,33.75958],[135.46588,33.7588],[135.46571,33.75849],[135.46541,33.75801],[135.46559,33.75747],[135.46561,33.75712],[135.46518,33.75684],[135.46504,33.75671],[135.4646,33.75602],[135.46457,33.75594],[135.46453,33.75568],[135.46455,33.75559],[135.46481,33.75499],[135.46503,33.75446],[135.46517,33.75423],[135.46522,33.75418],[135.46576,33.75361],[135.46592,33.75352],[135.46611,33.75341],[135.46633,33.75318],[135.4665,33.75257],[135.46628,33.75201],[135.4662,33.75191],[135.46607,33.75148],[135.46598,33.75133],[135.46569,33.75091],[135.46559,33.75068],[135.46554,33.75026],[135.46558,33.74997],[135.46574,33.74935],[135.4657,33.7492],[135.46558,33.74886],[135.46531,33.74806],[135.46398,33.74838],[135.46283,33.7492],[135.46274,33.7493],[135.46251,33.74949],[135.46223,33.74963],[135.46185,33.74963],[135.46137,33.74928],[135.46108,33.74863],[135.46055,33.74803],[135.4601,33.74708],[135.45935,33.74684],[135.45811,33.74722],[135.45647,33.74704],[135.45549,33.74645],[135.4547,33.74685],[135.45377,33.74696],[135.45271,33.74634],[135.45112,33.74455],[135.45043,33.74429],[135.45031,33.74391],[135.44837,33.74427],[135.44734,33.74396],[135.44696,33.7441],[135.44592,33.74405],[135.44505,33.74426],[135.44405,33.74405],[135.4439,33.74351],[135.44405,33.74284],[135.44204,33.74178],[135.44147,33.74128],[135.44073,33.74125],[135.44034,33.74093],[135.43993,33.73998],[135.43989,33.73901],[135.43969,33.73891],[135.4398,33.73779],[135.44033,33.73726],[135.44042,33.73642],[135.43984,33.736],[135.44003,33.73546],[135.43886,33.73515],[135.43671,33.73408],[135.43651,33.73368],[135.43661,33.73314],[135.43697,33.73285],[135.43694,33.73127],[135.43643,33.73078],[135.43605,33.7297],[135.43486,33.72934],[135.43297,33.73001],[135.4325,33.72974],[135.43208,33.72902],[135.43115,33.72846],[135.43119,33.72801],[135.43158,33.72771],[135.43268,33.72755],[135.43357,33.7266],[135.43431,33.72515],[135.43421,33.72441],[135.43332,33.72363],[135.43247,33.72344],[135.43226,33.72314],[135.43162,33.72324],[135.43079,33.72303],[135.42981,33.72244],[135.42953,33.72167],[135.4298,33.72113],[135.42924,33.721],[135.42822,33.72033],[135.42742,33.72027],[135.42684,33.72081],[135.42643,33.72082],[135.42541,33.72012],[135.42496,33.71899],[135.42454,33.71849],[135.42472,33.71775],[135.42425,33.71693],[135.42325,33.71645],[135.42251,33.71546],[135.42216,33.71456],[135.42185,33.71437],[135.42129,33.71337],[135.42054,33.71325],[135.41947,33.71351],[135.41816,33.71338],[135.41763,33.71403],[135.41602,33.71435],[135.41524,33.71427],[135.41478,33.71317],[135.41417,33.7131],[135.41194,33.71168],[135.41169,33.71133],[135.41021,33.71178],[135.41049,33.71121]]]}},{"type":"Feature","properties":{"nm":"すさみ町","b":[135.4622,33.4981,135.6682,33.6361],"c":[135.57049,33.57167]},"geometry":{"type":"MultiPolygon","coordinates":[[[[135.54497,33.51919],[135.54469,33.51931],[135.54388,33.51846],[135.54428,33.51836],[135.54482,33.51863],[135.54497,33.51919]]],[[[135.53717,33.51928],[135.53685,33.51971],[135.53638,33.51955],[135.5365,33.51919],[135.53717,33.51928]]],[[[135.54547,33.51876],[135.54698,33.51805],[135.54719,33.5175],[135.5471,33.51653],[135.54647,33.51653],[135.54728,33.51601],[135.54815,33.5162],[135.54843,33.51587],[135.54893,33.5162],[135.54942,33.51579],[135.54978,33.51624],[135.55052,33.51639],[135.55151,33.51631],[135.5527,33.51572],[135.55488,33.51554],[135.55573,33.51613],[135.5566,33.51642],[135.55738,33.51646],[135.55833,33.51587],[135.55952,33.51457],[135.56005,33.51416],[135.56115,33.51443],[135.56129,33.51491],[135.56306,33.51538],[135.56379,33.51531],[135.5642,33.51479],[135.56469,33.51472],[135.5657,33.51498],[135.56547,33.51524],[135.56593,33.51583],[135.56733,33.51665],[135.56806,33.5166],[135.56965,33.51735],[135.57073,33.51691],[135.57188,33.51669],[135.57288,33.5159],[135.57388,33.51579],[135.57479,33.51542],[135.57519,33.51468],[135.57583,33.51283],[135.57661,33.51213],[135.57668,33.51154],[135.57644,33.51082],[135.577,33.51083],[135.57719,33.51144],[135.57801,33.51153],[135.57883,33.51123],[135.57925,33.51057],[135.57915,33.51013],[135.57861,33.51024],[135.57815,33.5099],[135.57842,33.50961],[135.57847,33.50836],[135.57829,33.50735],[135.5787,33.50712],[135.58001,33.50709],[135.5806,33.50742],[135.58088,33.50791],[135.58192,33.50798],[135.5826,33.50757],[135.58292,33.50813],[135.58338,33.50827],[135.5843,33.50803],[135.58506,33.50784],[135.58556,33.50705],[135.58701,33.50658],[135.58752,33.50579],[135.58779,33.50439],[135.58851,33.50339],[135.58887,33.50247],[135.58979,33.50268],[135.58996,33.50244],[135.58874,33.50082],[135.5913,33.49847],[135.59217,33.49874],[135.59217,33.4983],[135.59263,33.49808],[135.5933,33.49912],[135.59339,33.50055],[135.59298,33.50129],[135.59215,33.50197],[135.5906,33.50258],[135.59042,33.50321],[135.59064,33.50365],[135.59028,33.50472],[135.59006,33.50602],[135.59028,33.50687],[135.59106,33.50742],[135.59287,33.50672],[135.59347,33.50672],[135.59473,33.50598],[135.5951,33.50598],[135.59505,33.50642],[135.59606,33.50721],[135.59664,33.50691],[135.59733,33.50579],[135.5979,33.50534],[135.5981,33.50484],[135.59896,33.50476],[135.60019,33.50412],[135.60074,33.50412],[135.60061,33.50453],[135.60119,33.50421],[135.60192,33.50473],[135.60196,33.50531],[135.60238,33.50568],[135.60283,33.50705],[135.60247,33.50746],[135.60306,33.50809],[135.60369,33.50813],[135.60378,33.50846],[135.60456,33.50928],[135.60651,33.50954],[135.60706,33.50928],[135.60769,33.50839],[135.60805,33.5085],[135.60964,33.50735],[135.60955,33.50705],[135.61019,33.50654],[135.61051,33.50602],[135.61101,33.50649],[135.61055,33.50687],[135.61115,33.50694],[135.61124,33.50798],[135.61173,33.5085],[135.61232,33.50836],[135.61296,33.50757],[135.61383,33.50732],[135.61483,33.50661],[135.61519,33.50672],[135.61655,33.50602],[135.61715,33.50613],[135.61802,33.50539],[135.61864,33.50527],[135.61878,33.50473],[135.61815,33.50417],[135.61827,33.50398],[135.61924,33.50387],[135.61982,33.50339],[135.62101,33.50328],[135.62174,33.50306],[135.6222,33.50321],[135.62328,33.50301],[135.62481,33.50235],[135.62627,33.50306],[135.62696,33.5026],[135.62731,33.50295],[135.62633,33.50391],[135.62668,33.50403],[135.6272,33.50468],[135.62748,33.50576],[135.62867,33.50628],[135.62863,33.50682],[135.62816,33.50786],[135.62859,33.5088],[135.62938,33.50913],[135.63015,33.50903],[135.63079,33.50861],[135.63069,33.50818],[135.63161,33.50701],[135.63233,33.50734],[135.63285,33.50728],[135.63404,33.50643],[135.63431,33.50682],[135.63455,33.50643],[135.6348,33.50689],[135.63543,33.50647],[135.63599,33.50774],[135.63612,33.50887],[135.63666,33.50991],[135.63687,33.51091],[135.63633,33.5117],[135.63666,33.51365],[135.63599,33.51435],[135.63654,33.51516],[135.63654,33.51587],[135.6371,33.51673],[135.6385,33.51783],[135.63869,33.51999],[135.63848,33.52113],[135.63855,33.52202],[135.63794,33.52322],[135.63767,33.52399],[135.63708,33.52424],[135.63613,33.52413],[135.63554,33.52426],[135.63393,33.52535],[135.63077,33.52691],[135.62939,33.52808],[135.62841,33.52855],[135.62722,33.52852],[135.6254,33.52917],[135.62457,33.52967],[135.6229,33.52957],[135.62221,33.52993],[135.6217,33.5303],[135.622,33.53091],[135.62249,33.53153],[135.62259,33.53234],[135.62308,33.53279],[135.62388,33.53236],[135.62541,33.53234],[135.62633,33.53264],[135.62684,33.53329],[135.62765,33.53385],[135.62779,33.53465],[135.62787,33.53502],[135.62874,33.53588],[135.62941,33.53621],[135.63049,33.5365],[135.63095,33.53707],[135.63117,33.53814],[135.63209,33.53913],[135.63337,33.5395],[135.63375,33.53968],[135.63542,33.54104],[135.63637,33.542],[135.63672,33.54253],[135.63685,33.54331],[135.63655,33.54402],[135.63658,33.54471],[135.6362,33.54606],[135.63552,33.54685],[135.63611,33.54682],[135.63779,33.54522],[135.63929,33.54453],[135.63979,33.54464],[135.63966,33.54518],[135.63878,33.54634],[135.6385,33.54731],[135.63772,33.54812],[135.63731,33.54809],[135.63635,33.54842],[135.63645,33.54912],[135.63803,33.54887],[135.63827,33.54919],[135.63803,33.54985],[135.63902,33.55004],[135.64073,33.55035],[135.64097,33.54971],[135.64184,33.54953],[135.64312,33.54942],[135.64274,33.55029],[135.64145,33.55227],[135.64116,33.553],[135.64088,33.55352],[135.63996,33.55399],[135.6395,33.55413],[135.63832,33.5551],[135.63801,33.55509],[135.63692,33.55431],[135.63581,33.55378],[135.63494,33.5537],[135.63457,33.5536],[135.63332,33.55405],[135.63185,33.5539],[135.63106,33.55338],[135.63007,33.55358],[135.62952,33.55371],[135.62921,33.55384],[135.6286,33.55547],[135.62855,33.55611],[135.62912,33.55741],[135.62882,33.55848],[135.62836,33.55909],[135.62805,33.56031],[135.62815,33.56094],[135.62894,33.56215],[135.6287,33.56317],[135.62873,33.56454],[135.62864,33.5654],[135.62842,33.56589],[135.62824,33.56607],[135.62752,33.56696],[135.62707,33.56733],[135.62699,33.56789],[135.62751,33.56876],[135.62834,33.56936],[135.62879,33.57004],[135.62938,33.57053],[135.63093,33.57138],[135.63198,33.57259],[135.63153,33.57312],[135.63077,33.57385],[135.62995,33.57624],[135.63014,33.57709],[135.63032,33.57783],[135.63161,33.5796],[135.63411,33.57986],[135.63504,33.57964],[135.63683,33.57988],[135.6376,33.57986],[135.63906,33.57946],[135.64051,33.57941],[135.64112,33.57957],[135.64207,33.5787],[135.64294,33.57848],[135.64342,33.57817],[135.64461,33.57816],[135.64501,33.57801],[135.64584,33.57723],[135.6464,33.57628],[135.64744,33.57601],[135.64833,33.57616],[135.64899,33.57648],[135.651,33.57605],[135.65167,33.57575],[135.65254,33.57573],[135.65378,33.57597],[135.65458,33.57615],[135.65528,33.57583],[135.65615,33.57667],[135.6573,33.57686],[135.65859,33.57667],[135.65986,33.57581],[135.66023,33.57569],[135.66071,33.57596],[135.66075,33.57729],[135.661,33.5777],[135.6615,33.57787],[135.66179,33.57822],[135.66268,33.57997],[135.66218,33.5807],[135.66238,33.58143],[135.66239,33.58257],[135.66162,33.5843],[135.66177,33.58494],[135.66152,33.58537],[135.66192,33.58624],[135.66193,33.58772],[135.66215,33.58963],[135.66373,33.59184],[135.66409,33.59189],[135.66463,33.59161],[135.6648,33.59128],[135.66466,33.59045],[135.66413,33.58955],[135.66407,33.58908],[135.66691,33.58971],[135.6677,33.58971],[135.66818,33.59151],[135.66766,33.59226],[135.66741,33.5933],[135.66696,33.59445],[135.66632,33.59512],[135.66549,33.59562],[135.6643,33.5961],[135.66366,33.59697],[135.66232,33.59744],[135.66126,33.59764],[135.66062,33.59795],[135.65983,33.59912],[135.65824,33.60189],[135.65789,33.60301],[135.65759,33.60371],[135.65696,33.60438],[135.65667,33.60526],[135.65578,33.60597],[135.65524,33.60729],[135.65521,33.60756],[135.65492,33.60892],[135.65344,33.61135],[135.65253,33.61211],[135.65136,33.61292],[135.64975,33.61521],[135.64943,33.61655],[135.64882,33.61752],[135.6483,33.61815],[135.64799,33.61947],[135.64765,33.61984],[135.64726,33.62102],[135.64673,33.62132],[135.64608,33.622],[135.64366,33.62307],[135.64205,33.62297],[135.64102,33.62224],[135.64045,33.62202],[135.63966,33.62134],[135.63913,33.62116],[135.63632,33.62066],[135.63553,33.62066],[135.63474,33.62094],[135.63443,33.62161],[135.63384,33.62149],[135.63298,33.62171],[135.63196,33.62237],[135.6296,33.62297],[135.62801,33.62292],[135.6256,33.62256],[135.62424,33.62127],[135.62296,33.62039],[135.6222,33.62013],[135.62133,33.61994],[135.61992,33.62003],[135.61892,33.61997],[135.6182,33.62026],[135.6176,33.62108],[135.61754,33.62177],[135.61695,33.62243],[135.6173,33.62345],[135.61664,33.62431],[135.61514,33.62447],[135.61444,33.62475],[135.61372,33.62548],[135.61356,33.6259],[135.61371,33.62694],[135.61422,33.62839],[135.61427,33.6293],[135.61406,33.62996],[135.61266,33.63098],[135.61246,33.63129],[135.61034,33.63318],[135.6078,33.63332],[135.6069,33.63302],[135.60628,33.63326],[135.60589,33.63314],[135.60462,33.63235],[135.60375,33.63147],[135.60261,33.63127],[135.60239,33.63033],[135.60162,33.62947],[135.5993,33.62876],[135.59885,33.62786],[135.59715,33.62714],[135.59495,33.6282],[135.5944,33.62836],[135.5937,33.62933],[135.59115,33.6297],[135.59009,33.62922],[135.58855,33.62931],[135.58578,33.63073],[135.58507,33.63108],[135.58433,33.63066],[135.58242,33.63047],[135.58062,33.63075],[135.57962,33.63024],[135.57865,33.63045],[135.57801,33.63003],[135.57343,33.63264],[135.5702,33.63249],[135.56986,33.63304],[135.56851,33.63431],[135.56781,33.63571],[135.56587,33.63581],[135.56496,33.63526],[135.56351,33.63476],[135.5622,33.63409],[135.56143,33.6341],[135.56024,33.63449],[135.55985,33.63548],[135.55938,33.63599],[135.55879,33.63609],[135.5576,33.63597],[135.55706,33.63559],[135.55616,33.63549],[135.55522,33.63454],[135.5536,33.63365],[135.553,33.63348],[135.55098,33.63365],[135.55039,33.63382],[135.54991,33.6346],[135.54941,33.63506],[135.54739,33.63515],[135.54692,33.63499],[135.54561,33.63548],[135.54475,33.63594],[135.54364,33.6358],[135.54279,33.63531],[135.54237,33.63484],[135.54208,33.63368],[135.54238,33.63287],[135.54291,33.63229],[135.54287,33.63172],[135.54329,33.63085],[135.54287,33.63015],[135.54148,33.62853],[135.53987,33.62735],[135.5392,33.62639],[135.53778,33.62611],[135.53714,33.62577],[135.53621,33.6247],[135.53516,33.62551],[135.53441,33.6255],[135.53238,33.62513],[135.53138,33.62464],[135.52992,33.62447],[135.52932,33.62207],[135.52883,33.62153],[135.52864,33.62043],[135.52835,33.61988],[135.52794,33.61828],[135.52816,33.61654],[135.52851,33.61632],[135.52865,33.61681],[135.53014,33.61715],[135.53109,33.61754],[135.53142,33.61736],[135.53122,33.6166],[135.53129,33.61548],[135.53068,33.61468],[135.52987,33.61416],[135.52869,33.61261],[135.52813,33.61157],[135.52782,33.60998],[135.5281,33.60856],[135.52714,33.60838],[135.52522,33.60876],[135.52428,33.60919],[135.52401,33.60955],[135.52262,33.60953],[135.52107,33.60993],[135.51748,33.60909],[135.51712,33.60909],[135.51454,33.60998],[135.51385,33.6103],[135.51259,33.61191],[135.5091,33.61257],[135.50823,33.61217],[135.50701,33.61103],[135.50672,33.61086],[135.50592,33.6111],[135.50489,33.61228],[135.5041,33.61266],[135.50316,33.61205],[135.50216,33.61168],[135.50115,33.61087],[135.50054,33.60976],[135.50019,33.60818],[135.49884,33.6071],[135.49791,33.60674],[135.4972,33.60599],[135.49338,33.6052],[135.49293,33.60484],[135.49138,33.60268],[135.49129,33.6024],[135.4906,33.60162],[135.49085,33.60028],[135.49073,33.59984],[135.4903,33.59964],[135.48907,33.59954],[135.48805,33.59881],[135.48657,33.59775],[135.4862,33.59703],[135.48675,33.59577],[135.48728,33.59483],[135.48765,33.59417],[135.48728,33.59371],[135.48693,33.59291],[135.48704,33.59246],[135.48759,33.59188],[135.48843,33.59125],[135.48824,33.58981],[135.48846,33.58939],[135.48944,33.5889],[135.49029,33.58801],[135.49037,33.58739],[135.49083,33.58671],[135.49091,33.58568],[135.49036,33.58437],[135.48977,33.58402],[135.48953,33.58341],[135.48937,33.58302],[135.489,33.58273],[135.48828,33.58237],[135.48745,33.58226],[135.48693,33.58117],[135.48471,33.57991],[135.48441,33.57942],[135.48354,33.57844],[135.48354,33.57765],[135.4832,33.57703],[135.4836,33.57632],[135.48333,33.57451],[135.4827,33.57405],[135.48122,33.57345],[135.48091,33.57255],[135.48156,33.57148],[135.48104,33.57067],[135.48037,33.57059],[135.47988,33.57014],[135.47845,33.56941],[135.47718,33.56857],[135.47572,33.56829],[135.47568,33.5681],[135.47546,33.56701],[135.47489,33.56644],[135.47499,33.56568],[135.47548,33.56495],[135.47591,33.56342],[135.47585,33.56306],[135.47506,33.56147],[135.47327,33.56099],[135.47335,33.55988],[135.47274,33.5592],[135.47183,33.55873],[135.47142,33.55809],[135.47158,33.55736],[135.47127,33.55696],[135.47127,33.5564],[135.47069,33.55584],[135.46999,33.55554],[135.46996,33.55488],[135.47014,33.55393],[135.46974,33.5526],[135.46891,33.5518],[135.46813,33.55133],[135.46721,33.5508],[135.4653,33.54987],[135.46379,33.54931],[135.46243,33.54869],[135.46218,33.54841],[135.46323,33.54846],[135.46343,33.54794],[135.46494,33.54708],[135.46633,33.54691],[135.46671,33.547],[135.46712,33.54647],[135.46837,33.5465],[135.46909,33.54691],[135.46956,33.54749],[135.47066,33.54758],[135.47202,33.54836],[135.47345,33.54971],[135.47386,33.55043],[135.47461,33.55099],[135.47499,33.55077],[135.47519,33.55122],[135.47679,33.55135],[135.47829,33.55085],[135.47969,33.55061],[135.48027,33.54997],[135.4801,33.54927],[135.47955,33.54838],[135.47936,33.54697],[135.47884,33.54658],[135.47856,33.54602],[135.47949,33.54578],[135.4801,33.5461],[135.4803,33.54589],[135.48033,33.54472],[135.48058,33.54458],[135.48157,33.54547],[135.4817,33.54619],[135.48276,33.54722],[135.48402,33.54802],[135.48456,33.54743],[135.4859,33.54849],[135.48669,33.54799],[135.48834,33.54671],[135.48845,33.54679],[135.48674,33.54807],[135.48712,33.54897],[135.48764,33.5493],[135.48671,33.54944],[135.48685,33.55069],[135.48759,33.55084],[135.48778,33.54975],[135.48821,33.5495],[135.48991,33.54853],[135.48964,33.54795],[135.49054,33.54904],[135.49138,33.54852],[135.492,33.54857],[135.49251,33.54772],[135.49289,33.5481],[135.49314,33.54769],[135.49298,33.54755],[135.49365,33.54632],[135.49405,33.5458],[135.49422,33.54491],[135.49397,33.54461],[135.49245,33.54385],[135.492,33.54336],[135.4904,33.54236],[135.48941,33.54327],[135.49008,33.54408],[135.48856,33.54455],[135.48706,33.54446],[135.48662,33.54419],[135.48657,33.54366],[135.4872,33.54269],[135.48852,33.54266],[135.48927,33.54313],[135.49052,33.54199],[135.49013,33.54164],[135.48988,33.54088],[135.49087,33.54044],[135.49182,33.54024],[135.4937,33.54074],[135.49391,33.54114],[135.49377,33.54164],[135.49438,33.54188],[135.49516,33.54191],[135.49554,33.54166],[135.49623,33.54061],[135.49721,33.54045],[135.49847,33.54086],[135.49952,33.54075],[135.49974,33.54031],[135.4995,33.53934],[135.49939,33.53916],[135.49983,33.53746],[135.50024,33.53664],[135.50001,33.5365],[135.50088,33.53576],[135.5012,33.53517],[135.50229,33.53517],[135.50229,33.53542],[135.50293,33.5352],[135.5032,33.53538],[135.5041,33.53538],[135.50438,33.53568],[135.50697,33.53513],[135.50833,33.53527],[135.51016,33.53483],[135.50984,33.53398],[135.51074,33.53409],[135.51143,33.53364],[135.51129,33.53316],[135.51207,33.53283],[135.51297,33.53213],[135.51397,33.53168],[135.51452,33.53083],[135.51439,33.53001],[135.51384,33.52931],[135.51388,33.52872],[135.51352,33.52831],[135.51255,33.52802],[135.51207,33.52816],[135.51147,33.52779],[135.51007,33.52761],[135.51106,33.5272],[135.51046,33.5266],[135.51007,33.5259],[135.51188,33.52513],[135.51252,33.52538],[135.5131,33.52524],[135.51416,33.52461],[135.51402,33.52402],[135.51439,33.52364],[135.51474,33.52387],[135.51519,33.52339],[135.51687,33.52279],[135.5177,33.52209],[135.51847,33.52172],[135.51933,33.52168],[135.51951,33.52209],[135.52093,33.5222],[135.52142,33.52186],[135.52238,33.52172],[135.52333,33.52217],[135.52316,33.52265],[135.52374,33.52301],[135.52479,33.52298],[135.52693,33.52238],[135.52711,33.52161],[135.52761,33.52186],[135.52865,33.52161],[135.5292,33.52131],[135.52934,33.52157],[135.53001,33.52102],[135.52987,33.52064],[135.53051,33.51949],[135.53088,33.51949],[135.53079,33.52005],[135.53161,33.51953],[135.5326,33.52032],[135.53329,33.52035],[135.53384,33.51846],[135.53407,33.51798],[135.53501,33.51805],[135.53529,33.51835],[135.53488,33.51957],[135.53538,33.5196],[135.53529,33.52035],[135.53647,33.52059],[135.53855,33.52009],[135.53915,33.51983],[135.53906,33.51906],[135.54002,33.51868],[135.54087,33.5196],[135.54133,33.51938],[135.54216,33.52009],[135.54248,33.52064],[135.54374,33.52068],[135.54475,33.52024],[135.5451,33.5192],[135.54547,33.51876]],[[135.49822,33.55811],[135.49813,33.5583],[135.50019,33.55942],[135.49843,33.5584],[135.49822,33.55811]],[[135.50443,33.56127],[135.50647,33.5615],[135.50572,33.5614],[135.50443,33.56127]]],[[[135.49919,33.53565],[135.49946,33.53581],[135.49908,33.53621],[135.49826,33.53635],[135.49813,33.53608],[135.49887,33.53556],[135.49919,33.53565]]],[[[135.50842,33.52453],[135.50837,33.52496],[135.50787,33.52466],[135.50842,33.52453]]],[[[135.50892,33.52496],[135.50899,33.52527],[135.50838,33.5253],[135.50892,33.52496]]],[[[135.50912,33.52571],[135.5087,33.52617],[135.50826,33.52576],[135.50858,33.52553],[135.50912,33.52571]]],[[[135.49428,33.53888],[135.49427,33.53898],[135.49375,33.53873],[135.49428,33.53888]]],[[[135.49464,33.53932],[135.49376,33.53923],[135.4936,33.5389],[135.49464,33.53932]]],[[[135.49443,33.53721],[135.49417,33.5372],[135.49424,33.5371],[135.49443,33.53721]]],[[[135.56095,33.51276],[135.56061,33.51297],[135.55868,33.51322],[135.55794,33.51297],[135.55793,33.51246],[135.5587,33.51252],[135.559,33.51189],[135.55941,33.51254],[135.55993,33.51232],[135.56013,33.51147],[135.56069,33.51129],[135.56043,33.51166],[135.56064,33.51237],[135.56046,33.51274],[135.56095,33.51276]]],[[[135.54658,33.51623],[135.54594,33.51646],[135.54614,33.51607],[135.54548,33.51642],[135.54543,33.51599],[135.54653,33.51562],[135.54658,33.51623]]],[[[135.55284,33.50998],[135.55244,33.51027],[135.55216,33.50953],[135.55293,33.50907],[135.55348,33.50907],[135.55284,33.50998]]],[[[135.57606,33.51044],[135.57636,33.51112],[135.57588,33.51133],[135.57491,33.51089],[135.57496,33.51066],[135.57606,33.51044]]],[[[135.55424,33.51099],[135.55371,33.51103],[135.55358,33.51138],[135.5531,33.51116],[135.55278,33.5104],[135.55311,33.50995],[135.55409,33.50931],[135.5542,33.50975],[135.55485,33.50947],[135.55476,33.50991],[135.55421,33.51037],[135.55424,33.51099]]],[[[135.58962,33.49883],[135.58901,33.50011],[135.58819,33.50049],[135.58812,33.50017],[135.58862,33.49989],[135.58887,33.49902],[135.58962,33.49883]]],[[[135.62495,33.50218],[135.62426,33.50174],[135.62505,33.50127],[135.62497,33.50097],[135.62531,33.49981],[135.62557,33.49952],[135.62586,33.49988],[135.62566,33.50028],[135.62628,33.50023],[135.62651,33.49957],[135.62713,33.49939],[135.62727,33.49968],[135.6267,33.50038],[135.6266,33.50095],[135.62585,33.5021],[135.62495,33.50218]]],[[[135.63153,33.50614],[135.63146,33.50563],[135.63222,33.50549],[135.63258,33.50565],[135.63203,33.50608],[135.63153,33.50614]]],[[[135.63168,33.50668],[135.63161,33.5063],[135.63248,33.50608],[135.63218,33.50668],[135.63168,33.50668]]]]}},{"type":"Feature","properties":{"nm":"那智勝浦町","b":[135.777,33.5452,135.9941,33.7231],"c":[135.87512,33.64243]},"geometry":{"type":"MultiPolygon","coordinates":[[[[135.9775,33.65327],[135.97713,33.65371],[135.9758,33.65329],[135.97517,33.65286],[135.97602,33.65286],[135.97586,33.65255],[135.97634,33.65243],[135.97738,33.65287],[135.9775,33.65327]]],[[[135.98982,33.66108],[135.99003,33.6612],[135.98981,33.6616],[135.98982,33.66108]]],[[[135.98247,33.66116],[135.98246,33.66202],[135.98214,33.66206],[135.98139,33.66124],[135.98213,33.66083],[135.98247,33.66116]]],[[[135.99074,33.66199],[135.99053,33.66245],[135.99016,33.6623],[135.99049,33.66174],[135.99074,33.66199]]],[[[135.99149,33.66236],[135.9915,33.66297],[135.99098,33.66307],[135.99063,33.66271],[135.99098,33.66209],[135.99149,33.66236]]],[[[135.99351,33.66416],[135.99312,33.66379],[135.99266,33.66378],[135.99277,33.66309],[135.99334,33.66341],[135.99406,33.66349],[135.99413,33.66394],[135.99351,33.66416]]],[[[135.96028,33.67106],[135.95999,33.67168],[135.95922,33.67211],[135.95814,33.67229],[135.9568,33.67206],[135.956,33.67246],[135.95554,33.67387],[135.95494,33.67403],[135.9545,33.67521],[135.95428,33.6763],[135.95444,33.67656],[135.95406,33.67697],[135.95342,33.6785],[135.95291,33.67913],[135.95286,33.67954],[135.951,33.68063],[135.95077,33.68102],[135.94914,33.68239],[135.94835,33.6827],[135.94779,33.6834],[135.94731,33.68333],[135.94601,33.68469],[135.94568,33.68463],[135.94338,33.68507],[135.94263,33.68538],[135.94106,33.68533],[135.94044,33.68506],[135.93913,33.68522],[135.93779,33.68492],[135.93768,33.68462],[135.93551,33.68443],[135.93517,33.68473],[135.93488,33.68559],[135.93296,33.68678],[135.93257,33.68755],[135.93261,33.68894],[135.93209,33.69047],[135.93132,33.69075],[135.93054,33.69075],[135.93,33.69051],[135.92962,33.68992],[135.92797,33.68845],[135.9269,33.68732],[135.92612,33.68811],[135.92533,33.68791],[135.92479,33.68691],[135.92383,33.68547],[135.92266,33.68524],[135.92164,33.68396],[135.92146,33.68316],[135.92154,33.68245],[135.92077,33.68119],[135.92029,33.68083],[135.91911,33.6808],[135.91813,33.68046],[135.91781,33.68001],[135.91628,33.67937],[135.91486,33.6799],[135.91384,33.67988],[135.91332,33.67966],[135.91225,33.68037],[135.91082,33.6808],[135.90926,33.67982],[135.90811,33.68022],[135.90581,33.68216],[135.90602,33.68345],[135.90638,33.68457],[135.90595,33.68499],[135.90597,33.68635],[135.90662,33.68704],[135.90556,33.68929],[135.90494,33.68946],[135.90476,33.68992],[135.90396,33.69104],[135.903,33.69185],[135.90258,33.69288],[135.90168,33.6933],[135.90097,33.69401],[135.90093,33.69611],[135.89905,33.69647],[135.8985,33.69637],[135.89711,33.6962],[135.89676,33.69653],[135.8963,33.6971],[135.89637,33.69749],[135.89599,33.69806],[135.8933,33.69689],[135.89223,33.69741],[135.89204,33.69774],[135.89207,33.69874],[135.89121,33.69923],[135.8894,33.69952],[135.88887,33.69943],[135.88699,33.70084],[135.88493,33.70106],[135.88412,33.7013],[135.88396,33.70222],[135.88326,33.70323],[135.8821,33.70449],[135.88138,33.7049],[135.88187,33.70695],[135.88176,33.70841],[135.88201,33.70966],[135.8807,33.70985],[135.87937,33.71066],[135.877,33.71156],[135.87561,33.71126],[135.87342,33.71181],[135.8721,33.71142],[135.8701,33.71142],[135.86946,33.71165],[135.86876,33.71229],[135.86769,33.7126],[135.86698,33.71312],[135.86561,33.71338],[135.86438,33.71388],[135.86378,33.71457],[135.86401,33.71501],[135.86503,33.71601],[135.86573,33.71748],[135.86636,33.71815],[135.86624,33.71878],[135.86572,33.71962],[135.86557,33.72023],[135.86469,33.72068],[135.86418,33.72132],[135.86424,33.72191],[135.86395,33.7229],[135.86339,33.72311],[135.86223,33.72283],[135.86188,33.72251],[135.86053,33.72215],[135.85934,33.72222],[135.85819,33.72214],[135.85722,33.7214],[135.85503,33.72118],[135.85387,33.72077],[135.85385,33.72006],[135.85304,33.71963],[135.85241,33.71896],[135.85176,33.71867],[135.84996,33.71845],[135.85009,33.7172],[135.84943,33.71568],[135.84919,33.71461],[135.84794,33.71425],[135.84446,33.71382],[135.84487,33.7108],[135.84327,33.71062],[135.84123,33.70958],[135.8398,33.70919],[135.83963,33.70821],[135.83795,33.70674],[135.83604,33.70683],[135.83454,33.70635],[135.83355,33.70539],[135.83316,33.70458],[135.83332,33.70262],[135.8329,33.70195],[135.83326,33.70181],[135.83547,33.70224],[135.83672,33.7017],[135.83754,33.7009],[135.83904,33.7001],[135.83952,33.69938],[135.83928,33.69785],[135.83957,33.69729],[135.83952,33.69657],[135.83911,33.69538],[135.839,33.69445],[135.83846,33.69467],[135.83755,33.69547],[135.83698,33.69555],[135.8345,33.69557],[135.83378,33.69543],[135.8329,33.69421],[135.83211,33.69289],[135.8316,33.69234],[135.83095,33.69253],[135.83004,33.69243],[135.82863,33.69384],[135.82791,33.694],[135.82625,33.69381],[135.8261,33.69337],[135.82481,33.69213],[135.82386,33.69162],[135.82307,33.69166],[135.82301,33.69254],[135.82226,33.69322],[135.822,33.69407],[135.82177,33.69419],[135.81974,33.69416],[135.81914,33.69432],[135.81821,33.69504],[135.81798,33.69556],[135.81662,33.69605],[135.81646,33.69686],[135.81545,33.69804],[135.81493,33.69842],[135.81325,33.69907],[135.81166,33.69981],[135.81036,33.70014],[135.80929,33.70198],[135.8091,33.70297],[135.80842,33.70402],[135.80833,33.70469],[135.80854,33.70529],[135.80912,33.70571],[135.80914,33.70641],[135.8086,33.70657],[135.80857,33.70721],[135.80788,33.70804],[135.80904,33.70883],[135.80873,33.70919],[135.80801,33.70891],[135.80812,33.70983],[135.80775,33.71001],[135.80702,33.70927],[135.8061,33.70927],[135.80649,33.70896],[135.80619,33.70867],[135.80639,33.70787],[135.80539,33.70644],[135.80455,33.70579],[135.80303,33.70368],[135.80257,33.70325],[135.80249,33.7028],[135.80192,33.70252],[135.8017,33.70196],[135.80096,33.70147],[135.7997,33.70151],[135.79892,33.70134],[135.79721,33.70175],[135.79655,33.70177],[135.79617,33.70249],[135.79623,33.70343],[135.79437,33.70454],[135.79426,33.70573],[135.79396,33.70618],[135.79325,33.70651],[135.79222,33.70675],[135.79175,33.70704],[135.79129,33.70774],[135.79088,33.70753],[135.79013,33.70667],[135.78946,33.70564],[135.78947,33.70431],[135.7884,33.70226],[135.78862,33.70085],[135.78823,33.7001],[135.78666,33.70015],[135.78534,33.69975],[135.78432,33.69966],[135.78269,33.69968],[135.78188,33.70011],[135.78152,33.70071],[135.78089,33.70241],[135.78059,33.70283],[135.78001,33.70306],[135.77848,33.7026],[135.77786,33.70098],[135.77756,33.70053],[135.77765,33.69998],[135.77711,33.69898],[135.777,33.69772],[135.77729,33.69714],[135.77834,33.69768],[135.77871,33.69765],[135.78017,33.69672],[135.78138,33.69667],[135.78182,33.69612],[135.78227,33.69482],[135.78114,33.69317],[135.78101,33.69184],[135.78082,33.69147],[135.78007,33.69092],[135.77943,33.69012],[135.77942,33.6896],[135.7797,33.68848],[135.78002,33.68791],[135.78092,33.6871],[135.7809,33.68623],[135.78031,33.68487],[135.7799,33.6845],[135.77932,33.68441],[135.77913,33.68321],[135.78132,33.68222],[135.78222,33.68212],[135.78276,33.6814],[135.78415,33.6808],[135.78643,33.68015],[135.78741,33.6804],[135.78787,33.67984],[135.78732,33.67999],[135.78694,33.67962],[135.78747,33.67889],[135.788,33.67851],[135.78821,33.67777],[135.78789,33.67752],[135.78851,33.67723],[135.78889,33.67756],[135.7889,33.67817],[135.78969,33.67784],[135.79023,33.67811],[135.79107,33.67758],[135.79145,33.67731],[135.79158,33.67724],[135.79312,33.67724],[135.79383,33.67694],[135.79537,33.67587],[135.79678,33.67416],[135.79674,33.67244],[135.79654,33.67188],[135.79573,33.67118],[135.79577,33.67083],[135.79474,33.67054],[135.79506,33.6698],[135.79403,33.66998],[135.79346,33.66989],[135.79327,33.66909],[135.79346,33.66773],[135.795,33.66819],[135.79684,33.6685],[135.79712,33.66877],[135.79756,33.6676],[135.79762,33.66724],[135.79769,33.66493],[135.79843,33.66402],[135.79861,33.66341],[135.79868,33.66243],[135.79844,33.66223],[135.79761,33.66225],[135.79743,33.66186],[135.7972,33.66087],[135.79723,33.66008],[135.79729,33.65956],[135.79731,33.65946],[135.79756,33.65871],[135.79802,33.65831],[135.79855,33.658],[135.79943,33.65682],[135.79947,33.65665],[135.79971,33.656],[135.80001,33.65545],[135.80007,33.65539],[135.80024,33.65527],[135.80043,33.65511],[135.80064,33.65482],[135.80092,33.65431],[135.8002,33.6539],[135.80005,33.65283],[135.80033,33.65196],[135.80039,33.65127],[135.80033,33.65094],[135.80059,33.65051],[135.80106,33.65011],[135.80168,33.64962],[135.80186,33.6493],[135.80207,33.64858],[135.80221,33.64803],[135.80237,33.64765],[135.80264,33.64701],[135.80279,33.64667],[135.8029,33.64636],[135.80204,33.64565],[135.80169,33.64482],[135.8016,33.64435],[135.80146,33.64373],[135.80135,33.64343],[135.80151,33.64328],[135.80227,33.64291],[135.80257,33.64285],[135.80355,33.64277],[135.80412,33.64247],[135.80469,33.64211],[135.80453,33.64152],[135.80443,33.64125],[135.80439,33.64093],[135.80439,33.64051],[135.80436,33.6402],[135.80436,33.64003],[135.80417,33.63979],[135.80419,33.63913],[135.80449,33.63846],[135.80486,33.63784],[135.8051,33.63703],[135.80506,33.63652],[135.80518,33.63632],[135.80508,33.63568],[135.80565,33.63473],[135.80598,33.63418],[135.80624,33.63399],[135.80634,33.63393],[135.80658,33.63371],[135.80687,33.63353],[135.80702,33.63344],[135.80733,33.63302],[135.8076,33.63265],[135.80761,33.63247],[135.80788,33.63192],[135.8079,33.6318],[135.80792,33.63174],[135.80825,33.63168],[135.80837,33.63165],[135.80877,33.63157],[135.80894,33.6315],[135.80923,33.63134],[135.80934,33.63131],[135.8096,33.63125],[135.81024,33.631],[135.81076,33.63083],[135.81096,33.6308],[135.81143,33.63081],[135.81175,33.63059],[135.81177,33.63043],[135.8122,33.62959],[135.81227,33.62939],[135.81251,33.629],[135.81266,33.62873],[135.81235,33.62808],[135.81232,33.6279],[135.81241,33.62765],[135.81258,33.6274],[135.81293,33.62708],[135.81302,33.62695],[135.81331,33.62683],[135.81388,33.62679],[135.81415,33.62656],[135.81424,33.62647],[135.81447,33.62626],[135.8147,33.62596],[135.81509,33.62572],[135.81536,33.62562],[135.81568,33.6255],[135.81603,33.62548],[135.81627,33.62545],[135.81657,33.62533],[135.81698,33.62526],[135.8171,33.62522],[135.81711,33.62465],[135.81713,33.62455],[135.81719,33.62426],[135.81729,33.62391],[135.81738,33.62367],[135.81757,33.62345],[135.81802,33.62313],[135.81847,33.62275],[135.81869,33.62253],[135.81906,33.62182],[135.81934,33.62143],[135.81956,33.62133],[135.82013,33.62099],[135.8206,33.62061],[135.82078,33.6203],[135.82082,33.62008],[135.8208,33.6198],[135.82053,33.619],[135.82067,33.61836],[135.82076,33.618],[135.8208,33.61766],[135.82072,33.61697],[135.82046,33.61649],[135.82035,33.61635],[135.82004,33.61596],[135.81997,33.61588],[135.81992,33.61572],[135.82205,33.61452],[135.82233,33.61415],[135.8228,33.61339],[135.8237,33.61173],[135.82394,33.61129],[135.82379,33.61032],[135.82235,33.61012],[135.82184,33.60988],[135.82044,33.60978],[135.81948,33.60941],[135.81836,33.60937],[135.81787,33.60914],[135.81807,33.60815],[135.81783,33.60748],[135.81848,33.60698],[135.8186,33.60638],[135.81837,33.60542],[135.81961,33.60436],[135.82082,33.60268],[135.82202,33.60035],[135.82268,33.6003],[135.82296,33.59918],[135.82306,33.59815],[135.82372,33.59709],[135.82491,33.59577],[135.82446,33.59496],[135.82455,33.59457],[135.82405,33.59373],[135.82277,33.5934],[135.82227,33.59231],[135.82283,33.59135],[135.8226,33.58957],[135.82173,33.58863],[135.8217,33.58819],[135.82229,33.58737],[135.8236,33.58638],[135.8251,33.58507],[135.82665,33.58507],[135.82731,33.58581],[135.82767,33.58575],[135.8287,33.58486],[135.83017,33.584],[135.83068,33.58353],[135.83252,33.58366],[135.83303,33.58311],[135.83447,33.58332],[135.83558,33.58373],[135.8363,33.58334],[135.83736,33.58254],[135.83873,33.58199],[135.8389,33.58154],[135.83944,33.58122],[135.8406,33.5819],[135.84068,33.58236],[135.84116,33.58289],[135.84194,33.58259],[135.84317,33.58329],[135.84458,33.58315],[135.84634,33.58395],[135.84791,33.58433],[135.84973,33.58518],[135.85073,33.5864],[135.85175,33.5867],[135.85277,33.58742],[135.85354,33.58746],[135.8547,33.58669],[135.85607,33.58601],[135.85683,33.58648],[135.85857,33.58644],[135.85891,33.58656],[135.85967,33.58751],[135.85991,33.5876],[135.86029,33.58727],[135.86024,33.5869],[135.85969,33.58614],[135.85926,33.58515],[135.85908,33.58394],[135.8591,33.58364],[135.85933,33.58353],[135.85995,33.58419],[135.86064,33.58468],[135.86095,33.58479],[135.861,33.58423],[135.86084,33.58382],[135.8608,33.58209],[135.86165,33.58145],[135.86253,33.5787],[135.86278,33.57869],[135.86341,33.57909],[135.86364,33.57972],[135.86433,33.57999],[135.86506,33.57985],[135.86518,33.57996],[135.86548,33.58037],[135.86614,33.58005],[135.86717,33.58032],[135.86828,33.58028],[135.86845,33.58025],[135.86935,33.58073],[135.86938,33.58104],[135.86956,33.5813],[135.86995,33.58149],[135.87026,33.58158],[135.87089,33.58154],[135.87159,33.58159],[135.87247,33.58168],[135.87323,33.58173],[135.87414,33.5814],[135.87509,33.58133],[135.87567,33.58145],[135.87662,33.58051],[135.87702,33.58038],[135.87728,33.58021],[135.87766,33.57977],[135.87806,33.57973],[135.8786,33.57972],[135.87935,33.57939],[135.88018,33.57897],[135.88044,33.57852],[135.88022,33.57767],[135.88035,33.57753],[135.88118,33.57645],[135.88148,33.57565],[135.88113,33.57525],[135.88109,33.5741],[135.88207,33.5723],[135.8817,33.57196],[135.88198,33.5712],[135.88234,33.56928],[135.88298,33.56829],[135.88378,33.56807],[135.88385,33.56706],[135.88324,33.56583],[135.88427,33.5659],[135.88437,33.56528],[135.88506,33.56499],[135.88473,33.56452],[135.88583,33.56358],[135.88547,33.56346],[135.88485,33.56374],[135.88426,33.56335],[135.8846,33.56231],[135.8844,33.56124],[135.8831,33.56231],[135.88243,33.56241],[135.88141,33.56148],[135.88083,33.56068],[135.88098,33.55978],[135.88187,33.55874],[135.88174,33.55768],[135.88195,33.55733],[135.88275,33.55722],[135.88333,33.55676],[135.88313,33.55573],[135.88387,33.55423],[135.88365,33.55286],[135.88344,33.55154],[135.88345,33.55075],[135.88419,33.55071],[135.88563,33.55115],[135.88594,33.5516],[135.88727,33.55229],[135.88782,33.55223],[135.88866,33.55243],[135.88905,33.55216],[135.88954,33.55247],[135.89067,33.552],[135.89156,33.55185],[135.89225,33.55229],[135.8926,33.55192],[135.89386,33.55209],[135.89434,33.55244],[135.89463,33.55231],[135.89462,33.55142],[135.89516,33.55028],[135.89585,33.54971],[135.89587,33.54886],[135.89626,33.54834],[135.89728,33.54789],[135.89806,33.54717],[135.89849,33.54656],[135.89912,33.54631],[135.89933,33.54592],[135.90007,33.54582],[135.90067,33.54543],[135.90168,33.5455],[135.90189,33.54516],[135.90211,33.54579],[135.90432,33.54633],[135.90417,33.54676],[135.9059,33.54718],[135.90594,33.54784],[135.90644,33.5483],[135.90604,33.54851],[135.90665,33.54895],[135.90718,33.54859],[135.90827,33.54863],[135.90908,33.54993],[135.9094,33.54925],[135.91107,33.54974],[135.91197,33.54948],[135.91256,33.549],[135.91326,33.54987],[135.91273,33.55022],[135.91281,33.55103],[135.91222,33.55153],[135.91194,33.55247],[135.91291,33.55229],[135.91327,33.55261],[135.91453,33.55285],[135.91453,33.55248],[135.91546,33.55221],[135.91604,33.55255],[135.91682,33.55257],[135.91716,33.55292],[135.91706,33.55336],[135.91737,33.55371],[135.91689,33.55395],[135.91671,33.55444],[135.91602,33.55462],[135.91603,33.55575],[135.91576,33.55641],[135.91521,33.55672],[135.91529,33.55712],[135.91614,33.55709],[135.91633,33.55775],[135.91671,33.55804],[135.91708,33.55787],[135.91818,33.55899],[135.91878,33.55899],[135.91874,33.55937],[135.9194,33.55953],[135.92148,33.55959],[135.92299,33.55919],[135.9232,33.55874],[135.92426,33.55893],[135.9243,33.55925],[135.92502,33.55954],[135.92454,33.55969],[135.92463,33.56014],[135.92437,33.56101],[135.92397,33.56121],[135.92386,33.56205],[135.92359,33.56235],[135.92419,33.56296],[135.92378,33.56319],[135.92251,33.5622],[135.92249,33.56218],[135.92147,33.56202],[135.92134,33.562],[135.921,33.56199],[135.92089,33.56206],[135.92086,33.56208],[135.92064,33.56217],[135.92046,33.56222],[135.92036,33.56222],[135.92021,33.56215],[135.92011,33.56211],[135.92003,33.56209],[135.91967,33.5621],[135.91944,33.56211],[135.91933,33.5621],[135.91913,33.56211],[135.91902,33.56215],[135.9189,33.56226],[135.91885,33.56233],[135.91884,33.56237],[135.91879,33.56255],[135.91876,33.56261],[135.91872,33.56264],[135.91869,33.56265],[135.91859,33.56262],[135.91849,33.56258],[135.91844,33.56255],[135.91844,33.56253],[135.91833,33.56252],[135.91828,33.56251],[135.91823,33.56252],[135.91821,33.56255],[135.91821,33.56267],[135.91819,33.5627],[135.91805,33.5627],[135.91799,33.56269],[135.91799,33.56271],[135.91805,33.56286],[135.91804,33.56294],[135.91802,33.56296],[135.91797,33.56296],[135.91791,33.56295],[135.91786,33.56291],[135.91784,33.56288],[135.91783,33.56293],[135.91782,33.56295],[135.91782,33.56299],[135.91781,33.563],[135.91773,33.563],[135.91758,33.56296],[135.91753,33.56293],[135.91729,33.56285],[135.91722,33.56281],[135.91719,33.56276],[135.91713,33.56272],[135.91698,33.56269],[135.91696,33.5627],[135.91689,33.56275],[135.9168,33.56278],[135.91672,33.56278],[135.91658,33.56273],[135.91647,33.56263],[135.91608,33.56232],[135.91585,33.56213],[135.9158,33.56208],[135.91572,33.56199],[135.91569,33.56189],[135.91568,33.56183],[135.91566,33.56181],[135.9154,33.56174],[135.91527,33.56176],[135.91503,33.56185],[135.91493,33.56191],[135.91476,33.56205],[135.9146,33.56221],[135.91446,33.56244],[135.91445,33.56251],[135.91444,33.56271],[135.91445,33.56276],[135.91452,33.56283],[135.91459,33.56287],[135.91469,33.56288],[135.91482,33.56286],[135.91496,33.56288],[135.91516,33.56298],[135.91521,33.56304],[135.91523,33.56312],[135.91523,33.56315],[135.91521,33.5632],[135.91513,33.56327],[135.91498,33.56333],[135.91443,33.56344],[135.91422,33.56346],[135.91417,33.56346],[135.91409,33.56345],[135.91396,33.56339],[135.91386,33.56331],[135.91376,33.56315],[135.91376,33.5631],[135.9138,33.563],[135.91382,33.56293],[135.91381,33.56289],[135.91378,33.56286],[135.91358,33.5628],[135.9135,33.56277],[135.91343,33.56273],[135.91335,33.56264],[135.91332,33.56254],[135.91331,33.56244],[135.91332,33.56207],[135.91337,33.562],[135.91344,33.56195],[135.91344,33.5618],[135.91342,33.56177],[135.91322,33.56174],[135.91316,33.5618],[135.9131,33.56185],[135.9129,33.56202],[135.91275,33.56216],[135.91265,33.5622],[135.91249,33.56222],[135.91237,33.5622],[135.91229,33.56213],[135.91224,33.56202],[135.91222,33.56193],[135.91219,33.56186],[135.91215,33.56181],[135.91195,33.56173],[135.91193,33.56173],[135.91182,33.5617],[135.91177,33.56171],[135.91172,33.56176],[135.91169,33.56179],[135.91156,33.56194],[135.9115,33.56197],[135.91138,33.56198],[135.9113,33.56198],[135.91099,33.562],[135.91089,33.56199],[135.91078,33.56195],[135.91047,33.56183],[135.91031,33.56181],[135.90992,33.56183],[135.90976,33.56187],[135.90945,33.56193],[135.90935,33.56195],[135.90915,33.56198],[135.9091,33.56198],[135.90892,33.56195],[135.90857,33.56182],[135.90844,33.56175],[135.90831,33.56167],[135.90816,33.5616],[135.90805,33.56161],[135.90793,33.56158],[135.9079,33.56156],[135.90781,33.56143],[135.90782,33.56138],[135.90779,33.56125],[135.90772,33.56116],[135.90768,33.56111],[135.9076,33.56099],[135.90758,33.56097],[135.9075,33.56092],[135.9073,33.56074],[135.90718,33.5607],[135.90713,33.5607],[135.90701,33.56071],[135.90667,33.56078],[135.90648,33.56083],[135.90641,33.56084],[135.90632,33.56086],[135.90622,33.56085],[135.90614,33.56084],[135.90581,33.56076],[135.90554,33.5606],[135.90539,33.56051],[135.90532,33.5605],[135.9051,33.5605],[135.9049,33.56051],[135.90475,33.56052],[135.90472,33.56052],[135.90464,33.5605],[135.90462,33.56049],[135.90445,33.56036],[135.9044,33.5603],[135.90442,33.56022],[135.9043,33.56016],[135.90424,33.56008],[135.9043,33.56002],[135.90414,33.55984],[135.90408,33.55978],[135.90396,33.55959],[135.90373,33.55931],[135.90363,33.55919],[135.9036,33.55911],[135.9036,33.55905],[135.90335,33.5589],[135.90308,33.55878],[135.90266,33.55857],[135.90222,33.55822],[135.90184,33.55799],[135.90168,33.55793],[135.9014,33.55787],[135.90118,33.5578],[135.9006,33.55763],[135.90039,33.55757],[135.89965,33.55734],[135.89948,33.55731],[135.89913,33.55725],[135.89904,33.55724],[135.89874,33.55723],[135.89835,33.55724],[135.89815,33.55724],[135.89747,33.5572],[135.89738,33.55718],[135.89717,33.55711],[135.89711,33.55709],[135.89698,33.55708],[135.89689,33.55704],[135.89686,33.55701],[135.89677,33.55692],[135.89669,33.55687],[135.89658,33.55682],[135.89626,33.55667],[135.89617,33.55662],[135.89608,33.55665],[135.89607,33.55665],[135.89603,33.55661],[135.89595,33.55663],[135.89576,33.55669],[135.89545,33.55674],[135.89532,33.55675],[135.8952,33.55675],[135.89517,33.55674],[135.89509,33.55666],[135.89502,33.55663],[135.89489,33.55657],[135.89474,33.55647],[135.89461,33.55641],[135.89459,33.5564],[135.89453,33.55639],[135.89438,33.55638],[135.89411,33.55635],[135.89359,33.55626],[135.89279,33.55611],[135.89235,33.55602],[135.89216,33.55596],[135.89199,33.55589],[135.89181,33.55584],[135.89173,33.55584],[135.89169,33.55584],[135.89159,33.55589],[135.89148,33.55596],[135.89139,33.55602],[135.89135,33.55602],[135.89131,33.55601],[135.8913,33.556],[135.89128,33.556],[135.89127,33.55601],[135.89087,33.55682],[135.89087,33.55683],[135.89086,33.55685],[135.89087,33.55686],[135.89088,33.55688],[135.89089,33.55689],[135.8912,33.5571],[135.89121,33.5571],[135.89123,33.55713],[135.89124,33.55714],[135.89124,33.55716],[135.8912,33.55736],[135.8912,33.55737],[135.89124,33.5574],[135.89124,33.55741],[135.89125,33.55742],[135.89125,33.55743],[135.89135,33.55757],[135.89149,33.55788],[135.89149,33.55789],[135.89149,33.5579],[135.89149,33.55791],[135.89148,33.55793],[135.89147,33.55794],[135.89151,33.55813],[135.89162,33.5581],[135.89179,33.55814],[135.8918,33.55813],[135.89181,33.55813],[135.89185,33.55812],[135.89186,33.55813],[135.89207,33.55829],[135.89216,33.55834],[135.89272,33.55864],[135.89326,33.55893],[135.89365,33.55837],[135.89463,33.55879],[135.89478,33.55883],[135.89479,33.55881],[135.89498,33.55846],[135.89504,33.5584],[135.89525,33.55839],[135.89536,33.55838],[135.89557,33.55805],[135.8957,33.55798],[135.89578,33.55799],[135.89605,33.55815],[135.89637,33.55835],[135.8962,33.55844],[135.89587,33.55845],[135.89571,33.55845],[135.89557,33.55865],[135.8955,33.55883],[135.89545,33.55894],[135.89544,33.55899],[135.89543,33.55909],[135.89541,33.55955],[135.89542,33.56001],[135.89624,33.56021],[135.8962,33.56048],[135.89648,33.56026],[135.897,33.56075],[135.89715,33.5608],[135.89741,33.5609],[135.89774,33.56106],[135.89793,33.56117],[135.898,33.56113],[135.89806,33.56092],[135.89807,33.56086],[135.89809,33.56083],[135.89811,33.56082],[135.89813,33.56083],[135.89814,33.56084],[135.8981,33.56109],[135.89809,33.56131],[135.89813,33.56144],[135.89817,33.56184],[135.89826,33.56223],[135.89834,33.56236],[135.89874,33.56247],[135.89953,33.56274],[135.89977,33.5627],[135.8998,33.56271],[135.89982,33.56272],[135.89985,33.56279],[135.89985,33.56285],[135.89984,33.56288],[135.89983,33.56293],[135.90023,33.56319],[135.90043,33.56307],[135.90044,33.56306],[135.90071,33.56306],[135.90076,33.56309],[135.90088,33.56326],[135.90107,33.56325],[135.90143,33.56319],[135.90156,33.56315],[135.90167,33.56312],[135.90177,33.56307],[135.90195,33.56299],[135.90227,33.56283],[135.90229,33.56281],[135.90229,33.56275],[135.9023,33.56274],[135.9025,33.56265],[135.90254,33.56263],[135.9026,33.56263],[135.90265,33.56263],[135.9027,33.56265],[135.90277,33.56264],[135.90293,33.56262],[135.90304,33.56262],[135.90324,33.56262],[135.90409,33.56273],[135.90433,33.56248],[135.90441,33.56242],[135.90449,33.56239],[135.90454,33.56239],[135.90462,33.56242],[135.90466,33.56245],[135.90474,33.56253],[135.90478,33.5626],[135.90475,33.56282],[135.90506,33.56285],[135.90532,33.56289],[135.90536,33.5629],[135.90552,33.56271],[135.90559,33.56268],[135.90563,33.56268],[135.90579,33.56273],[135.90592,33.56287],[135.90593,33.56294],[135.90592,33.56298],[135.9059,33.56301],[135.9057,33.56319],[135.90573,33.56331],[135.90574,33.5634],[135.90575,33.56369],[135.90576,33.56384],[135.90575,33.56406],[135.90578,33.5641],[135.90587,33.56415],[135.90575,33.56433],[135.90571,33.56434],[135.90569,33.56435],[135.90568,33.56438],[135.9057,33.5644],[135.90569,33.56446],[135.90576,33.5645],[135.90581,33.56453],[135.90583,33.56456],[135.90585,33.56461],[135.90584,33.56463],[135.90577,33.56464],[135.90567,33.56459],[135.90565,33.56458],[135.90559,33.56457],[135.90552,33.56464],[135.90547,33.56474],[135.90547,33.56478],[135.90548,33.5648],[135.9055,33.56485],[135.90545,33.56488],[135.90542,33.56489],[135.90554,33.56514],[135.90585,33.56552],[135.90594,33.56564],[135.90626,33.56584],[135.90629,33.56585],[135.90648,33.56585],[135.90664,33.56586],[135.90689,33.56588],[135.90726,33.56591],[135.90764,33.56599],[135.9078,33.56602],[135.9083,33.56616],[135.90868,33.56635],[135.90878,33.56643],[135.90909,33.5666],[135.90931,33.56659],[135.90942,33.56662],[135.90952,33.5667],[135.90957,33.56677],[135.90968,33.56715],[135.90999,33.5679],[135.91062,33.56789],[135.91098,33.56834],[135.91084,33.5688],[135.91162,33.56927],[135.91231,33.56937],[135.91234,33.56967],[135.9133,33.56989],[135.9147,33.57114],[135.91728,33.56965],[135.91757,33.57022],[135.9179,33.57027],[135.91832,33.56904],[135.91885,33.57008],[135.91914,33.57029],[135.9193,33.56915],[135.9196,33.56951],[135.92073,33.56966],[135.92138,33.5695],[135.92102,33.57001],[135.92167,33.57035],[135.92219,33.57009],[135.92254,33.57109],[135.9216,33.57141],[135.9216,33.57276],[135.92102,33.57274],[135.92109,33.57402],[135.92156,33.57492],[135.92247,33.5757],[135.92398,33.57662],[135.92488,33.57703],[135.92625,33.57723],[135.92739,33.57725],[135.92884,33.57615],[135.92954,33.5765],[135.92883,33.57647],[135.92833,33.57715],[135.92866,33.57759],[135.92846,33.57782],[135.92767,33.57772],[135.92708,33.57873],[135.92761,33.57908],[135.92882,33.57903],[135.92925,33.57875],[135.92977,33.57952],[135.92895,33.57768],[135.9291,33.57708],[135.93036,33.5767],[135.93078,33.57641],[135.93101,33.57544],[135.93065,33.57552],[135.93115,33.5747],[135.93268,33.5739],[135.93402,33.57388],[135.93414,33.57364],[135.93342,33.573],[135.93344,33.57274],[135.93485,33.57302],[135.93474,33.57274],[135.93575,33.57348],[135.93645,33.5731],[135.93661,33.5736],[135.93745,33.57385],[135.93754,33.57341],[135.93807,33.57364],[135.93824,33.57295],[135.93849,33.57345],[135.93875,33.57307],[135.93928,33.57302],[135.94044,33.57342],[135.93884,33.57352],[135.93974,33.57372],[135.93998,33.57417],[135.93915,33.57483],[135.93959,33.57491],[135.94001,33.57611],[135.93985,33.57674],[135.94002,33.57727],[135.93992,33.57816],[135.93911,33.5785],[135.93924,33.57885],[135.93713,33.57938],[135.93687,33.58003],[135.93733,33.58132],[135.93779,33.58159],[135.93826,33.58241],[135.93839,33.58323],[135.93909,33.58423],[135.93914,33.58461],[135.93876,33.58471],[135.93808,33.58535],[135.93824,33.58556],[135.93761,33.58595],[135.93751,33.58635],[135.93681,33.58735],[135.93637,33.58885],[135.93534,33.58886],[135.93513,33.5891],[135.93512,33.58945],[135.93403,33.58996],[135.93272,33.58934],[135.93225,33.58898],[135.93173,33.58892],[135.93095,33.58836],[135.93042,33.5882],[135.92889,33.58835],[135.92779,33.58866],[135.92646,33.5878],[135.92596,33.58675],[135.92484,33.58685],[135.92333,33.58649],[135.9227,33.58649],[135.92296,33.58697],[135.92341,33.58774],[135.92406,33.58849],[135.9249,33.58918],[135.92524,33.59036],[135.92492,33.59091],[135.92326,33.59178],[135.92285,33.59215],[135.92291,33.59257],[135.92251,33.59334],[135.92213,33.59359],[135.92216,33.59473],[135.92156,33.59496],[135.92167,33.59584],[135.92244,33.59626],[135.92254,33.59655],[135.92209,33.59696],[135.92177,33.59766],[135.92179,33.59863],[135.92319,33.59931],[135.92398,33.60009],[135.92474,33.60009],[135.92572,33.59973],[135.9269,33.59882],[135.92758,33.59889],[135.92897,33.59817],[135.92927,33.59851],[135.92894,33.59916],[135.92931,33.59979],[135.92896,33.59994],[135.92906,33.60041],[135.92971,33.601],[135.93067,33.6011],[135.93034,33.60167],[135.92974,33.60167],[135.93058,33.60198],[135.9299,33.60226],[135.92905,33.60162],[135.92893,33.60174],[135.92941,33.60265],[135.92966,33.603],[135.92871,33.60255],[135.92844,33.60284],[135.92738,33.60242],[135.92701,33.603],[135.92722,33.60355],[135.9284,33.6036],[135.92896,33.60408],[135.92945,33.6042],[135.92991,33.60468],[135.92925,33.60513],[135.92805,33.60511],[135.928,33.60486],[135.92677,33.60446],[135.92626,33.60468],[135.92618,33.6052],[135.92708,33.60553],[135.92756,33.60597],[135.92661,33.60605],[135.9263,33.6064],[135.92562,33.60643],[135.92555,33.607],[135.92631,33.60706],[135.92583,33.60747],[135.92523,33.60764],[135.9253,33.60816],[135.92502,33.60844],[135.92516,33.60916],[135.92548,33.60951],[135.92635,33.60998],[135.9272,33.61011],[135.92787,33.60909],[135.92797,33.61046],[135.92849,33.61084],[135.92887,33.61145],[135.92794,33.61266],[135.92807,33.61326],[135.9281,33.61488],[135.92959,33.61527],[135.93021,33.61624],[135.9306,33.61654],[135.9307,33.61854],[135.9329,33.61822],[135.93418,33.61767],[135.93614,33.61798],[135.93608,33.61846],[135.93648,33.6186],[135.93681,33.61805],[135.93736,33.61781],[135.93738,33.61733],[135.93778,33.61694],[135.93841,33.61711],[135.93841,33.61784],[135.93894,33.61794],[135.93952,33.61717],[135.93966,33.61627],[135.93998,33.6159],[135.93973,33.61556],[135.94022,33.61484],[135.94075,33.6157],[135.94131,33.61569],[135.94157,33.61637],[135.94225,33.61673],[135.94228,33.61712],[135.94292,33.61713],[135.94329,33.61741],[135.94427,33.61717],[135.94426,33.61793],[135.94465,33.61785],[135.94531,33.61727],[135.94549,33.6185],[135.94514,33.61869],[135.94507,33.61928],[135.9431,33.61965],[135.94241,33.61881],[135.94214,33.61877],[135.94192,33.6199],[135.94322,33.62056],[135.94261,33.62092],[135.94145,33.62094],[135.94142,33.62177],[135.94317,33.62184],[135.94357,33.62239],[135.9422,33.62246],[135.94245,33.62311],[135.94213,33.62377],[135.94138,33.62418],[135.94209,33.62402],[135.94261,33.62457],[135.94274,33.62471],[135.94303,33.62458],[135.94277,33.62475],[135.94321,33.62523],[135.943,33.62537],[135.94356,33.626],[135.9448,33.62524],[135.94531,33.62581],[135.94394,33.62671],[135.94409,33.62687],[135.94416,33.62695],[135.94436,33.62683],[135.94421,33.627],[135.94472,33.62757],[135.94506,33.62735],[135.94477,33.62762],[135.94478,33.62764],[135.94471,33.62771],[135.94472,33.62772],[135.94494,33.62798],[135.94465,33.62826],[135.94522,33.62789],[135.9453,33.62784],[135.9455,33.62767],[135.94539,33.62743],[135.94544,33.62742],[135.94561,33.62778],[135.94574,33.62768],[135.94571,33.62767],[135.94576,33.62719],[135.94574,33.6274],[135.94577,33.62741],[135.94576,33.62768],[135.94689,33.62753],[135.94794,33.62677],[135.94805,33.62685],[135.94879,33.62477],[135.94935,33.62488],[135.9489,33.62618],[135.94739,33.6275],[135.94779,33.62809],[135.94916,33.6293],[135.94914,33.63032],[135.95011,33.63038],[135.95087,33.63004],[135.95003,33.62901],[135.94998,33.62857],[135.94925,33.62878],[135.94936,33.6271],[135.94978,33.62688],[135.95008,33.62619],[135.95075,33.62526],[135.95073,33.62408],[135.95057,33.62364],[135.95079,33.62323],[135.95054,33.62276],[135.95073,33.62233],[135.95039,33.62166],[135.95092,33.62141],[135.95121,33.62087],[135.95121,33.61995],[135.95093,33.61923],[135.95123,33.6185],[135.95173,33.61824],[135.95199,33.61843],[135.952,33.61911],[135.95227,33.62014],[135.95204,33.6209],[135.95272,33.62098],[135.95287,33.6216],[135.95328,33.62157],[135.95374,33.62199],[135.95285,33.6225],[135.95266,33.62294],[135.95307,33.62323],[135.95344,33.62409],[135.95325,33.62438],[135.95335,33.62514],[135.95278,33.62519],[135.9531,33.62627],[135.95266,33.62605],[135.9525,33.62673],[135.95205,33.62695],[135.95193,33.62801],[135.95274,33.6283],[135.9521,33.62886],[135.95235,33.62919],[135.95198,33.62982],[135.95232,33.63045],[135.95274,33.63179],[135.9528,33.63237],[135.95124,33.63351],[135.95051,33.63342],[135.95019,33.63378],[135.94823,33.63285],[135.94783,33.63284],[135.9473,33.63357],[135.94695,33.63406],[135.94637,33.63398],[135.94636,33.6334],[135.94579,33.63377],[135.94376,33.63376],[135.94114,33.63396],[135.94102,33.63397],[135.93723,33.637],[135.93671,33.63786],[135.93597,33.63826],[135.93589,33.63867],[135.93651,33.6386],[135.93616,33.64031],[135.93623,33.64218],[135.9364,33.64281],[135.93729,33.64441],[135.93884,33.64589],[135.93964,33.6465],[135.93972,33.64678],[135.94031,33.64617],[135.94236,33.64616],[135.9424,33.64629],[135.94472,33.64713],[135.94622,33.64849],[135.94806,33.64932],[135.94901,33.64962],[135.94996,33.64978],[135.95272,33.64982],[135.95263,33.65005],[135.95444,33.6499],[135.95503,33.64959],[135.95517,33.64912],[135.95553,33.64939],[135.9567,33.64935],[135.95806,33.65009],[135.95845,33.65044],[135.95837,33.65096],[135.9576,33.65195],[135.95766,33.6525],[135.95886,33.65369],[135.95935,33.65402],[135.961,33.65453],[135.96272,33.65456],[135.96435,33.65392],[135.96611,33.65365],[135.96737,33.65335],[135.9682,33.6528],[135.96884,33.65289],[135.96998,33.65267],[135.97089,33.65202],[135.97123,33.65131],[135.97187,33.65238],[135.97121,33.65328],[135.97082,33.6533],[135.96891,33.65476],[135.96864,33.65475],[135.9677,33.65571],[135.96568,33.6558],[135.96546,33.65605],[135.96821,33.65604],[135.9696,33.65494],[135.97033,33.65548],[135.97083,33.65508],[135.97223,33.65645],[135.97366,33.65645],[135.97502,33.65672],[135.9749,33.65734],[135.97551,33.65731],[135.97562,33.65662],[135.97709,33.65598],[135.97856,33.65563],[135.97914,33.65518],[135.97886,33.65452],[135.97888,33.65317],[135.97916,33.65247],[135.97806,33.6519],[135.97813,33.65153],[135.9787,33.65149],[135.97876,33.65076],[135.97839,33.65002],[135.97877,33.64959],[135.979,33.64872],[135.97977,33.64916],[135.98008,33.64979],[135.97992,33.65088],[135.98006,33.65133],[135.98096,33.65133],[135.98172,33.65177],[135.98233,33.65174],[135.98277,33.65229],[135.98262,33.65255],[135.98372,33.65347],[135.98437,33.65371],[135.98412,33.65426],[135.98469,33.65475],[135.98573,33.65496],[135.98624,33.6554],[135.98629,33.65743],[135.98582,33.65861],[135.98603,33.65895],[135.98685,33.65915],[135.98683,33.66018],[135.98714,33.66041],[135.98655,33.6609],[135.98599,33.661],[135.98668,33.66146],[135.98677,33.6608],[135.9879,33.6601],[135.98869,33.66039],[135.989,33.66081],[135.98902,33.66137],[135.98865,33.66228],[135.98849,33.66324],[135.98785,33.66318],[135.98703,33.66502],[135.98738,33.66391],[135.98673,33.66372],[135.98623,33.66161],[135.98579,33.66106],[135.98454,33.66053],[135.98365,33.66087],[135.98249,33.66074],[135.9824,33.6595],[135.98163,33.65897],[135.98016,33.65868],[135.97809,33.65871],[135.97654,33.6594],[135.97531,33.66007],[135.97492,33.66042],[135.97552,33.66081],[135.97528,33.66154],[135.97455,33.66149],[135.97492,33.66236],[135.9758,33.6619],[135.97617,33.66264],[135.97669,33.66307],[135.97654,33.66331],[135.97566,33.66308],[135.97518,33.66333],[135.97438,33.66314],[135.97383,33.66354],[135.9736,33.66408],[135.97349,33.6658],[135.97373,33.66659],[135.97424,33.6673],[135.97502,33.6674],[135.97465,33.66791],[135.97423,33.66751],[135.97339,33.66787],[135.97293,33.6689],[135.97309,33.67007],[135.97339,33.67033],[135.97291,33.67066],[135.97019,33.67133],[135.97113,33.67038],[135.97092,33.6697],[135.97025,33.66933],[135.96961,33.67009],[135.96797,33.66994],[135.96634,33.67102],[135.96488,33.67138],[135.96446,33.6726],[135.96352,33.67251],[135.96295,33.67208],[135.96243,33.6723],[135.96201,33.67205],[135.96132,33.6708],[135.96028,33.67106]],[[135.94465,33.62826],[135.94386,33.62898],[135.94441,33.62849],[135.94465,33.62826]]],[[[135.97404,33.6514],[135.97358,33.65136],[135.97393,33.65092],[135.97404,33.6514]]],[[[135.96812,33.65204],[135.96845,33.65248],[135.96815,33.6527],[135.96782,33.65226],[135.96812,33.65204]]],[[[135.97216,33.65191],[135.97198,33.65205],[135.97183,33.65154],[135.97216,33.65191]]],[[[135.94428,33.61607],[135.94392,33.61607],[135.94425,33.61594],[135.94428,33.61607]]],[[[135.94644,33.62196],[135.94554,33.62183],[135.94504,33.6211],[135.94588,33.6207],[135.94596,33.62015],[135.94736,33.61862],[135.94909,33.6192],[135.94934,33.6196],[135.94889,33.62064],[135.94817,33.62025],[135.94744,33.6203],[135.94738,33.62065],[135.94798,33.62093],[135.94758,33.62113],[135.9467,33.62096],[135.94693,33.62168],[135.94644,33.62196]]],[[[135.91948,33.56832],[135.91878,33.56872],[135.91812,33.56835],[135.91903,33.5678],[135.91953,33.56782],[135.91948,33.56832]]],[[[135.9232,33.57035],[135.92264,33.57031],[135.92264,33.57019],[135.9232,33.57035]]],[[[135.9134,33.54873],[135.91311,33.54901],[135.91281,33.54846],[135.91324,33.54829],[135.9134,33.54873]]],[[[135.92447,33.55842],[135.92481,33.55862],[135.92451,33.55872],[135.92447,33.55842]]]]}},{"type":"Feature","properties":{"nm":"太地町","b":[135.9216,33.5778,135.9629,33.6185],"c":[135.94231,33.5901]},"geometry":{"type":"MultiPolygon","coordinates":[[[[135.93992,33.57816],[135.94191,33.57897],[135.94253,33.57888],[135.94258,33.57933],[135.94361,33.57922],[135.9445,33.57849],[135.9449,33.57836],[135.94501,33.57901],[135.94549,33.57938],[135.9463,33.57941],[135.94658,33.57909],[135.94692,33.57962],[135.94865,33.57947],[135.94961,33.5785],[135.94985,33.57902],[135.95081,33.57863],[135.95068,33.57781],[135.95201,33.57789],[135.95205,33.57834],[135.95245,33.57847],[135.9529,33.57802],[135.9531,33.57825],[135.9539,33.57836],[135.95405,33.57804],[135.95458,33.57838],[135.95456,33.57878],[135.95541,33.57952],[135.95637,33.58014],[135.95764,33.58056],[135.95766,33.58098],[135.95851,33.58185],[135.95893,33.58161],[135.9596,33.58197],[135.95983,33.58243],[135.95923,33.5827],[135.95937,33.58293],[135.958,33.58344],[135.95778,33.58377],[135.95814,33.58466],[135.95893,33.58524],[135.95898,33.58611],[135.95929,33.58654],[135.95885,33.58696],[135.95893,33.58746],[135.95949,33.58805],[135.95933,33.58818],[135.95985,33.59036],[135.96109,33.59089],[135.96165,33.59211],[135.96092,33.59223],[135.96114,33.5932],[135.96074,33.59364],[135.96123,33.59419],[135.96164,33.59425],[135.96173,33.59477],[135.9627,33.59494],[135.96287,33.59565],[135.96197,33.59567],[135.96231,33.5952],[135.96123,33.59522],[135.96013,33.59448],[135.95954,33.59425],[135.95939,33.59392],[135.9585,33.59371],[135.9575,33.59287],[135.95706,33.59277],[135.95689,33.59235],[135.9562,33.59216],[135.95603,33.59178],[135.95417,33.59097],[135.95045,33.58982],[135.95011,33.59053],[135.94971,33.58977],[135.94931,33.58962],[135.94804,33.58975],[135.94813,33.59044],[135.94689,33.59064],[135.94662,33.59041],[135.94637,33.59068],[135.94546,33.59079],[135.94546,33.59086],[135.94564,33.5924],[135.94471,33.59305],[135.944,33.59348],[135.94298,33.59328],[135.9428,33.59376],[135.94324,33.59393],[135.94455,33.59399],[135.94535,33.59347],[135.9458,33.59344],[135.94628,33.59253],[135.94687,33.59228],[135.94793,33.59243],[135.94862,33.5923],[135.94846,33.59311],[135.94886,33.59321],[135.94868,33.59363],[135.94759,33.59403],[135.94844,33.59436],[135.948,33.59466],[135.94826,33.59484],[135.94731,33.59533],[135.94757,33.59557],[135.94739,33.59612],[135.94666,33.59612],[135.94627,33.59648],[135.94612,33.59718],[135.94697,33.59787],[135.94703,33.59921],[135.94628,33.59876],[135.9463,33.59918],[135.94549,33.59878],[135.94538,33.59971],[135.94613,33.59968],[135.94758,33.59998],[135.94728,33.60022],[135.94742,33.60085],[135.94797,33.60161],[135.9477,33.60185],[135.94895,33.60235],[135.9486,33.603],[135.94878,33.6033],[135.94823,33.6041],[135.94675,33.60438],[135.94658,33.60417],[135.94562,33.60431],[135.94502,33.60457],[135.9444,33.60418],[135.94422,33.60452],[135.94366,33.60423],[135.94403,33.60379],[135.93982,33.60075],[135.93871,33.60018],[135.93806,33.60047],[135.93774,33.59983],[135.93603,33.59856],[135.93631,33.59766],[135.93625,33.59708],[135.93576,33.59693],[135.93656,33.59659],[135.93694,33.59597],[135.93624,33.59537],[135.93557,33.59535],[135.93505,33.59501],[135.93618,33.59461],[135.93644,33.59408],[135.93622,33.5937],[135.93545,33.59351],[135.93484,33.59367],[135.93406,33.59301],[135.93375,33.59313],[135.93362,33.594],[135.93238,33.59468],[135.93218,33.59532],[135.9308,33.59538],[135.93023,33.59612],[135.93065,33.59709],[135.931,33.5969],[135.9313,33.5972],[135.93103,33.59816],[135.93128,33.59872],[135.93269,33.59977],[135.93215,33.60002],[135.93161,33.59941],[135.93115,33.60013],[135.9308,33.6002],[135.93044,33.59971],[135.92931,33.59979],[135.92894,33.59916],[135.92927,33.59851],[135.92897,33.59817],[135.92758,33.59889],[135.9269,33.59882],[135.92572,33.59973],[135.92474,33.60009],[135.92398,33.60009],[135.92319,33.59931],[135.92179,33.59863],[135.92177,33.59766],[135.92209,33.59696],[135.92254,33.59655],[135.92244,33.59626],[135.92167,33.59584],[135.92156,33.59496],[135.92216,33.59473],[135.92213,33.59359],[135.92251,33.59334],[135.92291,33.59257],[135.92285,33.59215],[135.92326,33.59178],[135.92492,33.59091],[135.92524,33.59036],[135.9249,33.58918],[135.92406,33.58849],[135.92341,33.58774],[135.92296,33.58697],[135.9227,33.58649],[135.92333,33.58649],[135.92484,33.58685],[135.92596,33.58675],[135.92646,33.5878],[135.92779,33.58866],[135.92889,33.58835],[135.93042,33.5882],[135.93095,33.58836],[135.93173,33.58892],[135.93225,33.58898],[135.93272,33.58934],[135.93403,33.58996],[135.93512,33.58945],[135.93513,33.5891],[135.93534,33.58886],[135.93637,33.58885],[135.93681,33.58735],[135.93751,33.58635],[135.93761,33.58595],[135.93824,33.58556],[135.93808,33.58535],[135.93876,33.58471],[135.93914,33.58461],[135.93909,33.58423],[135.93839,33.58323],[135.93826,33.58241],[135.93779,33.58159],[135.93733,33.58132],[135.93687,33.58003],[135.93713,33.57938],[135.93924,33.57885],[135.93911,33.5785],[135.93992,33.57816]]],[[[135.96123,33.58177],[135.96136,33.58206],[135.96062,33.58158],[135.96123,33.58177]]],[[[135.94496,33.57807],[135.94433,33.5781],[135.94488,33.57776],[135.94496,33.57807]]],[[[135.95203,33.60247],[135.95184,33.60252],[135.95201,33.60233],[135.95203,33.60247]]],[[[135.95235,33.60126],[135.95212,33.60136],[135.95174,33.60116],[135.95235,33.60126]]],[[[135.95151,33.60136],[135.95138,33.60187],[135.95112,33.6015],[135.95151,33.60136]]],[[[135.94888,33.59501],[135.94825,33.59481],[135.949,33.59479],[135.94888,33.59501]]],[[[135.94873,33.59673],[135.94876,33.59685],[135.94839,33.59679],[135.94873,33.59673]]],[[[135.95107,33.60073],[135.95136,33.60099],[135.95101,33.60085],[135.95107,33.60073]]],[[[135.95084,33.60082],[135.95084,33.60108],[135.95033,33.60083],[135.95084,33.60082]]],[[[135.95153,33.60083],[135.95158,33.60109],[135.95147,33.60103],[135.95153,33.60083]]],[[[135.95342,33.60308],[135.95362,33.60311],[135.95361,33.60318],[135.95342,33.60308]]],[[[135.95107,33.60099],[135.9513,33.60112],[135.95107,33.60109],[135.95107,33.60099]]],[[[135.93674,33.61207],[135.93707,33.61244],[135.93654,33.61233],[135.93674,33.61207]]],[[[135.92807,33.61326],[135.92794,33.61266],[135.92887,33.61145],[135.92849,33.61084],[135.92797,33.61046],[135.92787,33.60909],[135.92904,33.61004],[135.93084,33.61085],[135.93193,33.61075],[135.93281,33.61088],[135.93334,33.61144],[135.93326,33.61191],[135.93278,33.61197],[135.93226,33.61237],[135.93366,33.61354],[135.93436,33.61343],[135.93536,33.61253],[135.93593,33.61285],[135.93551,33.61295],[135.93536,33.61355],[135.93443,33.61415],[135.93553,33.6151],[135.93653,33.61508],[135.93694,33.61453],[135.93695,33.61411],[135.93802,33.61364],[135.93844,33.61414],[135.93815,33.61459],[135.93872,33.61449],[135.93881,33.6149],[135.93834,33.61566],[135.93849,33.61606],[135.9378,33.61591],[135.93709,33.61641],[135.9367,33.61645],[135.93649,33.61742],[135.936,33.61736],[135.93614,33.61798],[135.93418,33.61767],[135.9329,33.61822],[135.9307,33.61854],[135.9306,33.61654],[135.93021,33.61624],[135.92959,33.61527],[135.9281,33.61488],[135.92807,33.61326]]]]}},{"type":"Feature","properties":{"nm":"古座川町","b":[135.63,33.5168,135.8401,33.7282],"c":[135.73563,33.61137]},"geometry":{"type":"Polygon","coordinates":[[[135.8228,33.61339],[135.82233,33.61415],[135.82205,33.61452],[135.81992,33.61572],[135.81997,33.61588],[135.82004,33.61596],[135.82035,33.61635],[135.82046,33.61649],[135.82072,33.61697],[135.8208,33.61766],[135.82076,33.618],[135.82067,33.61836],[135.82053,33.619],[135.8208,33.6198],[135.82082,33.62008],[135.82078,33.6203],[135.8206,33.62061],[135.82013,33.62099],[135.81956,33.62133],[135.81934,33.62143],[135.81906,33.62182],[135.81869,33.62253],[135.81847,33.62275],[135.81802,33.62313],[135.81757,33.62345],[135.81738,33.62367],[135.81729,33.62391],[135.81719,33.62426],[135.81713,33.62455],[135.81711,33.62465],[135.8171,33.62522],[135.81698,33.62526],[135.81657,33.62533],[135.81627,33.62545],[135.81603,33.62548],[135.81568,33.6255],[135.81536,33.62562],[135.81509,33.62572],[135.8147,33.62596],[135.81447,33.62626],[135.81424,33.62647],[135.81415,33.62656],[135.81388,33.62679],[135.81331,33.62683],[135.81302,33.62695],[135.81293,33.62708],[135.81258,33.6274],[135.81241,33.62765],[135.81232,33.6279],[135.81235,33.62808],[135.81266,33.62873],[135.81251,33.629],[135.81227,33.62939],[135.8122,33.62959],[135.81177,33.63043],[135.81175,33.63059],[135.81143,33.63081],[135.81096,33.6308],[135.81076,33.63083],[135.81024,33.631],[135.8096,33.63125],[135.80934,33.63131],[135.80923,33.63134],[135.80894,33.6315],[135.80877,33.63157],[135.80837,33.63165],[135.80825,33.63168],[135.80792,33.63174],[135.8079,33.6318],[135.80788,33.63192],[135.80761,33.63247],[135.8076,33.63265],[135.80733,33.63302],[135.80702,33.63344],[135.80687,33.63353],[135.80658,33.63371],[135.80634,33.63393],[135.80624,33.63399],[135.80598,33.63418],[135.80565,33.63473],[135.80508,33.63568],[135.80518,33.63632],[135.80506,33.63652],[135.8051,33.63703],[135.80486,33.63784],[135.80449,33.63846],[135.80419,33.63913],[135.80417,33.63979],[135.80436,33.64003],[135.80436,33.6402],[135.80439,33.64051],[135.80439,33.64093],[135.80443,33.64125],[135.80453,33.64152],[135.80469,33.64211],[135.80412,33.64247],[135.80355,33.64277],[135.80257,33.64285],[135.80227,33.64291],[135.80151,33.64328],[135.80135,33.64343],[135.80146,33.64373],[135.8016,33.64435],[135.80169,33.64482],[135.80204,33.64565],[135.8029,33.64636],[135.80279,33.64667],[135.80264,33.64701],[135.80237,33.64765],[135.80221,33.64803],[135.80207,33.64858],[135.80186,33.6493],[135.80168,33.64962],[135.80106,33.65011],[135.80059,33.65051],[135.80033,33.65094],[135.80039,33.65127],[135.80033,33.65196],[135.80005,33.65283],[135.8002,33.6539],[135.80092,33.65431],[135.80064,33.65482],[135.80043,33.65511],[135.80024,33.65527],[135.80007,33.65539],[135.80001,33.65545],[135.79971,33.656],[135.79947,33.65665],[135.79943,33.65682],[135.79855,33.658],[135.79802,33.65831],[135.79756,33.65871],[135.79731,33.65946],[135.79729,33.65956],[135.79723,33.66008],[135.7972,33.66087],[135.79743,33.66186],[135.79761,33.66225],[135.79844,33.66223],[135.79868,33.66243],[135.79861,33.66341],[135.79843,33.66402],[135.79769,33.66493],[135.79762,33.66724],[135.79756,33.6676],[135.79712,33.66877],[135.79684,33.6685],[135.795,33.66819],[135.79346,33.66773],[135.79327,33.66909],[135.79346,33.66989],[135.79403,33.66998],[135.79506,33.6698],[135.79474,33.67054],[135.79577,33.67083],[135.79573,33.67118],[135.79654,33.67188],[135.79674,33.67244],[135.79678,33.67416],[135.79537,33.67587],[135.79383,33.67694],[135.79312,33.67724],[135.79158,33.67724],[135.79162,33.67716],[135.79145,33.67731],[135.79107,33.67758],[135.79023,33.67811],[135.78969,33.67784],[135.7889,33.67817],[135.78889,33.67756],[135.78851,33.67723],[135.78789,33.67752],[135.78821,33.67777],[135.788,33.67851],[135.78747,33.67889],[135.78694,33.67962],[135.78732,33.67999],[135.78787,33.67984],[135.78741,33.6804],[135.78643,33.68015],[135.78415,33.6808],[135.78276,33.6814],[135.78222,33.68212],[135.78132,33.68222],[135.77913,33.68321],[135.77932,33.68441],[135.7799,33.6845],[135.78031,33.68487],[135.7809,33.68623],[135.78092,33.6871],[135.78002,33.68791],[135.7797,33.68848],[135.77942,33.6896],[135.77943,33.69012],[135.78007,33.69092],[135.78082,33.69147],[135.78101,33.69184],[135.78114,33.69317],[135.78227,33.69482],[135.78182,33.69612],[135.78138,33.69667],[135.78017,33.69672],[135.77871,33.69765],[135.77834,33.69768],[135.77729,33.69714],[135.777,33.69772],[135.77711,33.69898],[135.77765,33.69998],[135.77756,33.70053],[135.77786,33.70098],[135.77848,33.7026],[135.77759,33.70243],[135.77648,33.70251],[135.77503,33.70306],[135.7743,33.70367],[135.7736,33.70384],[135.77252,33.70227],[135.7723,33.70156],[135.77165,33.70038],[135.76973,33.70038],[135.76913,33.7008],[135.76812,33.70084],[135.76718,33.70021],[135.76616,33.7001],[135.76566,33.70026],[135.7653,33.70099],[135.76411,33.70129],[135.76372,33.70174],[135.76293,33.70214],[135.7618,33.70322],[135.76106,33.70281],[135.75865,33.70255],[135.75816,33.70232],[135.7578,33.70169],[135.75698,33.70084],[135.75754,33.69953],[135.75749,33.69835],[135.75544,33.69795],[135.75404,33.69741],[135.75197,33.69804],[135.75094,33.69807],[135.74981,33.69902],[135.74907,33.70036],[135.74879,33.70255],[135.74895,33.70405],[135.74883,33.70531],[135.75011,33.70685],[135.7502,33.70731],[135.75098,33.7081],[135.75108,33.70868],[135.75074,33.70943],[135.74983,33.7108],[135.74919,33.71138],[135.74945,33.71219],[135.74897,33.7134],[135.74815,33.71438],[135.74771,33.71519],[135.74697,33.71581],[135.74627,33.71551],[135.74388,33.71554],[135.74326,33.71529],[135.74227,33.71542],[135.73997,33.71688],[135.73952,33.71744],[135.7393,33.71836],[135.73896,33.71883],[135.73873,33.71983],[135.73894,33.72118],[135.73867,33.72222],[135.73838,33.72258],[135.73659,33.72294],[135.73555,33.72355],[135.73427,33.72477],[135.73365,33.72496],[135.73245,33.72495],[135.73131,33.72515],[135.7302,33.72551],[135.72832,33.72536],[135.7275,33.72548],[135.7259,33.72677],[135.7245,33.72677],[135.72376,33.72699],[135.72273,33.72773],[135.72239,33.72773],[135.72155,33.72706],[135.71981,33.72702],[135.71797,33.72752],[135.71719,33.72785],[135.71646,33.72823],[135.71603,33.7282],[135.71386,33.72696],[135.7141,33.72521],[135.71461,33.72375],[135.71551,33.7227],[135.71585,33.72178],[135.71601,33.7207],[135.71675,33.71984],[135.71591,33.71907],[135.71547,33.71758],[135.71475,33.71708],[135.71429,33.7164],[135.71452,33.71558],[135.71414,33.71507],[135.71268,33.71423],[135.71189,33.71322],[135.71159,33.71235],[135.711,33.71161],[135.70888,33.7112],[135.70841,33.71229],[135.7076,33.71316],[135.70694,33.71429],[135.70488,33.71521],[135.70379,33.71587],[135.70236,33.71569],[135.70184,33.71471],[135.70065,33.71392],[135.69894,33.71365],[135.69793,33.7141],[135.69681,33.71429],[135.69634,33.71418],[135.69528,33.71344],[135.69397,33.7131],[135.69237,33.71218],[135.69158,33.71157],[135.69064,33.71024],[135.69004,33.7088],[135.69046,33.70839],[135.69009,33.70728],[135.69019,33.7068],[135.68936,33.70525],[135.68921,33.70354],[135.688,33.70279],[135.68685,33.70164],[135.68524,33.69933],[135.68434,33.69844],[135.68389,33.69748],[135.68316,33.69673],[135.68253,33.69631],[135.68018,33.69525],[135.67966,33.69445],[135.67842,33.69309],[135.67764,33.69209],[135.67545,33.6914],[135.67453,33.69042],[135.67327,33.68999],[135.67202,33.68998],[135.67105,33.68984],[135.66948,33.68983],[135.66791,33.68962],[135.66524,33.68954],[135.66412,33.69002],[135.66293,33.69016],[135.65858,33.6896],[135.65724,33.68924],[135.65602,33.68903],[135.6554,33.68908],[135.65502,33.68859],[135.65439,33.68721],[135.65331,33.68558],[135.65296,33.68423],[135.65271,33.68251],[135.65272,33.68154],[135.65243,33.68],[135.65197,33.67894],[135.65166,33.6777],[135.65175,33.67697],[135.65286,33.67611],[135.65481,33.67381],[135.65475,33.67343],[135.65285,33.67169],[135.65216,33.67124],[135.65128,33.66986],[135.65079,33.66892],[135.65088,33.66697],[135.65034,33.66616],[135.65014,33.66547],[135.65017,33.66463],[135.65,33.6637],[135.65124,33.66291],[135.65214,33.66262],[135.65304,33.66269],[135.65379,33.66257],[135.65461,33.66125],[135.6561,33.66025],[135.65754,33.65975],[135.65779,33.65955],[135.65761,33.65901],[135.65793,33.65834],[135.65801,33.65788],[135.65764,33.65665],[135.65891,33.65653],[135.66058,33.65562],[135.66171,33.65558],[135.66218,33.65526],[135.66314,33.65437],[135.66508,33.65346],[135.66647,33.65351],[135.66664,33.65341],[135.66703,33.65293],[135.66745,33.65137],[135.66788,33.65057],[135.66783,33.64986],[135.66723,33.64918],[135.66683,33.64888],[135.6661,33.64846],[135.66558,33.64785],[135.6646,33.64771],[135.66335,33.64684],[135.6623,33.64626],[135.66162,33.64526],[135.66094,33.64426],[135.6594,33.64273],[135.65843,33.64208],[135.65771,33.64137],[135.65725,33.64068],[135.65698,33.63971],[135.65625,33.63887],[135.65475,33.63829],[135.65432,33.63828],[135.65281,33.63775],[135.65174,33.63776],[135.64982,33.63721],[135.64934,33.6374],[135.6482,33.63734],[135.64753,33.63664],[135.64651,33.63628],[135.64474,33.63536],[135.64336,33.63546],[135.64182,33.63537],[135.64168,33.63524],[135.6417,33.63415],[135.64097,33.63365],[135.64049,33.63292],[135.64076,33.63206],[135.64074,33.63163],[135.64003,33.63081],[135.64002,33.63042],[135.64037,33.62994],[135.64068,33.62885],[135.64091,33.62878],[135.64123,33.62865],[135.64145,33.62765],[135.64243,33.62676],[135.6429,33.62658],[135.64327,33.62591],[135.64387,33.62483],[135.64392,33.624],[135.64366,33.62307],[135.64608,33.622],[135.64673,33.62132],[135.64726,33.62102],[135.64765,33.61984],[135.64799,33.61947],[135.6483,33.61815],[135.64908,33.6172],[135.64943,33.61655],[135.64975,33.61521],[135.65136,33.61292],[135.65253,33.61211],[135.65344,33.61135],[135.65492,33.60892],[135.65521,33.60756],[135.65524,33.60729],[135.65578,33.60597],[135.65667,33.60526],[135.65696,33.60438],[135.65759,33.60371],[135.65789,33.60301],[135.65824,33.60189],[135.65983,33.59912],[135.66062,33.59795],[135.66126,33.59764],[135.66232,33.59744],[135.66366,33.59697],[135.6643,33.5961],[135.66549,33.59562],[135.66632,33.59512],[135.66696,33.59445],[135.66741,33.5933],[135.66766,33.59226],[135.66818,33.59151],[135.6677,33.58971],[135.66691,33.58971],[135.66407,33.58908],[135.66404,33.5893],[135.66413,33.58955],[135.66466,33.59045],[135.6648,33.59128],[135.66463,33.59161],[135.66409,33.59189],[135.66373,33.59184],[135.66215,33.58963],[135.66193,33.58772],[135.66192,33.58624],[135.66152,33.58537],[135.66177,33.58494],[135.66162,33.5843],[135.66239,33.58257],[135.66238,33.58143],[135.66218,33.5807],[135.66268,33.57997],[135.66179,33.57822],[135.6615,33.57787],[135.661,33.5777],[135.66075,33.57729],[135.66071,33.57596],[135.66023,33.57569],[135.65986,33.57581],[135.65859,33.57667],[135.6573,33.57686],[135.65615,33.57667],[135.65528,33.57583],[135.65458,33.57615],[135.65378,33.57597],[135.65254,33.57573],[135.65167,33.57575],[135.651,33.57605],[135.64899,33.57648],[135.64833,33.57616],[135.64744,33.57601],[135.6464,33.57628],[135.64584,33.57723],[135.64501,33.57801],[135.64461,33.57816],[135.64342,33.57817],[135.64294,33.57848],[135.64207,33.5787],[135.64112,33.57957],[135.64051,33.57941],[135.63906,33.57946],[135.6376,33.57986],[135.63683,33.57988],[135.63504,33.57964],[135.63411,33.57986],[135.63161,33.5796],[135.63032,33.57783],[135.63014,33.57709],[135.62995,33.57624],[135.63077,33.57385],[135.63153,33.57312],[135.63198,33.57259],[135.63278,33.57202],[135.63364,33.57088],[135.6346,33.57065],[135.63594,33.57066],[135.63704,33.57032],[135.63805,33.57018],[135.63917,33.56846],[135.63992,33.56798],[135.64167,33.56748],[135.64206,33.56664],[135.6441,33.56672],[135.64497,33.56631],[135.64589,33.5662],[135.64754,33.56557],[135.64858,33.56546],[135.64955,33.56561],[135.65046,33.56615],[135.65136,33.56587],[135.65206,33.56518],[135.65215,33.5646],[135.65262,33.56343],[135.65276,33.56265],[135.6533,33.56218],[135.65351,33.56103],[135.65419,33.56071],[135.6547,33.55954],[135.65517,33.55902],[135.65566,33.55898],[135.65696,33.55833],[135.65873,33.55671],[135.66058,33.55664],[135.66157,33.55624],[135.6625,33.55568],[135.66299,33.55441],[135.66279,33.55292],[135.66261,33.55246],[135.66198,33.55204],[135.66219,33.55142],[135.662,33.55018],[135.66212,33.54864],[135.66277,33.54807],[135.66262,33.54715],[135.66312,33.54575],[135.66375,33.54507],[135.6644,33.54483],[135.66504,33.54368],[135.66449,33.54216],[135.66519,33.54115],[135.66535,33.54037],[135.66487,33.53994],[135.66556,33.53905],[135.66579,33.53785],[135.6662,33.53669],[135.66637,33.53603],[135.66653,33.53448],[135.66677,33.53392],[135.66645,33.53282],[135.66654,33.53179],[135.66683,33.53057],[135.66736,33.53068],[135.66862,33.53049],[135.66953,33.52996],[135.67057,33.53013],[135.67234,33.53],[135.67351,33.529],[135.67343,33.52853],[135.67484,33.52804],[135.67519,33.52689],[135.67565,33.52661],[135.67758,33.52702],[135.67921,33.52689],[135.6801,33.52713],[135.68106,33.52706],[135.68163,33.52562],[135.68215,33.52493],[135.68234,33.52408],[135.68185,33.52338],[135.68191,33.52276],[135.68331,33.52276],[135.684,33.52216],[135.68454,33.522],[135.6859,33.52086],[135.68633,33.52104],[135.68718,33.52102],[135.68815,33.52082],[135.68938,33.52125],[135.68999,33.52173],[135.69124,33.52188],[135.6929,33.52194],[135.69393,33.52157],[135.69514,33.52135],[135.69661,33.52088],[135.69762,33.51969],[135.69925,33.51981],[135.70007,33.51975],[135.70115,33.51946],[135.70149,33.52166],[135.70111,33.52222],[135.70103,33.52292],[135.70203,33.52364],[135.70191,33.52396],[135.70252,33.52461],[135.70343,33.52608],[135.70401,33.52619],[135.70483,33.52702],[135.70483,33.52759],[135.70565,33.52773],[135.70698,33.52753],[135.70721,33.52824],[135.70759,33.52858],[135.70793,33.53015],[135.70828,33.53038],[135.7085,33.53038],[135.70898,33.53034],[135.70969,33.53048],[135.7101,33.53067],[135.71073,33.53082],[135.71121,33.53092],[135.71145,33.531],[135.71208,33.53088],[135.7129,33.53099],[135.71364,33.53089],[135.71405,33.53079],[135.7148,33.53104],[135.71549,33.53148],[135.71657,33.53159],[135.71722,33.53183],[135.71776,33.53218],[135.7182,33.53197],[135.71995,33.53205],[135.72067,33.53198],[135.72202,33.53129],[135.72231,33.53128],[135.72251,33.53128],[135.72335,33.53079],[135.72451,33.5308],[135.72508,33.53052],[135.7262,33.52996],[135.72786,33.52979],[135.72922,33.53014],[135.72966,33.53],[135.73015,33.52983],[135.73109,33.5298],[135.73156,33.52891],[135.7321,33.52849],[135.73296,33.52799],[135.73339,33.52764],[135.73394,33.52707],[135.73405,33.52651],[135.73419,33.52626],[135.73517,33.52582],[135.73561,33.52569],[135.7359,33.52576],[135.73625,33.5258],[135.73637,33.52474],[135.73619,33.5242],[135.73634,33.52378],[135.73632,33.52323],[135.73644,33.52292],[135.73665,33.52264],[135.73665,33.52213],[135.73661,33.52175],[135.737,33.5209],[135.73734,33.52048],[135.73749,33.52039],[135.73813,33.52023],[135.73899,33.51974],[135.73977,33.51945],[135.74039,33.51942],[135.74065,33.51891],[135.74077,33.51831],[135.74102,33.51816],[135.7417,33.51755],[135.74296,33.51729],[135.74352,33.51714],[135.74378,33.51707],[135.74524,33.5169],[135.7455,33.51691],[135.74576,33.51679],[135.74675,33.51801],[135.74697,33.51803],[135.74758,33.51835],[135.74782,33.51906],[135.74814,33.5194],[135.74824,33.5196],[135.74838,33.51961],[135.74895,33.51927],[135.74964,33.51887],[135.74993,33.51853],[135.75029,33.51841],[135.75042,33.51831],[135.75073,33.51821],[135.75144,33.51924],[135.7515,33.51956],[135.75199,33.52011],[135.75201,33.52047],[135.75182,33.52082],[135.75181,33.52088],[135.75207,33.52108],[135.75257,33.52124],[135.75269,33.52132],[135.75311,33.52177],[135.75325,33.52193],[135.7534,33.522],[135.75418,33.52201],[135.75483,33.52201],[135.7558,33.52209],[135.75606,33.52211],[135.75665,33.52221],[135.75708,33.52248],[135.75774,33.52238],[135.758,33.52221],[135.75876,33.522],[135.75888,33.52197],[135.75901,33.522],[135.75935,33.52226],[135.75942,33.52229],[135.76019,33.52204],[135.76051,33.52191],[135.7609,33.52194],[135.76168,33.52197],[135.76222,33.52164],[135.76243,33.52153],[135.76299,33.52142],[135.76334,33.52159],[135.76398,33.52173],[135.76474,33.52188],[135.76531,33.52223],[135.76556,33.52223],[135.76633,33.52189],[135.76741,33.52168],[135.76783,33.52144],[135.76868,33.52128],[135.76937,33.52125],[135.76991,33.52099],[135.7702,33.52099],[135.77061,33.52119],[135.77091,33.5213],[135.77114,33.52126],[135.77123,33.52127],[135.77138,33.52144],[135.77157,33.52159],[135.77175,33.52184],[135.77214,33.52215],[135.77313,33.5223],[135.77366,33.52245],[135.77414,33.52247],[135.77437,33.5222],[135.77526,33.5216],[135.77533,33.52156],[135.77599,33.52163],[135.77655,33.5212],[135.7773,33.52103],[135.77793,33.52117],[135.77883,33.52204],[135.78007,33.52199],[135.7806,33.52216],[135.78115,33.52271],[135.78139,33.5241],[135.78355,33.5253],[135.78377,33.52552],[135.78312,33.52645],[135.78312,33.52674],[135.78428,33.52746],[135.78493,33.52768],[135.7852,33.52749],[135.7853,33.52651],[135.78679,33.52513],[135.78749,33.52523],[135.7883,33.52585],[135.78997,33.52594],[135.79159,33.52624],[135.79296,33.5265],[135.79396,33.52685],[135.79459,33.52743],[135.79578,33.52704],[135.79702,33.52742],[135.79809,33.52744],[135.79975,33.52779],[135.79994,33.52822],[135.79976,33.52874],[135.80003,33.52919],[135.79992,33.52982],[135.80047,33.53088],[135.80098,33.53117],[135.80129,33.53169],[135.80394,33.5326],[135.80514,33.53296],[135.80532,33.53318],[135.80514,33.53399],[135.80539,33.53417],[135.80693,33.53426],[135.80804,33.53534],[135.80864,33.53679],[135.80899,33.53692],[135.80997,33.5366],[135.81017,33.53618],[135.81032,33.53575],[135.81107,33.53492],[135.81452,33.53055],[135.81501,33.5299],[135.81513,33.52976],[135.81671,33.52788],[135.81836,33.52563],[135.82164,33.52204],[135.82362,33.52331],[135.82467,33.52411],[135.82513,33.52513],[135.82542,33.52624],[135.82645,33.52744],[135.82682,33.52843],[135.82671,33.52895],[135.82612,33.52931],[135.82565,33.53076],[135.82465,33.53216],[135.82472,33.53321],[135.8255,33.5352],[135.82599,33.53568],[135.82681,33.53602],[135.82786,33.53591],[135.82876,33.53566],[135.82944,33.53573],[135.8303,33.5362],[135.83187,33.53635],[135.83305,33.53593],[135.83481,33.53601],[135.8356,33.53767],[135.83651,33.53855],[135.83618,33.53937],[135.83661,33.54043],[135.83654,33.54208],[135.83582,33.54256],[135.83594,33.54296],[135.83519,33.54366],[135.83344,33.54443],[135.83344,33.54515],[135.83235,33.54568],[135.83254,33.54656],[135.83177,33.54734],[135.83183,33.54835],[135.83144,33.5493],[135.83183,33.5502],[135.83154,33.5507],[135.83175,33.5515],[135.83121,33.55246],[135.831,33.55324],[135.82842,33.55482],[135.82924,33.55662],[135.82854,33.55858],[135.82913,33.55897],[135.82893,33.56024],[135.82905,33.5608],[135.82991,33.56156],[135.83071,33.56104],[135.83106,33.56102],[135.83156,33.56183],[135.83254,33.56214],[135.83316,33.56192],[135.83427,33.56229],[135.83473,33.56319],[135.83512,33.56353],[135.83498,33.5642],[135.83526,33.56493],[135.83509,33.56581],[135.83548,33.56754],[135.8357,33.56974],[135.83596,33.5705],[135.83705,33.57116],[135.83776,33.57238],[135.83878,33.57295],[135.83983,33.5742],[135.84015,33.57518],[135.84011,33.57597],[135.83983,33.5767],[135.83997,33.57815],[135.83928,33.57931],[135.83956,33.57985],[135.83944,33.58122],[135.8389,33.58154],[135.83873,33.58199],[135.83736,33.58254],[135.8363,33.58334],[135.83558,33.58373],[135.83447,33.58332],[135.83303,33.58311],[135.83252,33.58366],[135.83068,33.58353],[135.83017,33.584],[135.8287,33.58486],[135.82767,33.58575],[135.82731,33.58581],[135.82665,33.58507],[135.8251,33.58507],[135.8236,33.58638],[135.82229,33.58737],[135.8217,33.58819],[135.82173,33.58863],[135.8226,33.58957],[135.82283,33.59135],[135.82227,33.59231],[135.82277,33.5934],[135.82405,33.59373],[135.82455,33.59457],[135.82446,33.59496],[135.82491,33.59577],[135.82372,33.59709],[135.82306,33.59815],[135.82296,33.59918],[135.82268,33.6003],[135.82202,33.60035],[135.82082,33.60268],[135.81961,33.60436],[135.81837,33.60542],[135.8186,33.60638],[135.81848,33.60698],[135.81783,33.60748],[135.81807,33.60815],[135.81787,33.60914],[135.81836,33.60937],[135.81948,33.60941],[135.82044,33.60978],[135.82184,33.60988],[135.82235,33.61012],[135.82379,33.61032],[135.82394,33.61129],[135.8237,33.61173],[135.8228,33.61339]],[[135.81087,33.53662],[135.8108,33.53678],[135.81154,33.53702],[135.81087,33.53662]],[[135.7606,33.58382],[135.75983,33.5847],[135.76057,33.58389],[135.7606,33.58382]],[[135.69726,33.6143],[135.69558,33.61523],[135.70168,33.61188],[135.69726,33.6143]]]}},{"type":"Feature","properties":{"nm":"北山村","b":[135.8924,33.9141,136.0134,34.0099],"c":[135.95138,33.95982]},"geometry":{"type":"Polygon","coordinates":[[[135.97452,33.98598],[135.97287,33.98569],[135.9721,33.98569],[135.97095,33.98593],[135.96961,33.986],[135.96835,33.98592],[135.9674,33.9857],[135.96516,33.98538],[135.96405,33.98533],[135.96236,33.98448],[135.96156,33.98455],[135.961,33.98459],[135.95963,33.98321],[135.95863,33.98185],[135.95776,33.98127],[135.95614,33.98077],[135.95423,33.98037],[135.95361,33.98049],[135.95317,33.98085],[135.95191,33.981],[135.95011,33.98075],[135.94862,33.98083],[135.9476,33.98071],[135.94678,33.98042],[135.94601,33.9796],[135.94516,33.97933],[135.94441,33.97801],[135.94372,33.97756],[135.94377,33.97673],[135.94342,33.97652],[135.94185,33.97604],[135.94139,33.97568],[135.94043,33.97726],[135.9399,33.97767],[135.93981,33.97805],[135.94045,33.97973],[135.94044,33.9801],[135.93994,33.98051],[135.93854,33.98096],[135.93765,33.98085],[135.93547,33.98019],[135.93452,33.9801],[135.93292,33.98025],[135.93112,33.98064],[135.92935,33.98033],[135.92853,33.98045],[135.92674,33.9814],[135.92577,33.98113],[135.92483,33.97941],[135.92391,33.97884],[135.92219,33.97856],[135.92145,33.97796],[135.91995,33.97651],[135.91873,33.97493],[135.91768,33.97437],[135.91566,33.97264],[135.91516,33.97127],[135.91544,33.96996],[135.91538,33.96916],[135.91593,33.96784],[135.91506,33.9661],[135.91341,33.9651],[135.9124,33.96417],[135.912,33.96407],[135.91046,33.96437],[135.90872,33.96402],[135.90726,33.96338],[135.90671,33.96291],[135.90707,33.96246],[135.90675,33.96195],[135.90676,33.96126],[135.90706,33.95956],[135.9069,33.95838],[135.90608,33.95768],[135.90515,33.95609],[135.90453,33.95546],[135.90301,33.95467],[135.90211,33.95383],[135.90119,33.95392],[135.90053,33.95378],[135.89792,33.95378],[135.89718,33.95411],[135.89716,33.95252],[135.89605,33.95189],[135.89493,33.95096],[135.89466,33.95049],[135.89364,33.9499],[135.89405,33.94923],[135.89484,33.94911],[135.89452,33.94834],[135.89383,33.9481],[135.89334,33.94688],[135.89246,33.94612],[135.89237,33.9455],[135.89299,33.94481],[135.89319,33.94431],[135.89319,33.94284],[135.89252,33.94175],[135.89274,33.94082],[135.89363,33.93989],[135.89307,33.9392],[135.89316,33.93879],[135.89389,33.93876],[135.89457,33.93822],[135.89484,33.9365],[135.89557,33.93627],[135.89565,33.93541],[135.8967,33.93506],[135.89709,33.93454],[135.89771,33.93424],[135.89808,33.93378],[135.89828,33.93192],[135.89857,33.93073],[135.89841,33.92999],[135.89874,33.92904],[135.89831,33.92805],[135.89857,33.92747],[135.89838,33.92685],[135.89896,33.92604],[135.89924,33.92522],[135.89975,33.92476],[135.9005,33.92453],[135.90186,33.92436],[135.90271,33.92409],[135.90318,33.92434],[135.90471,33.92567],[135.90978,33.92265],[135.90988,33.92246],[135.90941,33.92107],[135.90907,33.91852],[135.91001,33.91853],[135.91211,33.91885],[135.91558,33.91979],[135.91643,33.91987],[135.9172,33.91974],[135.91879,33.91893],[135.91937,33.91831],[135.91991,33.9174],[135.92092,33.91697],[135.9212,33.91666],[135.92179,33.91534],[135.9218,33.91431],[135.922,33.91407],[135.92341,33.91412],[135.92889,33.91595],[135.93271,33.91691],[135.93322,33.9172],[135.93403,33.91826],[135.93448,33.91931],[135.93455,33.91987],[135.93369,33.92154],[135.93298,33.92237],[135.93178,33.92302],[135.93065,33.92332],[135.9291,33.92311],[135.92846,33.92284],[135.92742,33.92207],[135.92594,33.92072],[135.92441,33.91993],[135.92338,33.91979],[135.92075,33.92044],[135.91952,33.92095],[135.91866,33.92168],[135.91773,33.92272],[135.91727,33.92419],[135.91734,33.92536],[135.91791,33.92665],[135.91809,33.92759],[135.9183,33.92953],[135.91877,33.93126],[135.91923,33.93204],[135.92026,33.93319],[135.92173,33.93424],[135.92252,33.93452],[135.92434,33.93467],[135.92602,33.93456],[135.92708,33.93476],[135.92807,33.93466],[135.93033,33.93338],[135.93131,33.93343],[135.9313,33.93379],[135.92931,33.93651],[135.92825,33.93841],[135.92786,33.9398],[135.92786,33.9406],[135.92825,33.94114],[135.9294,33.9414],[135.9303,33.94116],[135.93228,33.94011],[135.93386,33.93955],[135.93572,33.93923],[135.93693,33.93912],[135.93828,33.93917],[135.94,33.93938],[135.9423,33.93982],[135.94354,33.93976],[135.94462,33.93927],[135.94652,33.93797],[135.94814,33.93734],[135.95152,33.9368],[135.9562,33.93503],[135.95774,33.93433],[135.9586,33.93373],[135.96188,33.93065],[135.96411,33.92869],[135.96483,33.92814],[135.96572,33.92776],[135.96659,33.92769],[135.96714,33.92785],[135.96836,33.92851],[135.96962,33.92995],[135.97049,33.93205],[135.97126,33.93329],[135.97159,33.9334],[135.97249,33.93486],[135.97281,33.93598],[135.97361,33.93794],[135.97529,33.94092],[135.9757,33.94291],[135.9759,33.94523],[135.97613,33.94581],[135.97731,33.94712],[135.97742,33.94767],[135.97795,33.95165],[135.97723,33.95315],[135.97699,33.95405],[135.97727,33.95667],[135.97732,33.95773],[135.97689,33.95882],[135.97567,33.95993],[135.97508,33.96064],[135.97495,33.96137],[135.97449,33.96242],[135.97501,33.96316],[135.9762,33.96586],[135.97696,33.96675],[135.97814,33.96731],[135.98058,33.96797],[135.98167,33.96818],[135.9854,33.96858],[135.98709,33.96819],[135.98857,33.9673],[135.98961,33.96651],[135.99196,33.96453],[135.99239,33.96367],[135.99287,33.96176],[135.99322,33.96107],[135.99419,33.95977],[135.99541,33.95843],[135.99716,33.95678],[135.99845,33.95607],[135.9992,33.95578],[136.00044,33.95598],[136.00155,33.95743],[136.00227,33.96029],[136.00313,33.96231],[136.00339,33.96261],[136.01049,33.96568],[136.01229,33.96732],[136.01309,33.96884],[136.01342,33.96981],[136.01323,33.97444],[136.01308,33.97505],[136.01203,33.9762],[136.00863,33.97861],[136.00764,33.97975],[136.00449,33.98463],[136.00424,33.9854],[136.00404,33.98668],[136.00453,33.98986],[136.0045,33.99077],[136.00404,33.99172],[136.0034,33.99229],[135.9978,33.9971],[135.99746,33.9976],[135.99662,33.99837],[135.99587,33.99936],[135.99539,34.00052],[135.99536,34.0013],[135.99561,34.00182],[135.99642,34.00233],[135.99716,34.00253],[136.00143,34.00146],[136.00292,34.00143],[136.00417,34.00184],[136.00527,34.00305],[136.00565,34.0051],[136.00687,34.00719],[136.00683,34.00793],[136.00604,34.00896],[136.00475,34.00955],[136.00361,34.00989],[136.00274,34.00727],[136.00234,34.00677],[136.00143,34.0061],[136.00083,34.00593],[135.99959,34.00619],[135.99833,34.00608],[135.99775,34.00579],[135.99719,34.00523],[135.99568,34.00504],[135.99475,34.00507],[135.99337,34.00488],[135.99202,34.00392],[135.99106,34.00382],[135.98949,34.00228],[135.98947,34.00087],[135.98891,34.00019],[135.98895,33.99903],[135.98878,33.99834],[135.98667,33.9967],[135.98496,33.99484],[135.98485,33.99427],[135.98528,33.99284],[135.98514,33.99212],[135.98483,33.99174],[135.98369,33.99138],[135.98288,33.99133],[135.98224,33.99088],[135.9796,33.99062],[135.97897,33.99036],[135.97815,33.98972],[135.97725,33.9896],[135.97627,33.98837],[135.97596,33.98695],[135.97511,33.98615],[135.97452,33.98598]]]}},{"type":"Feature","properties":{"nm":"串本町","b":[135.6217,33.4329,135.8993,33.5876],"c":[135.7585,33.51824]},"geometry":{"type":"MultiPolygon","coordinates":[[[[135.7817,33.47104],[135.78406,33.47118],[135.7854,33.47493],[135.78448,33.47484],[135.78419,33.47404],[135.78348,33.4742],[135.78384,33.47441],[135.78371,33.47495],[135.78421,33.47505],[135.78408,33.47547],[135.78456,33.47608],[135.78518,33.47654],[135.78586,33.47613],[135.78967,33.48057],[135.7887,33.48181],[135.7891,33.48212],[135.78936,33.48288],[135.78973,33.4829],[135.79019,33.48386],[135.79168,33.48513],[135.7931,33.48582],[135.79414,33.48598],[135.79437,33.48487],[135.79438,33.4858],[135.79408,33.48684],[135.79459,33.48853],[135.79551,33.48917],[135.79472,33.48948],[135.79534,33.48946],[135.79555,33.48972],[135.795,33.49084],[135.79492,33.49173],[135.79526,33.49247],[135.79601,33.4935],[135.79708,33.49427],[135.79695,33.49498],[135.79721,33.49543],[135.79705,33.49639],[135.79788,33.49815],[135.79871,33.49923],[135.80008,33.50018],[135.80059,33.50021],[135.80133,33.49988],[135.802,33.49984],[135.80326,33.50028],[135.80405,33.50134],[135.80521,33.50232],[135.80701,33.5032],[135.80713,33.50287],[135.808,33.50279],[135.80783,33.50185],[135.80921,33.50283],[135.80966,33.50287],[135.81086,33.5022],[135.81217,33.50293],[135.81249,33.50339],[135.81417,33.50485],[135.81513,33.50539],[135.81667,33.50594],[135.81841,33.50719],[135.81908,33.50952],[135.81929,33.50999],[135.81952,33.51051],[135.8205,33.51144],[135.82122,33.51175],[135.82182,33.5126],[135.82321,33.51364],[135.82419,33.51419],[135.825,33.51444],[135.8269,33.51405],[135.82836,33.51374],[135.82919,33.51389],[135.82927,33.51339],[135.8298,33.51367],[135.82974,33.51311],[135.83042,33.51328],[135.83118,33.51272],[135.8311,33.51351],[135.83182,33.51368],[135.8324,33.51372],[135.83247,33.51295],[135.83283,33.51344],[135.83328,33.51367],[135.83472,33.51317],[135.83547,33.51317],[135.83588,33.51245],[135.83608,33.51261],[135.83663,33.51222],[135.83588,33.51344],[135.83472,33.51378],[135.83492,33.51417],[135.83664,33.51368],[135.83696,33.51322],[135.83725,33.51194],[135.83754,33.51225],[135.83833,33.5125],[135.83867,33.51184],[135.83914,33.51227],[135.83811,33.5135],[135.83894,33.51256],[135.83936,33.51267],[135.83949,33.51222],[135.83963,33.513],[135.84038,33.51317],[135.84126,33.5129],[135.84154,33.51261],[135.84181,33.51306],[135.84209,33.51261],[135.84229,33.51306],[135.84276,33.51267],[135.84345,33.51333],[135.84303,33.51452],[135.84222,33.51489],[135.84209,33.51572],[135.84242,33.51617],[135.84187,33.51628],[135.84174,33.51672],[135.8427,33.51744],[135.84317,33.51712],[135.84386,33.51755],[135.84419,33.51744],[135.84453,33.51784],[135.84433,33.51877],[135.84453,33.519],[135.84529,33.51872],[135.84555,33.51906],[135.84569,33.51828],[135.84624,33.51811],[135.8459,33.51922],[135.84679,33.51928],[135.84679,33.52001],[135.84761,33.52089],[135.84856,33.52067],[135.8485,33.52044],[135.8493,33.51989],[135.84991,33.52006],[135.84999,33.5195],[135.84972,33.51884],[135.85019,33.51866],[135.85013,33.51778],[135.85074,33.51877],[135.85101,33.5185],[135.85143,33.51872],[135.85204,33.51866],[135.85231,33.51895],[135.85251,33.51856],[135.85326,33.51811],[135.85374,33.51967],[135.85312,33.52022],[135.853,33.52111],[135.85251,33.52123],[135.85258,33.52189],[135.85312,33.52222],[135.85353,33.52184],[135.85394,33.52222],[135.85442,33.52184],[135.85504,33.52245],[135.85612,33.52306],[135.85687,33.52306],[135.85674,33.52372],[135.85715,33.52339],[135.85756,33.52389],[135.85803,33.52394],[135.85878,33.52484],[135.85838,33.52516],[135.85905,33.52534],[135.85886,33.52578],[135.85933,33.52656],[135.85991,33.52641],[135.86002,33.52591],[135.86029,33.52622],[135.86073,33.52611],[135.86021,33.52689],[135.86073,33.52728],[135.86151,33.52733],[135.86223,33.52717],[135.86308,33.52641],[135.86328,33.52667],[135.8638,33.52636],[135.8643,33.52733],[135.86465,33.52742],[135.86523,33.52831],[135.86529,33.52788],[135.86584,33.52798],[135.86568,33.52824],[135.86601,33.52877],[135.86598,33.52953],[135.86621,33.52997],[135.86717,33.53031],[135.86758,33.53009],[135.86861,33.53031],[135.86877,33.53089],[135.87013,33.53145],[135.87134,33.53153],[135.87141,33.53233],[135.87106,33.53256],[135.87048,33.53333],[135.87085,33.53496],[135.87195,33.53525],[135.87211,33.53508],[135.87134,33.53439],[135.87178,33.53269],[135.87231,33.53339],[135.87332,33.53366],[135.87436,33.53364],[135.87541,33.53308],[135.8761,33.53308],[135.87572,33.53255],[135.87703,33.53201],[135.87631,33.53053],[135.87597,33.5306],[135.87567,33.53003],[135.87694,33.52984],[135.87805,33.52863],[135.87868,33.52936],[135.87845,33.53012],[135.87887,33.5305],[135.87948,33.5303],[135.87954,33.53084],[135.88041,33.53029],[135.88,33.531],[135.88032,33.53089],[135.88,33.53162],[135.88045,33.53163],[135.88116,33.53272],[135.88115,33.53357],[135.88183,33.53346],[135.88203,33.53374],[135.88147,33.53489],[135.88218,33.53563],[135.88337,33.53548],[135.88408,33.53589],[135.88508,33.53567],[135.88495,33.536],[135.88591,33.53566],[135.88598,33.5361],[135.88646,33.53556],[135.8869,33.53554],[135.88714,33.53635],[135.8878,33.53671],[135.88746,33.53717],[135.88775,33.53747],[135.88704,33.53832],[135.888,33.53873],[135.8874,33.53902],[135.88742,33.53937],[135.88818,33.53987],[135.88885,33.53988],[135.88931,33.53963],[135.89026,33.54032],[135.8909,33.53984],[135.89209,33.53971],[135.89239,33.53946],[135.89341,33.53929],[135.89346,33.53973],[135.89402,33.54001],[135.89424,33.5405],[135.89395,33.54128],[135.89355,33.5418],[135.89381,33.54215],[135.89412,33.54183],[135.89471,33.54221],[135.89421,33.54221],[135.89491,33.5428],[135.89549,33.5421],[135.89553,33.54303],[135.89604,33.54263],[135.89595,33.54306],[135.89633,33.54302],[135.89618,33.54388],[135.89587,33.54395],[135.89628,33.54441],[135.89697,33.54444],[135.89717,33.54509],[135.89799,33.54484],[135.8988,33.54502],[135.89897,33.54577],[135.89933,33.54592],[135.89912,33.54631],[135.89849,33.54656],[135.89806,33.54717],[135.89728,33.54789],[135.89626,33.54834],[135.89587,33.54886],[135.89585,33.54971],[135.89516,33.55028],[135.89462,33.55142],[135.89463,33.55231],[135.89434,33.55244],[135.89386,33.55209],[135.8926,33.55192],[135.89225,33.55229],[135.89156,33.55185],[135.89067,33.552],[135.88954,33.55247],[135.88905,33.55216],[135.88866,33.55243],[135.88782,33.55223],[135.88727,33.55229],[135.88594,33.5516],[135.88563,33.55115],[135.88419,33.55071],[135.88345,33.55075],[135.88344,33.55154],[135.88365,33.55286],[135.88387,33.55423],[135.88313,33.55573],[135.88333,33.55676],[135.88275,33.55722],[135.88195,33.55733],[135.88174,33.55768],[135.88187,33.55874],[135.88098,33.55978],[135.88083,33.56068],[135.88141,33.56148],[135.88243,33.56241],[135.8831,33.56231],[135.8844,33.56124],[135.8846,33.56231],[135.88426,33.56335],[135.88485,33.56374],[135.88547,33.56346],[135.88583,33.56358],[135.88473,33.56452],[135.88506,33.56499],[135.88437,33.56528],[135.88427,33.5659],[135.88324,33.56583],[135.88385,33.56706],[135.88378,33.56807],[135.88298,33.56829],[135.88234,33.56928],[135.88198,33.5712],[135.8817,33.57196],[135.88207,33.5723],[135.88109,33.5741],[135.88113,33.57525],[135.88148,33.57565],[135.88118,33.57645],[135.88035,33.57753],[135.88022,33.57767],[135.88044,33.57852],[135.88018,33.57897],[135.87935,33.57939],[135.8786,33.57972],[135.87806,33.57973],[135.87766,33.57977],[135.87728,33.58021],[135.87702,33.58038],[135.87662,33.58051],[135.87567,33.58145],[135.87509,33.58133],[135.87414,33.5814],[135.87323,33.58173],[135.87247,33.58168],[135.87159,33.58159],[135.87089,33.58154],[135.87026,33.58158],[135.86995,33.58149],[135.86956,33.5813],[135.86938,33.58104],[135.86935,33.58073],[135.86845,33.58025],[135.86828,33.58028],[135.86717,33.58032],[135.86614,33.58005],[135.86548,33.58037],[135.86518,33.57996],[135.86506,33.57985],[135.86433,33.57999],[135.86364,33.57972],[135.86341,33.57909],[135.86278,33.57869],[135.86253,33.5787],[135.86165,33.58145],[135.8608,33.58209],[135.86084,33.58382],[135.861,33.58423],[135.86095,33.58479],[135.86064,33.58468],[135.85995,33.58419],[135.85933,33.58353],[135.8591,33.58364],[135.85908,33.58394],[135.85926,33.58515],[135.85969,33.58614],[135.86024,33.5869],[135.86029,33.58727],[135.85991,33.5876],[135.85967,33.58751],[135.85891,33.58656],[135.85857,33.58644],[135.85683,33.58648],[135.85607,33.58601],[135.8547,33.58669],[135.85354,33.58746],[135.85277,33.58742],[135.85175,33.5867],[135.85073,33.5864],[135.84973,33.58518],[135.84791,33.58433],[135.84634,33.58395],[135.84458,33.58315],[135.84317,33.58329],[135.84194,33.58259],[135.84116,33.58289],[135.84068,33.58236],[135.8406,33.5819],[135.83944,33.58122],[135.83956,33.57985],[135.83928,33.57931],[135.83997,33.57815],[135.83983,33.5767],[135.84011,33.57597],[135.84015,33.57518],[135.83983,33.5742],[135.83878,33.57295],[135.83776,33.57238],[135.83705,33.57116],[135.83596,33.5705],[135.8357,33.56974],[135.83548,33.56754],[135.83509,33.56581],[135.83526,33.56493],[135.83498,33.5642],[135.83512,33.56353],[135.83473,33.56319],[135.83427,33.56229],[135.83316,33.56192],[135.83254,33.56214],[135.83156,33.56183],[135.83106,33.56102],[135.83071,33.56104],[135.82991,33.56156],[135.82905,33.5608],[135.82893,33.56024],[135.82913,33.55897],[135.82854,33.55858],[135.82924,33.55662],[135.82842,33.55482],[135.831,33.55324],[135.83121,33.55246],[135.83175,33.5515],[135.83154,33.5507],[135.83183,33.5502],[135.83144,33.5493],[135.83183,33.54835],[135.83177,33.54734],[135.83254,33.54656],[135.83235,33.54568],[135.83344,33.54515],[135.83344,33.54443],[135.83519,33.54366],[135.83594,33.54296],[135.83582,33.54256],[135.83654,33.54208],[135.83661,33.54043],[135.83618,33.53937],[135.83651,33.53855],[135.8356,33.53767],[135.83481,33.53601],[135.83305,33.53593],[135.83187,33.53635],[135.8303,33.5362],[135.82944,33.53573],[135.82876,33.53566],[135.82786,33.53591],[135.82681,33.53602],[135.82599,33.53568],[135.8255,33.5352],[135.82472,33.53321],[135.82465,33.53216],[135.82565,33.53076],[135.82612,33.52931],[135.82671,33.52895],[135.82682,33.52843],[135.82645,33.52744],[135.82542,33.52624],[135.82513,33.52513],[135.82467,33.52411],[135.82362,33.52331],[135.82164,33.52204],[135.81836,33.52563],[135.81671,33.52788],[135.81513,33.52976],[135.81501,33.5299],[135.81452,33.53055],[135.81107,33.53492],[135.81032,33.53575],[135.81017,33.53618],[135.80997,33.5366],[135.80899,33.53692],[135.80864,33.53679],[135.80804,33.53534],[135.80693,33.53426],[135.80539,33.53417],[135.80514,33.53399],[135.80532,33.53318],[135.80514,33.53296],[135.80394,33.5326],[135.80129,33.53169],[135.80098,33.53117],[135.80047,33.53088],[135.79992,33.52982],[135.80003,33.52919],[135.79976,33.52874],[135.79994,33.52822],[135.79975,33.52779],[135.79809,33.52744],[135.79702,33.52742],[135.79578,33.52704],[135.79459,33.52743],[135.79396,33.52685],[135.79296,33.5265],[135.79159,33.52624],[135.78997,33.52594],[135.7883,33.52585],[135.78749,33.52523],[135.78679,33.52513],[135.7853,33.52651],[135.7852,33.52749],[135.78493,33.52768],[135.78428,33.52746],[135.78312,33.52674],[135.78312,33.52645],[135.78377,33.52552],[135.78355,33.5253],[135.78139,33.5241],[135.78115,33.52271],[135.7806,33.52216],[135.78007,33.52199],[135.77883,33.52204],[135.77793,33.52117],[135.7773,33.52103],[135.77655,33.5212],[135.77599,33.52163],[135.77533,33.52156],[135.77537,33.52148],[135.77526,33.5216],[135.77437,33.5222],[135.77414,33.52247],[135.77366,33.52245],[135.77313,33.5223],[135.77214,33.52215],[135.77175,33.52184],[135.77157,33.52159],[135.77138,33.52144],[135.77123,33.52127],[135.77114,33.52126],[135.77091,33.5213],[135.77061,33.52119],[135.7702,33.52099],[135.76991,33.52099],[135.76937,33.52125],[135.76868,33.52128],[135.76783,33.52144],[135.76741,33.52168],[135.76633,33.52189],[135.76556,33.52223],[135.76531,33.52223],[135.76474,33.52188],[135.76398,33.52173],[135.76334,33.52159],[135.76299,33.52142],[135.76243,33.52153],[135.76222,33.52164],[135.76168,33.52197],[135.7609,33.52194],[135.76051,33.52191],[135.76019,33.52204],[135.75942,33.52229],[135.75935,33.52226],[135.75901,33.522],[135.75894,33.52197],[135.75888,33.52197],[135.75876,33.522],[135.758,33.52221],[135.75774,33.52238],[135.75708,33.52248],[135.75665,33.52221],[135.75606,33.52211],[135.7558,33.52209],[135.75483,33.52201],[135.75418,33.52201],[135.7534,33.522],[135.75325,33.52193],[135.75311,33.52177],[135.75269,33.52132],[135.75257,33.52124],[135.75207,33.52108],[135.75181,33.52088],[135.75182,33.52082],[135.75201,33.52047],[135.75199,33.52011],[135.7515,33.51956],[135.75144,33.51924],[135.75073,33.51821],[135.75042,33.51831],[135.75029,33.51841],[135.74993,33.51853],[135.74964,33.51887],[135.74895,33.51927],[135.74838,33.51961],[135.74824,33.5196],[135.74814,33.5194],[135.74782,33.51906],[135.74758,33.51835],[135.74697,33.51803],[135.74675,33.51801],[135.74576,33.51679],[135.7455,33.51691],[135.74524,33.5169],[135.74378,33.51707],[135.74296,33.51729],[135.7417,33.51755],[135.74102,33.51816],[135.74077,33.51831],[135.74065,33.51891],[135.74039,33.51942],[135.73977,33.51945],[135.73899,33.51974],[135.73813,33.52023],[135.73749,33.52039],[135.73734,33.52048],[135.737,33.5209],[135.73661,33.52175],[135.73665,33.52213],[135.73665,33.52264],[135.73644,33.52292],[135.73632,33.52323],[135.73634,33.52378],[135.73619,33.5242],[135.73637,33.52474],[135.73625,33.5258],[135.7359,33.52576],[135.73561,33.52569],[135.73517,33.52582],[135.73419,33.52626],[135.73405,33.52651],[135.73394,33.52707],[135.73339,33.52764],[135.73296,33.52799],[135.7321,33.52849],[135.73156,33.52891],[135.73109,33.5298],[135.73015,33.52983],[135.72966,33.53],[135.72922,33.53014],[135.72786,33.52979],[135.7262,33.52996],[135.72508,33.53052],[135.72451,33.5308],[135.72351,33.53078],[135.72335,33.53079],[135.72251,33.53128],[135.72231,33.53128],[135.72202,33.53129],[135.72067,33.53198],[135.71995,33.53205],[135.7182,33.53197],[135.71776,33.53218],[135.71722,33.53183],[135.71657,33.53159],[135.71549,33.53148],[135.7148,33.53104],[135.71405,33.53079],[135.71364,33.53089],[135.7129,33.53099],[135.71208,33.53088],[135.71145,33.531],[135.71121,33.53092],[135.71073,33.53082],[135.7101,33.53067],[135.70969,33.53048],[135.70898,33.53034],[135.7085,33.53038],[135.70828,33.53038],[135.70793,33.53015],[135.70759,33.52858],[135.70721,33.52824],[135.70698,33.52753],[135.70565,33.52773],[135.70483,33.52759],[135.70483,33.52702],[135.70401,33.52619],[135.70343,33.52608],[135.70252,33.52461],[135.70191,33.52396],[135.70203,33.52364],[135.70103,33.52292],[135.70111,33.52222],[135.70149,33.52166],[135.70115,33.51946],[135.70007,33.51975],[135.69925,33.51981],[135.69762,33.51969],[135.69661,33.52088],[135.69514,33.52135],[135.69393,33.52157],[135.6929,33.52194],[135.69124,33.52188],[135.68999,33.52173],[135.68938,33.52125],[135.68815,33.52082],[135.68718,33.52102],[135.68633,33.52104],[135.6859,33.52086],[135.68454,33.522],[135.684,33.52216],[135.68331,33.52276],[135.68191,33.52276],[135.68185,33.52338],[135.68234,33.52408],[135.68215,33.52493],[135.68163,33.52562],[135.68106,33.52706],[135.6801,33.52713],[135.67921,33.52689],[135.67758,33.52702],[135.67565,33.52661],[135.67519,33.52689],[135.67484,33.52804],[135.67343,33.52853],[135.67351,33.529],[135.67234,33.53],[135.67057,33.53013],[135.66953,33.52996],[135.66862,33.53049],[135.66736,33.53068],[135.66683,33.53057],[135.66654,33.53179],[135.66645,33.53282],[135.66677,33.53392],[135.66653,33.53448],[135.66637,33.53603],[135.6662,33.53669],[135.66579,33.53785],[135.66556,33.53905],[135.66487,33.53994],[135.66535,33.54037],[135.66519,33.54115],[135.66449,33.54216],[135.66504,33.54368],[135.6644,33.54483],[135.66375,33.54507],[135.66312,33.54575],[135.66262,33.54715],[135.66277,33.54807],[135.66212,33.54864],[135.662,33.55018],[135.66219,33.55142],[135.66198,33.55204],[135.66261,33.55246],[135.66279,33.55292],[135.66299,33.55441],[135.6625,33.55568],[135.66157,33.55624],[135.66058,33.55664],[135.65873,33.55671],[135.65696,33.55833],[135.65566,33.55898],[135.65517,33.55902],[135.6547,33.55954],[135.65419,33.56071],[135.65351,33.56103],[135.6533,33.56218],[135.65276,33.56265],[135.65262,33.56343],[135.65215,33.5646],[135.65206,33.56518],[135.65136,33.56587],[135.65046,33.56615],[135.64955,33.56561],[135.64858,33.56546],[135.64754,33.56557],[135.64589,33.5662],[135.64497,33.56631],[135.6441,33.56672],[135.64206,33.56664],[135.64167,33.56748],[135.63992,33.56798],[135.63917,33.56846],[135.63805,33.57018],[135.63704,33.57032],[135.63594,33.57066],[135.6346,33.57065],[135.63364,33.57088],[135.63278,33.57202],[135.63198,33.57259],[135.63093,33.57138],[135.62938,33.57053],[135.62879,33.57004],[135.62834,33.56936],[135.62751,33.56876],[135.62699,33.56789],[135.62707,33.56733],[135.62752,33.56696],[135.62824,33.56607],[135.62842,33.56589],[135.62864,33.5654],[135.62873,33.56454],[135.6287,33.56317],[135.62894,33.56215],[135.62815,33.56094],[135.62805,33.56031],[135.62836,33.55909],[135.62882,33.55848],[135.62912,33.55741],[135.62855,33.55611],[135.6286,33.55547],[135.62921,33.55384],[135.62952,33.55371],[135.63007,33.55358],[135.63106,33.55338],[135.63185,33.5539],[135.63332,33.55405],[135.63457,33.5536],[135.63494,33.5537],[135.63581,33.55378],[135.63692,33.55431],[135.63801,33.55509],[135.63832,33.5551],[135.6395,33.55413],[135.63996,33.55399],[135.64088,33.55352],[135.64116,33.553],[135.64145,33.55227],[135.64274,33.55029],[135.64312,33.54942],[135.64184,33.54953],[135.64097,33.54971],[135.64073,33.55035],[135.63902,33.55004],[135.63803,33.54985],[135.63827,33.54919],[135.63803,33.54887],[135.63645,33.54912],[135.63635,33.54842],[135.63731,33.54809],[135.63772,33.54812],[135.6385,33.54731],[135.63878,33.54634],[135.63966,33.54518],[135.63979,33.54464],[135.63929,33.54453],[135.63779,33.54522],[135.63611,33.54682],[135.63552,33.54685],[135.6362,33.54606],[135.63658,33.54471],[135.63655,33.54402],[135.63685,33.54331],[135.63672,33.54253],[135.63637,33.542],[135.63542,33.54104],[135.63375,33.53968],[135.63337,33.5395],[135.63209,33.53913],[135.63117,33.53814],[135.63095,33.53707],[135.63049,33.5365],[135.62941,33.53621],[135.62874,33.53588],[135.62787,33.53502],[135.62779,33.53465],[135.62765,33.53385],[135.62684,33.53329],[135.62633,33.53264],[135.62541,33.53234],[135.62388,33.53236],[135.62308,33.53279],[135.62259,33.53234],[135.62249,33.53153],[135.622,33.53091],[135.6217,33.5303],[135.62221,33.52993],[135.6229,33.52957],[135.62457,33.52967],[135.6254,33.52917],[135.62722,33.52852],[135.62841,33.52855],[135.62939,33.52808],[135.63077,33.52691],[135.63393,33.52535],[135.63554,33.52426],[135.63613,33.52413],[135.63708,33.52424],[135.63767,33.52399],[135.63794,33.52322],[135.63855,33.52202],[135.63848,33.52113],[135.63869,33.51999],[135.6385,33.51783],[135.6371,33.51673],[135.63654,33.51587],[135.63654,33.51516],[135.63599,33.51435],[135.63666,33.51365],[135.63633,33.5117],[135.63687,33.51091],[135.63666,33.50991],[135.63612,33.50887],[135.63599,33.50774],[135.63543,33.50647],[135.63547,33.50593],[135.63631,33.50536],[135.63648,33.50496],[135.63713,33.50461],[135.63796,33.50488],[135.63807,33.5052],[135.63869,33.50495],[135.63914,33.50515],[135.63998,33.50476],[135.63989,33.50358],[135.63951,33.50336],[135.64014,33.50328],[135.64012,33.5026],[135.64101,33.50264],[135.64127,33.50307],[135.64124,33.5024],[135.64181,33.50219],[135.64169,33.50272],[135.64232,33.50262],[135.64267,33.50178],[135.64371,33.50178],[135.64406,33.50205],[135.64453,33.50176],[135.64521,33.50178],[135.64613,33.50133],[135.64623,33.50153],[135.64723,33.50137],[135.64834,33.50094],[135.64856,33.50038],[135.64954,33.50053],[135.6502,33.50014],[135.6507,33.50035],[135.65113,33.50019],[135.65114,33.49977],[135.65232,33.49998],[135.65271,33.49965],[135.65337,33.50043],[135.65459,33.5003],[135.65524,33.49962],[135.6558,33.49995],[135.65447,33.49877],[135.65498,33.49804],[135.65537,33.498],[135.65527,33.49843],[135.65615,33.49853],[135.65628,33.49769],[135.65724,33.49702],[135.65789,33.4963],[135.65752,33.49551],[135.65757,33.49503],[135.65797,33.49563],[135.65878,33.49643],[135.65893,33.4969],[135.6595,33.49696],[135.6598,33.4974],[135.66062,33.49715],[135.6604,33.49655],[135.65944,33.49633],[135.65972,33.49588],[135.66034,33.49614],[135.66038,33.49504],[135.66002,33.49484],[135.66048,33.49457],[135.66104,33.49351],[135.66218,33.4937],[135.66235,33.49409],[135.66325,33.49414],[135.66373,33.49356],[135.66303,33.49324],[135.663,33.49291],[135.66369,33.49301],[135.66391,33.49245],[135.66328,33.49248],[135.66329,33.49179],[135.66274,33.49116],[135.6632,33.49019],[135.66426,33.49095],[135.66479,33.49098],[135.66519,33.49066],[135.66595,33.49093],[135.66619,33.49058],[135.66692,33.49051],[135.66685,33.49089],[135.66767,33.49145],[135.66894,33.4913],[135.66943,33.49163],[135.67009,33.49159],[135.67122,33.49126],[135.67138,33.49067],[135.67273,33.49051],[135.67286,33.4902],[135.67425,33.49004],[135.67438,33.48978],[135.674,33.48908],[135.67339,33.48919],[135.67378,33.48852],[135.67416,33.48875],[135.67462,33.488],[135.67516,33.48778],[135.67559,33.4881],[135.67659,33.4884],[135.67626,33.48902],[135.67691,33.48908],[135.67735,33.48855],[135.67827,33.48824],[135.67849,33.48882],[135.67824,33.48975],[135.67866,33.48983],[135.67915,33.48912],[135.67943,33.48987],[135.68024,33.48954],[135.67949,33.48836],[135.67971,33.48798],[135.67938,33.48711],[135.681,33.48568],[135.68133,33.48582],[135.68103,33.48648],[135.68201,33.48679],[135.68143,33.48703],[135.68144,33.48768],[135.68066,33.48841],[135.68104,33.48873],[135.6812,33.48961],[135.68202,33.4901],[135.6837,33.48957],[135.68395,33.48917],[135.68361,33.48903],[135.68376,33.48857],[135.6841,33.48877],[135.6843,33.48838],[135.68518,33.48856],[135.68546,33.48887],[135.68617,33.48886],[135.68604,33.48934],[135.68674,33.48928],[135.68694,33.48827],[135.68732,33.48814],[135.68841,33.48819],[135.68946,33.48743],[135.6907,33.48727],[135.69048,33.48652],[135.69156,33.48723],[135.69215,33.48701],[135.69259,33.48752],[135.69272,33.48823],[135.69344,33.48826],[135.69436,33.48786],[135.69516,33.48816],[135.69519,33.48792],[135.69588,33.48823],[135.6962,33.48793],[135.6965,33.48815],[135.69685,33.48894],[135.69666,33.48943],[135.69717,33.49008],[135.6978,33.48993],[135.69782,33.48941],[135.69838,33.4897],[135.69885,33.48962],[135.69918,33.49059],[135.69905,33.49125],[135.69942,33.4918],[135.69932,33.49222],[135.69941,33.49392],[135.70003,33.49429],[135.70056,33.49434],[135.69953,33.49393],[135.69964,33.49348],[135.70016,33.49372],[135.70097,33.49357],[135.70119,33.49306],[135.70166,33.49324],[135.70233,33.49278],[135.70274,33.49218],[135.70227,33.49122],[135.70129,33.49087],[135.70123,33.49062],[135.70185,33.49029],[135.70189,33.48958],[135.70369,33.48779],[135.70371,33.48696],[135.70421,33.48724],[135.70506,33.48715],[135.70494,33.48685],[135.70557,33.48656],[135.70577,33.48691],[135.7064,33.48707],[135.70711,33.4868],[135.70747,33.48641],[135.70773,33.48662],[135.70814,33.48625],[135.70787,33.48718],[135.70852,33.48722],[135.7084,33.48766],[135.70907,33.48782],[135.70935,33.48831],[135.70996,33.48802],[135.70982,33.48611],[135.71012,33.48603],[135.70938,33.48455],[135.70865,33.48363],[135.70787,33.4832],[135.70786,33.4815],[135.70754,33.48074],[135.7082,33.48024],[135.70724,33.47952],[135.70721,33.47931],[135.70812,33.47979],[135.70849,33.47807],[135.70931,33.47799],[135.70956,33.47899],[135.70978,33.47878],[135.71111,33.47973],[135.71142,33.4804],[135.71177,33.48173],[135.71125,33.48196],[135.71069,33.48285],[135.71051,33.48375],[135.71076,33.48433],[135.71159,33.48518],[135.7122,33.4853],[135.71298,33.48573],[135.71389,33.48565],[135.71517,33.48501],[135.71536,33.4855],[135.71675,33.48553],[135.71697,33.48525],[135.71603,33.4852],[135.7149,33.48464],[135.71497,33.48395],[135.71534,33.4833],[135.71609,33.48305],[135.71569,33.48185],[135.71622,33.48217],[135.71636,33.48164],[135.71678,33.4813],[135.71832,33.48062],[135.71831,33.4801],[135.71926,33.48],[135.71938,33.47935],[135.71997,33.47964],[135.72024,33.47897],[135.7208,33.47934],[135.7216,33.47908],[135.72131,33.47875],[135.72105,33.47771],[135.72163,33.4783],[135.72145,33.47753],[135.72241,33.47838],[135.72283,33.47852],[135.72346,33.47782],[135.72354,33.47893],[135.72509,33.47829],[135.72452,33.47735],[135.72473,33.47655],[135.72547,33.47654],[135.72503,33.47723],[135.72594,33.47753],[135.72601,33.4772],[135.72707,33.47711],[135.72747,33.47785],[135.72803,33.47783],[135.72784,33.47813],[135.72838,33.47836],[135.72893,33.47823],[135.72853,33.47877],[135.72958,33.47936],[135.72922,33.4799],[135.72938,33.48052],[135.72995,33.48094],[135.73049,33.48043],[135.73067,33.48094],[135.73129,33.48141],[135.73189,33.48148],[135.73254,33.48186],[135.73232,33.48211],[135.73148,33.48188],[135.7318,33.48248],[135.73255,33.48259],[135.73354,33.48323],[135.73383,33.48294],[135.73383,33.48432],[135.73446,33.48503],[135.73537,33.48552],[135.73591,33.48564],[135.73648,33.48611],[135.73693,33.48545],[135.73632,33.48423],[135.73663,33.48412],[135.73724,33.48531],[135.7385,33.48486],[135.73846,33.48421],[135.73785,33.48356],[135.73677,33.48328],[135.73656,33.48292],[135.73668,33.48223],[135.73711,33.48212],[135.7374,33.48153],[135.7371,33.4811],[135.73659,33.48127],[135.73658,33.48083],[135.73737,33.48018],[135.73707,33.47917],[135.73776,33.47958],[135.73739,33.47863],[135.73799,33.47872],[135.73751,33.47835],[135.73793,33.477],[135.7391,33.47676],[135.73946,33.47712],[135.7396,33.47664],[135.7401,33.47703],[135.73986,33.47778],[135.7405,33.47722],[135.74142,33.47822],[135.74202,33.47863],[135.74186,33.47906],[135.7423,33.47899],[135.74316,33.47975],[135.74377,33.47939],[135.74441,33.47991],[135.74495,33.47974],[135.74484,33.48016],[135.7457,33.48038],[135.74534,33.48073],[135.74563,33.48106],[135.74573,33.48181],[135.7462,33.48203],[135.74644,33.48249],[135.74718,33.48234],[135.7476,33.48166],[135.74812,33.48137],[135.74871,33.48178],[135.74945,33.4819],[135.75042,33.48105],[135.75079,33.48106],[135.75174,33.48033],[135.75224,33.48045],[135.75279,33.48143],[135.75338,33.4812],[135.75373,33.48147],[135.75344,33.48196],[135.75445,33.48282],[135.75607,33.48158],[135.75633,33.48193],[135.75592,33.48258],[135.75639,33.48355],[135.75726,33.48386],[135.75739,33.48416],[135.75837,33.48387],[135.75863,33.48439],[135.75937,33.48437],[135.7603,33.48382],[135.76059,33.48302],[135.75989,33.48248],[135.76039,33.48225],[135.76048,33.48188],[135.76103,33.48186],[135.76191,33.48133],[135.76202,33.48159],[135.76282,33.48159],[135.76338,33.48113],[135.76473,33.48115],[135.76533,33.48197],[135.7667,33.48177],[135.76702,33.48111],[135.76762,33.48081],[135.76779,33.47959],[135.76721,33.47887],[135.767,33.47815],[135.76629,33.4778],[135.76646,33.47733],[135.7662,33.47641],[135.7658,33.47637],[135.76463,33.47511],[135.76406,33.47483],[135.7639,33.47431],[135.76432,33.47457],[135.76491,33.4743],[135.76518,33.47378],[135.76497,33.47293],[135.76554,33.47223],[135.76585,33.47217],[135.76671,33.47253],[135.76658,33.47279],[135.76747,33.47273],[135.76762,33.47346],[135.76791,33.4733],[135.76866,33.47378],[135.76818,33.474],[135.76823,33.47436],[135.76878,33.47484],[135.76866,33.47527],[135.76875,33.47694],[135.76901,33.47764],[135.76968,33.47861],[135.77062,33.479],[135.77198,33.47883],[135.77277,33.47856],[135.77288,33.4788],[135.77404,33.4788],[135.77489,33.47829],[135.77469,33.47693],[135.77502,33.47587],[135.77453,33.47512],[135.77318,33.47591],[135.77222,33.47575],[135.77181,33.47621],[135.7715,33.47594],[135.77185,33.47441],[135.77268,33.47364],[135.7723,33.4734],[135.77242,33.47289],[135.77155,33.47297],[135.77281,33.47217],[135.77344,33.47248],[135.77377,33.47214],[135.7736,33.47142],[135.77426,33.47037],[135.77417,33.46983],[135.77365,33.4688],[135.77452,33.46868],[135.77464,33.46686],[135.77511,33.46689],[135.77515,33.4663],[135.77379,33.46624],[135.77363,33.46861],[135.7733,33.46852],[135.77346,33.46609],[135.77444,33.46614],[135.77481,33.46582],[135.77502,33.46617],[135.77537,33.46556],[135.77575,33.46546],[135.77607,33.46403],[135.77599,33.46254],[135.77551,33.46066],[135.77484,33.4602],[135.77432,33.46023],[135.7739,33.45987],[135.77288,33.45961],[135.77183,33.45908],[135.77011,33.45847],[135.76972,33.45811],[135.76857,33.45808],[135.76797,33.45756],[135.76723,33.4574],[135.76577,33.45635],[135.76388,33.45604],[135.76285,33.45625],[135.76159,33.45634],[135.76026,33.45489],[135.75911,33.45467],[135.75805,33.45378],[135.75706,33.45358],[135.75655,33.453],[135.75619,33.45307],[135.755,33.45215],[135.75397,33.45183],[135.75348,33.45138],[135.75263,33.4511],[135.75097,33.45139],[135.75016,33.45112],[135.74977,33.44917],[135.74997,33.44886],[135.74915,33.44887],[135.74867,33.44865],[135.74972,33.44859],[135.74977,33.44776],[135.75003,33.44709],[135.75074,33.44683],[135.75105,33.44641],[135.75182,33.44653],[135.75223,33.44682],[135.75333,33.44662],[135.7538,33.44595],[135.75412,33.44603],[135.75485,33.44553],[135.75466,33.44503],[135.75558,33.44471],[135.75597,33.44395],[135.75521,33.4423],[135.75569,33.44205],[135.7557,33.44154],[135.7554,33.44071],[135.75544,33.44007],[135.75466,33.43909],[135.75421,33.43899],[135.75383,33.43931],[135.75274,33.43904],[135.75345,33.4389],[135.75275,33.43845],[135.75329,33.43671],[135.75372,33.43621],[135.75552,33.43701],[135.75625,33.43675],[135.75683,33.43608],[135.75699,33.43674],[135.75717,33.43632],[135.75789,33.43582],[135.75855,33.43571],[135.75887,33.43606],[135.75896,33.43532],[135.75975,33.43496],[135.75981,33.43535],[135.76034,33.43555],[135.76217,33.43443],[135.76176,33.43454],[135.76175,33.43393],[135.76239,33.43324],[135.76293,33.43372],[135.76224,33.43477],[135.76229,33.43519],[135.76285,33.43527],[135.76299,33.43578],[135.76339,33.43593],[135.764,33.43545],[135.76479,33.43549],[135.76445,33.43607],[135.76513,33.43592],[135.76498,33.43664],[135.76529,33.43691],[135.76636,33.43673],[135.76601,33.43732],[135.76548,33.43769],[135.76513,33.43825],[135.76569,33.43881],[135.76663,33.43876],[135.76655,33.43937],[135.76726,33.43935],[135.76717,33.43979],[135.76799,33.43963],[135.76756,33.44005],[135.76692,33.44018],[135.76685,33.44056],[135.76727,33.44073],[135.76662,33.44135],[135.76755,33.44152],[135.76749,33.44239],[135.7679,33.44235],[135.76837,33.44274],[135.76766,33.44372],[135.76815,33.44413],[135.76797,33.44494],[135.76817,33.44525],[135.76909,33.44555],[135.76971,33.44629],[135.77029,33.44599],[135.77045,33.44697],[135.77097,33.44704],[135.77153,33.4464],[135.77243,33.44698],[135.77283,33.44668],[135.77252,33.44609],[135.77178,33.44602],[135.77248,33.44554],[135.7726,33.44595],[135.77359,33.44552],[135.77382,33.44521],[135.77437,33.4455],[135.77479,33.44505],[135.77552,33.44534],[135.77538,33.44607],[135.77579,33.44569],[135.77651,33.44625],[135.77736,33.44619],[135.77804,33.44533],[135.77866,33.44608],[135.77873,33.44564],[135.77921,33.44529],[135.77921,33.44465],[135.78007,33.44471],[135.78032,33.44373],[135.78019,33.44311],[135.78069,33.44268],[135.78105,33.44273],[135.78103,33.44327],[135.78141,33.44328],[135.78153,33.44221],[135.78186,33.44161],[135.78281,33.44099],[135.7833,33.44078],[135.78253,33.44058],[135.78207,33.44022],[135.78244,33.43973],[135.78413,33.43977],[135.78454,33.44015],[135.78452,33.44054],[135.78563,33.44071],[135.78548,33.44023],[135.78568,33.43975],[135.78501,33.43923],[135.78538,33.43894],[135.78588,33.43904],[135.78581,33.43864],[135.78674,33.43799],[135.78773,33.43776],[135.78862,33.43827],[135.78811,33.43845],[135.78687,33.43831],[135.78762,33.43857],[135.7869,33.43927],[135.78697,33.43978],[135.78751,33.43977],[135.78703,33.44055],[135.78797,33.44079],[135.78865,33.44025],[135.78887,33.44044],[135.78826,33.4415],[135.7889,33.44136],[135.78847,33.44179],[135.78879,33.44212],[135.78931,33.44212],[135.78939,33.44316],[135.78854,33.44411],[135.78896,33.44418],[135.78865,33.44467],[135.78877,33.44504],[135.78965,33.44479],[135.78983,33.44541],[135.79023,33.44589],[135.79104,33.44502],[135.79169,33.44463],[135.79202,33.44469],[135.79162,33.44562],[135.7922,33.44475],[135.79263,33.44443],[135.79284,33.44464],[135.79238,33.44541],[135.7927,33.44552],[135.79193,33.44622],[135.79124,33.44655],[135.79091,33.44737],[135.79052,33.44736],[135.79063,33.44808],[135.79095,33.44829],[135.79127,33.44785],[135.79136,33.44823],[135.79216,33.44852],[135.79294,33.44844],[135.79448,33.44711],[135.79476,33.44662],[135.79566,33.44624],[135.79527,33.4462],[135.79566,33.44555],[135.79653,33.44487],[135.79806,33.44552],[135.79724,33.4464],[135.79783,33.44623],[135.79632,33.44728],[135.79728,33.44722],[135.79603,33.44776],[135.79563,33.44773],[135.79533,33.44836],[135.7946,33.44862],[135.7937,33.44938],[135.79417,33.45048],[135.79486,33.45042],[135.79511,33.44984],[135.79586,33.44994],[135.79577,33.45029],[135.79652,33.45066],[135.79636,33.45101],[135.79571,33.45085],[135.79529,33.4516],[135.79461,33.452],[135.79427,33.45185],[135.79295,33.45234],[135.79311,33.45294],[135.79257,33.45386],[135.79227,33.45404],[135.79201,33.45485],[135.79086,33.4558],[135.79061,33.45646],[135.78958,33.45759],[135.78905,33.45783],[135.78971,33.45831],[135.78872,33.45894],[135.78827,33.45849],[135.78718,33.45989],[135.78595,33.46051],[135.78608,33.46482],[135.78602,33.46478],[135.7859,33.46235],[135.78399,33.46241],[135.78409,33.46485],[135.78346,33.4649],[135.78343,33.46338],[135.7821,33.46343],[135.78117,33.46329],[135.781,33.46392],[135.78154,33.46405],[135.78174,33.46577],[135.78413,33.46568],[135.78418,33.46665],[135.78179,33.46672],[135.78184,33.46767],[135.78223,33.46827],[135.78226,33.47003],[135.7855,33.46996],[135.78655,33.46791],[135.78662,33.46792],[135.78509,33.47091],[135.78168,33.47098],[135.7817,33.47104]]],[[[135.77308,33.47785],[135.77288,33.47785],[135.77286,33.47771],[135.77308,33.47785]]],[[[135.79566,33.48765],[135.79539,33.48767],[135.79532,33.48527],[135.79562,33.48502],[135.79625,33.48516],[135.79601,33.48643],[135.79553,33.48743],[135.79566,33.48765]]],[[[135.75338,33.43305],[135.75277,33.43353],[135.75263,33.43336],[135.75329,33.43286],[135.75338,33.43305]]],[[[135.75398,33.43508],[135.75414,33.43523],[135.75335,33.43586],[135.75293,33.43565],[135.75398,33.43508]]],[[[135.75375,33.43594],[135.75318,33.4367],[135.75263,33.43635],[135.75375,33.43594]]],[[[135.79079,33.44115],[135.7905,33.44166],[135.79004,33.44114],[135.79029,33.44059],[135.79109,33.44035],[135.79079,33.44115]]],[[[135.79143,33.44053],[135.79111,33.44109],[135.79104,33.44078],[135.79143,33.44053]]],[[[135.70893,33.47737],[135.70819,33.47768],[135.70809,33.47737],[135.70863,33.47713],[135.70893,33.47737]]],[[[135.70739,33.48225],[135.70721,33.48247],[135.70631,33.48196],[135.70671,33.4817],[135.70739,33.48225]]],[[[135.70709,33.4825],[135.70705,33.48289],[135.70681,33.48256],[135.70709,33.4825]]],[[[135.69726,33.48786],[135.69742,33.48825],[135.69607,33.48726],[135.69691,33.48651],[135.69726,33.48786]]],[[[135.68935,33.4814],[135.68901,33.48103],[135.69001,33.48147],[135.68935,33.4814]]],[[[135.69248,33.48342],[135.69104,33.4829],[135.69063,33.48234],[135.68983,33.48182],[135.69019,33.48131],[135.69049,33.48175],[135.69133,33.48204],[135.69143,33.48134],[135.69331,33.48166],[135.6932,33.4821],[135.69371,33.48264],[135.69316,33.48345],[135.69248,33.48342]]],[[[135.63769,33.50407],[135.63697,33.50395],[135.63731,33.50362],[135.63769,33.50407]]],[[[135.66959,33.48555],[135.66858,33.48555],[135.66862,33.48498],[135.66893,33.48514],[135.67026,33.48527],[135.66959,33.48555]]],[[[135.66989,33.48592],[135.66975,33.48632],[135.66868,33.48654],[135.66826,33.48593],[135.66773,33.48612],[135.66755,33.4858],[135.66844,33.48561],[135.66982,33.48578],[135.66989,33.48592]]],[[[135.65506,33.49784],[135.65463,33.49802],[135.65448,33.49773],[135.65506,33.49784]]],[[[135.64395,33.50162],[135.64245,33.50166],[135.642,33.50146],[135.64214,33.50115],[135.64297,33.50141],[135.64245,33.50073],[135.64315,33.50065],[135.64375,33.50081],[135.64395,33.50162]]],[[[135.63976,33.5023],[135.63941,33.50227],[135.6397,33.50207],[135.63976,33.5023]]],[[[135.81532,33.46416],[135.81535,33.46341],[135.81476,33.46307],[135.81422,33.46324],[135.81435,33.46264],[135.81379,33.46283],[135.81301,33.46195],[135.81376,33.46081],[135.81439,33.46073],[135.81503,33.46168],[135.8157,33.46219],[135.81646,33.46195],[135.8171,33.46146],[135.81857,33.46149],[135.81932,33.46135],[135.81975,33.46198],[135.82025,33.46217],[135.82107,33.46206],[135.82131,33.46164],[135.82254,33.46113],[135.82285,33.46154],[135.82354,33.4613],[135.82327,33.4609],[135.8239,33.45997],[135.8243,33.46021],[135.8248,33.45985],[135.82479,33.45925],[135.8243,33.45926],[135.82425,33.45888],[135.82353,33.45898],[135.82291,33.45828],[135.82243,33.45743],[135.82351,33.45712],[135.82361,33.45654],[135.82294,33.45619],[135.82263,33.45637],[135.82193,33.45549],[135.82267,33.45524],[135.8227,33.45448],[135.82186,33.45309],[135.8216,33.45237],[135.82203,33.45191],[135.82291,33.45197],[135.82295,33.45255],[135.82263,33.45324],[135.82273,33.45354],[135.82314,33.45274],[135.82355,33.45245],[135.82451,33.45231],[135.82633,33.45161],[135.82765,33.45164],[135.82815,33.45121],[135.82824,33.45047],[135.82853,33.45057],[135.82875,33.45141],[135.82874,33.44986],[135.82975,33.44928],[135.83028,33.44934],[135.83156,33.44888],[135.8314,33.44975],[135.83165,33.44987],[135.83187,33.44921],[135.83241,33.4497],[135.83208,33.45008],[135.83216,33.45051],[135.83098,33.45132],[135.83134,33.45141],[135.83125,33.452],[135.82998,33.45232],[135.83077,33.45298],[135.83173,33.45273],[135.83189,33.45228],[135.83211,33.45315],[135.83175,33.45323],[135.83175,33.45379],[135.83117,33.45434],[135.83031,33.45416],[135.82881,33.45463],[135.82901,33.45488],[135.82842,33.45554],[135.82951,33.45651],[135.83035,33.45616],[135.83036,33.4559],[135.8313,33.45572],[135.83148,33.45612],[135.83191,33.45567],[135.83199,33.45526],[135.83255,33.45552],[135.83365,33.455],[135.83398,33.45456],[135.8336,33.45412],[135.8341,33.45309],[135.83454,33.45282],[135.835,33.45352],[135.83422,33.45456],[135.83482,33.45474],[135.83574,33.45379],[135.83637,33.45272],[135.83722,33.45344],[135.83678,33.45408],[135.83681,33.45471],[135.83736,33.45426],[135.83751,33.45493],[135.83718,33.45528],[135.83818,33.45564],[135.83851,33.45557],[135.83886,33.45424],[135.839,33.45468],[135.83916,33.45378],[135.8395,33.45423],[135.83893,33.45549],[135.83888,33.45629],[135.83859,33.45606],[135.839,33.45707],[135.83856,33.4579],[135.8392,33.45849],[135.83925,33.45892],[135.83972,33.45922],[135.83967,33.45964],[135.84046,33.46026],[135.84079,33.46005],[135.84102,33.45958],[135.84199,33.45957],[135.84234,33.45875],[135.84281,33.45916],[135.84292,33.45867],[135.84349,33.45892],[135.84415,33.45804],[135.84438,33.45812],[135.84424,33.45919],[135.84496,33.45932],[135.84553,33.45865],[135.84548,33.4598],[135.84589,33.45936],[135.84645,33.45961],[135.84639,33.46013],[135.84713,33.46035],[135.84743,33.45969],[135.84808,33.46048],[135.84861,33.46033],[135.84883,33.46067],[135.84852,33.46107],[135.84884,33.46151],[135.8502,33.46144],[135.85123,33.4605],[135.8522,33.46066],[135.85248,33.45957],[135.85275,33.46016],[135.85262,33.46068],[135.85287,33.46096],[135.85336,33.46078],[135.8534,33.45995],[135.85378,33.46054],[135.85363,33.46134],[135.85398,33.46215],[135.85345,33.46215],[135.85388,33.4628],[135.85367,33.46305],[135.85363,33.46396],[135.85439,33.46374],[135.85443,33.46406],[135.85364,33.46453],[135.85323,33.4659],[135.85352,33.46625],[135.85446,33.46614],[135.85445,33.46718],[135.85534,33.46662],[135.85554,33.46693],[135.85628,33.46722],[135.857,33.46678],[135.8575,33.46755],[135.85771,33.46734],[135.85843,33.46785],[135.85859,33.46833],[135.85895,33.46832],[135.85957,33.46918],[135.86055,33.46983],[135.8616,33.47027],[135.86097,33.47018],[135.86096,33.47055],[135.86237,33.47116],[135.86284,33.47162],[135.86266,33.4724],[135.86124,33.47222],[135.86207,33.47255],[135.8614,33.47273],[135.86,33.47197],[135.85986,33.47138],[135.8593,33.47113],[135.85888,33.47049],[135.85815,33.47101],[135.85743,33.47088],[135.85766,33.47042],[135.85741,33.47018],[135.85682,33.47083],[135.8563,33.47101],[135.85631,33.47048],[135.85531,33.47133],[135.85487,33.47125],[135.85507,33.4717],[135.85445,33.47117],[135.85454,33.47176],[135.85388,33.47206],[135.85323,33.47149],[135.85242,33.47144],[135.85205,33.472],[135.8503,33.47202],[135.85033,33.47167],[135.85118,33.47173],[135.85099,33.47085],[135.85003,33.47106],[135.84994,33.47139],[135.84927,33.47131],[135.84842,33.47168],[135.84797,33.47147],[135.84767,33.47237],[135.84734,33.47257],[135.84564,33.47444],[135.84486,33.47483],[135.8444,33.47469],[135.84288,33.47483],[135.84212,33.47472],[135.8418,33.47503],[135.84035,33.47502],[135.83887,33.4738],[135.83752,33.47375],[135.83662,33.47429],[135.83694,33.47473],[135.83689,33.47554],[135.8361,33.47603],[135.8363,33.47633],[135.83723,33.47671],[135.8357,33.47674],[135.83447,33.47663],[135.83331,33.47724],[135.83245,33.47719],[135.83212,33.47673],[135.83156,33.47656],[135.83068,33.47697],[135.82859,33.47756],[135.82777,33.47739],[135.82703,33.47677],[135.82452,33.476],[135.82392,33.476],[135.82308,33.47563],[135.82261,33.47582],[135.82134,33.47586],[135.82037,33.47632],[135.81762,33.47646],[135.8173,33.47637],[135.81413,33.47626],[135.81386,33.47643],[135.81422,33.47686],[135.81408,33.4774],[135.81358,33.47754],[135.81329,33.47797],[135.81384,33.47816],[135.81436,33.47938],[135.81412,33.4796],[135.81266,33.47954],[135.81247,33.48037],[135.81191,33.48131],[135.81134,33.48119],[135.81077,33.48024],[135.80911,33.47984],[135.80815,33.47937],[135.80705,33.47855],[135.80652,33.47694],[135.80596,33.47702],[135.80535,33.47585],[135.80571,33.47589],[135.80626,33.47547],[135.80599,33.47467],[135.80392,33.47323],[135.80339,33.47305],[135.80314,33.47394],[135.8028,33.47357],[135.80179,33.47335],[135.80165,33.47305],[135.80074,33.47264],[135.80041,33.47202],[135.80132,33.47188],[135.80132,33.47162],[135.80212,33.47152],[135.80211,33.47075],[135.80057,33.47043],[135.79986,33.46961],[135.79999,33.46875],[135.80022,33.46874],[135.80005,33.46643],[135.79895,33.46573],[135.79824,33.46577],[135.79781,33.46494],[135.79741,33.46376],[135.79817,33.46344],[135.79887,33.46255],[135.79961,33.46222],[135.80003,33.46159],[135.80101,33.46151],[135.80214,33.46182],[135.80242,33.46213],[135.8018,33.46312],[135.80202,33.46326],[135.80181,33.46398],[135.80141,33.46425],[135.80169,33.46449],[135.80251,33.46383],[135.80305,33.46473],[135.80309,33.46401],[135.80356,33.4636],[135.80371,33.46403],[135.80427,33.46356],[135.80413,33.46409],[135.80522,33.46376],[135.80552,33.46351],[135.80599,33.46477],[135.80679,33.46426],[135.8074,33.46468],[135.80709,33.46526],[135.80805,33.46574],[135.80833,33.46566],[135.80841,33.46484],[135.80909,33.46511],[135.80909,33.46473],[135.80856,33.46412],[135.80863,33.4637],[135.80933,33.46309],[135.8105,33.46372],[135.8109,33.46471],[135.81167,33.46423],[135.81275,33.46397],[135.81316,33.46424],[135.81416,33.46448],[135.81532,33.46416]]],[[[135.80857,33.46348],[135.80843,33.46392],[135.80774,33.46353],[135.80768,33.46259],[135.8079,33.46215],[135.8083,33.46294],[135.80839,33.46219],[135.80871,33.46197],[135.80916,33.46293],[135.80857,33.46348]]],[[[135.80103,33.47357],[135.80119,33.47389],[135.80041,33.47429],[135.80041,33.4737],[135.80103,33.47357]]],[[[135.79572,33.46221],[135.79528,33.46243],[135.79468,33.46232],[135.79437,33.46182],[135.79428,33.46106],[135.79509,33.46086],[135.79512,33.46024],[135.79582,33.46005],[135.79692,33.4602],[135.79744,33.4607],[135.79727,33.46112],[135.79674,33.46115],[135.79654,33.46192],[135.79572,33.46221]]],[[[135.82639,33.45155],[135.82592,33.45155],[135.82577,33.45121],[135.82669,33.45049],[135.82747,33.45061],[135.82725,33.45143],[135.82639,33.45155]]],[[[135.82061,33.45257],[135.82039,33.45246],[135.82106,33.45172],[135.82145,33.45193],[135.82117,33.45244],[135.82061,33.45257]]],[[[135.82313,33.45156],[135.82268,33.45155],[135.82278,33.45097],[135.82313,33.45156]]],[[[135.81989,33.45208],[135.81937,33.45247],[135.81867,33.45261],[135.81859,33.45221],[135.81805,33.45185],[135.81761,33.45201],[135.8167,33.45142],[135.81564,33.45141],[135.81509,33.45077],[135.81421,33.45044],[135.814,33.4508],[135.81307,33.45103],[135.81267,33.45069],[135.81286,33.44991],[135.81218,33.44983],[135.81282,33.449],[135.81268,33.44869],[135.81334,33.44851],[135.8137,33.44808],[135.81331,33.44788],[135.81344,33.44744],[135.81411,33.4473],[135.81429,33.44777],[135.81477,33.4477],[135.81474,33.44705],[135.81558,33.44599],[135.81598,33.44614],[135.81603,33.44562],[135.81644,33.44614],[135.81669,33.44562],[135.81706,33.4462],[135.81726,33.44594],[135.81742,33.44678],[135.81699,33.44759],[135.81706,33.4481],[135.81788,33.44806],[135.8182,33.44895],[135.81852,33.44872],[135.81921,33.4488],[135.81994,33.44933],[135.81966,33.44983],[135.81898,33.44985],[135.8194,33.45044],[135.82019,33.45082],[135.82049,33.45075],[135.82029,33.45191],[135.81989,33.45208]]],[[[135.8196,33.4483],[135.81931,33.4486],[135.81876,33.44859],[135.81885,33.44745],[135.81996,33.44606],[135.82021,33.44735],[135.8196,33.4483]]],[[[135.82014,33.44799],[135.82,33.44877],[135.81967,33.44881],[135.82014,33.44799]]],[[[135.82126,33.45016],[135.8212,33.45075],[135.82067,33.45069],[135.82126,33.45016]]],[[[135.86657,33.47392],[135.86647,33.4743],[135.86606,33.4742],[135.86657,33.47392]]],[[[135.8489,33.45755],[135.84887,33.4583],[135.84823,33.45831],[135.84851,33.45754],[135.8489,33.45755]]],[[[135.85417,33.46159],[135.85408,33.46178],[135.85403,33.46153],[135.85417,33.46159]]],[[[135.85496,33.46397],[135.85463,33.46371],[135.85516,33.46342],[135.85531,33.46395],[135.85496,33.46397]]],[[[135.83656,33.47717],[135.83614,33.47769],[135.83577,33.4773],[135.83656,33.47717]]],[[[135.85918,33.46759],[135.85928,33.46781],[135.85865,33.46804],[135.85918,33.46759]]],[[[135.8117,33.50014],[135.81158,33.50041],[135.81159,33.50019],[135.8117,33.50014]]],[[[135.83795,33.51153],[135.83768,33.51209],[135.83762,33.51157],[135.83795,33.51153]]],[[[135.84584,33.51763],[135.84549,33.51759],[135.8456,33.51718],[135.84584,33.51763]]],[[[135.85381,33.51805],[135.8534,33.51791],[135.85343,33.51744],[135.85384,33.51753],[135.85381,33.51805]]],[[[135.85381,33.51814],[135.85414,33.51879],[135.85393,33.51967],[135.85349,33.51873],[135.85381,33.51814]]],[[[135.84433,33.51641],[135.84439,33.51691],[135.84392,33.51682],[135.84409,33.51614],[135.84433,33.51641]]],[[[135.84419,33.51468],[135.84408,33.51493],[135.84373,33.51423],[135.84343,33.51479],[135.84332,33.51395],[135.84447,33.51312],[135.8449,33.514],[135.84458,33.51394],[135.84463,33.51465],[135.84419,33.51468]]],[[[135.84504,33.51308],[135.84529,33.51339],[135.84479,33.51339],[135.84504,33.51308]]],[[[135.84206,33.51097],[135.84213,33.51143],[135.84157,33.5112],[135.84206,33.51097]]],[[[135.85538,33.51931],[135.85519,33.51899],[135.85558,33.5189],[135.85538,33.51931]]],[[[135.85455,33.51899],[135.85431,33.51929],[135.85423,33.51832],[135.85453,33.51803],[135.85439,33.51721],[135.8546,33.51692],[135.8551,33.51751],[135.85521,33.51819],[135.85491,33.51906],[135.85455,33.51899]]],[[[135.85965,33.52438],[135.85924,33.52473],[135.8589,33.52464],[135.85965,33.52438]]],[[[135.87768,33.52548],[135.87795,33.52602],[135.87744,33.52642],[135.8773,33.52586],[135.87768,33.52548]]],[[[135.87843,33.52667],[135.87791,33.52708],[135.87756,33.52658],[135.87843,33.52667]]],[[[135.87909,33.52895],[135.87853,33.52893],[135.87915,33.5282],[135.87958,33.52874],[135.87909,33.52895]]],[[[135.88777,33.53829],[135.88742,33.538],[135.88802,33.53798],[135.88777,33.53829]]],[[[135.89361,33.53893],[135.89296,33.53918],[135.89331,33.53884],[135.89361,33.53893]]],[[[135.87725,33.52536],[135.87676,33.52545],[135.87671,33.52509],[135.87714,33.52482],[135.87725,33.52536]]],[[[135.87885,33.52676],[135.87885,33.52717],[135.87813,33.52782],[135.87778,33.52734],[135.87885,33.52676]]],[[[135.8942,33.5397],[135.89375,33.5397],[135.8938,33.53923],[135.89431,33.53923],[135.8942,33.5397]]],[[[135.87888,33.52758],[135.87875,33.52825],[135.87845,33.52841],[135.87815,33.52793],[135.87888,33.52758]]],[[[135.87809,33.52293],[135.87819,33.52347],[135.87769,33.52334],[135.87809,33.52293]]],[[[135.87819,33.52453],[135.87768,33.52516],[135.87728,33.525],[135.87746,33.52442],[135.87819,33.52453]]]]}}]}