{"type":"FeatureCollection","features":[{"type":"Feature","properties":{"nm":"京都市北区","b":[135.6472,35.0223,135.7734,35.1716],"c":[135.71333,35.10255]},"geometry":{"type":"MultiPolygon","coordinates":[[[[135.73784,35.05102],[135.74044,35.05201],[135.74054,35.05205],[135.74108,35.05226],[135.73784,35.05102]]],[[[135.75063,35.05613],[135.75061,35.0567],[135.75059,35.05702],[135.75062,35.0564],[135.75063,35.05613]]],[[[135.75477,35.03752],[135.75533,35.03753],[135.7554,35.03753],[135.75588,35.03726],[135.75605,35.03726],[135.75675,35.03722],[135.75716,35.0372],[135.75757,35.03717],[135.75756,35.03744],[135.75794,35.03744],[135.7585,35.03776],[135.7587,35.03739],[135.75926,35.03742],[135.75927,35.03796],[135.75928,35.03808],[135.75941,35.03755],[135.76034,35.03733],[135.76073,35.03754],[135.76116,35.03755],[135.76108,35.03698],[135.7621,35.03698],[135.76248,35.03682],[135.76266,35.03675],[135.76317,35.0369],[135.76338,35.03692],[135.76338,35.03698],[135.76457,35.03751],[135.76559,35.03603],[135.76609,35.03526],[135.76676,35.03473],[135.76655,35.03464],[135.76854,35.03241],[135.76882,35.03251],[135.7691,35.03196],[135.76997,35.03231],[135.76812,35.03534],[135.76631,35.03833],[135.76544,35.03974],[135.76459,35.04109],[135.76378,35.04237],[135.76291,35.04364],[135.76254,35.04418],[135.76196,35.04503],[135.76055,35.04706],[135.7603,35.04742],[135.75884,35.0495],[135.75829,35.05032],[135.75901,35.0506],[135.7597,35.05072],[135.75981,35.05084],[135.75998,35.05085],[135.76334,35.05116],[135.76727,35.05154],[135.76724,35.05253],[135.76723,35.05272],[135.76719,35.05373],[135.76718,35.05394],[135.76715,35.05471],[135.76904,35.05475],[135.76903,35.05515],[135.76989,35.05515],[135.76876,35.05614],[135.76849,35.05707],[135.76883,35.05743],[135.77001,35.05778],[135.77047,35.05766],[135.77104,35.05757],[135.77177,35.05748],[135.77256,35.05735],[135.77251,35.05764],[135.7724,35.05765],[135.77223,35.05803],[135.77195,35.05813],[135.77152,35.05842],[135.77133,35.05885],[135.77247,35.0589],[135.77289,35.05895],[135.77286,35.05967],[135.77345,35.05996],[135.77207,35.06201],[135.77033,35.06206],[135.76925,35.06246],[135.76811,35.06224],[135.76715,35.06247],[135.76593,35.06196],[135.76555,35.0628],[135.76562,35.06309],[135.76643,35.06371],[135.76619,35.06395],[135.76736,35.06541],[135.76758,35.06604],[135.76868,35.06639],[135.76935,35.06724],[135.76924,35.06796],[135.7687,35.06899],[135.76795,35.06893],[135.76689,35.06855],[135.7646,35.06864],[135.76462,35.06891],[135.76773,35.0699],[135.76823,35.07034],[135.76832,35.07086],[135.76873,35.07097],[135.76846,35.0714],[135.76823,35.07206],[135.76816,35.07213],[135.76745,35.07225],[135.76698,35.07219],[135.76661,35.07201],[135.76622,35.07165],[135.76607,35.07104],[135.76589,35.07089],[135.76537,35.07063],[135.76472,35.07067],[135.76554,35.07161],[135.76574,35.07188],[135.76544,35.0722],[135.76495,35.07181],[135.76439,35.07151],[135.76408,35.07134],[135.76381,35.07111],[135.76373,35.07104],[135.76344,35.07099],[135.76356,35.07122],[135.76369,35.0715],[135.76395,35.07171],[135.76403,35.07177],[135.76401,35.07197],[135.76397,35.07208],[135.76439,35.07216],[135.7646,35.07235],[135.76479,35.07262],[135.76546,35.07291],[135.76627,35.07296],[135.76615,35.07329],[135.76547,35.07373],[135.76458,35.07338],[135.76438,35.07354],[135.76522,35.07412],[135.76527,35.07439],[135.76504,35.07462],[135.76457,35.07516],[135.7644,35.07521],[135.76345,35.07493],[135.763,35.07457],[135.7626,35.07435],[135.7627,35.07382],[135.76237,35.07344],[135.76222,35.07423],[135.76183,35.07407],[135.76133,35.074],[135.76108,35.0733],[135.76068,35.07303],[135.76088,35.07377],[135.76055,35.07385],[135.75942,35.07337],[135.75939,35.07343],[135.75998,35.07383],[135.75957,35.07428],[135.75891,35.07444],[135.75956,35.07506],[135.76062,35.07417],[135.76177,35.07463],[135.76094,35.07554],[135.76136,35.07572],[135.76178,35.07527],[135.76253,35.07498],[135.76261,35.07549],[135.76344,35.07539],[135.76339,35.0757],[135.76396,35.07562],[135.76398,35.07593],[135.76475,35.07564],[135.76478,35.07551],[135.76511,35.07604],[135.7648,35.07674],[135.7649,35.07727],[135.76451,35.07723],[135.76457,35.07736],[135.76431,35.07799],[135.7638,35.07791],[135.76374,35.07799],[135.7621,35.07753],[135.7621,35.07785],[135.76272,35.07809],[135.76346,35.0787],[135.76348,35.07942],[135.7632,35.08034],[135.76275,35.08077],[135.76203,35.08072],[135.7624,35.08139],[135.76205,35.08223],[135.76133,35.08208],[135.76014,35.08137],[135.75974,35.08091],[135.75993,35.0803],[135.75935,35.08043],[135.75965,35.07944],[135.75909,35.07955],[135.75838,35.07915],[135.75856,35.07856],[135.75786,35.07873],[135.75833,35.07766],[135.75803,35.07746],[135.7574,35.07826],[135.75593,35.07722],[135.75607,35.07663],[135.75551,35.07626],[135.75534,35.07685],[135.75495,35.07666],[135.75442,35.07594],[135.75405,35.07621],[135.75437,35.07665],[135.75313,35.07692],[135.75259,35.07686],[135.75269,35.07719],[135.75427,35.07741],[135.75474,35.07829],[135.75547,35.07815],[135.75597,35.07848],[135.75588,35.07895],[135.75691,35.07913],[135.75641,35.07968],[135.7572,35.08009],[135.75765,35.07982],[135.75872,35.08041],[135.7588,35.08082],[135.75984,35.082],[135.75947,35.0824],[135.75994,35.08263],[135.76035,35.08232],[135.76105,35.0826],[135.76075,35.08299],[135.76016,35.08277],[135.75963,35.08307],[135.76022,35.08329],[135.75986,35.08403],[135.75824,35.08413],[135.7576,35.0839],[135.75718,35.08271],[135.75703,35.08353],[135.75501,35.08303],[135.7547,35.08264],[135.75356,35.08248],[135.75537,35.08348],[135.75591,35.0835],[135.75782,35.08461],[135.75938,35.08485],[135.7598,35.08475],[135.75975,35.08517],[135.75623,35.08592],[135.75568,35.08569],[135.75372,35.08568],[135.75349,35.08615],[135.75285,35.08646],[135.75201,35.08637],[135.7505,35.08683],[135.74936,35.08763],[135.74845,35.08759],[135.74802,35.08798],[135.74712,35.0867],[135.74614,35.08633],[135.74503,35.08661],[135.74438,35.08604],[135.74475,35.08552],[135.74414,35.08616],[135.74394,35.08628],[135.74351,35.08645],[135.74257,35.08647],[135.74215,35.08639],[135.74206,35.08628],[135.74188,35.08539],[135.7417,35.08534],[135.74162,35.08543],[135.74159,35.08598],[135.74154,35.08671],[135.74142,35.08697],[135.74136,35.08701],[135.74088,35.08717],[135.74044,35.08732],[135.74021,35.08767],[135.7402,35.08777],[135.74043,35.08846],[135.74134,35.08912],[135.7412,35.0894],[135.74054,35.08953],[135.74014,35.08968],[135.73979,35.09037],[135.73909,35.09047],[135.7387,35.09039],[135.73863,35.09048],[135.7386,35.09071],[135.73962,35.09105],[135.7405,35.09165],[135.74295,35.09089],[135.7437,35.09161],[135.74443,35.09187],[135.7454,35.0925],[135.74634,35.09326],[135.74728,35.0942],[135.74801,35.09526],[135.74827,35.09552],[135.74772,35.09598],[135.74634,35.09583],[135.74509,35.0955],[135.74406,35.09516],[135.74303,35.09484],[135.74265,35.0947],[135.74265,35.09489],[135.74207,35.09581],[135.74231,35.09623],[135.7435,35.09688],[135.7437,35.09757],[135.74359,35.09787],[135.74288,35.09838],[135.74248,35.09865],[135.74243,35.0992],[135.74282,35.10018],[135.74333,35.10042],[135.74282,35.10089],[135.74245,35.10147],[135.7426,35.10232],[135.74223,35.10346],[135.74213,35.10409],[135.74251,35.10481],[135.74273,35.10619],[135.74255,35.10691],[135.74199,35.10832],[135.74174,35.10903],[135.74157,35.11112],[135.74167,35.1125],[135.74184,35.11304],[135.7419,35.11376],[135.74142,35.1151],[135.7413,35.11539],[135.7412,35.11584],[135.74119,35.11639],[135.74147,35.11755],[135.7419,35.11831],[135.74211,35.11922],[135.74194,35.11984],[135.74177,35.12016],[135.74137,35.12063],[135.74108,35.12079],[135.74079,35.12122],[135.7405,35.12164],[135.74048,35.12177],[135.74064,35.12217],[135.74104,35.12273],[135.74114,35.1233],[135.74179,35.12372],[135.74178,35.1239],[135.74147,35.12421],[135.74088,35.12452],[135.74089,35.12498],[135.74082,35.12534],[135.74044,35.1258],[135.74004,35.12669],[135.73982,35.12773],[135.73966,35.12841],[135.73948,35.12877],[135.73855,35.1302],[135.73839,35.13106],[135.73841,35.13247],[135.7391,35.13295],[135.73906,35.13355],[135.73889,35.13429],[135.73903,35.13477],[135.74031,35.13539],[135.74106,35.13547],[135.74136,35.136],[135.74176,35.13664],[135.74266,35.13746],[135.74329,35.13774],[135.74371,35.13783],[135.74475,35.13791],[135.745,35.13808],[135.74502,35.13871],[135.74512,35.1389],[135.74557,35.13951],[135.74546,35.14012],[135.74508,35.14055],[135.74476,35.14258],[135.74506,35.14332],[135.74476,35.14447],[135.74443,35.1456],[135.74387,35.14648],[135.74281,35.14708],[135.74214,35.14718],[135.74254,35.1487],[135.74335,35.14909],[135.74367,35.1497],[135.74467,35.15011],[135.74387,35.15246],[135.74361,35.15264],[135.74342,35.15467],[135.74329,35.15525],[135.742,35.1566],[135.74216,35.15736],[135.7416,35.15827],[135.73936,35.1596],[135.73821,35.16055],[135.73741,35.16099],[135.73612,35.1609],[135.73552,35.16102],[135.73512,35.16149],[135.73435,35.16192],[135.73346,35.163],[135.73321,35.16482],[135.73288,35.16533],[135.73227,35.16564],[135.73209,35.16634],[135.73147,35.16687],[135.73135,35.16761],[135.73081,35.1679],[135.7306,35.16863],[135.73091,35.16974],[135.7286,35.17095],[135.72768,35.17026],[135.72703,35.17048],[135.72635,35.1711],[135.72545,35.17099],[135.7244,35.17144],[135.72398,35.17163],[135.72378,35.17099],[135.72337,35.17081],[135.72256,35.17008],[135.72194,35.17015],[135.72088,35.16988],[135.72041,35.16938],[135.72022,35.16878],[135.72026,35.16827],[135.71969,35.16826],[135.71911,35.16861],[135.71635,35.16896],[135.71563,35.16857],[135.71376,35.16876],[135.71341,35.16828],[135.71301,35.16744],[135.71303,35.16679],[135.71263,35.16625],[135.71064,35.16451],[135.70968,35.16409],[135.70913,35.16428],[135.70628,35.16584],[135.70493,35.16593],[135.70373,35.16546],[135.70296,35.16568],[135.70155,35.16553],[135.70037,35.16502],[135.69951,35.16569],[135.69837,35.16599],[135.69715,35.16577],[135.69684,35.16579],[135.69551,35.16634],[135.69458,35.16623],[135.69398,35.16655],[135.69298,35.16642],[135.6923,35.16632],[135.69097,35.16623],[135.68963,35.16631],[135.68926,35.16656],[135.6871,35.16783],[135.68666,35.16781],[135.68656,35.16774],[135.68618,35.16698],[135.68578,35.16667],[135.68541,35.166],[135.68501,35.16577],[135.68427,35.1657],[135.68322,35.1657],[135.68161,35.16587],[135.68116,35.16607],[135.67954,35.16704],[135.67927,35.16706],[135.67712,35.1661],[135.6761,35.16619],[135.6759,35.16604],[135.67588,35.1653],[135.6748,35.16416],[135.67455,35.16342],[135.6744,35.16279],[135.67473,35.16216],[135.67474,35.16184],[135.6746,35.16097],[135.6745,35.16032],[135.67407,35.15944],[135.67334,35.15906],[135.67291,35.15868],[135.67255,35.15787],[135.67256,35.15779],[135.67276,35.15713],[135.67333,35.15606],[135.67339,35.15548],[135.67298,35.15466],[135.67255,35.15183],[135.67291,35.15087],[135.67271,35.14942],[135.67326,35.14912],[135.67369,35.14669],[135.67257,35.14555],[135.67237,35.14486],[135.67287,35.14408],[135.6725,35.14289],[135.67232,35.14158],[135.67297,35.14085],[135.67301,35.13993],[135.674,35.13873],[135.67406,35.13835],[135.67558,35.13761],[135.6758,35.13696],[135.67531,35.13556],[135.67529,35.13461],[135.67555,35.13418],[135.67534,35.1336],[135.67495,35.13271],[135.67453,35.13204],[135.67399,35.13129],[135.6743,35.13091],[135.67443,35.13066],[135.67421,35.12985],[135.67353,35.12936],[135.67317,35.12838],[135.67313,35.12834],[135.67279,35.12779],[135.67223,35.1273],[135.67224,35.12672],[135.67097,35.12641],[135.67044,35.12544],[135.67048,35.1245],[135.67017,35.1229],[135.66869,35.12254],[135.66764,35.12143],[135.66569,35.12112],[135.66492,35.12059],[135.66453,35.11979],[135.66453,35.11902],[135.66341,35.11834],[135.66324,35.118],[135.6626,35.11781],[135.66088,35.11653],[135.65987,35.11601],[135.65882,35.11664],[135.65833,35.1167],[135.65668,35.11787],[135.65572,35.11694],[135.65413,35.11469],[135.65339,35.11496],[135.65262,35.11494],[135.65236,35.11537],[135.65076,35.11607],[135.64995,35.11705],[135.64978,35.11773],[135.64916,35.11857],[135.64719,35.11759],[135.64778,35.11707],[135.64807,35.11607],[135.64918,35.11442],[135.64809,35.11311],[135.64802,35.112],[135.64902,35.10995],[135.64972,35.10972],[135.65015,35.10996],[135.65055,35.1097],[135.65147,35.10967],[135.65148,35.10928],[135.65263,35.10929],[135.65449,35.10897],[135.65461,35.10863],[135.65432,35.10784],[135.65355,35.10665],[135.65412,35.10586],[135.65316,35.10479],[135.65288,35.10408],[135.65189,35.10307],[135.65076,35.10282],[135.65032,35.10242],[135.65008,35.10171],[135.65086,35.10051],[135.65141,35.0985],[135.65208,35.09773],[135.65215,35.09682],[135.65262,35.09607],[135.65254,35.09484],[135.65363,35.09349],[135.65436,35.09239],[135.65539,35.09179],[135.65553,35.09123],[135.6562,35.09071],[135.65668,35.09132],[135.65767,35.09218],[135.65909,35.09239],[135.65932,35.09312],[135.66079,35.09369],[135.66134,35.09413],[135.66201,35.09544],[135.66272,35.0961],[135.66285,35.09697],[135.66325,35.09793],[135.66388,35.09827],[135.66462,35.09805],[135.66506,35.09764],[135.66692,35.09621],[135.66543,35.09495],[135.66755,35.09457],[135.6673,35.09328],[135.66668,35.09212],[135.66739,35.09123],[135.66675,35.08987],[135.66787,35.089],[135.66794,35.08825],[135.66748,35.08661],[135.66818,35.08576],[135.66813,35.08492],[135.66836,35.08438],[135.66978,35.08409],[135.6704,35.08412],[135.67294,35.08723],[135.67399,35.08701],[135.67394,35.08684],[135.67503,35.08701],[135.67606,35.08643],[135.67525,35.08495],[135.67442,35.08404],[135.675,35.08358],[135.67649,35.0837],[135.67652,35.08266],[135.67575,35.08245],[135.67425,35.08146],[135.67376,35.081],[135.67378,35.07948],[135.67588,35.07945],[135.67655,35.07914],[135.67754,35.07869],[135.6784,35.07846],[135.6821,35.07726],[135.68295,35.07683],[135.68384,35.07594],[135.68488,35.0765],[135.68517,35.07683],[135.68557,35.07831],[135.68651,35.07904],[135.68665,35.08036],[135.68727,35.08107],[135.68783,35.08156],[135.68814,35.0817],[135.68837,35.08157],[135.68903,35.08056],[135.68954,35.08046],[135.68995,35.08028],[135.69055,35.07955],[135.69068,35.07913],[135.69102,35.07882],[135.69136,35.07824],[135.69124,35.07776],[135.69202,35.07569],[135.6927,35.07481],[135.69305,35.07386],[135.69362,35.07316],[135.69408,35.072],[135.69496,35.07121],[135.69455,35.07004],[135.69341,35.06847],[135.69403,35.06793],[135.69464,35.0664],[135.6949,35.06618],[135.69555,35.06624],[135.69581,35.0671],[135.69581,35.06771],[135.69646,35.06942],[135.69668,35.06973],[135.6973,35.06956],[135.69796,35.06972],[135.69844,35.06994],[135.69871,35.06989],[135.69904,35.06988],[135.69952,35.06951],[135.69989,35.06939],[135.70036,35.06933],[135.70047,35.06922],[135.70056,35.0691],[135.70057,35.06882],[135.70056,35.0684],[135.702,35.06728],[135.70228,35.06666],[135.70308,35.06667],[135.70317,35.06621],[135.70368,35.06585],[135.7037,35.06536],[135.70354,35.06443],[135.70352,35.06364],[135.70453,35.06298],[135.70547,35.06191],[135.7057,35.06191],[135.70669,35.06199],[135.70713,35.06184],[135.7081,35.06082],[135.70908,35.06028],[135.70986,35.06059],[135.71014,35.06092],[135.71018,35.06111],[135.71056,35.06137],[135.71086,35.06085],[135.71089,35.05975],[135.71053,35.05862],[135.7098,35.05723],[135.70932,35.0567],[135.70901,35.05577],[135.70891,35.05521],[135.709,35.05469],[135.70907,35.05435],[135.70887,35.05368],[135.70901,35.05318],[135.71003,35.05296],[135.71059,35.05237],[135.7119,35.05238],[135.71266,35.05311],[135.71292,35.0533],[135.71362,35.05341],[135.71415,35.05346],[135.71416,35.05316],[135.71411,35.05309],[135.71406,35.05277],[135.71399,35.05238],[135.71382,35.05188],[135.7141,35.05048],[135.71422,35.05001],[135.71414,35.04978],[135.71407,35.04965],[135.71398,35.04939],[135.71366,35.04771],[135.71387,35.04718],[135.71383,35.04689],[135.71383,35.04672],[135.71363,35.04661],[135.71304,35.04583],[135.71352,35.04565],[135.71271,35.04539],[135.71244,35.04459],[135.71235,35.04423],[135.71226,35.04375],[135.71174,35.04416],[135.71161,35.04526],[135.71139,35.04454],[135.71103,35.04248],[135.71068,35.04197],[135.71104,35.04172],[135.71197,35.04202],[135.71275,35.0421],[135.71315,35.04228],[135.71321,35.04247],[135.71352,35.04278],[135.71412,35.04281],[135.71469,35.04295],[135.715,35.0426],[135.71492,35.04174],[135.71533,35.04026],[135.71564,35.03992],[135.71596,35.03968],[135.71602,35.03956],[135.71686,35.03951],[135.71687,35.03875],[135.71695,35.03852],[135.718,35.03808],[135.71842,35.03781],[135.71961,35.03741],[135.71974,35.03666],[135.7199,35.03659],[135.72002,35.03658],[135.72008,35.03659],[135.72039,35.0364],[135.72076,35.03618],[135.72199,35.03572],[135.72193,35.03502],[135.72139,35.03339],[135.72142,35.03309],[135.72206,35.033],[135.72202,35.03175],[135.72195,35.03045],[135.72199,35.02986],[135.72202,35.02932],[135.72216,35.02783],[135.72327,35.02776],[135.72295,35.0274],[135.72338,35.027],[135.72305,35.02595],[135.724,35.02596],[135.72398,35.02536],[135.72447,35.02577],[135.72506,35.02578],[135.72506,35.02525],[135.72548,35.02485],[135.72552,35.02228],[135.72694,35.0223],[135.72986,35.02242],[135.72986,35.02247],[135.73168,35.02253],[135.73294,35.02234],[135.73306,35.02278],[135.7328,35.02355],[135.73279,35.0239],[135.73282,35.02457],[135.73287,35.02619],[135.73277,35.02729],[135.73318,35.02813],[135.73291,35.02821],[135.73334,35.02866],[135.73369,35.02949],[135.73381,35.0297],[135.73389,35.03],[135.73428,35.03121],[135.73439,35.03175],[135.73463,35.03174],[135.73481,35.03202],[135.73497,35.03207],[135.73491,35.03227],[135.73523,35.03322],[135.73538,35.03354],[135.73552,35.03393],[135.73555,35.03436],[135.73563,35.03478],[135.73567,35.03477],[135.73611,35.03446],[135.73604,35.0342],[135.73594,35.03395],[135.73638,35.03412],[135.73671,35.03374],[135.73731,35.03302],[135.73757,35.03271],[135.73787,35.03234],[135.73823,35.03239],[135.73812,35.03374],[135.7393,35.0337],[135.73986,35.03368],[135.74011,35.03422],[135.74013,35.03491],[135.73981,35.03492],[135.73964,35.03552],[135.73997,35.0359],[135.74013,35.03601],[135.74045,35.03607],[135.74099,35.03619],[135.74128,35.0354],[135.74129,35.0354],[135.74223,35.03546],[135.74243,35.03604],[135.74338,35.0357],[135.74423,35.03573],[135.74431,35.03546],[135.74457,35.03546],[135.74481,35.0355],[135.74482,35.03566],[135.74516,35.03556],[135.74584,35.03543],[135.74584,35.03577],[135.74604,35.03595],[135.74652,35.0358],[135.74649,35.0356],[135.74726,35.03559],[135.74722,35.03583],[135.74721,35.03589],[135.74716,35.03628],[135.74719,35.03685],[135.74767,35.03685],[135.74768,35.03685],[135.74769,35.03729],[135.74769,35.03734],[135.74767,35.03772],[135.74764,35.03801],[135.7476,35.03888],[135.74769,35.03899],[135.74767,35.03911],[135.74788,35.03932],[135.74797,35.03931],[135.74839,35.0393],[135.74936,35.03932],[135.74957,35.03904],[135.74975,35.03891],[135.74985,35.03882],[135.75054,35.03835],[135.75178,35.03791],[135.752,35.03776],[135.75217,35.03765],[135.75477,35.03752]],[[135.74076,35.04619],[135.74069,35.0476],[135.74077,35.04687],[135.74076,35.04619]],[[135.73918,35.04485],[135.73815,35.04475],[135.73814,35.04477],[135.73918,35.04485]],[[135.74289,35.04194],[135.74268,35.04193],[135.74298,35.04199],[135.74289,35.04194]],[[135.74923,35.0465],[135.74923,35.04643],[135.74879,35.04627],[135.74923,35.0465]],[[135.74111,35.05172],[135.74071,35.05184],[135.7411,35.05195],[135.74111,35.05172]],[[135.75059,35.05702],[135.75044,35.05709],[135.75067,35.05706],[135.75059,35.05702]],[[135.75236,35.05566],[135.75267,35.0554],[135.75217,35.05551],[135.75236,35.05566]],[[135.75458,35.048],[135.75476,35.04797],[135.75458,35.04758],[135.75458,35.048]],[[135.75457,35.04732],[135.75505,35.04732],[135.75539,35.04732],[135.75538,35.04703],[135.75493,35.04732],[135.75457,35.04732]],[[135.75234,35.04555],[135.75234,35.04531],[135.75224,35.04556],[135.75234,35.04555]],[[135.75384,35.04409],[135.75465,35.04415],[135.75391,35.04409],[135.75384,35.04409]],[[135.75465,35.04415],[135.75503,35.04436],[135.75503,35.04414],[135.75465,35.04415]],[[135.75421,35.04194],[135.75328,35.04135],[135.75328,35.04143],[135.75421,35.04194]],[[135.75503,35.04411],[135.75503,35.04385],[135.75466,35.04386],[135.75503,35.04411]],[[135.75605,35.03726],[135.75604,35.03838],[135.75605,35.03805],[135.75605,35.03726]],[[135.76457,35.03751],[135.76448,35.03763],[135.76469,35.03772],[135.76457,35.03751]],[[135.75488,35.0388],[135.755,35.03883],[135.75483,35.03821],[135.75488,35.0388]],[[135.75364,35.04138],[135.75377,35.04123],[135.75367,35.04122],[135.75364,35.04138]],[[135.74022,35.03916],[135.74009,35.04018],[135.74013,35.03999],[135.74022,35.03916]],[[135.75461,35.04135],[135.75555,35.04144],[135.75462,35.04128],[135.75461,35.04135]],[[135.73682,35.04286],[135.73685,35.04262],[135.73687,35.04245],[135.73682,35.04286]],[[135.73982,35.04137],[135.74021,35.04166],[135.73987,35.04101],[135.73982,35.04137]],[[135.72895,35.05535],[135.72865,35.05532],[135.72873,35.05542],[135.72895,35.05535]],[[135.71622,35.06875],[135.7162,35.06917],[135.71627,35.06952],[135.71622,35.06875]],[[135.72001,35.06582],[135.72033,35.06525],[135.72023,35.0654],[135.72001,35.06582]],[[135.73266,35.05331],[135.73277,35.05317],[135.7323,35.05294],[135.73266,35.05331]],[[135.71098,35.07052],[135.71125,35.07069],[135.71105,35.07008],[135.71098,35.07052]],[[135.71552,35.06985],[135.71504,35.06985],[135.71515,35.0701],[135.71552,35.06985]],[[135.71258,35.07492],[135.71306,35.07532],[135.71315,35.07508],[135.71258,35.07492]],[[135.71597,35.07277],[135.71601,35.07279],[135.71639,35.07227],[135.71597,35.07277]],[[135.69318,35.07989],[135.69269,35.07971],[135.6927,35.07993],[135.69318,35.07989]],[[135.72228,35.0522],[135.7221,35.05179],[135.72201,35.05224],[135.72228,35.0522]],[[135.73987,35.05845],[135.73999,35.05858],[135.74008,35.05854],[135.73987,35.05845]],[[135.72842,35.06933],[135.7286,35.06891],[135.72834,35.06891],[135.72842,35.06933]],[[135.74873,35.05948],[135.74885,35.05949],[135.7489,35.05894],[135.74873,35.05948]],[[135.74112,35.05854],[135.74109,35.05754],[135.74104,35.05891],[135.74122,35.05903],[135.74112,35.05854]],[[135.73856,35.06078],[135.73853,35.06101],[135.73885,35.06085],[135.73856,35.06078]],[[135.73861,35.06492],[135.73888,35.06547],[135.73909,35.06518],[135.73861,35.06492]],[[135.7401,35.06705],[135.74008,35.06723],[135.74023,35.06659],[135.7401,35.06705]],[[135.72913,35.07266],[135.72869,35.0725],[135.72894,35.07263],[135.72913,35.07266]],[[135.7497,35.06565],[135.75001,35.06498],[135.74999,35.06497],[135.7497,35.06565]],[[135.75039,35.06645],[135.75018,35.06673],[135.75018,35.06681],[135.75039,35.06645]],[[135.75109,35.0616],[135.75095,35.06186],[135.75105,35.06203],[135.75109,35.0616]],[[135.75312,35.06959],[135.75253,35.06881],[135.75246,35.06893],[135.75291,35.06939],[135.75312,35.06959]],[[135.74985,35.07009],[135.74966,35.07018],[135.75011,35.07059],[135.74985,35.07009]],[[135.74693,35.07517],[135.74707,35.0748],[135.74702,35.07477],[135.7468,35.07501],[135.74693,35.07517]],[[135.74258,35.07518],[135.74252,35.07518],[135.74261,35.07535],[135.74258,35.07518]],[[135.74797,35.07515],[135.74842,35.07552],[135.74838,35.07546],[135.74797,35.07515]],[[135.74357,35.07123],[135.7439,35.07148],[135.7436,35.07111],[135.74357,35.07123]],[[135.75778,35.04793],[135.75801,35.04821],[135.758,35.04793],[135.75778,35.04793]],[[135.75676,35.03794],[135.75671,35.03808],[135.75676,35.03804],[135.75676,35.03794]],[[135.76118,35.04095],[135.76082,35.04085],[135.76083,35.04095],[135.76118,35.04095]],[[135.72967,35.03016],[135.72848,35.03006],[135.72779,35.03008],[135.72862,35.03008],[135.72967,35.03016]],[[135.72469,35.03438],[135.72444,35.03424],[135.72477,35.03462],[135.72469,35.03438]],[[135.72789,35.03834],[135.72917,35.03823],[135.72794,35.03825],[135.72789,35.03834]],[[135.72569,35.03873],[135.72537,35.03885],[135.7254,35.03884],[135.72569,35.03873]],[[135.72228,35.0421],[135.72222,35.04218],[135.7224,35.04244],[135.72228,35.0421]],[[135.73193,35.04109],[135.73188,35.04092],[135.7319,35.04119],[135.73193,35.04109]],[[135.73188,35.04092],[135.73185,35.0401],[135.73186,35.04073],[135.73188,35.04092]],[[135.73086,35.0506],[135.73075,35.0506],[135.73091,35.05068],[135.73086,35.0506]],[[135.72015,35.04299],[135.71999,35.04305],[135.72019,35.04307],[135.72015,35.04299]],[[135.72665,35.04758],[135.72621,35.04786],[135.72735,35.04719],[135.72665,35.04758]],[[135.72547,35.04845],[135.72566,35.04825],[135.72539,35.04824],[135.72547,35.04845]],[[135.71961,35.04403],[135.71918,35.04402],[135.71929,35.04413],[135.71961,35.04403]],[[135.68884,35.08262],[135.68851,35.08263],[135.68854,35.08279],[135.68884,35.08262]],[[135.68933,35.09327],[135.68909,35.09343],[135.68978,35.09328],[135.68933,35.09327]],[[135.69136,35.09649],[135.69152,35.09687],[135.6917,35.09697],[135.69136,35.09649]],[[135.67989,35.10642],[135.6799,35.10646],[135.68036,35.10632],[135.67989,35.10642]],[[135.69135,35.12293],[135.69068,35.12346],[135.69051,35.12371],[135.69135,35.12293]],[[135.69444,35.13687],[135.69431,35.13748],[135.69456,35.13703],[135.69444,35.13687]],[[135.68469,35.14086],[135.68528,35.14108],[135.68434,35.14064],[135.68469,35.14086]],[[135.68683,35.14224],[135.68632,35.14161],[135.68608,35.1415],[135.68683,35.14224]]],[[[135.76124,35.05804],[135.76129,35.05826],[135.76136,35.05858],[135.76124,35.05804]]]]}},{"type":"Feature","properties":{"nm":"京都市上京区","b":[135.7327,35.0147,135.7717,35.0393],"c":[135.75279,35.02663]},"geometry":{"type":"MultiPolygon","coordinates":[[[[135.75677,35.02595],[135.75686,35.02592],[135.75757,35.02572],[135.75677,35.02595]]],[[[135.74654,35.02676],[135.74569,35.0268],[135.74567,35.0268],[135.74654,35.02676]]],[[[135.74404,35.02616],[135.74446,35.02615],[135.74451,35.02615],[135.74404,35.02616]]],[[[135.74463,35.02902],[135.74412,35.02904],[135.74385,35.02905],[135.74463,35.02902]]],[[[135.74099,35.03619],[135.74045,35.03607],[135.74013,35.03601],[135.73997,35.0359],[135.73964,35.03552],[135.73981,35.03492],[135.74013,35.03491],[135.74011,35.03422],[135.73986,35.03368],[135.7393,35.0337],[135.73812,35.03374],[135.73823,35.03239],[135.73787,35.03234],[135.73757,35.03271],[135.73731,35.03302],[135.73671,35.03374],[135.73638,35.03412],[135.73594,35.03395],[135.73604,35.0342],[135.73611,35.03446],[135.73567,35.03477],[135.73555,35.03436],[135.73578,35.03392],[135.73552,35.03393],[135.73538,35.03354],[135.73523,35.03322],[135.73491,35.03227],[135.73497,35.03207],[135.73481,35.03202],[135.73463,35.03174],[135.73439,35.03175],[135.73428,35.03121],[135.73389,35.03],[135.73381,35.0297],[135.73369,35.02949],[135.73334,35.02866],[135.73318,35.02813],[135.73277,35.02729],[135.73287,35.02619],[135.73282,35.02457],[135.73279,35.0239],[135.7328,35.02355],[135.73306,35.02278],[135.73294,35.02234],[135.73291,35.02221],[135.73285,35.02161],[135.73272,35.02075],[135.73292,35.02027],[135.73303,35.01965],[135.73343,35.01962],[135.73439,35.01956],[135.73552,35.01948],[135.73556,35.01862],[135.7361,35.01861],[135.73678,35.01859],[135.73677,35.01978],[135.73764,35.01975],[135.73935,35.01976],[135.73935,35.0199],[135.74039,35.01987],[135.74072,35.01984],[135.74095,35.01988],[135.74115,35.01926],[135.74168,35.01923],[135.74192,35.01922],[135.74263,35.01846],[135.74263,35.01802],[135.74258,35.01645],[135.74257,35.01572],[135.74231,35.01569],[135.74203,35.01534],[135.74257,35.01534],[135.74254,35.01496],[135.74316,35.01492],[135.74351,35.01481],[135.74537,35.01468],[135.74546,35.01604],[135.74735,35.01595],[135.74772,35.01594],[135.75051,35.01582],[135.7513,35.0158],[135.75198,35.01577],[135.75198,35.01603],[135.75199,35.01637],[135.752,35.01679],[135.752,35.01712],[135.752,35.01735],[135.752,35.01782],[135.75241,35.01783],[135.75257,35.01781],[135.75258,35.01791],[135.75294,35.01791],[135.7531,35.01736],[135.7534,35.01737],[135.75379,35.01737],[135.75379,35.01773],[135.75388,35.01773],[135.75388,35.0177],[135.75407,35.01755],[135.75447,35.01758],[135.75451,35.01837],[135.75451,35.0177],[135.75484,35.01736],[135.75501,35.01736],[135.75501,35.01765],[135.75561,35.01765],[135.75561,35.01822],[135.75653,35.018],[135.75652,35.01738],[135.75677,35.01739],[135.75687,35.01764],[135.75759,35.01739],[135.75833,35.01737],[135.75846,35.01771],[135.75907,35.0177],[135.75907,35.01735],[135.75939,35.01738],[135.75964,35.01738],[135.76059,35.01739],[135.76107,35.01739],[135.76211,35.0174],[135.76265,35.01741],[135.76365,35.01741],[135.76659,35.01745],[135.76674,35.01745],[135.76732,35.01774],[135.76734,35.01811],[135.76764,35.01699],[135.76805,35.01699],[135.76812,35.01748],[135.76848,35.01724],[135.76834,35.01725],[135.76826,35.01662],[135.76871,35.01656],[135.76882,35.01655],[135.76894,35.01654],[135.76938,35.01653],[135.76993,35.01665],[135.77159,35.01664],[135.7716,35.01758],[135.77079,35.01761],[135.7716,35.01779],[135.77159,35.01841],[135.77158,35.01867],[135.77157,35.01903],[135.77155,35.01988],[135.77153,35.02046],[135.77151,35.02143],[135.7715,35.02174],[135.7715,35.02233],[135.7715,35.02254],[135.7716,35.02586],[135.77161,35.02726],[135.77166,35.02933],[135.77138,35.02953],[135.77112,35.03039],[135.77013,35.03204],[135.76997,35.03231],[135.7691,35.03196],[135.76882,35.03251],[135.76854,35.03241],[135.76655,35.03464],[135.76676,35.03473],[135.76609,35.03526],[135.76559,35.03603],[135.76457,35.03751],[135.76338,35.03698],[135.76338,35.03692],[135.76372,35.03646],[135.76317,35.0369],[135.76266,35.03675],[135.76245,35.03642],[135.76248,35.03682],[135.7621,35.03698],[135.76108,35.03698],[135.76116,35.03755],[135.76073,35.03754],[135.76034,35.03733],[135.75941,35.03755],[135.75926,35.03742],[135.7587,35.03739],[135.7585,35.03776],[135.75794,35.03744],[135.75756,35.03744],[135.75757,35.03717],[135.75716,35.0372],[135.75675,35.03722],[135.75605,35.03726],[135.75588,35.03726],[135.7554,35.03753],[135.75533,35.03753],[135.75477,35.03752],[135.75217,35.03765],[135.752,35.03776],[135.75178,35.03791],[135.75054,35.03835],[135.74985,35.03882],[135.7498,35.03877],[135.74975,35.03891],[135.74919,35.03889],[135.74957,35.03904],[135.74936,35.03932],[135.74839,35.0393],[135.74797,35.03931],[135.74788,35.03932],[135.74767,35.03911],[135.74769,35.03899],[135.74802,35.03881],[135.7476,35.03888],[135.74764,35.03801],[135.74767,35.03772],[135.74769,35.03734],[135.74769,35.03729],[135.74768,35.03685],[135.74767,35.03685],[135.74719,35.03685],[135.74716,35.03628],[135.74721,35.03589],[135.74722,35.03583],[135.74726,35.03559],[135.74649,35.0356],[135.74652,35.0358],[135.74604,35.03595],[135.74584,35.03577],[135.74584,35.03543],[135.74516,35.03556],[135.74482,35.03566],[135.74481,35.0355],[135.74481,35.03545],[135.74457,35.03546],[135.74431,35.03546],[135.74423,35.03573],[135.74338,35.0357],[135.74243,35.03604],[135.74242,35.03546],[135.74223,35.03546],[135.74129,35.0354],[135.74121,35.03539],[135.74128,35.0354],[135.74099,35.03619]],[[135.75229,35.02927],[135.75196,35.02925],[135.75194,35.02972],[135.75229,35.02927]],[[135.75214,35.02807],[135.75194,35.02635],[135.75201,35.02529],[135.75192,35.02635],[135.75214,35.02807]],[[135.75173,35.02637],[135.75173,35.02541],[135.7516,35.02639],[135.75173,35.02637]],[[135.75174,35.02769],[135.7514,35.02779],[135.75176,35.02778],[135.75174,35.02769]],[[135.75087,35.02784],[135.7506,35.02785],[135.75092,35.02799],[135.75087,35.02784]],[[135.75092,35.02799],[135.75087,35.02811],[135.75093,35.02811],[135.75092,35.02799]],[[135.75097,35.02659],[135.75092,35.0267],[135.75093,35.0269],[135.75097,35.02659]],[[135.751,35.02713],[135.75095,35.02725],[135.75095,35.02755],[135.751,35.02713]],[[135.75016,35.02703],[135.74944,35.02704],[135.7503,35.02703],[135.75016,35.02703]],[[135.7492,35.03191],[135.74924,35.03191],[135.74924,35.03146],[135.7492,35.03191]],[[135.74827,35.03213],[135.74777,35.03215],[135.74833,35.03213],[135.74827,35.03213]],[[135.74835,35.03213],[135.74847,35.03222],[135.74847,35.03212],[135.74835,35.03213]],[[135.74835,35.03012],[135.74829,35.03012],[135.74838,35.03044],[135.74835,35.03012]],[[135.7492,35.02856],[135.74922,35.02835],[135.74915,35.02856],[135.7492,35.02856]],[[135.74856,35.02858],[135.74854,35.02858],[135.74854,35.02874],[135.74856,35.02858]],[[135.74931,35.02793],[135.74858,35.02793],[135.74848,35.02794],[135.74931,35.02793]],[[135.74897,35.02707],[135.7486,35.027],[135.7486,35.02707],[135.74897,35.02707]],[[135.74712,35.02705],[135.74689,35.02712],[135.74714,35.02734],[135.74712,35.02705]],[[135.74736,35.03018],[135.74708,35.03018],[135.74625,35.03023],[135.74736,35.03018]],[[135.74584,35.03133],[135.74551,35.03134],[135.74584,35.03141],[135.74584,35.03133]],[[135.75089,35.03122],[135.75083,35.03124],[135.75125,35.03121],[135.75089,35.03122]],[[135.74701,35.02894],[135.74666,35.02903],[135.74686,35.02903],[135.74701,35.02894]],[[135.74666,35.02903],[135.74666,35.02895],[135.74667,35.02925],[135.7467,35.02941],[135.74666,35.02903]],[[135.75185,35.02861],[135.75187,35.02842],[135.75101,35.02841],[135.75185,35.02861]],[[135.75635,35.03062],[135.75663,35.03049],[135.75599,35.03058],[135.75635,35.03062]],[[135.75505,35.03078],[135.75471,35.03077],[135.75501,35.03078],[135.75505,35.03078]],[[135.75558,35.02803],[135.75573,35.02807],[135.75558,35.02797],[135.75541,35.02803],[135.75558,35.02803]],[[135.75492,35.02823],[135.75525,35.02825],[135.75565,35.02825],[135.75557,35.02825],[135.75492,35.02823]],[[135.75554,35.02719],[135.75546,35.02668],[135.75546,35.02674],[135.75554,35.02719]],[[135.75483,35.02674],[135.75475,35.02674],[135.75486,35.02747],[135.75483,35.02674]],[[135.75394,35.03089],[135.75368,35.0311],[135.75385,35.03114],[135.75394,35.03089]],[[135.75288,35.03158],[135.75289,35.03152],[135.75288,35.03141],[135.75288,35.03158]],[[135.75454,35.02946],[135.75466,35.02925],[135.75424,35.02947],[135.75454,35.02946]],[[135.75414,35.02856],[135.75408,35.02833],[135.754,35.02856],[135.75399,35.02877],[135.75414,35.02856]],[[135.75458,35.02776],[135.75409,35.02767],[135.75412,35.02776],[135.75458,35.02776]],[[135.75409,35.02767],[135.75402,35.02723],[135.75401,35.02735],[135.75409,35.02767]],[[135.75436,35.02643],[135.75438,35.02616],[135.75436,35.02631],[135.75436,35.02643]],[[135.75425,35.0263],[135.75391,35.02629],[135.75408,35.02661],[135.75425,35.0263]],[[135.75349,35.02857],[135.75346,35.02854],[135.75347,35.02859],[135.75349,35.02857]],[[135.75383,35.02832],[135.75404,35.02821],[135.75384,35.02821],[135.75383,35.02832]],[[135.75296,35.02786],[135.7528,35.02794],[135.75296,35.02794],[135.75296,35.02786]],[[135.75314,35.02686],[135.75309,35.02686],[135.75314,35.02713],[135.75314,35.02686]],[[135.75479,35.03236],[135.7548,35.03325],[135.75483,35.03253],[135.75479,35.03236]],[[135.7548,35.03325],[135.7548,35.03331],[135.75536,35.03358],[135.75536,35.03329],[135.7548,35.03325]],[[135.75623,35.03249],[135.7562,35.0325],[135.75631,35.03248],[135.75623,35.03249]],[[135.75208,35.03183],[135.75212,35.0325],[135.7521,35.03216],[135.75208,35.03183]],[[135.75212,35.0325],[135.75215,35.0335],[135.75216,35.03315],[135.75212,35.0325]],[[135.75592,35.02927],[135.75601,35.02926],[135.75601,35.02904],[135.75592,35.02927]],[[135.75571,35.02885],[135.75572,35.02863],[135.75513,35.02886],[135.75571,35.02885]],[[135.75611,35.02799],[135.75625,35.02799],[135.75618,35.02781],[135.75611,35.02799]],[[135.75625,35.0278],[135.75642,35.02758],[135.75627,35.02768],[135.75625,35.0278]],[[135.75724,35.02939],[135.75748,35.02939],[135.75745,35.02931],[135.75724,35.02939]],[[135.75745,35.02931],[135.7576,35.02908],[135.75753,35.02908],[135.75745,35.02931]],[[135.75907,35.02877],[135.75938,35.02912],[135.75938,35.02878],[135.75907,35.02877]],[[135.75938,35.02912],[135.75938,35.02918],[135.76193,35.02926],[135.75938,35.02912]],[[135.76193,35.02926],[135.76192,35.02936],[135.76234,35.02928],[135.76193,35.02926]],[[135.75636,35.02654],[135.75638,35.0263],[135.75632,35.02654],[135.75636,35.02654]],[[135.75851,35.02721],[135.75845,35.02719],[135.75799,35.02718],[135.75851,35.02721]],[[135.75845,35.02701],[135.75856,35.02589],[135.75831,35.02626],[135.75845,35.02701]],[[135.75816,35.02626],[135.75757,35.02625],[135.75777,35.02626],[135.75816,35.02626]],[[135.75909,35.02271],[135.75907,35.02276],[135.7591,35.02311],[135.75909,35.02271]],[[135.75896,35.02412],[135.75831,35.02379],[135.75845,35.02411],[135.75896,35.02412]],[[135.75893,35.02535],[135.75833,35.0252],[135.75833,35.02537],[135.75893,35.02535]],[[135.75838,35.02259],[135.75773,35.02252],[135.75773,35.02258],[135.75838,35.02259]],[[135.75613,35.02545],[135.75541,35.02542],[135.75545,35.02581],[135.75573,35.02581],[135.75613,35.02545]],[[135.75506,35.02473],[135.75524,35.02501],[135.75523,35.02473],[135.75506,35.02473]],[[135.75382,35.02501],[135.75331,35.02501],[135.75332,35.02524],[135.75382,35.02501]],[[135.75256,35.02447],[135.75244,35.02462],[135.75257,35.0246],[135.75256,35.02447]],[[135.752,35.02444],[135.75201,35.02466],[135.75224,35.02466],[135.752,35.02444]],[[135.75261,35.02295],[135.75301,35.02288],[135.75237,35.02288],[135.75261,35.02295]],[[135.75236,35.0226],[135.75242,35.02241],[135.75228,35.0226],[135.75236,35.0226]],[[135.752,35.02353],[135.75159,35.02354],[135.752,35.02379],[135.752,35.02353]],[[135.75198,35.02261],[135.75141,35.02244],[135.75141,35.02261],[135.75146,35.02261],[135.75198,35.02261]],[[135.75089,35.02457],[135.75054,35.0246],[135.75091,35.02462],[135.75089,35.02457]],[[135.75083,35.02314],[135.75072,35.02314],[135.75083,35.02316],[135.75083,35.02314]],[[135.75019,35.02291],[135.75019,35.02296],[135.75019,35.02331],[135.75029,35.02331],[135.75019,35.02291]],[[135.75021,35.0253],[135.74983,35.02498],[135.74895,35.02498],[135.74942,35.02498],[135.75021,35.0253]],[[135.74895,35.02498],[135.74881,35.0252],[135.74895,35.02519],[135.74895,35.02498]],[[135.74947,35.0247],[135.74948,35.02477],[135.74955,35.02478],[135.74947,35.0247]],[[135.74961,35.02468],[135.74983,35.02468],[135.74983,35.02456],[135.74961,35.02468]],[[135.74881,35.02526],[135.74852,35.02528],[135.74823,35.02527],[135.7486,35.02528],[135.74881,35.02526]],[[135.74876,35.02608],[135.74839,35.02609],[135.74866,35.02609],[135.749,35.02608],[135.74876,35.02608]],[[135.74823,35.02577],[135.74823,35.02609],[135.74839,35.02612],[135.74823,35.02577]],[[135.74681,35.02642],[135.74654,35.02676],[135.74684,35.02669],[135.74681,35.02642]],[[135.74645,35.02462],[135.74612,35.02471],[135.74711,35.02471],[135.74645,35.02462]],[[135.74676,35.02291],[135.74677,35.02272],[135.74643,35.02291],[135.74676,35.02291]],[[135.74643,35.02297],[135.74627,35.02335],[135.74644,35.02326],[135.74643,35.02297]],[[135.74627,35.02335],[135.74608,35.02335],[135.74609,35.02379],[135.74627,35.02335]],[[135.74646,35.02579],[135.74646,35.02532],[135.7461,35.02532],[135.74646,35.02579]],[[135.74608,35.02292],[135.74607,35.02261],[135.74573,35.02327],[135.74608,35.02292]],[[135.74424,35.02682],[135.74396,35.02678],[135.74384,35.02685],[135.74425,35.02692],[135.74424,35.02682]],[[135.74358,35.02535],[135.74356,35.02502],[135.74356,35.02544],[135.74358,35.02535]],[[135.74295,35.02291],[135.74292,35.02344],[135.74295,35.02321],[135.74295,35.02291]],[[135.74292,35.02388],[135.74293,35.02358],[135.74286,35.02357],[135.74292,35.02388]],[[135.74293,35.02693],[135.74328,35.02709],[135.74329,35.02696],[135.74293,35.02693]],[[135.74573,35.02898],[135.74549,35.02867],[135.74555,35.02898],[135.74573,35.02898]],[[135.74505,35.02901],[135.74471,35.02902],[135.74504,35.02927],[135.74505,35.02901]],[[135.74288,35.02977],[135.74289,35.02955],[135.74238,35.02974],[135.74288,35.02977]],[[135.74289,35.02955],[135.74375,35.02957],[135.74284,35.02944],[135.74289,35.02955]],[[135.74288,35.02932],[135.74293,35.0291],[135.74287,35.0291],[135.74288,35.02932]],[[135.74244,35.02924],[135.74155,35.0291],[135.74201,35.02919],[135.74244,35.02924]],[[135.74215,35.02703],[135.74202,35.02675],[135.74169,35.02703],[135.74215,35.02703]],[[135.74193,35.03092],[135.74184,35.03104],[135.7419,35.03104],[135.74193,35.03092]],[[135.74215,35.03109],[135.74236,35.03144],[135.74238,35.0313],[135.74215,35.03109]],[[135.74528,35.0338],[135.74642,35.03384],[135.74605,35.03377],[135.74528,35.0338]],[[135.74642,35.03384],[135.74643,35.03389],[135.74642,35.03382],[135.74642,35.03384]],[[135.76372,35.03646],[135.76337,35.03635],[135.76279,35.03641],[135.76372,35.03646]],[[135.74242,35.03546],[135.74329,35.03543],[135.74242,35.03544],[135.74242,35.03546]],[[135.74128,35.03505],[135.74106,35.03482],[135.741,35.03498],[135.74128,35.03505]],[[135.74161,35.03416],[135.74167,35.03416],[135.74169,35.03411],[135.74161,35.03416]],[[135.7422,35.03391],[135.7422,35.03388],[135.74187,35.03383],[135.7422,35.03391]],[[135.74265,35.03346],[135.74262,35.03302],[135.74237,35.03301],[135.74265,35.03346]],[[135.74214,35.03293],[135.74221,35.03217],[135.74219,35.03228],[135.74214,35.03293]],[[135.74413,35.03383],[135.74436,35.03382],[135.74433,35.03322],[135.74413,35.03383]],[[135.74431,35.03275],[135.74428,35.03251],[135.74414,35.03276],[135.74431,35.03275]],[[135.74361,35.0335],[135.74339,35.03395],[135.74393,35.03394],[135.74361,35.0335]],[[135.74331,35.03281],[135.74315,35.03236],[135.74317,35.03271],[135.74331,35.03281]],[[135.74443,35.0324],[135.74445,35.0325],[135.74466,35.03248],[135.74443,35.0324]],[[135.7518,35.03119],[135.75153,35.03174],[135.75184,35.03173],[135.7518,35.03119]],[[135.74863,35.0329],[135.74862,35.03287],[135.74863,35.03304],[135.74863,35.0329]],[[135.7484,35.03323],[135.74708,35.03322],[135.74727,35.03328],[135.7484,35.03323]],[[135.7473,35.03371],[135.74712,35.03381],[135.74833,35.03367],[135.7473,35.03371]],[[135.75037,35.03353],[135.75025,35.03362],[135.75045,35.03351],[135.75037,35.03353]],[[135.74658,35.03323],[135.74671,35.03333],[135.74685,35.0333],[135.74658,35.03323]],[[135.74662,35.03369],[135.74662,35.03373],[135.74674,35.03373],[135.74662,35.03369]],[[135.75099,35.035],[135.75111,35.03493],[135.75099,35.03495],[135.75099,35.035]],[[135.75001,35.03184],[135.75027,35.03158],[135.75,35.03162],[135.75001,35.03184]],[[135.74999,35.03108],[135.74955,35.03112],[135.74926,35.03146],[135.74999,35.03108]],[[135.75112,35.03771],[135.75035,35.0376],[135.75037,35.03762],[135.75112,35.03771]],[[135.75035,35.0376],[135.75039,35.03729],[135.74982,35.03758],[135.75035,35.0376]],[[135.75062,35.0368],[135.7505,35.03679],[135.75059,35.03686],[135.75062,35.0368]],[[135.74926,35.03654],[135.74914,35.03678],[135.74926,35.03665],[135.74926,35.03654]],[[135.74941,35.03551],[135.74926,35.03568],[135.7493,35.03568],[135.74941,35.03551]],[[135.75157,35.03584],[135.75295,35.03596],[135.75183,35.03586],[135.75157,35.03584]],[[135.74846,35.03871],[135.74846,35.03863],[135.74821,35.03871],[135.74846,35.03871]],[[135.74843,35.03792],[135.74842,35.03828],[135.74842,35.03829],[135.74843,35.03792]],[[135.74849,35.03724],[135.74848,35.03738],[135.74847,35.03792],[135.74849,35.03724]],[[135.75828,35.02937],[135.75848,35.02943],[135.75868,35.02944],[135.75828,35.02937]],[[135.75843,35.03167],[135.75823,35.03171],[135.75904,35.03179],[135.75843,35.03167]],[[135.75942,35.03178],[135.7593,35.03208],[135.75943,35.03208],[135.75942,35.03178]],[[135.75747,35.03012],[135.75738,35.03034],[135.75744,35.03035],[135.75747,35.03012]],[[135.75696,35.03073],[135.75713,35.03074],[135.75714,35.03046],[135.75696,35.03073]],[[135.75713,35.03074],[135.75713,35.03098],[135.75717,35.03098],[135.75713,35.03074]],[[135.75741,35.03333],[135.75731,35.03348],[135.75751,35.03348],[135.75741,35.03333]],[[135.75395,35.03356],[135.75395,35.03362],[135.754,35.03352],[135.75395,35.03356]],[[135.75757,35.03402],[135.75757,35.03419],[135.75765,35.03401],[135.75757,35.03402]],[[135.7573,35.03527],[135.75735,35.03574],[135.75737,35.03537],[135.7573,35.03527]],[[135.75792,35.03447],[135.75806,35.03434],[135.75767,35.03447],[135.75792,35.03447]],[[135.75859,35.03453],[135.75866,35.03431],[135.75865,35.03417],[135.75859,35.03453]],[[135.75626,35.03547],[135.75611,35.03577],[135.75623,35.03569],[135.75626,35.03547]],[[135.75572,35.03608],[135.75571,35.03627],[135.75598,35.0361],[135.75572,35.03608]],[[135.75571,35.03627],[135.75592,35.03642],[135.75607,35.03629],[135.75571,35.03627]],[[135.76503,35.03476],[135.76548,35.03419],[135.76504,35.03474],[135.76503,35.03476]],[[135.76551,35.03271],[135.76552,35.03239],[135.76518,35.03238],[135.76551,35.03271]],[[135.7664,35.03299],[135.76615,35.0328],[135.76611,35.03285],[135.7664,35.03299]],[[135.76555,35.03166],[135.76564,35.03158],[135.76565,35.03108],[135.76555,35.03166]],[[135.76637,35.03218],[135.76552,35.03216],[135.76644,35.03229],[135.76637,35.03218]],[[135.76692,35.03229],[135.76675,35.03212],[135.76666,35.03214],[135.76692,35.03229]],[[135.76736,35.03127],[135.7674,35.03112],[135.76728,35.03127],[135.76736,35.03127]],[[135.76752,35.03034],[135.76717,35.03027],[135.76716,35.03033],[135.76752,35.03034]],[[135.76788,35.02878],[135.76776,35.0268],[135.76782,35.02781],[135.76788,35.02878]],[[135.76742,35.0287],[135.7673,35.02878],[135.76742,35.02878],[135.76742,35.0287]],[[135.76754,35.02339],[135.76923,35.02334],[135.76754,35.02331],[135.76754,35.02339]],[[135.76718,35.02892],[135.76697,35.02863],[135.76692,35.02918],[135.76718,35.02892]],[[135.76692,35.02918],[135.76641,35.02918],[135.76693,35.02935],[135.76692,35.02918]],[[135.76937,35.02917],[135.76884,35.02917],[135.76939,35.02942],[135.76937,35.02917]],[[135.76932,35.02675],[135.76905,35.02664],[135.76905,35.02675],[135.76932,35.02675]],[[135.76834,35.03029],[135.76834,35.03042],[135.76852,35.03028],[135.76834,35.03029]],[[135.76872,35.03179],[135.76848,35.03168],[135.76845,35.03115],[135.76823,35.03157],[135.76872,35.03179]],[[135.77028,35.01935],[135.77001,35.019],[135.77001,35.01933],[135.77028,35.01935]],[[135.76797,35.01906],[135.76804,35.01877],[135.76781,35.01922],[135.76797,35.01906]],[[135.75369,35.0211],[135.75348,35.02124],[135.7537,35.02122],[135.75369,35.0211]],[[135.75475,35.02057],[135.75474,35.02035],[135.7544,35.02057],[135.75475,35.02057]],[[135.75317,35.02142],[135.75299,35.02159],[135.75299,35.02223],[135.75317,35.02142]],[[135.75342,35.01868],[135.75331,35.01858],[135.75332,35.01868],[135.75342,35.01868]],[[135.75289,35.0193],[135.75289,35.01954],[135.75314,35.01956],[135.75289,35.0193]],[[135.752,35.02027],[135.75199,35.02118],[135.75199,35.02123],[135.752,35.02027]],[[135.75933,35.02259],[135.75935,35.01874],[135.75932,35.01991],[135.75933,35.02031],[135.75933,35.02259]],[[135.7585,35.02052],[135.75837,35.02007],[135.7585,35.02054],[135.7585,35.02052]],[[135.75863,35.0209],[135.75836,35.02105],[135.75865,35.02106],[135.75863,35.0209]],[[135.75897,35.0216],[135.75847,35.02159],[135.75902,35.02178],[135.75897,35.0216]],[[135.75782,35.02128],[135.75774,35.02128],[135.75763,35.0214],[135.75782,35.02128]],[[135.75836,35.02002],[135.75829,35.01996],[135.75777,35.01996],[135.75777,35.02012],[135.75836,35.02002]],[[135.75133,35.01839],[135.75133,35.01842],[135.75149,35.01846],[135.75133,35.01839]],[[135.74774,35.0166],[135.74807,35.01691],[135.74834,35.01659],[135.74774,35.0166]],[[135.74941,35.01902],[135.74935,35.01887],[135.74941,35.01909],[135.74941,35.01902]],[[135.74941,35.01925],[135.74926,35.01977],[135.74941,35.0197],[135.74941,35.01925]],[[135.74943,35.01837],[135.74936,35.01848],[135.74943,35.01842],[135.74943,35.01837]],[[135.74883,35.01884],[135.74854,35.01901],[135.74861,35.01901],[135.74883,35.01884]],[[135.74862,35.01915],[135.74866,35.01971],[135.7489,35.01972],[135.74862,35.01915]],[[135.74841,35.01894],[135.74816,35.01874],[135.74816,35.01902],[135.74841,35.01894]],[[135.74763,35.02128],[135.74763,35.02141],[135.74783,35.0211],[135.74763,35.02128]],[[135.74781,35.01875],[135.74734,35.01875],[135.74733,35.0191],[135.74781,35.01875]],[[135.74666,35.02163],[135.74633,35.02164],[135.74629,35.02209],[135.74666,35.02163]],[[135.74636,35.02209],[135.74603,35.02232],[135.74603,35.02233],[135.74637,35.02229],[135.74636,35.02209]],[[135.74465,35.0221],[135.74455,35.02248],[135.74504,35.02231],[135.74465,35.0221]],[[135.74623,35.01976],[135.74737,35.01976],[135.74736,35.01973],[135.74629,35.01976],[135.74623,35.01976]],[[135.73519,35.02642],[135.73495,35.02646],[135.7352,35.02696],[135.73519,35.02642]],[[135.73543,35.0219],[135.73523,35.02198],[135.73516,35.02198],[135.73543,35.02197],[135.73543,35.0219]],[[135.73516,35.02198],[135.73509,35.02197],[135.73507,35.02209],[135.73516,35.02198]],[[135.73439,35.02616],[135.73437,35.02732],[135.73444,35.02737],[135.73439,35.02616]],[[135.73938,35.02066],[135.73938,35.02074],[135.7394,35.02248],[135.73938,35.02066]],[[135.73984,35.02634],[135.74056,35.02635],[135.74059,35.02631],[135.73984,35.02634]],[[135.74027,35.03056],[135.74017,35.03063],[135.74065,35.03053],[135.74027,35.03056]],[[135.74126,35.02917],[135.74141,35.02917],[135.74116,35.02906],[135.74126,35.02917]],[[135.7406,35.0293],[135.73991,35.02928],[135.74097,35.02933],[135.7406,35.0293]],[[135.73984,35.0301],[135.73997,35.02993],[135.73978,35.02987],[135.73984,35.0301]],[[135.73949,35.03046],[135.73949,35.03049],[135.73964,35.03044],[135.73949,35.03046]],[[135.73964,35.03044],[135.73978,35.0312],[135.73973,35.03092],[135.73964,35.03044]],[[135.7394,35.02861],[135.73941,35.02849],[135.73941,35.02848],[135.7394,35.02861]],[[135.73941,35.02848],[135.73977,35.02849],[135.73976,35.02847],[135.73938,35.02801],[135.73941,35.02848]],[[135.73729,35.03105],[135.73723,35.03089],[135.73725,35.03105],[135.73729,35.03105]],[[135.73834,35.03068],[135.73803,35.03071],[135.73783,35.03076],[135.73834,35.03068]]],[[[135.75049,35.03262],[135.75044,35.03195],[135.75046,35.03218],[135.75049,35.03262]]],[[[135.75049,35.03262],[135.75051,35.03276],[135.75055,35.03309],[135.75049,35.03262]]],[[[135.75055,35.03309],[135.75062,35.0335],[135.7506,35.0334],[135.75055,35.03309]]]]}},{"type":"Feature","properties":{"nm":"京都市左京区","b":[135.7255,35.0064,135.8608,35.3213],"c":[135.79629,35.16569]},"geometry":{"type":"MultiPolygon","coordinates":[[[[135.76846,35.0714],[135.76873,35.07097],[135.76832,35.07086],[135.76823,35.07034],[135.76773,35.0699],[135.76462,35.06891],[135.7646,35.06864],[135.76689,35.06855],[135.76795,35.06893],[135.7687,35.06899],[135.76924,35.06796],[135.76935,35.06724],[135.76868,35.06639],[135.76758,35.06604],[135.76736,35.06541],[135.76619,35.06395],[135.76643,35.06371],[135.76562,35.06309],[135.76555,35.0628],[135.76593,35.06196],[135.76715,35.06247],[135.76811,35.06224],[135.76925,35.06246],[135.77033,35.06206],[135.77207,35.06201],[135.77345,35.05996],[135.77286,35.05967],[135.77289,35.05895],[135.77247,35.0589],[135.77133,35.05885],[135.77152,35.05842],[135.77195,35.05813],[135.77223,35.05803],[135.7724,35.05765],[135.77251,35.05764],[135.77256,35.05735],[135.77177,35.05748],[135.77104,35.05757],[135.77047,35.05766],[135.77001,35.05778],[135.76883,35.05743],[135.76849,35.05707],[135.76876,35.05614],[135.76989,35.05515],[135.76903,35.05515],[135.76904,35.05475],[135.76715,35.05471],[135.76718,35.05394],[135.76719,35.05373],[135.76723,35.05272],[135.76724,35.05253],[135.76727,35.05154],[135.76334,35.05116],[135.75998,35.05085],[135.7597,35.05072],[135.75901,35.0506],[135.75829,35.05032],[135.75884,35.0495],[135.7603,35.04742],[135.76055,35.04706],[135.76196,35.04503],[135.76254,35.04418],[135.76291,35.04364],[135.76378,35.04237],[135.76459,35.04109],[135.76544,35.03974],[135.76631,35.03833],[135.76812,35.03534],[135.76997,35.03231],[135.77013,35.03204],[135.77112,35.03039],[135.77138,35.02953],[135.77166,35.02933],[135.77161,35.02726],[135.7716,35.02586],[135.7715,35.02254],[135.7715,35.02233],[135.7715,35.02174],[135.77151,35.02143],[135.77153,35.02046],[135.77155,35.01988],[135.77157,35.01903],[135.77158,35.01867],[135.77159,35.01841],[135.7716,35.01779],[135.7716,35.01758],[135.77159,35.01664],[135.77163,35.01532],[135.77164,35.01502],[135.77171,35.01364],[135.77172,35.01321],[135.77174,35.01228],[135.77176,35.01092],[135.77176,35.01079],[135.77178,35.0102],[135.77177,35.00956],[135.77324,35.00959],[135.77345,35.00959],[135.77344,35.00943],[135.77346,35.0093],[135.77372,35.00932],[135.77369,35.0096],[135.77392,35.00961],[135.7747,35.00967],[135.77458,35.01021],[135.77468,35.01002],[135.77497,35.01007],[135.77527,35.01012],[135.77555,35.01013],[135.77618,35.00978],[135.77765,35.00985],[135.77796,35.00986],[135.77816,35.00984],[135.77867,35.00984],[135.77893,35.00984],[135.77901,35.01033],[135.77902,35.01038],[135.78004,35.01034],[135.78146,35.01041],[135.78275,35.01068],[135.7834,35.01066],[135.78355,35.01064],[135.78394,35.01063],[135.78394,35.01059],[135.78475,35.01087],[135.78475,35.01065],[135.78477,35.01031],[135.78481,35.00989],[135.78524,35.0099],[135.78619,35.0101],[135.78644,35.00973],[135.78673,35.00956],[135.78773,35.00972],[135.78834,35.00953],[135.78839,35.00961],[135.78872,35.00959],[135.78904,35.00954],[135.78998,35.00876],[135.7902,35.00879],[135.79039,35.00872],[135.79064,35.00824],[135.79087,35.00816],[135.79049,35.00742],[135.79053,35.00703],[135.79059,35.00693],[135.79117,35.00704],[135.79136,35.007],[135.79211,35.00673],[135.79236,35.00673],[135.79245,35.00675],[135.79261,35.00676],[135.79342,35.00652],[135.79378,35.00651],[135.79493,35.00691],[135.79574,35.00773],[135.79638,35.00775],[135.79658,35.00712],[135.79711,35.00704],[135.79732,35.00676],[135.79768,35.00671],[135.79799,35.00636],[135.79827,35.00672],[135.79841,35.00695],[135.79957,35.00745],[135.79991,35.00739],[135.80036,35.00758],[135.80089,35.00779],[135.80163,35.00851],[135.80192,35.00884],[135.80204,35.00935],[135.80191,35.00971],[135.80263,35.00959],[135.80349,35.01031],[135.80353,35.01098],[135.80338,35.0115],[135.80326,35.01164],[135.80295,35.01229],[135.80322,35.0127],[135.8032,35.013],[135.80365,35.01361],[135.80392,35.01372],[135.80415,35.01384],[135.80442,35.01473],[135.80477,35.01499],[135.80513,35.01519],[135.80575,35.01555],[135.80636,35.01516],[135.80687,35.01534],[135.8069,35.01571],[135.80696,35.01538],[135.80714,35.01549],[135.80746,35.01576],[135.80853,35.01566],[135.80906,35.01593],[135.80946,35.01659],[135.81019,35.0167],[135.81088,35.01652],[135.81092,35.0155],[135.81144,35.01537],[135.81208,35.01549],[135.81318,35.01519],[135.81409,35.0153],[135.81431,35.01519],[135.81558,35.01498],[135.81591,35.01465],[135.81608,35.01433],[135.81589,35.01343],[135.81651,35.01272],[135.81705,35.01334],[135.81754,35.01334],[135.81853,35.01334],[135.81901,35.0131],[135.81969,35.013],[135.82025,35.01295],[135.82017,35.0134],[135.82041,35.01427],[135.82023,35.01533],[135.82068,35.01589],[135.82097,35.01415],[135.82157,35.0135],[135.82405,35.01325],[135.82441,35.01251],[135.82515,35.01209],[135.82637,35.01219],[135.8279,35.012],[135.82858,35.01165],[135.82911,35.01177],[135.82997,35.01161],[135.83201,35.01158],[135.83329,35.0118],[135.83451,35.0123],[135.8352,35.01201],[135.83539,35.01222],[135.83584,35.01444],[135.83559,35.01593],[135.83508,35.01708],[135.83467,35.01743],[135.83499,35.01791],[135.83514,35.0187],[135.83475,35.01903],[135.83489,35.0198],[135.83463,35.02045],[135.83444,35.02176],[135.83407,35.02232],[135.83324,35.0219],[135.83215,35.02162],[135.8315,35.02163],[135.83107,35.02137],[135.83029,35.02137],[135.82957,35.02109],[135.82794,35.02107],[135.82703,35.02062],[135.82621,35.01888],[135.82587,35.01933],[135.82596,35.0198],[135.82615,35.02041],[135.82665,35.02085],[135.82582,35.02205],[135.82644,35.02219],[135.82682,35.02308],[135.82672,35.02417],[135.82712,35.02444],[135.82699,35.02521],[135.82642,35.02539],[135.82674,35.02576],[135.82753,35.02593],[135.82755,35.02688],[135.82852,35.02797],[135.82796,35.02835],[135.82796,35.02904],[135.82837,35.02947],[135.82746,35.03087],[135.82656,35.03123],[135.82625,35.03177],[135.82568,35.03199],[135.82579,35.03278],[135.8252,35.0338],[135.82473,35.03407],[135.82478,35.03574],[135.82389,35.03626],[135.82302,35.03593],[135.82146,35.03609],[135.82087,35.03701],[135.81961,35.03818],[135.81906,35.03894],[135.81822,35.03947],[135.81725,35.03988],[135.81641,35.04074],[135.8161,35.04065],[135.81632,35.04077],[135.8156,35.04128],[135.81535,35.04204],[135.81591,35.04328],[135.81628,35.04348],[135.8158,35.04416],[135.81469,35.04479],[135.8153,35.04575],[135.81534,35.04636],[135.81593,35.04736],[135.8169,35.04821],[135.81774,35.04829],[135.81869,35.04907],[135.8215,35.04963],[135.82198,35.05093],[135.82292,35.05096],[135.82396,35.05144],[135.82438,35.05229],[135.82525,35.05235],[135.8256,35.0533],[135.82708,35.05379],[135.82779,35.05379],[135.82812,35.05339],[135.83049,35.05286],[135.83158,35.05284],[135.83372,35.05327],[135.83337,35.05392],[135.83353,35.05479],[135.83475,35.05591],[135.83481,35.05655],[135.83519,35.05715],[135.83492,35.05775],[135.83536,35.05817],[135.83572,35.05927],[135.83554,35.06005],[135.83588,35.06106],[135.83575,35.06166],[135.8359,35.06241],[135.83498,35.06444],[135.83417,35.06548],[135.83444,35.06585],[135.83421,35.06664],[135.83433,35.06799],[135.83333,35.06945],[135.83242,35.07022],[135.83244,35.07086],[135.83211,35.0713],[135.8327,35.07254],[135.83277,35.07316],[135.83332,35.0736],[135.83347,35.07408],[135.83411,35.07496],[135.83403,35.07595],[135.83487,35.07616],[135.83556,35.07712],[135.83638,35.07732],[135.83659,35.07896],[135.83702,35.07914],[135.83828,35.07896],[135.83828,35.07973],[135.83857,35.08231],[135.83878,35.08341],[135.83924,35.08432],[135.83933,35.08511],[135.83981,35.08578],[135.83958,35.08697],[135.8385,35.08887],[135.83785,35.08931],[135.83711,35.09033],[135.83587,35.09107],[135.83525,35.0911],[135.83555,35.09152],[135.83614,35.09226],[135.83727,35.09319],[135.83716,35.0935],[135.83775,35.09517],[135.83758,35.096],[135.83803,35.09672],[135.83814,35.09744],[135.83868,35.09779],[135.83913,35.09828],[135.83901,35.0989],[135.83936,35.09925],[135.83932,35.09969],[135.84018,35.10027],[135.84124,35.10046],[135.84182,35.10127],[135.84271,35.10195],[135.84314,35.10261],[135.8433,35.10394],[135.84377,35.10444],[135.84365,35.105],[135.84322,35.10554],[135.8432,35.10639],[135.8439,35.10693],[135.84378,35.10847],[135.84336,35.1098],[135.84393,35.11098],[135.8445,35.1115],[135.84521,35.11156],[135.84476,35.1126],[135.84474,35.1136],[135.84517,35.11411],[135.84597,35.11375],[135.84658,35.11373],[135.84744,35.11412],[135.84754,35.11516],[135.84782,35.11552],[135.84805,35.11684],[135.84788,35.11724],[135.84835,35.11896],[135.84912,35.11935],[135.84926,35.11999],[135.85039,35.12051],[135.84989,35.12107],[135.84963,35.12215],[135.85029,35.12327],[135.85029,35.12388],[135.84953,35.12479],[135.84957,35.12594],[135.84953,35.12703],[135.85016,35.12743],[135.8511,35.12855],[135.85082,35.12905],[135.85136,35.13075],[135.85204,35.13168],[135.85199,35.13218],[135.8524,35.13343],[135.85221,35.13447],[135.85127,35.13501],[135.85005,35.13534],[135.84993,35.13713],[135.8505,35.13793],[135.8504,35.13832],[135.84989,35.13849],[135.84951,35.13918],[135.84986,35.14017],[135.84953,35.14096],[135.84882,35.14159],[135.8487,35.14225],[135.85051,35.14395],[135.85077,35.14501],[135.85166,35.14551],[135.85241,35.14553],[135.85272,35.14637],[135.85252,35.14736],[135.85298,35.14815],[135.85285,35.14879],[135.85308,35.14947],[135.85352,35.15],[135.85345,35.15079],[135.85395,35.15193],[135.85493,35.15295],[135.85618,35.15356],[135.85664,35.15396],[135.85658,35.15589],[135.85685,35.15619],[135.857,35.15719],[135.85639,35.15822],[135.85633,35.15962],[135.85441,35.1602],[135.85245,35.1602],[135.85023,35.16044],[135.84718,35.16209],[135.84678,35.16264],[135.84647,35.16432],[135.84558,35.1651],[135.8454,35.16612],[135.84573,35.16713],[135.8443,35.16873],[135.84417,35.16998],[135.84399,35.17033],[135.84393,35.17198],[135.84301,35.17336],[135.8423,35.17391],[135.84246,35.17501],[135.84312,35.17659],[135.84309,35.17712],[135.84269,35.17755],[135.84294,35.1784],[135.84339,35.179],[135.84159,35.1795],[135.84081,35.18027],[135.84058,35.18092],[135.84043,35.18255],[135.8411,35.18456],[135.84072,35.18622],[135.84076,35.18684],[135.8417,35.18789],[135.84181,35.18851],[135.84139,35.18965],[135.84083,35.19076],[135.83992,35.19168],[135.83913,35.19332],[135.83879,35.19425],[135.8383,35.19483],[135.83808,35.19551],[135.83744,35.19656],[135.83691,35.1997],[135.83649,35.20035],[135.8357,35.20103],[135.83559,35.20195],[135.8352,35.20238],[135.83592,35.20334],[135.83551,35.20429],[135.8357,35.20665],[135.8339,35.20882],[135.83333,35.20933],[135.83188,35.21016],[135.83097,35.21026],[135.83175,35.21194],[135.83191,35.21272],[135.83275,35.21437],[135.83178,35.21465],[135.83095,35.21551],[135.83073,35.21602],[135.83098,35.21659],[135.83067,35.2177],[135.83082,35.21855],[135.83025,35.21946],[135.82937,35.22026],[135.82943,35.22093],[135.83024,35.22233],[135.83086,35.2228],[135.8314,35.22271],[135.83224,35.22304],[135.83276,35.22374],[135.83415,35.22412],[135.83501,35.22391],[135.83554,35.22405],[135.83735,35.22536],[135.83841,35.22592],[135.83779,35.22744],[135.83796,35.22788],[135.83791,35.22934],[135.83732,35.23081],[135.83709,35.23174],[135.8372,35.23301],[135.83762,35.23398],[135.83744,35.23439],[135.83804,35.23541],[135.83795,35.23669],[135.83742,35.2381],[135.83666,35.23919],[135.83589,35.23946],[135.83505,35.24007],[135.83459,35.24074],[135.83461,35.24121],[135.83519,35.24145],[135.83618,35.24128],[135.83726,35.24159],[135.83822,35.24264],[135.83867,35.24291],[135.83897,35.24352],[135.83971,35.24384],[135.84003,35.24486],[135.83973,35.2453],[135.83966,35.24603],[135.83993,35.2467],[135.84013,35.24802],[135.84053,35.24831],[135.84088,35.24903],[135.84221,35.24939],[135.84415,35.25186],[135.8436,35.25222],[135.84244,35.25352],[135.84252,35.25403],[135.84309,35.25493],[135.8432,35.25557],[135.84472,35.25617],[135.84606,35.25745],[135.84606,35.25864],[135.84583,35.2596],[135.84506,35.26061],[135.8448,35.2612],[135.84475,35.2621],[135.84615,35.26365],[135.84662,35.26537],[135.84728,35.26652],[135.84842,35.26756],[135.85017,35.26832],[135.8508,35.26873],[135.85234,35.26929],[135.85314,35.27041],[135.85365,35.27088],[135.85507,35.2718],[135.8551,35.27265],[135.85482,35.27365],[135.85458,35.27532],[135.85481,35.27591],[135.85594,35.27687],[135.8569,35.2775],[135.85868,35.27841],[135.85864,35.27976],[135.85883,35.28052],[135.85877,35.28149],[135.8595,35.28224],[135.86081,35.28299],[135.86015,35.28359],[135.8599,35.2858],[135.85854,35.28711],[135.8585,35.28839],[135.85829,35.28923],[135.85772,35.28917],[135.85564,35.28863],[135.85457,35.28793],[135.85341,35.28679],[135.85178,35.28611],[135.85138,35.28449],[135.85135,35.28383],[135.85053,35.28287],[135.84991,35.28071],[135.84946,35.28],[135.8478,35.27936],[135.84679,35.27941],[135.84593,35.27862],[135.84445,35.27828],[135.8434,35.27824],[135.84183,35.27844],[135.84146,35.27797],[135.8406,35.27764],[135.84036,35.2773],[135.84034,35.27591],[135.8398,35.27553],[135.83863,35.27577],[135.83782,35.2748],[135.83724,35.27497],[135.83647,35.27456],[135.83488,35.27415],[135.83446,35.27415],[135.83261,35.27519],[135.83205,35.27578],[135.83119,35.27631],[135.82989,35.2766],[135.82937,35.27688],[135.82842,35.27828],[135.82814,35.27898],[135.82747,35.27968],[135.82709,35.28041],[135.82532,35.28171],[135.82525,35.28188],[135.82551,35.28278],[135.82537,35.28438],[135.82443,35.28539],[135.82346,35.2869],[135.82258,35.28765],[135.82189,35.28884],[135.821,35.28955],[135.82014,35.29068],[135.82006,35.29117],[135.8204,35.29151],[135.82026,35.29235],[135.82058,35.29342],[135.82044,35.29425],[135.82122,35.29463],[135.82143,35.29553],[135.82125,35.29713],[135.82015,35.29827],[135.81975,35.29923],[135.81855,35.29976],[135.81644,35.29991],[135.81542,35.30065],[135.81536,35.30157],[135.8157,35.30296],[135.81551,35.30409],[135.81504,35.30514],[135.81514,35.30572],[135.8147,35.30709],[135.8143,35.3073],[135.81334,35.30734],[135.81143,35.30819],[135.81083,35.30826],[135.81028,35.30933],[135.81044,35.3099],[135.81114,35.31025],[135.81137,35.31061],[135.81155,35.31213],[135.81119,35.31302],[135.81132,35.31373],[135.81066,35.31426],[135.81027,35.31518],[135.80928,35.31535],[135.80946,35.31602],[135.80904,35.31683],[135.80865,35.31706],[135.80711,35.31715],[135.8058,35.31687],[135.8052,35.31712],[135.80343,35.31737],[135.80288,35.3178],[135.80108,35.31872],[135.79799,35.31993],[135.79708,35.32074],[135.79509,35.3213],[135.79401,35.32077],[135.79461,35.3189],[135.79385,35.31768],[135.79299,35.31728],[135.79195,35.31576],[135.79063,35.31468],[135.79055,35.31428],[135.78977,35.31361],[135.79006,35.31258],[135.78993,35.31171],[135.78962,35.31104],[135.78855,35.30982],[135.78845,35.30914],[135.78759,35.30804],[135.78571,35.30748],[135.78514,35.30759],[135.78433,35.30729],[135.78326,35.30727],[135.78256,35.30662],[135.78212,35.3054],[135.78155,35.30519],[135.7804,35.30542],[135.77878,35.30501],[135.7781,35.30518],[135.77735,35.30497],[135.77722,35.30452],[135.77759,35.30277],[135.77837,35.30178],[135.77785,35.30069],[135.77809,35.29988],[135.77768,35.29894],[135.77833,35.2974],[135.77742,35.29643],[135.77779,35.29575],[135.77766,35.29442],[135.77847,35.29357],[135.78051,35.29306],[135.78077,35.29233],[135.78137,35.29139],[135.78164,35.2899],[135.78078,35.28961],[135.78019,35.28888],[135.77995,35.28734],[135.77909,35.28732],[135.77724,35.28663],[135.77677,35.28602],[135.77672,35.28495],[135.77606,35.28486],[135.77544,35.28436],[135.7744,35.28411],[135.77329,35.28611],[135.77205,35.287],[135.77173,35.28787],[135.77072,35.28872],[135.76879,35.28953],[135.76765,35.28985],[135.76589,35.28932],[135.76476,35.28832],[135.76337,35.28818],[135.76293,35.28773],[135.76192,35.28771],[135.76091,35.2883],[135.75844,35.28799],[135.75735,35.28857],[135.75686,35.28802],[135.75519,35.28719],[135.75447,35.28751],[135.75383,35.28735],[135.75074,35.2874],[135.74946,35.28732],[135.7483,35.28659],[135.74682,35.28646],[135.7463,35.28667],[135.74403,35.28664],[135.74366,35.28632],[135.74329,35.28648],[135.74277,35.2869],[135.74163,35.28726],[135.74102,35.2869],[135.7383,35.28687],[135.73766,35.28724],[135.73665,35.2874],[135.73576,35.28768],[135.73484,35.28752],[135.73376,35.28701],[135.73346,35.28666],[135.73349,35.28557],[135.73317,35.28502],[135.73166,35.28471],[135.73161,35.2847],[135.73071,35.28479],[135.72923,35.28421],[135.7291,35.28373],[135.72993,35.28134],[135.72995,35.28039],[135.72956,35.2797],[135.73006,35.27895],[135.73048,35.27887],[135.73159,35.2777],[135.73112,35.2775],[135.73006,35.27632],[135.73006,35.2759],[135.7293,35.27561],[135.72893,35.2748],[135.72794,35.27394],[135.72725,35.27368],[135.72664,35.27311],[135.72553,35.27159],[135.72698,35.26973],[135.72726,35.26772],[135.72839,35.26744],[135.72943,35.26653],[135.73054,35.26609],[135.73178,35.26618],[135.7322,35.26601],[135.73226,35.26466],[135.73204,35.2635],[135.73176,35.26299],[135.73138,35.26222],[135.73119,35.26135],[135.73127,35.26005],[135.73149,35.25936],[135.7312,35.25861],[135.73135,35.25772],[135.73199,35.25655],[135.73296,35.25532],[135.73276,35.25487],[135.73229,35.25479],[135.73128,35.25396],[135.73087,35.25329],[135.73052,35.25319],[135.73006,35.25228],[135.72885,35.25127],[135.72833,35.25028],[135.72831,35.24993],[135.72972,35.2492],[135.73185,35.24836],[135.7334,35.24577],[135.73392,35.2453],[135.73511,35.2449],[135.73644,35.24493],[135.7372,35.24501],[135.73856,35.24467],[135.7389,35.24434],[135.73962,35.24323],[135.74026,35.24301],[135.74246,35.24302],[135.74438,35.24375],[135.74595,35.24461],[135.74669,35.24472],[135.74775,35.24494],[135.7486,35.24447],[135.74978,35.24407],[135.75116,35.24433],[135.75169,35.24495],[135.75207,35.24524],[135.75323,35.24532],[135.754,35.24527],[135.75466,35.24479],[135.75594,35.24154],[135.75656,35.24081],[135.75691,35.23985],[135.7578,35.23816],[135.75836,35.23688],[135.75881,35.23655],[135.75979,35.23486],[135.76044,35.23466],[135.76118,35.23331],[135.76121,35.23131],[135.76115,35.23061],[135.76145,35.22962],[135.76086,35.22846],[135.7606,35.22686],[135.7606,35.2267],[135.76111,35.2259],[135.76114,35.22544],[135.76207,35.225],[135.76252,35.22442],[135.76258,35.22273],[135.76299,35.22232],[135.76308,35.22119],[135.76244,35.21998],[135.76227,35.21889],[135.76186,35.21822],[135.76183,35.2173],[135.76233,35.21628],[135.76245,35.21486],[135.76266,35.21418],[135.76102,35.21423],[135.75972,35.21364],[135.75925,35.21265],[135.75805,35.21169],[135.7569,35.21011],[135.75632,35.20895],[135.75453,35.20745],[135.75377,35.20578],[135.75324,35.20505],[135.7536,35.20416],[135.7534,35.2037],[135.75357,35.20332],[135.75348,35.20252],[135.75519,35.20103],[135.75543,35.1998],[135.75584,35.19917],[135.75599,35.19823],[135.75656,35.19635],[135.75779,35.19553],[135.7593,35.19401],[135.76163,35.19218],[135.76236,35.19186],[135.76375,35.1916],[135.76437,35.19097],[135.76463,35.1895],[135.76511,35.18875],[135.7664,35.18873],[135.76693,35.18842],[135.76796,35.18818],[135.76867,35.18697],[135.7692,35.18695],[135.7697,35.18591],[135.76932,35.18536],[135.76959,35.18495],[135.76938,35.18429],[135.76971,35.18337],[135.77053,35.18306],[135.77224,35.18178],[135.77215,35.18128],[135.77251,35.18125],[135.77317,35.18039],[135.77406,35.17966],[135.77471,35.17944],[135.7752,35.17878],[135.77501,35.17825],[135.77442,35.17734],[135.77399,35.17658],[135.7734,35.17612],[135.77278,35.17549],[135.77308,35.17463],[135.77187,35.17391],[135.77123,35.17315],[135.77073,35.17293],[135.77099,35.17214],[135.77062,35.17123],[135.77012,35.17098],[135.77057,35.16943],[135.77047,35.16922],[135.77006,35.16873],[135.77031,35.16824],[135.77008,35.16715],[135.77032,35.16676],[135.77075,35.16379],[135.77122,35.16265],[135.77163,35.16175],[135.77163,35.16104],[135.77193,35.16006],[135.77277,35.15954],[135.77312,35.1577],[135.77312,35.15716],[135.77264,35.15637],[135.77233,35.15599],[135.77182,35.15494],[135.77121,35.15439],[135.76968,35.15376],[135.76907,35.15325],[135.76844,35.15248],[135.76804,35.15172],[135.76707,35.15102],[135.76609,35.15075],[135.76465,35.1518],[135.76358,35.15089],[135.76279,35.15124],[135.76233,35.15137],[135.76148,35.15054],[135.76105,35.15046],[135.76008,35.15079],[135.75974,35.15049],[135.75892,35.15036],[135.75864,35.14981],[135.75807,35.14945],[135.75713,35.1487],[135.75695,35.14825],[135.75658,35.14851],[135.75475,35.14759],[135.7543,35.14786],[135.75372,35.14766],[135.75305,35.14703],[135.7525,35.14723],[135.7516,35.14789],[135.75122,35.14837],[135.75105,35.14906],[135.75016,35.14941],[135.74915,35.14956],[135.7487,35.14941],[135.74711,35.14993],[135.74516,35.1498],[135.74467,35.15011],[135.74367,35.1497],[135.74335,35.14909],[135.74254,35.1487],[135.74214,35.14718],[135.74281,35.14708],[135.74387,35.14648],[135.74443,35.1456],[135.74476,35.14447],[135.74506,35.14332],[135.74476,35.14258],[135.74508,35.14055],[135.74546,35.14012],[135.74557,35.13951],[135.74512,35.1389],[135.74502,35.13871],[135.745,35.13808],[135.74475,35.13791],[135.74371,35.13783],[135.74329,35.13774],[135.74266,35.13746],[135.74176,35.13664],[135.74136,35.136],[135.74106,35.13547],[135.74031,35.13539],[135.73903,35.13477],[135.73889,35.13429],[135.73906,35.13355],[135.7391,35.13295],[135.73841,35.13247],[135.73839,35.13106],[135.73855,35.1302],[135.73948,35.12877],[135.73966,35.12841],[135.73982,35.12773],[135.74004,35.12669],[135.74044,35.1258],[135.74082,35.12534],[135.74089,35.12498],[135.74088,35.12452],[135.74147,35.12421],[135.74178,35.1239],[135.74179,35.12372],[135.74114,35.1233],[135.74104,35.12273],[135.74064,35.12217],[135.74048,35.12177],[135.7405,35.12164],[135.74079,35.12122],[135.74108,35.12079],[135.74137,35.12063],[135.74177,35.12016],[135.74194,35.11984],[135.74211,35.11922],[135.7419,35.11831],[135.74147,35.11755],[135.74119,35.11639],[135.7412,35.11584],[135.7413,35.11539],[135.74142,35.1151],[135.7419,35.11376],[135.74184,35.11304],[135.74167,35.1125],[135.74157,35.11112],[135.74174,35.10903],[135.74199,35.10832],[135.74255,35.10691],[135.74273,35.10619],[135.74251,35.10481],[135.74213,35.10409],[135.74223,35.10346],[135.7426,35.10232],[135.74245,35.10147],[135.74282,35.10089],[135.74333,35.10042],[135.74282,35.10018],[135.74243,35.0992],[135.74248,35.09865],[135.74288,35.09838],[135.74359,35.09787],[135.7437,35.09757],[135.7435,35.09688],[135.74231,35.09623],[135.74207,35.09581],[135.74265,35.09489],[135.74265,35.0947],[135.74303,35.09484],[135.74406,35.09516],[135.74509,35.0955],[135.74634,35.09583],[135.74772,35.09598],[135.74827,35.09552],[135.74801,35.09526],[135.74728,35.0942],[135.74634,35.09326],[135.7454,35.0925],[135.74443,35.09187],[135.7437,35.09161],[135.74295,35.09089],[135.7405,35.09165],[135.73962,35.09105],[135.7386,35.09071],[135.73863,35.09048],[135.7387,35.09039],[135.73909,35.09047],[135.73979,35.09037],[135.74014,35.08968],[135.74054,35.08953],[135.7412,35.0894],[135.74134,35.08912],[135.74043,35.08846],[135.7402,35.08777],[135.74021,35.08767],[135.74044,35.08732],[135.74088,35.08717],[135.74136,35.08701],[135.74142,35.08697],[135.74154,35.08671],[135.74159,35.08598],[135.74162,35.08543],[135.7417,35.08534],[135.74188,35.08539],[135.74206,35.08628],[135.74215,35.08639],[135.74257,35.08647],[135.74351,35.08645],[135.74394,35.08628],[135.74414,35.08616],[135.74438,35.08604],[135.74503,35.08661],[135.74614,35.08633],[135.74712,35.0867],[135.74802,35.08798],[135.74845,35.08759],[135.74936,35.08763],[135.7505,35.08683],[135.75201,35.08637],[135.75285,35.08646],[135.75349,35.08615],[135.75372,35.08568],[135.75568,35.08569],[135.75623,35.08592],[135.75975,35.08517],[135.7598,35.08475],[135.75938,35.08485],[135.75782,35.08461],[135.75591,35.0835],[135.75537,35.08348],[135.75356,35.08248],[135.7547,35.08264],[135.75501,35.08303],[135.75703,35.08353],[135.75718,35.08271],[135.7576,35.0839],[135.75824,35.08413],[135.75986,35.08403],[135.76022,35.08329],[135.75963,35.08307],[135.76016,35.08277],[135.76075,35.08299],[135.76105,35.0826],[135.76035,35.08232],[135.75994,35.08263],[135.75947,35.0824],[135.75984,35.082],[135.7588,35.08082],[135.75872,35.08041],[135.75765,35.07982],[135.7572,35.08009],[135.75641,35.07968],[135.75691,35.07913],[135.75588,35.07895],[135.75597,35.07848],[135.75547,35.07815],[135.75474,35.07829],[135.75427,35.07741],[135.75269,35.07719],[135.75259,35.07686],[135.75313,35.07692],[135.75437,35.07665],[135.75405,35.07621],[135.75442,35.07594],[135.75495,35.07666],[135.75534,35.07685],[135.75551,35.07626],[135.75607,35.07663],[135.75593,35.07722],[135.7574,35.07826],[135.75803,35.07746],[135.75833,35.07766],[135.75786,35.07873],[135.75856,35.07856],[135.75838,35.07915],[135.75909,35.07955],[135.75965,35.07944],[135.75935,35.08043],[135.75993,35.0803],[135.75974,35.08091],[135.76014,35.08137],[135.76133,35.08208],[135.76205,35.08223],[135.7624,35.08139],[135.76203,35.08072],[135.76275,35.08077],[135.7632,35.08034],[135.76348,35.07942],[135.76346,35.0787],[135.76272,35.07809],[135.7621,35.07785],[135.7621,35.07753],[135.76374,35.07799],[135.76431,35.07799],[135.76457,35.07736],[135.76451,35.07723],[135.7649,35.07727],[135.7648,35.07674],[135.76511,35.07604],[135.76478,35.07551],[135.76475,35.07564],[135.76398,35.07593],[135.76396,35.07562],[135.76339,35.0757],[135.76344,35.07539],[135.76261,35.07549],[135.76253,35.07498],[135.76178,35.07527],[135.76136,35.07572],[135.76094,35.07554],[135.76177,35.07463],[135.76062,35.07417],[135.75956,35.07506],[135.75891,35.07444],[135.75957,35.07428],[135.75998,35.07383],[135.75939,35.07343],[135.75942,35.07337],[135.76055,35.07385],[135.76088,35.07377],[135.76068,35.07303],[135.76108,35.0733],[135.76133,35.074],[135.76183,35.07407],[135.76222,35.07423],[135.76237,35.07344],[135.7627,35.07382],[135.7626,35.07435],[135.763,35.07457],[135.76345,35.07493],[135.7644,35.07521],[135.76457,35.07516],[135.76504,35.07462],[135.76527,35.07439],[135.76522,35.07412],[135.76438,35.07354],[135.76458,35.07338],[135.76547,35.07373],[135.76615,35.07329],[135.76627,35.07296],[135.76546,35.07291],[135.76479,35.07262],[135.7646,35.07235],[135.76439,35.07216],[135.76397,35.07208],[135.76401,35.07197],[135.76403,35.07177],[135.76395,35.07171],[135.76369,35.0715],[135.76356,35.07122],[135.76344,35.07099],[135.76373,35.07104],[135.76381,35.07111],[135.76408,35.07134],[135.76439,35.07151],[135.76495,35.07181],[135.76544,35.0722],[135.76574,35.07188],[135.76554,35.07161],[135.76472,35.07067],[135.76537,35.07063],[135.76589,35.07089],[135.76607,35.07104],[135.76622,35.07165],[135.76661,35.07201],[135.76698,35.07219],[135.76745,35.07225],[135.76816,35.07213],[135.76823,35.07206],[135.76846,35.0714]],[[135.76324,35.08631],[135.76321,35.08635],[135.76442,35.08708],[135.76324,35.08631]],[[135.77144,35.08956],[135.77169,35.08991],[135.77158,35.08968],[135.77144,35.08956]],[[135.77415,35.09392],[135.77435,35.09417],[135.77481,35.0939],[135.77415,35.09392]],[[135.80475,35.07332],[135.80443,35.0724],[135.80437,35.07194],[135.80441,35.07234],[135.80457,35.07289],[135.80475,35.07332]],[[135.7997,35.07073],[135.79953,35.07075],[135.79936,35.07117],[135.7997,35.07073]],[[135.79062,35.06975],[135.79045,35.06974],[135.79018,35.07007],[135.79062,35.06975]],[[135.79379,35.06632],[135.7936,35.06612],[135.79357,35.06612],[135.79379,35.06632]],[[135.7936,35.06612],[135.79356,35.0657],[135.79338,35.06571],[135.79343,35.06599],[135.7936,35.06612]],[[135.77878,35.07153],[135.77875,35.07136],[135.77828,35.07147],[135.77878,35.07153]],[[135.77625,35.07105],[135.77521,35.07073],[135.77524,35.07083],[135.77625,35.07105]],[[135.7768,35.06794],[135.77824,35.06774],[135.77682,35.0679],[135.77667,35.06772],[135.7768,35.06794]],[[135.78271,35.06304],[135.78294,35.06315],[135.78296,35.06258],[135.78271,35.06304]],[[135.78992,35.06486],[135.78999,35.0647],[135.79003,35.06469],[135.78989,35.06472],[135.78992,35.06486]],[[135.77879,35.06412],[135.77865,35.06422],[135.77849,35.06436],[135.77879,35.06412]],[[135.81156,35.12301],[135.8114,35.12255],[135.81111,35.12238],[135.81156,35.12301]],[[135.78945,35.16195],[135.78997,35.16182],[135.79027,35.16155],[135.78945,35.16195]],[[135.78782,35.25536],[135.78753,35.25555],[135.78821,35.25534],[135.78782,35.25536]],[[135.79361,35.2541],[135.79408,35.2542],[135.79447,35.25412],[135.79361,35.2541]],[[135.81575,35.2472],[135.81637,35.24737],[135.81708,35.24756],[135.81575,35.2472]],[[135.80387,35.06423],[135.80347,35.06421],[135.80345,35.06426],[135.80383,35.06431],[135.80387,35.06423]],[[135.80362,35.06193],[135.80294,35.06229],[135.80429,35.06178],[135.80362,35.06193]],[[135.80284,35.06075],[135.80252,35.06065],[135.80248,35.06071],[135.80284,35.06075]],[[135.80073,35.06218],[135.8008,35.06211],[135.79998,35.06219],[135.80073,35.06218]],[[135.79727,35.06311],[135.79646,35.06331],[135.79647,35.06345],[135.79725,35.06325],[135.79727,35.06311]],[[135.79465,35.0629],[135.79386,35.06264],[135.79483,35.06302],[135.79465,35.0629]],[[135.79717,35.06484],[135.79701,35.06485],[135.7974,35.06504],[135.79717,35.06484]],[[135.79701,35.06485],[135.7967,35.06478],[135.79666,35.06487],[135.79701,35.06485]],[[135.79306,35.06169],[135.79271,35.06113],[135.79276,35.06168],[135.79306,35.06169]],[[135.79466,35.06697],[135.79458,35.06756],[135.79464,35.06744],[135.79466,35.06697]],[[135.79125,35.06475],[135.79125,35.06503],[135.7917,35.06469],[135.79125,35.06475]],[[135.79095,35.05747],[135.79018,35.0574],[135.79013,35.05753],[135.79095,35.05747]],[[135.78945,35.0578],[135.78967,35.05752],[135.78941,35.05772],[135.78944,35.05859],[135.78945,35.0578]],[[135.7945,35.05702],[135.79461,35.0569],[135.79407,35.05741],[135.7945,35.05702]],[[135.79319,35.03848],[135.79286,35.03859],[135.79307,35.03878],[135.79319,35.03848]],[[135.79407,35.03902],[135.79418,35.03898],[135.79408,35.03882],[135.79407,35.03902]],[[135.79323,35.04771],[135.79351,35.04789],[135.79336,35.0477],[135.79323,35.04771]],[[135.80134,35.04746],[135.80123,35.04743],[135.80109,35.04745],[135.80134,35.04746]],[[135.79927,35.04794],[135.79893,35.04778],[135.79904,35.048],[135.79927,35.04794]],[[135.79552,35.04711],[135.79558,35.04704],[135.79489,35.04713],[135.79552,35.04711]],[[135.79495,35.0477],[135.79493,35.04835],[135.79505,35.04795],[135.79495,35.0477]],[[135.79437,35.04586],[135.79455,35.04617],[135.79475,35.04649],[135.79437,35.04586]],[[135.79398,35.04476],[135.79409,35.04523],[135.79436,35.04485],[135.79398,35.04476]],[[135.79595,35.04512],[135.79628,35.04559],[135.79607,35.0451],[135.79595,35.04512]],[[135.80364,35.03998],[135.80363,35.03983],[135.80331,35.03979],[135.80364,35.03998]],[[135.79938,35.05649],[135.79926,35.05644],[135.79923,35.05655],[135.79938,35.05649]],[[135.79423,35.05404],[135.79373,35.05395],[135.79414,35.05404],[135.79423,35.05404]],[[135.79373,35.05395],[135.79387,35.05358],[135.79372,35.0535],[135.79373,35.05395]],[[135.79411,35.05587],[135.79344,35.05591],[135.79417,35.05607],[135.79411,35.05587]],[[135.79344,35.05591],[135.79341,35.05559],[135.79333,35.0553],[135.79336,35.05545],[135.79344,35.05591]],[[135.79869,35.05512],[135.79796,35.05523],[135.7981,35.05523],[135.79869,35.05512]],[[135.79861,35.05501],[135.79888,35.05492],[135.79851,35.05471],[135.79861,35.05501]],[[135.79954,35.05357],[135.79843,35.05378],[135.79831,35.05382],[135.79954,35.05357]],[[135.7992,35.05195],[135.79925,35.05182],[135.79776,35.05238],[135.7992,35.05195]],[[135.79726,35.05252],[135.79663,35.05266],[135.79665,35.05271],[135.79726,35.05252]],[[135.79271,35.05445],[135.79279,35.05452],[135.79316,35.05497],[135.79295,35.05457],[135.79271,35.05445]],[[135.79344,35.05049],[135.79333,35.05035],[135.79291,35.05061],[135.79344,35.05049]],[[135.79103,35.05506],[135.79115,35.05632],[135.79111,35.05538],[135.79103,35.05506]],[[135.78349,35.04316],[135.7834,35.0432],[135.78364,35.04361],[135.78349,35.04316]],[[135.78626,35.04721],[135.78621,35.04719],[135.78692,35.0478],[135.78626,35.04721]],[[135.78697,35.04778],[135.78715,35.04796],[135.78732,35.04775],[135.78697,35.04778]],[[135.79972,35.03193],[135.79936,35.03136],[135.79963,35.03184],[135.79972,35.03193]],[[135.79879,35.02854],[135.7986,35.02842],[135.79822,35.02859],[135.79879,35.02854]],[[135.78833,35.02933],[135.78773,35.02913],[135.78801,35.02923],[135.78833,35.02933]],[[135.78261,35.03316],[135.78324,35.03312],[135.7832,35.03298],[135.78261,35.03316]],[[135.80801,35.03249],[135.80803,35.03261],[135.80812,35.03242],[135.80801,35.03249]],[[135.7995,35.03015],[135.79946,35.03002],[135.79934,35.03028],[135.7995,35.03015]],[[135.81674,35.02772],[135.81657,35.02766],[135.81659,35.02786],[135.81674,35.02772]],[[135.81659,35.02786],[135.81646,35.02803],[135.81701,35.02825],[135.81659,35.02786]],[[135.80925,35.03824],[135.80932,35.03826],[135.80915,35.03794],[135.80925,35.03824]],[[135.81986,35.01947],[135.81963,35.01913],[135.81953,35.01924],[135.81986,35.01947]],[[135.81204,35.02728],[135.8118,35.02766],[135.8115,35.02787],[135.81201,35.02754],[135.81204,35.02728]],[[135.79903,35.02826],[135.79905,35.028],[135.79893,35.02823],[135.79903,35.02826]],[[135.79744,35.01787],[135.79778,35.01762],[135.79738,35.01765],[135.79744,35.01787]],[[135.79633,35.01678],[135.79651,35.0165],[135.79581,35.01666],[135.79633,35.01678]],[[135.79521,35.01232],[135.79596,35.01198],[135.79519,35.01212],[135.79521,35.01232]],[[135.79056,35.01551],[135.79024,35.01555],[135.79067,35.01568],[135.79056,35.01551]],[[135.7916,35.01813],[135.79111,35.01791],[135.7912,35.01822],[135.7916,35.01813]],[[135.79791,35.02037],[135.79811,35.02036],[135.79774,35.02036],[135.79791,35.02037]],[[135.78611,35.01394],[135.78611,35.01481],[135.78612,35.01513],[135.78611,35.01394]],[[135.78028,35.01255],[135.77937,35.01249],[135.77938,35.01254],[135.78028,35.01255]],[[135.77767,35.01368],[135.77692,35.01364],[135.7771,35.01366],[135.77767,35.01368]],[[135.77793,35.01638],[135.77757,35.01639],[135.77839,35.01637],[135.77793,35.01638]],[[135.7764,35.0134],[135.7764,35.01363],[135.77664,35.01364],[135.7764,35.0134]],[[135.77267,35.01367],[135.77265,35.01394],[135.77286,35.01367],[135.77267,35.01367]],[[135.77265,35.01394],[135.77261,35.01468],[135.77261,35.01496],[135.77287,35.01496],[135.77261,35.01473],[135.77265,35.01394]],[[135.77381,35.01526],[135.77378,35.01468],[135.77378,35.0145],[135.77357,35.01451],[135.77381,35.01526]],[[135.77526,35.01448],[135.77576,35.01424],[135.77509,35.01438],[135.77526,35.01448]],[[135.77446,35.01447],[135.77433,35.01411],[135.77432,35.01451],[135.77446,35.01447]],[[135.7764,35.02647],[135.77635,35.02654],[135.77715,35.0263],[135.7764,35.02647]],[[135.77994,35.03587],[135.7802,35.03559],[135.77969,35.03563],[135.77994,35.03587]],[[135.78499,35.03609],[135.78485,35.03583],[135.78487,35.03609],[135.78499,35.03609]],[[135.76439,35.045],[135.76445,35.04541],[135.76456,35.04514],[135.76439,35.045]],[[135.77441,35.04803],[135.77483,35.04761],[135.77453,35.04763],[135.77441,35.04803]],[[135.77463,35.04589],[135.77522,35.04591],[135.77464,35.04567],[135.77463,35.04589]],[[135.77017,35.04345],[135.77046,35.04332],[135.76985,35.04345],[135.77017,35.04345]],[[135.77272,35.05453],[135.77349,35.05495],[135.77285,35.05456],[135.77272,35.05453]],[[135.77345,35.04958],[135.77344,35.04998],[135.77348,35.04865],[135.77345,35.04958]],[[135.79045,35.05482],[135.7905,35.05502],[135.79073,35.05444],[135.79054,35.05482],[135.79045,35.05482]],[[135.78097,35.04735],[135.78056,35.04732],[135.77934,35.04739],[135.78064,35.04736],[135.78097,35.04735]],[[135.77934,35.04739],[135.77903,35.04738],[135.77917,35.04739],[135.77934,35.04739]],[[135.78047,35.04823],[135.78048,35.04832],[135.78168,35.04827],[135.78047,35.04823]],[[135.78048,35.04832],[135.78001,35.04834],[135.78021,35.04834],[135.78048,35.04832]],[[135.7815,35.04612],[135.78125,35.04579],[135.78116,35.0457],[135.7815,35.04612]],[[135.77795,35.05039],[135.77708,35.05043],[135.77777,35.0504],[135.77795,35.05039]],[[135.77708,35.05043],[135.77672,35.05026],[135.77682,35.05041],[135.77708,35.05043]],[[135.77786,35.05237],[135.77784,35.05241],[135.77905,35.05237],[135.77786,35.05237]],[[135.77905,35.05237],[135.77906,35.05276],[135.77911,35.05295],[135.77905,35.05237]],[[135.77804,35.04583],[135.77851,35.04554],[135.77706,35.04641],[135.77804,35.04583]],[[135.78041,35.04525],[135.78041,35.04518],[135.77986,35.04522],[135.78041,35.04525]],[[135.78271,35.05508],[135.78302,35.05525],[135.78293,35.05472],[135.78271,35.05508]],[[135.78069,35.05299],[135.78029,35.05293],[135.78045,35.05297],[135.78069,35.05299]],[[135.77369,35.05618],[135.77491,35.05637],[135.77568,35.05641],[135.77369,35.05618]],[[135.77706,35.05495],[135.77644,35.05475],[135.77695,35.05497],[135.77706,35.05495]],[[135.77825,35.06118],[135.77803,35.06102],[135.77828,35.06127],[135.77825,35.06118]]],[[[135.77285,35.03144],[135.77369,35.03278],[135.77343,35.03237],[135.77285,35.03144]]],[[[135.77839,35.0342],[135.77959,35.0345],[135.77934,35.03444],[135.77839,35.0342]]],[[[135.77795,35.05039],[135.77801,35.04887],[135.77804,35.04814],[135.77795,35.05039]]],[[[135.77918,35.05035],[135.77922,35.04959],[135.77929,35.04838],[135.77918,35.05035]]]]}},{"type":"Feature","properties":{"nm":"京都市中京区","b":[135.7241,34.9962,135.7718,35.0225],"c":[135.74681,35.01029]},"geometry":{"type":"MultiPolygon","coordinates":[[[[135.7513,35.0158],[135.75051,35.01582],[135.74772,35.01594],[135.74735,35.01595],[135.74546,35.01604],[135.74537,35.01468],[135.74351,35.01481],[135.74316,35.01492],[135.74254,35.01496],[135.74257,35.01534],[135.74203,35.01534],[135.74231,35.01569],[135.74257,35.01572],[135.74258,35.01645],[135.74263,35.01802],[135.74263,35.01846],[135.74192,35.01922],[135.74168,35.01923],[135.74115,35.01926],[135.74095,35.01988],[135.74072,35.01984],[135.74039,35.01987],[135.73935,35.0199],[135.73935,35.01976],[135.73764,35.01975],[135.73677,35.01978],[135.73678,35.01859],[135.7361,35.01861],[135.73556,35.01862],[135.73552,35.01948],[135.73439,35.01956],[135.73343,35.01962],[135.73308,35.01926],[135.73303,35.01965],[135.73292,35.02027],[135.73272,35.02075],[135.73285,35.02161],[135.73291,35.02221],[135.73294,35.02234],[135.73168,35.02253],[135.72986,35.02247],[135.72986,35.02242],[135.72694,35.0223],[135.72692,35.02109],[135.72649,35.02109],[135.72581,35.02108],[135.72558,35.02108],[135.72556,35.01981],[135.72558,35.01851],[135.72559,35.0173],[135.72555,35.01615],[135.72613,35.01589],[135.72553,35.01592],[135.72419,35.01591],[135.72412,35.01507],[135.72412,35.01503],[135.72425,35.01502],[135.72421,35.01364],[135.72418,35.0136],[135.72421,35.01354],[135.72422,35.01179],[135.72422,35.01101],[135.72417,35.01088],[135.72419,35.01061],[135.72411,35.01021],[135.72414,35.00967],[135.72413,35.00953],[135.72411,35.00833],[135.72546,35.00834],[135.72568,35.00834],[135.72712,35.00834],[135.72787,35.00833],[135.73003,35.0084],[135.7319,35.00842],[135.73264,35.00844],[135.73282,35.00825],[135.73282,35.00739],[135.73285,35.00599],[135.73284,35.00543],[135.73284,35.00423],[135.73287,35.00423],[135.73294,35.00413],[135.73294,35.00412],[135.73294,35.00386],[135.73282,35.00384],[135.73289,35.00356],[135.73291,35.00336],[135.733,35.00275],[135.73306,35.00096],[135.73306,35.00088],[135.73288,34.99956],[135.73281,34.99937],[135.73285,34.99902],[135.73304,34.99886],[135.73301,34.99671],[135.73313,34.99626],[135.73388,34.99626],[135.73471,34.99626],[135.73628,34.99624],[135.73625,34.99725],[135.73605,34.9977],[135.73633,34.99871],[135.73906,34.99872],[135.73934,34.99873],[135.7395,34.99803],[135.74075,34.99802],[135.74075,34.99876],[135.74268,34.99881],[135.74364,34.99882],[135.74443,34.99878],[135.74607,34.9988],[135.74643,34.99881],[135.74805,34.9988],[135.74824,34.99879],[135.74824,35.00006],[135.7475,35.00007],[135.74751,35.00102],[135.74553,35.00096],[135.74554,35.00123],[135.74642,35.00124],[135.7464,35.00245],[135.74763,35.00244],[135.74784,35.0036],[135.74931,35.00362],[135.74936,35.00407],[135.74972,35.00408],[135.75,35.00406],[135.75005,35.00403],[135.75004,35.00401],[135.75018,35.00393],[135.75023,35.00393],[135.75043,35.00386],[135.75057,35.00394],[135.75071,35.00402],[135.75071,35.00403],[135.75071,35.00404],[135.75078,35.00405],[135.75099,35.00405],[135.75099,35.00402],[135.75137,35.00405],[135.75182,35.00406],[135.75191,35.00357],[135.7523,35.00356],[135.75246,35.00433],[135.75256,35.00403],[135.75267,35.00395],[135.75288,35.00395],[135.75306,35.00402],[135.75308,35.00402],[135.75326,35.00413],[135.75326,35.00436],[135.75327,35.00392],[135.75364,35.00383],[135.75394,35.00384],[135.75412,35.00444],[135.75444,35.00444],[135.75444,35.00414],[135.75511,35.00381],[135.75513,35.00368],[135.75558,35.00407],[135.75615,35.00408],[135.75616,35.00408],[135.75617,35.00408],[135.75618,35.00408],[135.75618,35.00409],[135.75619,35.00409],[135.75666,35.00381],[135.75706,35.00415],[135.75768,35.00407],[135.7581,35.00394],[135.75866,35.00409],[135.75866,35.00432],[135.75874,35.00444],[135.75874,35.00447],[135.75893,35.00447],[135.75893,35.00462],[135.75893,35.00436],[135.75967,35.00438],[135.76035,35.00438],[135.76079,35.00418],[135.76082,35.00406],[135.76091,35.00392],[135.76109,35.00392],[135.76108,35.00416],[135.76147,35.00421],[135.76219,35.00421],[135.76258,35.00421],[135.76258,35.00404],[135.76293,35.00427],[135.76314,35.00426],[135.76363,35.00418],[135.76398,35.00418],[135.76444,35.00417],[135.7649,35.00417],[135.76524,35.00418],[135.76596,35.00418],[135.76612,35.00405],[135.76635,35.00405],[135.76676,35.00381],[135.76676,35.00369],[135.76687,35.00369],[135.76686,35.00378],[135.76703,35.00378],[135.76719,35.00386],[135.76719,35.00392],[135.76722,35.0039],[135.76728,35.00392],[135.76737,35.00392],[135.76771,35.00392],[135.76783,35.00396],[135.76783,35.00406],[135.76804,35.00405],[135.7687,35.00414],[135.76894,35.00414],[135.76901,35.00389],[135.76902,35.00389],[135.7692,35.00392],[135.76962,35.00393],[135.7699,35.00404],[135.76993,35.00412],[135.76997,35.00447],[135.77003,35.00439],[135.77,35.00483],[135.7704,35.00429],[135.77047,35.0053],[135.77047,35.00409],[135.77082,35.00407],[135.77093,35.00389],[135.77156,35.00381],[135.77163,35.00427],[135.77164,35.0044],[135.7717,35.00518],[135.77109,35.00521],[135.77171,35.0052],[135.77177,35.00583],[135.77182,35.00668],[135.77182,35.00699],[135.77184,35.00752],[135.77179,35.00798],[135.7718,35.00817],[135.77178,35.00878],[135.77177,35.00887],[135.77178,35.00905],[135.77177,35.00934],[135.77176,35.01079],[135.77176,35.01092],[135.77174,35.01228],[135.77172,35.01321],[135.77171,35.01364],[135.77164,35.01502],[135.77163,35.01532],[135.77159,35.01664],[135.76993,35.01665],[135.76938,35.01653],[135.76894,35.01654],[135.76882,35.01655],[135.76871,35.01656],[135.76826,35.01662],[135.76834,35.01725],[135.76805,35.01699],[135.76764,35.01699],[135.76732,35.01774],[135.767,35.01746],[135.76674,35.01745],[135.76659,35.01745],[135.76613,35.01744],[135.76573,35.01744],[135.76518,35.01743],[135.76457,35.01742],[135.76433,35.01742],[135.76365,35.01741],[135.76265,35.01741],[135.76211,35.0174],[135.76107,35.01739],[135.76059,35.01739],[135.75964,35.01738],[135.75939,35.01738],[135.75907,35.01735],[135.75907,35.0177],[135.75846,35.01771],[135.75833,35.01737],[135.75763,35.01723],[135.75759,35.01739],[135.75687,35.01764],[135.75677,35.01739],[135.75652,35.01738],[135.75653,35.018],[135.75561,35.01822],[135.75561,35.01765],[135.75501,35.01765],[135.75501,35.01736],[135.75484,35.01736],[135.75451,35.0177],[135.75447,35.01758],[135.75407,35.01755],[135.75388,35.0177],[135.75388,35.01773],[135.75379,35.01773],[135.75379,35.01737],[135.7534,35.01737],[135.7531,35.01736],[135.75294,35.01791],[135.75258,35.01791],[135.75257,35.01781],[135.75241,35.01783],[135.752,35.01782],[135.752,35.01735],[135.752,35.01712],[135.752,35.01679],[135.75199,35.01637],[135.75222,35.01604],[135.75198,35.01603],[135.75198,35.01577],[135.7513,35.0158]],[[135.75104,35.01001],[135.75072,35.00991],[135.75082,35.01001],[135.75104,35.01001]],[[135.75078,35.01092],[135.75034,35.01092],[135.75034,35.01108],[135.75084,35.01091],[135.75078,35.01092]],[[135.74888,35.01096],[135.74832,35.01097],[135.74842,35.01097],[135.74888,35.01096]],[[135.74886,35.00978],[135.74837,35.00978],[135.74835,35.00979],[135.74886,35.00978]],[[135.74751,35.00848],[135.74738,35.00835],[135.74737,35.00848],[135.74751,35.00848]],[[135.74735,35.01197],[135.7473,35.01208],[135.74736,35.01201],[135.74735,35.01197]],[[135.77109,35.00521],[135.77103,35.00535],[135.77108,35.00533],[135.77109,35.00521]],[[135.75196,35.01504],[135.75223,35.01504],[135.75196,35.01489],[135.75196,35.01504]],[[135.75186,35.00887],[135.75187,35.00854],[135.75185,35.00881],[135.75186,35.00887]],[[135.75187,35.00854],[135.75205,35.00844],[135.75186,35.00844],[135.75187,35.00854]],[[135.7562,35.01129],[135.75621,35.01112],[135.7561,35.01129],[135.7562,35.01129]],[[135.75634,35.0099],[135.75683,35.00983],[135.75644,35.00985],[135.75634,35.0099]],[[135.75552,35.01047],[135.75536,35.0109],[135.75553,35.01084],[135.75552,35.01047]],[[135.75622,35.00897],[135.75619,35.00878],[135.75619,35.00891],[135.75622,35.00897]],[[135.75486,35.01334],[135.75492,35.0136],[135.75512,35.01359],[135.75512,35.01341],[135.75486,35.01334]],[[135.75483,35.01204],[135.75459,35.01205],[135.75483,35.01218],[135.75483,35.01204]],[[135.7542,35.01212],[135.75382,35.01211],[135.75382,35.01216],[135.7542,35.01212]],[[135.75327,35.01365],[135.75382,35.01393],[135.75381,35.0139],[135.75344,35.01365],[135.75327,35.01365]],[[135.75248,35.0142],[135.75231,35.01471],[135.75281,35.0142],[135.75281,35.01403],[135.75248,35.0142]],[[135.75979,35.01351],[135.76054,35.01342],[135.76005,35.01343],[135.75979,35.01351]],[[135.75991,35.01247],[135.76044,35.0124],[135.75974,35.01228],[135.7588,35.01227],[135.75901,35.01228],[135.75991,35.01247]],[[135.76044,35.0124],[135.76058,35.01244],[135.76068,35.01238],[135.76044,35.0124]],[[135.76068,35.01238],[135.76068,35.01223],[135.76064,35.01223],[135.76068,35.01238]],[[135.75963,35.00892],[135.76013,35.00891],[135.75963,35.00875],[135.75963,35.00892]],[[135.75952,35.00864],[135.75962,35.00859],[135.75926,35.00859],[135.75952,35.00864]],[[135.75902,35.00912],[135.75878,35.00903],[135.75878,35.00912],[135.75916,35.00912],[135.75902,35.00912]],[[135.75845,35.00889],[135.75832,35.00886],[135.75841,35.00889],[135.75845,35.00889]],[[135.75646,35.01356],[135.75662,35.01358],[135.75662,35.01333],[135.75646,35.01356]],[[135.7568,35.01112],[135.7568,35.0109],[135.75645,35.01099],[135.7568,35.01112]],[[135.75648,35.00858],[135.75646,35.00856],[135.75648,35.00869],[135.75648,35.00858]],[[135.75777,35.01377],[135.75777,35.01393],[135.75788,35.01377],[135.75777,35.01377]],[[135.76035,35.00678],[135.76028,35.00702],[135.76036,35.00702],[135.76035,35.00656],[135.76035,35.00678]],[[135.75859,35.00651],[135.75874,35.00688],[135.75898,35.00703],[135.75859,35.00651]],[[135.75911,35.0052],[135.75911,35.00577],[135.7592,35.00576],[135.75911,35.0052]],[[135.7586,35.0082],[135.75889,35.00793],[135.75866,35.00794],[135.7586,35.0082]],[[135.75727,35.00655],[135.75727,35.00647],[135.75719,35.00687],[135.75727,35.00655]],[[135.75826,35.00493],[135.75778,35.00492],[135.75778,35.0052],[135.75826,35.00493]],[[135.75722,35.00765],[135.75695,35.0081],[135.75721,35.00811],[135.75722,35.00765]],[[135.75663,35.00733],[135.75664,35.00726],[135.7561,35.0075],[135.75663,35.00733]],[[135.75696,35.00615],[135.75702,35.00601],[135.75665,35.00615],[135.75696,35.00615]],[[135.75664,35.00488],[135.75664,35.00495],[135.75665,35.00486],[135.75664,35.00488]],[[135.75524,35.00731],[135.75492,35.00708],[135.75495,35.00733],[135.75524,35.00731]],[[135.75474,35.00768],[135.7546,35.00767],[135.75474,35.00824],[135.75474,35.00768]],[[135.75473,35.00661],[135.75476,35.00704],[135.75476,35.00661],[135.75473,35.00661]],[[135.75414,35.00639],[135.75404,35.00646],[135.75404,35.00703],[135.75414,35.00639]],[[135.75397,35.00496],[135.75333,35.00495],[135.75203,35.00496],[135.75318,35.00496],[135.75397,35.00496]],[[135.75333,35.00495],[135.75312,35.0045],[135.75313,35.00475],[135.75333,35.00495]],[[135.75219,35.0064],[135.75178,35.00616],[135.75132,35.00646],[135.75177,35.00644],[135.75219,35.0064]],[[135.75076,35.00754],[135.75076,35.00824],[135.75097,35.00824],[135.75076,35.00754]],[[135.75072,35.00511],[135.75071,35.00504],[135.75065,35.00608],[135.75075,35.00586],[135.75072,35.00511]],[[135.75065,35.00608],[135.75055,35.0061],[135.75069,35.00608],[135.75065,35.00608]],[[135.75055,35.0061],[135.75024,35.00611],[135.75024,35.00625],[135.75055,35.0061]],[[135.75008,35.00757],[135.74998,35.00758],[135.75005,35.00758],[135.75008,35.00757]],[[135.75004,35.00813],[135.74968,35.00812],[135.75006,35.00816],[135.75004,35.00813]],[[135.75025,35.00832],[135.75044,35.00832],[135.75044,35.00829],[135.75025,35.00832]],[[135.75002,35.00645],[135.7499,35.00699],[135.75003,35.00699],[135.75002,35.00645]],[[135.75064,35.00504],[135.75065,35.00491],[135.75043,35.00491],[135.75064,35.00504]],[[135.74922,35.00571],[135.74923,35.00584],[135.74943,35.00586],[135.74922,35.00571]],[[135.74761,35.00669],[135.74762,35.00733],[135.74764,35.00775],[135.74761,35.00669]],[[135.74907,35.00495],[135.74937,35.0048],[135.74826,35.00494],[135.74797,35.00495],[135.74907,35.00495]],[[135.73633,34.99921],[135.73596,34.9992],[135.73641,34.99953],[135.73633,34.99921]],[[135.73426,35.00596],[135.73454,35.00595],[135.73454,35.00582],[135.73426,35.00596]],[[135.73313,35.00743],[135.73298,35.00743],[135.73331,35.0079],[135.73313,35.00743]],[[135.73864,35.01595],[135.73926,35.01589],[135.73928,35.01573],[135.73864,35.01595]],[[135.75708,35.01641],[135.75683,35.01635],[135.75687,35.01641],[135.75708,35.01641]],[[135.75683,35.01635],[135.75685,35.01608],[135.75683,35.01622],[135.75683,35.01635]],[[135.75759,35.01502],[135.7576,35.0149],[135.75748,35.01502],[135.75759,35.01502]],[[135.7563,35.01637],[135.75588,35.01643],[135.75616,35.01642],[135.7563,35.01637]],[[135.75539,35.01639],[135.75522,35.01622],[135.75501,35.01619],[135.75539,35.01639]],[[135.75539,35.01639],[135.75538,35.01709],[135.75557,35.01709],[135.75539,35.01639]],[[135.75561,35.01484],[135.75561,35.01478],[135.75552,35.01485],[135.75561,35.01484]],[[135.7554,35.01596],[135.75522,35.01607],[135.75558,35.01597],[135.7554,35.01596]],[[135.75451,35.01662],[135.75436,35.01637],[135.75432,35.01714],[135.75451,35.01713],[135.75451,35.01662]],[[135.75485,35.01487],[135.75485,35.01473],[135.75481,35.01488],[135.75485,35.01487]],[[135.75406,35.01646],[135.75389,35.01647],[135.75388,35.01686],[135.75406,35.01646]],[[135.75377,35.01634],[135.75373,35.01617],[135.75365,35.01617],[135.75377,35.01634]],[[135.75296,35.01516],[135.75224,35.01517],[135.75295,35.01529],[135.75296,35.01516]],[[135.75769,35.01623],[135.75831,35.01624],[135.75769,35.01608],[135.75769,35.01623]],[[135.76257,35.01623],[135.76276,35.01604],[135.76277,35.01509],[135.76257,35.01623]],[[135.76215,35.0151],[135.76199,35.01508],[135.76199,35.0151],[135.76215,35.0151]],[[135.76198,35.01597],[135.76186,35.01598],[135.76211,35.01605],[135.76198,35.01597]],[[135.76255,35.01385],[135.76238,35.01367],[135.76239,35.01386],[135.76255,35.01385]],[[135.76199,35.01464],[135.76184,35.01464],[135.76199,35.01476],[135.76199,35.01464]],[[135.7613,35.0151],[135.76117,35.01509],[135.76119,35.01519],[135.7613,35.0151]],[[135.76083,35.01625],[135.76108,35.01625],[135.7618,35.01624],[135.76083,35.01625]],[[135.76127,35.01402],[135.76126,35.01387],[135.76124,35.01475],[135.76137,35.01488],[135.76127,35.01402]],[[135.76126,35.01387],[135.76095,35.01348],[135.76093,35.01388],[135.76126,35.01387]],[[135.75915,35.01509],[135.7591,35.01514],[135.75881,35.01525],[135.7591,35.01525],[135.75915,35.01509]],[[135.75846,35.01465],[135.75844,35.01469],[135.75911,35.01473],[135.75846,35.01465]],[[135.75833,35.015],[135.75828,35.01489],[135.75826,35.01489],[135.75833,35.015]],[[135.76549,35.01509],[135.76521,35.01494],[135.76481,35.01494],[135.76548,35.01521],[135.76549,35.01509]],[[135.76521,35.01494],[135.76549,35.01491],[135.76542,35.01469],[135.76521,35.01494]],[[135.76545,35.01589],[135.76517,35.01588],[135.7654,35.01589],[135.76545,35.01589]],[[135.76579,35.01389],[135.76598,35.01351],[135.76579,35.01364],[135.76579,35.01389]],[[135.76579,35.01364],[135.76564,35.01354],[135.76564,35.01364],[135.76579,35.01364]],[[135.76443,35.01598],[135.76422,35.01603],[135.76456,35.01606],[135.76443,35.01598]],[[135.76444,35.01398],[135.76424,35.01467],[135.76444,35.01452],[135.76444,35.01398]],[[135.76357,35.01488],[135.76363,35.01492],[135.76401,35.01493],[135.76357,35.01488]],[[135.76354,35.01636],[135.76343,35.01625],[135.76352,35.01724],[135.76354,35.01636]],[[135.76273,35.01253],[135.76259,35.01253],[135.76273,35.01317],[135.76273,35.01253]],[[135.76317,35.01119],[135.76279,35.01119],[135.76259,35.01125],[135.76279,35.01125],[135.76317,35.01119]],[[135.76249,35.01227],[135.76241,35.01214],[135.76224,35.01214],[135.7624,35.01227],[135.76249,35.01227]],[[135.76207,35.01264],[135.76194,35.01242],[135.76208,35.01288],[135.76207,35.01264]],[[135.76205,35.01325],[135.76187,35.01333],[135.76205,35.01334],[135.76205,35.01325]],[[135.76216,35.01123],[135.76205,35.01126],[135.76206,35.01176],[135.76216,35.01123]],[[135.76206,35.01032],[135.76201,35.01025],[135.76206,35.01076],[135.76206,35.01032]],[[135.76282,35.00898],[135.76251,35.00898],[135.76202,35.00899],[135.76282,35.00898]],[[135.76169,35.01246],[135.76136,35.01244],[135.76135,35.0125],[135.76169,35.01246]],[[135.76132,35.01339],[135.76123,35.01343],[135.76186,35.01339],[135.76132,35.01339]],[[135.76191,35.01025],[135.76174,35.00985],[135.76143,35.00982],[135.76143,35.00986],[135.76191,35.01025]],[[135.7605,35.01205],[135.7605,35.01211],[135.76064,35.01207],[135.7605,35.01205]],[[135.76072,35.01013],[135.76057,35.0103],[135.7606,35.01049],[135.76072,35.01013]],[[135.76147,35.00929],[135.76104,35.00911],[135.76015,35.00911],[135.76147,35.00929]],[[135.76366,35.00983],[135.76368,35.00983],[135.76368,35.00967],[135.76366,35.00983]],[[135.76723,35.01215],[135.76698,35.01201],[135.76692,35.01215],[135.76723,35.01215]],[[135.76689,35.01115],[135.76684,35.011],[135.76685,35.01115],[135.76689,35.01115]],[[135.76857,35.0096],[135.76859,35.00918],[135.76851,35.00934],[135.76857,35.0096]],[[135.76613,35.01335],[135.76597,35.01335],[135.76628,35.01349],[135.76613,35.01335]],[[135.76611,35.01117],[135.76609,35.01178],[135.7663,35.01182],[135.76611,35.01117]],[[135.76613,35.01005],[135.76594,35.01004],[135.76609,35.01034],[135.76613,35.01005]],[[135.76602,35.01118],[135.7654,35.01083],[135.7654,35.011],[135.76602,35.01118]],[[135.76542,35.00892],[135.76499,35.0089],[135.76533,35.00892],[135.76542,35.00892]],[[135.76473,35.00982],[135.76473,35.00971],[135.76434,35.01008],[135.76479,35.01008],[135.76473,35.00982]],[[135.76449,35.01058],[135.76397,35.01081],[135.76448,35.01082],[135.76449,35.01058]],[[135.76461,35.00908],[135.76437,35.00886],[135.76449,35.00907],[135.76461,35.00908]],[[135.76437,35.00886],[135.764,35.00844],[135.76399,35.00885],[135.76437,35.00886]],[[135.76424,35.00994],[135.76423,35.00984],[135.76413,35.00983],[135.76424,35.00994]],[[135.7704,35.01237],[135.77012,35.01254],[135.77039,35.01255],[135.77039,35.01302],[135.7704,35.01342],[135.7704,35.01237]],[[135.77074,35.00926],[135.77016,35.00936],[135.7703,35.00936],[135.77074,35.00926]],[[135.76868,35.01439],[135.76848,35.01405],[135.76868,35.01451],[135.76868,35.01439]],[[135.76867,35.01349],[135.76857,35.01349],[135.7686,35.01361],[135.76867,35.01349]],[[135.76929,35.0091],[135.76937,35.0086],[135.76932,35.00881],[135.76929,35.0091]],[[135.76873,35.00879],[135.76868,35.00854],[135.76868,35.00901],[135.76873,35.00879]],[[135.76797,35.01556],[135.76782,35.01594],[135.76799,35.01594],[135.76797,35.01556]],[[135.7676,35.01576],[135.76761,35.01601],[135.76782,35.01599],[135.7676,35.01576]],[[135.76777,35.0059],[135.76777,35.0063],[135.76778,35.00701],[135.76777,35.0059]],[[135.76687,35.00502],[135.76663,35.00502],[135.76688,35.0051],[135.76687,35.00502]],[[135.76663,35.00502],[135.76659,35.00476],[135.76654,35.00494],[135.76663,35.00502]],[[135.76662,35.00805],[135.76642,35.00835],[135.76668,35.00835],[135.76662,35.00805]],[[135.76607,35.00828],[135.76604,35.00834],[135.76619,35.00829],[135.76607,35.00828]],[[135.76531,35.00837],[135.76545,35.00836],[135.76545,35.00835],[135.76531,35.00837]],[[135.7652,35.00691],[135.76473,35.00714],[135.7652,35.00714],[135.76525,35.00687],[135.7652,35.00691]],[[135.76567,35.00714],[135.76567,35.00717],[135.76584,35.00717],[135.76567,35.00714]],[[135.76562,35.00517],[135.76524,35.00531],[135.76524,35.00541],[135.76562,35.00517]],[[135.76441,35.00777],[135.76441,35.00827],[135.76459,35.00826],[135.76441,35.00777]],[[135.76396,35.005],[135.76395,35.00516],[135.76413,35.005],[135.76396,35.005]],[[135.76394,35.0053],[135.76342,35.00517],[135.76362,35.00529],[135.76394,35.0053]],[[135.76362,35.00587],[135.76311,35.00603],[135.76361,35.00617],[135.76362,35.00587]],[[135.76362,35.00474],[135.76361,35.0048],[135.76372,35.00475],[135.76362,35.00474]],[[135.76288,35.00825],[135.76252,35.00835],[135.76364,35.00834],[135.76288,35.00825]],[[135.7625,35.00761],[135.76251,35.00737],[135.76225,35.00784],[135.7625,35.00761]],[[135.76171,35.00644],[135.76171,35.00615],[135.7617,35.0071],[135.76171,35.00644]],[[135.76097,35.00733],[135.76097,35.00711],[135.76081,35.0077],[135.76097,35.00733]]],[[[135.75075,35.00631],[135.75075,35.00626],[135.75076,35.00676],[135.75075,35.00631]]],[[[135.76277,35.01509],[135.76283,35.0151],[135.76263,35.01507],[135.76277,35.01509]]],[[[135.7704,35.00777],[135.77037,35.0084],[135.77037,35.00837],[135.7704,35.00777]]]]}},{"type":"Feature","properties":{"nm":"京都市東山区","b":[135.7647,34.97,135.7914,35.0109],"c":[135.77871,34.99097]},"geometry":{"type":"MultiPolygon","coordinates":[[[[135.78903,34.98917],[135.79039,34.98962],[135.7903,34.99021],[135.79078,34.99058],[135.79088,34.99116],[135.79089,34.9914],[135.79073,34.99226],[135.79044,34.99283],[135.79035,34.99301],[135.79023,34.99338],[135.79019,34.99475],[135.78984,34.9956],[135.79068,34.99599],[135.79073,34.99603],[135.79103,34.99645],[135.79108,34.99665],[135.79096,34.99708],[135.79092,34.99737],[135.79076,34.99801],[135.78991,34.99858],[135.78966,34.99891],[135.78912,34.99926],[135.78895,34.99971],[135.78777,35.00118],[135.78775,35.00145],[135.78799,35.00182],[135.78763,35.00219],[135.7876,35.00263],[135.78755,35.00272],[135.78746,35.00291],[135.78742,35.00303],[135.78731,35.00343],[135.7873,35.00382],[135.78706,35.00421],[135.78705,35.00429],[135.78686,35.00514],[135.7866,35.00579],[135.78679,35.0062],[135.78699,35.00663],[135.78759,35.00679],[135.78802,35.00725],[135.78867,35.00743],[135.78966,35.00748],[135.79009,35.00744],[135.79016,35.00756],[135.79016,35.00748],[135.79018,35.00722],[135.79035,35.00692],[135.79053,35.00703],[135.79049,35.00742],[135.79087,35.00816],[135.79064,35.00824],[135.79039,35.00872],[135.7902,35.00879],[135.78998,35.00876],[135.78904,35.00954],[135.78872,35.00959],[135.78839,35.00961],[135.78834,35.00953],[135.78773,35.00972],[135.78673,35.00956],[135.78644,35.00973],[135.78619,35.0101],[135.78524,35.0099],[135.78481,35.00989],[135.78477,35.01031],[135.78475,35.01065],[135.78475,35.01087],[135.78394,35.01059],[135.78392,35.01039],[135.78394,35.01063],[135.78355,35.01064],[135.7834,35.01066],[135.78275,35.01068],[135.78146,35.01041],[135.78004,35.01034],[135.77902,35.01038],[135.77901,35.01033],[135.77893,35.00984],[135.77867,35.00984],[135.77816,35.00984],[135.77765,35.00985],[135.77618,35.00978],[135.77555,35.01013],[135.77527,35.01012],[135.77497,35.01007],[135.77468,35.01002],[135.7747,35.00967],[135.77392,35.00961],[135.77369,35.0096],[135.77372,35.00932],[135.77346,35.0093],[135.77344,35.00943],[135.77345,35.00959],[135.77324,35.00959],[135.77177,35.00956],[135.77177,35.00934],[135.77178,35.00905],[135.77177,35.00887],[135.77178,35.00878],[135.7718,35.00817],[135.77179,35.00798],[135.77184,35.00752],[135.77182,35.00699],[135.77182,35.00668],[135.77177,35.00583],[135.77171,35.0052],[135.77292,35.00528],[135.7717,35.00518],[135.77164,35.0044],[135.77163,35.00427],[135.77156,35.00381],[135.7715,35.00352],[135.77096,35.00217],[135.77059,35.00156],[135.77038,35.00124],[135.7701,35.00065],[135.77002,35.0005],[135.76999,35.00043],[135.76962,34.99964],[135.76949,34.99936],[135.76944,34.99926],[135.76941,34.99919],[135.76935,34.99905],[135.76926,34.99887],[135.76924,34.99882],[135.76879,34.99776],[135.76865,34.99744],[135.76843,34.99692],[135.76794,34.99567],[135.7679,34.99568],[135.76772,34.99516],[135.76763,34.99467],[135.76751,34.99397],[135.76736,34.9928],[135.76731,34.99243],[135.76722,34.99182],[135.76721,34.99173],[135.76715,34.99047],[135.76717,34.99036],[135.7672,34.98948],[135.76722,34.98928],[135.76723,34.98905],[135.76723,34.98887],[135.76725,34.98841],[135.7674,34.98732],[135.76769,34.98639],[135.76786,34.98562],[135.76816,34.98334],[135.76885,34.98272],[135.76857,34.98274],[135.76816,34.98279],[135.76793,34.98204],[135.76767,34.98122],[135.76752,34.98034],[135.76763,34.97899],[135.76776,34.97793],[135.76768,34.9771],[135.76757,34.97669],[135.76677,34.97553],[135.76569,34.97424],[135.76507,34.97357],[135.76473,34.97318],[135.76614,34.97315],[135.76699,34.97312],[135.76754,34.97313],[135.76888,34.97309],[135.77019,34.97307],[135.7702,34.97253],[135.77022,34.97199],[135.77022,34.97194],[135.77024,34.97118],[135.77026,34.97087],[135.77029,34.97027],[135.77027,34.97004],[135.77119,34.96998],[135.77169,34.97018],[135.77131,34.9711],[135.772,34.9712],[135.772,34.97139],[135.77145,34.97138],[135.77139,34.97243],[135.7712,34.97246],[135.77111,34.97356],[135.7713,34.97389],[135.77338,34.97401],[135.77337,34.97287],[135.77435,34.97263],[135.77441,34.97414],[135.77602,34.97395],[135.77648,34.97393],[135.77684,34.97382],[135.77709,34.97389],[135.77725,34.97475],[135.77625,34.9746],[135.77599,34.97462],[135.77545,34.97512],[135.77523,34.97526],[135.77522,34.97534],[135.77529,34.97548],[135.7751,34.97563],[135.77498,34.97587],[135.77539,34.97668],[135.777,34.9763],[135.77713,34.97628],[135.77752,34.97607],[135.77769,34.97587],[135.7779,34.97548],[135.77817,34.97552],[135.77863,34.97537],[135.77909,34.97499],[135.77944,34.97481],[135.77957,34.97468],[135.77966,34.97466],[135.78017,34.97443],[135.78022,34.9744],[135.78093,34.97427],[135.78114,34.97408],[135.78151,34.97379],[135.78154,34.97376],[135.7826,34.97299],[135.78281,34.97283],[135.78295,34.97255],[135.78303,34.97241],[135.78337,34.97223],[135.78413,34.97209],[135.7843,34.97143],[135.78439,34.97125],[135.78537,34.97143],[135.78557,34.97131],[135.78703,34.97112],[135.78785,34.9716],[135.7877,34.97181],[135.78762,34.97207],[135.78742,34.97257],[135.78726,34.97304],[135.78683,34.9737],[135.78659,34.97408],[135.78697,34.97447],[135.78724,34.97479],[135.78806,34.97628],[135.78813,34.9771],[135.788,34.97729],[135.78777,34.97746],[135.78741,34.97773],[135.78683,34.97826],[135.78696,34.97847],[135.78692,34.97873],[135.78752,34.97938],[135.78796,34.97949],[135.78838,34.97967],[135.78848,34.97993],[135.78784,34.9801],[135.78831,34.98137],[135.78778,34.98152],[135.78779,34.98153],[135.78825,34.98172],[135.78828,34.98198],[135.78931,34.98217],[135.78938,34.98224],[135.78902,34.98302],[135.78897,34.98308],[135.78759,34.98481],[135.78699,34.98524],[135.78759,34.98553],[135.78856,34.9869],[135.78931,34.98745],[135.78888,34.98875],[135.78903,34.98904],[135.78903,34.98917]],[[135.77138,34.99433],[135.77138,34.99438],[135.7717,34.9943],[135.77138,34.99433]],[[135.77406,34.99416],[135.77405,34.99415],[135.77399,34.99416],[135.77406,34.99416]],[[135.7738,34.99311],[135.77386,34.99297],[135.77377,34.99268],[135.7738,34.99311]],[[135.77279,34.99309],[135.77259,34.99357],[135.77291,34.99354],[135.77279,34.99309]],[[135.77149,34.99288],[135.77147,34.99269],[135.77137,34.99196],[135.77149,34.99288]],[[135.77044,34.99594],[135.77081,34.99603],[135.77079,34.99587],[135.77044,34.99594]],[[135.77792,34.99248],[135.77782,34.9924],[135.77743,34.99241],[135.77792,34.99248]],[[135.77826,34.99271],[135.77836,34.99273],[135.77822,34.9927],[135.77826,34.99271]],[[135.77623,34.99344],[135.77645,34.99322],[135.7764,34.99325],[135.77623,34.99344]],[[135.77943,34.99192],[135.77917,34.99206],[135.77944,34.99194],[135.77943,34.99192]],[[135.77851,34.99266],[135.77905,34.99262],[135.77838,34.99241],[135.77851,34.99266]],[[135.78589,34.99126],[135.78596,34.99137],[135.78607,34.99095],[135.78589,34.99126]],[[135.78596,34.99137],[135.78587,34.99194],[135.78594,34.99191],[135.78596,34.99137]],[[135.78773,35.00972],[135.78768,35.00937],[135.78759,35.00937],[135.78773,35.00972]],[[135.76722,34.98928],[135.76919,34.9893],[135.76919,34.98929],[135.76722,34.98928]],[[135.7712,34.99706],[135.77087,34.99704],[135.7708,34.99714],[135.77092,34.99714],[135.7712,34.99706]],[[135.77528,34.99649],[135.77517,34.9967],[135.77528,34.9967],[135.77528,34.99649]],[[135.77594,34.99578],[135.77609,34.99541],[135.77592,34.99581],[135.77594,34.99578]],[[135.77091,34.99855],[135.77089,34.99861],[135.77091,34.99872],[135.77091,34.99855]],[[135.77554,34.99536],[135.77555,34.9952],[135.77544,34.9952],[135.77554,34.99536]],[[135.77358,34.99589],[135.77402,34.9957],[135.7735,34.99572],[135.77358,34.99589]],[[135.77303,34.99545],[135.77266,34.99554],[135.77299,34.99546],[135.77303,34.99545]],[[135.78163,34.99371],[135.78173,34.99351],[135.78162,34.99346],[135.78163,34.99371]],[[135.77927,34.99786],[135.78012,34.9977],[135.78064,34.99759],[135.77927,34.99786]],[[135.78269,34.99714],[135.78289,34.99642],[135.78289,34.9964],[135.78269,34.99714]],[[135.78369,34.99623],[135.78381,34.99629],[135.78411,34.99607],[135.78369,34.99623]],[[135.78223,35.00163],[135.78259,35.00163],[135.78258,35.00133],[135.78223,35.00163]],[[135.78272,35.00089],[135.78291,35.00073],[135.78272,35.00083],[135.78272,35.00089]],[[135.77859,35.00163],[135.77852,35.00223],[135.77855,35.00199],[135.77859,35.00163]],[[135.78062,35.00189],[135.78069,35.00293],[135.78069,35.00262],[135.78062,35.00189]],[[135.77786,34.99888],[135.7777,34.999],[135.77789,34.99897],[135.77786,34.99888]],[[135.77824,34.98336],[135.77844,34.98342],[135.77829,34.98325],[135.77824,34.98336]],[[135.77852,34.98266],[135.77898,34.98256],[135.77854,34.98265],[135.77852,34.98266]],[[135.77867,34.9818],[135.77863,34.98169],[135.77773,34.98186],[135.77867,34.9818]],[[135.78653,34.98083],[135.78661,34.98075],[135.7865,34.98079],[135.78653,34.98083]],[[135.77062,34.9807],[135.77071,34.98114],[135.77075,34.98071],[135.77062,34.9807]],[[135.77071,34.98114],[135.77042,34.98114],[135.77066,34.98115],[135.77071,34.98114]],[[135.76946,34.98203],[135.76988,34.98111],[135.76999,34.98065],[135.76946,34.98203]],[[135.78295,34.97556],[135.78255,34.97543],[135.78266,34.97564],[135.78295,34.97556]],[[135.77706,34.9812],[135.77709,34.98119],[135.777,34.98062],[135.77706,34.9812]],[[135.77001,34.98708],[135.77039,34.98736],[135.77022,34.98707],[135.77001,34.98708]],[[135.77047,34.98604],[135.77043,34.98571],[135.77043,34.98602],[135.77047,34.98604]],[[135.7707,34.98324],[135.77086,34.98298],[135.77069,34.98298],[135.7707,34.98324]],[[135.77068,34.98279],[135.77092,34.98277],[135.77038,34.98281],[135.77068,34.98279]],[[135.77075,34.98212],[135.77075,34.98202],[135.76984,34.98203],[135.77075,34.98212]],[[135.76968,34.98286],[135.7697,34.98287],[135.76978,34.98287],[135.76968,34.98286]],[[135.77124,34.98918],[135.77124,34.98919],[135.77394,34.98906],[135.77124,34.98918]],[[135.77294,34.98364],[135.77293,34.98366],[135.77299,34.98361],[135.77294,34.98364]],[[135.77117,34.99021],[135.77125,34.98937],[135.77117,34.99017],[135.77117,34.99021]],[[135.77076,34.9895],[135.77033,34.98952],[135.77059,34.98953],[135.77076,34.9895]],[[135.76933,34.99293],[135.76925,34.99293],[135.76939,34.99344],[135.76966,34.99291],[135.76933,34.99293]],[[135.76955,34.99487],[135.76923,34.995],[135.76957,34.99509],[135.76955,34.99487]],[[135.76957,34.99509],[135.76925,34.99515],[135.76926,34.99526],[135.76957,34.99509]],[[135.76907,34.99362],[135.76878,34.99364],[135.76881,34.99407],[135.76907,34.99362]],[[135.76884,34.99427],[135.76866,34.99452],[135.76887,34.9945],[135.76884,34.99427]],[[135.76895,34.99503],[135.76876,34.99514],[135.76897,34.99512],[135.76895,34.99503]],[[135.76876,34.99514],[135.76879,34.99555],[135.76881,34.99555],[135.76876,34.99514]],[[135.77076,34.99624],[135.77012,34.99639],[135.77015,34.99647],[135.77076,34.99624]],[[135.77015,34.99647],[135.76984,34.99656],[135.76984,34.99658],[135.77011,34.99648],[135.77031,34.99707],[135.77051,34.99701],[135.77015,34.99647]],[[135.77194,35.0017],[135.77157,35.00096],[135.77179,35.00172],[135.77194,35.0017]],[[135.77185,35.0021],[135.77184,35.0021],[135.77187,35.00215],[135.77185,35.0021]],[[135.77133,34.99998],[135.77138,35.00017],[135.77141,35.00021],[135.77133,34.99998]],[[135.77037,34.99869],[135.77032,34.99849],[135.77017,34.99854],[135.77037,34.99869]],[[135.76978,34.99719],[135.76956,34.99669],[135.7694,34.99672],[135.76978,34.99719]],[[135.77204,35.00341],[135.77225,35.00337],[135.77227,35.00332],[135.77204,35.00341]],[[135.77306,35.00412],[135.77365,35.00415],[135.77309,35.00392],[135.77306,35.00412]],[[135.78456,35.00432],[135.78452,35.00421],[135.78438,35.00425],[135.78456,35.00432]],[[135.77546,35.00465],[135.77545,35.00442],[135.77516,35.00466],[135.77546,35.00465]],[[135.77478,35.008],[135.7748,35.00783],[135.77469,35.00801],[135.77478,35.008]],[[135.7748,35.00783],[135.77487,35.00766],[135.77467,35.00767],[135.7748,35.00783]],[[135.78325,35.00983],[135.78276,35.00984],[135.78275,35.01002],[135.78325,35.00983]],[[135.77896,35.00744],[135.77881,35.00764],[135.77897,35.00745],[135.77896,35.00744]],[[135.78567,35.00903],[135.78466,35.00875],[135.78497,35.00888],[135.78567,35.00903]],[[135.78058,35.0088],[135.78062,35.00901],[135.78069,35.00899],[135.78058,35.0088]],[[135.77969,35.00918],[135.77965,35.00915],[135.77967,35.00919],[135.77969,35.00918]],[[135.77938,35.00912],[135.77908,35.00918],[135.77953,35.00946],[135.77938,35.00912]],[[135.77886,35.00884],[135.77894,35.00918],[135.77903,35.00883],[135.77886,35.00884]]],[[[135.7809,34.9745],[135.78098,34.97444],[135.78104,34.9744],[135.7809,34.9745]]],[[[135.79059,35.00693],[135.79035,35.00692],[135.79112,35.00524],[135.79136,35.00563],[135.79117,35.00572],[135.79088,35.00637],[135.79129,35.0067],[135.79117,35.00704],[135.79059,35.00693]]]]}},{"type":"Feature","properties":{"nm":"京都市下京区","b":[135.7271,34.9817,135.7716,35.0045],"c":[135.7506,34.99305]},"geometry":{"type":"MultiPolygon","coordinates":[[[[135.75712,34.99302],[135.75715,34.99197],[135.75713,34.99273],[135.75712,34.99302]]],[[[135.76272,34.98443],[135.76432,34.98437],[135.76505,34.98434],[135.76506,34.98455],[135.76517,34.98432],[135.76586,34.98417],[135.76627,34.9841],[135.76658,34.98409],[135.76684,34.98395],[135.76684,34.98202],[135.76793,34.98204],[135.76816,34.98279],[135.76857,34.98274],[135.76885,34.98272],[135.76816,34.98334],[135.76786,34.98562],[135.76769,34.98639],[135.7674,34.98732],[135.76725,34.98841],[135.76723,34.98887],[135.76723,34.98905],[135.76722,34.98928],[135.7672,34.98948],[135.76717,34.99036],[135.76715,34.99047],[135.76721,34.99173],[135.76722,34.99182],[135.76731,34.99243],[135.76736,34.9928],[135.76751,34.99397],[135.76763,34.99467],[135.76772,34.99516],[135.7679,34.99568],[135.76794,34.99567],[135.76843,34.99692],[135.76865,34.99744],[135.76879,34.99776],[135.76924,34.99882],[135.76926,34.99887],[135.76935,34.99905],[135.76941,34.99919],[135.76944,34.99926],[135.76949,34.99936],[135.76962,34.99964],[135.76999,35.00043],[135.77002,35.0005],[135.7701,35.00065],[135.77038,35.00124],[135.77059,35.00156],[135.77096,35.00217],[135.7715,35.00352],[135.77156,35.00381],[135.77099,35.00379],[135.77093,35.00389],[135.77082,35.00407],[135.77047,35.00409],[135.77047,35.00379],[135.7704,35.00429],[135.77003,35.00439],[135.76997,35.00447],[135.76993,35.00412],[135.7699,35.00404],[135.76962,35.00393],[135.76933,35.00392],[135.7692,35.00392],[135.76902,35.00389],[135.76901,35.00389],[135.76894,35.00414],[135.7687,35.00414],[135.76804,35.00405],[135.76783,35.00406],[135.76783,35.00396],[135.76772,35.00392],[135.76771,35.00392],[135.76737,35.00392],[135.76728,35.00392],[135.76722,35.0039],[135.76719,35.00392],[135.76719,35.00386],[135.76703,35.00378],[135.76686,35.00378],[135.76687,35.00369],[135.76676,35.00369],[135.76676,35.00381],[135.76635,35.00405],[135.76612,35.00405],[135.76596,35.00418],[135.76524,35.00418],[135.7649,35.00417],[135.76444,35.00417],[135.76398,35.00418],[135.76363,35.00418],[135.76314,35.00426],[135.76293,35.00427],[135.76258,35.00404],[135.76219,35.00421],[135.76147,35.00421],[135.76108,35.00416],[135.76109,35.00392],[135.76091,35.00392],[135.76082,35.00406],[135.76079,35.00418],[135.76035,35.00438],[135.75967,35.00438],[135.75893,35.00436],[135.75893,35.00447],[135.75874,35.00447],[135.75874,35.00444],[135.75866,35.00432],[135.75866,35.00409],[135.7581,35.00394],[135.75768,35.00407],[135.75706,35.00415],[135.75666,35.00381],[135.75619,35.00409],[135.75618,35.00409],[135.75618,35.00408],[135.75617,35.00408],[135.75616,35.00408],[135.75615,35.00408],[135.75558,35.00407],[135.75513,35.00368],[135.75513,35.00361],[135.75511,35.00381],[135.75444,35.00414],[135.75444,35.00444],[135.75412,35.00444],[135.75394,35.00384],[135.75364,35.00383],[135.75327,35.00392],[135.75326,35.00413],[135.75308,35.00402],[135.75309,35.00391],[135.75306,35.00402],[135.75288,35.00395],[135.75267,35.00395],[135.75256,35.00403],[135.75246,35.00433],[135.7523,35.00356],[135.75191,35.00357],[135.75182,35.00406],[135.75137,35.00405],[135.75099,35.00402],[135.75099,35.00405],[135.75078,35.00405],[135.75071,35.00404],[135.75071,35.00403],[135.75071,35.00402],[135.75057,35.00394],[135.75043,35.00386],[135.75023,35.00393],[135.75018,35.00393],[135.75004,35.00401],[135.75,35.00406],[135.74972,35.00408],[135.74936,35.00407],[135.74931,35.00362],[135.74784,35.0036],[135.74763,35.00244],[135.7464,35.00245],[135.74642,35.00124],[135.74554,35.00123],[135.74553,35.00096],[135.74751,35.00102],[135.7475,35.00007],[135.74824,35.00006],[135.74824,34.99879],[135.74805,34.9988],[135.74805,34.99877],[135.74643,34.99881],[135.74607,34.9988],[135.74443,34.99878],[135.74364,34.99882],[135.74268,34.99881],[135.74075,34.99876],[135.74075,34.99802],[135.7395,34.99803],[135.73934,34.99873],[135.73906,34.99872],[135.73633,34.99871],[135.73605,34.9977],[135.73625,34.99725],[135.73628,34.99624],[135.73471,34.99626],[135.73388,34.99626],[135.73313,34.99626],[135.73313,34.99564],[135.73306,34.99399],[135.73226,34.99396],[135.73189,34.99366],[135.73075,34.99383],[135.72928,34.99381],[135.72857,34.9938],[135.72863,34.9925],[135.72864,34.99214],[135.72865,34.99178],[135.72871,34.99025],[135.72872,34.98913],[135.72899,34.98914],[135.72839,34.98908],[135.72741,34.98907],[135.72715,34.98774],[135.72723,34.98596],[135.72847,34.98581],[135.72848,34.98553],[135.72899,34.98552],[135.73014,34.98552],[135.73013,34.98411],[135.73032,34.98411],[135.73054,34.98392],[135.73055,34.9831],[135.73055,34.98298],[135.73092,34.98307],[135.73108,34.9829],[135.73139,34.98239],[135.73181,34.98241],[135.73179,34.98312],[135.73266,34.98312],[135.73268,34.98212],[135.73331,34.98247],[135.73333,34.98172],[135.73503,34.98248],[135.73626,34.98286],[135.73912,34.98365],[135.73982,34.98384],[135.74096,34.98415],[135.7414,34.98427],[135.74233,34.98452],[135.74282,34.98465],[135.74445,34.985],[135.74567,34.98517],[135.74766,34.98517],[135.74885,34.9852],[135.74903,34.9852],[135.74976,34.98521],[135.74983,34.98521],[135.75012,34.98522],[135.75009,34.9858],[135.75036,34.98522],[135.75075,34.98522],[135.75114,34.98523],[135.75225,34.98525],[135.75333,34.98527],[135.75347,34.98527],[135.75362,34.98528],[135.75512,34.98502],[135.75528,34.98495],[135.75677,34.98478],[135.75677,34.98441],[135.75755,34.98441],[135.7582,34.98433],[135.75824,34.98431],[135.75968,34.98429],[135.75976,34.98429],[135.76,34.98431],[135.76115,34.98438],[135.76272,34.98443]],[[135.76139,34.99789],[135.76195,34.99785],[135.76141,34.99785],[135.76139,34.99789]],[[135.76065,34.99845],[135.76007,34.99859],[135.76065,34.99859],[135.76065,34.99845]],[[135.76146,34.99737],[135.76149,34.99739],[135.76145,34.99729],[135.76146,34.99737]],[[135.76146,34.99677],[135.76145,34.99666],[135.76145,34.99671],[135.76146,34.99677]],[[135.76013,34.99789],[135.76007,34.99788],[135.76027,34.99807],[135.76013,34.99789]],[[135.75994,34.99848],[135.76007,34.99855],[135.76007,34.99848],[135.75994,34.99848]],[[135.75921,34.99799],[135.7592,34.99799],[135.7592,34.99809],[135.75921,34.99799]],[[135.75971,34.99669],[135.7597,34.9966],[135.75955,34.9966],[135.75971,34.99669]],[[135.75922,34.99731],[135.759,34.99745],[135.75921,34.99739],[135.75922,34.99731]],[[135.7585,34.99707],[135.75852,34.99738],[135.75865,34.99739],[135.7585,34.99707]],[[135.75772,34.99695],[135.75771,34.99695],[135.75776,34.99741],[135.75772,34.99695]],[[135.75788,34.99742],[135.75816,34.99776],[135.75816,34.99763],[135.75788,34.99742]],[[135.75717,34.99672],[135.75708,34.99674],[135.75708,34.99686],[135.75717,34.99672]],[[135.75712,34.99743],[135.75712,34.99765],[135.75742,34.99766],[135.75712,34.99743]],[[135.75631,34.99831],[135.75611,34.99868],[135.7563,34.99859],[135.75631,34.99831]],[[135.7563,34.99674],[135.75631,34.99736],[135.75642,34.99736],[135.7563,34.99674]],[[135.75562,34.99813],[135.75521,34.99813],[135.75563,34.99846],[135.75562,34.99813]],[[135.75563,34.99846],[135.75563,34.99856],[135.75579,34.99864],[135.75563,34.99846]],[[135.7558,34.99671],[135.75561,34.99675],[135.75561,34.99703],[135.7558,34.99671]],[[135.75667,34.99889],[135.75668,34.99906],[135.75668,34.99902],[135.75667,34.99889]],[[135.75564,34.99923],[135.7556,34.99934],[135.75564,34.99925],[135.75564,34.99923]],[[135.75634,34.99917],[135.75633,34.99955],[135.75638,34.99916],[135.75634,34.99917]],[[135.75971,34.99747],[135.75969,34.99784],[135.75971,34.99781],[135.75971,34.99747]],[[135.76145,34.99523],[135.76184,34.99522],[135.76145,34.99522],[135.76145,34.99523]],[[135.76069,34.99418],[135.76069,34.99328],[135.76068,34.99418],[135.76069,34.99493],[135.76069,34.99418]],[[135.76069,34.99493],[135.76002,34.9947],[135.76028,34.99494],[135.76069,34.99493]],[[135.75926,34.99459],[135.75899,34.99468],[135.75927,34.99476],[135.75926,34.99459]],[[135.75929,34.99515],[135.75918,34.99518],[135.75929,34.99531],[135.75929,34.99515]],[[135.75867,34.99419],[135.75861,34.99398],[135.7586,34.99418],[135.75867,34.99419]],[[135.75797,34.99444],[135.75763,34.99467],[135.75797,34.99488],[135.75797,34.99444]],[[135.75715,34.99197],[135.75715,34.99158],[135.75675,34.99155],[135.75715,34.99197]],[[135.75637,34.99271],[135.75637,34.99257],[135.75634,34.99298],[135.75637,34.99271]],[[135.7564,34.99062],[135.75615,34.99063],[135.75638,34.99124],[135.7564,34.99062]],[[135.75641,34.9895],[135.75634,34.9895],[135.75641,34.99018],[135.75641,34.99038],[135.75641,34.9895]],[[135.75601,34.99153],[135.75602,34.99141],[135.75593,34.99153],[135.75601,34.99153]],[[135.75582,34.99174],[135.7552,34.99167],[135.75563,34.99174],[135.75582,34.99174]],[[135.7552,34.99167],[135.75565,34.99135],[135.75521,34.9913],[135.7552,34.99167]],[[135.75585,34.99248],[135.75598,34.99248],[135.75635,34.99242],[135.75585,34.99248]],[[135.75502,34.99416],[135.75517,34.99465],[135.75518,34.99416],[135.75502,34.99416]],[[135.75447,34.9915],[135.75414,34.99152],[135.75447,34.99153],[135.75447,34.9915]],[[135.75443,34.99268],[135.75406,34.99267],[135.75406,34.99306],[135.75443,34.99268]],[[135.7542,34.98939],[135.75402,34.98942],[135.75417,34.98942],[135.7542,34.98939]],[[135.75396,34.99036],[135.75367,34.99037],[135.75396,34.99051],[135.75396,34.99036]],[[135.75367,34.99037],[135.75364,34.99035],[135.75366,34.9905],[135.75367,34.99037]],[[135.7535,34.99137],[135.75343,34.99128],[135.75343,34.99137],[135.75366,34.99137],[135.7535,34.99137]],[[135.7533,34.99283],[135.7533,34.99267],[135.75307,34.99266],[135.75278,34.99268],[135.7533,34.99283]],[[135.75277,34.99288],[135.75275,34.99292],[135.75277,34.99299],[135.75277,34.99288]],[[135.75325,34.99054],[135.7529,34.99054],[135.75324,34.99084],[135.75325,34.99054]],[[135.75225,34.99329],[135.75216,34.99328],[135.75225,34.99337],[135.75225,34.99329]],[[135.75231,34.99373],[135.7522,34.99486],[135.75231,34.99415],[135.75231,34.99373]],[[135.75105,34.99022],[135.75087,34.99023],[135.75086,34.9903],[135.75105,34.99022]],[[135.74932,34.99028],[135.74913,34.99137],[135.74921,34.99137],[135.74932,34.99028]],[[135.74919,34.99275],[135.74882,34.99274],[135.74918,34.9929],[135.74955,34.9929],[135.74919,34.99275]],[[135.76413,34.99222],[135.76373,34.99229],[135.76414,34.99229],[135.76444,34.9923],[135.76413,34.99222]],[[135.76275,34.98956],[135.7622,34.98951],[135.76272,34.98956],[135.76275,34.98956]],[[135.7621,34.99228],[135.7621,34.99261],[135.76223,34.99228],[135.7621,34.99228]],[[135.76207,34.9907],[135.76207,34.99038],[135.76187,34.99038],[135.76207,34.9907]],[[135.76145,34.99007],[135.76145,34.99027],[135.76187,34.99006],[135.76145,34.99007]],[[135.76146,34.99161],[135.76107,34.99161],[135.76107,34.99162],[135.76146,34.99161]],[[135.76108,34.99065],[135.76072,34.99065],[135.76071,34.99104],[135.76108,34.99065]],[[135.75999,34.98981],[135.75998,34.99004],[135.76071,34.99005],[135.75999,34.98981]],[[135.75865,34.98951],[135.75824,34.98947],[135.75824,34.98951],[135.75865,34.98951]],[[135.75542,34.9857],[135.75516,34.98584],[135.75516,34.98588],[135.75542,34.9857]],[[135.75519,34.9876],[135.75472,34.98761],[135.75522,34.98788],[135.75519,34.9876]],[[135.76263,34.9868],[135.76291,34.98679],[135.76262,34.98667],[135.76263,34.9868]],[[135.75009,34.9858],[135.7504,34.98607],[135.75041,34.98579],[135.75009,34.9858]],[[135.75419,34.98873],[135.75472,34.98876],[135.75419,34.98855],[135.75419,34.98873]],[[135.7542,34.98836],[135.75421,34.98815],[135.75421,34.98797],[135.7542,34.98836]],[[135.75419,34.98792],[135.75411,34.98761],[135.75411,34.98792],[135.75419,34.98792]],[[135.75294,34.98683],[135.75296,34.98657],[135.75304,34.98638],[135.75294,34.9866],[135.75294,34.98683]],[[135.75125,34.98815],[135.751,34.9879],[135.75046,34.98789],[135.75125,34.98815]],[[135.74879,34.9914],[135.74879,34.9916],[135.74913,34.99141],[135.74879,34.9914]],[[135.74965,34.98869],[135.7497,34.9887],[135.74965,34.98857],[135.74965,34.98869]],[[135.75325,34.9867],[135.75379,34.98667],[135.75326,34.98657],[135.75325,34.9867]],[[135.75183,34.98706],[135.7515,34.98703],[135.7515,34.98712],[135.75182,34.98712],[135.75183,34.98706]],[[135.75049,34.98672],[135.75032,34.98706],[135.75046,34.98706],[135.75049,34.98672]],[[135.74935,34.98671],[135.74936,34.98656],[135.74903,34.98671],[135.74935,34.98671]],[[135.7444,34.99143],[135.74513,34.99144],[135.74454,34.99143],[135.7444,34.99143]],[[135.74513,34.99144],[135.74512,34.99202],[135.74513,34.99153],[135.74513,34.99144]],[[135.74089,34.98663],[135.7406,34.98638],[135.74091,34.98668],[135.74089,34.98663]],[[135.74459,34.99255],[135.74437,34.99255],[135.74437,34.99277],[135.74459,34.99255]],[[135.73309,34.99148],[135.73293,34.99107],[135.73292,34.99148],[135.73309,34.99148]],[[135.74602,34.99695],[135.74581,34.99756],[135.74607,34.99757],[135.74749,34.99756],[135.746,34.99756],[135.74602,34.99695]],[[135.74892,34.99876],[135.74892,34.99896],[135.74918,34.99876],[135.74892,34.99876]],[[135.74951,34.99526],[135.74918,34.99524],[135.74917,34.99527],[135.74951,34.99526]],[[135.74918,34.99524],[135.74891,34.99497],[135.74896,34.99524],[135.74918,34.99524]],[[135.74882,34.99447],[135.74882,34.99428],[135.74854,34.99446],[135.74882,34.99447]],[[135.74881,34.99357],[135.74838,34.99373],[135.74876,34.99374],[135.74881,34.99357]],[[135.7488,34.9927],[135.74841,34.99273],[135.7488,34.99274],[135.7488,34.9927]],[[135.74841,34.99273],[135.748,34.99272],[135.74798,34.99304],[135.74841,34.99273]],[[135.75477,34.99764],[135.75474,34.99764],[135.75476,34.99821],[135.75477,34.99764]],[[135.75477,34.99472],[135.75475,34.99526],[135.75475,34.99551],[135.75477,34.99472]],[[135.75408,34.99763],[135.75331,34.99762],[135.75336,34.9978],[135.75408,34.99763]],[[135.75331,34.99762],[135.75294,34.99762],[135.75242,34.99763],[135.75331,34.99762]],[[135.75343,34.99887],[135.75388,34.99886],[135.75407,34.99885],[135.75343,34.99887]],[[135.7534,34.99636],[135.75229,34.99634],[135.75332,34.99636],[135.7534,34.99636]],[[135.75229,34.99634],[135.75215,34.99634],[135.75229,34.99681],[135.75229,34.99634]],[[135.75372,34.99528],[135.75317,34.99527],[135.75317,34.99552],[135.75372,34.99528]],[[135.7541,34.99924],[135.7541,34.9995],[135.75412,34.99909],[135.7541,34.99924]],[[135.75214,34.9988],[135.7521,34.99904],[135.75236,34.99904],[135.75214,34.9988]],[[135.7516,35.00215],[135.75188,35.00247],[135.75159,35.00164],[135.7516,35.00215]],[[135.75161,35.00059],[135.75206,35.00017],[135.75188,35.00016],[135.75162,35.00044],[135.75161,35.00059]],[[135.75086,35.00075],[135.75086,35.00095],[135.75092,35.00095],[135.75086,35.00075]],[[135.75081,35.00035],[135.75081,35.00018],[135.75055,35.00017],[135.75081,35.00035]],[[135.75055,35.00017],[135.75056,34.99981],[135.75028,35.00027],[135.75055,35.00017]],[[135.7503,35.00076],[135.75015,35.00095],[135.75029,35.00095],[135.7503,35.00076]],[[135.75022,34.99972],[135.75021,34.99986],[135.75033,34.99976],[135.75022,34.99972]],[[135.74956,35.00051],[135.74948,35.00108],[135.7497,35.00101],[135.74956,35.00051]],[[135.74976,34.99896],[135.74971,34.99906],[135.74966,34.99906],[135.74977,34.99906],[135.74976,34.99896]],[[135.75563,35.00323],[135.75593,35.00323],[135.75575,35.00322],[135.75563,35.00323]],[[135.75538,35.00248],[135.75516,35.00243],[135.75515,35.00248],[135.75538,35.00248]],[[135.7543,35.00293],[135.75421,35.00307],[135.75429,35.00307],[135.7543,35.00293]],[[135.75534,35.00128],[135.75535,35.00123],[135.75501,35.00128],[135.75534,35.00128]],[[135.75564,35.00097],[135.75565,35.00042],[135.75565,35.00038],[135.75564,35.00097]],[[135.75472,35.00069],[135.75472,35.00071],[135.75474,35.00088],[135.75472,35.00069]],[[135.75519,34.9998],[135.75549,34.9998],[135.75558,34.99966],[135.75519,34.9998]],[[135.7541,34.99976],[135.75414,34.99987],[135.75418,34.99979],[135.7541,34.99976]],[[135.75368,35.00246],[135.75364,35.00244],[135.75364,35.00246],[135.75368,35.00246]],[[135.75332,35.00157],[135.75311,35.00162],[135.75311,35.00176],[135.75332,35.00157]],[[135.75305,35.00217],[135.75306,35.00223],[135.75325,35.00223],[135.75305,35.00217]],[[135.75249,35.00129],[135.75235,35.00129],[135.7524,35.00136],[135.75249,35.00129]],[[135.76017,35.00276],[135.7601,35.00195],[135.7598,35.00249],[135.76017,35.00276]],[[135.75953,35.00244],[135.75931,35.00239],[135.75953,35.00254],[135.75953,35.00244]],[[135.7588,35.00204],[135.7588,35.0021],[135.75918,35.00214],[135.7588,35.00204]],[[135.75968,35.00061],[135.75969,35.00016],[135.75968,35.00038],[135.75968,35.00061]],[[135.75761,35.00288],[135.75737,35.00288],[135.75737,35.00303],[135.75761,35.00288]],[[135.75607,35.00292],[135.75597,35.00292],[135.75606,35.00298],[135.75607,35.00292]],[[135.7562,35.00339],[135.75596,35.0036],[135.75622,35.00349],[135.7562,35.00339]],[[135.75691,35.00133],[135.75668,35.00134],[135.7566,35.00136],[135.75691,35.00133]],[[135.75608,35.00165],[135.75596,35.00185],[135.75603,35.00185],[135.75608,35.00165]],[[135.7645,35.00313],[135.76476,35.00285],[135.76433,35.00297],[135.7645,35.00313]],[[135.76362,35.00284],[135.7635,35.00284],[135.76362,35.0029],[135.76362,35.00284]],[[135.76399,35.00149],[135.76398,35.00156],[135.76398,35.00193],[135.76399,35.00149]],[[135.763,35.00195],[135.76282,35.00182],[135.76283,35.00195],[135.76298,35.00206],[135.763,35.00195]],[[135.76298,35.00206],[135.76296,35.00217],[135.76298,35.00217],[135.76298,35.00206]],[[135.76386,35.00007],[135.76354,35.00028],[135.76386,35.00027],[135.76386,35.00007]],[[135.76438,34.99928],[135.76514,34.99927],[135.76438,34.99927],[135.76438,34.99928]],[[135.76366,34.99981],[135.76333,34.99984],[135.76366,34.99984],[135.76366,34.99981]],[[135.76367,34.99926],[135.76261,34.99924],[135.76299,34.99926],[135.76367,34.99926]],[[135.76299,34.99926],[135.76297,34.99979],[135.76297,34.99987],[135.76299,34.99926]],[[135.76307,35.00134],[135.76309,35.00134],[135.76307,35.00115],[135.76307,35.00134]],[[135.76161,34.99926],[135.76156,34.99912],[135.76155,34.99948],[135.76161,34.99926]],[[135.7605,35.00195],[135.76048,35.00195],[135.7605,35.00203],[135.7605,35.00195]],[[135.76858,35.00334],[135.76856,35.00347],[135.76918,35.00332],[135.76858,35.00334]],[[135.76798,35.00253],[135.76798,35.0024],[135.76763,35.00242],[135.76798,35.00253]],[[135.76667,35.00251],[135.76647,35.0025],[135.76667,35.0026],[135.76667,35.00251]],[[135.76636,35.00284],[135.76631,35.00338],[135.76637,35.00343],[135.76636,35.00284]],[[135.76646,35.00158],[135.76641,35.00159],[135.76648,35.00164],[135.76646,35.00158]],[[135.76654,35.00107],[135.76628,35.00133],[135.7665,35.00116],[135.76654,35.00107]],[[135.76649,34.9993],[135.76654,34.99994],[135.76665,35.00001],[135.76649,34.9993]],[[135.76614,35.00169],[135.7658,35.00167],[135.76591,35.00169],[135.76614,35.00169]],[[135.76588,35.00041],[135.76583,35.00036],[135.76575,35.00043],[135.76588,35.00041]],[[135.76588,34.99929],[135.76549,34.99916],[135.76589,34.99938],[135.76588,34.99929]],[[135.76522,35.00323],[135.76492,35.00323],[135.76558,35.00335],[135.76522,35.00323]],[[135.76575,35.00156],[135.76557,35.00156],[135.76537,35.00162],[135.76575,35.00156]],[[135.76524,35.00164],[135.76497,35.00168],[135.76518,35.00187],[135.76524,35.00164]],[[135.76554,35.00007],[135.76529,34.99993],[135.76533,35.00028],[135.76554,35.00007]],[[135.76529,34.99993],[135.76514,34.99931],[135.76515,34.99993],[135.76529,34.99993]],[[135.76524,35.00032],[135.76497,35.00038],[135.76518,35.00038],[135.76524,35.00036],[135.76524,35.00032]],[[135.7652,35.0009],[135.76497,35.00105],[135.76519,35.00105],[135.7652,35.0009]],[[135.76537,35.00122],[135.76555,35.00124],[135.76556,35.00122],[135.76537,35.00122]],[[135.7702,35.0021],[135.76995,35.00221],[135.77022,35.00211],[135.7702,35.0021]],[[135.76783,34.99823],[135.76805,34.99889],[135.76818,34.99889],[135.76783,34.99823]],[[135.76805,34.99889],[135.76761,34.99889],[135.76815,34.99908],[135.76805,34.99889]],[[135.7699,35.00312],[135.76971,35.00312],[135.77004,35.00335],[135.7699,35.00312]],[[135.76933,35.00281],[135.76932,35.00339],[135.76943,35.00338],[135.76933,35.00281]],[[135.76651,34.99768],[135.76612,34.99769],[135.76652,34.9981],[135.76651,34.99768]],[[135.76612,34.99769],[135.76602,34.99769],[135.76603,34.99785],[135.76612,34.99769]],[[135.76727,34.99535],[135.76689,34.9956],[135.76707,34.99557],[135.76727,34.99535]],[[135.76583,34.99751],[135.76578,34.99751],[135.76583,34.99754],[135.76583,34.99751]],[[135.76547,34.99877],[135.76548,34.99897],[135.76553,34.99877],[135.76547,34.99877]],[[135.76544,34.99647],[135.76509,34.99599],[135.76515,34.99647],[135.76544,34.99647]],[[135.7651,34.99695],[135.76511,34.99746],[135.76512,34.99708],[135.7651,34.99695]],[[135.76439,34.99844],[135.76439,34.99865],[135.76473,34.99864],[135.76439,34.99844]],[[135.7651,34.99647],[135.76401,34.9965],[135.76438,34.99653],[135.7651,34.99647]],[[135.76376,34.99796],[135.76368,34.99796],[135.76368,34.99829],[135.76376,34.99796]],[[135.76368,34.99829],[135.76346,34.99863],[135.76367,34.99863],[135.76368,34.99829]],[[135.76366,34.99731],[135.76365,34.99746],[135.76376,34.99745],[135.76366,34.99731]],[[135.76306,34.99798],[135.76298,34.99795],[135.76298,34.99798],[135.76306,34.99798]],[[135.76261,34.99746],[135.76261,34.99749],[135.76283,34.99749],[135.76261,34.99746]],[[135.76449,34.99291],[135.76434,34.99296],[135.76434,34.99297],[135.76449,34.99291]],[[135.76368,34.9926],[135.76331,34.9926],[135.76367,34.99302],[135.76368,34.9926]],[[135.76344,34.99324],[135.7633,34.99324],[135.76295,34.99329],[135.76331,34.99329],[135.76344,34.99324]],[[135.76316,34.99399],[135.76257,34.99409],[135.76331,34.99409],[135.76316,34.99399]],[[135.76256,34.9952],[135.76237,34.9952],[135.76237,34.99533],[135.76256,34.9952]],[[135.76087,34.99265],[135.76072,34.99229],[135.76071,34.99265],[135.76087,34.99265]],[[135.75745,34.99363],[135.75711,34.99371],[135.75738,34.99371],[135.75745,34.99363]],[[135.76626,34.99238],[135.76627,34.99286],[135.76649,34.99285],[135.76626,34.99238]],[[135.76719,34.99396],[135.76681,34.99403],[135.7672,34.99399],[135.76719,34.99396]],[[135.76619,34.99372],[135.76596,34.99392],[135.76616,34.99404],[135.76619,34.99372]],[[135.76616,34.99404],[135.76689,34.99473],[135.7663,34.99417],[135.76616,34.99404]],[[135.76572,34.99202],[135.76548,34.99164],[135.76549,34.9929],[135.7655,34.99203],[135.76572,34.99202]],[[135.76701,34.99524],[135.76691,34.9954],[135.76705,34.99527],[135.76701,34.99524]]],[[[135.75422,34.98855],[135.75421,34.98854],[135.75417,34.98849],[135.75422,34.98855]]],[[[135.75379,34.98667],[135.75378,34.98646],[135.75375,34.98578],[135.75379,34.98667]]],[[[135.75023,34.98701],[135.7501,34.98702],[135.74989,34.98702],[135.75023,34.98701]]],[[[135.73313,34.98777],[135.73313,34.98778],[135.73312,34.98824],[135.73313,34.98777]]],[[[135.76272,35.00006],[135.76272,35.00007],[135.76222,35.00009],[135.76272,35.00006]]]]}},{"type":"Feature","properties":{"nm":"京都市南区","b":[135.7048,34.9418,135.7679,34.986],"c":[135.73555,34.9675]},"geometry":{"type":"MultiPolygon","coordinates":[[[[135.75242,34.97327],[135.75339,34.97331],[135.75228,34.97327],[135.75242,34.97327]]],[[[135.74766,34.98517],[135.74567,34.98517],[135.74445,34.985],[135.74282,34.98465],[135.74233,34.98452],[135.7414,34.98427],[135.74096,34.98415],[135.73982,34.98384],[135.73912,34.98365],[135.73626,34.98286],[135.73503,34.98248],[135.73333,34.98172],[135.73331,34.98247],[135.73268,34.98212],[135.73266,34.98312],[135.73179,34.98312],[135.73181,34.98241],[135.73139,34.98239],[135.73108,34.9829],[135.73092,34.98307],[135.73055,34.98298],[135.73055,34.9831],[135.73054,34.98392],[135.73032,34.98411],[135.73013,34.98411],[135.73014,34.98552],[135.72899,34.98552],[135.72848,34.98553],[135.72847,34.98581],[135.72723,34.98596],[135.72691,34.98551],[135.72657,34.98548],[135.72607,34.98547],[135.72586,34.98547],[135.72509,34.9858],[135.72415,34.98583],[135.72291,34.98585],[135.72146,34.9855],[135.72071,34.98551],[135.72027,34.98527],[135.72007,34.98502],[135.72007,34.9849],[135.72007,34.98482],[135.72008,34.9842],[135.72008,34.98414],[135.71876,34.98417],[135.71887,34.98318],[135.71755,34.98299],[135.71784,34.98175],[135.7162,34.98154],[135.71603,34.9811],[135.71597,34.98079],[135.71601,34.98059],[135.7159,34.98039],[135.71582,34.98012],[135.71592,34.97978],[135.71602,34.97944],[135.71713,34.97855],[135.71852,34.97733],[135.72044,34.97522],[135.72058,34.97508],[135.72113,34.97429],[135.72155,34.97348],[135.72189,34.97067],[135.72206,34.9685],[135.72012,34.96857],[135.71953,34.96859],[135.71927,34.96854],[135.71867,34.96853],[135.71823,34.96851],[135.71642,34.9686],[135.71564,34.96852],[135.71177,34.96854],[135.71156,34.96856],[135.70949,34.96875],[135.70638,34.96873],[135.70485,34.96872],[135.70486,34.96744],[135.70483,34.96363],[135.706,34.96362],[135.70612,34.96261],[135.70962,34.96266],[135.70961,34.96168],[135.70961,34.96136],[135.70961,34.9612],[135.7096,34.95966],[135.7096,34.95953],[135.70959,34.95865],[135.70969,34.95771],[135.70952,34.95567],[135.7095,34.95538],[135.71082,34.9554],[135.71086,34.95471],[135.7109,34.9538],[135.71209,34.95378],[135.71214,34.95354],[135.71215,34.95323],[135.71215,34.95278],[135.71268,34.9528],[135.71295,34.95282],[135.71326,34.95244],[135.71329,34.95203],[135.71383,34.95176],[135.7147,34.95183],[135.7151,34.95175],[135.71539,34.95175],[135.71576,34.95172],[135.71581,34.95071],[135.71688,34.95073],[135.71738,34.95054],[135.71748,34.94994],[135.71737,34.94949],[135.71713,34.94932],[135.71696,34.94917],[135.71695,34.94909],[135.71709,34.94885],[135.71702,34.94873],[135.71683,34.94803],[135.71655,34.94779],[135.71687,34.94778],[135.71688,34.94686],[135.71688,34.9457],[135.71689,34.9448],[135.71797,34.94477],[135.71826,34.94476],[135.71825,34.9438],[135.71827,34.94327],[135.71828,34.94231],[135.71913,34.94264],[135.71934,34.94266],[135.72026,34.94278],[135.72411,34.94284],[135.72493,34.94267],[135.72472,34.94312],[135.7247,34.94322],[135.7248,34.94353],[135.72457,34.94375],[135.72446,34.94422],[135.72466,34.94456],[135.72432,34.94469],[135.72432,34.94483],[135.72437,34.94546],[135.72412,34.94576],[135.72305,34.94673],[135.72339,34.94768],[135.7223,34.94766],[135.72228,34.94824],[135.72233,34.94881],[135.72414,34.94876],[135.72416,34.94971],[135.72763,34.94967],[135.72771,34.95063],[135.72948,34.95063],[135.72971,34.95097],[135.73064,34.9505],[135.7328,34.95154],[135.73418,34.94963],[135.73506,34.94819],[135.73666,34.94535],[135.73675,34.9445],[135.7368,34.94407],[135.73746,34.94179],[135.7392,34.94234],[135.73961,34.94369],[135.7402,34.94361],[135.74006,34.94421],[135.74128,34.94435],[135.74053,34.9457],[135.74038,34.94684],[135.74084,34.94834],[135.74156,34.94928],[135.74189,34.94995],[135.74216,34.95076],[135.74227,34.9513],[135.74207,34.95293],[135.74241,34.95364],[135.74281,34.95405],[135.74305,34.95379],[135.7436,34.95356],[135.74551,34.95357],[135.74552,34.95393],[135.7456,34.95541],[135.74694,34.95569],[135.74865,34.95678],[135.74875,34.95763],[135.7492,34.95836],[135.75131,34.96015],[135.75183,34.96089],[135.75206,34.96084],[135.75213,34.9614],[135.75258,34.96173],[135.75202,34.96303],[135.75206,34.96427],[135.75206,34.96435],[135.75198,34.96444],[135.75196,34.96447],[135.75201,34.96583],[135.75202,34.96626],[135.75204,34.96721],[135.75211,34.96725],[135.7532,34.96712],[135.75476,34.96713],[135.75482,34.96734],[135.75696,34.96728],[135.75836,34.96722],[135.75963,34.96717],[135.76039,34.96803],[135.7605,34.96815],[135.76273,34.97082],[135.76406,34.97216],[135.76473,34.97318],[135.76507,34.97357],[135.76569,34.97424],[135.76677,34.97553],[135.76757,34.97669],[135.76768,34.9771],[135.76776,34.97793],[135.76763,34.97899],[135.76752,34.98034],[135.76767,34.98122],[135.76793,34.98204],[135.76684,34.98202],[135.76684,34.98395],[135.76658,34.98409],[135.76627,34.9841],[135.76586,34.98417],[135.76517,34.98432],[135.76505,34.98434],[135.76432,34.98437],[135.76272,34.98443],[135.76115,34.98438],[135.76,34.98431],[135.75976,34.98429],[135.75968,34.98429],[135.75824,34.98431],[135.7582,34.98433],[135.75755,34.98441],[135.75677,34.98441],[135.75677,34.98478],[135.75528,34.98495],[135.75512,34.98502],[135.75362,34.98528],[135.75347,34.98527],[135.75333,34.98527],[135.75225,34.98525],[135.75114,34.98523],[135.75075,34.98522],[135.75036,34.98522],[135.75012,34.98522],[135.74983,34.98521],[135.74976,34.98521],[135.74903,34.9852],[135.74885,34.9852],[135.74766,34.98517]],[[135.74255,34.97334],[135.74236,34.97449],[135.74248,34.97449],[135.74255,34.97334]],[[135.72007,34.9849],[135.72059,34.9849],[135.72101,34.98489],[135.72007,34.9849]],[[135.74976,34.98492],[135.74983,34.98437],[135.74977,34.98439],[135.74976,34.98492]],[[135.74983,34.98437],[135.75027,34.98429],[135.74983,34.98431],[135.74983,34.98437]],[[135.75122,34.98452],[135.75082,34.98429],[135.75082,34.98452],[135.75122,34.98452]],[[135.75232,34.98453],[135.75371,34.98444],[135.75233,34.98442],[135.75232,34.98453]],[[135.7508,34.98062],[135.75041,34.98062],[135.7508,34.98102],[135.7508,34.98062]],[[135.75215,34.98031],[135.75243,34.98023],[135.75219,34.98025],[135.75215,34.98031]],[[135.75374,34.97941],[135.7555,34.97943],[135.75507,34.97942],[135.75374,34.97941]],[[135.75594,34.98081],[135.7568,34.98076],[135.75678,34.98066],[135.75594,34.98081]],[[135.75217,34.96929],[135.75223,34.97126],[135.7522,34.96976],[135.75217,34.96929]],[[135.74673,34.95952],[135.74696,34.95933],[135.74624,34.95943],[135.74673,34.95952]],[[135.73826,34.95836],[135.73811,34.95847],[135.73821,34.9585],[135.73826,34.95836]],[[135.73785,34.96429],[135.74002,34.96479],[135.7403,34.96478],[135.73785,34.96429]],[[135.73662,34.96487],[135.73615,34.96487],[135.73664,34.96487],[135.73834,34.96482],[135.73662,34.96487]],[[135.7395,34.94643],[135.73947,34.94637],[135.73865,34.94642],[135.7395,34.94643]],[[135.74051,34.96477],[135.74027,34.96573],[135.74042,34.96572],[135.74051,34.96477]],[[135.72284,34.96284],[135.72381,34.96151],[135.72523,34.95981],[135.72499,34.96005],[135.72345,34.96195],[135.72284,34.96284]],[[135.73103,34.96602],[135.73018,34.96604],[135.73019,34.96608],[135.73103,34.96602]],[[135.72435,34.96817],[135.72435,34.96853],[135.72462,34.9688],[135.72435,34.96817]],[[135.72648,34.96688],[135.72653,34.96618],[135.72646,34.96616],[135.72648,34.96688]],[[135.72388,34.96502],[135.72381,34.96487],[135.7238,34.96493],[135.72388,34.96502]],[[135.73012,34.96497],[135.72973,34.96497],[135.72808,34.96501],[135.73012,34.96497]],[[135.731,34.96388],[135.73123,34.96271],[135.73132,34.96219],[135.73113,34.96322],[135.731,34.96388]],[[135.72453,34.96394],[135.72427,34.96423],[135.72427,34.96424],[135.72453,34.96394]],[[135.72802,34.96238],[135.72839,34.96226],[135.72802,34.96227],[135.72802,34.96238]],[[135.73216,34.97069],[135.73125,34.97081],[135.73164,34.97079],[135.73216,34.97069]],[[135.72917,34.9825],[135.72616,34.98096],[135.72774,34.98178],[135.72917,34.9825]],[[135.72321,34.97958],[135.72376,34.9788],[135.72357,34.97906],[135.72303,34.97983],[135.72321,34.97958]],[[135.72303,34.97983],[135.72264,34.98038],[135.72253,34.98054],[135.72303,34.97983]],[[135.72219,34.97586],[135.72217,34.97589],[135.72478,34.97728],[135.72219,34.97586]],[[135.71951,34.98022],[135.71945,34.98037],[135.72027,34.98077],[135.71951,34.98022]]],[[[135.74885,34.9852],[135.74886,34.98435],[135.74886,34.98446],[135.74885,34.9852]]],[[[135.7263,34.95852],[135.72644,34.95838],[135.7274,34.95743],[135.7263,34.95852]]],[[[135.73647,34.97334],[135.73631,34.97355],[135.73604,34.9739],[135.73647,34.97334]]]]}},{"type":"Feature","properties":{"nm":"京都市右京区","b":[135.5591,34.9794,135.7752,35.2677],"c":[135.66508,35.14894]},"geometry":{"type":"MultiPolygon","coordinates":[[[[135.69616,35.01421],[135.69619,35.01421],[135.69557,35.01422],[135.69616,35.01421]]],[[[135.72552,35.02228],[135.72548,35.02485],[135.72506,35.02525],[135.72506,35.02578],[135.72447,35.02577],[135.72398,35.02536],[135.724,35.02596],[135.72305,35.02595],[135.72338,35.027],[135.72295,35.0274],[135.72327,35.02776],[135.72216,35.02783],[135.72202,35.02932],[135.72199,35.02986],[135.72195,35.03045],[135.72202,35.03175],[135.72206,35.033],[135.72142,35.03309],[135.72139,35.03339],[135.72193,35.03502],[135.72199,35.03572],[135.72076,35.03618],[135.72039,35.0364],[135.72008,35.03659],[135.72002,35.03658],[135.7199,35.03659],[135.71974,35.03666],[135.71961,35.03741],[135.71842,35.03781],[135.718,35.03808],[135.71695,35.03852],[135.71689,35.0387],[135.71687,35.03875],[135.71686,35.03951],[135.71651,35.03949],[135.7162,35.03951],[135.71593,35.03958],[135.71602,35.03956],[135.71596,35.03968],[135.71564,35.03992],[135.71533,35.04026],[135.71492,35.04174],[135.715,35.0426],[135.71469,35.04295],[135.71412,35.04281],[135.71352,35.04278],[135.71321,35.04247],[135.71315,35.04228],[135.71275,35.0421],[135.71197,35.04202],[135.71104,35.04172],[135.71068,35.04197],[135.71103,35.04248],[135.71139,35.04454],[135.71161,35.04526],[135.71174,35.04416],[135.71226,35.04375],[135.71235,35.04423],[135.71244,35.04459],[135.71271,35.04539],[135.71352,35.04565],[135.71304,35.04583],[135.71363,35.04661],[135.71383,35.04672],[135.71383,35.04689],[135.71387,35.04718],[135.71366,35.04771],[135.71398,35.04939],[135.71407,35.04965],[135.71414,35.04978],[135.71422,35.05001],[135.7141,35.05048],[135.71382,35.05188],[135.71399,35.05238],[135.71406,35.05277],[135.71411,35.05309],[135.71415,35.05346],[135.71362,35.05341],[135.71292,35.0533],[135.71266,35.05311],[135.7119,35.05238],[135.71059,35.05237],[135.71003,35.05296],[135.70901,35.05318],[135.70887,35.05368],[135.70907,35.05435],[135.709,35.05469],[135.70891,35.05521],[135.70901,35.05577],[135.70932,35.0567],[135.7098,35.05723],[135.71053,35.05862],[135.71089,35.05975],[135.71086,35.06085],[135.71056,35.06137],[135.71018,35.06111],[135.71014,35.06092],[135.70986,35.06059],[135.70908,35.06028],[135.7081,35.06082],[135.70713,35.06184],[135.70669,35.06199],[135.7057,35.06191],[135.70547,35.06191],[135.70453,35.06298],[135.70352,35.06364],[135.70354,35.06443],[135.7037,35.06536],[135.70368,35.06585],[135.70317,35.06621],[135.70308,35.06667],[135.70228,35.06666],[135.702,35.06728],[135.70056,35.0684],[135.70057,35.06882],[135.70056,35.0691],[135.70047,35.06922],[135.69989,35.06939],[135.69952,35.06951],[135.69904,35.06988],[135.69871,35.06989],[135.69844,35.06994],[135.69796,35.06972],[135.6973,35.06956],[135.69668,35.06973],[135.69646,35.06942],[135.69581,35.06771],[135.69581,35.0671],[135.69555,35.06624],[135.6949,35.06618],[135.69464,35.0664],[135.69403,35.06793],[135.69341,35.06847],[135.69455,35.07004],[135.69496,35.07121],[135.69408,35.072],[135.69362,35.07316],[135.69305,35.07386],[135.6927,35.07481],[135.69202,35.07569],[135.69124,35.07776],[135.69136,35.07824],[135.69102,35.07882],[135.69068,35.07913],[135.69055,35.07955],[135.68995,35.08028],[135.68954,35.08046],[135.68903,35.08056],[135.68837,35.08157],[135.68814,35.0817],[135.68727,35.08107],[135.68665,35.08036],[135.68651,35.07904],[135.68557,35.07831],[135.68517,35.07683],[135.68488,35.0765],[135.68384,35.07594],[135.68295,35.07683],[135.6821,35.07726],[135.6784,35.07846],[135.67754,35.07869],[135.67655,35.07914],[135.67588,35.07945],[135.67378,35.07948],[135.67376,35.081],[135.67425,35.08146],[135.67575,35.08245],[135.67652,35.08266],[135.67649,35.0837],[135.675,35.08358],[135.67442,35.08404],[135.67525,35.08495],[135.67606,35.08643],[135.67503,35.08701],[135.67394,35.08684],[135.67399,35.08701],[135.67294,35.08723],[135.6704,35.08412],[135.66978,35.08409],[135.66836,35.08438],[135.66813,35.08492],[135.66818,35.08576],[135.66748,35.08661],[135.66794,35.08825],[135.66787,35.089],[135.66675,35.08987],[135.66739,35.09123],[135.66668,35.09212],[135.6673,35.09328],[135.66755,35.09457],[135.66543,35.09495],[135.66692,35.09621],[135.66506,35.09764],[135.66462,35.09805],[135.66388,35.09827],[135.66325,35.09793],[135.66285,35.09697],[135.66272,35.0961],[135.66201,35.09544],[135.66134,35.09413],[135.66079,35.09369],[135.65932,35.09312],[135.65909,35.09239],[135.65767,35.09218],[135.65668,35.09132],[135.6562,35.09071],[135.65553,35.09123],[135.65539,35.09179],[135.65436,35.09239],[135.65363,35.09349],[135.65254,35.09484],[135.65262,35.09607],[135.65215,35.09682],[135.65208,35.09773],[135.65141,35.0985],[135.65086,35.10051],[135.65008,35.10171],[135.65032,35.10242],[135.65076,35.10282],[135.65189,35.10307],[135.65288,35.10408],[135.65316,35.10479],[135.65412,35.10586],[135.65355,35.10665],[135.65432,35.10784],[135.65461,35.10863],[135.65449,35.10897],[135.65263,35.10929],[135.65148,35.10928],[135.65147,35.10967],[135.65055,35.1097],[135.65015,35.10996],[135.64972,35.10972],[135.64902,35.10995],[135.64802,35.112],[135.64809,35.11311],[135.64918,35.11442],[135.64807,35.11607],[135.64778,35.11707],[135.64719,35.11759],[135.64916,35.11857],[135.64978,35.11773],[135.64995,35.11705],[135.65076,35.11607],[135.65236,35.11537],[135.65262,35.11494],[135.65339,35.11496],[135.65413,35.11469],[135.65572,35.11694],[135.65668,35.11787],[135.65833,35.1167],[135.65882,35.11664],[135.65987,35.11601],[135.66088,35.11653],[135.6626,35.11781],[135.66324,35.118],[135.66341,35.11834],[135.66453,35.11902],[135.66453,35.11979],[135.66492,35.12059],[135.66569,35.12112],[135.66764,35.12143],[135.66869,35.12254],[135.67017,35.1229],[135.67048,35.1245],[135.67044,35.12544],[135.67097,35.12641],[135.67224,35.12672],[135.67223,35.1273],[135.67279,35.12779],[135.67313,35.12834],[135.67317,35.12838],[135.67353,35.12936],[135.67421,35.12985],[135.67443,35.13066],[135.6743,35.13091],[135.67399,35.13129],[135.67453,35.13204],[135.67495,35.13271],[135.67534,35.1336],[135.67555,35.13418],[135.67529,35.13461],[135.67531,35.13556],[135.6758,35.13696],[135.67558,35.13761],[135.67406,35.13835],[135.674,35.13873],[135.67301,35.13993],[135.67297,35.14085],[135.67232,35.14158],[135.6725,35.14289],[135.67287,35.14408],[135.67237,35.14486],[135.67257,35.14555],[135.67369,35.14669],[135.67326,35.14912],[135.67271,35.14942],[135.67291,35.15087],[135.67255,35.15183],[135.67298,35.15466],[135.67339,35.15548],[135.67333,35.15606],[135.67276,35.15713],[135.67256,35.15779],[135.67181,35.15756],[135.67255,35.15787],[135.67291,35.15868],[135.67334,35.15906],[135.67407,35.15944],[135.6745,35.16032],[135.6746,35.16097],[135.67474,35.16184],[135.67473,35.16216],[135.6744,35.16279],[135.67455,35.16342],[135.6748,35.16416],[135.67588,35.1653],[135.6759,35.16604],[135.6761,35.16619],[135.67712,35.1661],[135.67927,35.16706],[135.67954,35.16704],[135.68116,35.16607],[135.68161,35.16587],[135.68322,35.1657],[135.68427,35.1657],[135.68501,35.16577],[135.68541,35.166],[135.68578,35.16667],[135.68618,35.16698],[135.68656,35.16774],[135.68666,35.16781],[135.6871,35.16783],[135.68926,35.16656],[135.68963,35.16631],[135.69097,35.16623],[135.6923,35.16632],[135.69298,35.16642],[135.69398,35.16655],[135.69458,35.16623],[135.69551,35.16634],[135.69684,35.16579],[135.69715,35.16577],[135.69837,35.16599],[135.69951,35.16569],[135.70037,35.16502],[135.70155,35.16553],[135.70296,35.16568],[135.70373,35.16546],[135.70493,35.16593],[135.70628,35.16584],[135.70913,35.16428],[135.70968,35.16409],[135.71064,35.16451],[135.71263,35.16625],[135.71303,35.16679],[135.71301,35.16744],[135.71341,35.16828],[135.71376,35.16876],[135.71563,35.16857],[135.71635,35.16896],[135.71911,35.16861],[135.71969,35.16826],[135.72026,35.16827],[135.72022,35.16878],[135.72041,35.16938],[135.72088,35.16988],[135.72194,35.17015],[135.72256,35.17008],[135.72337,35.17081],[135.72378,35.17099],[135.72398,35.17163],[135.7244,35.17144],[135.72545,35.17099],[135.72635,35.1711],[135.72703,35.17048],[135.72768,35.17026],[135.7286,35.17095],[135.73091,35.16974],[135.7306,35.16863],[135.73081,35.1679],[135.73135,35.16761],[135.73147,35.16687],[135.73209,35.16634],[135.73227,35.16564],[135.73288,35.16533],[135.73321,35.16482],[135.73346,35.163],[135.73435,35.16192],[135.73512,35.16149],[135.73552,35.16102],[135.73612,35.1609],[135.73741,35.16099],[135.73821,35.16055],[135.73936,35.1596],[135.7416,35.15827],[135.74216,35.15736],[135.742,35.1566],[135.74329,35.15525],[135.74342,35.15467],[135.74361,35.15264],[135.74387,35.15246],[135.74467,35.15011],[135.74516,35.1498],[135.74711,35.14993],[135.7487,35.14941],[135.74915,35.14956],[135.75016,35.14941],[135.75105,35.14906],[135.75122,35.14837],[135.7516,35.14789],[135.7525,35.14723],[135.75305,35.14703],[135.75372,35.14766],[135.7543,35.14786],[135.75475,35.14759],[135.75658,35.14851],[135.75695,35.14825],[135.75713,35.1487],[135.75807,35.14945],[135.75864,35.14981],[135.75892,35.15036],[135.75974,35.15049],[135.76008,35.15079],[135.76105,35.15046],[135.76148,35.15054],[135.76233,35.15137],[135.76279,35.15124],[135.76358,35.15089],[135.76465,35.1518],[135.76609,35.15075],[135.76707,35.15102],[135.76804,35.15172],[135.76844,35.15248],[135.76907,35.15325],[135.76968,35.15376],[135.77121,35.15439],[135.77182,35.15494],[135.77233,35.15599],[135.77312,35.15716],[135.77312,35.1577],[135.77277,35.15954],[135.77193,35.16006],[135.77163,35.16104],[135.77163,35.16175],[135.77122,35.16265],[135.77075,35.16379],[135.77032,35.16676],[135.77008,35.16715],[135.77031,35.16824],[135.77006,35.16873],[135.77047,35.16922],[135.77057,35.16943],[135.77012,35.17098],[135.77062,35.17123],[135.77099,35.17214],[135.77073,35.17293],[135.77123,35.17315],[135.77187,35.17391],[135.77308,35.17463],[135.77278,35.17549],[135.7734,35.17612],[135.77399,35.17658],[135.77442,35.17734],[135.77501,35.17825],[135.7752,35.17878],[135.77471,35.17944],[135.77406,35.17966],[135.77317,35.18039],[135.77251,35.18125],[135.77215,35.18128],[135.77224,35.18178],[135.77053,35.18306],[135.76971,35.18337],[135.76938,35.18429],[135.76959,35.18495],[135.76932,35.18536],[135.7697,35.18591],[135.7692,35.18695],[135.76867,35.18697],[135.76796,35.18818],[135.76693,35.18842],[135.7664,35.18873],[135.76511,35.18875],[135.76463,35.1895],[135.76437,35.19097],[135.76375,35.1916],[135.76236,35.19186],[135.76163,35.19218],[135.7593,35.19401],[135.75779,35.19553],[135.75656,35.19635],[135.75599,35.19823],[135.75584,35.19917],[135.75543,35.1998],[135.75519,35.20103],[135.75348,35.20252],[135.75357,35.20332],[135.7534,35.2037],[135.7536,35.20416],[135.75324,35.20505],[135.75377,35.20578],[135.75453,35.20745],[135.75632,35.20895],[135.7569,35.21011],[135.75805,35.21169],[135.75925,35.21265],[135.75972,35.21364],[135.76102,35.21423],[135.76266,35.21418],[135.76245,35.21486],[135.76233,35.21628],[135.76183,35.2173],[135.76186,35.21822],[135.76227,35.21889],[135.76244,35.21998],[135.76308,35.22119],[135.76299,35.22232],[135.76258,35.22273],[135.76252,35.22442],[135.76207,35.225],[135.76114,35.22544],[135.76111,35.2259],[135.7606,35.2267],[135.75964,35.22662],[135.7606,35.22686],[135.76086,35.22846],[135.76145,35.22962],[135.76115,35.23061],[135.76121,35.23131],[135.76118,35.23331],[135.76044,35.23466],[135.75979,35.23486],[135.75881,35.23655],[135.75836,35.23688],[135.7578,35.23816],[135.75691,35.23985],[135.75656,35.24081],[135.75594,35.24154],[135.75466,35.24479],[135.754,35.24527],[135.75323,35.24532],[135.75207,35.24524],[135.75169,35.24495],[135.75116,35.24433],[135.74978,35.24407],[135.7486,35.24447],[135.74775,35.24494],[135.74669,35.24472],[135.74595,35.24461],[135.74438,35.24375],[135.74246,35.24302],[135.74026,35.24301],[135.73962,35.24323],[135.7389,35.24434],[135.73856,35.24467],[135.7372,35.24501],[135.73644,35.24493],[135.73511,35.2449],[135.73392,35.2453],[135.7334,35.24577],[135.73185,35.24836],[135.72972,35.2492],[135.72831,35.24993],[135.72833,35.25028],[135.72885,35.25127],[135.73006,35.25228],[135.73052,35.25319],[135.73087,35.25329],[135.73128,35.25396],[135.73229,35.25479],[135.73276,35.25487],[135.73296,35.25532],[135.73199,35.25655],[135.73135,35.25772],[135.7312,35.25861],[135.73149,35.25936],[135.73127,35.26005],[135.73119,35.26135],[135.73138,35.26222],[135.73176,35.26299],[135.73204,35.2635],[135.73226,35.26466],[135.7322,35.26601],[135.73178,35.26618],[135.73054,35.26609],[135.72943,35.26653],[135.72839,35.26744],[135.72726,35.26772],[135.72651,35.26634],[135.72574,35.26573],[135.72509,35.26553],[135.72432,35.26557],[135.72356,35.2656],[135.72225,35.2659],[135.7216,35.26588],[135.71986,35.26518],[135.71896,35.26513],[135.71779,35.2655],[135.71743,35.26534],[135.71691,35.26462],[135.71644,35.26458],[135.7154,35.26364],[135.71497,35.26309],[135.71413,35.26291],[135.71385,35.26257],[135.71385,35.26243],[135.71338,35.26191],[135.71291,35.26179],[135.71216,35.26111],[135.71035,35.26072],[135.70879,35.26071],[135.70753,35.26131],[135.70715,35.26135],[135.70647,35.26024],[135.70523,35.25866],[135.70432,35.25791],[135.70311,35.25724],[135.70192,35.25701],[135.70115,35.25714],[135.70019,35.25746],[135.69948,35.25791],[135.6973,35.25721],[135.69579,35.25726],[135.69497,35.25672],[135.6932,35.25587],[135.69222,35.25569],[135.69137,35.25601],[135.6904,35.25621],[135.69013,35.25535],[135.6895,35.25515],[135.68692,35.25596],[135.68642,35.25619],[135.68565,35.25738],[135.68497,35.25781],[135.68409,35.25788],[135.68203,35.25748],[135.68137,35.25705],[135.68132,35.25694],[135.68084,35.25678],[135.6803,35.25703],[135.67992,35.25698],[135.67923,35.25671],[135.6787,35.25701],[135.67758,35.25703],[135.67655,35.2569],[135.6762,35.25703],[135.67549,35.25811],[135.6746,35.2583],[135.67405,35.25818],[135.67283,35.25821],[135.67047,35.25901],[135.66992,35.25909],[135.66909,35.25857],[135.66841,35.25868],[135.6673,35.25838],[135.66677,35.25841],[135.66636,35.25856],[135.66584,35.25913],[135.66516,35.2604],[135.66423,35.26053],[135.66354,35.26075],[135.66279,35.26042],[135.6615,35.26058],[135.66052,35.26029],[135.65992,35.26065],[135.65972,35.2615],[135.65923,35.26186],[135.65783,35.26216],[135.65689,35.26205],[135.65637,35.2623],[135.65605,35.26297],[135.65557,35.26333],[135.65506,35.26318],[135.65492,35.2628],[135.6548,35.26252],[135.65357,35.26178],[135.65313,35.26126],[135.65266,35.2612],[135.65211,35.26101],[135.65194,35.26063],[135.65192,35.25991],[135.65095,35.26005],[135.65057,35.26007],[135.64992,35.26047],[135.64848,35.25989],[135.64791,35.25987],[135.64664,35.25987],[135.64632,35.25969],[135.64491,35.25879],[135.64447,35.25773],[135.64433,35.25739],[135.64364,35.25715],[135.64105,35.25785],[135.64005,35.25803],[135.63931,35.2578],[135.6386,35.25704],[135.63808,35.25683],[135.63736,35.25637],[135.63673,35.25563],[135.63645,35.2551],[135.63648,35.25417],[135.63648,35.25319],[135.63617,35.25268],[135.6358,35.25233],[135.63463,35.25168],[135.63378,35.2509],[135.63133,35.24952],[135.63063,35.24861],[135.63023,35.24759],[135.63013,35.24731],[135.63023,35.24668],[135.63012,35.24651],[135.62925,35.24591],[135.62901,35.24495],[135.62926,35.24421],[135.62942,35.24296],[135.62931,35.24218],[135.62928,35.24161],[135.62881,35.24131],[135.62898,35.24064],[135.62873,35.24008],[135.6287,35.23921],[135.62958,35.23885],[135.62995,35.23808],[135.62976,35.23697],[135.62985,35.23616],[135.62975,35.23594],[135.62895,35.23574],[135.62761,35.23489],[135.62685,35.23457],[135.62587,35.2347],[135.62487,35.23422],[135.62453,35.23362],[135.62388,35.23332],[135.62186,35.23326],[135.62099,35.2332],[135.62005,35.23318],[135.61962,35.23192],[135.61951,35.23092],[135.61942,35.22656],[135.61936,35.22601],[135.61915,35.22551],[135.61887,35.2254],[135.61816,35.22585],[135.61735,35.2266],[135.61614,35.22674],[135.61411,35.22587],[135.61291,35.22566],[135.61243,35.22588],[135.61256,35.22741],[135.61157,35.2278],[135.61109,35.22852],[135.60972,35.22851],[135.607,35.22757],[135.60597,35.22745],[135.60565,35.22708],[135.6041,35.22653],[135.60367,35.22613],[135.60206,35.22527],[135.60001,35.22528],[135.59896,35.22501],[135.59811,35.22425],[135.59746,35.22398],[135.59689,35.22314],[135.59596,35.22232],[135.59557,35.2212],[135.59394,35.22097],[135.59254,35.22103],[135.59008,35.2196],[135.58968,35.2191],[135.58991,35.21802],[135.58975,35.2168],[135.59,35.21652],[135.59041,35.21629],[135.59088,35.21589],[135.59207,35.2139],[135.59114,35.21371],[135.59128,35.21336],[135.59133,35.2132],[135.59335,35.2129],[135.59444,35.21216],[135.59518,35.21223],[135.59628,35.21225],[135.59679,35.21211],[135.59723,35.21105],[135.59723,35.21019],[135.59698,35.20918],[135.59681,35.20871],[135.59625,35.20788],[135.59621,35.20742],[135.59674,35.20447],[135.59664,35.20323],[135.59614,35.20175],[135.59475,35.20083],[135.59403,35.2008],[135.59333,35.20023],[135.59251,35.19923],[135.59224,35.19863],[135.59296,35.19761],[135.59283,35.19745],[135.59161,35.19661],[135.5914,35.19613],[135.59113,35.19502],[135.59063,35.19484],[135.59,35.19402],[135.58854,35.19324],[135.58836,35.19253],[135.58804,35.19189],[135.5874,35.19087],[135.58705,35.19076],[135.58619,35.19071],[135.58536,35.19005],[135.58432,35.18967],[135.58359,35.18885],[135.58238,35.18734],[135.58238,35.18721],[135.58294,35.18557],[135.58288,35.18522],[135.58163,35.18475],[135.58101,35.18309],[135.58023,35.18216],[135.5799,35.1818],[135.57874,35.18055],[135.57855,35.18015],[135.57805,35.1798],[135.57742,35.1795],[135.5762,35.17908],[135.57613,35.1786],[135.57641,35.1775],[135.57615,35.17624],[135.57605,35.17608],[135.57532,35.1749],[135.57497,35.17445],[135.57464,35.17407],[135.57475,35.17326],[135.57485,35.17252],[135.57375,35.17156],[135.57343,35.17088],[135.57413,35.17061],[135.57424,35.17026],[135.57398,35.16889],[135.57358,35.16856],[135.57259,35.16799],[135.57231,35.16736],[135.57258,35.16643],[135.57244,35.16578],[135.57131,35.16567],[135.57084,35.16594],[135.5704,35.16598],[135.56889,35.16426],[135.56836,35.16335],[135.56821,35.16173],[135.56785,35.1614],[135.56733,35.16102],[135.56555,35.16062],[135.56454,35.15961],[135.56453,35.15832],[135.56392,35.15778],[135.56219,35.15677],[135.56149,35.15623],[135.56055,35.15508],[135.56068,35.15438],[135.56153,35.1534],[135.5608,35.15221],[135.56024,35.15008],[135.56029,35.14942],[135.56049,35.14922],[135.56244,35.14813],[135.56227,35.14724],[135.56219,35.14634],[135.56172,35.14389],[135.56122,35.1429],[135.5603,35.14225],[135.56005,35.14165],[135.55985,35.14046],[135.55994,35.13958],[135.55958,35.13803],[135.55915,35.13722],[135.55917,35.13677],[135.55958,35.13625],[135.56142,35.1347],[135.5616,35.13425],[135.56143,35.13276],[135.56152,35.13261],[135.56354,35.13133],[135.56469,35.13045],[135.5653,35.12975],[135.5659,35.12892],[135.56664,35.1281],[135.56748,35.12781],[135.56836,35.12782],[135.56939,35.12849],[135.57065,35.13001],[135.57104,35.13093],[135.57145,35.13139],[135.57248,35.13171],[135.57398,35.13204],[135.57417,35.13208],[135.57459,35.13226],[135.57496,35.13249],[135.57535,35.13208],[135.57622,35.13058],[135.57779,35.12767],[135.58036,35.12837],[135.58203,35.12811],[135.58314,35.1277],[135.5836,35.12738],[135.58386,35.12736],[135.58482,35.1275],[135.58571,35.12744],[135.58597,35.12726],[135.58617,35.12705],[135.58715,35.12768],[135.58807,35.12757],[135.5893,35.12767],[135.59117,35.12854],[135.59198,35.12901],[135.59567,35.12884],[135.59661,35.12766],[135.59666,35.12694],[135.59728,35.12612],[135.5965,35.12636],[135.59513,35.12634],[135.59388,35.12595],[135.5915,35.1247],[135.59063,35.12456],[135.59078,35.12382],[135.59127,35.12307],[135.59106,35.12159],[135.59157,35.12041],[135.59129,35.11929],[135.59199,35.11821],[135.59198,35.11705],[135.59271,35.11612],[135.59396,35.11374],[135.5948,35.11295],[135.59538,35.11267],[135.59556,35.11156],[135.59628,35.11082],[135.59739,35.1101],[135.59953,35.10998],[135.60032,35.11023],[135.6008,35.10996],[135.60222,35.11013],[135.60315,35.11135],[135.60409,35.11208],[135.60547,35.11008],[135.606,35.10974],[135.60806,35.10891],[135.60921,35.10866],[135.60966,35.1083],[135.60944,35.10678],[135.6098,35.10676],[135.61019,35.10618],[135.61108,35.10591],[135.61197,35.10494],[135.61359,35.10456],[135.61476,35.10474],[135.61596,35.10444],[135.61581,35.10291],[135.61591,35.10223],[135.61555,35.10151],[135.61642,35.10083],[135.61574,35.09926],[135.61444,35.09732],[135.61231,35.09614],[135.61136,35.09578],[135.60972,35.09495],[135.60784,35.09432],[135.60534,35.09273],[135.60489,35.09302],[135.60396,35.09438],[135.60233,35.09427],[135.60134,35.0946],[135.60056,35.09516],[135.59962,35.09459],[135.59811,35.09466],[135.59771,35.09437],[135.59797,35.09414],[135.59818,35.09297],[135.59812,35.09243],[135.59801,35.09205],[135.59799,35.092],[135.59771,35.09175],[135.597,35.09148],[135.59693,35.0914],[135.59684,35.09115],[135.59667,35.09086],[135.59578,35.08986],[135.59573,35.0898],[135.59558,35.08942],[135.59546,35.08912],[135.59538,35.08893],[135.59534,35.08888],[135.59517,35.08866],[135.59477,35.08834],[135.59427,35.08792],[135.59389,35.08764],[135.59369,35.08741],[135.59355,35.08716],[135.59369,35.08647],[135.59369,35.08616],[135.59334,35.08608],[135.59267,35.08551],[135.59253,35.08496],[135.59199,35.08459],[135.59197,35.08458],[135.59203,35.0842],[135.59192,35.08392],[135.59193,35.08382],[135.59246,35.08269],[135.59218,35.08219],[135.59186,35.08159],[135.59184,35.08088],[135.59193,35.08046],[135.59164,35.08008],[135.59207,35.0793],[135.59113,35.07864],[135.59105,35.07832],[135.59091,35.07801],[135.58998,35.07698],[135.59065,35.07599],[135.59114,35.07583],[135.59192,35.07521],[135.59237,35.07452],[135.59268,35.07422],[135.59427,35.07385],[135.59472,35.07337],[135.59522,35.07214],[135.59568,35.07182],[135.59598,35.07115],[135.5973,35.07111],[135.59929,35.0707],[135.59911,35.07016],[135.59939,35.0699],[135.60001,35.06976],[135.60006,35.06975],[135.60016,35.06966],[135.60051,35.06894],[135.60072,35.06852],[135.60082,35.06804],[135.60088,35.06754],[135.6009,35.06733],[135.6012,35.06686],[135.60198,35.06601],[135.60159,35.06443],[135.60216,35.06376],[135.60266,35.06267],[135.60291,35.06252],[135.60324,35.0626],[135.60395,35.06225],[135.60406,35.06218],[135.60416,35.06213],[135.60474,35.06196],[135.60492,35.06188],[135.60512,35.06172],[135.60603,35.0623],[135.60698,35.06306],[135.60748,35.06396],[135.60789,35.06424],[135.60812,35.06448],[135.60853,35.06637],[135.60883,35.06618],[135.61003,35.06593],[135.61086,35.066],[135.612,35.06579],[135.61273,35.06651],[135.61344,35.06686],[135.61442,35.06693],[135.61475,35.06716],[135.61621,35.06787],[135.61789,35.06857],[135.61909,35.06806],[135.61962,35.06683],[135.62166,35.06503],[135.62245,35.06427],[135.62143,35.06331],[135.62106,35.06239],[135.62085,35.06178],[135.61943,35.06117],[135.61919,35.06101],[135.61917,35.06083],[135.6192,35.06057],[135.61929,35.06007],[135.6188,35.05731],[135.6177,35.05611],[135.61727,35.05566],[135.61733,35.05447],[135.61788,35.05368],[135.61792,35.05305],[135.61793,35.05233],[135.61785,35.05119],[135.61789,35.05067],[135.61761,35.04983],[135.61795,35.04915],[135.61796,35.0486],[135.61792,35.04779],[135.61768,35.04716],[135.61759,35.04651],[135.61741,35.04609],[135.61755,35.04446],[135.61736,35.04415],[135.61706,35.04291],[135.61747,35.04203],[135.61784,35.04168],[135.6192,35.04058],[135.61975,35.0399],[135.62019,35.03971],[135.62096,35.03924],[135.62139,35.0385],[135.62154,35.03808],[135.62506,35.03822],[135.62509,35.03822],[135.62748,35.03785],[135.62817,35.03758],[135.62936,35.03704],[135.62927,35.03644],[135.62953,35.03469],[135.63004,35.03443],[135.63051,35.03398],[135.63166,35.03375],[135.63186,35.03338],[135.63284,35.03298],[135.63305,35.03241],[135.63391,35.03222],[135.63414,35.0314],[135.63507,35.03083],[135.63492,35.03038],[135.63535,35.0299],[135.63577,35.02921],[135.63617,35.0291],[135.63647,35.02839],[135.63799,35.02747],[135.6379,35.02723],[135.63819,35.02674],[135.63827,35.02591],[135.63797,35.02554],[135.63848,35.02522],[135.63908,35.02539],[135.63898,35.02493],[135.63883,35.02454],[135.63887,35.02428],[135.64002,35.02351],[135.64034,35.02366],[135.64217,35.02386],[135.6455,35.02598],[135.64635,35.02671],[135.64791,35.02746],[135.64924,35.02878],[135.65034,35.03025],[135.65083,35.03065],[135.65191,35.03024],[135.65262,35.02994],[135.65297,35.02971],[135.65326,35.0286],[135.65321,35.02796],[135.65332,35.02671],[135.65358,35.02588],[135.65425,35.02547],[135.65533,35.02446],[135.65553,35.02303],[135.65566,35.02219],[135.65616,35.0208],[135.65704,35.01939],[135.65717,35.01918],[135.65777,35.01842],[135.65834,35.01785],[135.65856,35.01772],[135.65921,35.0175],[135.66027,35.01758],[135.66196,35.01728],[135.663,35.01726],[135.66444,35.01723],[135.66502,35.01708],[135.66578,35.01707],[135.66595,35.01703],[135.66614,35.01696],[135.66663,35.01663],[135.6673,35.01639],[135.66799,35.0162],[135.6688,35.01565],[135.66971,35.01424],[135.67159,35.01304],[135.67307,35.01276],[135.67442,35.01273],[135.67597,35.01216],[135.67682,35.01178],[135.67772,35.01141],[135.6784,35.0114],[135.67952,35.01178],[135.68137,35.01271],[135.68208,35.01262],[135.68421,35.01202],[135.68616,35.01126],[135.68765,35.0103],[135.68818,35.00982],[135.68943,35.00808],[135.68955,35.00703],[135.68961,35.00625],[135.68965,35.00551],[135.68968,35.00506],[135.68976,35.00364],[135.68959,35.00287],[135.68966,35.00158],[135.68962,35.00044],[135.69001,34.99995],[135.69047,34.99939],[135.69177,34.99864],[135.69306,34.99806],[135.69442,34.99764],[135.69548,34.99754],[135.69667,34.99768],[135.69753,34.99803],[135.69775,34.99812],[135.69874,34.99878],[135.70105,34.99907],[135.70341,34.99918],[135.70459,34.99905],[135.70478,34.99898],[135.70522,34.9988],[135.70575,34.99857],[135.70682,34.99793],[135.70726,34.99753],[135.70763,34.99716],[135.70798,34.99676],[135.70891,34.99536],[135.7092,34.99469],[135.70951,34.99395],[135.70967,34.99357],[135.71037,34.99147],[135.71039,34.99081],[135.71073,34.98865],[135.7109,34.98832],[135.71211,34.98598],[135.71219,34.98584],[135.71275,34.98479],[135.71301,34.9842],[135.71318,34.98382],[135.7133,34.98359],[135.71389,34.98255],[135.71475,34.98098],[135.71504,34.98052],[135.71602,34.97944],[135.71592,34.97978],[135.71582,34.98012],[135.7159,34.98039],[135.71601,34.98059],[135.71597,34.98079],[135.71603,34.9811],[135.7162,34.98154],[135.71784,34.98175],[135.71755,34.98299],[135.71887,34.98318],[135.71876,34.98417],[135.72008,34.98414],[135.72008,34.9842],[135.72007,34.98482],[135.72007,34.9849],[135.72007,34.98502],[135.72027,34.98527],[135.72071,34.98551],[135.72146,34.9855],[135.72291,34.98585],[135.72415,34.98583],[135.72509,34.9858],[135.72586,34.98547],[135.72607,34.98547],[135.72657,34.98548],[135.72691,34.98551],[135.72723,34.98596],[135.72715,34.98774],[135.72741,34.98907],[135.72839,34.98908],[135.72872,34.98913],[135.72871,34.99025],[135.72865,34.99178],[135.72864,34.99214],[135.72863,34.9925],[135.72857,34.9938],[135.72928,34.99381],[135.73075,34.99383],[135.73189,34.99366],[135.73226,34.99396],[135.73306,34.99399],[135.73313,34.99564],[135.73313,34.99626],[135.73301,34.99671],[135.73304,34.99886],[135.73285,34.99902],[135.73281,34.99937],[135.73288,34.99956],[135.73306,35.00088],[135.73306,35.00096],[135.733,35.00275],[135.73291,35.00336],[135.73289,35.00356],[135.73282,35.00384],[135.73294,35.00386],[135.73294,35.00412],[135.73294,35.00413],[135.73287,35.00423],[135.73284,35.00423],[135.73284,35.00543],[135.73285,35.00599],[135.73284,35.00599],[135.73285,35.00599],[135.73282,35.00739],[135.73282,35.00757],[135.73282,35.00825],[135.73264,35.00844],[135.7319,35.00842],[135.73003,35.0084],[135.72787,35.00833],[135.72712,35.00834],[135.72568,35.00834],[135.72546,35.00834],[135.72411,35.00833],[135.72413,35.00953],[135.72414,35.00967],[135.72411,35.01021],[135.72419,35.01061],[135.72417,35.01088],[135.72422,35.01101],[135.72422,35.01179],[135.72421,35.01354],[135.72418,35.0136],[135.72421,35.01364],[135.72425,35.01502],[135.72412,35.01503],[135.72393,35.01497],[135.72412,35.01507],[135.72419,35.01591],[135.72553,35.01592],[135.72555,35.01615],[135.72559,35.0173],[135.72558,35.01851],[135.72556,35.01981],[135.72558,35.02108],[135.72581,35.02108],[135.72649,35.02109],[135.72692,35.02109],[135.72694,35.0223],[135.72552,35.02228]],[[135.70913,35.01794],[135.70914,35.01809],[135.70966,35.01813],[135.70913,35.01794]],[[135.71255,35.01787],[135.71176,35.01816],[135.71207,35.0181],[135.71255,35.01787]],[[135.71255,35.01787],[135.71409,35.01814],[135.71271,35.01782],[135.71255,35.01787]],[[135.71489,35.00669],[135.7149,35.00664],[135.71458,35.00669],[135.71489,35.00669]],[[135.71516,35.00563],[135.71502,35.00476],[135.71514,35.0057],[135.71516,35.00563]],[[135.70505,35.01044],[135.70497,35.01046],[135.70498,35.01078],[135.70505,35.01044]],[[135.71332,35.00467],[135.71319,35.00454],[135.71281,35.00446],[135.71332,35.00467]],[[135.70638,35.00571],[135.70627,35.00573],[135.70639,35.00573],[135.7065,35.00568],[135.70638,35.00571]],[[135.70561,35.00685],[135.70502,35.00734],[135.70533,35.00717],[135.70561,35.00685]],[[135.70411,35.00812],[135.70411,35.00815],[135.70428,35.00803],[135.70411,35.00812]],[[135.69364,35.0127],[135.69417,35.01271],[135.69276,35.01257],[135.6927,35.01265],[135.69364,35.0127]],[[135.69528,35.01047],[135.69551,35.01019],[135.6952,35.01046],[135.69528,35.01047]],[[135.69262,35.00867],[135.69244,35.00822],[135.69233,35.00865],[135.69262,35.00867]],[[135.69633,35.00796],[135.69541,35.00802],[135.69624,35.00804],[135.69633,35.00796]],[[135.70263,35.01923],[135.70298,35.01923],[135.70333,35.01921],[135.70263,35.01923]],[[135.70765,35.01838],[135.70784,35.01836],[135.70762,35.01812],[135.70765,35.01838]],[[135.70188,35.02178],[135.70128,35.0218],[135.70198,35.02187],[135.70188,35.02178]],[[135.70193,35.02268],[135.70319,35.02283],[135.70281,35.02277],[135.70193,35.02268]],[[135.6975,35.02286],[135.69749,35.02289],[135.69792,35.02283],[135.6975,35.02286]],[[135.6946,35.0238],[135.69449,35.02403],[135.69461,35.0238],[135.6946,35.0238]],[[135.69607,35.02455],[135.69635,35.02476],[135.69619,35.02457],[135.69607,35.02455]],[[135.70445,35.02095],[135.70479,35.02131],[135.70474,35.0209],[135.70445,35.02095]],[[135.70567,35.02162],[135.70589,35.02107],[135.70557,35.02114],[135.70567,35.02162]],[[135.71233,35.02119],[135.71228,35.02138],[135.71254,35.02067],[135.71233,35.02119]],[[135.71395,35.01883],[135.71445,35.01897],[135.71396,35.01879],[135.71395,35.01883]],[[135.72871,34.99025],[135.72833,34.99027],[135.72834,34.99055],[135.72871,34.99025]],[[135.72292,35.02292],[135.72239,35.02208],[135.7228,35.02313],[135.72292,35.02292]],[[135.71555,35.02003],[135.71525,35.02006],[135.71564,35.02027],[135.71555,35.02003]],[[135.71862,35.01647],[135.71891,35.01588],[135.71865,35.01589],[135.71862,35.01647]],[[135.72103,35.00827],[135.71986,35.00826],[135.72176,35.00828],[135.72103,35.00827]],[[135.72121,35.00594],[135.72109,35.00594],[135.721,35.00685],[135.72121,35.00594]],[[135.73189,35.00417],[135.73196,35.00357],[135.73189,35.00357],[135.73189,35.00417]],[[135.72857,35.00393],[135.72839,35.00394],[135.72857,35.0041],[135.72857,35.00393]],[[135.72858,35.00493],[135.72781,35.00497],[135.72823,35.00495],[135.72858,35.00493]],[[135.7283,35.00204],[135.72852,35.0023],[135.7283,35.00128],[135.7283,35.00204]],[[135.72003,34.9999],[135.71957,34.99966],[135.71957,34.99991],[135.72003,34.9999]],[[135.72832,34.99613],[135.72807,34.99609],[135.72822,34.99613],[135.72832,34.99613]],[[135.72824,34.99428],[135.72799,34.99397],[135.72791,34.99428],[135.72824,34.99428]],[[135.72261,34.9955],[135.72284,34.99602],[135.72317,34.99603],[135.72261,34.9955]],[[135.7227,34.99142],[135.72239,34.99141],[135.72268,34.99192],[135.7227,34.99142]],[[135.72647,34.99033],[135.72646,34.99023],[135.7264,34.99023],[135.72647,34.99033]],[[135.7231,34.98898],[135.72307,34.98869],[135.72302,34.98898],[135.7231,34.98898]],[[135.72127,34.98872],[135.72127,34.989],[135.72173,34.989],[135.72127,34.98872]],[[135.71949,34.98934],[135.7197,34.9896],[135.7202,34.98951],[135.71949,34.98934]],[[135.71918,34.98466],[135.71871,34.98466],[135.71865,34.98488],[135.71918,34.98466]],[[135.71731,34.99113],[135.71728,34.9914],[135.71729,34.99156],[135.71731,34.99113]],[[135.7161,34.98659],[135.71546,34.98618],[135.71523,34.98617],[135.7161,34.98659]],[[135.71385,34.98676],[135.71386,34.98759],[135.71392,34.98712],[135.71385,34.98676]],[[135.71688,34.98635],[135.71705,34.98596],[135.71712,34.98576],[135.71688,34.98635]],[[135.71381,34.98768],[135.71357,34.98767],[135.71342,34.98787],[135.71381,34.98768]],[[135.71321,34.98888],[135.71306,34.98921],[135.71294,34.98953],[135.71321,34.98888]],[[135.71492,34.9844],[135.71445,34.9852],[135.71477,34.98466],[135.71492,34.9844]],[[135.71638,34.99133],[135.71645,34.99119],[135.71626,34.99135],[135.71638,34.99133]],[[135.71335,34.98629],[135.71321,34.98695],[135.71342,34.98647],[135.71335,34.98629]],[[135.71247,34.99067],[135.71202,34.99064],[135.71198,34.99088],[135.71247,34.99067]],[[135.70001,35.00342],[135.70015,35.00344],[135.7,35.003],[135.70001,35.00342]],[[135.70987,35.00371],[135.71308,35.00368],[135.71145,35.00366],[135.70987,35.00371]],[[135.68946,35.0136],[135.6894,35.01347],[135.68895,35.01377],[135.68946,35.0136]],[[135.68679,35.01823],[135.68698,35.01832],[135.68717,35.01817],[135.68679,35.01823]],[[135.69443,35.02236],[135.69425,35.02249],[135.69409,35.02264],[135.69443,35.02236]],[[135.69429,35.02447],[135.69433,35.02459],[135.69441,35.02455],[135.69429,35.02447]],[[135.68337,35.02098],[135.68324,35.02107],[135.68341,35.02114],[135.68337,35.02098]],[[135.68858,35.01909],[135.68853,35.01903],[135.68781,35.01893],[135.68858,35.01909]],[[135.68242,35.02417],[135.6823,35.02455],[135.68152,35.02423],[135.68255,35.02467],[135.68242,35.02417]],[[135.67268,35.01983],[135.67304,35.01936],[135.67237,35.02016],[135.67268,35.01983]],[[135.67184,35.02134],[135.67092,35.02108],[135.67177,35.02148],[135.67184,35.02134]],[[135.66929,35.02038],[135.66914,35.02036],[135.66906,35.02041],[135.66929,35.02038]],[[135.67279,35.0302],[135.67285,35.03016],[135.673,35.02997],[135.67279,35.0302]],[[135.6739,35.02867],[135.67427,35.02833],[135.67442,35.02817],[135.6739,35.02867]],[[135.67973,35.02726],[135.68001,35.02729],[135.67987,35.02727],[135.67973,35.02726]],[[135.68547,35.02789],[135.68498,35.02814],[135.68522,35.02803],[135.68547,35.02789]],[[135.68199,35.03003],[135.68164,35.02981],[135.68161,35.03004],[135.68199,35.03003]],[[135.67851,35.03099],[135.67849,35.03251],[135.67852,35.03104],[135.67851,35.03099]],[[135.68384,35.03311],[135.68387,35.03324],[135.68391,35.03296],[135.68384,35.03311]],[[135.67609,35.03061],[135.67592,35.03113],[135.67612,35.03112],[135.67632,35.03272],[135.67609,35.03061]],[[135.67454,35.02974],[135.67453,35.03009],[135.67496,35.03028],[135.67454,35.02974]],[[135.68619,35.03532],[135.68684,35.03537],[135.68692,35.03529],[135.68619,35.03532]],[[135.6594,35.04635],[135.65969,35.04679],[135.66008,35.0472],[135.6594,35.04635]],[[135.66216,35.04999],[135.66364,35.04969],[135.66275,35.04982],[135.66216,35.04999]],[[135.65064,35.03751],[135.65123,35.03696],[135.65044,35.03769],[135.65064,35.03751]],[[135.66981,35.0196],[135.66953,35.01938],[135.66978,35.0197],[135.66981,35.0196]],[[135.67917,35.04103],[135.67922,35.04103],[135.67978,35.04095],[135.67917,35.04103]],[[135.68246,35.03912],[135.68299,35.03914],[135.6826,35.03904],[135.68246,35.03912]],[[135.64266,35.0726],[135.64245,35.07305],[135.64304,35.07251],[135.64266,35.0726]],[[135.66409,35.04978],[135.6646,35.04989],[135.664,35.04975],[135.66409,35.04978]],[[135.62583,35.04478],[135.62582,35.04448],[135.6254,35.045],[135.62583,35.04478]],[[135.61086,35.07321],[135.61163,35.07364],[135.61144,35.07341],[135.61086,35.07321]],[[135.61073,35.07452],[135.61082,35.07449],[135.61072,35.0744],[135.61073,35.07452]],[[135.62173,35.07506],[135.62274,35.07524],[135.62346,35.07539],[135.62348,35.07536],[135.62173,35.07506]],[[135.69486,35.03639],[135.69484,35.03639],[135.69481,35.03643],[135.69486,35.03639]],[[135.6906,35.03781],[135.69039,35.03766],[135.68991,35.03781],[135.6906,35.03781]],[[135.68781,35.0411],[135.68741,35.04114],[135.68754,35.04119],[135.68781,35.0411]],[[135.68294,35.04918],[135.6825,35.04987],[135.68265,35.04986],[135.68294,35.04918]],[[135.6825,35.04987],[135.68242,35.04985],[135.68233,35.05025],[135.6825,35.04987]],[[135.68828,35.0383],[135.68824,35.03862],[135.68832,35.03823],[135.68828,35.0383]],[[135.68832,35.03823],[135.68854,35.03817],[135.68857,35.03811],[135.68832,35.03823]],[[135.68523,35.04362],[135.68522,35.0437],[135.6854,35.04376],[135.68523,35.04362]],[[135.68719,35.03982],[135.68706,35.04014],[135.6876,35.03975],[135.68719,35.03982]],[[135.67722,35.04594],[135.67714,35.04604],[135.67836,35.04663],[135.67722,35.04594]],[[135.66822,35.0524],[135.66816,35.05316],[135.6684,35.05265],[135.66822,35.0524]],[[135.67711,35.04772],[135.67725,35.04786],[135.67691,35.0471],[135.67711,35.04772]],[[135.67259,35.05688],[135.67206,35.05689],[135.67262,35.057],[135.67259,35.05688]],[[135.67479,35.05647],[135.6749,35.05641],[135.67481,35.05633],[135.67479,35.05647]],[[135.6749,35.05641],[135.67505,35.05641],[135.6753,35.0564],[135.6749,35.05641]],[[135.6749,35.05604],[135.67446,35.05604],[135.67457,35.05619],[135.6749,35.05604]],[[135.67489,35.05405],[135.67496,35.05403],[135.67504,35.05399],[135.67489,35.05405]],[[135.67628,35.05409],[135.676,35.0544],[135.67621,35.05425],[135.67628,35.05409]],[[135.67613,35.05473],[135.67616,35.05484],[135.67634,35.05493],[135.67613,35.05473]],[[135.68176,35.05146],[135.68173,35.05119],[135.68163,35.05139],[135.68176,35.05146]],[[135.67438,35.05578],[135.67441,35.05592],[135.67471,35.05572],[135.67438,35.05578]],[[135.70294,35.02346],[135.70299,35.02347],[135.70224,35.02315],[135.70294,35.02346]],[[135.71249,35.02971],[135.71249,35.02806],[135.71248,35.02943],[135.71249,35.02971]],[[135.71162,35.02942],[135.71146,35.02908],[135.7116,35.02956],[135.71162,35.02942]],[[135.70847,35.02665],[135.70834,35.02653],[135.70854,35.02672],[135.70847,35.02665]],[[135.70692,35.03187],[135.70695,35.03171],[135.7068,35.03161],[135.70692,35.03187]],[[135.70677,35.03134],[135.70635,35.03119],[135.70631,35.03128],[135.70677,35.03134]],[[135.70542,35.03207],[135.70499,35.03196],[135.70503,35.03202],[135.70542,35.03207]],[[135.70481,35.02539],[135.70508,35.02535],[135.70503,35.02514],[135.70481,35.02539]],[[135.71139,35.03892],[135.71134,35.03876],[135.71134,35.03891],[135.71139,35.03892]],[[135.71136,35.02518],[135.71169,35.02521],[135.71107,35.02488],[135.71136,35.02518]],[[135.71152,35.02368],[135.71166,35.02329],[135.71172,35.02303],[135.71152,35.02368]],[[135.71172,35.02303],[135.71175,35.0227],[135.7117,35.02282],[135.71172,35.02303]],[[135.71607,35.02178],[135.71637,35.02242],[135.71637,35.0224],[135.71607,35.02178]],[[135.71835,35.02898],[135.71851,35.02929],[135.7187,35.02905],[135.71835,35.02898]],[[135.71182,35.03446],[135.71253,35.03351],[135.71293,35.03316],[135.71242,35.03354],[135.71182,35.03446]],[[135.71812,35.0328],[135.71817,35.03272],[135.71802,35.03276],[135.71812,35.0328]],[[135.71718,35.03077],[135.71707,35.03061],[135.71698,35.03081],[135.71718,35.03077]],[[135.69849,35.20221],[135.6985,35.20222],[135.69879,35.20229],[135.69849,35.20221]],[[135.66993,35.2121],[135.66975,35.21294],[135.66975,35.21297],[135.66993,35.2121]],[[135.64725,35.15392],[135.64722,35.15384],[135.64691,35.15386],[135.64725,35.15392]],[[135.60479,35.19517],[135.60504,35.19502],[135.60472,35.19518],[135.60479,35.19517]],[[135.60258,35.19519],[135.60066,35.19474],[135.60068,35.19475],[135.60258,35.19519]],[[135.59873,35.17288],[135.59895,35.1718],[135.59876,35.17187],[135.59873,35.17288]],[[135.62359,35.15701],[135.62282,35.1567],[135.6224,35.15668],[135.62359,35.15701]],[[135.62547,35.14977],[135.62544,35.14975],[135.625,35.15064],[135.62547,35.14977]],[[135.6338,35.14012],[135.63319,35.14034],[135.63358,35.1402],[135.6338,35.14012]],[[135.62226,35.13939],[135.62084,35.1388],[135.62223,35.13941],[135.62226,35.13939]],[[135.61381,35.12611],[135.61364,35.12518],[135.61365,35.12472],[135.61363,35.12557],[135.61381,35.12611]],[[135.60057,35.14977],[135.6006,35.15047],[135.60061,35.15047],[135.60057,35.14977]],[[135.57747,35.1385],[135.57753,35.13925],[135.5776,35.13899],[135.57747,35.1385]]],[[[135.71597,34.99146],[135.71707,34.99206],[135.71726,34.99217],[135.71597,34.99146]]],[[[135.71178,34.99229],[135.71193,34.99142],[135.71178,34.99231],[135.71178,34.99229]]],[[[135.70333,35.00355],[135.70369,35.00352],[135.70388,35.00351],[135.70333,35.00355]]],[[[135.63278,35.15886],[135.63282,35.1566],[135.6328,35.15781],[135.63278,35.15886]]],[[[135.57716,35.13805],[135.57747,35.1385],[135.57725,35.13819],[135.57716,35.13805]]]]}},{"type":"Feature","properties":{"nm":"京都市伏見区","b":[135.7029,34.8752,135.8787,34.9767],"c":[135.77481,34.93706]},"geometry":{"type":"MultiPolygon","coordinates":[[[[135.75696,34.96728],[135.75482,34.96734],[135.75476,34.96713],[135.7532,34.96712],[135.75211,34.96725],[135.75204,34.96721],[135.75202,34.96626],[135.75201,34.96583],[135.75196,34.96447],[135.75198,34.96444],[135.75206,34.96435],[135.75206,34.96427],[135.75202,34.96303],[135.75258,34.96173],[135.75213,34.9614],[135.75206,34.96084],[135.75183,34.96089],[135.75131,34.96015],[135.7492,34.95836],[135.74875,34.95763],[135.74865,34.95678],[135.74694,34.95569],[135.7456,34.95541],[135.74552,34.95393],[135.74551,34.95357],[135.7436,34.95356],[135.74352,34.95331],[135.74305,34.95379],[135.74281,34.95405],[135.74241,34.95364],[135.74207,34.95293],[135.74227,34.9513],[135.74216,34.95076],[135.74189,34.94995],[135.74156,34.94928],[135.74084,34.94834],[135.74038,34.94684],[135.74053,34.9457],[135.74128,34.94435],[135.74193,34.94442],[135.74065,34.94427],[135.74006,34.94421],[135.7402,34.94361],[135.73961,34.94369],[135.7392,34.94234],[135.73746,34.94179],[135.7368,34.94407],[135.73675,34.9445],[135.73666,34.94535],[135.7364,34.94581],[135.73506,34.94819],[135.73418,34.94963],[135.7328,34.95154],[135.73064,34.9505],[135.72971,34.95097],[135.72948,34.95063],[135.72771,34.95063],[135.72763,34.94967],[135.72416,34.94971],[135.72414,34.94876],[135.72233,34.94881],[135.72228,34.94824],[135.7223,34.94766],[135.72339,34.94768],[135.72305,34.94673],[135.72412,34.94576],[135.72437,34.94546],[135.72432,34.94483],[135.72432,34.94469],[135.72466,34.94456],[135.72446,34.94422],[135.72457,34.94375],[135.7248,34.94353],[135.7247,34.94322],[135.72472,34.94312],[135.72493,34.94267],[135.72411,34.94284],[135.72026,34.94278],[135.71934,34.94266],[135.71913,34.94264],[135.71828,34.94231],[135.71817,34.94208],[135.71817,34.94177],[135.71818,34.94106],[135.71817,34.94054],[135.71801,34.93861],[135.71807,34.9398],[135.71799,34.9398],[135.71693,34.9398],[135.71661,34.93912],[135.71686,34.9387],[135.71687,34.93688],[135.71568,34.9368],[135.71566,34.9368],[135.71566,34.93654],[135.71558,34.93586],[135.71445,34.93584],[135.71445,34.93581],[135.71446,34.93488],[135.71444,34.93288],[135.71443,34.93227],[135.71442,34.93141],[135.71416,34.93139],[135.71336,34.93114],[135.71398,34.93055],[135.71411,34.93003],[135.71441,34.92947],[135.71445,34.92909],[135.71441,34.92902],[135.71444,34.92812],[135.7145,34.92607],[135.71449,34.92511],[135.71684,34.92509],[135.71596,34.92408],[135.71501,34.92307],[135.7149,34.92115],[135.71487,34.91916],[135.71467,34.91915],[135.71471,34.91817],[135.71441,34.91815],[135.7144,34.91694],[135.71444,34.91685],[135.71432,34.91668],[135.71425,34.91615],[135.71204,34.91614],[135.71192,34.91467],[135.71073,34.91353],[135.70972,34.91237],[135.70966,34.9098],[135.70953,34.90965],[135.70889,34.90941],[135.70839,34.90925],[135.70845,34.91014],[135.707,34.91021],[135.70702,34.90933],[135.70725,34.90887],[135.7068,34.90828],[135.7063,34.90782],[135.70615,34.90785],[135.70615,34.90781],[135.7055,34.9061],[135.70539,34.90477],[135.7054,34.904],[135.70561,34.90356],[135.7056,34.90331],[135.70573,34.90296],[135.70577,34.90273],[135.70569,34.90213],[135.70569,34.9017],[135.70542,34.90053],[135.70541,34.90006],[135.70485,34.89971],[135.70291,34.89907],[135.70436,34.89705],[135.70457,34.89714],[135.70531,34.8954],[135.7056,34.89487],[135.70638,34.89471],[135.70894,34.89541],[135.70945,34.89402],[135.7096,34.89361],[135.70997,34.89271],[135.71205,34.89323],[135.71187,34.88717],[135.71547,34.8871],[135.71546,34.88617],[135.71545,34.88582],[135.71528,34.88318],[135.7197,34.88139],[135.72076,34.88106],[135.72288,34.88064],[135.72396,34.88052],[135.72514,34.88002],[135.72672,34.87879],[135.72695,34.87866],[135.72727,34.87848],[135.7294,34.87734],[135.73067,34.87656],[135.73229,34.8752],[135.73248,34.87607],[135.73287,34.8779],[135.73179,34.87876],[135.72961,34.88023],[135.72761,34.88271],[135.72905,34.88484],[135.72853,34.8853],[135.7273,34.88641],[135.72388,34.88707],[135.72368,34.887],[135.72279,34.88767],[135.72034,34.88659],[135.71923,34.88803],[135.72145,34.88897],[135.72069,34.89029],[135.72003,34.89225],[135.71985,34.89279],[135.71711,34.89171],[135.71625,34.89331],[135.71832,34.89381],[135.71807,34.89463],[135.71718,34.89595],[135.71697,34.89638],[135.7155,34.89923],[135.71592,34.89943],[135.71531,34.90006],[135.71506,34.89989],[135.71439,34.90061],[135.71288,34.9017],[135.71406,34.90143],[135.71433,34.90155],[135.71564,34.90084],[135.71635,34.89984],[135.71646,34.89964],[135.71723,34.8985],[135.71788,34.89849],[135.71797,34.89847],[135.71828,34.89842],[135.7189,34.89832],[135.71937,34.89824],[135.71994,34.89822],[135.71998,34.89823],[135.72007,34.89826],[135.72047,34.89826],[135.72058,34.89843],[135.72059,34.89848],[135.71918,34.89877],[135.71902,34.89879],[135.71804,34.89897],[135.71793,34.89896],[135.71786,34.89889],[135.71778,34.8989],[135.71744,34.89896],[135.71735,34.89921],[135.71739,34.89922],[135.71733,34.89934],[135.71744,34.89936],[135.71746,34.89936],[135.71749,34.89935],[135.71774,34.8992],[135.71799,34.89913],[135.71861,34.89904],[135.71911,34.89902],[135.71936,34.89978],[135.72077,34.89976],[135.72169,34.9],[135.72204,34.90027],[135.72257,34.90043],[135.72357,34.90064],[135.72469,34.90104],[135.72526,34.90156],[135.72543,34.90174],[135.72543,34.90217],[135.72595,34.90301],[135.72781,34.90317],[135.72862,34.90337],[135.72921,34.90355],[135.73066,34.90419],[135.73139,34.90441],[135.73404,34.90496],[135.73549,34.905],[135.73546,34.90524],[135.73589,34.90502],[135.73627,34.90499],[135.73792,34.90514],[135.73847,34.9052],[135.73914,34.9052],[135.74006,34.90506],[135.74049,34.90493],[135.74081,34.90548],[135.74055,34.9067],[135.74103,34.90716],[135.74146,34.9066],[135.74251,34.90716],[135.74221,34.9076],[135.74432,34.90868],[135.74362,34.90965],[135.74447,34.91046],[135.74478,34.91005],[135.74578,34.91067],[135.74533,34.91132],[135.74582,34.91166],[135.74605,34.91137],[135.74659,34.91163],[135.74691,34.91122],[135.74744,34.91149],[135.74838,34.91023],[135.74785,34.90994],[135.74833,34.90931],[135.7478,34.90902],[135.74828,34.90837],[135.7495,34.90868],[135.75083,34.9069],[135.75278,34.90429],[135.75386,34.90483],[135.76088,34.90837],[135.76693,34.91145],[135.77042,34.91321],[135.77053,34.91345],[135.7701,34.91411],[135.77056,34.91347],[135.77069,34.91327],[135.77133,34.91356],[135.77159,34.91352],[135.7721,34.9141],[135.77411,34.91521],[135.77595,34.91619],[135.77842,34.91672],[135.77965,34.91695],[135.78093,34.917],[135.78294,34.91682],[135.78393,34.91645],[135.78536,34.91639],[135.78683,34.91647],[135.78797,34.91682],[135.78991,34.91684],[135.78991,34.9181],[135.78992,34.91871],[135.78973,34.91946],[135.78991,34.91873],[135.78994,34.91897],[135.79016,34.9208],[135.79043,34.92092],[135.79033,34.92238],[135.79032,34.92288],[135.79121,34.92299],[135.79114,34.92435],[135.79104,34.92501],[135.79096,34.92557],[135.79144,34.92639],[135.79179,34.92652],[135.79203,34.92752],[135.79183,34.92815],[135.79172,34.9295],[135.79317,34.92905],[135.79346,34.92944],[135.79297,34.92975],[135.79222,34.92978],[135.79214,34.93006],[135.79323,34.93065],[135.79361,34.93133],[135.79408,34.93154],[135.79481,34.93247],[135.79501,34.933],[135.79524,34.93365],[135.79587,34.93567],[135.79675,34.93787],[135.7971,34.93774],[135.79656,34.93622],[135.79885,34.93624],[135.79867,34.93557],[135.79747,34.93448],[135.79816,34.93386],[135.79866,34.93462],[135.79985,34.93425],[135.80077,34.9348],[135.80158,34.93524],[135.80198,34.93553],[135.80208,34.93559],[135.80319,34.93632],[135.80356,34.9361],[135.80356,34.93572],[135.80418,34.93579],[135.80623,34.93528],[135.80646,34.93633],[135.80758,34.93769],[135.80861,34.93743],[135.80993,34.93661],[135.81029,34.93636],[135.81082,34.93601],[135.81069,34.93484],[135.81155,34.93493],[135.81161,34.93494],[135.81178,34.93511],[135.81249,34.93443],[135.81248,34.93393],[135.81248,34.93389],[135.81276,34.93306],[135.81278,34.93295],[135.81282,34.93289],[135.81288,34.93277],[135.81292,34.93272],[135.81294,34.9327],[135.81297,34.9327],[135.81325,34.93232],[135.81337,34.93128],[135.81277,34.93044],[135.81291,34.92962],[135.81341,34.92953],[135.81344,34.92951],[135.81383,34.9294],[135.81419,34.92919],[135.81546,34.92942],[135.81561,34.92928],[135.81605,34.92879],[135.81628,34.92845],[135.81693,34.92751],[135.81748,34.92747],[135.81774,34.92705],[135.81775,34.92681],[135.81813,34.9268],[135.81824,34.92656],[135.81853,34.92661],[135.81959,34.92662],[135.81996,34.92681],[135.8205,34.92685],[135.82089,34.92676],[135.82184,34.92708],[135.82254,34.92711],[135.82361,34.92735],[135.82456,34.92757],[135.8253,34.92763],[135.82659,34.92766],[135.82804,34.92765],[135.82936,34.92748],[135.82945,34.92808],[135.83058,34.9295],[135.83083,34.93021],[135.83057,34.93073],[135.83066,34.93143],[135.83097,34.93228],[135.83113,34.93275],[135.83094,34.93294],[135.83076,34.93311],[135.83021,34.93433],[135.83019,34.93458],[135.83016,34.93542],[135.83024,34.93551],[135.83055,34.93617],[135.83118,34.93577],[135.83154,34.93578],[135.83206,34.93588],[135.8327,34.9357],[135.8334,34.93532],[135.83402,34.93518],[135.83451,34.93508],[135.83489,34.93495],[135.8355,34.93474],[135.83678,34.93427],[135.83672,34.93445],[135.83636,34.93486],[135.83636,34.93553],[135.83707,34.93574],[135.83879,34.93597],[135.83981,34.93515],[135.84039,34.93516],[135.84264,34.93563],[135.84468,34.93543],[135.84495,34.93485],[135.84477,34.93378],[135.84448,34.93351],[135.84281,34.9329],[135.84112,34.93253],[135.8401,34.932],[135.84007,34.9305],[135.84162,34.93052],[135.8428,34.93024],[135.84412,34.92959],[135.84458,34.92992],[135.8454,34.92987],[135.84512,34.9306],[135.84579,34.93126],[135.84645,34.93102],[135.8471,34.93106],[135.84664,34.93176],[135.84666,34.93226],[135.84721,34.93244],[135.84802,34.93221],[135.84862,34.93292],[135.84909,34.93401],[135.84883,34.9346],[135.84925,34.93492],[135.84992,34.93494],[135.84971,34.93547],[135.85023,34.93613],[135.85018,34.93658],[135.84913,34.93676],[135.84947,34.93739],[135.84977,34.9385],[135.8502,34.93936],[135.84973,34.93975],[135.84892,34.93979],[135.84755,34.94078],[135.84743,34.94114],[135.84765,34.94195],[135.84866,34.94408],[135.84795,34.94425],[135.84693,34.94395],[135.84705,34.94479],[135.84718,34.94526],[135.84677,34.94609],[135.84623,34.94656],[135.84569,34.94721],[135.84501,34.94775],[135.84471,34.94826],[135.84473,34.94834],[135.84695,34.94835],[135.84749,34.94915],[135.84854,34.95115],[135.84913,34.95272],[135.8498,34.95337],[135.84991,34.95427],[135.85074,34.95551],[135.85109,34.95641],[135.85085,34.95731],[135.85156,34.95668],[135.85294,34.95681],[135.85356,34.95716],[135.85452,34.95727],[135.85556,34.95714],[135.85796,34.95729],[135.85939,34.95696],[135.8593,34.95565],[135.8594,34.95383],[135.86052,34.95304],[135.86129,34.95155],[135.86213,34.95091],[135.86298,34.95074],[135.86417,34.9505],[135.86544,34.95058],[135.867,34.95015],[135.8676,34.94962],[135.86778,34.94936],[135.86915,34.9492],[135.87049,34.94875],[135.87088,34.94853],[135.87189,34.94842],[135.87279,34.94801],[135.87293,34.9477],[135.87348,34.94786],[135.87449,34.94758],[135.8757,34.94764],[135.87768,34.94714],[135.87867,34.9475],[135.87843,34.94812],[135.87724,34.94845],[135.87661,34.94953],[135.87574,34.95052],[135.87571,34.95161],[135.87539,34.95368],[135.87464,34.95403],[135.87451,34.95443],[135.87394,34.95524],[135.87321,34.95546],[135.87087,34.95547],[135.86987,34.95643],[135.86943,34.95666],[135.86824,34.95657],[135.86653,34.9568],[135.86564,34.95722],[135.86459,34.95726],[135.8638,34.95779],[135.86364,34.95823],[135.86371,34.95954],[135.86343,34.96017],[135.86162,34.96052],[135.86012,34.96132],[135.85844,34.9621],[135.85618,34.96327],[135.85418,34.96359],[135.85343,34.96337],[135.85251,34.96354],[135.85195,34.96397],[135.85189,34.96457],[135.8505,34.96462],[135.84933,34.96429],[135.84895,34.96463],[135.84728,34.96516],[135.84687,34.96503],[135.84618,34.96591],[135.84568,34.96609],[135.84555,34.96657],[135.84472,34.96704],[135.84492,34.96753],[135.84483,34.96827],[135.84457,34.9683],[135.84321,34.9671],[135.84165,34.96642],[135.84062,34.96567],[135.83904,34.96569],[135.8382,34.96636],[135.83747,34.96644],[135.83714,34.96727],[135.83717,34.96774],[135.83656,34.96858],[135.83641,34.96942],[135.83586,34.96978],[135.83542,34.96974],[135.83489,34.96949],[135.83408,34.96872],[135.83355,34.96874],[135.8329,34.96861],[135.83159,34.96773],[135.8312,34.96751],[135.83068,34.96685],[135.83035,34.9665],[135.82995,34.9663],[135.82915,34.96573],[135.82873,34.96517],[135.82846,34.96439],[135.8279,34.964],[135.82694,34.96436],[135.82646,34.96472],[135.826,34.96472],[135.82587,34.96462],[135.82518,34.96447],[135.82428,34.96428],[135.82233,34.96415],[135.82139,34.96408],[135.82124,34.96383],[135.82123,34.96409],[135.82119,34.96409],[135.82048,34.96414],[135.8204,34.96416],[135.81971,34.96445],[135.8194,34.96416],[135.82,34.96361],[135.81993,34.96342],[135.81919,34.96358],[135.81914,34.96322],[135.81922,34.9632],[135.81956,34.963],[135.81902,34.96296],[135.81906,34.9626],[135.81908,34.96236],[135.81935,34.96181],[135.8198,34.96167],[135.82,34.96114],[135.82033,34.96104],[135.82014,34.96097],[135.81925,34.96096],[135.81886,34.96051],[135.81729,34.96049],[135.81707,34.96025],[135.81747,34.9594],[135.81762,34.9582],[135.81737,34.95777],[135.81683,34.95777],[135.81623,34.95758],[135.81611,34.95776],[135.81577,34.95813],[135.81495,34.95813],[135.81487,34.95865],[135.8143,34.95903],[135.81341,34.95908],[135.8133,34.95891],[135.81222,34.95901],[135.81257,34.95876],[135.81266,34.95792],[135.81319,34.95792],[135.81348,34.95659],[135.81354,34.95569],[135.81422,34.9558],[135.81403,34.95491],[135.81407,34.95472],[135.81369,34.95468],[135.81294,34.95482],[135.81281,34.95565],[135.81287,34.95609],[135.81229,34.95602],[135.81215,34.95562],[135.81193,34.95543],[135.81195,34.95554],[135.81089,34.95562],[135.81049,34.95487],[135.81009,34.95414],[135.80988,34.95376],[135.80984,34.95377],[135.80937,34.95396],[135.80853,34.95284],[135.80804,34.95282],[135.8078,34.95318],[135.80797,34.95405],[135.80775,34.95406],[135.80756,34.95307],[135.80636,34.95338],[135.80483,34.95313],[135.805,34.95291],[135.80473,34.95325],[135.80465,34.95334],[135.80436,34.95353],[135.80381,34.95403],[135.80291,34.95469],[135.80285,34.95471],[135.80268,34.95485],[135.80234,34.95515],[135.80126,34.95562],[135.80076,34.95568],[135.79996,34.95536],[135.79983,34.9553],[135.79953,34.95496],[135.79934,34.95448],[135.79937,34.95438],[135.7993,34.95371],[135.79927,34.95356],[135.79916,34.95345],[135.79844,34.95314],[135.79761,34.95249],[135.79765,34.95206],[135.79751,34.95179],[135.79671,34.95155],[135.79502,34.95139],[135.79358,34.95019],[135.79318,34.95205],[135.7928,34.95209],[135.79174,34.95389],[135.79149,34.95532],[135.79112,34.95643],[135.79098,34.95672],[135.79097,34.95739],[135.79089,34.95783],[135.79105,34.95821],[135.79118,34.9583],[135.79136,34.9585],[135.79131,34.95873],[135.79107,34.95894],[135.79076,34.95967],[135.791,34.95986],[135.79107,34.95993],[135.79118,34.96102],[135.79078,34.96157],[135.79066,34.96185],[135.79099,34.96242],[135.79114,34.96294],[135.79119,34.96347],[135.79127,34.96401],[135.79111,34.96436],[135.79131,34.96507],[135.79119,34.96536],[135.79119,34.96548],[135.79127,34.9659],[135.79122,34.96599],[135.79084,34.96619],[135.78998,34.96685],[135.78915,34.96734],[135.78936,34.96771],[135.78868,34.96857],[135.78867,34.96928],[135.78832,34.96995],[135.78837,34.97106],[135.78785,34.9716],[135.78703,34.97112],[135.78557,34.97131],[135.78537,34.97143],[135.78439,34.97125],[135.7843,34.97143],[135.78413,34.97209],[135.78337,34.97223],[135.78303,34.97241],[135.78295,34.97255],[135.78281,34.97283],[135.7826,34.97299],[135.78154,34.97376],[135.78151,34.97379],[135.78114,34.97408],[135.78093,34.97427],[135.78022,34.9744],[135.78017,34.97443],[135.77966,34.97466],[135.77957,34.97468],[135.77944,34.97481],[135.77909,34.97499],[135.77863,34.97537],[135.77817,34.97552],[135.7779,34.97548],[135.77769,34.97587],[135.77752,34.97607],[135.77713,34.97628],[135.777,34.9763],[135.77539,34.97668],[135.77498,34.97587],[135.7751,34.97563],[135.77529,34.97548],[135.77522,34.97534],[135.77523,34.97526],[135.77545,34.97512],[135.77599,34.97462],[135.77625,34.9746],[135.77725,34.97475],[135.77717,34.97391],[135.77684,34.97382],[135.77648,34.97393],[135.77602,34.97395],[135.77441,34.97414],[135.77435,34.97263],[135.77337,34.97287],[135.77338,34.97401],[135.7713,34.97389],[135.77111,34.97356],[135.7712,34.97246],[135.77139,34.97243],[135.77145,34.97138],[135.772,34.97139],[135.772,34.9712],[135.77131,34.9711],[135.77169,34.97018],[135.77119,34.96998],[135.77055,34.97002],[135.77027,34.97004],[135.77029,34.97027],[135.77026,34.97087],[135.77024,34.97118],[135.77022,34.97194],[135.77022,34.97199],[135.7702,34.97253],[135.77019,34.97307],[135.76888,34.97309],[135.76754,34.97313],[135.76699,34.97312],[135.76614,34.97315],[135.76473,34.97318],[135.76406,34.97216],[135.76273,34.97082],[135.7605,34.96815],[135.76039,34.96803],[135.75963,34.96717],[135.75836,34.96722],[135.75696,34.96728]],[[135.76888,34.97309],[135.7691,34.97294],[135.76844,34.97292],[135.76888,34.97309]],[[135.76156,34.96133],[135.76152,34.96119],[135.7611,34.96131],[135.76156,34.96133]],[[135.76159,34.9537],[135.7615,34.95338],[135.76139,34.95342],[135.76159,34.9537]],[[135.75532,34.94789],[135.75315,34.94795],[135.75532,34.94795],[135.75532,34.94789]],[[135.75779,34.94554],[135.7578,34.94552],[135.75779,34.94552],[135.75779,34.94554]],[[135.7578,34.94552],[135.75798,34.94619],[135.75794,34.94549],[135.7578,34.94552]],[[135.75511,34.94552],[135.75503,34.94519],[135.75506,34.94553],[135.75511,34.94552]],[[135.76501,34.94537],[135.76498,34.94509],[135.765,34.94537],[135.76501,34.94537]],[[135.76621,34.94236],[135.76624,34.94214],[135.76615,34.94214],[135.76621,34.94236]],[[135.76493,34.94416],[135.76439,34.94422],[135.76499,34.94434],[135.76493,34.94416]],[[135.76416,34.94409],[135.76419,34.94425],[135.76427,34.94424],[135.76416,34.94409]],[[135.76281,34.94205],[135.76291,34.9423],[135.76309,34.94207],[135.76281,34.94205]],[[135.76319,34.94333],[135.76325,34.94353],[135.76365,34.94358],[135.76319,34.94333]],[[135.76108,34.94177],[135.76093,34.94179],[135.76092,34.94209],[135.76108,34.94177]],[[135.76052,34.94179],[135.7606,34.94303],[135.76055,34.94179],[135.76052,34.94179]],[[135.75973,34.9408],[135.7596,34.9408],[135.75976,34.9418],[135.75973,34.9408]],[[135.75863,34.94448],[135.75862,34.94446],[135.75851,34.94449],[135.75863,34.94448]],[[135.75832,34.94544],[135.75878,34.94562],[135.75897,34.94538],[135.75832,34.94544]],[[135.75772,34.94395],[135.7577,34.94383],[135.75772,34.94397],[135.75772,34.94395]],[[135.75844,34.94299],[135.75843,34.94287],[135.75807,34.943],[135.75844,34.94299]],[[135.7587,34.94079],[135.75839,34.94078],[135.75834,34.94078],[135.7587,34.94079]],[[135.75373,34.94075],[135.7533,34.94085],[135.75374,34.94083],[135.75373,34.94075]],[[135.76049,34.93618],[135.76049,34.93616],[135.76042,34.93618],[135.76049,34.93618]],[[135.76179,34.9356],[135.76291,34.93559],[135.76154,34.93559],[135.76179,34.9356]],[[135.76054,34.93559],[135.76048,34.93559],[135.7604,34.93557],[135.7604,34.93559],[135.76054,34.93559]],[[135.75962,34.93558],[135.75952,34.9357],[135.75957,34.9357],[135.75962,34.93558]],[[135.76133,34.9348],[135.76179,34.93458],[135.76133,34.93457],[135.76133,34.9348]],[[135.75993,34.93295],[135.76034,34.93295],[135.75977,34.93293],[135.75993,34.93295]],[[135.75977,34.93293],[135.75966,34.9328],[135.75943,34.93295],[135.75977,34.93293]],[[135.75929,34.93379],[135.75926,34.93379],[135.75932,34.93422],[135.75929,34.93379]],[[135.75952,34.93475],[135.7595,34.93477],[135.75955,34.93497],[135.75952,34.93475]],[[135.75906,34.93558],[135.7585,34.9356],[135.75907,34.93573],[135.75906,34.93558]],[[135.7585,34.9356],[135.7576,34.93542],[135.75726,34.93585],[135.7576,34.93559],[135.7585,34.9356]],[[135.75638,34.93662],[135.75638,34.93706],[135.75655,34.9369],[135.75638,34.93662]],[[135.75936,34.93827],[135.75924,34.93783],[135.75905,34.93831],[135.75936,34.93827]],[[135.75905,34.93831],[135.75794,34.93838],[135.75798,34.93838],[135.75873,34.93833],[135.75905,34.93831]],[[135.759,34.93981],[135.75925,34.94006],[135.75925,34.93982],[135.759,34.93981]],[[135.75577,34.93734],[135.75492,34.93741],[135.75572,34.93735],[135.75577,34.93734]],[[135.75555,34.93645],[135.75555,34.93634],[135.75483,34.93649],[135.75555,34.93645]],[[135.75483,34.93649],[135.75483,34.93592],[135.7548,34.93649],[135.75483,34.93649]],[[135.75518,34.93374],[135.75539,34.93375],[135.75537,34.93375],[135.75492,34.93374],[135.75492,34.93383],[135.75518,34.93374]],[[135.75517,34.93251],[135.75517,34.93249],[135.75477,34.93248],[135.75517,34.93251]],[[135.75517,34.93249],[135.75516,34.93146],[135.75504,34.93146],[135.75517,34.93249]],[[135.76522,34.93681],[135.76507,34.9364],[135.76485,34.93642],[135.76522,34.93681]],[[135.76517,34.93419],[135.76519,34.93419],[135.76517,34.93409],[135.76517,34.93419]],[[135.76519,34.93419],[135.76526,34.93419],[135.76526,34.93409],[135.76519,34.93419]],[[135.76437,34.93418],[135.76442,34.93465],[135.76442,34.93418],[135.76437,34.93418]],[[135.76684,34.93527],[135.76684,34.93535],[135.76787,34.93529],[135.76684,34.93527]],[[135.76787,34.93529],[135.7676,34.93622],[135.76791,34.93517],[135.76787,34.93529]],[[135.76791,34.93517],[135.76823,34.93528],[135.7685,34.93495],[135.76791,34.93517]],[[135.76373,34.93758],[135.76372,34.93758],[135.76376,34.93873],[135.76373,34.93758]],[[135.76442,34.93529],[135.76404,34.93495],[135.76403,34.93529],[135.76442,34.93529]],[[135.76286,34.93299],[135.76286,34.93331],[135.76287,34.93397],[135.76286,34.93299]],[[135.76196,34.93494],[135.7618,34.93487],[135.7618,34.93489],[135.76196,34.93494]],[[135.76182,34.93269],[135.76181,34.93234],[135.76146,34.93234],[135.76182,34.93269]],[[135.74944,34.93647],[135.74943,34.93582],[135.74939,34.93647],[135.74944,34.93647]],[[135.74939,34.93651],[135.74875,34.93661],[135.74938,34.93661],[135.74939,34.93651]],[[135.75161,34.93269],[135.75161,34.93254],[135.75141,34.93301],[135.75161,34.93269]],[[135.74255,34.93854],[135.74253,34.93842],[135.74252,34.93855],[135.74255,34.93854]],[[135.74946,34.93577],[135.75028,34.9357],[135.74946,34.9357],[135.74946,34.93577]],[[135.74394,34.93308],[135.74391,34.93338],[135.74392,34.93379],[135.74394,34.93308]],[[135.74638,34.94885],[135.74828,34.9488],[135.74539,34.94887],[135.74638,34.94885]],[[135.74539,34.94887],[135.74545,34.95063],[135.7455,34.95151],[135.74539,34.94887]],[[135.73445,34.94156],[135.73445,34.94154],[135.73436,34.94156],[135.73445,34.94156]],[[135.7172,34.90383],[135.71748,34.9037],[135.71744,34.90368],[135.7172,34.90383]],[[135.7234,34.91417],[135.72443,34.91483],[135.72371,34.91432],[135.7234,34.91417]],[[135.73498,34.92843],[135.73487,34.92829],[135.73412,34.92741],[135.73498,34.92843]],[[135.73412,34.92741],[135.73409,34.92737],[135.73381,34.92761],[135.73383,34.92763],[135.73412,34.92741]],[[135.73026,34.92267],[135.72955,34.92173],[135.73053,34.92303],[135.73026,34.92267]],[[135.73659,34.92475],[135.73584,34.92399],[135.73562,34.92379],[135.73659,34.92475]],[[135.72783,34.91864],[135.72755,34.91851],[135.72768,34.9188],[135.72783,34.91864]],[[135.73965,34.92397],[135.73947,34.92386],[135.7396,34.92445],[135.73965,34.92397]],[[135.73594,34.9207],[135.73525,34.92069],[135.73599,34.92089],[135.73594,34.9207]],[[135.73985,34.91326],[135.7399,34.91337],[135.73976,34.91305],[135.73985,34.91326]],[[135.75115,34.93105],[135.75121,34.9307],[135.75117,34.93068],[135.75115,34.93105]],[[135.76332,34.93066],[135.76324,34.93072],[135.76333,34.93072],[135.76332,34.93066]],[[135.76323,34.92818],[135.76309,34.92819],[135.76324,34.92834],[135.76323,34.92818]],[[135.76314,34.9314],[135.7631,34.93195],[135.76313,34.9317],[135.76314,34.9314]],[[135.76306,34.93195],[135.76193,34.93212],[135.76288,34.93208],[135.76285,34.93267],[135.76306,34.93195]],[[135.76099,34.92976],[135.76073,34.92996],[135.76091,34.92986],[135.76099,34.92976]],[[135.76073,34.92996],[135.75993,34.92995],[135.75943,34.92996],[135.76073,34.92996]],[[135.76597,34.93185],[135.76634,34.93211],[135.76597,34.93165],[135.76597,34.93185]],[[135.75901,34.93007],[135.75881,34.93008],[135.75885,34.93049],[135.75901,34.93007]],[[135.76092,34.93052],[135.76107,34.93112],[135.76109,34.93085],[135.76092,34.93052]],[[135.76107,34.93112],[135.76091,34.93111],[135.7609,34.93146],[135.76107,34.93112]],[[135.76148,34.932],[135.7615,34.9317],[135.76149,34.93172],[135.76148,34.932]],[[135.7609,34.93173],[135.7609,34.93172],[135.76067,34.93173],[135.76068,34.93187],[135.7609,34.93173]],[[135.75841,34.93132],[135.75831,34.93132],[135.75832,34.93154],[135.75841,34.93132]],[[135.75838,34.93009],[135.75835,34.92991],[135.75836,34.93009],[135.75838,34.93009]],[[135.75615,34.93011],[135.75614,34.9301],[135.75622,34.93021],[135.75615,34.93011]],[[135.75477,34.93156],[135.75479,34.93156],[135.75491,34.93142],[135.75477,34.93156]],[[135.75822,34.92958],[135.75811,34.9293],[135.75812,34.92958],[135.75822,34.92958]],[[135.7573,34.92898],[135.7573,34.92897],[135.75706,34.92897],[135.7573,34.92898]],[[135.75494,34.92645],[135.75495,34.92736],[135.75504,34.92736],[135.75494,34.92645]],[[135.78032,34.92696],[135.77926,34.92754],[135.78095,34.92665],[135.78032,34.92696]],[[135.77259,34.92246],[135.77251,34.92251],[135.77251,34.92258],[135.77259,34.92246]],[[135.76914,34.92431],[135.76885,34.92433],[135.76883,34.92467],[135.76914,34.92431]],[[135.76769,34.92364],[135.7675,34.92358],[135.76751,34.92363],[135.76769,34.92364]],[[135.76826,34.91897],[135.76792,34.91885],[135.76827,34.91902],[135.76826,34.91897]],[[135.77948,34.91799],[135.78041,34.9185],[135.77959,34.91792],[135.77948,34.91799]],[[135.77186,34.93395],[135.77204,34.93347],[135.77192,34.93372],[135.77186,34.93395]],[[135.77453,34.93281],[135.77577,34.93314],[135.77425,34.93271],[135.77453,34.93281]],[[135.77577,34.93314],[135.77577,34.93315],[135.77647,34.93329],[135.77577,34.93314]],[[135.77647,34.93329],[135.7768,34.93206],[135.77682,34.93182],[135.77647,34.93329]],[[135.77454,34.93853],[135.77421,34.9386],[135.7743,34.93876],[135.77454,34.93853]],[[135.78624,34.93715],[135.78637,34.93712],[135.78597,34.93695],[135.78604,34.93712],[135.78624,34.93715]],[[135.78515,34.93368],[135.78532,34.93379],[135.78567,34.93397],[135.78515,34.93368]],[[135.78713,34.93066],[135.78718,34.93031],[135.7869,34.93064],[135.78713,34.93066]],[[135.78943,34.93412],[135.78987,34.93424],[135.78952,34.93384],[135.78943,34.93412]],[[135.79261,34.93405],[135.7933,34.93381],[135.79351,34.93361],[135.79261,34.93405]],[[135.79022,34.94089],[135.7902,34.94098],[135.79043,34.94031],[135.79022,34.94089]],[[135.79049,34.94018],[135.79131,34.93988],[135.79087,34.93987],[135.79049,34.94018]],[[135.78156,34.96496],[135.78131,34.96511],[135.78173,34.96488],[135.78156,34.96496]],[[135.77894,34.9651],[135.77905,34.96532],[135.77925,34.96548],[135.77894,34.9651]],[[135.78681,34.96427],[135.78698,34.9644],[135.7871,34.96408],[135.78681,34.96427]],[[135.78264,34.96114],[135.78349,34.96106],[135.78255,34.96096],[135.78264,34.96114]],[[135.78025,34.9605],[135.77982,34.96027],[135.78004,34.96043],[135.78025,34.9605]],[[135.77089,34.96611],[135.77071,34.96611],[135.77058,34.96695],[135.77089,34.96611]],[[135.77177,34.96479],[135.77148,34.9649],[135.77112,34.96489],[135.77146,34.96517],[135.77177,34.96479]],[[135.7741,34.96365],[135.77392,34.96344],[135.77398,34.9636],[135.7741,34.96365]],[[135.77401,34.96346],[135.77411,34.96323],[135.77411,34.96319],[135.77401,34.96346]],[[135.77385,34.96271],[135.77453,34.96208],[135.77385,34.96264],[135.77385,34.96271]],[[135.77453,34.96208],[135.77469,34.96192],[135.77467,34.96193],[135.77453,34.96208]],[[135.77197,34.96453],[135.77153,34.96434],[135.77152,34.96452],[135.77197,34.96453]],[[135.76806,34.97101],[135.76798,34.9709],[135.76796,34.97109],[135.76806,34.97101]],[[135.77153,34.96303],[135.77152,34.96303],[135.77155,34.9633],[135.77153,34.96303]],[[135.77079,34.9602],[135.771,34.96016],[135.77078,34.9598],[135.77079,34.96013],[135.77079,34.9602]],[[135.76851,34.9592],[135.76829,34.95847],[135.76829,34.95921],[135.76851,34.9592]],[[135.78747,34.95817],[135.78814,34.95856],[135.78795,34.95831],[135.78747,34.95817]],[[135.77461,34.95931],[135.77485,34.95787],[135.7745,34.95932],[135.77461,34.95931]],[[135.77165,34.95957],[135.77141,34.96024],[135.77162,34.96019],[135.77165,34.95957]],[[135.77163,34.9579],[135.77257,34.95783],[135.77163,34.95785],[135.7712,34.95789],[135.77163,34.9579]],[[135.789,34.95144],[135.78927,34.95128],[135.78921,34.95128],[135.789,34.95144]],[[135.78635,34.94951],[135.78624,34.94951],[135.78613,34.94959],[135.78635,34.94951]],[[135.78364,34.95104],[135.78359,34.95073],[135.78362,34.95102],[135.78364,34.95104]],[[135.76427,34.95287],[135.7646,34.95303],[135.76405,34.9527],[135.76427,34.95287]],[[135.7639,34.95254],[135.76372,34.95227],[135.76354,34.95201],[135.7639,34.95254]],[[135.76956,34.94996],[135.76904,34.95003],[135.76836,34.95014],[135.76956,34.94996]],[[135.77492,34.94671],[135.77524,34.9467],[135.775,34.94642],[135.77492,34.94671]],[[135.77642,34.95019],[135.77653,34.95045],[135.77648,34.95017],[135.77642,34.95019]],[[135.77653,34.95045],[135.77659,34.95073],[135.77674,34.95053],[135.77653,34.95045]],[[135.78277,34.94482],[135.78265,34.94509],[135.78272,34.94507],[135.78277,34.94482]],[[135.78479,34.94615],[135.78475,34.94617],[135.78511,34.94615],[135.78479,34.94615]],[[135.78817,34.9443],[135.78802,34.94422],[135.78738,34.94493],[135.78817,34.9443]],[[135.82131,34.96287],[135.82113,34.96217],[135.82121,34.96282],[135.82131,34.96287]],[[135.81148,34.95376],[135.81109,34.95349],[135.81121,34.95383],[135.81148,34.95376]],[[135.82368,34.95399],[135.82385,34.95388],[135.82361,34.95365],[135.82368,34.95399]],[[135.82361,34.95365],[135.82351,34.95303],[135.82347,34.95299],[135.82361,34.95365]],[[135.82292,34.95305],[135.82286,34.95297],[135.82268,34.95302],[135.82292,34.95305]],[[135.82691,34.94308],[135.82644,34.94317],[135.827,34.94217],[135.82631,34.94337],[135.82691,34.94308]],[[135.81428,34.94685],[135.81396,34.94721],[135.81432,34.94724],[135.81428,34.94685]],[[135.81708,34.94382],[135.81695,34.94355],[135.817,34.94384],[135.81708,34.94382]],[[135.81301,34.94429],[135.8132,34.94468],[135.81331,34.94526],[135.81331,34.94484],[135.81301,34.94429]],[[135.82531,34.95117],[135.8257,34.95104],[135.82562,34.951],[135.82531,34.95117]],[[135.82492,34.95318],[135.82437,34.95344],[135.82452,34.95357],[135.82492,34.95318]],[[135.82014,34.94433],[135.82037,34.94417],[135.82011,34.9443],[135.82014,34.94433]],[[135.80788,34.94721],[135.80729,34.94708],[135.80761,34.94724],[135.80788,34.94721]],[[135.80729,34.94708],[135.80701,34.94671],[135.80705,34.94691],[135.80729,34.94708]],[[135.80826,34.94904],[135.80822,34.94932],[135.80867,34.94908],[135.80826,34.94904]],[[135.80462,34.94118],[135.8048,34.94112],[135.80426,34.94088],[135.80462,34.94118]],[[135.80482,34.9481],[135.80473,34.94811],[135.8049,34.94828],[135.80482,34.9481]],[[135.80653,34.95006],[135.80655,34.95049],[135.80654,34.95006],[135.80653,34.95006]],[[135.80635,34.95088],[135.80648,34.95073],[135.80647,34.95066],[135.80635,34.95088]],[[135.80262,34.94187],[135.80279,34.94178],[135.80298,34.94167],[135.80262,34.94187]],[[135.81846,34.94258],[135.81844,34.94252],[135.81842,34.94256],[135.81846,34.94258]],[[135.81817,34.94157],[135.8186,34.94146],[135.81816,34.94152],[135.81817,34.94157]],[[135.81566,34.94222],[135.8154,34.94184],[135.81547,34.94217],[135.81566,34.94222]],[[135.81884,34.94011],[135.81902,34.94007],[135.8187,34.94012],[135.81884,34.94011]],[[135.81464,34.93777],[135.81471,34.93766],[135.8145,34.9378],[135.81464,34.93777]],[[135.82473,34.9341],[135.82426,34.93417],[135.82424,34.93418],[135.82473,34.9341]],[[135.81991,34.93465],[135.82009,34.93479],[135.81989,34.93459],[135.81991,34.93465]],[[135.81997,34.93446],[135.8201,34.9344],[135.82015,34.93433],[135.81997,34.93446]],[[135.81901,34.93465],[135.81933,34.93424],[135.81862,34.93478],[135.81901,34.93465]],[[135.81486,34.93753],[135.81483,34.93759],[135.81487,34.93757],[135.81486,34.93753]],[[135.81599,34.93396],[135.81635,34.9332],[135.8164,34.93299],[135.81599,34.93396]],[[135.81569,34.93155],[135.8156,34.93142],[135.8154,34.93161],[135.81569,34.93155]],[[135.813,34.93847],[135.81301,34.93852],[135.81302,34.9383],[135.813,34.93847]],[[135.8059,34.94057],[135.80578,34.94096],[135.80591,34.94093],[135.8059,34.94057]]],[[[135.75166,34.93932],[135.75169,34.93996],[135.75169,34.93997],[135.75166,34.93932]]],[[[135.75886,34.93893],[135.75891,34.93908],[135.75897,34.93929],[135.75886,34.93893]]],[[[135.75555,34.93528],[135.75519,34.93528],[135.75482,34.93527],[135.75555,34.93528]]],[[[135.74111,34.93927],[135.74108,34.9392],[135.74174,34.94073],[135.74111,34.93927]]],[[[135.74815,34.93867],[135.74851,34.93866],[135.74828,34.93867],[135.74815,34.93867]]],[[[135.73782,34.91469],[135.73754,34.91432],[135.73733,34.91404],[135.73782,34.91469]]],[[[135.74925,34.92348],[135.74928,34.92219],[135.74926,34.92306],[135.74925,34.92348]]],[[[135.76366,34.93193],[135.76366,34.93195],[135.76365,34.93209],[135.76366,34.93193]]],[[[135.76302,34.92987],[135.76292,34.92987],[135.76366,34.92986],[135.76302,34.92987]]],[[[135.75622,34.93021],[135.75623,34.93118],[135.75624,34.93253],[135.75622,34.93021]]],[[[135.76921,34.92533],[135.76906,34.92518],[135.76916,34.92528],[135.76921,34.92533]]],[[[135.77134,34.9679],[135.77094,34.96791],[135.77131,34.9679],[135.77134,34.9679]]]]}},{"type":"Feature","properties":{"nm":"京都市山科区","b":[135.7866,34.9502,135.8634,35.0167],"c":[135.81648,34.98319]},"geometry":{"type":"MultiPolygon","coordinates":[[[[135.80133,34.97216],[135.8014,34.97234],[135.80145,34.97247],[135.80133,34.97216]]],[[[135.81551,34.98772],[135.81552,34.98754],[135.81552,34.9877],[135.81551,34.98772]]],[[[135.83014,34.99585],[135.83078,34.99637],[135.83071,34.99669],[135.83113,34.9973],[135.83163,34.99861],[135.83189,34.9984],[135.83268,34.99912],[135.83254,34.99941],[135.83291,34.99977],[135.83258,35.00037],[135.83257,35.00048],[135.83335,35.00053],[135.83389,35.00002],[135.83393,34.99915],[135.83515,34.99936],[135.83533,34.99941],[135.83651,35.0002],[135.83639,35.00076],[135.83675,35.00174],[135.83656,35.00187],[135.83595,35.0021],[135.83531,35.0031],[135.83417,35.00413],[135.83399,35.00487],[135.83352,35.00586],[135.8335,35.00679],[135.83294,35.00857],[135.8329,35.00947],[135.83151,35.00998],[135.83034,35.0099],[135.82979,35.00952],[135.8291,35.00944],[135.82869,35.00877],[135.82773,35.00895],[135.82663,35.0084],[135.82509,35.00844],[135.82398,35.00882],[135.82362,35.01028],[135.82291,35.01084],[135.82254,35.01193],[135.82192,35.0125],[135.82101,35.01292],[135.82025,35.01295],[135.81969,35.013],[135.81901,35.0131],[135.81853,35.01334],[135.81754,35.01334],[135.81705,35.01334],[135.81651,35.01272],[135.81589,35.01343],[135.81608,35.01433],[135.81591,35.01465],[135.81558,35.01498],[135.81431,35.01519],[135.81409,35.0153],[135.81318,35.01519],[135.81208,35.01549],[135.81144,35.01537],[135.81092,35.0155],[135.81088,35.01652],[135.81019,35.0167],[135.80946,35.01659],[135.80906,35.01593],[135.80853,35.01566],[135.80746,35.01576],[135.80714,35.01549],[135.80696,35.01538],[135.80687,35.01534],[135.80636,35.01516],[135.80575,35.01555],[135.80513,35.01519],[135.80477,35.01499],[135.80442,35.01473],[135.80415,35.01384],[135.80392,35.01372],[135.80365,35.01361],[135.8032,35.013],[135.80322,35.0127],[135.80295,35.01229],[135.80326,35.01164],[135.80338,35.0115],[135.80353,35.01098],[135.80349,35.01031],[135.80263,35.00959],[135.80191,35.00971],[135.80204,35.00935],[135.80192,35.00884],[135.80163,35.00851],[135.80089,35.00779],[135.80036,35.00758],[135.79991,35.00739],[135.79957,35.00745],[135.79841,35.00695],[135.79827,35.00672],[135.79799,35.00636],[135.79768,35.00671],[135.79732,35.00676],[135.79711,35.00704],[135.79658,35.00712],[135.79638,35.00775],[135.79574,35.00773],[135.79493,35.00691],[135.79456,35.00677],[135.79378,35.00651],[135.79342,35.00652],[135.79261,35.00676],[135.79245,35.00675],[135.79236,35.00673],[135.79211,35.00673],[135.79136,35.007],[135.79117,35.00704],[135.79129,35.0067],[135.79088,35.00637],[135.79117,35.00572],[135.79136,35.00563],[135.79112,35.00524],[135.79035,35.00692],[135.79018,35.00722],[135.79016,35.00748],[135.79016,35.00756],[135.79009,35.00744],[135.78966,35.00748],[135.78867,35.00743],[135.78802,35.00725],[135.78759,35.00679],[135.78699,35.00663],[135.78679,35.0062],[135.7866,35.00579],[135.78686,35.00514],[135.78705,35.00429],[135.78706,35.00421],[135.7873,35.00382],[135.78731,35.00343],[135.78742,35.00303],[135.78746,35.00291],[135.78755,35.00272],[135.7876,35.00263],[135.78763,35.00219],[135.78799,35.00182],[135.78775,35.00145],[135.78777,35.00118],[135.78895,34.99971],[135.78912,34.99926],[135.78966,34.99891],[135.78991,34.99858],[135.79076,34.99801],[135.79092,34.99737],[135.79096,34.99708],[135.79108,34.99665],[135.79103,34.99645],[135.79073,34.99603],[135.79068,34.99599],[135.78984,34.9956],[135.79019,34.99475],[135.79023,34.99338],[135.79051,34.99338],[135.79035,34.99301],[135.79044,34.99283],[135.79073,34.99226],[135.79089,34.9914],[135.79088,34.99116],[135.79078,34.99058],[135.7903,34.99021],[135.79039,34.98962],[135.78903,34.98917],[135.78903,34.98904],[135.78888,34.98875],[135.78931,34.98745],[135.78856,34.9869],[135.78759,34.98553],[135.78699,34.98524],[135.78759,34.98481],[135.78897,34.98308],[135.78902,34.98302],[135.78938,34.98224],[135.78988,34.98155],[135.78931,34.98217],[135.78828,34.98198],[135.78825,34.98172],[135.78779,34.98153],[135.78778,34.98152],[135.78831,34.98137],[135.78784,34.9801],[135.78848,34.97993],[135.78838,34.97967],[135.78796,34.97949],[135.78752,34.97938],[135.78692,34.97873],[135.78696,34.97847],[135.78683,34.97826],[135.78741,34.97773],[135.78777,34.97746],[135.788,34.97729],[135.78813,34.9771],[135.78806,34.97628],[135.78724,34.97479],[135.78697,34.97447],[135.78659,34.97408],[135.78683,34.9737],[135.78726,34.97304],[135.78742,34.97257],[135.78762,34.97207],[135.7877,34.97181],[135.78785,34.9716],[135.78837,34.97106],[135.78832,34.96995],[135.78867,34.96928],[135.78868,34.96857],[135.78936,34.96771],[135.78915,34.96734],[135.78998,34.96685],[135.79084,34.96619],[135.79122,34.96599],[135.79127,34.9659],[135.79119,34.96548],[135.79119,34.96536],[135.79131,34.96507],[135.79111,34.96436],[135.79127,34.96401],[135.79119,34.96347],[135.79114,34.96294],[135.79099,34.96242],[135.79066,34.96185],[135.79078,34.96157],[135.79118,34.96102],[135.79124,34.96079],[135.79111,34.96002],[135.79107,34.95993],[135.791,34.95986],[135.79076,34.95967],[135.79107,34.95894],[135.79131,34.95873],[135.79136,34.9585],[135.79118,34.9583],[135.79105,34.95821],[135.79089,34.95783],[135.79097,34.95739],[135.79098,34.95672],[135.79112,34.95643],[135.79149,34.95532],[135.79174,34.95389],[135.7928,34.95209],[135.79318,34.95205],[135.79358,34.95019],[135.79502,34.95139],[135.79671,34.95155],[135.79751,34.95179],[135.79765,34.95206],[135.79761,34.95249],[135.79844,34.95314],[135.79916,34.95345],[135.79927,34.95356],[135.79937,34.95438],[135.79934,34.95448],[135.79953,34.95496],[135.79983,34.9553],[135.79996,34.95536],[135.80076,34.95568],[135.80126,34.95562],[135.80234,34.95515],[135.80268,34.95485],[135.80285,34.95471],[135.80291,34.95469],[135.80381,34.95403],[135.80436,34.95353],[135.80465,34.95334],[135.80473,34.95325],[135.80483,34.95313],[135.80636,34.95338],[135.80756,34.95307],[135.80775,34.95406],[135.80797,34.95405],[135.8078,34.95318],[135.80804,34.95282],[135.80853,34.95284],[135.80937,34.95396],[135.80984,34.95377],[135.80988,34.95376],[135.81009,34.95414],[135.81049,34.95487],[135.81089,34.95562],[135.81195,34.95554],[135.81193,34.95543],[135.81215,34.95562],[135.81229,34.95602],[135.81287,34.95609],[135.81281,34.95565],[135.81294,34.95482],[135.81369,34.95468],[135.81403,34.95491],[135.81422,34.9558],[135.81354,34.95569],[135.81348,34.95659],[135.81319,34.95792],[135.81266,34.95792],[135.81257,34.95876],[135.81222,34.95901],[135.8133,34.95891],[135.81341,34.95908],[135.8143,34.95903],[135.81487,34.95865],[135.81495,34.95813],[135.81577,34.95813],[135.81611,34.95776],[135.81683,34.95777],[135.81737,34.95777],[135.81762,34.9582],[135.81747,34.9594],[135.81707,34.96025],[135.81729,34.96049],[135.81886,34.96051],[135.81925,34.96096],[135.82014,34.96097],[135.82,34.96114],[135.8198,34.96167],[135.81935,34.96181],[135.81908,34.96236],[135.81906,34.9626],[135.81902,34.96296],[135.81922,34.9632],[135.81914,34.96322],[135.81919,34.96358],[135.81993,34.96342],[135.82,34.96361],[135.8194,34.96416],[135.81971,34.96445],[135.82024,34.96423],[135.82048,34.96414],[135.82119,34.96409],[135.82123,34.96409],[135.82139,34.96408],[135.82233,34.96415],[135.82428,34.96428],[135.82518,34.96447],[135.82587,34.96462],[135.826,34.96472],[135.82646,34.96472],[135.82694,34.96436],[135.8279,34.964],[135.82846,34.96439],[135.82873,34.96517],[135.82915,34.96573],[135.82995,34.9663],[135.83035,34.9665],[135.83068,34.96685],[135.8312,34.96751],[135.83159,34.96773],[135.8329,34.96861],[135.83355,34.96874],[135.83408,34.96872],[135.83489,34.96949],[135.83542,34.96974],[135.83586,34.96978],[135.83641,34.96942],[135.83656,34.96858],[135.83717,34.96774],[135.83714,34.96727],[135.83747,34.96644],[135.8382,34.96636],[135.83904,34.96569],[135.84062,34.96567],[135.84165,34.96642],[135.84321,34.9671],[135.84457,34.9683],[135.84483,34.96827],[135.84492,34.96753],[135.84472,34.96704],[135.84555,34.96657],[135.84568,34.96609],[135.84618,34.96591],[135.84687,34.96503],[135.84728,34.96516],[135.84895,34.96463],[135.84933,34.96429],[135.8505,34.96462],[135.85189,34.96457],[135.85195,34.96397],[135.85251,34.96354],[135.85343,34.96337],[135.85418,34.96359],[135.85618,34.96327],[135.85844,34.9621],[135.86012,34.96132],[135.86162,34.96052],[135.86343,34.96017],[135.86311,34.96069],[135.8625,34.96105],[135.86131,34.96262],[135.86079,34.96309],[135.86011,34.9632],[135.85885,34.96489],[135.85627,34.96672],[135.85618,34.96715],[135.85647,34.96873],[135.85608,34.96967],[135.85504,34.9703],[135.85447,34.97082],[135.85402,34.97081],[135.85277,34.97076],[135.85236,34.97136],[135.8526,34.97274],[135.85368,34.9736],[135.8541,34.97368],[135.85485,34.97514],[135.85449,34.97564],[135.85393,34.977],[135.85519,34.97773],[135.85626,34.97894],[135.85672,34.98028],[135.85617,34.98129],[135.85666,34.98239],[135.85647,34.98308],[135.85582,34.98416],[135.85514,34.98476],[135.85435,34.98466],[135.85373,34.98428],[135.85287,34.98435],[135.85214,34.98463],[135.85165,34.98428],[135.85083,34.98415],[135.84996,34.98503],[135.84943,34.98462],[135.84897,34.98498],[135.84923,34.98707],[135.84975,34.98824],[135.85037,34.98912],[135.84988,34.98994],[135.84963,34.99093],[135.84902,34.99191],[135.84792,34.9914],[135.84705,34.99137],[135.84606,34.99109],[135.845,34.99085],[135.84458,34.99053],[135.84405,34.9906],[135.84374,34.99023],[135.84315,34.99015],[135.84282,34.98991],[135.84128,34.98989],[135.84034,34.98975],[135.83957,34.98941],[135.83939,34.98932],[135.83955,34.99],[135.83866,34.99041],[135.8383,34.99076],[135.83761,34.99084],[135.8364,34.99099],[135.83616,34.99085],[135.83385,34.99095],[135.83289,34.99086],[135.83138,34.99089],[135.82941,34.9911],[135.82934,34.99081],[135.82937,34.99112],[135.82727,34.9912],[135.82681,34.99133],[135.82685,34.99145],[135.82771,34.99242],[135.82755,34.99251],[135.8283,34.99329],[135.82932,34.99335],[135.82958,34.99382],[135.82946,34.99504],[135.83008,34.9958],[135.83014,34.99585]],[[135.81114,34.97121],[135.81136,34.97097],[135.8112,34.97088],[135.81114,34.97121]],[[135.80281,34.9746],[135.8025,34.97509],[135.80284,34.97464],[135.80281,34.9746]],[[135.80772,34.98134],[135.80743,34.98135],[135.8082,34.98134],[135.80772,34.98134]],[[135.81115,34.97858],[135.81118,34.97806],[135.81096,34.97803],[135.81115,34.97858]],[[135.81141,34.99141],[135.8114,34.99122],[135.81114,34.99123],[135.81132,34.99139],[135.81141,34.99141]],[[135.81114,34.99123],[135.81111,34.99124],[135.81114,34.99139],[135.81114,34.99123]],[[135.80743,34.98704],[135.80754,34.98702],[135.80753,34.98652],[135.80743,34.98704]],[[135.80207,34.99026],[135.80188,34.99024],[135.80207,34.99031],[135.80236,34.99085],[135.80224,34.99032],[135.80207,34.99026]],[[135.80622,34.99155],[135.8062,34.99165],[135.8062,34.99175],[135.80622,34.99155]],[[135.80844,34.98832],[135.80836,34.98859],[135.80897,34.98866],[135.80844,34.98832]],[[135.79789,34.98762],[135.79778,34.9876],[135.79783,34.98761],[135.79789,34.98762]],[[135.79895,34.98596],[135.79893,34.98522],[135.79884,34.98521],[135.79895,34.98596]],[[135.79542,34.98534],[135.7948,34.98524],[135.7954,34.98555],[135.79542,34.98534]],[[135.81109,34.98237],[135.81162,34.98235],[135.81109,34.98233],[135.81109,34.98237]],[[135.82007,34.98934],[135.82052,34.98915],[135.82007,34.9892],[135.82007,34.98934]],[[135.81731,34.98561],[135.81709,34.98502],[135.8172,34.98563],[135.81731,34.98561]],[[135.81709,34.98502],[135.81657,34.98533],[135.81674,34.98543],[135.81709,34.98502]],[[135.8242,34.98851],[135.8245,34.98847],[135.82422,34.98841],[135.82372,34.98851],[135.8242,34.98851]],[[135.8274,34.98522],[135.82748,34.98523],[135.82728,34.98442],[135.8274,34.98522]],[[135.8201,34.98474],[135.82003,34.98512],[135.8202,34.98474],[135.8201,34.98474]],[[135.82865,34.99533],[135.82842,34.99508],[135.82837,34.99535],[135.82865,34.99533]],[[135.82563,34.99043],[135.82569,34.99043],[135.82553,34.99024],[135.82563,34.99043]],[[135.82763,34.98574],[135.82775,34.98555],[135.82752,34.98534],[135.82763,34.98574]],[[135.8281,34.98732],[135.82799,34.98695],[135.82779,34.98628],[135.8281,34.98732]],[[135.83587,34.99076],[135.8359,34.99067],[135.83519,34.99053],[135.83587,34.99076]],[[135.8359,34.99067],[135.83601,34.99002],[135.83663,34.99002],[135.83594,34.98982],[135.8359,34.99067]],[[135.83726,34.9817],[135.83717,34.98193],[135.83789,34.98159],[135.83726,34.9817]],[[135.83431,34.98367],[135.83392,34.98349],[135.83381,34.9835],[135.83431,34.98367]],[[135.83107,34.97778],[135.83021,34.97762],[135.83057,34.97779],[135.83107,34.97778]],[[135.82926,34.97701],[135.82868,34.97626],[135.82893,34.97659],[135.82926,34.97701]],[[135.83732,34.98676],[135.83692,34.98692],[135.83731,34.98684],[135.83738,34.9865],[135.83732,34.98676]],[[135.83723,34.99004],[135.83702,34.99003],[135.83723,34.99006],[135.83723,34.99004]],[[135.8294,34.9883],[135.82936,34.98834],[135.82945,34.98848],[135.8294,34.9883]],[[135.80597,34.95973],[135.80584,34.95968],[135.80572,34.9597],[135.80597,34.95973]],[[135.79838,34.96525],[135.79833,34.96553],[135.79842,34.96632],[135.79838,34.96525]],[[135.79974,34.96719],[135.80008,34.96685],[135.80035,34.96657],[135.79974,34.96719]],[[135.80048,34.96667],[135.80082,34.9668],[135.8009,34.96671],[135.80065,34.96656],[135.80048,34.96667]],[[135.79139,34.95654],[135.79124,34.95672],[135.79112,34.95764],[135.7914,34.95672],[135.79139,34.95654]],[[135.8003,34.95899],[135.80024,34.95915],[135.80078,34.9586],[135.8003,34.95899]],[[135.79439,34.9858],[135.79445,34.98584],[135.79536,34.98583],[135.79439,34.9858]],[[135.7984,34.98082],[135.79844,34.98061],[135.79805,34.98079],[135.7984,34.98082]],[[135.80074,34.97814],[135.80072,34.97814],[135.80073,34.97821],[135.80074,34.97814]],[[135.79526,34.97875],[135.79526,34.97898],[135.79527,34.97858],[135.79526,34.97875]],[[135.79912,34.97888],[135.799,34.97887],[135.79913,34.97891],[135.79912,34.97888]],[[135.79791,34.97634],[135.79748,34.97664],[135.79785,34.97666],[135.79791,34.97634]],[[135.79635,34.97953],[135.79567,34.97955],[135.79646,34.97953],[135.79635,34.97953]],[[135.79117,34.9775],[135.79123,34.97768],[135.79178,34.97742],[135.79117,34.9775]],[[135.80199,34.9739],[135.80205,34.9737],[135.80204,34.97356],[135.80199,34.9739]],[[135.80038,34.9948],[135.80043,34.99471],[135.8002,34.99472],[135.80038,34.9948]],[[135.79891,34.99223],[135.7989,34.99223],[135.79888,34.99255],[135.79891,34.99223]],[[135.80383,34.99495],[135.80341,34.99523],[135.80391,34.99496],[135.80383,34.99495]],[[135.81638,34.99121],[135.8163,34.99121],[135.81639,34.99162],[135.81638,34.99121]],[[135.8171,34.99393],[135.81718,34.99396],[135.81747,34.99401],[135.8171,34.99393]],[[135.81756,34.99611],[135.81714,34.99633],[135.81742,34.99658],[135.81756,34.99611]],[[135.82108,35.00215],[135.82094,35.00195],[135.8209,35.002],[135.82108,35.00215]],[[135.81599,35.00289],[135.81611,35.00279],[135.81632,35.00259],[135.81599,35.00289]],[[135.81692,35.00196],[135.81696,35.00204],[135.81702,35.00192],[135.81692,35.00196]],[[135.81848,35.00035],[135.8184,35.00006],[135.81829,35.00023],[135.81848,35.00035]],[[135.8178,34.99826],[135.8178,34.99839],[135.81802,34.99736],[135.8178,34.99826]],[[135.81832,34.99976],[135.81809,34.99953],[135.81812,34.99958],[135.81832,34.99976]],[[135.81809,34.99953],[135.81935,34.99943],[135.81858,34.99943],[135.81808,34.99945],[135.81809,34.99953]],[[135.81543,34.9956],[135.81537,34.99541],[135.81506,34.99534],[135.81492,34.99571],[135.81543,34.9956]],[[135.81597,34.99412],[135.816,34.99385],[135.81597,34.99384],[135.81597,34.99412]]],[[[135.82276,34.97798],[135.82247,34.97796],[135.82281,34.97798],[135.82276,34.97798]]]]}},{"type":"Feature","properties":{"nm":"京都市西京区","b":[135.5995,34.9274,135.7221,35.0307],"c":[135.66053,34.97292]},"geometry":{"type":"MultiPolygon","coordinates":[[[[135.67682,35.01178],[135.67597,35.01216],[135.67442,35.01273],[135.67307,35.01276],[135.67159,35.01304],[135.66971,35.01424],[135.6688,35.01565],[135.66799,35.0162],[135.6673,35.01639],[135.66663,35.01663],[135.66614,35.01696],[135.66595,35.01703],[135.66578,35.01707],[135.66502,35.01708],[135.66444,35.01723],[135.663,35.01726],[135.66196,35.01728],[135.66027,35.01758],[135.65921,35.0175],[135.65856,35.01772],[135.65834,35.01785],[135.65777,35.01842],[135.65717,35.01918],[135.65704,35.01939],[135.65616,35.0208],[135.65566,35.02219],[135.65553,35.02303],[135.65533,35.02446],[135.65425,35.02547],[135.65358,35.02588],[135.65332,35.02671],[135.65321,35.02796],[135.65326,35.0286],[135.65297,35.02971],[135.65262,35.02994],[135.65191,35.03024],[135.65083,35.03065],[135.65034,35.03025],[135.64924,35.02878],[135.64791,35.02746],[135.64635,35.02671],[135.6455,35.02598],[135.64217,35.02386],[135.64034,35.02366],[135.64002,35.02351],[135.63964,35.02296],[135.63938,35.02099],[135.63905,35.02051],[135.63858,35.01988],[135.63709,35.01939],[135.63638,35.01915],[135.63629,35.01894],[135.63687,35.01882],[135.63752,35.01761],[135.63755,35.01707],[135.6377,35.01683],[135.63893,35.01658],[135.63986,35.01584],[135.63981,35.01556],[135.63974,35.01523],[135.6411,35.01448],[135.64138,35.01386],[135.64177,35.01369],[135.64306,35.01299],[135.64342,35.01203],[135.64349,35.01167],[135.64388,35.01121],[135.64423,35.0106],[135.6441,35.01002],[135.64447,35.0097],[135.64505,35.00933],[135.6461,35.00795],[135.64661,35.00772],[135.64646,35.00701],[135.64668,35.00657],[135.64666,35.00607],[135.64675,35.00549],[135.64624,35.00429],[135.64622,35.00326],[135.64571,35.00251],[135.64611,35.00155],[135.6459,35.00123],[135.64386,35.00008],[135.64285,34.99973],[135.64246,35.00054],[135.64201,35.00032],[135.64145,34.99985],[135.64041,34.99902],[135.63995,34.99824],[135.63922,34.99795],[135.63919,34.99724],[135.63896,34.99629],[135.63886,34.99575],[135.63905,34.99531],[135.63917,34.99507],[135.63915,34.99391],[135.63863,34.99337],[135.63865,34.99216],[135.63865,34.99168],[135.63854,34.99103],[135.6377,34.9896],[135.63812,34.98817],[135.6386,34.98763],[135.63888,34.98683],[135.63876,34.9862],[135.63816,34.98523],[135.63787,34.98379],[135.63814,34.98286],[135.63732,34.98252],[135.63763,34.98158],[135.63815,34.98069],[135.63869,34.98029],[135.63924,34.9795],[135.64058,34.97908],[135.64109,34.97689],[135.64152,34.97552],[135.64103,34.97534],[135.63878,34.97546],[135.63761,34.97506],[135.6365,34.97538],[135.63521,34.97521],[135.63425,34.97475],[135.63191,34.97451],[135.63143,34.97465],[135.63018,34.97437],[135.62912,34.97357],[135.62829,34.97315],[135.62776,34.97271],[135.62692,34.97271],[135.6264,34.97313],[135.62627,34.97378],[135.62489,34.97372],[135.62463,34.97387],[135.62421,34.97427],[135.62258,34.97443],[135.62214,34.97423],[135.62145,34.97431],[135.62111,34.97427],[135.62033,34.97354],[135.61854,34.97299],[135.61817,34.97248],[135.61643,34.97253],[135.61529,34.97152],[135.61452,34.97126],[135.61388,34.97135],[135.61341,34.97127],[135.61334,34.9704],[135.61366,34.96924],[135.61365,34.96734],[135.61381,34.96713],[135.61531,34.96636],[135.61558,34.96608],[135.61527,34.96509],[135.61551,34.96269],[135.6163,34.96197],[135.61672,34.96198],[135.6176,34.96112],[135.61798,34.96013],[135.61873,34.95884],[135.61865,34.95833],[135.61787,34.95703],[135.61695,34.95748],[135.61664,34.95727],[135.61709,34.95696],[135.61723,34.95579],[135.61623,34.95494],[135.61548,34.95391],[135.61546,34.95347],[135.61623,34.95262],[135.61526,34.95257],[135.6149,34.95228],[135.61545,34.95151],[135.615,34.95097],[135.61476,34.95016],[135.6142,34.95024],[135.61432,34.94843],[135.61353,34.94711],[135.61274,34.94672],[135.6134,34.94652],[135.61372,34.94603],[135.61252,34.94542],[135.61132,34.94349],[135.61295,34.94207],[135.61274,34.94179],[135.61138,34.94244],[135.61069,34.94217],[135.61104,34.94091],[135.61052,34.93965],[135.61021,34.93956],[135.6095,34.94002],[135.6084,34.9398],[135.60812,34.93949],[135.60777,34.93822],[135.60675,34.93772],[135.60748,34.93676],[135.60742,34.93646],[135.60667,34.93626],[135.60601,34.93516],[135.60566,34.93528],[135.60524,34.93629],[135.60445,34.93612],[135.6043,34.9364],[135.60339,34.93619],[135.60312,34.93582],[135.60372,34.93546],[135.60327,34.93494],[135.60309,34.93428],[135.60201,34.93348],[135.60219,34.93267],[135.60198,34.93229],[135.60058,34.93087],[135.60123,34.93019],[135.60123,34.92972],[135.60052,34.92936],[135.59954,34.92851],[135.60013,34.92841],[135.60074,34.92772],[135.60166,34.92778],[135.60264,34.92738],[135.60461,34.92757],[135.60579,34.92756],[135.60721,34.92839],[135.60773,34.92848],[135.6094,34.92826],[135.61132,34.92863],[135.61196,34.92855],[135.61433,34.92781],[135.61509,34.92792],[135.61556,34.92839],[135.61633,34.92846],[135.61732,34.92919],[135.61734,34.93098],[135.61814,34.93103],[135.61887,34.93143],[135.61887,34.93215],[135.61947,34.93235],[135.62027,34.9323],[135.6205,34.93281],[135.62169,34.93323],[135.62215,34.93365],[135.62311,34.93432],[135.6235,34.93495],[135.62409,34.93501],[135.62507,34.93448],[135.62559,34.93446],[135.62676,34.93388],[135.62757,34.93375],[135.6281,34.93396],[135.62852,34.93483],[135.62911,34.93534],[135.62986,34.9348],[135.63019,34.9352],[135.63173,34.93476],[135.63224,34.93484],[135.6331,34.93452],[135.63411,34.9339],[135.63432,34.93326],[135.63404,34.93258],[135.63465,34.93218],[135.63535,34.93207],[135.63643,34.93104],[135.63758,34.93145],[135.63837,34.93202],[135.63938,34.93159],[135.64056,34.93128],[135.6411,34.93051],[135.64256,34.93073],[135.64328,34.92996],[135.64391,34.93032],[135.64452,34.93028],[135.64599,34.92958],[135.64691,34.92976],[135.64775,34.93046],[135.64801,34.93092],[135.648,34.93159],[135.64837,34.93236],[135.64915,34.93243],[135.65048,34.93216],[135.65146,34.93251],[135.6518,34.93284],[135.65213,34.93374],[135.65293,34.93428],[135.65427,34.93441],[135.65516,34.93407],[135.65677,34.93438],[135.6589,34.9332],[135.65951,34.93558],[135.66014,34.93586],[135.66071,34.93555],[135.66211,34.93574],[135.6627,34.93606],[135.66376,34.93615],[135.66416,34.93711],[135.66381,34.93782],[135.66434,34.93832],[135.66457,34.9391],[135.66541,34.93928],[135.66673,34.93911],[135.6675,34.93936],[135.66827,34.94025],[135.66868,34.94039],[135.66937,34.93999],[135.66952,34.94076],[135.67056,34.94117],[135.67095,34.94164],[135.67158,34.94186],[135.67218,34.94225],[135.67229,34.94293],[135.67197,34.94336],[135.67282,34.94403],[135.67321,34.94383],[135.6739,34.94472],[135.67483,34.94551],[135.67565,34.94545],[135.67768,34.94491],[135.67872,34.94438],[135.68118,34.94451],[135.68279,34.94471],[135.68538,34.94479],[135.68574,34.94526],[135.6881,34.94537],[135.69101,34.94512],[135.69224,34.94542],[135.69358,34.94575],[135.69389,34.94604],[135.69498,34.9463],[135.6952,34.94668],[135.69552,34.94698],[135.6964,34.94675],[135.69605,34.94769],[135.69568,34.94865],[135.69497,34.94874],[135.69436,34.94908],[135.69377,34.94921],[135.69255,34.95079],[135.69177,34.95166],[135.69014,34.95393],[135.68969,34.95406],[135.68923,34.95455],[135.68838,34.95641],[135.68825,34.95693],[135.68769,34.95768],[135.68802,34.95836],[135.68801,34.95887],[135.6877,34.95938],[135.68585,34.96095],[135.68528,34.96175],[135.68511,34.96282],[135.68409,34.96381],[135.68313,34.96421],[135.6832,34.96474],[135.68299,34.96606],[135.68344,34.96711],[135.68291,34.96928],[135.68416,34.96941],[135.68476,34.96938],[135.68515,34.96873],[135.68538,34.96843],[135.68621,34.96852],[135.68642,34.96694],[135.68726,34.96675],[135.68786,34.96676],[135.68796,34.96678],[135.68814,34.96689],[135.68827,34.96703],[135.68873,34.96697],[135.68947,34.96722],[135.69011,34.96717],[135.69056,34.96729],[135.69168,34.96753],[135.69193,34.96756],[135.69196,34.96757],[135.6924,34.96782],[135.69272,34.96813],[135.69278,34.96832],[135.69292,34.96853],[135.69405,34.96851],[135.69484,34.96852],[135.69631,34.96861],[135.69665,34.96861],[135.69855,34.9686],[135.69988,34.96852],[135.69985,34.96808],[135.7001,34.96768],[135.70012,34.9676],[135.69993,34.9676],[135.69994,34.96713],[135.70003,34.96648],[135.69999,34.96575],[135.70123,34.96568],[135.70123,34.96565],[135.70193,34.96567],[135.70306,34.96569],[135.7026,34.96568],[135.70241,34.964],[135.70247,34.96369],[135.70316,34.96362],[135.70339,34.96362],[135.70479,34.96363],[135.70483,34.96363],[135.70486,34.96744],[135.70485,34.96872],[135.70638,34.96873],[135.70949,34.96875],[135.71156,34.96856],[135.71177,34.96854],[135.71564,34.96852],[135.71642,34.9686],[135.71823,34.96851],[135.71867,34.96853],[135.71927,34.96854],[135.71953,34.96859],[135.72012,34.96857],[135.72206,34.9685],[135.72189,34.97067],[135.72155,34.97348],[135.72113,34.97429],[135.72058,34.97508],[135.72044,34.97522],[135.71852,34.97733],[135.71713,34.97855],[135.71602,34.97944],[135.71504,34.98052],[135.71475,34.98098],[135.71389,34.98255],[135.7133,34.98359],[135.71318,34.98382],[135.71301,34.9842],[135.71275,34.98479],[135.71219,34.98584],[135.71211,34.98598],[135.7109,34.98832],[135.71073,34.98865],[135.71039,34.99081],[135.71037,34.99147],[135.70967,34.99357],[135.70951,34.99395],[135.7093,34.99445],[135.70891,34.99536],[135.70798,34.99676],[135.70726,34.99753],[135.70682,34.99793],[135.70575,34.99857],[135.70522,34.9988],[135.70478,34.99898],[135.70459,34.99905],[135.70341,34.99918],[135.70105,34.99907],[135.69874,34.99878],[135.69775,34.99812],[135.69753,34.99803],[135.69667,34.99768],[135.69548,34.99754],[135.69442,34.99764],[135.69306,34.99806],[135.69177,34.99864],[135.69047,34.99939],[135.69001,34.99995],[135.68962,35.00044],[135.68966,35.00158],[135.68959,35.00287],[135.68976,35.00364],[135.68968,35.00506],[135.68965,35.00551],[135.68961,35.00625],[135.68955,35.00703],[135.68943,35.00808],[135.68818,35.00982],[135.68765,35.0103],[135.68616,35.01126],[135.68421,35.01202],[135.68208,35.01262],[135.68137,35.01271],[135.67952,35.01178],[135.6784,35.0114],[135.67772,35.01141],[135.67682,35.01178]],[[135.68821,34.99912],[135.68822,34.99881],[135.68814,34.99909],[135.68821,34.99912]],[[135.68775,34.9957],[135.68772,34.99484],[135.68765,34.99498],[135.68775,34.9957]],[[135.68963,34.99531],[135.68968,34.99518],[135.68938,34.99502],[135.68963,34.99531]],[[135.68442,34.99331],[135.68434,34.99356],[135.68451,34.99374],[135.68457,34.99342],[135.68442,34.99331]],[[135.69438,34.99459],[135.69423,34.99426],[135.69422,34.9946],[135.69438,34.99459]],[[135.68622,34.99193],[135.6856,34.99158],[135.68628,34.99214],[135.68622,34.99193]],[[135.68356,34.98984],[135.68333,34.98967],[135.6834,34.99025],[135.68356,34.98984]],[[135.67869,34.99207],[135.67864,34.99187],[135.67858,34.99232],[135.67869,34.99207]],[[135.68574,34.98924],[135.68547,34.99068],[135.68569,34.98958],[135.68574,34.98924]],[[135.68899,34.9886],[135.68894,34.98851],[135.68894,34.98859],[135.68899,34.9886]],[[135.67342,34.98754],[135.67356,34.98747],[135.67335,34.98748],[135.67342,34.98754]],[[135.69382,34.98261],[135.69417,34.98248],[135.69316,34.98258],[135.69382,34.98261]],[[135.68161,34.98346],[135.68159,34.98348],[135.68174,34.98354],[135.68161,34.98346]],[[135.6888,34.97899],[135.68904,34.97921],[135.68891,34.979],[135.6888,34.97899]],[[135.69047,34.98035],[135.69049,34.98021],[135.69048,34.98012],[135.69047,34.98035]],[[135.69387,34.97771],[135.69397,34.97792],[135.69393,34.97733],[135.69387,34.97771]],[[135.67848,34.97708],[135.67838,34.97592],[135.67834,34.97696],[135.67848,34.97708]],[[135.67676,34.98184],[135.67676,34.98198],[135.67775,34.98183],[135.67676,34.98184]],[[135.68095,34.98168],[135.6813,34.98194],[135.68137,34.9819],[135.68095,34.98168]],[[135.70522,34.99424],[135.70504,34.99492],[135.70527,34.99409],[135.70527,34.99404],[135.70522,34.99424]],[[135.70676,34.99196],[135.70697,34.99151],[135.70687,34.99165],[135.70676,34.99196]],[[135.70825,34.98745],[135.70848,34.98717],[135.70837,34.9873],[135.70825,34.98745]],[[135.70524,34.98367],[135.70513,34.98359],[135.70474,34.98359],[135.70524,34.98367]],[[135.71348,34.9773],[135.71283,34.97706],[135.71274,34.97703],[135.71348,34.9773]],[[135.70297,34.97276],[135.70274,34.97276],[135.70297,34.97283],[135.70297,34.97276]],[[135.70297,34.97283],[135.70298,34.97305],[135.70331,34.97318],[135.70297,34.97283]],[[135.71086,34.97427],[135.71087,34.97388],[135.71086,34.97423],[135.71086,34.97427]],[[135.70887,34.974],[135.70884,34.9737],[135.70885,34.97385],[135.70887,34.974]],[[135.71101,34.9698],[135.70637,34.96977],[135.70613,34.96977],[135.71101,34.9698]],[[135.71908,34.97413],[135.71908,34.97418],[135.71941,34.97279],[135.71949,34.97238],[135.71929,34.97329],[135.71908,34.97413]],[[135.69143,34.97608],[135.69147,34.97614],[135.69197,34.97598],[135.69143,34.97608]],[[135.68624,34.97309],[135.68595,34.97305],[135.68619,34.97319],[135.68624,34.97309]],[[135.68906,34.97346],[135.68905,34.97298],[135.68892,34.97334],[135.68906,34.97346]],[[135.6902,34.97363],[135.69019,34.9734],[135.69015,34.97363],[135.6902,34.97363]],[[135.69531,34.97073],[135.69523,34.97056],[135.69474,34.97054],[135.69531,34.97073]],[[135.69474,34.97054],[135.69405,34.97055],[135.69405,34.97062],[135.69474,34.97054]],[[135.69654,34.97158],[135.69654,34.97153],[135.69651,34.97229],[135.69654,34.97158]],[[135.69653,34.97251],[135.6965,34.97265],[135.69765,34.97263],[135.69653,34.97251]],[[135.66675,34.9773],[135.66661,34.97761],[135.66682,34.97728],[135.66675,34.9773]],[[135.66879,34.97841],[135.66905,34.97843],[135.66901,34.97836],[135.66879,34.97841]],[[135.65305,34.98715],[135.65314,34.98701],[135.65347,34.98541],[135.65305,34.98715]],[[135.67151,34.97175],[135.67106,34.971],[135.67139,34.97182],[135.67151,34.97175]],[[135.66759,34.98255],[135.66847,34.98219],[135.668,34.98226],[135.66759,34.98255]],[[135.66723,34.96643],[135.66736,34.96557],[135.66709,34.96642],[135.66723,34.96643]],[[135.67456,34.96542],[135.67458,34.96516],[135.67444,34.96558],[135.67456,34.96542]],[[135.67743,34.96046],[135.67705,34.96016],[135.67688,34.96009],[135.67711,34.96034],[135.67743,34.96046]],[[135.67315,34.96918],[135.6738,34.9679],[135.67347,34.96853],[135.67315,34.96918]]],[[[135.69583,34.9969],[135.69589,34.99685],[135.69592,34.99683],[135.69583,34.9969]]],[[[135.71086,34.97523],[135.71092,34.97513],[135.71095,34.9751],[135.71086,34.97523]]],[[[135.66374,34.98868],[135.66817,34.98863],[135.66554,34.98866],[135.66374,34.98868]]],[[[135.66827,34.96271],[135.66859,34.96169],[135.66878,34.96109],[135.66827,34.96271]]]]}},{"type":"Feature","properties":{"nm":"宇治市","b":[135.7599,34.8579,135.8799,34.9573],"c":[135.82038,34.90295]},"geometry":{"type":"MultiPolygon","coordinates":[[[[135.79481,34.93247],[135.79408,34.93154],[135.79361,34.93133],[135.79323,34.93065],[135.79214,34.93006],[135.79222,34.92978],[135.79297,34.92975],[135.79346,34.92944],[135.79317,34.92905],[135.79172,34.9295],[135.79183,34.92815],[135.79203,34.92752],[135.79179,34.92652],[135.79144,34.92639],[135.79096,34.92557],[135.79104,34.92501],[135.79114,34.92435],[135.79121,34.92299],[135.79032,34.92288],[135.79033,34.92238],[135.79043,34.92092],[135.79016,34.9208],[135.78994,34.91897],[135.78991,34.91873],[135.78992,34.91871],[135.78991,34.9181],[135.78991,34.91684],[135.78797,34.91682],[135.78683,34.91647],[135.78536,34.91639],[135.78393,34.91645],[135.78294,34.91682],[135.78093,34.917],[135.77965,34.91695],[135.77842,34.91672],[135.77595,34.91619],[135.77411,34.91521],[135.7721,34.9141],[135.77159,34.91352],[135.77133,34.91356],[135.77069,34.91327],[135.77056,34.91347],[135.77053,34.91345],[135.77042,34.91321],[135.76693,34.91145],[135.76088,34.90837],[135.76303,34.90567],[135.76514,34.90281],[135.76294,34.9017],[135.76468,34.8993],[135.76412,34.89904],[135.76608,34.89635],[135.76568,34.8961],[135.76614,34.89543],[135.7656,34.89513],[135.7667,34.89358],[135.76612,34.89328],[135.76563,34.89302],[135.7651,34.89278],[135.7656,34.89205],[135.76508,34.89181],[135.76455,34.89254],[135.76454,34.89256],[135.7641,34.89316],[135.7646,34.89339],[135.76411,34.8941],[135.76194,34.89303],[135.76133,34.89389],[135.75996,34.89326],[135.75996,34.89222],[135.75995,34.89128],[135.75994,34.89025],[135.75986,34.88827],[135.75995,34.88828],[135.75986,34.88784],[135.75985,34.88731],[135.75989,34.88626],[135.76217,34.88626],[135.76316,34.88623],[135.76466,34.88622],[135.76595,34.8862],[135.76593,34.8848],[135.76593,34.88454],[135.76593,34.88391],[135.76593,34.88362],[135.76594,34.88334],[135.76595,34.88273],[135.76599,34.88215],[135.76602,34.88187],[135.76606,34.88179],[135.76602,34.8807],[135.76603,34.88051],[135.76603,34.8805],[135.76669,34.88027],[135.76677,34.87945],[135.76683,34.87824],[135.76712,34.87822],[135.76702,34.87791],[135.7668,34.87698],[135.76668,34.87645],[135.76696,34.87569],[135.76699,34.87542],[135.76711,34.8744],[135.76264,34.87468],[135.7626,34.8744],[135.76113,34.87448],[135.76041,34.87446],[135.75988,34.87444],[135.75989,34.87426],[135.75994,34.87309],[135.76003,34.87062],[135.76013,34.8686],[135.76198,34.8686],[135.76343,34.86862],[135.76366,34.86866],[135.76472,34.86888],[135.76535,34.86864],[135.76724,34.86868],[135.76837,34.86859],[135.76955,34.86876],[135.77135,34.86869],[135.7716,34.86864],[135.77183,34.86855],[135.77373,34.8685],[135.77618,34.86853],[135.77647,34.86879],[135.77745,34.86888],[135.77901,34.86985],[135.77888,34.87007],[135.77947,34.87011],[135.78063,34.86994],[135.78293,34.86909],[135.78584,34.86818],[135.78666,34.86766],[135.78745,34.8669],[135.78785,34.86649],[135.78843,34.86613],[135.78894,34.86611],[135.79035,34.86651],[135.79065,34.86654],[135.79268,34.86711],[135.79351,34.86707],[135.7939,34.86622],[135.79546,34.86563],[135.79719,34.86568],[135.79774,34.86536],[135.79891,34.86585],[135.79877,34.86642],[135.79957,34.86706],[135.80026,34.86726],[135.80092,34.86688],[135.80158,34.86703],[135.80188,34.86629],[135.80225,34.86636],[135.80287,34.86589],[135.8042,34.86569],[135.80525,34.86493],[135.8058,34.86376],[135.80629,34.86335],[135.80719,34.86393],[135.80932,34.86337],[135.81035,34.86227],[135.81103,34.86194],[135.81192,34.86102],[135.81283,34.861],[135.81362,34.86066],[135.81524,34.86064],[135.81705,34.86048],[135.8175,34.86033],[135.81795,34.86007],[135.81811,34.85956],[135.81937,34.8588],[135.82014,34.85848],[135.82113,34.85839],[135.82161,34.85855],[135.82199,34.85829],[135.8221,34.8582],[135.82241,34.85804],[135.82277,34.85807],[135.82309,34.85808],[135.82338,34.85806],[135.82378,34.85804],[135.82381,34.85804],[135.82467,34.85787],[135.82574,34.85862],[135.82651,34.85898],[135.82797,34.85873],[135.82883,34.85865],[135.82941,34.85904],[135.82967,34.8593],[135.8297,34.85964],[135.82962,34.85978],[135.82906,34.85968],[135.82825,34.85987],[135.82726,34.86049],[135.82607,34.86259],[135.82658,34.86435],[135.82696,34.86483],[135.82718,34.86558],[135.82828,34.86603],[135.82852,34.86597],[135.82901,34.86482],[135.82965,34.86432],[135.82976,34.86461],[135.83073,34.86456],[135.83144,34.86426],[135.83204,34.86463],[135.83265,34.86564],[135.83303,34.86571],[135.8333,34.86585],[135.83439,34.8661],[135.83513,34.86634],[135.8355,34.86662],[135.83714,34.8674],[135.83771,34.86963],[135.83793,34.8704],[135.83847,34.87043],[135.84081,34.87038],[135.84246,34.87045],[135.84368,34.87088],[135.84396,34.872],[135.84388,34.87279],[135.84421,34.87554],[135.84482,34.87707],[135.84612,34.87822],[135.8474,34.87964],[135.84834,34.88126],[135.84913,34.88189],[135.85093,34.8823],[135.85166,34.88247],[135.85297,34.88314],[135.85382,34.88382],[135.85477,34.88428],[135.85605,34.8842],[135.85657,34.88396],[135.85791,34.88353],[135.85855,34.88365],[135.85921,34.88414],[135.85959,34.88482],[135.85961,34.88536],[135.85929,34.88628],[135.8595,34.88735],[135.86005,34.88843],[135.86034,34.88886],[135.86084,34.88947],[135.86157,34.89057],[135.86255,34.89142],[135.8636,34.89155],[135.86444,34.89157],[135.86513,34.89157],[135.8658,34.8916],[135.86629,34.89187],[135.86734,34.89287],[135.86766,34.89353],[135.86779,34.89456],[135.86744,34.89666],[135.86675,34.89816],[135.86511,34.90053],[135.86304,34.90279],[135.86301,34.90344],[135.86436,34.90449],[135.86675,34.90668],[135.86697,34.90679],[135.86941,34.90754],[135.87049,34.90837],[135.87149,34.91078],[135.87155,34.91189],[135.8714,34.9131],[135.87144,34.91476],[135.87064,34.91564],[135.87017,34.91598],[135.86866,34.91639],[135.8685,34.91655],[135.86856,34.91843],[135.86841,34.91943],[135.86823,34.92013],[135.86852,34.92055],[135.86997,34.92124],[135.87039,34.92174],[135.87053,34.92282],[135.87165,34.92346],[135.87176,34.92404],[135.87148,34.92483],[135.87108,34.92567],[135.87041,34.92644],[135.87049,34.92707],[135.87199,34.92745],[135.87291,34.92812],[135.87353,34.92881],[135.87451,34.93023],[135.87544,34.93042],[135.87612,34.93106],[135.87678,34.93236],[135.87781,34.93266],[135.87865,34.93357],[135.87985,34.9343],[135.87965,34.93493],[135.87845,34.93654],[135.87812,34.9369],[135.87829,34.93753],[135.87767,34.93895],[135.8768,34.94042],[135.87748,34.94139],[135.87674,34.94201],[135.87692,34.94247],[135.87593,34.94331],[135.87725,34.94535],[135.87786,34.94594],[135.8787,34.94647],[135.87867,34.9475],[135.87768,34.94714],[135.8757,34.94764],[135.87449,34.94758],[135.87348,34.94786],[135.87293,34.9477],[135.87279,34.94801],[135.87189,34.94842],[135.87088,34.94853],[135.87049,34.94875],[135.86915,34.9492],[135.86778,34.94936],[135.8676,34.94962],[135.867,34.95015],[135.86544,34.95058],[135.86417,34.9505],[135.86298,34.95074],[135.86213,34.95091],[135.86129,34.95155],[135.86052,34.95304],[135.8594,34.95383],[135.8593,34.95565],[135.85939,34.95696],[135.85796,34.95729],[135.85556,34.95714],[135.85452,34.95727],[135.85356,34.95716],[135.85294,34.95681],[135.85156,34.95668],[135.85085,34.95731],[135.85109,34.95641],[135.85074,34.95551],[135.84991,34.95427],[135.8498,34.95337],[135.84913,34.95272],[135.84854,34.95115],[135.84749,34.94915],[135.84695,34.94835],[135.84473,34.94834],[135.84471,34.94826],[135.84501,34.94775],[135.84569,34.94721],[135.84623,34.94656],[135.84677,34.94609],[135.84718,34.94526],[135.84705,34.94479],[135.84693,34.94395],[135.84795,34.94425],[135.84866,34.94408],[135.84765,34.94195],[135.84743,34.94114],[135.84755,34.94078],[135.84892,34.93979],[135.84973,34.93975],[135.8502,34.93936],[135.84977,34.9385],[135.84947,34.93739],[135.84913,34.93676],[135.85018,34.93658],[135.85023,34.93613],[135.84971,34.93547],[135.84992,34.93494],[135.84925,34.93492],[135.84883,34.9346],[135.84909,34.93401],[135.84862,34.93292],[135.84802,34.93221],[135.84721,34.93244],[135.84666,34.93226],[135.84664,34.93176],[135.8471,34.93106],[135.84645,34.93102],[135.84579,34.93126],[135.84512,34.9306],[135.8454,34.92987],[135.84458,34.92992],[135.84412,34.92959],[135.8428,34.93024],[135.84162,34.93052],[135.84007,34.9305],[135.8401,34.932],[135.84112,34.93253],[135.84281,34.9329],[135.84448,34.93351],[135.84477,34.93378],[135.84495,34.93485],[135.84468,34.93543],[135.84264,34.93563],[135.84039,34.93516],[135.83981,34.93515],[135.83879,34.93597],[135.83707,34.93574],[135.83636,34.93553],[135.83636,34.93486],[135.83672,34.93445],[135.83678,34.93427],[135.8355,34.93474],[135.83489,34.93495],[135.83451,34.93508],[135.83402,34.93518],[135.8334,34.93532],[135.8327,34.9357],[135.83206,34.93588],[135.83154,34.93578],[135.83118,34.93577],[135.83055,34.93617],[135.83024,34.93551],[135.83016,34.93542],[135.83019,34.93458],[135.83021,34.93433],[135.83076,34.93311],[135.83094,34.93294],[135.83113,34.93275],[135.83097,34.93228],[135.83066,34.93143],[135.83057,34.93073],[135.83083,34.93021],[135.83058,34.9295],[135.82945,34.92808],[135.82936,34.92748],[135.82804,34.92765],[135.82659,34.92766],[135.8253,34.92763],[135.82456,34.92757],[135.82361,34.92735],[135.82254,34.92711],[135.82184,34.92708],[135.82089,34.92676],[135.8205,34.92685],[135.81996,34.92681],[135.81959,34.92662],[135.81853,34.92661],[135.81824,34.92656],[135.81813,34.9268],[135.81775,34.92681],[135.81774,34.92705],[135.81748,34.92747],[135.81693,34.92751],[135.81628,34.92845],[135.81605,34.92879],[135.81561,34.92928],[135.81546,34.92942],[135.81419,34.92919],[135.81344,34.92951],[135.81341,34.92953],[135.81291,34.92962],[135.81277,34.93044],[135.81337,34.93128],[135.81325,34.93232],[135.81297,34.9327],[135.81294,34.9327],[135.81292,34.93272],[135.81288,34.93277],[135.81282,34.93289],[135.81278,34.93295],[135.81276,34.93306],[135.81248,34.93389],[135.81248,34.93393],[135.81249,34.93443],[135.81178,34.93511],[135.81161,34.93494],[135.81155,34.93493],[135.81069,34.93484],[135.81082,34.93601],[135.81029,34.93636],[135.80993,34.93661],[135.80861,34.93743],[135.80758,34.93769],[135.80646,34.93633],[135.80623,34.93528],[135.80418,34.93579],[135.80356,34.93572],[135.80356,34.9361],[135.80319,34.93632],[135.80208,34.93559],[135.80198,34.93553],[135.80158,34.93524],[135.80077,34.9348],[135.79985,34.93425],[135.79866,34.93462],[135.79816,34.93386],[135.79747,34.93448],[135.79867,34.93557],[135.79885,34.93624],[135.79656,34.93622],[135.7971,34.93774],[135.79675,34.93787],[135.79587,34.93567],[135.79524,34.93365],[135.79501,34.933],[135.79481,34.93247]],[[135.79689,34.93181],[135.79724,34.93182],[135.79689,34.93165],[135.79689,34.93181]],[[135.79691,34.93153],[135.79714,34.93106],[135.79697,34.93109],[135.79691,34.93153]],[[135.80214,34.93485],[135.8023,34.93495],[135.80197,34.93472],[135.80206,34.93479],[135.80214,34.93485]],[[135.79768,34.93114],[135.79812,34.93122],[135.79808,34.93104],[135.79768,34.93114]],[[135.80326,34.93419],[135.80321,34.93423],[135.80342,34.93411],[135.80326,34.93419]],[[135.79368,34.92796],[135.79322,34.92808],[135.79373,34.92813],[135.79368,34.92796]],[[135.83012,34.91867],[135.82997,34.91842],[135.82971,34.9185],[135.83012,34.91867]],[[135.80246,34.91273],[135.80234,34.91316],[135.80261,34.91223],[135.80246,34.91273]],[[135.7901,34.91227],[135.79015,34.91309],[135.7902,34.91374],[135.7901,34.91227]],[[135.79211,34.91631],[135.79403,34.91628],[135.79298,34.91629],[135.79211,34.91631]],[[135.79415,34.91512],[135.79429,34.91517],[135.79386,34.91454],[135.79415,34.91512]],[[135.79762,34.91451],[135.79763,34.91487],[135.79805,34.91489],[135.79762,34.91451]],[[135.80099,34.915],[135.80174,34.91472],[135.80179,34.91465],[135.80099,34.915]],[[135.79482,34.90799],[135.79544,34.90729],[135.79463,34.90803],[135.79482,34.90799]],[[135.81465,34.90583],[135.81448,34.90594],[135.81463,34.9059],[135.81465,34.90583]],[[135.79462,34.90562],[135.79356,34.90622],[135.79406,34.90595],[135.79462,34.90562]],[[135.79036,34.90817],[135.79014,34.90927],[135.79004,34.90985],[135.79036,34.90817]],[[135.79004,34.90985],[135.79001,34.91033],[135.79005,34.91069],[135.79004,34.90985]],[[135.80816,34.89581],[135.80833,34.8955],[135.80804,34.89565],[135.80816,34.89581]],[[135.82414,34.8941],[135.82415,34.89376],[135.8241,34.89379],[135.82414,34.8941]],[[135.82161,34.89779],[135.82144,34.89798],[135.82186,34.89781],[135.82161,34.89779]],[[135.83007,34.89477],[135.83031,34.89475],[135.82993,34.89445],[135.83007,34.89477]],[[135.80309,34.89635],[135.80301,34.89644],[135.8022,34.89747],[135.80309,34.89635]],[[135.82371,34.89164],[135.82319,34.89169],[135.8234,34.89167],[135.82371,34.89164]],[[135.82659,34.88993],[135.82655,34.88988],[135.82607,34.89017],[135.82659,34.88993]],[[135.82511,34.88226],[135.82612,34.88181],[135.82499,34.88229],[135.82511,34.88226]],[[135.8232,34.88661],[135.82332,34.88641],[135.82326,34.88628],[135.8232,34.88661]],[[135.82325,34.88617],[135.82349,34.88577],[135.82337,34.88564],[135.82325,34.88617]],[[135.8363,34.914],[135.83635,34.91464],[135.83646,34.91427],[135.8363,34.914]],[[135.86219,34.9128],[135.86207,34.91298],[135.86245,34.91315],[135.86219,34.9128]],[[135.86263,34.91403],[135.86256,34.91414],[135.86271,34.91418],[135.86263,34.91403]],[[135.86454,34.91364],[135.86498,34.9135],[135.86485,34.91335],[135.86454,34.91364]],[[135.85828,34.91102],[135.85849,34.91114],[135.85843,34.91092],[135.85828,34.91102]],[[135.87043,34.93295],[135.86993,34.93263],[135.86995,34.93285],[135.87043,34.93295]],[[135.85404,34.94707],[135.854,34.94704],[135.85424,34.94758],[135.85404,34.94707]],[[135.8565,34.9231],[135.85642,34.92332],[135.85649,34.92315],[135.8565,34.9231]],[[135.85517,34.92666],[135.85519,34.92673],[135.85536,34.92672],[135.85517,34.92666]],[[135.80012,34.88012],[135.7997,34.87981],[135.79992,34.88022],[135.80012,34.88012]],[[135.80269,34.87968],[135.80272,34.87969],[135.80273,34.87965],[135.8032,34.87813],[135.80269,34.87968]],[[135.80786,34.87634],[135.80788,34.87596],[135.80774,34.87558],[135.80786,34.87634]],[[135.79923,34.87499],[135.79915,34.87496],[135.79915,34.87514],[135.79923,34.87499]],[[135.79832,34.8783],[135.79839,34.87838],[135.7986,34.87839],[135.79832,34.8783]],[[135.80725,34.88161],[135.80705,34.8812],[135.8071,34.88198],[135.80725,34.88161]],[[135.81281,34.88312],[135.81269,34.88311],[135.81228,34.88393],[135.81281,34.88312]],[[135.81111,34.88168],[135.81073,34.88127],[135.81076,34.88159],[135.81111,34.88168]],[[135.7935,34.88277],[135.79339,34.88269],[135.79328,34.88265],[135.7935,34.88277]],[[135.79328,34.88265],[135.79325,34.88266],[135.79305,34.88285],[135.79328,34.88265]],[[135.78722,34.89505],[135.78703,34.89508],[135.78714,34.89509],[135.78722,34.89505]],[[135.78646,34.89741],[135.7864,34.8975],[135.78663,34.89746],[135.78646,34.89741]],[[135.79297,34.89128],[135.79333,34.89105],[135.79302,34.89113],[135.79297,34.89128]],[[135.80672,34.88224],[135.80687,34.88182],[135.80664,34.88218],[135.80672,34.88224]],[[135.81766,34.86927],[135.81741,34.86936],[135.81733,34.86971],[135.81766,34.86927]],[[135.81213,34.88057],[135.81284,34.88135],[135.81223,34.88062],[135.81213,34.88057]],[[135.81284,34.88135],[135.81285,34.88154],[135.81312,34.88159],[135.81284,34.88135]],[[135.81709,34.86746],[135.81722,34.86712],[135.8168,34.86784],[135.81709,34.86746]],[[135.81602,34.86799],[135.81568,34.86798],[135.81574,34.86806],[135.81602,34.86799]],[[135.81296,34.87683],[135.81245,34.877],[135.81231,34.87714],[135.81296,34.87683]],[[135.78203,34.91349],[135.78138,34.91349],[135.7828,34.91352],[135.78203,34.91349]],[[135.77951,34.90958],[135.78047,34.9095],[135.78071,34.90947],[135.77951,34.90958]],[[135.78483,34.89547],[135.7849,34.89497],[135.78493,34.89443],[135.78483,34.89547]],[[135.78378,34.89146],[135.78372,34.89144],[135.78378,34.8921],[135.78378,34.89146]],[[135.76344,34.89092],[135.76275,34.89164],[135.76274,34.89166],[135.76244,34.89234],[135.76294,34.89258],[135.76398,34.89116],[135.76344,34.89092]],[[135.77158,34.87969],[135.7713,34.8797],[135.77065,34.87974],[135.77158,34.87969]],[[135.77065,34.87974],[135.77066,34.87874],[135.77061,34.87789],[135.77065,34.8788],[135.77065,34.87974]],[[135.77624,34.8722],[135.77617,34.87225],[135.77651,34.87215],[135.77624,34.8722]]],[[[135.80037,34.90635],[135.80017,34.90634],[135.80042,34.90635],[135.80037,34.90635]]],[[[135.78791,34.89346],[135.78778,34.89357],[135.78804,34.89335],[135.78791,34.89346]]]]}},{"type":"Feature","properties":{"nm":"城陽市","b":[135.7496,34.8217,135.8479,34.8701],"c":[135.79748,34.8458]},"geometry":{"type":"Polygon","coordinates":[[[135.75254,34.86072],[135.75266,34.8589],[135.75233,34.85602],[135.75211,34.85459],[135.752,34.85334],[135.752,34.85263],[135.75207,34.85263],[135.75268,34.85066],[135.75328,34.84907],[135.75328,34.8489],[135.75379,34.84757],[135.75442,34.84654],[135.75682,34.84306],[135.75776,34.84149],[135.75891,34.84017],[135.76146,34.8368],[135.76235,34.83555],[135.76394,34.83441],[135.76515,34.8338],[135.76641,34.83329],[135.76832,34.83299],[135.77004,34.83314],[135.77269,34.83351],[135.77366,34.83371],[135.7763,34.83333],[135.77705,34.83314],[135.779,34.83265],[135.78033,34.83187],[135.78266,34.83043],[135.78425,34.82939],[135.78533,34.82846],[135.78749,34.82625],[135.78822,34.82531],[135.79061,34.82242],[135.79143,34.82172],[135.79708,34.82194],[135.79981,34.82211],[135.80343,34.82223],[135.80641,34.82268],[135.80746,34.82324],[135.80815,34.82222],[135.80855,34.82235],[135.80928,34.82277],[135.81071,34.82326],[135.81127,34.82383],[135.81265,34.82416],[135.81321,34.82501],[135.814,34.82516],[135.81474,34.82563],[135.81549,34.82504],[135.81635,34.82533],[135.81704,34.82535],[135.81796,34.82574],[135.81968,34.82593],[135.82106,34.82637],[135.82388,34.82484],[135.8243,34.82477],[135.82752,34.82554],[135.82967,34.82574],[135.83277,34.82633],[135.8376,34.82598],[135.83938,34.82577],[135.84043,34.82553],[135.84167,34.8252],[135.84415,34.82475],[135.84646,34.8244],[135.84735,34.82439],[135.84785,34.82465],[135.84709,34.82544],[135.84653,34.82669],[135.84598,34.82893],[135.8459,34.82966],[135.84606,34.83139],[135.84576,34.83191],[135.84591,34.83321],[135.84657,34.83436],[135.84716,34.8346],[135.84712,34.83537],[135.84794,34.8362],[135.84792,34.83663],[135.84763,34.83682],[135.84723,34.83772],[135.84691,34.83776],[135.84646,34.83873],[135.84502,34.8391],[135.84482,34.83985],[135.8438,34.84028],[135.84346,34.84009],[135.84238,34.84058],[135.84196,34.84116],[135.84203,34.84209],[135.84204,34.84316],[135.84182,34.8444],[135.84129,34.84512],[135.84074,34.84555],[135.84026,34.8463],[135.84032,34.8471],[135.83896,34.84835],[135.83802,34.84781],[135.83704,34.84811],[135.83605,34.8481],[135.83518,34.84787],[135.83425,34.84806],[135.8337,34.84847],[135.83396,34.84921],[135.83394,34.84992],[135.83406,34.85296],[135.83398,34.85326],[135.83397,34.85405],[135.83438,34.85602],[135.83342,34.85619],[135.83406,34.85771],[135.83328,34.85828],[135.83311,34.85821],[135.83248,34.85846],[135.8318,34.85878],[135.83052,34.85933],[135.83046,34.85942],[135.82993,34.85986],[135.82962,34.85978],[135.8297,34.85964],[135.82967,34.8593],[135.82941,34.85904],[135.82883,34.85865],[135.82797,34.85873],[135.82651,34.85898],[135.82574,34.85862],[135.82467,34.85787],[135.82381,34.85804],[135.82378,34.85804],[135.82338,34.85806],[135.82309,34.85808],[135.82277,34.85807],[135.82241,34.85804],[135.8221,34.8582],[135.82199,34.85829],[135.82161,34.85855],[135.82113,34.85839],[135.82014,34.85848],[135.81937,34.8588],[135.81811,34.85956],[135.81795,34.86007],[135.8175,34.86033],[135.81705,34.86048],[135.81524,34.86064],[135.81362,34.86066],[135.81283,34.861],[135.81192,34.86102],[135.81103,34.86194],[135.81035,34.86227],[135.80932,34.86337],[135.80719,34.86393],[135.80629,34.86335],[135.8058,34.86376],[135.80525,34.86493],[135.8042,34.86569],[135.80287,34.86589],[135.80225,34.86636],[135.80188,34.86629],[135.80158,34.86703],[135.80092,34.86688],[135.80026,34.86726],[135.79957,34.86706],[135.79877,34.86642],[135.79891,34.86585],[135.79774,34.86536],[135.79719,34.86568],[135.79546,34.86563],[135.7939,34.86622],[135.79351,34.86707],[135.79268,34.86711],[135.79065,34.86654],[135.79035,34.86651],[135.78894,34.86611],[135.78843,34.86613],[135.78785,34.86649],[135.78745,34.8669],[135.78666,34.86766],[135.78584,34.86818],[135.78293,34.86909],[135.78063,34.86994],[135.77947,34.87011],[135.77888,34.87007],[135.77901,34.86985],[135.77745,34.86888],[135.77647,34.86879],[135.77618,34.86853],[135.77373,34.8685],[135.77183,34.86855],[135.7716,34.86864],[135.77135,34.86869],[135.76955,34.86876],[135.76837,34.86859],[135.76724,34.86868],[135.76535,34.86864],[135.76472,34.86888],[135.76366,34.86866],[135.76343,34.86862],[135.76198,34.8686],[135.76013,34.8686],[135.75911,34.86864],[135.75905,34.86864],[135.75743,34.86846],[135.7571,34.86862],[135.75312,34.86864],[135.75268,34.86864],[135.75071,34.86851],[135.75043,34.86809],[135.75025,34.86782],[135.74956,34.86676],[135.75095,34.86536],[135.75199,34.8637],[135.75228,34.86277],[135.7523,34.86267],[135.75234,34.8623],[135.75254,34.86072]],[[135.77192,34.85902],[135.77197,34.85865],[135.77192,34.85865],[135.77192,34.85902]]]}},{"type":"Feature","properties":{"nm":"向日市","b":[135.6829,34.929,135.7183,34.9694],"c":[135.70266,34.94977]},"geometry":{"type":"Polygon","coordinates":[[[135.69168,34.96753],[135.69056,34.96729],[135.69011,34.96717],[135.68947,34.96722],[135.68873,34.96697],[135.68827,34.96703],[135.68814,34.96689],[135.68796,34.96678],[135.68786,34.96676],[135.68726,34.96675],[135.68642,34.96694],[135.68621,34.96852],[135.68538,34.96843],[135.68515,34.96873],[135.68476,34.96938],[135.68416,34.96941],[135.68291,34.96928],[135.68344,34.96711],[135.68299,34.96606],[135.6832,34.96474],[135.68313,34.96421],[135.68409,34.96381],[135.68511,34.96282],[135.68528,34.96175],[135.68585,34.96095],[135.6877,34.95938],[135.68801,34.95887],[135.68802,34.95836],[135.68769,34.95768],[135.68825,34.95693],[135.68838,34.95641],[135.68923,34.95455],[135.68969,34.95406],[135.69014,34.95393],[135.69177,34.95166],[135.69255,34.95079],[135.69377,34.94921],[135.69436,34.94908],[135.69497,34.94874],[135.69568,34.94865],[135.69605,34.94769],[135.6964,34.94675],[135.69552,34.94698],[135.6952,34.94668],[135.69564,34.94642],[135.69575,34.9459],[135.69574,34.94585],[135.69553,34.94549],[135.69562,34.94521],[135.69567,34.94459],[135.69584,34.9441],[135.69633,34.94335],[135.69759,34.94262],[135.69857,34.94229],[135.69865,34.94231],[135.69887,34.94221],[135.69901,34.94221],[135.69892,34.94208],[135.69892,34.94206],[135.69899,34.9417],[135.6992,34.94164],[135.69905,34.94073],[135.69903,34.93948],[135.69834,34.93983],[135.69784,34.93951],[135.69765,34.93931],[135.69886,34.93788],[135.69905,34.93717],[135.69932,34.93596],[135.70026,34.93479],[135.70104,34.93378],[135.70117,34.93297],[135.70091,34.9319],[135.70142,34.93178],[135.70091,34.9319],[135.70089,34.93184],[135.70036,34.93018],[135.70031,34.92955],[135.70085,34.92936],[135.70123,34.92922],[135.70348,34.92921],[135.70377,34.92921],[135.70386,34.92921],[135.70413,34.9292],[135.70605,34.92912],[135.70733,34.9291],[135.70823,34.92908],[135.70955,34.92906],[135.7107,34.92903],[135.71073,34.92912],[135.7108,34.92903],[135.71204,34.92908],[135.71205,34.92908],[135.71264,34.9291],[135.71441,34.92902],[135.71445,34.92909],[135.71441,34.92947],[135.71411,34.93003],[135.71398,34.93055],[135.71336,34.93114],[135.71416,34.93139],[135.71442,34.93141],[135.71443,34.93227],[135.71444,34.93288],[135.71446,34.93488],[135.71445,34.93581],[135.71445,34.93584],[135.71558,34.93586],[135.71566,34.93654],[135.71566,34.9368],[135.71572,34.93782],[135.71568,34.9368],[135.71687,34.93688],[135.71686,34.9387],[135.71661,34.93912],[135.71693,34.9398],[135.71684,34.93983],[135.71799,34.9398],[135.71807,34.9398],[135.71817,34.94054],[135.71818,34.94106],[135.71817,34.94177],[135.71817,34.94208],[135.71828,34.94231],[135.71822,34.94278],[135.71827,34.94327],[135.71825,34.9438],[135.71826,34.94476],[135.71797,34.94477],[135.71533,34.94469],[135.71689,34.9448],[135.71688,34.9457],[135.71688,34.94686],[135.71687,34.94778],[135.71655,34.94779],[135.71683,34.94803],[135.71702,34.94873],[135.71709,34.94885],[135.71695,34.94909],[135.71696,34.94917],[135.71702,34.94928],[135.71713,34.94932],[135.71737,34.94949],[135.71748,34.94994],[135.71738,34.95054],[135.71688,34.95073],[135.71581,34.95071],[135.71576,34.95172],[135.71539,34.95175],[135.7151,34.95175],[135.7147,34.95183],[135.71383,34.95176],[135.71329,34.95203],[135.71326,34.95244],[135.71295,34.95282],[135.71268,34.9528],[135.71215,34.95278],[135.71212,34.9522],[135.71215,34.95323],[135.71214,34.95354],[135.71209,34.95378],[135.7109,34.9538],[135.71086,34.95471],[135.71082,34.9554],[135.7095,34.95538],[135.70952,34.95567],[135.70969,34.95771],[135.70959,34.95865],[135.7096,34.95953],[135.7096,34.95966],[135.70961,34.9612],[135.70961,34.96136],[135.70961,34.96168],[135.70962,34.96266],[135.70612,34.96261],[135.706,34.96362],[135.70483,34.96363],[135.70479,34.96363],[135.70339,34.96362],[135.70316,34.96362],[135.70247,34.96369],[135.70241,34.964],[135.7026,34.96568],[135.70193,34.96567],[135.70123,34.96565],[135.70123,34.96568],[135.69999,34.96575],[135.70003,34.96648],[135.69994,34.96713],[135.69993,34.9676],[135.70012,34.9676],[135.7001,34.96768],[135.69985,34.96808],[135.69988,34.96852],[135.69855,34.9686],[135.69665,34.96861],[135.69631,34.96861],[135.69484,34.96852],[135.69405,34.96851],[135.69292,34.96853],[135.69278,34.96832],[135.69272,34.96813],[135.6924,34.96782],[135.69196,34.96757],[135.69193,34.96756],[135.69168,34.96753]],[[135.69999,34.96575],[135.69998,34.96556],[135.69978,34.96557],[135.69999,34.96575]],[[135.69873,34.95656],[135.69829,34.95666],[135.69844,34.95663],[135.69873,34.95656]],[[135.69439,34.94938],[135.69474,34.94914],[135.69437,34.94921],[135.69439,34.94938]],[[135.70584,34.94863],[135.70564,34.94867],[135.70556,34.9487],[135.70584,34.94863]],[[135.69789,34.95345],[135.69751,34.95346],[135.69789,34.95358],[135.69789,34.95345]],[[135.70609,34.96166],[135.70607,34.96165],[135.70612,34.96254],[135.70609,34.96166]],[[135.70265,34.95276],[135.70253,34.95273],[135.70245,34.95286],[135.70265,34.95276]],[[135.70052,34.94781],[135.69997,34.9479],[135.70051,34.94789],[135.70052,34.94781]],[[135.70078,34.94549],[135.69946,34.94551],[135.70028,34.94554],[135.70078,34.94549]],[[135.69775,34.94629],[135.69707,34.94648],[135.69726,34.94655],[135.69775,34.94629]],[[135.70115,34.94473],[135.70104,34.94471],[135.7006,34.94473],[135.70115,34.94473]],[[135.71203,34.95073],[135.71203,34.95077],[135.71206,34.9506],[135.71203,34.95073]],[[135.71205,34.95192],[135.71208,34.95204],[135.71286,34.95144],[135.71205,34.95192]],[[135.71652,34.94075],[135.71693,34.9408],[135.71648,34.94044],[135.71652,34.94075]],[[135.712,34.93887],[135.71329,34.93887],[135.71432,34.93882],[135.712,34.93887]],[[135.7017,34.94399],[135.70171,34.94425],[135.70195,34.94424],[135.7017,34.94399]],[[135.70526,34.94124],[135.70504,34.94104],[135.70489,34.94123],[135.70526,34.94124]],[[135.70365,34.94134],[135.70283,34.94114],[135.70284,34.94135],[135.70365,34.94134]],[[135.70015,34.94053],[135.70028,34.94097],[135.7003,34.94088],[135.70015,34.94053]],[[135.7048,34.932],[135.70466,34.93172],[135.70461,34.932],[135.7048,34.932]],[[135.70424,34.93758],[135.70359,34.93752],[135.70383,34.93757],[135.70438,34.93759],[135.70424,34.93758]],[[135.70956,34.93811],[135.70959,34.93785],[135.70946,34.93787],[135.70956,34.93811]],[[135.70974,34.93242],[135.71072,34.93218],[135.71066,34.93214],[135.70974,34.93242]],[[135.70491,34.93837],[135.70498,34.93864],[135.70503,34.93838],[135.70491,34.93837]],[[135.71085,34.93283],[135.71085,34.93298],[135.71139,34.93298],[135.71085,34.93283]],[[135.70154,34.93819],[135.70154,34.93822],[135.70229,34.93828],[135.70154,34.93819]]]}},{"type":"Feature","properties":{"nm":"長岡京市","b":[135.6433,34.9023,135.7168,34.9467],"c":[135.68001,34.92449]},"geometry":{"type":"Polygon","coordinates":[[[135.70348,34.92921],[135.70123,34.92922],[135.70085,34.92936],[135.70031,34.92955],[135.70036,34.93018],[135.70089,34.93184],[135.70091,34.9319],[135.70117,34.93297],[135.70104,34.93378],[135.70026,34.93479],[135.69932,34.93596],[135.69905,34.93717],[135.69886,34.93788],[135.69765,34.93931],[135.69784,34.93951],[135.69834,34.93983],[135.69903,34.93948],[135.69905,34.94073],[135.6992,34.94164],[135.69899,34.9417],[135.69892,34.94206],[135.69892,34.94208],[135.69887,34.94221],[135.69865,34.94231],[135.69857,34.94229],[135.69759,34.94262],[135.69633,34.94335],[135.69584,34.9441],[135.69567,34.94459],[135.69562,34.94521],[135.69553,34.94549],[135.69574,34.94585],[135.69575,34.9459],[135.69564,34.94642],[135.6952,34.94668],[135.69498,34.9463],[135.69389,34.94604],[135.69358,34.94575],[135.69224,34.94542],[135.69101,34.94512],[135.6881,34.94537],[135.68574,34.94526],[135.68538,34.94479],[135.68279,34.94471],[135.68118,34.94451],[135.67872,34.94438],[135.67768,34.94491],[135.67565,34.94545],[135.67483,34.94551],[135.6739,34.94472],[135.67321,34.94383],[135.67282,34.94403],[135.67197,34.94336],[135.67229,34.94293],[135.67218,34.94225],[135.67158,34.94186],[135.67095,34.94164],[135.67056,34.94117],[135.66952,34.94076],[135.66937,34.93999],[135.66868,34.94039],[135.66827,34.94025],[135.6675,34.93936],[135.66673,34.93911],[135.66541,34.93928],[135.66457,34.9391],[135.66434,34.93832],[135.66381,34.93782],[135.66416,34.93711],[135.66376,34.93615],[135.6627,34.93606],[135.66211,34.93574],[135.66071,34.93555],[135.66014,34.93586],[135.65951,34.93558],[135.6589,34.9332],[135.65677,34.93438],[135.65516,34.93407],[135.65427,34.93441],[135.65293,34.93428],[135.65213,34.93374],[135.6518,34.93284],[135.65146,34.93251],[135.65048,34.93216],[135.64915,34.93243],[135.64837,34.93236],[135.648,34.93159],[135.64801,34.93092],[135.64775,34.93046],[135.64691,34.92976],[135.64599,34.92958],[135.64452,34.93028],[135.64391,34.93032],[135.64328,34.92996],[135.64366,34.92867],[135.64437,34.92834],[135.64501,34.92733],[135.64542,34.92714],[135.64659,34.92708],[135.64764,34.92637],[135.64859,34.92613],[135.64945,34.92495],[135.65066,34.92449],[135.65051,34.92387],[135.65082,34.92274],[135.65024,34.92097],[135.65133,34.91907],[135.65181,34.91846],[135.65247,34.91824],[135.652,34.91764],[135.65219,34.91713],[135.65129,34.91665],[135.65046,34.91683],[135.64979,34.9167],[135.64872,34.91706],[135.64819,34.91685],[135.64811,34.91622],[135.6484,34.91534],[135.64881,34.91482],[135.64844,34.91425],[135.64817,34.91314],[135.64837,34.91238],[135.6481,34.91047],[135.64851,34.90984],[135.64837,34.90939],[135.64931,34.90947],[135.65087,34.9093],[135.6511,34.91007],[135.65251,34.91042],[135.65276,34.90982],[135.65486,34.90872],[135.65574,34.90732],[135.65698,34.90655],[135.6576,34.90639],[135.65767,34.90592],[135.65987,34.90532],[135.66068,34.90445],[135.66172,34.90373],[135.66247,34.90376],[135.663,34.90449],[135.66446,34.90495],[135.66467,34.90475],[135.66433,34.90419],[135.66414,34.90226],[135.66464,34.90347],[135.66481,34.90465],[135.66538,34.90489],[135.66716,34.90441],[135.66735,34.9045],[135.66778,34.90475],[135.66804,34.90535],[135.66788,34.90611],[135.66826,34.90629],[135.66865,34.90647],[135.66871,34.90745],[135.66885,34.90758],[135.6691,34.90797],[135.66945,34.90812],[135.66941,34.90891],[135.66952,34.90902],[135.66995,34.90923],[135.67124,34.90905],[135.67323,34.91004],[135.67442,34.91024],[135.67478,34.91112],[135.67554,34.91202],[135.67641,34.91245],[135.67736,34.91337],[135.67737,34.91338],[135.67752,34.91351],[135.67861,34.9128],[135.67951,34.9126],[135.68034,34.91304],[135.6818,34.91314],[135.68252,34.91286],[135.68266,34.91313],[135.68411,34.91339],[135.68504,34.91273],[135.68566,34.91295],[135.68714,34.91282],[135.68766,34.91216],[135.68821,34.91194],[135.68824,34.91193],[135.689,34.91129],[135.68925,34.90945],[135.68946,34.90928],[135.68985,34.90904],[135.69018,34.90881],[135.69066,34.90806],[135.69069,34.90798],[135.6917,34.90721],[135.69238,34.90748],[135.69413,34.90738],[135.69487,34.90744],[135.69506,34.90774],[135.69513,34.90855],[135.69495,34.9091],[135.69494,34.90913],[135.69491,34.90975],[135.69539,34.91027],[135.69589,34.91077],[135.6964,34.91096],[135.69659,34.91101],[135.69697,34.91104],[135.69703,34.91054],[135.69751,34.91051],[135.69813,34.91046],[135.69811,34.90992],[135.69857,34.90991],[135.70067,34.90936],[135.70071,34.90935],[135.70089,34.90931],[135.70126,34.90923],[135.70163,34.90914],[135.70233,34.90901],[135.70268,34.90906],[135.703,34.90913],[135.70347,34.90913],[135.70346,34.90889],[135.70481,34.9089],[135.7048,34.90866],[135.70601,34.90861],[135.70615,34.90785],[135.7063,34.90782],[135.7068,34.90828],[135.70725,34.90887],[135.70702,34.90933],[135.707,34.91021],[135.70845,34.91014],[135.70839,34.90925],[135.70889,34.90941],[135.70953,34.90965],[135.70966,34.9098],[135.70972,34.91237],[135.71073,34.91353],[135.71192,34.91467],[135.71204,34.91614],[135.71425,34.91615],[135.71432,34.91668],[135.71444,34.91685],[135.7144,34.91694],[135.71441,34.91815],[135.71471,34.91817],[135.71467,34.91915],[135.71487,34.91916],[135.7149,34.92115],[135.71501,34.92307],[135.71596,34.92408],[135.71684,34.92509],[135.71449,34.92511],[135.7145,34.92607],[135.71444,34.92812],[135.71441,34.92902],[135.71264,34.9291],[135.71205,34.92908],[135.71204,34.92908],[135.7108,34.92903],[135.7107,34.92903],[135.70955,34.92906],[135.70823,34.92908],[135.70733,34.9291],[135.70605,34.92912],[135.70413,34.9292],[135.70386,34.92921],[135.70377,34.92921],[135.70348,34.92921]],[[135.6999,34.92617],[135.69971,34.92618],[135.69883,34.92624],[135.6999,34.92617]],[[135.70873,34.92218],[135.70858,34.92219],[135.7087,34.92318],[135.70873,34.92218]],[[135.68889,34.91429],[135.68875,34.91426],[135.68893,34.91446],[135.68889,34.91429]],[[135.68893,34.91446],[135.68874,34.91462],[135.68894,34.91448],[135.68893,34.91446]],[[135.67306,34.91927],[135.67298,34.91945],[135.67308,34.91931],[135.67306,34.91927]],[[135.68175,34.92195],[135.68175,34.9217],[135.68163,34.92191],[135.68175,34.92195]],[[135.67714,34.91385],[135.67675,34.91419],[135.67728,34.91392],[135.67714,34.91385]],[[135.68498,34.93954],[135.68482,34.93969],[135.68501,34.93969],[135.68498,34.93954]],[[135.69676,34.9322],[135.69728,34.93215],[135.69674,34.93216],[135.69676,34.9322]],[[135.68844,34.93613],[135.68847,34.93657],[135.68885,34.93655],[135.68844,34.93613]],[[135.68637,34.92614],[135.68644,34.92615],[135.68718,34.92612],[135.68637,34.92614]]]}},{"type":"Feature","properties":{"nm":"八幡市","b":[135.6794,34.8225,135.7533,34.8995],"c":[135.71434,34.86702]},"geometry":{"type":"MultiPolygon","coordinates":[[[[135.68319,34.88299],[135.68314,34.88293],[135.68353,34.88331],[135.68319,34.88299]]],[[[135.68157,34.87991],[135.68272,34.87951],[135.68274,34.87892],[135.68353,34.87807],[135.68354,34.87796],[135.68353,34.87741],[135.68297,34.87669],[135.68214,34.87617],[135.68143,34.87524],[135.68178,34.87517],[135.68222,34.87353],[135.68208,34.87261],[135.68239,34.87222],[135.68389,34.8715],[135.68509,34.87127],[135.6853,34.8707],[135.68566,34.87067],[135.68636,34.87029],[135.68708,34.86963],[135.6881,34.86959],[135.6886,34.86903],[135.68923,34.86936],[135.69048,34.86926],[135.69126,34.86897],[135.69109,34.86806],[135.69139,34.86729],[135.69151,34.86564],[135.69196,34.86557],[135.69207,34.86495],[135.69186,34.86423],[135.69119,34.86347],[135.69091,34.86292],[135.69108,34.86192],[135.69091,34.86145],[135.69166,34.8612],[135.69205,34.86134],[135.69301,34.86067],[135.69438,34.86103],[135.69438,34.86002],[135.69381,34.86013],[135.69308,34.8597],[135.69296,34.85938],[135.69201,34.85883],[135.69124,34.85865],[135.69066,34.85716],[135.69066,34.85627],[135.69136,34.85554],[135.69206,34.85527],[135.69236,34.85482],[135.69217,34.85421],[135.69172,34.85349],[135.69201,34.85256],[135.69237,34.85213],[135.69362,34.85152],[135.69459,34.8507],[135.69436,34.84993],[135.69475,34.84935],[135.69511,34.84996],[135.69467,34.84914],[135.6945,34.8481],[135.69454,34.8479],[135.69558,34.84801],[135.69765,34.84848],[135.69842,34.8492],[135.69976,34.84976],[135.70047,34.85056],[135.70149,34.85082],[135.70209,34.85169],[135.70261,34.85167],[135.70332,34.85129],[135.70403,34.85137],[135.70441,34.85107],[135.70554,34.85084],[135.70581,34.85036],[135.70601,34.84995],[135.70746,34.84936],[135.708,34.84851],[135.70854,34.84819],[135.70924,34.84689],[135.70999,34.84663],[135.70988,34.84516],[135.7098,34.84468],[135.71022,34.84402],[135.71106,34.84397],[135.71172,34.84255],[135.71171,34.84185],[135.71104,34.84155],[135.7114,34.84086],[135.71224,34.83992],[135.7132,34.83985],[135.71346,34.83948],[135.71447,34.83912],[135.71452,34.83877],[135.71578,34.83762],[135.71567,34.83684],[135.71612,34.836],[135.7165,34.83612],[135.71638,34.83556],[135.71725,34.83526],[135.71793,34.83381],[135.71849,34.83332],[135.71799,34.83268],[135.71802,34.83226],[135.71883,34.83176],[135.71907,34.83203],[135.72062,34.8338],[135.72064,34.83382],[135.72193,34.83531],[135.72279,34.83632],[135.72123,34.83754],[135.72171,34.83879],[135.72102,34.83873],[135.7206,34.83945],[135.72187,34.84027],[135.72264,34.84042],[135.72289,34.84087],[135.72322,34.84133],[135.72357,34.84161],[135.72381,34.84185],[135.72393,34.84216],[135.72384,34.84236],[135.72407,34.84248],[135.7247,34.84248],[135.72491,34.84263],[135.72507,34.84278],[135.72534,34.84292],[135.72555,34.84315],[135.72617,34.8437],[135.72753,34.84508],[135.72783,34.84566],[135.72811,34.84629],[135.72801,34.84748],[135.72703,34.84736],[135.72766,34.84818],[135.72842,34.84913],[135.72857,34.84992],[135.72861,34.85135],[135.729,34.85134],[135.72975,34.85139],[135.73002,34.85143],[135.73046,34.8515],[135.73053,34.8518],[135.73081,34.85221],[135.73095,34.85208],[135.73102,34.85206],[135.73108,34.85207],[135.73175,34.85172],[135.73202,34.85223],[135.73206,34.85237],[135.73224,34.8525],[135.73241,34.85287],[135.7327,34.85311],[135.73275,34.85325],[135.73291,34.85353],[135.7331,34.85366],[135.73312,34.85374],[135.7332,34.85402],[135.73358,34.85379],[135.73469,34.85374],[135.7349,34.85373],[135.73497,34.8536],[135.73505,34.85291],[135.73578,34.85296],[135.73591,34.85231],[135.73659,34.85209],[135.73661,34.85162],[135.73835,34.85155],[135.73834,34.8506],[135.73961,34.85057],[135.73962,34.84967],[135.74028,34.84964],[135.74078,34.84966],[135.74088,34.85055],[135.74233,34.85056],[135.74291,34.85058],[135.74539,34.85089],[135.74676,34.8488],[135.74719,34.84876],[135.74948,34.84863],[135.75111,34.84858],[135.75328,34.8489],[135.75328,34.84907],[135.75268,34.85066],[135.75207,34.85263],[135.752,34.85263],[135.752,34.85334],[135.75211,34.85459],[135.75233,34.85602],[135.75266,34.8589],[135.75254,34.86072],[135.75234,34.8623],[135.7523,34.86267],[135.75228,34.86277],[135.75199,34.8637],[135.75095,34.86536],[135.74956,34.86676],[135.75025,34.86782],[135.75043,34.86809],[135.74761,34.86999],[135.74795,34.87037],[135.74796,34.87167],[135.74538,34.87167],[135.74538,34.87223],[135.74507,34.87224],[135.74438,34.87236],[135.74418,34.87241],[135.74358,34.87258],[135.7431,34.87273],[135.74285,34.87201],[135.74065,34.87216],[135.74036,34.87221],[135.73946,34.87236],[135.73887,34.87248],[135.73793,34.87267],[135.73705,34.87285],[135.73604,34.87308],[135.73511,34.87345],[135.7347,34.8737],[135.73294,34.87469],[135.73271,34.87484],[135.73067,34.87656],[135.7294,34.87734],[135.72727,34.87848],[135.72695,34.87866],[135.72672,34.87879],[135.72514,34.88002],[135.72396,34.88052],[135.72288,34.88064],[135.72076,34.88106],[135.7197,34.88139],[135.71528,34.88318],[135.71545,34.88582],[135.71546,34.88617],[135.71547,34.8871],[135.71187,34.88717],[135.71205,34.89323],[135.70997,34.89271],[135.7096,34.89361],[135.70945,34.89402],[135.70894,34.89541],[135.70638,34.89471],[135.7056,34.89487],[135.70531,34.8954],[135.70457,34.89714],[135.70436,34.89705],[135.70291,34.89907],[135.70266,34.89945],[135.7008,34.89819],[135.70018,34.8975],[135.69995,34.8972],[135.69945,34.89637],[135.69898,34.89587],[135.69809,34.89547],[135.69447,34.89272],[135.6942,34.89234],[135.69408,34.89218],[135.69358,34.89176],[135.69247,34.89184],[135.69216,34.89185],[135.69025,34.89172],[135.68776,34.89136],[135.68673,34.89104],[135.6855,34.89055],[135.68461,34.88991],[135.68293,34.88818],[135.68265,34.88785],[135.68224,34.88732],[135.68137,34.88578],[135.68117,34.88478],[135.6797,34.88209],[135.67942,34.88136],[135.68046,34.88088],[135.6812,34.88035],[135.68157,34.87991]],[[135.6943,34.88717],[135.69526,34.88725],[135.69448,34.88718],[135.69448,34.88684],[135.6943,34.88717]],[[135.69122,34.88689],[135.69152,34.88693],[135.69236,34.887],[135.69122,34.88689]],[[135.69107,34.87946],[135.69135,34.87951],[135.69145,34.87927],[135.69107,34.87946]],[[135.68585,34.87375],[135.68665,34.87414],[135.68678,34.87416],[135.68585,34.87375]],[[135.70507,34.87647],[135.70452,34.87645],[135.70408,34.87647],[135.70507,34.87647]],[[135.70353,34.87815],[135.70363,34.87907],[135.70355,34.8783],[135.70353,34.87815]],[[135.70087,34.87384],[135.70082,34.87385],[135.70112,34.87384],[135.70087,34.87384]],[[135.70517,34.88546],[135.70426,34.88605],[135.70461,34.88583],[135.70647,34.8846],[135.70517,34.88546]],[[135.70477,34.87902],[135.7058,34.87901],[135.70473,34.87902],[135.70477,34.87902]],[[135.70411,34.88054],[135.70413,34.88073],[135.70413,34.88054],[135.70411,34.88054]],[[135.70437,34.88206],[135.70382,34.88174],[135.70372,34.88199],[135.70437,34.88206]],[[135.70964,34.87392],[135.7097,34.8739],[135.70929,34.87392],[135.70964,34.87392]],[[135.70045,34.88199],[135.6997,34.88236],[135.69976,34.88239],[135.70045,34.88199]],[[135.70235,34.88293],[135.70276,34.88301],[135.70241,34.88273],[135.70235,34.88293]],[[135.70589,34.88188],[135.70669,34.88185],[135.70589,34.88186],[135.70589,34.88188]],[[135.7107,34.87302],[135.71022,34.87297],[135.71021,34.87298],[135.7107,34.87302]],[[135.7027,34.86788],[135.70282,34.86781],[135.70241,34.86802],[135.7027,34.86788]],[[135.71048,34.87006],[135.71088,34.87005],[135.71275,34.87],[135.71098,34.87004],[135.71048,34.87006]],[[135.71513,34.86839],[135.71517,34.86695],[135.71518,34.86611],[135.71513,34.86839]],[[135.71395,34.86139],[135.71411,34.86125],[135.71421,34.86104],[135.71395,34.86139]],[[135.70663,34.86284],[135.70715,34.86287],[135.7059,34.86278],[135.70663,34.86284]],[[135.70646,34.86233],[135.70614,34.86234],[135.70716,34.86235],[135.70646,34.86233]],[[135.70835,34.85481],[135.70847,34.85506],[135.70846,34.85484],[135.70835,34.85481]],[[135.71177,34.85438],[135.71141,34.85389],[135.71137,34.85429],[135.71177,34.85438]],[[135.71215,34.85397],[135.71215,34.85382],[135.71147,34.85372],[135.71215,34.85397]],[[135.71307,34.87285],[135.71291,34.87288],[135.71329,34.87282],[135.71307,34.87285]],[[135.714,34.87275],[135.71454,34.87277],[135.71438,34.87275],[135.714,34.87275]],[[135.7112,34.87911],[135.71116,34.87927],[135.71142,34.87912],[135.7112,34.87911]],[[135.71268,34.87924],[135.71314,34.87925],[135.7138,34.87922],[135.71268,34.87924]],[[135.71119,34.87468],[135.71133,34.87417],[135.71116,34.87469],[135.71119,34.87468]],[[135.71604,34.88073],[135.71637,34.88061],[135.71589,34.88052],[135.71604,34.88073]],[[135.71307,34.88152],[135.71276,34.88188],[135.71306,34.88181],[135.71307,34.88152]],[[135.7183,34.87722],[135.71763,34.87725],[135.71764,34.87739],[135.7183,34.87722]],[[135.71988,34.87726],[135.71933,34.8773],[135.72019,34.87742],[135.71988,34.87726]],[[135.69732,34.85503],[135.69712,34.85518],[135.69726,34.85509],[135.69732,34.85503]],[[135.69556,34.85027],[135.69567,34.85071],[135.69566,34.85063],[135.69556,34.85027]],[[135.74306,34.85476],[135.743,34.85446],[135.74265,34.85487],[135.74306,34.85476]],[[135.74915,34.85871],[135.75024,34.85874],[135.74909,34.85862],[135.74915,34.85871]],[[135.73712,34.85832],[135.73712,34.85808],[135.73711,34.85873],[135.73712,34.85832]],[[135.7303,34.86596],[135.73089,34.86527],[135.73109,34.86502],[135.7303,34.86596]],[[135.72969,34.86727],[135.72986,34.86719],[135.72971,34.8667],[135.72969,34.86727]],[[135.72971,34.8667],[135.7298,34.86668],[135.72974,34.8666],[135.72971,34.8667]],[[135.72598,34.85038],[135.72655,34.85009],[135.72571,34.85043],[135.72598,34.85038]],[[135.7195,34.85119],[135.71997,34.85171],[135.72006,34.85164],[135.7195,34.85119]],[[135.71883,34.85263],[135.7182,34.85226],[135.71847,34.85266],[135.71883,34.85263]],[[135.72387,34.84635],[135.72407,34.84629],[135.72343,34.84622],[135.72387,34.84635]],[[135.72281,34.84541],[135.72263,34.84522],[135.72254,34.84527],[135.72281,34.84541]],[[135.72235,34.84543],[135.7223,34.84555],[135.72229,34.8457],[135.72235,34.84543]],[[135.72041,34.84679],[135.72052,34.84703],[135.72055,34.84707],[135.72041,34.84679]],[[135.72052,34.84703],[135.72035,34.84685],[135.71934,34.84658],[135.72052,34.84703]],[[135.72983,34.868],[135.72977,34.86801],[135.72998,34.86887],[135.72983,34.868]],[[135.72998,34.86896],[135.72988,34.86945],[135.73002,34.86934],[135.72998,34.86896]],[[135.73207,34.86976],[135.7322,34.87042],[135.73219,34.87032],[135.73207,34.86976]],[[135.73144,34.8732],[135.73159,34.87339],[135.7321,34.87306],[135.73144,34.8732]],[[135.73263,34.86625],[135.73237,34.86598],[135.73258,34.86629],[135.73263,34.86625]],[[135.74618,34.86023],[135.7462,34.8605],[135.74624,34.86156],[135.74624,34.86089],[135.74618,34.86023]],[[135.71774,34.84276],[135.71842,34.84266],[135.71768,34.84261],[135.71774,34.84276]],[[135.7135,34.84358],[135.71319,34.84404],[135.7133,34.84392],[135.71346,34.84371],[135.7135,34.84358]],[[135.71584,34.84868],[135.71549,34.84869],[135.71448,34.8489],[135.71584,34.84868]],[[135.71782,34.84727],[135.71782,34.84726],[135.71737,34.84726],[135.71782,34.84727]],[[135.71252,34.84887],[135.7124,34.84936],[135.71259,34.84888],[135.71252,34.84887]],[[135.71457,34.84724],[135.7146,34.84707],[135.71456,34.84693],[135.71457,34.84724]],[[135.71948,34.84355],[135.71959,34.84367],[135.71942,34.84348],[135.71948,34.84355]],[[135.72698,34.87675],[135.72777,34.87623],[135.72811,34.876],[135.72698,34.87675]],[[135.72292,34.8695],[135.72311,34.86945],[135.72355,34.86911],[135.72292,34.8695]],[[135.72387,34.86873],[135.7254,34.86843],[135.72294,34.86889],[135.72387,34.86873]],[[135.72223,34.86903],[135.72169,34.8691],[135.72091,34.86922],[135.72223,34.86903]],[[135.72529,34.87029],[135.72519,34.86976],[135.7252,34.87028],[135.72529,34.87029]],[[135.72367,34.87313],[135.72375,34.87308],[135.72368,34.87309],[135.72367,34.87313]],[[135.7255,34.87311],[135.72568,34.8731],[135.72564,34.87285],[135.7255,34.87311]],[[135.74336,34.86554],[135.7434,34.86547],[135.74199,34.86551],[135.74336,34.86554]],[[135.74904,34.86335],[135.74874,34.8628],[135.74894,34.86329],[135.74904,34.86335]],[[135.71726,34.86689],[135.71725,34.86694],[135.71732,34.86803],[135.71726,34.86689]],[[135.72161,34.86551],[135.72161,34.86421],[135.72157,34.86518],[135.72161,34.86551]],[[135.72281,34.86623],[135.72518,34.86625],[135.7216,34.86621],[135.72281,34.86623]],[[135.71915,34.8637],[135.71951,34.86343],[135.71904,34.86376],[135.71915,34.8637]],[[135.71571,34.85918],[135.71559,34.85904],[135.71562,34.85909],[135.71571,34.85918]],[[135.71539,34.85675],[135.7156,34.8563],[135.71531,34.85671],[135.71539,34.85675]],[[135.7179,34.84005],[135.71838,34.83923],[135.71785,34.84003],[135.7179,34.84005]],[[135.71579,34.83918],[135.71628,34.83839],[135.71575,34.83924],[135.71579,34.83918]]],[[[135.71936,34.87829],[135.71907,34.87828],[135.71819,34.87824],[135.71936,34.87829]]],[[[135.74617,34.85929],[135.74615,34.8597],[135.74618,34.85887],[135.74617,34.85929]]],[[[135.71697,34.89638],[135.71718,34.89595],[135.71807,34.89463],[135.71832,34.89381],[135.71625,34.89331],[135.71711,34.89171],[135.71985,34.89279],[135.71947,34.89352],[135.71908,34.894],[135.71892,34.89402],[135.71834,34.89497],[135.71762,34.89644],[135.71714,34.89729],[135.71706,34.89736],[135.71683,34.89798],[135.7168,34.89803],[135.71675,34.89802],[135.71673,34.89807],[135.71664,34.89826],[135.71592,34.89943],[135.7155,34.89923],[135.71697,34.89638]]],[[[135.72034,34.88659],[135.72279,34.88767],[135.72252,34.8879],[135.72145,34.88897],[135.71923,34.88803],[135.72034,34.88659]]],[[[135.72764,34.82727],[135.72724,34.82758],[135.72626,34.82804],[135.72587,34.82827],[135.72567,34.82876],[135.72546,34.82888],[135.72466,34.82824],[135.72462,34.82807],[135.72444,34.82799],[135.72453,34.82786],[135.72454,34.82664],[135.72426,34.82651],[135.72345,34.82612],[135.72322,34.82495],[135.72383,34.82399],[135.72396,34.82334],[135.72432,34.82304],[135.72546,34.82311],[135.7273,34.82353],[135.72819,34.82333],[135.7286,34.82282],[135.72905,34.8228],[135.73008,34.82246],[135.73098,34.82281],[135.73085,34.82316],[135.73096,34.82351],[135.731,34.82359],[135.73117,34.82395],[135.73118,34.82449],[135.73141,34.82505],[135.73138,34.82532],[135.7314,34.82549],[135.73041,34.82581],[135.73019,34.8267],[135.73002,34.82695],[135.73,34.82707],[135.73002,34.82717],[135.73005,34.82732],[135.72869,34.82697],[135.7281,34.82682],[135.72764,34.82727]]],[[[135.73179,34.87876],[135.73287,34.8779],[135.73241,34.87966],[135.73185,34.882],[135.73187,34.88235],[135.73107,34.88335],[135.72905,34.88484],[135.72761,34.88271],[135.72961,34.88023],[135.73179,34.87876]]]]}},{"type":"Feature","properties":{"nm":"京田辺市","b":[135.7188,34.7518,135.8031,34.854],"c":[135.75865,34.80662]},"geometry":{"type":"Polygon","coordinates":[[[135.73497,34.8536],[135.7349,34.85373],[135.73469,34.85374],[135.73358,34.85379],[135.7332,34.85402],[135.73312,34.85374],[135.7331,34.85366],[135.73291,34.85353],[135.73275,34.85325],[135.7327,34.85311],[135.73241,34.85287],[135.73224,34.8525],[135.73206,34.85237],[135.73202,34.85223],[135.73175,34.85172],[135.73108,34.85207],[135.73102,34.85206],[135.73095,34.85208],[135.73081,34.85221],[135.73053,34.8518],[135.73046,34.8515],[135.73002,34.85143],[135.72975,34.85139],[135.729,34.85134],[135.72861,34.85135],[135.72857,34.84992],[135.72842,34.84913],[135.72766,34.84818],[135.72703,34.84736],[135.72801,34.84748],[135.72811,34.84629],[135.72783,34.84566],[135.72753,34.84508],[135.72617,34.8437],[135.72555,34.84315],[135.72534,34.84292],[135.72507,34.84278],[135.72491,34.84263],[135.7247,34.84248],[135.72407,34.84248],[135.72384,34.84236],[135.72393,34.84216],[135.72381,34.84185],[135.72357,34.84161],[135.72322,34.84133],[135.72289,34.84087],[135.72264,34.84042],[135.72187,34.84027],[135.7206,34.83945],[135.72102,34.83873],[135.72171,34.83879],[135.72123,34.83754],[135.72279,34.83632],[135.72193,34.83531],[135.72064,34.83382],[135.72062,34.8338],[135.71907,34.83203],[135.71883,34.83176],[135.71952,34.8311],[135.71935,34.82963],[135.72089,34.82944],[135.72119,34.82868],[135.72227,34.82806],[135.72247,34.82769],[135.72254,34.82728],[135.72322,34.82684],[135.72345,34.82612],[135.72426,34.82651],[135.72454,34.82664],[135.72453,34.82786],[135.72444,34.82799],[135.72462,34.82807],[135.72466,34.82824],[135.72546,34.82888],[135.72567,34.82876],[135.72587,34.82827],[135.72626,34.82804],[135.72724,34.82758],[135.72764,34.82727],[135.7281,34.82682],[135.72869,34.82697],[135.73005,34.82732],[135.73002,34.82717],[135.73,34.82707],[135.73002,34.82695],[135.73019,34.8267],[135.73041,34.82581],[135.7314,34.82549],[135.73138,34.82532],[135.73141,34.82505],[135.73118,34.82449],[135.73117,34.82395],[135.731,34.82359],[135.73096,34.82351],[135.73085,34.82316],[135.73098,34.82281],[135.73235,34.82256],[135.7327,34.8214],[135.73335,34.82047],[135.73386,34.82015],[135.73494,34.82028],[135.73524,34.81833],[135.73571,34.81776],[135.73577,34.81706],[135.7362,34.81688],[135.73616,34.81619],[135.73642,34.81569],[135.73664,34.81459],[135.73697,34.814],[135.7374,34.81379],[135.7376,34.81264],[135.73857,34.81145],[135.74006,34.81018],[135.74065,34.80988],[135.74148,34.80906],[135.74161,34.80865],[135.7422,34.80818],[135.74203,34.80778],[135.74274,34.80703],[135.74286,34.80554],[135.74413,34.80452],[135.74565,34.8042],[135.74601,34.80443],[135.74657,34.80317],[135.74654,34.80194],[135.74672,34.80143],[135.74629,34.80103],[135.74667,34.79973],[135.74653,34.79943],[135.74608,34.79837],[135.74498,34.79753],[135.74489,34.79696],[135.7442,34.79636],[135.74361,34.79546],[135.74336,34.79399],[135.74307,34.79354],[135.74097,34.79326],[135.74048,34.79275],[135.74027,34.79163],[135.73958,34.7912],[135.7397,34.79046],[135.74096,34.78901],[135.74106,34.78837],[135.73986,34.7877],[135.73809,34.78715],[135.73736,34.78616],[135.73671,34.78576],[135.73591,34.78447],[135.73454,34.78416],[135.73352,34.78372],[135.73311,34.78329],[135.73331,34.78241],[135.73269,34.78175],[135.73247,34.78108],[135.73076,34.78111],[135.72994,34.77943],[135.72939,34.77957],[135.72888,34.77799],[135.72965,34.77755],[135.72943,34.77713],[135.72936,34.77575],[135.72895,34.77521],[135.72962,34.7741],[135.72932,34.77309],[135.72957,34.77269],[135.72956,34.77119],[135.73073,34.77001],[135.73038,34.76917],[135.73053,34.76832],[135.73016,34.76764],[135.73019,34.7656],[135.73089,34.765],[135.73152,34.76487],[135.73201,34.76412],[135.73168,34.76272],[135.7324,34.76202],[135.73215,34.76121],[135.73245,34.7597],[135.73278,34.75899],[135.7325,34.75799],[135.73192,34.75724],[135.73296,34.75652],[135.73366,34.75641],[135.73413,34.75572],[135.73403,34.75501],[135.73493,34.75539],[135.73669,34.75564],[135.73674,34.7553],[135.73624,34.75478],[135.73622,34.75381],[135.7368,34.75279],[135.73689,34.75176],[135.73737,34.75255],[135.7381,34.75241],[135.73849,34.75248],[135.73898,34.75267],[135.73928,34.75284],[135.73969,34.75364],[135.73994,34.75383],[135.74007,34.754],[135.74007,34.75425],[135.74012,34.75455],[135.74028,34.75468],[135.74049,34.75486],[135.74059,34.75558],[135.74093,34.7561],[135.74107,34.75646],[135.74127,34.75673],[135.74149,34.75687],[135.74182,34.75679],[135.74205,34.75658],[135.74226,34.75648],[135.74227,34.7563],[135.74267,34.75592],[135.74297,34.75601],[135.74357,34.75615],[135.74387,34.75611],[135.74404,34.75617],[135.74411,34.75627],[135.74424,34.75636],[135.74456,34.75616],[135.74556,34.7554],[135.74561,34.75553],[135.74579,34.75559],[135.74659,34.7561],[135.74677,34.75617],[135.74732,34.75596],[135.74763,34.75592],[135.74776,34.75595],[135.74786,34.75631],[135.74827,34.75684],[135.74885,34.75713],[135.74929,34.75725],[135.74933,34.75763],[135.74935,34.75773],[135.7495,34.75804],[135.74957,34.75813],[135.74991,34.75835],[135.74975,34.76014],[135.75115,34.76034],[135.75171,34.76044],[135.75214,34.76053],[135.75262,34.761],[135.753,34.76147],[135.75306,34.76155],[135.75363,34.76225],[135.75475,34.7628],[135.75521,34.76349],[135.75559,34.76377],[135.75598,34.76382],[135.75617,34.76385],[135.75656,34.76394],[135.75693,34.76396],[135.75746,34.76396],[135.7579,34.7642],[135.75814,34.76439],[135.75824,34.76446],[135.75853,34.76455],[135.7588,34.76462],[135.75939,34.76451],[135.76063,34.76329],[135.76103,34.76357],[135.76131,34.76356],[135.76179,34.76344],[135.76221,34.76418],[135.76267,34.76481],[135.76253,34.76503],[135.76023,34.76576],[135.75904,34.76594],[135.75834,34.76592],[135.7572,34.76625],[135.7569,34.76648],[135.75655,34.76684],[135.75543,34.7674],[135.75496,34.76807],[135.75424,34.76872],[135.75395,34.76878],[135.75422,34.76944],[135.75489,34.7699],[135.75497,34.77049],[135.75655,34.77093],[135.75602,34.77142],[135.75667,34.77232],[135.75736,34.77246],[135.75766,34.77281],[135.75703,34.77355],[135.75714,34.77385],[135.75807,34.77453],[135.75824,34.77494],[135.75805,34.77575],[135.7588,34.77616],[135.75848,34.77693],[135.75878,34.77749],[135.75879,34.77751],[135.75899,34.77795],[135.75903,34.77819],[135.75904,34.77832],[135.75917,34.77848],[135.75934,34.77855],[135.75956,34.77875],[135.75972,34.77911],[135.75964,34.77937],[135.76071,34.77988],[135.76157,34.78007],[135.76221,34.78023],[135.76245,34.78017],[135.76292,34.7802],[135.76419,34.77975],[135.76435,34.77986],[135.76453,34.78],[135.76479,34.78025],[135.76502,34.7803],[135.76535,34.78024],[135.76582,34.78027],[135.76645,34.78044],[135.76681,34.78025],[135.76704,34.78029],[135.76714,34.78029],[135.76736,34.78024],[135.76783,34.78004],[135.768,34.78016],[135.76835,34.78047],[135.76866,34.78068],[135.76869,34.78084],[135.76902,34.78115],[135.76942,34.78122],[135.7696,34.78117],[135.76981,34.78099],[135.77072,34.78106],[135.77093,34.78119],[135.77114,34.78134],[135.77161,34.78129],[135.77186,34.78108],[135.77197,34.78088],[135.77222,34.7808],[135.77271,34.78024],[135.77326,34.78],[135.77349,34.77998],[135.7736,34.77998],[135.77373,34.77965],[135.774,34.77951],[135.7746,34.77948],[135.77475,34.77961],[135.77483,34.77966],[135.77531,34.77982],[135.77607,34.78021],[135.77669,34.78031],[135.77706,34.78026],[135.77795,34.78053],[135.77863,34.78043],[135.77877,34.78046],[135.77951,34.78062],[135.78006,34.78064],[135.78008,34.78056],[135.78014,34.78034],[135.78057,34.78017],[135.78062,34.78016],[135.78074,34.78014],[135.78088,34.78011],[135.78149,34.7801],[135.78181,34.7801],[135.78252,34.78025],[135.78304,34.78056],[135.78354,34.78163],[135.78394,34.78268],[135.78444,34.78276],[135.78512,34.78325],[135.78583,34.7834],[135.78581,34.78418],[135.78678,34.78428],[135.78665,34.78721],[135.78665,34.78737],[135.78663,34.78745],[135.78663,34.78769],[135.78674,34.78786],[135.78668,34.78865],[135.78814,34.78859],[135.78898,34.78856],[135.78907,34.7895],[135.78899,34.79024],[135.78954,34.79024],[135.79048,34.79019],[135.79066,34.7902],[135.7919,34.79023],[135.79287,34.7903],[135.79305,34.78979],[135.79344,34.78918],[135.79394,34.78859],[135.79421,34.7883],[135.79453,34.78801],[135.79465,34.78787],[135.79524,34.7878],[135.79548,34.78772],[135.79588,34.7876],[135.79619,34.78764],[135.79661,34.78847],[135.79718,34.78923],[135.79787,34.78974],[135.79823,34.78995],[135.80017,34.79082],[135.79862,34.79239],[135.7979,34.79383],[135.79754,34.79484],[135.79745,34.79514],[135.7972,34.79637],[135.79711,34.79745],[135.79724,34.7981],[135.79777,34.7994],[135.79848,34.8001],[135.79963,34.80088],[135.79974,34.80115],[135.80125,34.8041],[135.80185,34.80459],[135.80299,34.80667],[135.80312,34.80839],[135.80283,34.81005],[135.8025,34.81096],[135.80183,34.81228],[135.79845,34.81497],[135.79505,34.81794],[135.79475,34.81821],[135.79461,34.81828],[135.79397,34.81903],[135.79344,34.81968],[135.79244,34.82038],[135.79216,34.8206],[135.79172,34.82112],[135.79153,34.82135],[135.79143,34.82172],[135.79061,34.82242],[135.78822,34.82531],[135.78749,34.82625],[135.78533,34.82846],[135.78425,34.82939],[135.78266,34.83043],[135.78033,34.83187],[135.779,34.83265],[135.77705,34.83314],[135.7763,34.83333],[135.77366,34.83371],[135.77269,34.83351],[135.77004,34.83314],[135.76832,34.83299],[135.76641,34.83329],[135.76515,34.8338],[135.76394,34.83441],[135.76235,34.83555],[135.76146,34.8368],[135.75891,34.84017],[135.75776,34.84149],[135.75682,34.84306],[135.75442,34.84654],[135.75379,34.84757],[135.75328,34.8489],[135.75111,34.84858],[135.74948,34.84863],[135.74719,34.84876],[135.74676,34.8488],[135.74539,34.85089],[135.74291,34.85058],[135.74233,34.85056],[135.74088,34.85055],[135.74078,34.84966],[135.74028,34.84964],[135.73962,34.84967],[135.73961,34.85057],[135.73834,34.8506],[135.73835,34.85155],[135.73661,34.85162],[135.73659,34.85209],[135.73591,34.85231],[135.73578,34.85296],[135.73505,34.85291],[135.73497,34.8536]],[[135.73617,34.83545],[135.73694,34.83494],[135.73634,34.83533],[135.73617,34.83545]],[[135.77643,34.80046],[135.77633,34.80053],[135.77636,34.80055],[135.77643,34.80046]],[[135.78613,34.79412],[135.78601,34.79415],[135.78611,34.79417],[135.78613,34.79412]],[[135.76691,34.78819],[135.7671,34.78783],[135.76725,34.78769],[135.76701,34.78791],[135.76691,34.78819]],[[135.77028,34.78587],[135.77065,34.78588],[135.77104,34.78608],[135.77091,34.7859],[135.77028,34.78587]]]}},{"type":"Feature","properties":{"nm":"木津川市","b":[135.774,34.7057,135.9222,34.8031],"c":[135.84835,34.75138]},"geometry":{"type":"MultiPolygon","coordinates":[[[[135.80444,34.75098],[135.80237,34.75096],[135.79951,34.75114],[135.79939,34.75114],[135.7983,34.75119],[135.79826,34.75085],[135.79753,34.75083],[135.79732,34.75089],[135.79711,34.75086],[135.7968,34.7508],[135.79582,34.751],[135.79584,34.75006],[135.79578,34.75083],[135.79541,34.75098],[135.79505,34.75059],[135.79504,34.75055],[135.79454,34.75036],[135.79439,34.75015],[135.79375,34.74964],[135.79287,34.7488],[135.79276,34.7488],[135.79248,34.74888],[135.79192,34.74848],[135.79071,34.74881],[135.78955,34.74838],[135.78883,34.74862],[135.78814,34.74856],[135.78807,34.74854],[135.78789,34.74847],[135.78758,34.74842],[135.78696,34.74849],[135.78685,34.7485],[135.78617,34.74883],[135.78572,34.7487],[135.78522,34.74859],[135.78507,34.74852],[135.78494,34.74843],[135.78494,34.74821],[135.7847,34.74798],[135.78404,34.74793],[135.78353,34.74762],[135.78338,34.74752],[135.78229,34.74681],[135.78191,34.74606],[135.7811,34.74598],[135.78092,34.74558],[135.77893,34.74515],[135.77783,34.74427],[135.77684,34.74409],[135.77577,34.74342],[135.77521,34.74288],[135.7744,34.74199],[135.77411,34.74132],[135.7742,34.74122],[135.77422,34.74104],[135.7741,34.74071],[135.77402,34.74056],[135.77402,34.74055],[135.77406,34.74048],[135.77424,34.74018],[135.77434,34.74003],[135.77435,34.73999],[135.77433,34.73988],[135.77445,34.73946],[135.77449,34.73941],[135.7745,34.73919],[135.77503,34.73878],[135.77517,34.73872],[135.77525,34.73863],[135.77674,34.73906],[135.77751,34.73878],[135.77821,34.73907],[135.77931,34.73901],[135.7795,34.73899],[135.78049,34.73867],[135.78161,34.73869],[135.78175,34.73873],[135.78192,34.73873],[135.78217,34.73871],[135.78234,34.73871],[135.78246,34.73874],[135.78252,34.73876],[135.78285,34.73887],[135.78301,34.73881],[135.78351,34.73861],[135.78427,34.7389],[135.78432,34.7389],[135.7845,34.73878],[135.78557,34.73842],[135.7857,34.73839],[135.78593,34.73841],[135.78679,34.73845],[135.78687,34.73849],[135.78692,34.73852],[135.78719,34.73873],[135.78743,34.73894],[135.78757,34.73899],[135.78784,34.73889],[135.78808,34.73887],[135.78831,34.73889],[135.78838,34.73889],[135.78843,34.73889],[135.78861,34.73894],[135.78881,34.73941],[135.7895,34.73998],[135.78961,34.74001],[135.78974,34.74025],[135.79016,34.74076],[135.79137,34.74161],[135.79127,34.7411],[135.79193,34.7416],[135.793,34.74204],[135.7931,34.74094],[135.79305,34.74083],[135.793,34.74043],[135.7929,34.73981],[135.79276,34.73931],[135.79187,34.73905],[135.79026,34.73896],[135.78969,34.73855],[135.79081,34.73867],[135.79159,34.73796],[135.79347,34.73781],[135.79443,34.73764],[135.79446,34.73703],[135.7943,34.73662],[135.79421,34.73659],[135.79375,34.73647],[135.7937,34.73642],[135.7935,34.73608],[135.79348,34.73632],[135.79315,34.73622],[135.79192,34.73495],[135.79113,34.7342],[135.7902,34.73289],[135.79013,34.73255],[135.78764,34.73288],[135.78587,34.73262],[135.78604,34.73189],[135.78381,34.73092],[135.78164,34.72988],[135.78095,34.72965],[135.77945,34.72959],[135.77847,34.7286],[135.77826,34.72812],[135.77797,34.72725],[135.77861,34.72617],[135.77863,34.72539],[135.77826,34.72433],[135.77837,34.7233],[135.7786,34.72394],[135.77936,34.7232],[135.77985,34.72302],[135.78167,34.72291],[135.78239,34.72325],[135.78387,34.72373],[135.78432,34.72425],[135.78479,34.72424],[135.78567,34.72446],[135.78644,34.72392],[135.78752,34.72435],[135.78865,34.72457],[135.78923,34.725],[135.79044,34.72496],[135.79113,34.72509],[135.79186,34.72497],[135.79304,34.72446],[135.79365,34.72392],[135.79459,34.72373],[135.79542,34.72341],[135.79561,34.72264],[135.79515,34.72178],[135.7959,34.72113],[135.79582,34.72072],[135.79643,34.72054],[135.79752,34.72106],[135.7979,34.7222],[135.79861,34.72263],[135.79924,34.7226],[135.79977,34.72229],[135.80073,34.72211],[135.80205,34.72206],[135.80407,34.722],[135.80396,34.71984],[135.8043,34.71934],[135.80481,34.71877],[135.80636,34.71765],[135.80669,34.71812],[135.80748,34.7181],[135.80763,34.7178],[135.80836,34.71758],[135.80904,34.71786],[135.80991,34.71771],[135.81133,34.71773],[135.81195,34.71755],[135.81231,34.71686],[135.81211,34.71619],[135.81212,34.71518],[135.81143,34.71493],[135.80997,34.7152],[135.81045,34.71469],[135.81131,34.71473],[135.81203,34.71443],[135.81274,34.71506],[135.81317,34.7149],[135.81356,34.71522],[135.81363,34.71476],[135.81463,34.71494],[135.81617,34.71398],[135.81657,34.71399],[135.81716,34.71328],[135.81827,34.71244],[135.81903,34.71209],[135.81996,34.71162],[135.82054,34.71193],[135.82141,34.71192],[135.82216,34.71225],[135.82261,34.71201],[135.82357,34.71224],[135.82445,34.71284],[135.82444,34.71342],[135.82565,34.71329],[135.82694,34.71369],[135.8274,34.71299],[135.82759,34.71229],[135.82862,34.71245],[135.83011,34.71262],[135.83119,34.71308],[135.83192,34.71338],[135.83265,34.71304],[135.83331,34.71289],[135.83371,34.71248],[135.83437,34.71235],[135.83575,34.71257],[135.83776,34.71172],[135.83894,34.71198],[135.83981,34.71127],[135.83962,34.71071],[135.84002,34.71029],[135.84043,34.71031],[135.84119,34.70989],[135.84111,34.70952],[135.84195,34.70916],[135.84399,34.70889],[135.84497,34.70906],[135.84563,34.70876],[135.84732,34.70859],[135.84802,34.70875],[135.84893,34.70834],[135.84979,34.70823],[135.84961,34.70785],[135.84934,34.70728],[135.84929,34.70572],[135.85148,34.70602],[135.85369,34.70613],[135.8552,34.70617],[135.85656,34.70664],[135.85708,34.70659],[135.85822,34.70699],[135.85964,34.70731],[135.86045,34.70706],[135.86141,34.70685],[135.86203,34.70702],[135.86384,34.70632],[135.86444,34.70646],[135.86428,34.70768],[135.86466,34.70794],[135.86463,34.70849],[135.86576,34.7084],[135.86569,34.7095],[135.86708,34.71024],[135.86762,34.71014],[135.86803,34.71046],[135.86881,34.71032],[135.8709,34.71083],[135.87225,34.71147],[135.8731,34.71157],[135.87341,34.71186],[135.87387,34.71295],[135.87564,34.71378],[135.87661,34.71388],[135.87717,34.71264],[135.87775,34.71222],[135.87843,34.7122],[135.87936,34.71272],[135.88115,34.71419],[135.88224,34.71376],[135.88286,34.71324],[135.88396,34.71303],[135.88514,34.71355],[135.88667,34.71265],[135.88694,34.71211],[135.88769,34.71167],[135.88911,34.71021],[135.88908,34.70891],[135.88987,34.70816],[135.89086,34.70787],[135.89029,34.70927],[135.89046,34.71044],[135.89121,34.71087],[135.89141,34.71122],[135.89115,34.71181],[135.89068,34.71218],[135.89089,34.71261],[135.89197,34.7139],[135.89154,34.71415],[135.89204,34.71525],[135.89219,34.71598],[135.89211,34.71746],[135.89328,34.71916],[135.89375,34.71942],[135.89429,34.72154],[135.89475,34.72195],[135.89503,34.72258],[135.8949,34.72374],[135.89582,34.72502],[135.89682,34.72566],[135.89718,34.72593],[135.89739,34.72677],[135.89737,34.72882],[135.8969,34.72923],[135.89695,34.72997],[135.89755,34.73041],[135.89826,34.73128],[135.89841,34.73149],[135.8993,34.73119],[135.90015,34.73115],[135.90066,34.73058],[135.90177,34.73152],[135.90237,34.73178],[135.90262,34.7323],[135.90333,34.73291],[135.9037,34.73365],[135.90323,34.73412],[135.90311,34.73654],[135.90436,34.73652],[135.90539,34.73676],[135.90562,34.73735],[135.9061,34.73774],[135.90602,34.73842],[135.9067,34.73865],[135.90799,34.73963],[135.90816,34.74054],[135.90861,34.74149],[135.9092,34.7415],[135.90978,34.74203],[135.91028,34.7428],[135.9114,34.74323],[135.91169,34.74358],[135.91161,34.74415],[135.91198,34.74469],[135.91161,34.74504],[135.912,34.74585],[135.91257,34.74638],[135.9137,34.74673],[135.91312,34.74777],[135.91367,34.74828],[135.91341,34.74928],[135.91393,34.75038],[135.91517,34.75103],[135.91502,34.75176],[135.91527,34.7526],[135.91595,34.75301],[135.91618,34.75383],[135.91739,34.75354],[135.91804,34.75371],[135.91964,34.75329],[135.92034,34.75296],[135.921,34.75297],[135.92181,34.75349],[135.92223,34.7547],[135.92172,34.75497],[135.92109,34.75477],[135.9208,34.75545],[135.92031,34.75532],[135.91992,34.75586],[135.91937,34.75557],[135.91852,34.756],[135.91817,34.75533],[135.91873,34.75425],[135.91684,34.75426],[135.91589,34.75466],[135.91646,34.75582],[135.91606,34.75741],[135.91599,34.75889],[135.91482,34.7591],[135.91394,34.75961],[135.91297,34.75953],[135.91203,34.76049],[135.91217,34.76171],[135.91292,34.76217],[135.91311,34.76335],[135.91335,34.76364],[135.91359,34.76465],[135.91112,34.76511],[135.9091,34.76558],[135.90565,34.76589],[135.90435,34.7663],[135.90319,34.76641],[135.90197,34.76602],[135.90059,34.76476],[135.89852,34.76332],[135.89852,34.76474],[135.9002,34.7661],[135.89884,34.76931],[135.89941,34.76993],[135.90236,34.77176],[135.90278,34.77266],[135.90341,34.77337],[135.9025,34.77421],[135.90228,34.77508],[135.90179,34.77562],[135.90174,34.77653],[135.90119,34.77689],[135.90127,34.77748],[135.90061,34.77812],[135.90027,34.77891],[135.89934,34.77909],[135.89902,34.77879],[135.89898,34.77855],[135.89888,34.77778],[135.89868,34.77758],[135.89844,34.77742],[135.8981,34.77723],[135.89775,34.77681],[135.89748,34.77624],[135.8974,34.77585],[135.89737,34.77561],[135.89712,34.7755],[135.89676,34.77556],[135.8964,34.77546],[135.89595,34.77484],[135.8958,34.77423],[135.89581,34.77412],[135.89592,34.77356],[135.89594,34.77307],[135.89584,34.77291],[135.89552,34.77273],[135.8955,34.77273],[135.89533,34.77273],[135.8949,34.77272],[135.89436,34.77228],[135.8943,34.772],[135.89412,34.77149],[135.8934,34.77135],[135.89292,34.77095],[135.89309,34.77063],[135.89285,34.77014],[135.89246,34.7695],[135.89246,34.76911],[135.89215,34.76893],[135.89169,34.76898],[135.8915,34.76911],[135.89117,34.76927],[135.89092,34.76944],[135.89076,34.76969],[135.88934,34.77047],[135.88842,34.7713],[135.88774,34.7718],[135.88704,34.77229],[135.88678,34.77243],[135.88626,34.77291],[135.8856,34.77327],[135.88496,34.77334],[135.88478,34.77334],[135.88458,34.77343],[135.88435,34.77356],[135.88326,34.77322],[135.8823,34.77344],[135.88223,34.77361],[135.88192,34.77386],[135.88153,34.77407],[135.88123,34.77412],[135.88167,34.77471],[135.88209,34.77502],[135.88226,34.77528],[135.88178,34.77571],[135.88114,34.7759],[135.88038,34.77567],[135.87964,34.77568],[135.87919,34.77608],[135.87908,34.77684],[135.87931,34.77728],[135.87915,34.77804],[135.87895,34.7783],[135.87842,34.77938],[135.87776,34.78037],[135.87692,34.78164],[135.87606,34.78295],[135.87567,34.78354],[135.87497,34.78376],[135.87491,34.78456],[135.87357,34.78512],[135.87237,34.78526],[135.87178,34.78554],[135.87149,34.78613],[135.87069,34.78647],[135.86956,34.78789],[135.86959,34.78844],[135.87008,34.78858],[135.87076,34.78915],[135.87091,34.79002],[135.87067,34.79043],[135.87079,34.79142],[135.8714,34.7924],[135.87172,34.79295],[135.87269,34.79383],[135.87229,34.79442],[135.87154,34.79503],[135.8714,34.79544],[135.86974,34.79629],[135.869,34.79624],[135.86812,34.79504],[135.86723,34.79485],[135.86714,34.79514],[135.86647,34.79521],[135.86618,34.79488],[135.86594,34.79561],[135.86388,34.79724],[135.86406,34.79838],[135.86574,34.79931],[135.86647,34.80006],[135.86673,34.8009],[135.86759,34.80204],[135.8676,34.80245],[135.86735,34.80251],[135.86683,34.80291],[135.86604,34.80312],[135.86578,34.80308],[135.86551,34.80291],[135.86474,34.80306],[135.86439,34.80279],[135.86362,34.80277],[135.86312,34.80242],[135.86285,34.80238],[135.86264,34.80243],[135.8624,34.80242],[135.86227,34.80235],[135.86111,34.80189],[135.86068,34.80135],[135.85986,34.80122],[135.85945,34.80125],[135.85857,34.80112],[135.85718,34.80087],[135.85679,34.80087],[135.85618,34.80082],[135.85568,34.80097],[135.85436,34.80089],[135.8539,34.8009],[135.85247,34.80095],[135.85077,34.80093],[135.85013,34.80065],[135.84941,34.80018],[135.84939,34.80016],[135.84913,34.79999],[135.84808,34.79959],[135.84752,34.79961],[135.84685,34.80024],[135.84558,34.80034],[135.84516,34.80035],[135.84471,34.80032],[135.84435,34.80032],[135.8437,34.80012],[135.84346,34.80026],[135.84344,34.80027],[135.84325,34.80057],[135.84222,34.80068],[135.84208,34.80071],[135.84161,34.80092],[135.84123,34.80091],[135.84065,34.80087],[135.83905,34.80035],[135.8378,34.80049],[135.83702,34.80074],[135.83616,34.80038],[135.8357,34.80067],[135.83535,34.8007],[135.83464,34.80033],[135.83464,34.80032],[135.83392,34.79956],[135.83302,34.79926],[135.83284,34.79902],[135.83231,34.79826],[135.8322,34.79766],[135.83124,34.79742],[135.83091,34.79788],[135.8308,34.79808],[135.83046,34.79846],[135.83039,34.7987],[135.82957,34.79872],[135.82935,34.79866],[135.82824,34.79857],[135.82758,34.79842],[135.82746,34.7982],[135.82742,34.79804],[135.82734,34.79692],[135.82747,34.79647],[135.82748,34.79629],[135.82716,34.79599],[135.82661,34.79606],[135.82608,34.79574],[135.82556,34.79535],[135.82536,34.79503],[135.82458,34.7946],[135.82281,34.79467],[135.82183,34.79406],[135.82042,34.79423],[135.82007,34.79413],[135.81945,34.79386],[135.81872,34.79305],[135.81791,34.79272],[135.81712,34.79289],[135.81585,34.79288],[135.81266,34.79165],[135.81079,34.79134],[135.80975,34.79135],[135.80746,34.79117],[135.80522,34.79139],[135.80412,34.79172],[135.80257,34.79157],[135.80048,34.79104],[135.80017,34.79082],[135.80064,34.79029],[135.80099,34.78988],[135.80182,34.78929],[135.80239,34.78884],[135.80277,34.78845],[135.80306,34.78767],[135.80313,34.78745],[135.80353,34.78652],[135.80369,34.78607],[135.80368,34.78497],[135.80363,34.78391],[135.80357,34.78259],[135.80365,34.7816],[135.80398,34.7778],[135.80361,34.77654],[135.80315,34.77557],[135.80244,34.7735],[135.8028,34.77218],[135.80361,34.7705],[135.80414,34.76941],[135.80451,34.76858],[135.80475,34.76803],[135.80525,34.76685],[135.80558,34.76561],[135.80587,34.76405],[135.806,34.76278],[135.80593,34.76124],[135.80587,34.76084],[135.80578,34.75997],[135.80551,34.75794],[135.80544,34.75746],[135.8053,34.75676],[135.80458,34.75395],[135.80444,34.75098]],[[135.80366,34.74223],[135.80316,34.74215],[135.8027,34.74219],[135.80366,34.74223]],[[135.80076,34.74213],[135.80022,34.74214],[135.8009,34.74216],[135.80076,34.74213]],[[135.79884,34.74191],[135.79827,34.74188],[135.79899,34.74193],[135.79884,34.74191]],[[135.79827,34.74188],[135.79552,34.74197],[135.79646,34.74194],[135.79827,34.74188]],[[135.79825,34.74285],[135.79815,34.74288],[135.79815,34.74331],[135.79825,34.74285]],[[135.79683,34.74665],[135.79663,34.74664],[135.79658,34.74711],[135.79683,34.74665]],[[135.7939,34.74657],[135.79411,34.74625],[135.79358,34.74645],[135.7935,34.74654],[135.7939,34.74657]],[[135.79648,34.74392],[135.79639,34.74318],[135.79638,34.74386],[135.79648,34.74392]],[[135.79416,34.74298],[135.79413,34.74284],[135.7937,34.74284],[135.79416,34.74298]],[[135.78876,34.74116],[135.78884,34.7412],[135.78949,34.74152],[135.78876,34.74116]],[[135.79491,34.73454],[135.79481,34.73442],[135.79482,34.73444],[135.79491,34.73454]],[[135.79706,34.73585],[135.79705,34.7351],[135.79696,34.7345],[135.79706,34.73585]],[[135.79959,34.73621],[135.79968,34.73589],[135.79968,34.73551],[135.79959,34.73621]],[[135.79968,34.73589],[135.80193,34.7359],[135.80062,34.73589],[135.79968,34.73589]],[[135.80308,34.73639],[135.80308,34.73589],[135.80298,34.73588],[135.80308,34.73639]],[[135.80224,34.73548],[135.80212,34.7354],[135.80212,34.73547],[135.80224,34.73548]],[[135.80089,34.73486],[135.80041,34.73466],[135.80008,34.73463],[135.80066,34.73477],[135.80089,34.73486]],[[135.80651,34.73197],[135.8065,34.73092],[135.8065,34.73179],[135.80651,34.73197]],[[135.80177,34.73123],[135.80177,34.73099],[135.80176,34.73005],[135.80177,34.73123]],[[135.79557,34.73036],[135.79519,34.73032],[135.7952,34.73048],[135.79557,34.73036]],[[135.80291,34.72898],[135.80538,34.72886],[135.80291,34.72896],[135.80291,34.72898]],[[135.81728,34.73547],[135.81731,34.73571],[135.81734,34.73545],[135.81728,34.73547]],[[135.82202,34.74127],[135.82166,34.74152],[135.82248,34.74138],[135.82202,34.74127]],[[135.82725,34.73714],[135.82721,34.73685],[135.82688,34.73714],[135.82725,34.73714]],[[135.83672,34.74103],[135.8367,34.74084],[135.83618,34.74073],[135.83672,34.74103]],[[135.80911,34.73384],[135.80962,34.7339],[135.80958,34.73386],[135.80911,34.73384]],[[135.83696,34.74577],[135.83692,34.74587],[135.83709,34.7457],[135.83696,34.74577]],[[135.83654,34.74746],[135.83694,34.74684],[135.83727,34.74691],[135.83702,34.74669],[135.83654,34.74746]],[[135.84718,34.75162],[135.84776,34.75173],[135.84733,34.75154],[135.84718,34.75162]],[[135.84173,34.74364],[135.84311,34.7433],[135.84151,34.74365],[135.84173,34.74364]],[[135.84072,34.74373],[135.8407,34.74343],[135.84053,34.74373],[135.84072,34.74373]],[[135.8357,34.74367],[135.83626,34.74355],[135.83549,34.74368],[135.8357,34.74367]],[[135.83802,34.74117],[135.83911,34.74008],[135.83758,34.74146],[135.83802,34.74117]],[[135.83745,34.7414],[135.83765,34.74126],[135.83733,34.74134],[135.83745,34.7414]],[[135.8431,34.73898],[135.84295,34.73892],[135.84199,34.7396],[135.8431,34.73898]],[[135.84558,34.73681],[135.84533,34.73646],[135.84522,34.7366],[135.84558,34.73681]],[[135.84486,34.73692],[135.84491,34.73669],[135.84457,34.73744],[135.84486,34.73692]],[[135.85045,34.73334],[135.85066,34.73372],[135.85046,34.73331],[135.85045,34.73334]],[[135.84143,34.7259],[135.83937,34.72623],[135.83958,34.7263],[135.84143,34.7259]],[[135.83887,34.72736],[135.83887,34.72742],[135.83891,34.7274],[135.83887,34.72736]],[[135.83992,34.72194],[135.84062,34.72135],[135.83971,34.72204],[135.83992,34.72194]],[[135.83609,34.72222],[135.83468,34.72248],[135.83613,34.72228],[135.83609,34.72222]],[[135.83613,34.72228],[135.83638,34.72263],[135.83653,34.72283],[135.83613,34.72228]],[[135.85156,34.71967],[135.85115,34.71928],[135.85143,34.71971],[135.85156,34.71967]],[[135.85739,34.71769],[135.8574,34.71723],[135.85736,34.71746],[135.85739,34.71769]],[[135.84159,34.71816],[135.84174,34.71825],[135.84213,34.71848],[135.84159,34.71816]],[[135.82608,34.72445],[135.82632,34.72399],[135.82607,34.72446],[135.82608,34.72445]],[[135.83321,34.72206],[135.83283,34.72259],[135.83331,34.72208],[135.83321,34.72206]],[[135.83321,34.71883],[135.83316,34.7192],[135.83294,34.71957],[135.83314,34.71938],[135.83321,34.71883]],[[135.82921,34.721],[135.82954,34.72078],[135.82949,34.72077],[135.82921,34.721]],[[135.82575,34.72258],[135.82567,34.72259],[135.8258,34.72264],[135.82575,34.72258]],[[135.82368,34.72389],[135.82321,34.72484],[135.82374,34.72386],[135.82368,34.72389]],[[135.81806,34.72288],[135.81802,34.72179],[135.81784,34.72185],[135.81796,34.72277],[135.81806,34.72288]],[[135.81759,34.72213],[135.81751,34.72222],[135.81789,34.72268],[135.81759,34.72213]],[[135.81513,34.72263],[135.81488,34.72262],[135.81436,34.72263],[135.81513,34.72263]],[[135.86236,34.74511],[135.86235,34.74481],[135.86222,34.7462],[135.86236,34.74511]],[[135.85886,34.74807],[135.85808,34.74815],[135.85821,34.74816],[135.85886,34.74807]],[[135.86578,34.73828],[135.86563,34.7379],[135.86549,34.73798],[135.86578,34.73828]],[[135.8631,34.74196],[135.86228,34.74074],[135.86266,34.74152],[135.8631,34.74196]],[[135.85201,34.73517],[135.85205,34.73592],[135.85223,34.73565],[135.85201,34.73517]],[[135.86502,34.72484],[135.86617,34.7247],[135.865,34.72482],[135.86502,34.72484]],[[135.86903,34.7526],[135.8691,34.75262],[135.86834,34.75154],[135.86903,34.7526]],[[135.87282,34.75638],[135.87197,34.7564],[135.87197,34.75642],[135.87282,34.75638]],[[135.87146,34.75558],[135.8715,34.75518],[135.87122,34.75519],[135.87146,34.75558]],[[135.8735,34.75294],[135.87359,34.75361],[135.87358,34.75297],[135.8735,34.75294]],[[135.88614,34.74918],[135.88636,34.74905],[135.8857,34.74919],[135.88614,34.74918]],[[135.87323,34.74637],[135.87306,34.74606],[135.87298,34.74632],[135.87323,34.74637]],[[135.87199,34.75319],[135.87171,34.75234],[135.87185,34.75291],[135.87199,34.75319]],[[135.89114,34.74939],[135.89055,34.74875],[135.89108,34.74934],[135.89114,34.74939]],[[135.86922,34.76965],[135.86904,34.76972],[135.8693,34.76972],[135.86922,34.76965]],[[135.87167,34.77943],[135.87168,34.77934],[135.87173,34.7788],[135.87167,34.77943]],[[135.87868,34.72235],[135.87834,34.72243],[135.8785,34.72245],[135.87868,34.72235]],[[135.88825,34.74239],[135.88843,34.74281],[135.8885,34.74289],[135.88825,34.74239]],[[135.88647,34.73405],[135.88638,34.73395],[135.88631,34.73418],[135.88647,34.73405]],[[135.89168,34.72704],[135.89175,34.72688],[135.89118,34.72766],[135.89168,34.72704]],[[135.84965,34.79949],[135.85012,34.80013],[135.85068,34.80044],[135.85076,34.80043],[135.85145,34.80022],[135.85204,34.80011],[135.85278,34.79949],[135.85322,34.79927],[135.85358,34.79904],[135.85369,34.79897],[135.8543,34.7987],[135.85471,34.79841],[135.85487,34.79839],[135.85555,34.79903],[135.85562,34.79896],[135.8555,34.79864],[135.85542,34.79853],[135.85516,34.79829],[135.85511,34.79823],[135.85522,34.79805],[135.85558,34.79775],[135.85601,34.79757],[135.85695,34.79731],[135.85788,34.79659],[135.85813,34.79648],[135.85821,34.79616],[135.85891,34.79605],[135.85931,34.79631],[135.85963,34.79658],[135.85958,34.79645],[135.85948,34.79619],[135.85937,34.79604],[135.85938,34.7959],[135.85928,34.79579],[135.85909,34.7958],[135.85859,34.79588],[135.85831,34.79594],[135.85825,34.79583],[135.85867,34.79535],[135.85925,34.79496],[135.86031,34.79418],[135.86062,34.79385],[135.86093,34.79371],[135.86169,34.79415],[135.86199,34.79472],[135.86217,34.79516],[135.86293,34.79642],[135.86317,34.79653],[135.86269,34.79516],[135.86264,34.79503],[135.8624,34.79467],[135.86218,34.7943],[135.86201,34.79402],[135.86166,34.79356],[135.8615,34.79346],[135.86107,34.79342],[135.86028,34.79377],[135.85988,34.79424],[135.85841,34.79511],[135.85764,34.79576],[135.85763,34.79595],[135.85725,34.79613],[135.85675,34.79647],[135.8563,34.79671],[135.85524,34.79729],[135.85467,34.79777],[135.85404,34.79806],[135.85399,34.79819],[135.85375,34.79847],[135.85284,34.79893],[135.8526,34.79928],[135.85226,34.79942],[135.85125,34.80003],[135.85111,34.80011],[135.85101,34.80013],[135.85081,34.80013],[135.85043,34.79998],[135.85023,34.79981],[135.84985,34.79943],[135.84965,34.79949]],[[135.82402,34.71606],[135.8242,34.71525],[135.82408,34.71523],[135.82402,34.71606]],[[135.9075,34.76337],[135.90875,34.7638],[135.90849,34.76461],[135.9088,34.76478],[135.90894,34.76394],[135.90992,34.76386],[135.91088,34.76345],[135.91111,34.76297],[135.90967,34.76367],[135.90933,34.76338],[135.90982,34.76303],[135.90983,34.7626],[135.91111,34.76221],[135.91149,34.7615],[135.91068,34.7622],[135.90963,34.76226],[135.90984,34.76188],[135.90966,34.76138],[135.91069,34.76097],[135.91086,34.76046],[135.91183,34.75952],[135.91213,34.75975],[135.91262,34.75915],[135.91344,34.75945],[135.91404,34.75916],[135.91277,34.75894],[135.91363,34.75855],[135.91342,34.75779],[135.91404,34.75659],[135.91518,34.75634],[135.91544,34.75647],[135.91592,34.75602],[135.91402,34.75631],[135.9136,34.75648],[135.91378,34.75705],[135.91331,34.75728],[135.91226,34.75648],[135.91282,34.75748],[135.9131,34.75867],[135.91258,34.75874],[135.91222,34.75918],[135.91119,34.75962],[135.9109,34.76028],[135.90996,34.76106],[135.90945,34.76071],[135.90902,34.76089],[135.90839,34.76027],[135.90824,34.75961],[135.90901,34.75859],[135.90945,34.75849],[135.90938,34.75779],[135.90844,34.75823],[135.9072,34.75828],[135.90825,34.75735],[135.90695,34.75783],[135.90711,34.75734],[135.90571,34.7581],[135.90466,34.75801],[135.90402,34.75775],[135.90412,34.75695],[135.90448,34.75645],[135.90503,34.75621],[135.90663,34.75609],[135.90756,34.75643],[135.90873,34.75616],[135.90753,34.75623],[135.90727,34.75602],[135.9077,34.75569],[135.90866,34.75563],[135.90787,34.75517],[135.90713,34.7557],[135.90684,34.75529],[135.90672,34.75573],[135.9058,34.75585],[135.90511,34.75564],[135.905,34.75495],[135.90568,34.75461],[135.90698,34.75443],[135.90864,34.75502],[135.91075,34.75534],[135.91133,34.75588],[135.91107,34.75525],[135.91194,34.7551],[135.913,34.75583],[135.91263,34.75507],[135.91382,34.75479],[135.91424,34.75398],[135.91502,34.75369],[135.91501,34.75341],[135.91414,34.75361],[135.91419,34.7529],[135.91452,34.75267],[135.9149,34.75119],[135.9139,34.75115],[135.91305,34.75051],[135.91299,34.74958],[135.91263,34.74932],[135.91277,34.74844],[135.91246,34.74807],[135.91295,34.74726],[135.91218,34.74687],[135.9124,34.74764],[135.91207,34.74813],[135.91245,34.74898],[135.91219,34.74929],[135.91265,34.74994],[135.91268,34.75044],[135.91377,34.7516],[135.91404,34.75166],[135.91423,34.75268],[135.91365,34.75313],[135.91391,34.75361],[135.91342,34.7544],[135.91219,34.75455],[135.91226,34.7536],[135.91338,34.75237],[135.91261,34.75295],[135.91205,34.75272],[135.91178,34.75137],[135.91252,34.75088],[135.91194,34.75088],[135.91153,34.75125],[135.91155,34.75199],[135.91204,34.75349],[135.91168,34.75471],[135.91056,34.75493],[135.90997,34.75474],[135.91014,34.75436],[135.9109,34.75397],[135.90998,34.75415],[135.90966,34.7546],[135.90833,34.7541],[135.90902,34.75346],[135.90994,34.75293],[135.91022,34.75197],[135.90968,34.75284],[135.9093,34.75247],[135.90918,34.75323],[135.90838,34.75338],[135.90822,34.75379],[135.90756,34.75436],[135.90661,34.75409],[135.90783,34.75298],[135.90853,34.75262],[135.90868,34.75208],[135.90969,34.75115],[135.91104,34.75116],[135.9104,34.7507],[135.91117,34.74976],[135.90995,34.75019],[135.9095,34.74983],[135.9095,34.75078],[135.90917,34.75143],[135.9087,34.75176],[135.9082,34.75257],[135.90726,34.7529],[135.9067,34.75224],[135.90784,34.75193],[135.90789,34.75131],[135.90821,34.75117],[135.90864,34.7501],[135.90812,34.74982],[135.9077,34.74999],[135.90794,34.75053],[135.90744,34.75057],[135.90781,34.75105],[135.90757,34.75166],[135.90676,34.75198],[135.90602,34.75101],[135.90634,34.75176],[135.90623,34.75216],[135.90549,34.75198],[135.90676,34.75317],[135.90676,34.75365],[135.90612,34.75419],[135.90491,34.75486],[135.90449,34.75555],[135.90406,34.75517],[135.90469,34.75438],[135.90494,34.75452],[135.90499,34.75346],[135.90453,34.75288],[135.90461,34.7539],[135.90439,34.75432],[135.90362,34.7541],[135.90404,34.75456],[135.90403,34.75495],[135.9035,34.75513],[135.90377,34.75545],[135.90369,34.75629],[135.90314,34.75709],[135.90346,34.75818],[135.90298,34.7589],[135.90341,34.75952],[135.90327,34.76009],[135.90346,34.76089],[135.90413,34.76181],[135.90507,34.76184],[135.90637,34.76218],[135.90698,34.76266],[135.90641,34.76299],[135.9069,34.76334],[135.9075,34.76337]],[[135.842,34.73227],[135.84192,34.7322],[135.84163,34.73253],[135.842,34.73227]]],[[[135.85843,34.76477],[135.85867,34.76468],[135.85923,34.76448],[135.85843,34.76477]]],[[[135.85373,34.7679],[135.85419,34.76807],[135.85389,34.76796],[135.85373,34.7679]]]]}},{"type":"Feature","properties":{"nm":"大山崎町","b":[135.6672,34.8879,135.7062,34.9135],"c":[135.68695,34.90215]},"geometry":{"type":"MultiPolygon","coordinates":[[[[135.68013,34.88927],[135.68265,34.88785],[135.68293,34.88818],[135.68461,34.88991],[135.6855,34.89055],[135.68673,34.89104],[135.68776,34.89136],[135.69025,34.89172],[135.69216,34.89185],[135.69247,34.89184],[135.69358,34.89176],[135.6942,34.89234],[135.69447,34.89272],[135.69809,34.89547],[135.69898,34.89587],[135.69945,34.89637],[135.69995,34.8972],[135.70018,34.8975],[135.7008,34.89819],[135.70266,34.89945],[135.70291,34.89907],[135.70485,34.89971],[135.70541,34.90006],[135.70542,34.90053],[135.70569,34.9017],[135.70569,34.90213],[135.70577,34.90273],[135.70573,34.90296],[135.7056,34.90331],[135.70561,34.90356],[135.7054,34.904],[135.70539,34.90477],[135.7055,34.9061],[135.70615,34.90781],[135.70615,34.90785],[135.70601,34.90861],[135.7048,34.90866],[135.70481,34.9089],[135.70346,34.90889],[135.70347,34.90913],[135.703,34.90913],[135.70268,34.90906],[135.70233,34.90901],[135.70163,34.90914],[135.70126,34.90923],[135.70089,34.90931],[135.70071,34.90935],[135.70049,34.90931],[135.70067,34.90936],[135.69857,34.90991],[135.69811,34.90992],[135.69813,34.91046],[135.69751,34.91051],[135.69703,34.91054],[135.69697,34.91104],[135.69659,34.91101],[135.6964,34.91096],[135.69589,34.91077],[135.69539,34.91027],[135.69491,34.90975],[135.69494,34.90913],[135.69551,34.90911],[135.69495,34.9091],[135.69513,34.90855],[135.69506,34.90774],[135.69487,34.90744],[135.69413,34.90738],[135.69238,34.90748],[135.6917,34.90721],[135.69069,34.90798],[135.69071,34.90786],[135.69067,34.90803],[135.69066,34.90806],[135.69018,34.90881],[135.68985,34.90904],[135.68946,34.90928],[135.68925,34.90945],[135.689,34.91129],[135.68824,34.91193],[135.68821,34.91194],[135.68766,34.91216],[135.68714,34.91282],[135.68566,34.91295],[135.68504,34.91273],[135.68411,34.91339],[135.68266,34.91313],[135.68252,34.91286],[135.6818,34.91314],[135.68034,34.91304],[135.67951,34.9126],[135.67861,34.9128],[135.67752,34.91351],[135.67737,34.91338],[135.67736,34.91337],[135.67641,34.91245],[135.67554,34.91202],[135.67478,34.91112],[135.67442,34.91024],[135.67323,34.91004],[135.67124,34.90905],[135.66995,34.90923],[135.66952,34.90902],[135.66941,34.90891],[135.66945,34.90815],[135.66945,34.90812],[135.6691,34.90797],[135.66885,34.90758],[135.66871,34.90745],[135.66865,34.90647],[135.66826,34.90629],[135.66788,34.90611],[135.66804,34.90535],[135.66778,34.90475],[135.66735,34.9045],[135.66716,34.90441],[135.6684,34.90406],[135.66931,34.90339],[135.67091,34.90284],[135.67264,34.90155],[135.6731,34.90108],[135.67342,34.9003],[135.67445,34.90036],[135.67566,34.89957],[135.67512,34.89882],[135.67505,34.89838],[135.67578,34.89747],[135.67566,34.89652],[135.67526,34.89578],[135.67543,34.89464],[135.67707,34.89526],[135.67689,34.89464],[135.67787,34.89274],[135.67889,34.89149],[135.67955,34.88976],[135.68013,34.88927]],[[135.68143,34.89199],[135.68145,34.89199],[135.68176,34.89103],[135.68143,34.89199]],[[135.67727,34.89557],[135.67736,34.89573],[135.67732,34.89564],[135.67727,34.89557]],[[135.67737,34.89585],[135.67735,34.89603],[135.67744,34.89578],[135.67737,34.89585]],[[135.68443,34.89288],[135.68365,34.89236],[135.68344,34.89226],[135.68443,34.89288]],[[135.68249,34.89495],[135.68275,34.89556],[135.68276,34.89557],[135.68249,34.89495]],[[135.68299,34.89641],[135.68285,34.89682],[135.68307,34.8967],[135.68299,34.89641]],[[135.68789,34.89412],[135.68858,34.89411],[135.6881,34.89399],[135.68789,34.89412]],[[135.69368,34.9025],[135.69456,34.90207],[135.69413,34.90225],[135.69368,34.9025]],[[135.68579,34.89937],[135.68606,34.89976],[135.68524,34.89843],[135.68579,34.89937]],[[135.68739,34.90151],[135.6868,34.9017],[135.68743,34.90157],[135.68739,34.90151]],[[135.69001,34.90356],[135.69009,34.90354],[135.69007,34.90339],[135.69001,34.90356]],[[135.68657,34.90332],[135.68577,34.90313],[135.68659,34.90334],[135.68657,34.90332]],[[135.69305,34.90277],[135.69363,34.9031],[135.69317,34.90271],[135.69305,34.90277]],[[135.6917,34.90447],[135.6917,34.90457],[135.69171,34.90426],[135.6917,34.90447]],[[135.69172,34.90412],[135.69374,34.90454],[135.69172,34.9041],[135.69172,34.90412]],[[135.68889,34.90537],[135.68881,34.90627],[135.68888,34.90557],[135.68889,34.90537]],[[135.69144,34.90555],[135.69161,34.90576],[135.69163,34.90555],[135.69144,34.90555]],[[135.68697,34.90401],[135.68701,34.90456],[135.68727,34.90446],[135.68824,34.90565],[135.68697,34.90401]],[[135.68874,34.90695],[135.68872,34.90729],[135.68875,34.90795],[135.68874,34.90695]],[[135.69618,34.9045],[135.69649,34.90454],[135.69526,34.90388],[135.69618,34.9045]],[[135.68552,34.90704],[135.68516,34.90698],[135.68562,34.90706],[135.68552,34.90704]],[[135.68688,34.90718],[135.68696,34.90716],[135.68682,34.90662],[135.68688,34.90718]],[[135.68486,34.90464],[135.68378,34.90516],[135.68384,34.90524],[135.68486,34.90464]],[[135.68287,34.90763],[135.68251,34.90771],[135.68294,34.90781],[135.68287,34.90763]],[[135.68532,34.90435],[135.68493,34.90434],[135.68476,34.90435],[135.68532,34.90435]],[[135.68287,34.90418],[135.68302,34.90401],[135.68273,34.90426],[135.68287,34.90418]],[[135.68259,34.90433],[135.68248,34.90445],[135.68247,34.90454],[135.68259,34.90433]],[[135.68619,34.90978],[135.68547,34.90983],[135.68515,34.9099],[135.68574,34.90981],[135.68619,34.90978]],[[135.68408,34.91024],[135.68409,34.91026],[135.68518,34.91006],[135.68408,34.91024]],[[135.69933,34.90873],[135.69909,34.909],[135.69951,34.90868],[135.69933,34.90873]],[[135.6979,34.90711],[135.69786,34.90686],[135.69738,34.9067],[135.69732,34.90676],[135.6979,34.90711]]],[[[135.69448,34.90358],[135.69408,34.90341],[135.69446,34.90357],[135.69448,34.90358]]],[[[135.68588,34.91194],[135.68654,34.91182],[135.68721,34.9117],[135.68588,34.91194]]]]}},{"type":"Feature","properties":{"nm":"久御山町","b":[135.7129,34.8582,135.8335,34.9117],"c":[135.7452,34.88977]},"geometry":{"type":"MultiPolygon","coordinates":[[[[135.71288,34.9017],[135.71439,34.90061],[135.71506,34.89989],[135.71531,34.90006],[135.71592,34.89943],[135.71664,34.89826],[135.71673,34.89807],[135.71675,34.89802],[135.7168,34.89803],[135.71683,34.89798],[135.71706,34.89736],[135.71714,34.89729],[135.71762,34.89644],[135.71834,34.89497],[135.71892,34.89402],[135.71908,34.894],[135.71947,34.89352],[135.71967,34.8934],[135.72003,34.89225],[135.72069,34.89029],[135.72145,34.88897],[135.72252,34.8879],[135.72279,34.88767],[135.72368,34.887],[135.72388,34.88707],[135.7273,34.88641],[135.72853,34.8853],[135.72905,34.88484],[135.73107,34.88335],[135.73187,34.88235],[135.73185,34.882],[135.73241,34.87966],[135.73287,34.8779],[135.73248,34.87607],[135.73229,34.8752],[135.73271,34.87484],[135.73294,34.87469],[135.7347,34.8737],[135.73511,34.87345],[135.73604,34.87308],[135.73705,34.87285],[135.73793,34.87267],[135.73887,34.87248],[135.7392,34.87241],[135.74036,34.87221],[135.74065,34.87216],[135.74285,34.87201],[135.7431,34.87273],[135.74358,34.87258],[135.74418,34.87241],[135.74438,34.87236],[135.74507,34.87224],[135.74538,34.87223],[135.74538,34.87167],[135.74796,34.87167],[135.74795,34.87037],[135.74761,34.86999],[135.75043,34.86809],[135.75071,34.86851],[135.75268,34.86864],[135.75312,34.86864],[135.7571,34.86862],[135.75743,34.86846],[135.75905,34.86864],[135.75911,34.86864],[135.76013,34.8686],[135.76003,34.87062],[135.75994,34.87309],[135.75989,34.87426],[135.75988,34.87444],[135.76041,34.87446],[135.76113,34.87448],[135.7626,34.8744],[135.76264,34.87468],[135.76711,34.8744],[135.76699,34.87542],[135.76696,34.87569],[135.76668,34.87645],[135.7668,34.87698],[135.76702,34.87791],[135.76712,34.87822],[135.76683,34.87824],[135.76677,34.87945],[135.76669,34.88027],[135.76603,34.8805],[135.76603,34.88051],[135.76554,34.88048],[135.76602,34.8807],[135.76606,34.88179],[135.76602,34.88187],[135.76599,34.88215],[135.76595,34.88273],[135.76594,34.88334],[135.76593,34.88362],[135.76593,34.88391],[135.76593,34.8848],[135.76595,34.8862],[135.76466,34.88622],[135.76316,34.88623],[135.76217,34.88626],[135.75989,34.88626],[135.75983,34.88631],[135.75985,34.88731],[135.75986,34.88784],[135.75986,34.88827],[135.75994,34.89025],[135.75995,34.89128],[135.75996,34.89222],[135.75996,34.89326],[135.76003,34.8933],[135.76133,34.89389],[135.76194,34.89303],[135.76411,34.8941],[135.7646,34.89339],[135.7641,34.89316],[135.76454,34.89256],[135.76455,34.89254],[135.76508,34.89181],[135.7656,34.89205],[135.7651,34.89278],[135.76563,34.89302],[135.76612,34.89328],[135.7667,34.89358],[135.7656,34.89513],[135.76614,34.89543],[135.76568,34.8961],[135.76608,34.89635],[135.76412,34.89904],[135.76468,34.8993],[135.76294,34.9017],[135.76514,34.90281],[135.76303,34.90567],[135.76088,34.90837],[135.75386,34.90483],[135.75278,34.90429],[135.75083,34.9069],[135.7495,34.90868],[135.74828,34.90837],[135.7478,34.90902],[135.74833,34.90931],[135.74785,34.90994],[135.74838,34.91023],[135.74744,34.91149],[135.74691,34.91122],[135.74659,34.91163],[135.74605,34.91137],[135.74582,34.91166],[135.74533,34.91132],[135.74578,34.91067],[135.74478,34.91005],[135.74447,34.91046],[135.74362,34.90965],[135.74432,34.90868],[135.74221,34.9076],[135.74251,34.90716],[135.74146,34.9066],[135.74103,34.90716],[135.74055,34.9067],[135.74081,34.90548],[135.74049,34.90493],[135.74006,34.90506],[135.73914,34.9052],[135.73847,34.9052],[135.73792,34.90514],[135.73627,34.90499],[135.73589,34.90502],[135.73546,34.90524],[135.73549,34.905],[135.73404,34.90496],[135.73139,34.90441],[135.73066,34.90419],[135.72921,34.90355],[135.72862,34.90337],[135.72781,34.90317],[135.72595,34.90301],[135.72543,34.90217],[135.72543,34.90174],[135.72526,34.90156],[135.72469,34.90104],[135.72357,34.90064],[135.72257,34.90043],[135.72204,34.90027],[135.72169,34.9],[135.72077,34.89976],[135.71936,34.89978],[135.71911,34.89902],[135.71861,34.89904],[135.71799,34.89913],[135.71774,34.8992],[135.71749,34.89935],[135.71746,34.89936],[135.71744,34.89936],[135.71733,34.89934],[135.71739,34.89922],[135.71735,34.89921],[135.71744,34.89896],[135.71778,34.8989],[135.71786,34.89889],[135.71793,34.89896],[135.71804,34.89897],[135.71902,34.89879],[135.71918,34.89877],[135.72059,34.89848],[135.72058,34.89843],[135.72047,34.89826],[135.72007,34.89826],[135.71998,34.89823],[135.71994,34.89822],[135.71937,34.89824],[135.7189,34.89832],[135.71828,34.89842],[135.71797,34.89847],[135.71788,34.89849],[135.71723,34.8985],[135.71646,34.89964],[135.71635,34.89984],[135.71564,34.90084],[135.71433,34.90155],[135.71406,34.90143],[135.71288,34.9017]],[[135.71714,34.89729],[135.71827,34.89764],[135.7181,34.89747],[135.71714,34.89729]],[[135.72003,34.89225],[135.72035,34.89232],[135.72065,34.89233],[135.72043,34.89198],[135.72003,34.89225]],[[135.7478,34.90902],[135.74672,34.90843],[135.74671,34.90845],[135.7478,34.90902]],[[135.72513,34.90066],[135.72531,34.90061],[135.7246,34.90037],[135.72513,34.90066]],[[135.72464,34.89841],[135.72489,34.89848],[135.72481,34.89842],[135.72464,34.89841]],[[135.72173,34.8978],[135.72134,34.8977],[135.72135,34.8979],[135.72173,34.8978]],[[135.72429,34.89233],[135.72551,34.89225],[135.7226,34.89239],[135.72429,34.89233]],[[135.72551,34.89225],[135.72866,34.8923],[135.72647,34.89225],[135.72551,34.89225]],[[135.72647,34.89039],[135.72644,34.8883],[135.72644,34.88974],[135.72647,34.89039]],[[135.72766,34.88656],[135.72872,34.88591],[135.72878,34.88584],[135.72766,34.88656]],[[135.72943,34.88532],[135.72983,34.88464],[135.72931,34.88532],[135.72943,34.88532]],[[135.73658,34.88616],[135.73517,34.88504],[135.73554,34.88535],[135.73658,34.88616]],[[135.72862,34.89957],[135.7328,34.90317],[135.73286,34.90313],[135.73227,34.90271],[135.73163,34.90213],[135.72862,34.89957]],[[135.73986,34.89782],[135.74113,34.8957],[135.74065,34.89646],[135.73986,34.89782]],[[135.73997,34.89236],[135.73994,34.89236],[135.74089,34.89309],[135.73997,34.89236]],[[135.75286,34.89138],[135.75278,34.89138],[135.75045,34.89142],[135.75286,34.89138]],[[135.74182,34.89032],[135.74333,34.889],[135.7433,34.88894],[135.74189,34.89026],[135.74182,34.89032]],[[135.74185,34.88975],[135.7422,34.88977],[135.74176,34.88972],[135.74185,34.88975]],[[135.74449,34.87743],[135.74319,34.87744],[135.74318,34.87751],[135.74449,34.87743]],[[135.74524,34.87541],[135.74318,34.87548],[135.7432,34.87548],[135.74524,34.87541]],[[135.74864,34.87795],[135.74859,34.87791],[135.74799,34.87745],[135.74864,34.87795]],[[135.75513,34.87408],[135.75639,34.87405],[135.75513,34.87397],[135.75513,34.87408]],[[135.75516,34.87149],[135.75151,34.87148],[135.75341,34.87149],[135.75516,34.87149]],[[135.75902,34.88238],[135.75958,34.88427],[135.75927,34.88322],[135.75902,34.88238]],[[135.75345,34.8802],[135.75408,34.87963],[135.7525,34.88098],[135.75345,34.8802]],[[135.7525,34.88098],[135.75175,34.88035],[135.75153,34.88018],[135.7525,34.88098]],[[135.76201,34.87726],[135.76188,34.87576],[135.76192,34.87633],[135.76201,34.87726]],[[135.7499,34.88732],[135.75002,34.88724],[135.74997,34.8872],[135.7499,34.88732]],[[135.74104,34.8812],[135.74015,34.88122],[135.74002,34.88134],[135.74104,34.8812]]],[[[135.82658,34.86435],[135.82607,34.86259],[135.82726,34.86049],[135.82825,34.85987],[135.82906,34.85968],[135.82962,34.85978],[135.82993,34.85986],[135.83046,34.85942],[135.83052,34.85933],[135.8318,34.85878],[135.83248,34.85846],[135.83311,34.85821],[135.83328,34.85828],[135.83342,34.85902],[135.83351,34.85923],[135.83353,34.85939],[135.83339,34.85942],[135.83327,34.85945],[135.8327,34.86007],[135.83266,34.86024],[135.83266,34.86028],[135.83261,34.86041],[135.83253,34.86061],[135.8324,34.86071],[135.83228,34.86087],[135.8322,34.86118],[135.8321,34.86147],[135.83188,34.86205],[135.83164,34.8625],[135.8313,34.86295],[135.83112,34.86312],[135.83075,34.86341],[135.83024,34.86366],[135.82974,34.86394],[135.82965,34.86432],[135.82901,34.86482],[135.82852,34.86597],[135.82828,34.86603],[135.82718,34.86558],[135.82696,34.86483],[135.82658,34.86435]]],[[[135.76398,34.89116],[135.76294,34.89258],[135.76244,34.89234],[135.76274,34.89166],[135.76275,34.89164],[135.76344,34.89092],[135.76398,34.89116]]]]}},{"type":"Feature","properties":{"nm":"井手町","b":[135.7914,34.7908,135.8772,34.8264],"c":[135.82851,34.81032]},"geometry":{"type":"MultiPolygon","coordinates":[[[[135.79974,34.80115],[135.79963,34.80088],[135.79848,34.8001],[135.79777,34.7994],[135.79724,34.7981],[135.79711,34.79745],[135.7972,34.79637],[135.79745,34.79514],[135.79749,34.795],[135.79754,34.79484],[135.7979,34.79383],[135.79862,34.79239],[135.80017,34.79082],[135.80048,34.79104],[135.80257,34.79157],[135.80412,34.79172],[135.80522,34.79139],[135.80746,34.79117],[135.80975,34.79135],[135.81079,34.79134],[135.81266,34.79165],[135.81585,34.79288],[135.81712,34.79289],[135.81791,34.79272],[135.81872,34.79305],[135.81945,34.79386],[135.82007,34.79413],[135.82042,34.79423],[135.82183,34.79406],[135.82281,34.79467],[135.82458,34.7946],[135.82536,34.79503],[135.82556,34.79535],[135.82608,34.79574],[135.82661,34.79606],[135.82716,34.79599],[135.82748,34.79629],[135.82747,34.79647],[135.82734,34.79692],[135.82742,34.79804],[135.82746,34.7982],[135.82758,34.79842],[135.82824,34.79857],[135.82935,34.79866],[135.82957,34.79872],[135.83039,34.7987],[135.83046,34.79846],[135.8308,34.79808],[135.83091,34.79788],[135.83124,34.79742],[135.8322,34.79766],[135.83231,34.79826],[135.83284,34.79902],[135.83302,34.79926],[135.83392,34.79956],[135.83464,34.80032],[135.83464,34.80033],[135.83535,34.8007],[135.8357,34.80067],[135.83616,34.80038],[135.83702,34.80074],[135.8378,34.80049],[135.83905,34.80035],[135.84065,34.80087],[135.84123,34.80091],[135.84161,34.80092],[135.84208,34.80071],[135.84222,34.80068],[135.84325,34.80057],[135.84344,34.80027],[135.84346,34.80026],[135.8437,34.80012],[135.84435,34.80032],[135.84471,34.80032],[135.84516,34.80035],[135.84558,34.80034],[135.84685,34.80024],[135.84752,34.79961],[135.84808,34.79959],[135.84913,34.79999],[135.84939,34.80016],[135.84941,34.80018],[135.85013,34.80065],[135.85077,34.80093],[135.85247,34.80095],[135.8539,34.8009],[135.85436,34.80089],[135.85568,34.80097],[135.85618,34.80082],[135.85679,34.80087],[135.85718,34.80087],[135.85857,34.80112],[135.85945,34.80125],[135.85986,34.80122],[135.86068,34.80135],[135.86111,34.80189],[135.86227,34.80235],[135.8624,34.80242],[135.86264,34.80243],[135.86285,34.80238],[135.86312,34.80242],[135.86362,34.80277],[135.86439,34.80279],[135.86474,34.80306],[135.86551,34.80291],[135.86578,34.80308],[135.86604,34.80312],[135.86683,34.80291],[135.86735,34.80251],[135.86797,34.8024],[135.86828,34.80261],[135.86801,34.80333],[135.86771,34.8035],[135.86762,34.80348],[135.86687,34.80362],[135.86697,34.8038],[135.86744,34.80467],[135.86757,34.80526],[135.86745,34.80638],[135.86757,34.80679],[135.86772,34.80726],[135.8667,34.80803],[135.86612,34.80822],[135.8656,34.80817],[135.86488,34.80881],[135.86417,34.80908],[135.86412,34.80915],[135.86403,34.80944],[135.86394,34.80952],[135.86388,34.80954],[135.8632,34.8097],[135.86222,34.80976],[135.86212,34.80974],[135.86207,34.80976],[135.86177,34.81013],[135.86167,34.81025],[135.86075,34.81056],[135.86088,34.81067],[135.8615,34.81099],[135.86181,34.81152],[135.86198,34.81161],[135.86257,34.81184],[135.86269,34.81201],[135.86281,34.81236],[135.86284,34.81242],[135.86306,34.81255],[135.86426,34.8128],[135.8646,34.81257],[135.86559,34.81234],[135.86631,34.81267],[135.8665,34.81264],[135.86682,34.81227],[135.86699,34.81222],[135.86767,34.81168],[135.86809,34.81109],[135.86839,34.81064],[135.86864,34.81034],[135.86955,34.80975],[135.87015,34.80907],[135.87065,34.80885],[135.87102,34.80883],[135.87142,34.80875],[135.87203,34.80862],[135.87209,34.80851],[135.87218,34.80812],[135.87203,34.80778],[135.87178,34.80717],[135.87133,34.80617],[135.87097,34.80578],[135.87096,34.80564],[135.87115,34.80551],[135.87127,34.80535],[135.87134,34.80501],[135.87129,34.80467],[135.87126,34.80439],[135.87118,34.80414],[135.87109,34.80399],[135.87027,34.80276],[135.86988,34.80247],[135.86965,34.80181],[135.86938,34.80141],[135.8692,34.80093],[135.86878,34.80012],[135.86822,34.79892],[135.86882,34.7992],[135.86915,34.79996],[135.86956,34.80122],[135.86988,34.80167],[135.86986,34.80178],[135.86996,34.80219],[135.87066,34.80284],[135.87097,34.8035],[135.87138,34.80415],[135.87158,34.80449],[135.87141,34.80551],[135.87112,34.8058],[135.87165,34.80627],[135.87241,34.80803],[135.87265,34.80816],[135.87324,34.80759],[135.87421,34.8068],[135.87438,34.80674],[135.87521,34.80622],[135.87561,34.80588],[135.87599,34.80541],[135.87623,34.80499],[135.87613,34.80435],[135.87649,34.80468],[135.87672,34.80471],[135.87698,34.80467],[135.87722,34.80473],[135.87715,34.80489],[135.87648,34.80516],[135.87603,34.80599],[135.87551,34.80637],[135.87508,34.80676],[135.87515,34.8069],[135.87471,34.80705],[135.87414,34.80755],[135.87413,34.80793],[135.87364,34.80795],[135.87329,34.80824],[135.87231,34.80903],[135.87156,34.80922],[135.87086,34.80929],[135.86923,34.81042],[135.86889,34.81089],[135.86842,34.81171],[135.86824,34.81212],[135.86749,34.81264],[135.86692,34.81292],[135.86504,34.81276],[135.86452,34.81301],[135.86406,34.81314],[135.86252,34.81254],[135.86241,34.81217],[135.86154,34.8119],[135.86117,34.81135],[135.86058,34.81087],[135.86038,34.81061],[135.86026,34.8109],[135.86037,34.81286],[135.86079,34.81366],[135.86056,34.81415],[135.86031,34.81477],[135.85965,34.81507],[135.85991,34.81585],[135.85989,34.8165],[135.86024,34.81712],[135.85999,34.81766],[135.85954,34.81791],[135.85951,34.81875],[135.85982,34.81904],[135.85996,34.82055],[135.85986,34.82149],[135.85832,34.82108],[135.85711,34.82139],[135.85712,34.82201],[135.85653,34.82271],[135.85659,34.82321],[135.85605,34.82353],[135.8554,34.82332],[135.8546,34.82262],[135.85425,34.82272],[135.85381,34.82402],[135.85416,34.8247],[135.85346,34.82555],[135.85258,34.82597],[135.85152,34.825],[135.85076,34.82549],[135.85013,34.82552],[135.84905,34.82478],[135.84785,34.82465],[135.84735,34.82439],[135.84646,34.8244],[135.84415,34.82475],[135.84167,34.8252],[135.84043,34.82553],[135.83938,34.82577],[135.8376,34.82598],[135.83277,34.82633],[135.82967,34.82574],[135.82752,34.82554],[135.8243,34.82477],[135.82388,34.82484],[135.82106,34.82637],[135.81968,34.82593],[135.81796,34.82574],[135.81704,34.82535],[135.81635,34.82533],[135.81549,34.82504],[135.81474,34.82563],[135.814,34.82516],[135.81321,34.82501],[135.81265,34.82416],[135.81127,34.82383],[135.81071,34.82326],[135.80928,34.82277],[135.80855,34.82235],[135.80815,34.82222],[135.80746,34.82324],[135.80641,34.82268],[135.80343,34.82223],[135.79981,34.82211],[135.79708,34.82194],[135.79143,34.82172],[135.79153,34.82135],[135.79172,34.82112],[135.79216,34.8206],[135.79244,34.82038],[135.79344,34.81968],[135.79397,34.81903],[135.79461,34.81828],[135.79475,34.81821],[135.79505,34.81794],[135.79845,34.81497],[135.80183,34.81228],[135.8025,34.81096],[135.80283,34.81005],[135.80312,34.80839],[135.80299,34.80667],[135.80185,34.80459],[135.80125,34.8041],[135.79974,34.80115]]],[[[135.84985,34.79943],[135.85023,34.79981],[135.85043,34.79998],[135.85081,34.80013],[135.85101,34.80013],[135.85111,34.80011],[135.85125,34.80003],[135.85226,34.79942],[135.8526,34.79928],[135.85284,34.79893],[135.85375,34.79847],[135.85399,34.79819],[135.85404,34.79806],[135.85467,34.79777],[135.85524,34.79729],[135.8563,34.79671],[135.85675,34.79647],[135.85725,34.79613],[135.85763,34.79595],[135.85764,34.79576],[135.85841,34.79511],[135.85988,34.79424],[135.86028,34.79377],[135.86107,34.79342],[135.8615,34.79346],[135.86166,34.79356],[135.86201,34.79402],[135.86218,34.7943],[135.8624,34.79467],[135.86264,34.79503],[135.86269,34.79516],[135.86317,34.79653],[135.86293,34.79642],[135.86217,34.79516],[135.86199,34.79472],[135.86169,34.79415],[135.86093,34.79371],[135.86062,34.79385],[135.86031,34.79418],[135.85925,34.79496],[135.85867,34.79535],[135.85825,34.79583],[135.85831,34.79594],[135.85859,34.79588],[135.85909,34.7958],[135.85928,34.79579],[135.85938,34.7959],[135.85937,34.79604],[135.85948,34.79619],[135.85958,34.79645],[135.85963,34.79658],[135.85931,34.79631],[135.85891,34.79605],[135.85821,34.79616],[135.85813,34.79648],[135.85788,34.79659],[135.85695,34.79731],[135.85601,34.79757],[135.85558,34.79775],[135.85522,34.79805],[135.85511,34.79823],[135.85516,34.79829],[135.85542,34.79853],[135.8555,34.79864],[135.85562,34.79896],[135.85555,34.79903],[135.85487,34.79839],[135.85471,34.79841],[135.8543,34.7987],[135.85369,34.79897],[135.85358,34.79904],[135.85322,34.79927],[135.85278,34.79949],[135.85204,34.80011],[135.85145,34.80022],[135.85076,34.80043],[135.85068,34.80044],[135.85012,34.80013],[135.84965,34.79949],[135.84985,34.79943]]]]}},{"type":"Feature","properties":{"nm":"宇治田原町","b":[135.8296,34.8133,135.9471,34.8936],"c":[135.88752,34.85488]},"geometry":{"type":"Polygon","coordinates":[[[135.84396,34.872],[135.84368,34.87088],[135.84246,34.87045],[135.84081,34.87038],[135.83847,34.87043],[135.83793,34.8704],[135.83771,34.86963],[135.83714,34.8674],[135.8355,34.86662],[135.83513,34.86634],[135.83439,34.8661],[135.8333,34.86585],[135.83303,34.86571],[135.83265,34.86564],[135.83204,34.86463],[135.83144,34.86426],[135.83073,34.86456],[135.82976,34.86461],[135.82965,34.86432],[135.82974,34.86394],[135.83024,34.86366],[135.83075,34.86341],[135.83112,34.86312],[135.8313,34.86295],[135.83164,34.8625],[135.83188,34.86205],[135.8321,34.86147],[135.8322,34.86118],[135.83228,34.86087],[135.8324,34.86071],[135.83253,34.86061],[135.83261,34.86041],[135.83266,34.86028],[135.83266,34.86024],[135.8327,34.86007],[135.83327,34.85945],[135.83339,34.85942],[135.83353,34.85939],[135.83351,34.85923],[135.83342,34.85902],[135.83328,34.85828],[135.83406,34.85771],[135.83342,34.85619],[135.83438,34.85602],[135.83397,34.85405],[135.83398,34.85326],[135.83406,34.85296],[135.83394,34.84992],[135.83396,34.84921],[135.8337,34.84847],[135.83425,34.84806],[135.83518,34.84787],[135.83605,34.8481],[135.83704,34.84811],[135.83802,34.84781],[135.83896,34.84835],[135.84032,34.8471],[135.84026,34.8463],[135.84074,34.84555],[135.84129,34.84512],[135.84182,34.8444],[135.84204,34.84316],[135.84203,34.84209],[135.84196,34.84116],[135.84238,34.84058],[135.84346,34.84009],[135.8438,34.84028],[135.84482,34.83985],[135.84502,34.8391],[135.84646,34.83873],[135.84691,34.83776],[135.84723,34.83772],[135.84763,34.83682],[135.84792,34.83663],[135.84794,34.8362],[135.84712,34.83537],[135.84716,34.8346],[135.84657,34.83436],[135.84591,34.83321],[135.84576,34.83191],[135.84606,34.83139],[135.8459,34.82966],[135.84598,34.82893],[135.84653,34.82669],[135.84709,34.82544],[135.84785,34.82465],[135.84905,34.82478],[135.85013,34.82552],[135.85076,34.82549],[135.85152,34.825],[135.85258,34.82597],[135.85346,34.82555],[135.85416,34.8247],[135.85381,34.82402],[135.85425,34.82272],[135.8546,34.82262],[135.8554,34.82332],[135.85605,34.82353],[135.85659,34.82321],[135.85653,34.82271],[135.85712,34.82201],[135.85711,34.82139],[135.85832,34.82108],[135.85986,34.82149],[135.85996,34.82055],[135.85982,34.81904],[135.85951,34.81875],[135.85954,34.81791],[135.85999,34.81766],[135.86024,34.81712],[135.85989,34.8165],[135.85991,34.81585],[135.85965,34.81507],[135.86031,34.81477],[135.86056,34.81415],[135.86081,34.81384],[135.86097,34.81351],[135.86176,34.81333],[135.8626,34.81373],[135.86417,34.81409],[135.86494,34.81384],[135.86543,34.81395],[135.86647,34.81462],[135.86728,34.81416],[135.86743,34.81416],[135.86782,34.81432],[135.86919,34.81563],[135.86993,34.81602],[135.87154,34.81607],[135.87255,34.81639],[135.87377,34.81645],[135.87534,34.81624],[135.87691,34.81619],[135.8785,34.81649],[135.88081,34.8178],[135.88202,34.81794],[135.88306,34.81761],[135.88341,34.81766],[135.88538,34.81866],[135.88684,34.8196],[135.88775,34.821],[135.88819,34.82244],[135.88758,34.82377],[135.88751,34.82454],[135.88716,34.82493],[135.88568,34.82567],[135.88491,34.8262],[135.88552,34.82627],[135.88685,34.82614],[135.88874,34.82649],[135.88969,34.82627],[135.89072,34.82481],[135.8913,34.82422],[135.89275,34.82324],[135.89431,34.8226],[135.89534,34.82231],[135.89671,34.82221],[135.89733,34.82241],[135.90101,34.82448],[135.90236,34.82532],[135.90334,34.82631],[135.90419,34.82773],[135.90474,34.82747],[135.90515,34.82628],[135.90581,34.82657],[135.90679,34.82674],[135.90743,34.82715],[135.9077,34.82765],[135.90775,34.82894],[135.90726,34.82951],[135.90569,34.8294],[135.90529,34.82956],[135.90427,34.83067],[135.90436,34.83084],[135.90615,34.83122],[135.90757,34.83167],[135.90702,34.83313],[135.90764,34.83306],[135.90908,34.83332],[135.90993,34.83334],[135.91055,34.83387],[135.91186,34.83445],[135.91232,34.8346],[135.91303,34.83427],[135.91385,34.83417],[135.91632,34.83413],[135.91867,34.83438],[135.91941,34.83372],[135.92083,34.83441],[135.92121,34.8341],[135.92091,34.83282],[135.92131,34.8328],[135.92206,34.83334],[135.92397,34.83307],[135.9245,34.83335],[135.92555,34.8347],[135.92661,34.83589],[135.92799,34.837],[135.92811,34.83802],[135.92948,34.83895],[135.93059,34.84134],[135.93043,34.84184],[135.93202,34.84337],[135.93241,34.84472],[135.93356,34.84479],[135.93394,34.84559],[135.93623,34.84642],[135.93653,34.84582],[135.93749,34.84605],[135.93751,34.84668],[135.93851,34.84774],[135.93922,34.84878],[135.94091,34.84986],[135.94178,34.85019],[135.94346,34.85048],[135.94417,34.85075],[135.94464,34.8515],[135.9452,34.85181],[135.94612,34.85179],[135.94651,34.85228],[135.94697,34.85379],[135.946,34.85612],[135.94715,34.8566],[135.94698,34.85703],[135.94533,34.85691],[135.94506,34.85728],[135.94533,34.85827],[135.94447,34.85963],[135.94329,34.85981],[135.94295,34.86008],[135.94293,34.8609],[135.94177,34.86304],[135.9412,34.86372],[135.94125,34.86586],[135.94115,34.8676],[135.94128,34.86817],[135.94226,34.86961],[135.94272,34.87052],[135.94352,34.8728],[135.94318,34.87383],[135.94361,34.87517],[135.94277,34.87628],[135.94275,34.8774],[135.94319,34.87805],[135.94309,34.87847],[135.93984,34.88025],[135.93942,34.88164],[135.93982,34.88216],[135.94064,34.88256],[135.941,34.88451],[135.94053,34.88598],[135.94033,34.88782],[135.93984,34.88843],[135.93984,34.88895],[135.94022,34.8917],[135.94071,34.89308],[135.94107,34.89343],[135.94017,34.89358],[135.93917,34.89329],[135.93626,34.89132],[135.9356,34.89064],[135.934,34.88828],[135.93339,34.88776],[135.93242,34.88771],[135.93121,34.88815],[135.93052,34.88826],[135.9287,34.88785],[135.92816,34.88726],[135.92656,34.88599],[135.92493,34.88509],[135.92406,34.8848],[135.92372,34.88392],[135.92329,34.88359],[135.92119,34.88382],[135.91886,34.88462],[135.91767,34.88429],[135.91695,34.88386],[135.91565,34.88349],[135.91461,34.88394],[135.91297,34.88335],[135.91263,34.88383],[135.91166,34.88206],[135.91104,34.88191],[135.91042,34.88086],[135.90955,34.88053],[135.90978,34.87971],[135.90959,34.87923],[135.90896,34.87865],[135.90898,34.87796],[135.90929,34.87731],[135.90846,34.87664],[135.90798,34.87677],[135.90694,34.87616],[135.90661,34.87552],[135.90667,34.87434],[135.90467,34.87403],[135.90363,34.87314],[135.90245,34.87235],[135.90164,34.87218],[135.89949,34.87132],[135.89877,34.87118],[135.89758,34.87157],[135.89714,34.87152],[135.89674,34.87204],[135.89664,34.87303],[135.89599,34.87363],[135.89465,34.87412],[135.89296,34.87423],[135.89156,34.87458],[135.89057,34.87464],[135.88931,34.8753],[135.88696,34.87569],[135.88549,34.87541],[135.88507,34.87574],[135.88502,34.87633],[135.88525,34.87743],[135.88603,34.87881],[135.88685,34.87938],[135.88835,34.87981],[135.88868,34.88026],[135.88854,34.88163],[135.88698,34.88307],[135.88413,34.88451],[135.88295,34.88441],[135.88221,34.88395],[135.88122,34.88382],[135.87998,34.88469],[135.87844,34.88531],[135.87784,34.88662],[135.8771,34.88657],[135.87608,34.88616],[135.87524,34.88696],[135.87427,34.88867],[135.87215,34.88885],[135.87127,34.88971],[135.86924,34.89108],[135.86713,34.89199],[135.86675,34.8923],[135.86629,34.89187],[135.8658,34.8916],[135.86513,34.89157],[135.86444,34.89157],[135.8636,34.89155],[135.86255,34.89142],[135.86157,34.89057],[135.86084,34.88947],[135.86005,34.88843],[135.8595,34.88735],[135.85929,34.88628],[135.85961,34.88536],[135.85959,34.88482],[135.85921,34.88414],[135.85855,34.88365],[135.85791,34.88353],[135.85657,34.88396],[135.85605,34.8842],[135.85477,34.88428],[135.85382,34.88382],[135.85297,34.88314],[135.85166,34.88247],[135.85093,34.8823],[135.84913,34.88189],[135.84834,34.88126],[135.8474,34.87964],[135.84612,34.87822],[135.84482,34.87707],[135.84421,34.87554],[135.84388,34.87279],[135.84396,34.872]],[[135.85709,34.86922],[135.85685,34.86847],[135.85662,34.86786],[135.85709,34.86922]]]}},{"type":"Feature","properties":{"nm":"笠置町","b":[135.903,34.7373,135.9787,34.798],"c":[135.9496,34.76454]},"geometry":{"type":"MultiPolygon","coordinates":[[[[135.92223,34.7547],[135.9226,34.75566],[135.92379,34.75688],[135.92422,34.757],[135.92409,34.75757],[135.92542,34.75773],[135.92672,34.757],[135.92777,34.757],[135.92866,34.75666],[135.92761,34.75554],[135.92717,34.75432],[135.928,34.75382],[135.92874,34.75237],[135.92841,34.75145],[135.92695,34.75007],[135.92566,34.74818],[135.92518,34.74714],[135.92494,34.74624],[135.92456,34.74574],[135.92296,34.74518],[135.92299,34.74465],[135.92384,34.74352],[135.92327,34.74267],[135.92315,34.74219],[135.92342,34.7412],[135.92399,34.74136],[135.92578,34.74035],[135.92574,34.73995],[135.92649,34.73965],[135.92824,34.73829],[135.92905,34.73803],[135.92993,34.73735],[135.93045,34.73778],[135.93125,34.73803],[135.93255,34.73747],[135.93293,34.73817],[135.93392,34.73817],[135.93406,34.73885],[135.93451,34.73931],[135.93529,34.73934],[135.93597,34.74024],[135.93782,34.74013],[135.93811,34.73933],[135.93851,34.73898],[135.93914,34.73946],[135.94018,34.73918],[135.94152,34.73898],[135.94187,34.73859],[135.94185,34.73796],[135.94282,34.73742],[135.94342,34.73829],[135.94318,34.73904],[135.9434,34.73981],[135.94394,34.74028],[135.94371,34.74117],[135.94477,34.74202],[135.9461,34.74196],[135.94653,34.74227],[135.94719,34.74328],[135.94783,34.74375],[135.94811,34.74428],[135.94969,34.74413],[135.95026,34.74434],[135.95031,34.74543],[135.95113,34.74557],[135.95158,34.74621],[135.95249,34.74672],[135.95363,34.7468],[135.95396,34.74768],[135.95461,34.74808],[135.9555,34.74765],[135.95556,34.74683],[135.95647,34.74634],[135.95668,34.74528],[135.9574,34.74511],[135.95804,34.74449],[135.95807,34.74404],[135.95789,34.74265],[135.95835,34.74067],[135.95911,34.74024],[135.96081,34.7405],[135.96187,34.73996],[135.96353,34.741],[135.96425,34.74205],[135.96565,34.74288],[135.96616,34.74295],[135.96835,34.74108],[135.9693,34.74058],[135.96985,34.74051],[135.97012,34.74125],[135.9713,34.74245],[135.97168,34.74287],[135.97166,34.74413],[135.97198,34.74516],[135.9715,34.74646],[135.97153,34.74772],[135.97181,34.74815],[135.97191,34.74858],[135.97151,34.74972],[135.97091,34.75046],[135.97015,34.75092],[135.9696,34.75144],[135.96952,34.75209],[135.96955,34.75325],[135.96966,34.75425],[135.96993,34.75479],[135.9702,34.75508],[135.97113,34.75753],[135.97172,34.76069],[135.97177,34.76103],[135.972,34.76155],[135.97365,34.76151],[135.97505,34.76213],[135.9768,34.76227],[135.9769,34.763],[135.97762,34.76419],[135.97705,34.76433],[135.9772,34.76597],[135.97763,34.76653],[135.97706,34.7681],[135.97731,34.76901],[135.97784,34.76943],[135.97762,34.77161],[135.97718,34.77274],[135.97678,34.77512],[135.97708,34.77603],[135.97818,34.77769],[135.97818,34.779],[135.97873,34.78008],[135.97846,34.78048],[135.97851,34.78179],[135.97817,34.78177],[135.9758,34.7822],[135.97424,34.78222],[135.97228,34.78198],[135.97087,34.78229],[135.96918,34.78281],[135.96768,34.78228],[135.9672,34.78225],[135.96561,34.78394],[135.96531,34.78457],[135.96721,34.78534],[135.96745,34.78641],[135.96814,34.78713],[135.96892,34.78764],[135.96871,34.78874],[135.96795,34.78917],[135.96836,34.78971],[135.96815,34.79083],[135.96744,34.79112],[135.96711,34.79164],[135.96766,34.79308],[135.96709,34.79398],[135.9669,34.79548],[135.96595,34.79639],[135.96507,34.79666],[135.96322,34.79684],[135.96221,34.79648],[135.96158,34.79534],[135.96015,34.79442],[135.95934,34.79482],[135.95879,34.79469],[135.9576,34.79476],[135.95675,34.79498],[135.9553,34.79584],[135.95424,34.79622],[135.95156,34.79796],[135.95116,34.79742],[135.95109,34.79544],[135.95088,34.79488],[135.95003,34.79437],[135.95041,34.79278],[135.9504,34.79231],[135.9499,34.79187],[135.95014,34.79101],[135.94945,34.79017],[135.94825,34.78808],[135.94719,34.78703],[135.94782,34.78616],[135.94772,34.78576],[135.94714,34.78574],[135.94652,34.78445],[135.94507,34.78415],[135.94234,34.78216],[135.942,34.78141],[135.94113,34.78082],[135.94081,34.77986],[135.94071,34.77842],[135.94118,34.77825],[135.94169,34.77848],[135.94231,34.77812],[135.94249,34.77714],[135.94244,34.77475],[135.94163,34.77354],[135.94037,34.77263],[135.93974,34.7726],[135.93801,34.77344],[135.93719,34.77361],[135.93634,34.77348],[135.93615,34.77353],[135.93581,34.77368],[135.9351,34.77355],[135.93442,34.77362],[135.93316,34.77386],[135.93207,34.77425],[135.93137,34.77424],[135.93076,34.77438],[135.92974,34.77456],[135.92935,34.7745],[135.9284,34.77456],[135.9276,34.77455],[135.92739,34.77452],[135.92629,34.77434],[135.92585,34.77401],[135.92561,34.77383],[135.92466,34.77327],[135.92414,34.77282],[135.92366,34.77273],[135.92277,34.77214],[135.92204,34.77187],[135.92131,34.77128],[135.92086,34.77105],[135.91986,34.77086],[135.91935,34.77073],[135.91865,34.77015],[135.91855,34.76969],[135.9187,34.76861],[135.9187,34.76719],[135.9192,34.76648],[135.9198,34.76586],[135.91992,34.76536],[135.91988,34.76514],[135.91976,34.76494],[135.91947,34.76455],[135.91851,34.76453],[135.91359,34.76465],[135.91335,34.76364],[135.91311,34.76335],[135.91292,34.76217],[135.91217,34.76171],[135.91203,34.76049],[135.91297,34.75953],[135.91394,34.75961],[135.91482,34.7591],[135.91599,34.75889],[135.91606,34.75741],[135.91646,34.75582],[135.91589,34.75466],[135.91684,34.75426],[135.91873,34.75425],[135.91817,34.75533],[135.91852,34.756],[135.91937,34.75557],[135.91992,34.75586],[135.92031,34.75532],[135.9208,34.75545],[135.92109,34.75477],[135.92172,34.75497],[135.92223,34.7547]],[[135.96055,34.76547],[135.95959,34.76548],[135.9599,34.76548],[135.96055,34.76547]]],[[[135.9075,34.76337],[135.9069,34.76334],[135.90641,34.76299],[135.90698,34.76266],[135.90637,34.76218],[135.90507,34.76184],[135.90413,34.76181],[135.90346,34.76089],[135.90327,34.76009],[135.90341,34.75952],[135.90298,34.7589],[135.90346,34.75818],[135.90314,34.75709],[135.90369,34.75629],[135.90377,34.75545],[135.9035,34.75513],[135.90403,34.75495],[135.90404,34.75456],[135.90362,34.7541],[135.90439,34.75432],[135.90461,34.7539],[135.90453,34.75288],[135.90499,34.75346],[135.90494,34.75452],[135.90469,34.75438],[135.90406,34.75517],[135.90449,34.75555],[135.90491,34.75486],[135.90612,34.75419],[135.90676,34.75365],[135.90676,34.75317],[135.90549,34.75198],[135.90623,34.75216],[135.90634,34.75176],[135.90602,34.75101],[135.90676,34.75198],[135.90757,34.75166],[135.90781,34.75105],[135.90744,34.75057],[135.90794,34.75053],[135.9077,34.74999],[135.90812,34.74982],[135.90864,34.7501],[135.90821,34.75117],[135.90789,34.75131],[135.90784,34.75193],[135.9067,34.75224],[135.90726,34.7529],[135.9082,34.75257],[135.9087,34.75176],[135.90917,34.75143],[135.9095,34.75078],[135.9095,34.74983],[135.90995,34.75019],[135.91117,34.74976],[135.9104,34.7507],[135.91104,34.75116],[135.90969,34.75115],[135.90868,34.75208],[135.90853,34.75262],[135.90783,34.75298],[135.90661,34.75409],[135.90756,34.75436],[135.90822,34.75379],[135.90838,34.75338],[135.90918,34.75323],[135.9093,34.75247],[135.90968,34.75284],[135.91022,34.75197],[135.90994,34.75293],[135.90902,34.75346],[135.90833,34.7541],[135.90966,34.7546],[135.90998,34.75415],[135.9109,34.75397],[135.91014,34.75436],[135.90997,34.75474],[135.91056,34.75493],[135.91168,34.75471],[135.91204,34.75349],[135.91155,34.75199],[135.91153,34.75125],[135.91194,34.75088],[135.91252,34.75088],[135.91178,34.75137],[135.91205,34.75272],[135.91261,34.75295],[135.91338,34.75237],[135.91226,34.7536],[135.91219,34.75455],[135.91342,34.7544],[135.91391,34.75361],[135.91365,34.75313],[135.91423,34.75268],[135.91404,34.75166],[135.91377,34.7516],[135.91268,34.75044],[135.91265,34.74994],[135.91219,34.74929],[135.91245,34.74898],[135.91207,34.74813],[135.9124,34.74764],[135.91218,34.74687],[135.91295,34.74726],[135.91246,34.74807],[135.91277,34.74844],[135.91263,34.74932],[135.91299,34.74958],[135.91305,34.75051],[135.9139,34.75115],[135.9149,34.75119],[135.91452,34.75267],[135.91419,34.7529],[135.91414,34.75361],[135.91501,34.75341],[135.91502,34.75369],[135.91424,34.75398],[135.91382,34.75479],[135.91263,34.75507],[135.913,34.75583],[135.91194,34.7551],[135.91107,34.75525],[135.91133,34.75588],[135.91075,34.75534],[135.90864,34.75502],[135.90698,34.75443],[135.90568,34.75461],[135.905,34.75495],[135.90511,34.75564],[135.9058,34.75585],[135.90672,34.75573],[135.90684,34.75529],[135.90713,34.7557],[135.90787,34.75517],[135.90866,34.75563],[135.9077,34.75569],[135.90727,34.75602],[135.90753,34.75623],[135.90873,34.75616],[135.90756,34.75643],[135.90663,34.75609],[135.90503,34.75621],[135.90448,34.75645],[135.90412,34.75695],[135.90402,34.75775],[135.90466,34.75801],[135.90571,34.7581],[135.90711,34.75734],[135.90695,34.75783],[135.90825,34.75735],[135.9072,34.75828],[135.90844,34.75823],[135.90938,34.75779],[135.90945,34.75849],[135.90901,34.75859],[135.90824,34.75961],[135.90839,34.76027],[135.90902,34.76089],[135.90945,34.76071],[135.90996,34.76106],[135.9109,34.76028],[135.91119,34.75962],[135.91222,34.75918],[135.91258,34.75874],[135.9131,34.75867],[135.91282,34.75748],[135.91226,34.75648],[135.91331,34.75728],[135.91378,34.75705],[135.9136,34.75648],[135.91402,34.75631],[135.91592,34.75602],[135.91544,34.75647],[135.91518,34.75634],[135.91404,34.75659],[135.91342,34.75779],[135.91363,34.75855],[135.91277,34.75894],[135.91404,34.75916],[135.91344,34.75945],[135.91262,34.75915],[135.91213,34.75975],[135.91183,34.75952],[135.91086,34.76046],[135.91069,34.76097],[135.90966,34.76138],[135.90984,34.76188],[135.90963,34.76226],[135.91068,34.7622],[135.91149,34.7615],[135.91111,34.76221],[135.90983,34.7626],[135.90982,34.76303],[135.90933,34.76338],[135.90967,34.76367],[135.91111,34.76297],[135.91088,34.76345],[135.90992,34.76386],[135.90894,34.76394],[135.9088,34.76478],[135.90849,34.76461],[135.90875,34.7638],[135.9075,34.76337]]]]}},{"type":"Feature","properties":{"nm":"和束町","b":[135.8603,34.7633,136.0285,34.855],"c":[135.92936,34.81053]},"geometry":{"type":"Polygon","coordinates":[[[135.92397,34.83307],[135.92206,34.83334],[135.92131,34.8328],[135.92091,34.83282],[135.92121,34.8341],[135.92083,34.83441],[135.91941,34.83372],[135.91867,34.83438],[135.91632,34.83413],[135.91385,34.83417],[135.91303,34.83427],[135.91232,34.8346],[135.91186,34.83445],[135.91055,34.83387],[135.90993,34.83334],[135.90908,34.83332],[135.90764,34.83306],[135.90702,34.83313],[135.90757,34.83167],[135.90615,34.83122],[135.90436,34.83084],[135.90427,34.83067],[135.90529,34.82956],[135.90569,34.8294],[135.90726,34.82951],[135.90775,34.82894],[135.9077,34.82765],[135.90743,34.82715],[135.90679,34.82674],[135.90581,34.82657],[135.90515,34.82628],[135.90474,34.82747],[135.90419,34.82773],[135.90334,34.82631],[135.90236,34.82532],[135.90101,34.82448],[135.89733,34.82241],[135.89671,34.82221],[135.89534,34.82231],[135.89431,34.8226],[135.89275,34.82324],[135.8913,34.82422],[135.89072,34.82481],[135.88969,34.82627],[135.88874,34.82649],[135.88685,34.82614],[135.88552,34.82627],[135.88491,34.8262],[135.88568,34.82567],[135.88716,34.82493],[135.88751,34.82454],[135.88758,34.82377],[135.88819,34.82244],[135.88775,34.821],[135.88684,34.8196],[135.88538,34.81866],[135.88341,34.81766],[135.88306,34.81761],[135.88202,34.81794],[135.88081,34.8178],[135.8785,34.81649],[135.87691,34.81619],[135.87534,34.81624],[135.87377,34.81645],[135.87255,34.81639],[135.87154,34.81607],[135.86993,34.81602],[135.86919,34.81563],[135.86782,34.81432],[135.86743,34.81416],[135.86728,34.81416],[135.86647,34.81462],[135.86543,34.81395],[135.86494,34.81384],[135.86417,34.81409],[135.8626,34.81373],[135.86176,34.81333],[135.86097,34.81351],[135.86081,34.81384],[135.86056,34.81415],[135.86079,34.81366],[135.86037,34.81286],[135.86026,34.8109],[135.86038,34.81061],[135.86058,34.81087],[135.86117,34.81135],[135.86154,34.8119],[135.86241,34.81217],[135.86252,34.81254],[135.86406,34.81314],[135.86452,34.81301],[135.86504,34.81276],[135.86692,34.81292],[135.86749,34.81264],[135.86824,34.81212],[135.86842,34.81171],[135.86889,34.81089],[135.86923,34.81042],[135.87086,34.80929],[135.87156,34.80922],[135.87231,34.80903],[135.87329,34.80824],[135.87364,34.80795],[135.87413,34.80793],[135.87414,34.80755],[135.87471,34.80705],[135.87515,34.8069],[135.87508,34.80676],[135.87551,34.80637],[135.87603,34.80599],[135.87648,34.80516],[135.87715,34.80489],[135.87722,34.80473],[135.87698,34.80467],[135.87672,34.80471],[135.87649,34.80468],[135.87613,34.80435],[135.87623,34.80499],[135.87599,34.80541],[135.87561,34.80588],[135.87521,34.80622],[135.87438,34.80674],[135.87421,34.8068],[135.87324,34.80759],[135.87265,34.80816],[135.87241,34.80803],[135.87165,34.80627],[135.87112,34.8058],[135.87141,34.80551],[135.87158,34.80449],[135.87138,34.80415],[135.87097,34.8035],[135.87066,34.80284],[135.86996,34.80219],[135.86986,34.80178],[135.86988,34.80167],[135.86956,34.80122],[135.86915,34.79996],[135.86882,34.7992],[135.86822,34.79892],[135.86878,34.80012],[135.8692,34.80093],[135.86938,34.80141],[135.86965,34.80181],[135.86988,34.80247],[135.87027,34.80276],[135.87109,34.80399],[135.87118,34.80414],[135.87126,34.80439],[135.87129,34.80467],[135.87134,34.80501],[135.87127,34.80535],[135.87115,34.80551],[135.87096,34.80564],[135.87097,34.80578],[135.87133,34.80617],[135.87178,34.80717],[135.87203,34.80778],[135.87218,34.80812],[135.87209,34.80851],[135.87203,34.80862],[135.87142,34.80875],[135.87102,34.80883],[135.87065,34.80885],[135.87015,34.80907],[135.86955,34.80975],[135.86864,34.81034],[135.86839,34.81064],[135.86809,34.81109],[135.86767,34.81168],[135.86699,34.81222],[135.86682,34.81227],[135.8665,34.81264],[135.86631,34.81267],[135.86559,34.81234],[135.8646,34.81257],[135.86426,34.8128],[135.86306,34.81255],[135.86284,34.81242],[135.86281,34.81236],[135.86269,34.81201],[135.86257,34.81184],[135.86198,34.81161],[135.86181,34.81152],[135.8615,34.81099],[135.86088,34.81067],[135.86075,34.81056],[135.86167,34.81025],[135.86177,34.81013],[135.86207,34.80976],[135.86212,34.80974],[135.86222,34.80976],[135.8632,34.8097],[135.86388,34.80954],[135.86394,34.80952],[135.86403,34.80944],[135.86412,34.80915],[135.86417,34.80908],[135.86488,34.80881],[135.8656,34.80817],[135.86612,34.80822],[135.8667,34.80803],[135.86772,34.80726],[135.86757,34.80679],[135.86745,34.80638],[135.86757,34.80526],[135.86744,34.80467],[135.86697,34.8038],[135.86687,34.80362],[135.86762,34.80348],[135.86771,34.8035],[135.86801,34.80333],[135.86828,34.80261],[135.86797,34.8024],[135.8676,34.80245],[135.86759,34.80204],[135.86673,34.8009],[135.86647,34.80006],[135.86574,34.79931],[135.86406,34.79838],[135.86388,34.79724],[135.86594,34.79561],[135.86618,34.79488],[135.86647,34.79521],[135.86714,34.79514],[135.86723,34.79485],[135.86812,34.79504],[135.869,34.79624],[135.86974,34.79629],[135.8714,34.79544],[135.87154,34.79503],[135.87229,34.79442],[135.87269,34.79383],[135.87172,34.79295],[135.8714,34.7924],[135.87079,34.79142],[135.87067,34.79043],[135.87091,34.79002],[135.87076,34.78915],[135.87008,34.78858],[135.86959,34.78844],[135.86956,34.78789],[135.87069,34.78647],[135.87149,34.78613],[135.87178,34.78554],[135.87237,34.78526],[135.87357,34.78512],[135.87491,34.78456],[135.87497,34.78376],[135.87567,34.78354],[135.87606,34.78295],[135.87692,34.78164],[135.87776,34.78037],[135.87842,34.77938],[135.87895,34.7783],[135.87915,34.77804],[135.87931,34.77728],[135.87908,34.77684],[135.87919,34.77608],[135.87964,34.77568],[135.88038,34.77567],[135.88114,34.7759],[135.88178,34.77571],[135.88226,34.77528],[135.88209,34.77502],[135.88167,34.77471],[135.88123,34.77412],[135.88153,34.77407],[135.88192,34.77386],[135.88223,34.77361],[135.8823,34.77344],[135.88326,34.77322],[135.88435,34.77356],[135.88458,34.77343],[135.88478,34.77334],[135.88496,34.77334],[135.8856,34.77327],[135.88626,34.77291],[135.88678,34.77243],[135.88704,34.77229],[135.88774,34.7718],[135.88842,34.7713],[135.88934,34.77047],[135.89076,34.76969],[135.89092,34.76944],[135.89117,34.76927],[135.8915,34.76911],[135.89169,34.76898],[135.89215,34.76893],[135.89246,34.76911],[135.89246,34.7695],[135.89285,34.77014],[135.89309,34.77063],[135.89292,34.77095],[135.8934,34.77135],[135.89412,34.77149],[135.8943,34.772],[135.89436,34.77228],[135.8949,34.77272],[135.89533,34.77273],[135.8955,34.77273],[135.89552,34.77273],[135.89584,34.77291],[135.89594,34.77307],[135.89592,34.77356],[135.89581,34.77412],[135.8958,34.77423],[135.89595,34.77484],[135.8964,34.77546],[135.89676,34.77556],[135.89712,34.7755],[135.89737,34.77561],[135.8974,34.77585],[135.89748,34.77624],[135.89775,34.77681],[135.8981,34.77723],[135.89844,34.77742],[135.89868,34.77758],[135.89888,34.77778],[135.89898,34.77855],[135.89902,34.77879],[135.89934,34.77909],[135.90027,34.77891],[135.90061,34.77812],[135.90127,34.77748],[135.90119,34.77689],[135.90174,34.77653],[135.90179,34.77562],[135.90228,34.77508],[135.9025,34.77421],[135.90341,34.77337],[135.90278,34.77266],[135.90236,34.77176],[135.89941,34.76993],[135.89884,34.76931],[135.9002,34.7661],[135.89852,34.76474],[135.89852,34.76332],[135.90059,34.76476],[135.90197,34.76602],[135.90319,34.76641],[135.90435,34.7663],[135.90565,34.76589],[135.9091,34.76558],[135.91112,34.76511],[135.91359,34.76465],[135.91851,34.76453],[135.91947,34.76455],[135.91976,34.76494],[135.91988,34.76514],[135.91992,34.76536],[135.9198,34.76586],[135.9192,34.76648],[135.9187,34.76719],[135.9187,34.76861],[135.91855,34.76969],[135.91865,34.77015],[135.91935,34.77073],[135.91986,34.77086],[135.92086,34.77105],[135.92131,34.77128],[135.92204,34.77187],[135.92277,34.77214],[135.92366,34.77273],[135.92414,34.77282],[135.92466,34.77327],[135.92561,34.77383],[135.92585,34.77401],[135.92629,34.77434],[135.92739,34.77452],[135.9276,34.77455],[135.9284,34.77456],[135.92935,34.7745],[135.92974,34.77456],[135.93076,34.77438],[135.93137,34.77424],[135.93207,34.77425],[135.93316,34.77386],[135.93442,34.77362],[135.9351,34.77355],[135.93581,34.77368],[135.93615,34.77353],[135.93634,34.77348],[135.93719,34.77361],[135.93801,34.77344],[135.93974,34.7726],[135.94037,34.77263],[135.94163,34.77354],[135.94244,34.77475],[135.94249,34.77714],[135.94231,34.77812],[135.94169,34.77848],[135.94118,34.77825],[135.94071,34.77842],[135.94081,34.77986],[135.94113,34.78082],[135.942,34.78141],[135.94234,34.78216],[135.94507,34.78415],[135.94652,34.78445],[135.94714,34.78574],[135.94772,34.78576],[135.94782,34.78616],[135.94719,34.78703],[135.94825,34.78808],[135.94945,34.79017],[135.95014,34.79101],[135.9499,34.79187],[135.9504,34.79231],[135.95041,34.79278],[135.95003,34.79437],[135.95088,34.79488],[135.95109,34.79544],[135.95116,34.79742],[135.95156,34.79796],[135.95147,34.79826],[135.95197,34.79885],[135.9523,34.79972],[135.95266,34.80132],[135.9539,34.80181],[135.95375,34.80389],[135.95415,34.80436],[135.9537,34.80606],[135.9536,34.80689],[135.95388,34.80742],[135.95363,34.8077],[135.9599,34.81082],[135.96082,34.81055],[135.9617,34.80996],[135.96239,34.81037],[135.96322,34.8103],[135.96814,34.80899],[135.96847,34.80906],[135.96915,34.81036],[135.97025,34.81038],[135.97073,34.81094],[135.97137,34.81262],[135.97192,34.81305],[135.97247,34.81411],[135.97323,34.81428],[135.97381,34.81473],[135.99471,34.826],[135.99726,34.8253],[135.99893,34.82465],[135.99961,34.82409],[136.00138,34.82411],[136.00261,34.82392],[136.00411,34.82395],[136.00576,34.82336],[136.00737,34.82321],[136.00834,34.82322],[136.00908,34.82253],[136.01069,34.82215],[136.01228,34.82223],[136.01417,34.8228],[136.01576,34.82295],[136.01719,34.82281],[136.01869,34.82225],[136.01952,34.8223],[136.02152,34.82146],[136.02269,34.82036],[136.02515,34.82018],[136.02609,34.82],[136.02765,34.81941],[136.02848,34.81926],[136.02787,34.82171],[136.02665,34.8218],[136.02625,34.82247],[136.02522,34.82256],[136.02499,34.82308],[136.02404,34.82365],[136.02295,34.82396],[136.02255,34.82439],[136.02169,34.82448],[136.02082,34.82558],[136.01849,34.82686],[136.01782,34.82815],[136.01685,34.8283],[136.01633,34.82887],[136.01618,34.82799],[136.01577,34.82752],[136.01558,34.82644],[136.01399,34.82604],[136.01288,34.82543],[136.01212,34.82521],[136.01149,34.82561],[136.00986,34.82611],[136.00812,34.82606],[136.00732,34.82629],[136.00603,34.8261],[136.00544,34.82662],[136.00527,34.82775],[136.00501,34.82827],[136.00444,34.82867],[136.00433,34.82937],[136.00401,34.82982],[136.00398,34.83108],[136.00372,34.83149],[136.00298,34.83196],[136.00252,34.83297],[136.00296,34.83331],[136.00272,34.83428],[136.00311,34.83576],[136.00296,34.83644],[136.00267,34.83658],[136.00274,34.83761],[136.00318,34.83781],[136.00393,34.8386],[136.00412,34.83998],[136.00403,34.84067],[136.00373,34.84108],[136.00428,34.84216],[136.00541,34.84297],[136.00472,34.84392],[136.00407,34.84439],[136.00302,34.8445],[136.00181,34.845],[136.00096,34.84509],[135.99917,34.84489],[135.99854,34.84449],[135.99791,34.84446],[135.99704,34.84355],[135.99614,34.84346],[135.99536,34.84296],[135.99476,34.84209],[135.99366,34.84226],[135.99284,34.84213],[135.99213,34.84264],[135.99156,34.8428],[135.99003,34.84185],[135.98953,34.84129],[135.98741,34.84088],[135.98683,34.84155],[135.98593,34.84153],[135.98483,34.84171],[135.98377,34.84054],[135.9831,34.83998],[135.98156,34.83921],[135.97985,34.83911],[135.9784,34.83862],[135.97752,34.83846],[135.97653,34.83857],[135.97402,34.83854],[135.97312,34.83794],[135.97271,34.83795],[135.97153,34.83843],[135.97105,34.83843],[135.9699,34.83784],[135.96978,34.83806],[135.9711,34.84034],[135.97153,34.84209],[135.97147,34.8429],[135.97096,34.84351],[135.97191,34.84509],[135.97216,34.84579],[135.9717,34.84635],[135.97101,34.84642],[135.97038,34.84707],[135.9694,34.84714],[135.96813,34.84673],[135.96751,34.84689],[135.96712,34.84729],[135.96693,34.84888],[135.96652,34.84927],[135.96512,34.84983],[135.96275,34.85043],[135.96267,34.85185],[135.96291,34.85311],[135.96206,34.8534],[135.96141,34.85462],[135.95968,34.85388],[135.95913,34.85398],[135.95878,34.855],[135.95703,34.85477],[135.9557,34.85371],[135.95493,34.85344],[135.95372,34.85337],[135.95252,34.85233],[135.95121,34.85244],[135.9495,34.85163],[135.94853,34.85197],[135.94766,34.85136],[135.94676,34.85138],[135.94612,34.85179],[135.9452,34.85181],[135.94464,34.8515],[135.94417,34.85075],[135.94346,34.85048],[135.94178,34.85019],[135.94091,34.84986],[135.93922,34.84878],[135.93851,34.84774],[135.93751,34.84668],[135.93749,34.84605],[135.93653,34.84582],[135.93623,34.84642],[135.93394,34.84559],[135.93356,34.84479],[135.93241,34.84472],[135.93202,34.84337],[135.93043,34.84184],[135.93059,34.84134],[135.92948,34.83895],[135.92811,34.83802],[135.92799,34.837],[135.92661,34.83589],[135.92555,34.8347],[135.9245,34.83335],[135.92397,34.83307]]]}},{"type":"Feature","properties":{"nm":"精華町","b":[135.736,34.7229,135.806,34.7908],"c":[135.77581,34.75758]},"geometry":{"type":"MultiPolygon","coordinates":[[[[135.80544,34.75746],[135.80551,34.75794],[135.80578,34.75997],[135.80587,34.76084],[135.80593,34.76124],[135.806,34.76278],[135.80587,34.76405],[135.80558,34.76561],[135.80525,34.76685],[135.80475,34.76803],[135.80451,34.76858],[135.80414,34.76941],[135.80361,34.7705],[135.8028,34.77218],[135.80244,34.7735],[135.80315,34.77557],[135.80361,34.77654],[135.80398,34.7778],[135.80365,34.7816],[135.80357,34.78259],[135.80363,34.78391],[135.80368,34.78497],[135.80369,34.78607],[135.80353,34.78652],[135.80313,34.78745],[135.80277,34.78845],[135.80239,34.78884],[135.80182,34.78929],[135.80099,34.78988],[135.80064,34.79029],[135.80017,34.79082],[135.79823,34.78995],[135.79787,34.78974],[135.79718,34.78923],[135.79661,34.78847],[135.79619,34.78764],[135.79588,34.7876],[135.79548,34.78772],[135.79524,34.7878],[135.79465,34.78787],[135.79453,34.78801],[135.79421,34.7883],[135.79394,34.78859],[135.79344,34.78918],[135.79305,34.78979],[135.79287,34.7903],[135.7919,34.79023],[135.79066,34.7902],[135.79048,34.79019],[135.78954,34.79024],[135.78899,34.79024],[135.78907,34.7895],[135.78898,34.78856],[135.78814,34.78859],[135.78668,34.78865],[135.78674,34.78786],[135.78663,34.78769],[135.78663,34.78745],[135.78665,34.78737],[135.78665,34.78721],[135.78678,34.78428],[135.78581,34.78418],[135.78583,34.7834],[135.78512,34.78325],[135.78444,34.78276],[135.78394,34.78268],[135.78354,34.78163],[135.78304,34.78056],[135.78252,34.78025],[135.78181,34.7801],[135.78149,34.7801],[135.78088,34.78011],[135.78074,34.78014],[135.78057,34.78017],[135.78014,34.78034],[135.78008,34.78056],[135.78006,34.78064],[135.77951,34.78062],[135.77877,34.78046],[135.77863,34.78043],[135.77795,34.78053],[135.77706,34.78026],[135.77669,34.78031],[135.77607,34.78021],[135.77531,34.77982],[135.77483,34.77966],[135.77475,34.77961],[135.7746,34.77948],[135.774,34.77951],[135.77373,34.77965],[135.7736,34.77998],[135.77349,34.77998],[135.77326,34.78],[135.77271,34.78024],[135.77222,34.7808],[135.77197,34.78088],[135.77186,34.78108],[135.77161,34.78129],[135.77114,34.78134],[135.77093,34.78119],[135.77072,34.78106],[135.76981,34.78099],[135.7696,34.78117],[135.76942,34.78122],[135.76902,34.78115],[135.76869,34.78084],[135.76866,34.78068],[135.76835,34.78047],[135.768,34.78016],[135.76783,34.78004],[135.76736,34.78024],[135.76714,34.78029],[135.76704,34.78029],[135.76681,34.78025],[135.76645,34.78044],[135.76582,34.78027],[135.76535,34.78024],[135.76502,34.7803],[135.76479,34.78025],[135.76453,34.78],[135.76435,34.77986],[135.76419,34.77975],[135.76292,34.7802],[135.76245,34.78017],[135.76221,34.78023],[135.76157,34.78007],[135.76071,34.77988],[135.75964,34.77937],[135.75969,34.77925],[135.75972,34.77911],[135.75956,34.77875],[135.75934,34.77855],[135.75917,34.77848],[135.75904,34.77832],[135.75903,34.77819],[135.75899,34.77795],[135.75879,34.77751],[135.75941,34.77725],[135.75878,34.77749],[135.75848,34.77693],[135.7588,34.77616],[135.75805,34.77575],[135.75824,34.77494],[135.75807,34.77453],[135.75714,34.77385],[135.75703,34.77355],[135.75766,34.77281],[135.75736,34.77246],[135.75667,34.77232],[135.75602,34.77142],[135.75655,34.77093],[135.75497,34.77049],[135.75489,34.7699],[135.75422,34.76944],[135.75395,34.76878],[135.75424,34.76872],[135.75496,34.76807],[135.75543,34.7674],[135.75655,34.76684],[135.7569,34.76648],[135.7572,34.76625],[135.75834,34.76592],[135.75904,34.76594],[135.76023,34.76576],[135.76253,34.76503],[135.76267,34.76481],[135.76221,34.76418],[135.76179,34.76344],[135.76131,34.76356],[135.76103,34.76357],[135.76063,34.76329],[135.75939,34.76451],[135.7588,34.76462],[135.75853,34.76455],[135.75824,34.76446],[135.75814,34.76439],[135.7579,34.7642],[135.75746,34.76396],[135.75693,34.76396],[135.75656,34.76394],[135.75617,34.76385],[135.75598,34.76382],[135.75559,34.76377],[135.75521,34.76349],[135.75475,34.7628],[135.75363,34.76225],[135.75306,34.76155],[135.753,34.76147],[135.75262,34.761],[135.75214,34.76053],[135.75171,34.76044],[135.75115,34.76034],[135.74975,34.76014],[135.74991,34.75835],[135.74957,34.75813],[135.7495,34.75804],[135.74935,34.75773],[135.74933,34.75763],[135.74929,34.75725],[135.74885,34.75713],[135.74827,34.75684],[135.74786,34.75631],[135.74776,34.75595],[135.74763,34.75592],[135.74732,34.75596],[135.74677,34.75617],[135.74659,34.7561],[135.74579,34.75559],[135.74561,34.75553],[135.74556,34.7554],[135.74456,34.75616],[135.74424,34.75636],[135.74411,34.75627],[135.74404,34.75617],[135.74387,34.75611],[135.74357,34.75615],[135.74297,34.75601],[135.74267,34.75592],[135.74227,34.7563],[135.74226,34.75648],[135.74205,34.75658],[135.74182,34.75679],[135.74149,34.75687],[135.74127,34.75673],[135.74107,34.75646],[135.74093,34.7561],[135.74059,34.75558],[135.74049,34.75486],[135.74028,34.75468],[135.74012,34.75455],[135.74007,34.75425],[135.74007,34.754],[135.74004,34.75393],[135.73994,34.75383],[135.73969,34.75364],[135.73928,34.75284],[135.73898,34.75267],[135.73849,34.75248],[135.7381,34.75241],[135.73737,34.75255],[135.73689,34.75176],[135.73686,34.75171],[135.73682,34.75142],[135.73596,34.75079],[135.73622,34.74987],[135.73745,34.74986],[135.73847,34.74942],[135.73896,34.74895],[135.73909,34.7483],[135.73998,34.74803],[135.74024,34.74826],[135.74295,34.7474],[135.74402,34.74715],[135.74481,34.74716],[135.74793,34.74559],[135.74798,34.74541],[135.74733,34.74392],[135.74735,34.74324],[135.74805,34.74283],[135.74874,34.74184],[135.75044,34.74107],[135.75154,34.74057],[135.75216,34.73973],[135.75299,34.73909],[135.75314,34.73855],[135.75418,34.7385],[135.75475,34.73781],[135.75596,34.73712],[135.75615,34.73676],[135.75722,34.73623],[135.75725,34.73567],[135.75682,34.73487],[135.75598,34.73457],[135.75558,34.73414],[135.75538,34.73228],[135.75543,34.73114],[135.75517,34.73035],[135.75553,34.73001],[135.75523,34.72933],[135.75477,34.72889],[135.7548,34.72818],[135.75566,34.72772],[135.75643,34.72831],[135.75765,34.7281],[135.75978,34.72732],[135.76094,34.72648],[135.76112,34.72602],[135.76166,34.72582],[135.76269,34.72621],[135.76338,34.72615],[135.76472,34.72546],[135.76583,34.72563],[135.76635,34.72543],[135.76757,34.72561],[135.76857,34.72592],[135.76912,34.72575],[135.77001,34.72528],[135.77007,34.72494],[135.77134,34.72533],[135.77162,34.72603],[135.77286,34.72583],[135.77349,34.72588],[135.77426,34.72522],[135.77378,34.72419],[135.77441,34.72403],[135.77497,34.72422],[135.77518,34.72403],[135.77615,34.72413],[135.77722,34.72325],[135.77823,34.72289],[135.77837,34.7233],[135.77826,34.72433],[135.77863,34.72539],[135.77861,34.72617],[135.77797,34.72725],[135.77826,34.72812],[135.77847,34.7286],[135.77945,34.72959],[135.78095,34.72965],[135.78164,34.72988],[135.78381,34.73092],[135.78604,34.73189],[135.78587,34.73262],[135.78764,34.73288],[135.79013,34.73255],[135.7902,34.73289],[135.79113,34.7342],[135.79192,34.73495],[135.79315,34.73622],[135.79348,34.73632],[135.7935,34.73608],[135.7937,34.73642],[135.79375,34.73647],[135.79421,34.73659],[135.7943,34.73662],[135.79446,34.73703],[135.79443,34.73764],[135.79347,34.73781],[135.79159,34.73796],[135.79081,34.73867],[135.78969,34.73855],[135.79026,34.73896],[135.79187,34.73905],[135.79276,34.73931],[135.7929,34.73981],[135.793,34.74043],[135.79305,34.74083],[135.7931,34.74094],[135.793,34.74204],[135.79193,34.7416],[135.79127,34.7411],[135.79137,34.74161],[135.79016,34.74076],[135.78974,34.74025],[135.78971,34.73999],[135.78961,34.74001],[135.7895,34.73998],[135.78881,34.73941],[135.78861,34.73894],[135.78843,34.73889],[135.78838,34.73889],[135.78831,34.73889],[135.78808,34.73887],[135.78784,34.73889],[135.78757,34.73899],[135.78743,34.73894],[135.78719,34.73873],[135.78692,34.73852],[135.78687,34.73849],[135.78679,34.73845],[135.78593,34.73841],[135.7857,34.73839],[135.78557,34.73842],[135.7845,34.73878],[135.78446,34.73877],[135.78432,34.7389],[135.78427,34.7389],[135.78351,34.73861],[135.78301,34.73881],[135.78285,34.73887],[135.78252,34.73876],[135.78246,34.73874],[135.78234,34.73871],[135.78217,34.73871],[135.78192,34.73873],[135.78175,34.73873],[135.78161,34.73869],[135.78049,34.73867],[135.7795,34.73899],[135.77931,34.73901],[135.77821,34.73907],[135.77751,34.73878],[135.77674,34.73906],[135.77525,34.73863],[135.77517,34.73872],[135.77503,34.73878],[135.7745,34.73919],[135.77449,34.73935],[135.77445,34.73946],[135.77433,34.73988],[135.77435,34.73999],[135.77434,34.74003],[135.77424,34.74018],[135.77406,34.74048],[135.77402,34.74055],[135.77402,34.74056],[135.7741,34.74071],[135.77422,34.74104],[135.7742,34.74122],[135.77411,34.74132],[135.7744,34.74199],[135.77521,34.74288],[135.77577,34.74342],[135.77684,34.74409],[135.77783,34.74427],[135.77893,34.74515],[135.78092,34.74558],[135.7811,34.74598],[135.78191,34.74606],[135.78229,34.74681],[135.78338,34.74752],[135.78353,34.74762],[135.78404,34.74793],[135.7847,34.74798],[135.78494,34.74821],[135.78494,34.74843],[135.78507,34.74852],[135.78522,34.74859],[135.78572,34.7487],[135.78617,34.74883],[135.78685,34.7485],[135.78696,34.74849],[135.78758,34.74842],[135.78789,34.74847],[135.78807,34.74854],[135.78814,34.74856],[135.78883,34.74862],[135.78955,34.74838],[135.79071,34.74881],[135.79192,34.74848],[135.79248,34.74888],[135.79276,34.7488],[135.79287,34.7488],[135.79375,34.74964],[135.79439,34.75015],[135.79454,34.75036],[135.79504,34.75055],[135.79485,34.751],[135.79505,34.75059],[135.79541,34.75098],[135.79578,34.75083],[135.79582,34.751],[135.7968,34.7508],[135.79711,34.75086],[135.79713,34.75087],[135.79732,34.75089],[135.79753,34.75083],[135.79826,34.75085],[135.7983,34.75119],[135.79939,34.75114],[135.79951,34.75114],[135.80237,34.75096],[135.80444,34.75098],[135.80458,34.75395],[135.8053,34.75676],[135.80544,34.75746]],[[135.80229,34.75667],[135.80095,34.75671],[135.80103,34.75677],[135.80229,34.75667]],[[135.80377,34.7625],[135.8037,34.76374],[135.80376,34.76303],[135.80377,34.7625]],[[135.80162,34.76868],[135.80088,34.7685],[135.80071,34.76849],[135.80162,34.76868]],[[135.79272,34.76086],[135.79273,34.7608],[135.79239,34.76076],[135.79272,34.76086]],[[135.79172,34.76277],[135.79164,34.76281],[135.79207,34.76281],[135.79172,34.76277]],[[135.79872,34.76065],[135.79853,34.7606],[135.79719,34.76073],[135.79818,34.76065],[135.79872,34.76065]],[[135.79961,34.76275],[135.79973,34.76362],[135.79968,34.76274],[135.79961,34.76275]],[[135.79973,34.76362],[135.79973,34.76385],[135.80047,34.76386],[135.79973,34.76362]],[[135.7955,34.75683],[135.7954,34.75676],[135.79523,34.75675],[135.7955,34.75683]],[[135.80096,34.75754],[135.80087,34.75669],[135.80084,34.75669],[135.80096,34.75754]],[[135.79723,34.7589],[135.79718,34.7594],[135.79749,34.7589],[135.79723,34.7589]],[[135.79718,34.7594],[135.79717,34.75976],[135.7972,34.76063],[135.79718,34.7594]],[[135.79118,34.76479],[135.79132,34.76479],[135.7925,34.76472],[135.79118,34.76479]],[[135.80203,34.76674],[135.80158,34.76669],[135.80165,34.76675],[135.80203,34.76674]],[[135.80114,34.76761],[135.80095,34.76734],[135.80096,34.76763],[135.80114,34.76761]],[[135.78135,34.76573],[135.78136,34.76567],[135.78139,34.76545],[135.78135,34.76573]],[[135.78426,34.76685],[135.78423,34.7663],[135.78426,34.76707],[135.78426,34.76685]],[[135.78423,34.7663],[135.78425,34.76595],[135.78422,34.76546],[135.78314,34.76581],[135.78412,34.76565],[135.78423,34.7663]],[[135.79025,34.76575],[135.79137,34.7657],[135.79124,34.7657],[135.79025,34.76575]],[[135.78388,34.76843],[135.78411,34.76844],[135.78387,34.76814],[135.78388,34.76843]],[[135.78522,34.76387],[135.78556,34.76436],[135.78572,34.76433],[135.78522,34.76387]],[[135.78755,34.76446],[135.78771,34.76447],[135.78769,34.76381],[135.78755,34.76446]],[[135.78425,34.76517],[135.78407,34.76513],[135.78429,34.76537],[135.78425,34.76517]],[[135.79177,34.75217],[135.79229,34.7518],[135.79153,34.75215],[135.79128,34.75212],[135.79177,34.75217]],[[135.79128,34.75212],[135.79081,34.75145],[135.79097,34.75194],[135.79128,34.75212]],[[135.79348,34.75286],[135.79171,34.75383],[135.79237,34.7535],[135.79348,34.75286]],[[135.78885,34.75156],[135.78879,34.75132],[135.78858,34.75159],[135.78885,34.75156]],[[135.7658,34.74936],[135.76577,34.74948],[135.76576,34.74954],[135.7658,34.74936]],[[135.78484,34.75505],[135.78481,34.75498],[135.78471,34.75484],[135.78484,34.75505]],[[135.78386,34.75327],[135.78374,34.75281],[135.78363,34.75264],[135.78386,34.75327]],[[135.79341,34.75095],[135.79346,34.751],[135.79354,34.75096],[135.79341,34.75095]],[[135.79649,34.75334],[135.79627,34.75308],[135.79594,34.75345],[135.79649,34.75334]],[[135.78052,34.77634],[135.782,34.77667],[135.78193,34.77665],[135.78052,34.77634]],[[135.78265,34.77628],[135.78305,34.77641],[135.78307,34.77641],[135.78265,34.77628]],[[135.78483,34.77141],[135.78534,34.77151],[135.78479,34.77119],[135.78483,34.77141]],[[135.7903,34.77271],[135.79011,34.77319],[135.79014,34.77314],[135.7903,34.77271]],[[135.79234,34.7738],[135.79232,34.77383],[135.79287,34.77378],[135.79234,34.7738]],[[135.77121,34.77392],[135.77082,34.7742],[135.77128,34.7742],[135.77121,34.77392]],[[135.77209,34.77557],[135.77213,34.77553],[135.7722,34.77538],[135.77209,34.77557]],[[135.76996,34.772],[135.77004,34.77187],[135.76958,34.77176],[135.76996,34.772]],[[135.78249,34.77685],[135.78275,34.77715],[135.7827,34.77705],[135.78249,34.77685]],[[135.78293,34.77777],[135.78292,34.77742],[135.78283,34.77723],[135.78293,34.77777]],[[135.75991,34.74792],[135.7604,34.7477],[135.75955,34.748],[135.75991,34.74792]],[[135.75672,34.74822],[135.7566,34.74829],[135.75666,34.74826],[135.75672,34.74822]],[[135.75604,34.74832],[135.75589,34.7482],[135.75561,34.74805],[135.75604,34.74832]],[[135.75305,34.74866],[135.75232,34.74864],[135.75231,34.74927],[135.75246,34.74881],[135.75305,34.74866]],[[135.75152,34.75029],[135.74932,34.75138],[135.75126,34.75045],[135.75152,34.75029]],[[135.74932,34.75138],[135.74909,34.75133],[135.74887,34.75162],[135.74932,34.75138]],[[135.76593,34.74895],[135.76586,34.74893],[135.7653,34.74879],[135.76593,34.74895]],[[135.7456,34.7537],[135.74545,34.75336],[135.74529,34.75393],[135.7456,34.7537]],[[135.74245,34.75399],[135.74187,34.75356],[135.74213,34.75381],[135.74245,34.75399]],[[135.7512,34.74977],[135.75101,34.74982],[135.7505,34.75004],[135.7512,34.74977]],[[135.74776,34.7514],[135.74732,34.75118],[135.74759,34.7514],[135.74776,34.7514]],[[135.74779,34.75221],[135.74778,34.75224],[135.74811,34.75216],[135.74779,34.75221]],[[135.743,34.75135],[135.74309,34.75135],[135.74298,34.7513],[135.743,34.75135]],[[135.74453,34.7512],[135.74478,34.75122],[135.74513,34.7511],[135.74453,34.7512]],[[135.76875,34.73856],[135.76886,34.73686],[135.76876,34.73794],[135.76875,34.73856]],[[135.77209,34.73614],[135.77176,34.73649],[135.77192,34.7364],[135.77209,34.73614]],[[135.77095,34.73873],[135.77061,34.7388],[135.77001,34.73939],[135.77074,34.73881],[135.77095,34.73873]],[[135.77429,34.73362],[135.7745,34.73355],[135.77452,34.73326],[135.77429,34.73362]],[[135.77374,34.73264],[135.7737,34.73264],[135.77312,34.7331],[135.77374,34.73264]],[[135.7568,34.73029],[135.75783,34.73006],[135.7571,34.73022],[135.7568,34.73029]],[[135.75834,34.73134],[135.75836,34.73096],[135.75808,34.73165],[135.75834,34.73134]],[[135.78305,34.737],[135.78306,34.73657],[135.78294,34.73654],[135.78305,34.737]],[[135.782,34.73618],[135.78156,34.73589],[135.78154,34.73604],[135.782,34.73618]],[[135.78126,34.73389],[135.78151,34.73447],[135.78166,34.73441],[135.78126,34.73389]],[[135.78903,34.7346],[135.78847,34.73371],[135.78845,34.73375],[135.78903,34.7346]],[[135.78367,34.73441],[135.78325,34.7342],[135.78378,34.73465],[135.78367,34.73441]],[[135.78418,34.73665],[135.78515,34.73699],[135.78524,34.73685],[135.78418,34.73665]],[[135.79984,34.78399],[135.79943,34.78476],[135.7996,34.78449],[135.79984,34.78399]],[[135.79272,34.78412],[135.79271,34.78429],[135.79271,34.78431],[135.79272,34.78412]],[[135.78605,34.78088],[135.78561,34.78129],[135.78608,34.78087],[135.78605,34.78088]],[[135.78832,34.78738],[135.7879,34.78737],[135.78718,34.78728],[135.78759,34.78738],[135.78832,34.78738]],[[135.798,34.78228],[135.79784,34.78236],[135.79809,34.78249],[135.798,34.78228]],[[135.79784,34.78236],[135.79712,34.78197],[135.79661,34.78183],[135.79784,34.78236]],[[135.77985,34.74643],[135.77978,34.7464],[135.77933,34.74718],[135.77985,34.74643]],[[135.77551,34.74956],[135.77534,34.74965],[135.7755,34.74965],[135.77551,34.74956]]],[[[135.76385,34.74034],[135.76386,34.74034],[135.76425,34.7406],[135.76385,34.74034]]],[[[135.79849,34.7862],[135.79847,34.78626],[135.79813,34.7872],[135.79849,34.7862]]],[[[135.79778,34.78737],[135.79756,34.78745],[135.79727,34.78754],[135.79778,34.78737]]]]}},{"type":"Feature","properties":{"nm":"南山城村","b":[135.9515,34.7062,136.0557,34.826],"c":[136.00255,34.76608]},"geometry":{"type":"Polygon","coordinates":[[[136.00953,34.71619],[136.0122,34.71451],[136.01347,34.71303],[136.01395,34.71199],[136.01392,34.71152],[136.01345,34.71031],[136.01253,34.7088],[136.01276,34.70818],[136.01353,34.70768],[136.01497,34.70761],[136.01589,34.70773],[136.01801,34.7085],[136.01969,34.70845],[136.0215,34.7077],[136.02537,34.70639],[136.02605,34.70624],[136.02845,34.70629],[136.02869,34.70649],[136.02819,34.70799],[136.02831,34.70909],[136.02784,34.70986],[136.0285,34.71063],[136.02836,34.71212],[136.02874,34.7132],[136.02949,34.71383],[136.03131,34.7138],[136.03172,34.71502],[136.03332,34.71572],[136.03373,34.71605],[136.03346,34.71675],[136.03381,34.71754],[136.03422,34.71773],[136.03822,34.71828],[136.03841,34.71917],[136.039,34.71949],[136.03956,34.72018],[136.03978,34.72306],[136.03999,34.7238],[136.04074,34.72519],[136.04107,34.72623],[136.04123,34.72743],[136.04168,34.72828],[136.04102,34.72986],[136.04102,34.73065],[136.04177,34.73303],[136.04182,34.73396],[136.04207,34.73466],[136.04308,34.73612],[136.04385,34.7368],[136.045,34.73722],[136.04614,34.73716],[136.0479,34.73748],[136.04931,34.73807],[136.05055,34.73884],[136.05094,34.73882],[136.05168,34.73805],[136.05235,34.73783],[136.05437,34.73755],[136.05574,34.73765],[136.05546,34.7386],[136.05422,34.73863],[136.05353,34.739],[136.05293,34.74001],[136.05235,34.74022],[136.05139,34.73997],[136.05045,34.74017],[136.04882,34.74137],[136.04807,34.74247],[136.04786,34.74454],[136.04615,34.74559],[136.04627,34.74677],[136.04613,34.74728],[136.04502,34.74806],[136.04478,34.74873],[136.04247,34.74818],[136.04103,34.74846],[136.03933,34.74932],[136.03899,34.74976],[136.03913,34.751],[136.03885,34.75251],[136.03743,34.7541],[136.03747,34.75475],[136.03816,34.75646],[136.0367,34.75642],[136.03494,34.75682],[136.03455,34.75727],[136.03352,34.75688],[136.03151,34.7564],[136.03052,34.75668],[136.02939,34.75854],[136.02938,34.75945],[136.02992,34.76016],[136.03044,34.76181],[136.03146,34.76251],[136.0312,34.7629],[136.03051,34.76286],[136.02974,34.76408],[136.02873,34.76533],[136.0297,34.76551],[136.03095,34.76907],[136.03204,34.77059],[136.03357,34.7721],[136.03404,34.77338],[136.03413,34.77401],[136.03368,34.77521],[136.03369,34.77718],[136.03382,34.77771],[136.03356,34.77957],[136.03259,34.78012],[136.032,34.78018],[136.03103,34.7795],[136.03012,34.77991],[136.02977,34.78099],[136.02919,34.78059],[136.02836,34.78091],[136.02803,34.78069],[136.02538,34.78137],[136.02407,34.78231],[136.0225,34.78253],[136.02143,34.78442],[136.02073,34.78583],[136.01988,34.78661],[136.02032,34.78757],[136.02073,34.78893],[136.01995,34.79034],[136.02173,34.79061],[136.02207,34.79139],[136.02124,34.79218],[136.02007,34.79212],[136.01953,34.79232],[136.01868,34.79304],[136.01772,34.79358],[136.01696,34.79435],[136.01642,34.79458],[136.01628,34.79743],[136.01575,34.79765],[136.01361,34.7968],[136.01294,34.79621],[136.01252,34.79543],[136.01123,34.79571],[136.01107,34.796],[136.01128,34.79708],[136.01088,34.79811],[136.01018,34.79857],[136.0102,34.79951],[136.00977,34.80002],[136.01042,34.80004],[136.01083,34.80037],[136.01139,34.80177],[136.01149,34.80241],[136.01237,34.80314],[136.01263,34.80377],[136.01372,34.80536],[136.01506,34.80762],[136.01523,34.8082],[136.01504,34.80897],[136.01576,34.80983],[136.01663,34.81017],[136.01669,34.81084],[136.01848,34.8125],[136.02055,34.81223],[136.02257,34.81306],[136.02397,34.8143],[136.02485,34.81483],[136.02589,34.81436],[136.02632,34.81461],[136.02718,34.81463],[136.02877,34.8161],[136.02912,34.81725],[136.02898,34.81818],[136.02848,34.81926],[136.02765,34.81941],[136.02609,34.82],[136.02515,34.82018],[136.02269,34.82036],[136.02152,34.82146],[136.01952,34.8223],[136.01869,34.82225],[136.01719,34.82281],[136.01576,34.82295],[136.01417,34.8228],[136.01228,34.82223],[136.01069,34.82215],[136.00908,34.82253],[136.00834,34.82322],[136.00737,34.82321],[136.00576,34.82336],[136.00411,34.82395],[136.00261,34.82392],[136.00138,34.82411],[135.99961,34.82409],[135.99893,34.82465],[135.99726,34.8253],[135.99471,34.826],[135.97381,34.81473],[135.97323,34.81428],[135.97247,34.81411],[135.97192,34.81305],[135.97137,34.81262],[135.97073,34.81094],[135.97025,34.81038],[135.96915,34.81036],[135.96847,34.80906],[135.96814,34.80899],[135.96322,34.8103],[135.96239,34.81037],[135.9617,34.80996],[135.96082,34.81055],[135.9599,34.81082],[135.95363,34.8077],[135.95388,34.80742],[135.9536,34.80689],[135.9537,34.80606],[135.95415,34.80436],[135.95375,34.80389],[135.9539,34.80181],[135.95266,34.80132],[135.9523,34.79972],[135.95197,34.79885],[135.95147,34.79826],[135.95156,34.79796],[135.95424,34.79622],[135.9553,34.79584],[135.95675,34.79498],[135.9576,34.79476],[135.95879,34.79469],[135.95934,34.79482],[135.96015,34.79442],[135.96158,34.79534],[135.96221,34.79648],[135.96322,34.79684],[135.96507,34.79666],[135.96595,34.79639],[135.9669,34.79548],[135.96709,34.79398],[135.96766,34.79308],[135.96711,34.79164],[135.96744,34.79112],[135.96815,34.79083],[135.96836,34.78971],[135.96795,34.78917],[135.96871,34.78874],[135.96892,34.78764],[135.96814,34.78713],[135.96745,34.78641],[135.96721,34.78534],[135.96531,34.78457],[135.96561,34.78394],[135.9672,34.78225],[135.96768,34.78228],[135.96918,34.78281],[135.97087,34.78229],[135.97228,34.78198],[135.97424,34.78222],[135.9758,34.7822],[135.97817,34.78177],[135.97851,34.78179],[135.97846,34.78048],[135.97873,34.78008],[135.97818,34.779],[135.97818,34.77769],[135.97708,34.77603],[135.97678,34.77512],[135.97718,34.77274],[135.97762,34.77161],[135.97784,34.76943],[135.97731,34.76901],[135.97706,34.7681],[135.97763,34.76653],[135.9772,34.76597],[135.97705,34.76433],[135.97762,34.76419],[135.9769,34.763],[135.9768,34.76227],[135.97505,34.76213],[135.97365,34.76151],[135.972,34.76155],[135.97177,34.76103],[135.97172,34.76069],[135.97113,34.75753],[135.9702,34.75508],[135.96993,34.75479],[135.96966,34.75425],[135.96955,34.75325],[135.96952,34.75209],[135.9696,34.75144],[135.97015,34.75092],[135.97091,34.75046],[135.97151,34.74972],[135.97191,34.74858],[135.97181,34.74815],[135.97153,34.74772],[135.9715,34.74646],[135.97198,34.74516],[135.97166,34.74413],[135.97168,34.74287],[135.9713,34.74245],[135.97012,34.74125],[135.96985,34.74051],[135.97075,34.74091],[135.97158,34.74183],[135.97235,34.74206],[135.97298,34.74184],[135.97321,34.7413],[135.97401,34.74095],[135.9749,34.74035],[135.97626,34.74093],[135.97665,34.74053],[135.97663,34.73931],[135.97676,34.73864],[135.97803,34.73716],[135.97882,34.73673],[135.97967,34.73676],[135.98039,34.73719],[135.9809,34.73706],[135.98122,34.73511],[135.98182,34.73466],[135.98357,34.73442],[135.98374,34.73363],[135.98335,34.73274],[135.98273,34.73211],[135.9829,34.73132],[135.98342,34.73049],[135.98435,34.72968],[135.9847,34.72876],[135.98567,34.72712],[135.98597,34.72624],[135.98556,34.72534],[135.98591,34.72424],[135.9857,34.72364],[135.98588,34.72258],[135.98566,34.72152],[135.98516,34.72009],[135.98505,34.71917],[135.98521,34.71865],[135.98631,34.71764],[135.98608,34.7171],[135.98613,34.71642],[135.98592,34.7154],[135.98662,34.71514],[135.98746,34.71515],[135.98826,34.71489],[135.98957,34.71489],[135.99001,34.71471],[135.99049,34.71393],[135.99103,34.71376],[135.99172,34.71251],[135.99205,34.7123],[135.993,34.71236],[135.99479,34.71302],[135.99553,34.71276],[135.99713,34.71333],[135.99834,34.71353],[135.99918,34.71324],[135.99994,34.71328],[136.00208,34.71453],[136.00281,34.7159],[136.00432,34.71668],[136.00462,34.71716],[136.0054,34.71738],[136.00623,34.71684],[136.00816,34.71667],[136.00953,34.71619]]]}}]}