{"type":"FeatureCollection","features":[{"type":"Feature","properties":{"nm":"千代田区","b":[139.7299,35.6686,139.7829,35.7052],"c":[139.75462,35.68761]},"geometry":{"type":"Polygon","coordinates":[[[139.7706,35.68367],[139.77081,35.68379],[139.771,35.68433],[139.77091,35.68463],[139.77081,35.6853],[139.77045,35.6861],[139.76958,35.68722],[139.76814,35.68859],[139.7688,35.68884],[139.76965,35.68915],[139.77105,35.68957],[139.77238,35.69002],[139.77383,35.69049],[139.77522,35.69097],[139.77661,35.69145],[139.77877,35.69235],[139.77995,35.69319],[139.78029,35.69286],[139.78281,35.69469],[139.78287,35.6951],[139.78166,35.69523],[139.78175,35.6963],[139.78268,35.69618],[139.78273,35.69664],[139.78283,35.69764],[139.78017,35.69789],[139.78031,35.69867],[139.78038,35.69915],[139.78052,35.7001],[139.78016,35.70022],[139.7795,35.70027],[139.77869,35.70033],[139.77549,35.70057],[139.77541,35.69963],[139.77544,35.70058],[139.77553,35.70098],[139.77559,35.70159],[139.77507,35.70164],[139.77338,35.70174],[139.77371,35.70278],[139.77302,35.70286],[139.77325,35.70499],[139.7727,35.70503],[139.772,35.70508],[139.77188,35.70509],[139.76994,35.70522],[139.76981,35.7037],[139.76942,35.70369],[139.76932,35.70328],[139.76799,35.70332],[139.76806,35.70289],[139.76814,35.70286],[139.76812,35.70262],[139.76663,35.70246],[139.76646,35.70256],[139.76614,35.7018],[139.76697,35.70129],[139.76716,35.70097],[139.76734,35.70113],[139.76815,35.7008],[139.76802,35.7005],[139.76845,35.70008],[139.76843,35.6998],[139.76831,35.6995],[139.76755,35.69985],[139.76761,35.69996],[139.76726,35.7001],[139.76715,35.69989],[139.76701,35.69964],[139.76652,35.69979],[139.7664,35.69952],[139.765,35.69988],[139.76383,35.70012],[139.76294,35.7005],[139.76229,35.70122],[139.76185,35.70144],[139.76158,35.7015],[139.76075,35.70159],[139.75958,35.70159],[139.75863,35.70158],[139.75763,35.70157],[139.7566,35.7018],[139.75549,35.70206],[139.75523,35.70212],[139.75343,35.70242],[139.75184,35.70255],[139.75085,35.70263],[139.74981,35.70276],[139.74921,35.70284],[139.74738,35.70291],[139.74636,35.7029],[139.74512,35.70255],[139.74497,35.70244],[139.74476,35.7023],[139.74436,35.70238],[139.74377,35.70189],[139.74392,35.70175],[139.74387,35.7017],[139.74421,35.70139],[139.74428,35.70134],[139.74343,35.70014],[139.74377,35.69997],[139.7434,35.70015],[139.74314,35.70025],[139.74284,35.69989],[139.74215,35.69904],[139.74194,35.69876],[139.74151,35.69832],[139.74021,35.69671],[139.73921,35.69523],[139.73874,35.6946],[139.73758,35.69324],[139.73621,35.69221],[139.73574,35.69198],[139.73561,35.69186],[139.73545,35.69177],[139.73429,35.6911],[139.73129,35.68932],[139.73071,35.68807],[139.73093,35.68802],[139.73072,35.68752],[139.73047,35.68635],[139.73009,35.68493],[139.73037,35.68485],[139.73025,35.68459],[139.72989,35.68454],[139.73036,35.68344],[139.73112,35.68198],[139.7315,35.68154],[139.7326,35.68063],[139.73288,35.68025],[139.73331,35.67924],[139.7336,35.67901],[139.73474,35.67881],[139.73535,35.67879],[139.7369,35.67887],[139.737,35.67849],[139.73706,35.67826],[139.737,35.67768],[139.73727,35.6767],[139.73821,35.67544],[139.7389,35.67383],[139.73912,35.67373],[139.74306,35.67137],[139.74315,35.67132],[139.74503,35.67095],[139.74495,35.67058],[139.74594,35.67038],[139.74643,35.67028],[139.74754,35.66953],[139.74942,35.67094],[139.74963,35.67088],[139.7518,35.67014],[139.75204,35.67062],[139.75328,35.67029],[139.75395,35.67008],[139.75543,35.66957],[139.75546,35.66956],[139.75582,35.66948],[139.75853,35.66857],[139.75867,35.66897],[139.75947,35.67042],[139.76009,35.67153],[139.7604,35.67208],[139.76091,35.67253],[139.76266,35.67296],[139.76354,35.67322],[139.76416,35.67364],[139.76472,35.67446],[139.76524,35.67522],[139.76527,35.67526],[139.76575,35.67596],[139.76664,35.67723],[139.76724,35.67808],[139.76878,35.68048],[139.77017,35.68246],[139.77065,35.68342],[139.7706,35.68367]],[[139.75085,35.70263],[139.75079,35.70194],[139.75082,35.70233],[139.75085,35.70263]],[[139.7529,35.67206],[139.75289,35.6721],[139.75416,35.67154],[139.7529,35.67206]],[[139.75323,35.67804],[139.75359,35.67856],[139.75329,35.678],[139.75323,35.67804]],[[139.74023,35.67875],[139.73975,35.67873],[139.74013,35.6788],[139.74023,35.67875]],[[139.74904,35.69468],[139.74902,35.69468],[139.74926,35.69474],[139.74904,35.69468]]]}},{"type":"Feature","properties":{"nm":"中央区","b":[139.7585,35.646,139.7932,35.6966],"c":[139.77621,35.67748]},"geometry":{"type":"MultiPolygon","coordinates":[[[[139.76878,35.68048],[139.76724,35.67808],[139.76664,35.67723],[139.76575,35.67596],[139.76527,35.67526],[139.76524,35.67522],[139.76472,35.67446],[139.76416,35.67364],[139.76354,35.67322],[139.76266,35.67296],[139.76091,35.67253],[139.7604,35.67208],[139.76009,35.67153],[139.75947,35.67042],[139.75867,35.66897],[139.75853,35.66857],[139.7585,35.66838],[139.76225,35.66715],[139.7625,35.66666],[139.76258,35.66654],[139.76318,35.66533],[139.76329,35.66422],[139.76295,35.6636],[139.76336,35.66331],[139.76319,35.66319],[139.76306,35.66328],[139.76156,35.66142],[139.75973,35.6591],[139.76304,35.65718],[139.76622,35.65884],[139.76616,35.65888],[139.76683,35.65918],[139.7677,35.6598],[139.76443,35.66225],[139.76435,35.6623],[139.76332,35.66309],[139.76346,35.66325],[139.7637,35.6634],[139.76403,35.66317],[139.76397,35.66311],[139.7641,35.66305],[139.76543,35.66208],[139.76567,35.66195],[139.76796,35.66034],[139.76897,35.65964],[139.76873,35.65946],[139.76782,35.65879],[139.76768,35.6588],[139.76777,35.65854],[139.76885,35.65937],[139.76913,35.65958],[139.76941,35.65931],[139.77087,35.66028],[139.77071,35.66042],[139.77123,35.66077],[139.77264,35.66198],[139.77251,35.6621],[139.77253,35.66212],[139.77263,35.66221],[139.77286,35.66219],[139.77384,35.66303],[139.77418,35.66323],[139.77549,35.66393],[139.77688,35.66458],[139.77701,35.66461],[139.77735,35.66474],[139.77921,35.66652],[139.77978,35.6675],[139.78041,35.66881],[139.78085,35.66969],[139.78108,35.67016],[139.78137,35.6711],[139.78144,35.67155],[139.78143,35.67168],[139.78136,35.67228],[139.78115,35.6728],[139.78108,35.67291],[139.78064,35.67345],[139.7803,35.67349],[139.7803,35.67382],[139.78074,35.67382],[139.78137,35.67296],[139.78156,35.67287],[139.78176,35.67244],[139.78195,35.6726],[139.78213,35.67261],[139.78275,35.67198],[139.78301,35.67194],[139.78315,35.67202],[139.78422,35.67265],[139.78458,35.67294],[139.78469,35.67294],[139.78545,35.67385],[139.78554,35.67395],[139.78625,35.67483],[139.78646,35.67559],[139.78657,35.67636],[139.78734,35.67622],[139.7874,35.67632],[139.78746,35.67644],[139.7866,35.67662],[139.78675,35.6767],[139.78664,35.67749],[139.78778,35.67692],[139.78787,35.67714],[139.78906,35.67884],[139.78968,35.67974],[139.79069,35.68103],[139.79067,35.68105],[139.79231,35.68284],[139.79268,35.68337],[139.79303,35.68441],[139.79318,35.68509],[139.79311,35.68607],[139.79308,35.68611],[139.79208,35.68746],[139.79042,35.6892],[139.78948,35.69034],[139.78917,35.69084],[139.78889,35.69169],[139.78882,35.69202],[139.78872,35.69292],[139.78874,35.6938],[139.78895,35.69478],[139.78744,35.69521],[139.78542,35.69585],[139.7854,35.69586],[139.78312,35.6966],[139.78273,35.69664],[139.78268,35.69618],[139.78175,35.6963],[139.78166,35.69523],[139.78287,35.6951],[139.78281,35.69469],[139.78029,35.69286],[139.77995,35.69319],[139.77877,35.69235],[139.77661,35.69145],[139.77522,35.69097],[139.77383,35.69049],[139.77238,35.69002],[139.77105,35.68957],[139.76965,35.68915],[139.7688,35.68884],[139.76814,35.68859],[139.76958,35.68722],[139.77045,35.6861],[139.77081,35.6853],[139.77091,35.68463],[139.771,35.68433],[139.77081,35.68379],[139.7706,35.68367],[139.77065,35.68342],[139.77017,35.68246],[139.76878,35.68048]]],[[[139.76404,35.65637],[139.76413,35.65657],[139.76475,35.65638],[139.76743,35.65835],[139.76744,35.65854],[139.76752,35.65881],[139.76713,35.6586],[139.76712,35.6583],[139.76546,35.65707],[139.7651,35.6574],[139.76405,35.65661],[139.76384,35.65649],[139.76383,35.65647],[139.76404,35.65637]]],[[[139.78184,35.66712],[139.78175,35.66651],[139.78032,35.66499],[139.78013,35.66479],[139.77934,35.66395],[139.77813,35.66309],[139.77692,35.66222],[139.77569,35.66139],[139.77455,35.66059],[139.77228,35.65906],[139.77213,35.65894],[139.77195,35.65879],[139.77165,35.6588],[139.77149,35.65874],[139.7717,35.65863],[139.77107,35.65822],[139.77095,35.65833],[139.77109,35.65842],[139.77093,35.65838],[139.77076,35.65827],[139.77094,35.65833],[139.77106,35.6582],[139.77052,35.65784],[139.77033,35.65793],[139.77015,35.65786],[139.77045,35.65777],[139.76947,35.65711],[139.76946,35.65727],[139.76935,35.6572],[139.76945,35.65709],[139.76888,35.65671],[139.76995,35.65565],[139.77064,35.65495],[139.76964,35.65427],[139.7681,35.6558],[139.76722,35.65522],[139.7674,35.65342],[139.76711,35.6532],[139.76734,35.65105],[139.76741,35.65105],[139.76764,35.65106],[139.76836,35.65035],[139.77083,35.65203],[139.77163,35.65258],[139.77176,35.65245],[139.77303,35.65332],[139.77316,35.65332],[139.77452,35.65425],[139.77517,35.6547],[139.7753,35.65459],[139.77534,35.65488],[139.77581,35.6552],[139.77605,35.65536],[139.77829,35.6569],[139.77938,35.65764],[139.78034,35.6583],[139.78073,35.65854],[139.78095,35.65874],[139.78179,35.65928],[139.78196,35.65926],[139.78223,35.65957],[139.78419,35.66085],[139.78432,35.66089],[139.78444,35.6609],[139.78453,35.66097],[139.78481,35.66139],[139.78519,35.66176],[139.78568,35.66232],[139.78596,35.66271],[139.78631,35.66304],[139.78654,35.66321],[139.78738,35.6625],[139.78733,35.66265],[139.78745,35.66282],[139.78753,35.66287],[139.78745,35.66426],[139.78757,35.66508],[139.78765,35.66554],[139.7877,35.66623],[139.78767,35.6663],[139.7875,35.66641],[139.78744,35.66738],[139.78709,35.66913],[139.78717,35.66923],[139.78701,35.66955],[139.78694,35.66974],[139.78685,35.66999],[139.78606,35.67169],[139.7846,35.67098],[139.78415,35.67076],[139.78284,35.66996],[139.7827,35.66979],[139.78228,35.66883],[139.78237,35.66839],[139.78193,35.66738],[139.78184,35.66712]]],[[[139.78004,35.65697],[139.77612,35.65434],[139.77599,35.65426],[139.77512,35.65366],[139.77492,35.65353],[139.77241,35.65182],[139.77276,35.65147],[139.76979,35.64947],[139.76948,35.64926],[139.77009,35.64865],[139.76996,35.64856],[139.76977,35.64869],[139.77005,35.64835],[139.76997,35.64847],[139.77013,35.64861],[139.77099,35.64777],[139.77085,35.64767],[139.77067,35.64785],[139.7706,35.6478],[139.77108,35.64744],[139.7709,35.64761],[139.77105,35.64771],[139.77189,35.64687],[139.77175,35.64678],[139.7715,35.64691],[139.7718,35.64673],[139.77194,35.64682],[139.77274,35.64604],[139.77656,35.6486],[139.77978,35.65077],[139.78237,35.65253],[139.78365,35.65339],[139.78365,35.65338],[139.78495,35.65425],[139.78727,35.65583],[139.78729,35.65593],[139.78806,35.65645],[139.78814,35.65637],[139.78849,35.6566],[139.78856,35.65679],[139.7884,35.65839],[139.78839,35.65873],[139.78842,35.65894],[139.78851,35.65895],[139.7883,35.66056],[139.78809,35.6622],[139.78757,35.66244],[139.78748,35.66226],[139.78722,35.66189],[139.78724,35.66186],[139.78637,35.66128],[139.7841,35.65973],[139.78062,35.65737],[139.78029,35.65724],[139.78004,35.65697]]]]}},{"type":"Feature","properties":{"nm":"港区","b":[139.7087,35.6231,139.782,35.6826],"c":[139.73836,35.65247]},"geometry":{"type":"MultiPolygon","coordinates":[[[[139.76383,35.65647],[139.75974,35.65885],[139.75948,35.65914],[139.75949,35.65918],[139.76054,35.66056],[139.76086,35.66097],[139.76295,35.6636],[139.76329,35.66422],[139.76318,35.66533],[139.76258,35.66654],[139.7625,35.66666],[139.76225,35.66715],[139.7585,35.66838],[139.75853,35.66857],[139.75582,35.66948],[139.75546,35.66956],[139.75543,35.66957],[139.75395,35.67008],[139.75328,35.67029],[139.75204,35.67062],[139.7518,35.67014],[139.74963,35.67088],[139.74942,35.67094],[139.74754,35.66953],[139.74643,35.67028],[139.74594,35.67038],[139.74495,35.67058],[139.74503,35.67095],[139.74315,35.67132],[139.74306,35.67137],[139.73912,35.67373],[139.73889,35.67374],[139.7389,35.67383],[139.73821,35.67544],[139.73727,35.6767],[139.737,35.67768],[139.73706,35.67826],[139.737,35.67849],[139.7369,35.67887],[139.73535,35.67879],[139.73474,35.67881],[139.7336,35.67901],[139.73331,35.67924],[139.73288,35.68025],[139.7326,35.68063],[139.7315,35.68154],[139.73065,35.68119],[139.72999,35.68242],[139.72794,35.68259],[139.72746,35.68192],[139.72682,35.68053],[139.72651,35.67987],[139.72583,35.67945],[139.72514,35.6793],[139.72404,35.6787],[139.72389,35.6789],[139.7227,35.67899],[139.7218,35.67898],[139.7218,35.67884],[139.72115,35.67889],[139.72109,35.67912],[139.7207,35.67918],[139.72007,35.67895],[139.71976,35.67913],[139.71973,35.67852],[139.719,35.67859],[139.7193,35.67803],[139.71967,35.67678],[139.71945,35.67674],[139.71987,35.67527],[139.71959,35.67506],[139.71861,35.67399],[139.71625,35.67324],[139.71667,35.67244],[139.71645,35.67211],[139.71533,35.67254],[139.71541,35.6727],[139.71485,35.67295],[139.71439,35.67199],[139.71457,35.67191],[139.7141,35.67115],[139.7144,35.67087],[139.71399,35.67036],[139.71419,35.67021],[139.71507,35.66965],[139.71441,35.66924],[139.71393,35.66945],[139.71296,35.66833],[139.71295,35.6683],[139.71091,35.66609],[139.71056,35.6661],[139.70874,35.66418],[139.71028,35.6631],[139.71048,35.66282],[139.71187,35.66126],[139.7122,35.66081],[139.71287,35.66042],[139.71352,35.66003],[139.71393,35.65978],[139.71338,35.65867],[139.71337,35.65866],[139.7129,35.65845],[139.71441,35.65737],[139.71532,35.65698],[139.71671,35.65681],[139.71791,35.65641],[139.71825,35.65707],[139.72204,35.65573],[139.72296,35.65636],[139.72293,35.65604],[139.7229,35.65591],[139.72168,35.65392],[139.72183,35.65277],[139.72175,35.65238],[139.72208,35.65239],[139.72213,35.65121],[139.7223,35.65075],[139.72265,35.64966],[139.72314,35.64921],[139.72276,35.64916],[139.723,35.64813],[139.72306,35.64771],[139.72309,35.64741],[139.72391,35.64675],[139.7231,35.64586],[139.72308,35.64549],[139.7227,35.64471],[139.72238,35.64443],[139.72154,35.64448],[139.72098,35.64416],[139.7209,35.64389],[139.72118,35.64373],[139.72091,35.64339],[139.71987,35.64202],[139.71907,35.64157],[139.71929,35.64156],[139.71943,35.64115],[139.71778,35.64073],[139.71795,35.64001],[139.71677,35.63994],[139.71697,35.6397],[139.71691,35.63884],[139.71662,35.63872],[139.71701,35.63815],[139.71727,35.63819],[139.7179,35.63597],[139.71731,35.63543],[139.71738,35.63509],[139.71777,35.63478],[139.71802,35.6349],[139.71794,35.63524],[139.71935,35.63534],[139.71927,35.63498],[139.71952,35.63469],[139.71957,35.63464],[139.71971,35.63447],[139.72049,35.63462],[139.72042,35.6348],[139.72131,35.63517],[139.72143,35.63504],[139.72165,35.63551],[139.72213,35.63537],[139.72207,35.63582],[139.72407,35.63538],[139.72567,35.63509],[139.72628,35.63484],[139.7268,35.63418],[139.72632,35.63292],[139.72666,35.6326],[139.72673,35.63228],[139.72748,35.63182],[139.72804,35.63317],[139.72872,35.63291],[139.72826,35.6323],[139.72825,35.63175],[139.72903,35.63131],[139.72936,35.63152],[139.72967,35.63123],[139.72976,35.63116],[139.73023,35.63079],[139.73101,35.63012],[139.73111,35.62928],[139.73145,35.62859],[139.73133,35.62765],[139.73122,35.62765],[139.73093,35.62764],[139.73098,35.6275],[139.73098,35.6274],[139.73104,35.62727],[139.73109,35.62719],[139.73116,35.62714],[139.73118,35.62708],[139.73089,35.62699],[139.73087,35.62667],[139.73115,35.6266],[139.73171,35.6261],[139.73113,35.62591],[139.73127,35.62559],[139.73191,35.62546],[139.7323,35.62575],[139.73221,35.62602],[139.73379,35.62597],[139.73472,35.62451],[139.73527,35.62314],[139.73743,35.62325],[139.73739,35.6236],[139.73806,35.62374],[139.73814,35.62402],[139.73799,35.62471],[139.73819,35.62486],[139.73881,35.62461],[139.73896,35.62461],[139.73925,35.62464],[139.73945,35.62433],[139.73978,35.62437],[139.73958,35.62467],[139.74288,35.62512],[139.74347,35.62516],[139.74404,35.62376],[139.74421,35.62342],[139.74522,35.62328],[139.74535,35.62349],[139.74585,35.6237],[139.74582,35.62398],[139.74575,35.62462],[139.74615,35.62469],[139.74651,35.62474],[139.74659,35.6239],[139.74684,35.62379],[139.74741,35.62405],[139.74892,35.62473],[139.74921,35.62428],[139.74935,35.62418],[139.74941,35.6242],[139.74938,35.62434],[139.74911,35.62476],[139.74966,35.62501],[139.74963,35.62429],[139.75016,35.62449],[139.75019,35.62529],[139.75132,35.62586],[139.75101,35.62572],[139.75086,35.62601],[139.75086,35.62603],[139.75085,35.62618],[139.7516,35.62619],[139.75154,35.6259],[139.75191,35.62628],[139.7521,35.62809],[139.75225,35.62985],[139.75243,35.63012],[139.75307,35.62979],[139.75325,35.6297],[139.75372,35.62933],[139.75387,35.62919],[139.75363,35.62612],[139.75354,35.626],[139.75352,35.62566],[139.75358,35.62544],[139.75345,35.62408],[139.75762,35.62417],[139.75746,35.62779],[139.75925,35.6278],[139.75925,35.62788],[139.75941,35.62788],[139.75925,35.63218],[139.75921,35.63363],[139.75805,35.63363],[139.75802,35.63379],[139.7579,35.63363],[139.75743,35.63361],[139.75717,35.63371],[139.757,35.63363],[139.75654,35.63361],[139.75654,35.63363],[139.75618,35.63363],[139.75566,35.6337],[139.7557,35.6336],[139.75552,35.6336],[139.75513,35.63333],[139.75511,35.6334],[139.75499,35.63328],[139.75499,35.63314],[139.75505,35.63332],[139.75511,35.6333],[139.7548,35.63264],[139.75468,35.63248],[139.75461,35.63233],[139.75463,35.63227],[139.75454,35.63218],[139.7546,35.63222],[139.75447,35.63193],[139.75445,35.63188],[139.75421,35.63158],[139.75416,35.63126],[139.75314,35.63131],[139.75245,35.63149],[139.75264,35.63152],[139.75241,35.63152],[139.75261,35.63164],[139.75245,35.63176],[139.75266,35.63175],[139.75266,35.6318],[139.75244,35.63179],[139.75288,35.63206],[139.7526,35.63195],[139.75256,35.63194],[139.75243,35.63217],[139.75243,35.63221],[139.75245,35.63246],[139.75262,35.6323],[139.75262,35.63245],[139.75276,35.63231],[139.75301,35.63242],[139.75292,35.6322],[139.7534,35.63312],[139.75335,35.63309],[139.75331,35.63301],[139.75316,35.63272],[139.75302,35.63245],[139.75286,35.63265],[139.75287,35.63247],[139.75247,35.63261],[139.75248,35.63279],[139.7525,35.63302],[139.7526,35.63293],[139.75261,35.63315],[139.75253,35.63304],[139.75261,35.63335],[139.75252,35.63328],[139.75253,35.63355],[139.75264,35.63346],[139.7526,35.63359],[139.75253,35.63362],[139.75261,35.63411],[139.75259,35.63418],[139.7526,35.63439],[139.75203,35.63411],[139.75182,35.63436],[139.752,35.6345],[139.75221,35.63465],[139.75211,35.63502],[139.75211,35.63506],[139.75223,35.63529],[139.75265,35.63516],[139.75279,35.6354],[139.75344,35.63529],[139.75307,35.63542],[139.75375,35.63676],[139.75381,35.63672],[139.75415,35.63659],[139.75446,35.63651],[139.75453,35.63659],[139.7542,35.63671],[139.75383,35.63681],[139.75377,35.63685],[139.75393,35.63704],[139.75411,35.63737],[139.75416,35.63755],[139.7542,35.63767],[139.75422,35.63772],[139.75438,35.63802],[139.7549,35.63789],[139.7544,35.63807],[139.7546,35.63845],[139.75505,35.63828],[139.75461,35.63848],[139.7548,35.63888],[139.75551,35.63905],[139.75696,35.63827],[139.75827,35.63754],[139.75806,35.6373],[139.75828,35.63753],[139.75873,35.63728],[139.75802,35.6364],[139.75877,35.63726],[139.7596,35.6368],[139.75886,35.63599],[139.75853,35.63582],[139.75835,35.63575],[139.75876,35.63585],[139.75965,35.63678],[139.76042,35.63678],[139.7604,35.63982],[139.76032,35.64499],[139.75908,35.64499],[139.75907,35.64542],[139.75866,35.64555],[139.75862,35.64556],[139.75846,35.64567],[139.75826,35.6458],[139.75815,35.64577],[139.75802,35.64594],[139.75783,35.64596],[139.75711,35.64622],[139.75721,35.64645],[139.75732,35.64663],[139.75778,35.64649],[139.75803,35.64637],[139.75862,35.64618],[139.75865,35.64595],[139.75869,35.64615],[139.75911,35.646],[139.75938,35.64647],[139.75963,35.64756],[139.75999,35.64857],[139.76077,35.65091],[139.76087,35.65113],[139.76079,35.65115],[139.76065,35.65095],[139.76083,35.65142],[139.76088,35.6514],[139.76093,35.65132],[139.76097,35.65148],[139.76084,35.65146],[139.76097,35.65166],[139.76101,35.65176],[139.76083,35.65193],[139.76101,35.65213],[139.76129,35.65246],[139.76179,35.65213],[139.76251,35.65187],[139.76345,35.65367],[139.76424,35.6552],[139.76467,35.65606],[139.76404,35.65637],[139.76383,35.65647]],[[139.76093,35.65216],[139.76075,35.65197],[139.76017,35.65217],[139.76026,35.65239],[139.76038,35.65263],[139.76095,35.65241],[139.76093,35.65216]],[[139.75904,35.65218],[139.75876,35.65221],[139.75889,35.65251],[139.75721,35.65272],[139.75722,35.65275],[139.75885,35.65255],[139.75907,35.65248],[139.75916,35.65243],[139.75904,35.65218]],[[139.7573,35.65662],[139.75743,35.65709],[139.75731,35.65665],[139.7573,35.65662]],[[139.75679,35.64659],[139.75646,35.64641],[139.75631,35.64611],[139.75578,35.64509],[139.75552,35.6452],[139.75526,35.6453],[139.75544,35.64565],[139.75554,35.64584],[139.75567,35.64596],[139.7559,35.64655],[139.7554,35.64641],[139.75471,35.64612],[139.754,35.64583],[139.75406,35.64599],[139.75415,35.64617],[139.75606,35.647],[139.75642,35.64764],[139.75671,35.64757],[139.75698,35.64747],[139.75674,35.64697],[139.75667,35.64684],[139.75679,35.64659]],[[139.75682,35.64781],[139.75654,35.6479],[139.75649,35.64804],[139.75645,35.64811],[139.75629,35.64809],[139.7556,35.64828],[139.75575,35.64829],[139.75584,35.64852],[139.75542,35.64865],[139.75585,35.64878],[139.75684,35.64849],[139.75726,35.64928],[139.75753,35.64916],[139.75782,35.64907],[139.75711,35.64772],[139.75682,35.64781]],[[139.75757,35.64925],[139.7573,35.64936],[139.75773,35.65021],[139.75784,35.6504],[139.75809,35.65033],[139.75839,35.65021],[139.75786,35.64917],[139.75758,35.64926],[139.75757,35.64925]],[[139.75815,35.65046],[139.7579,35.65054],[139.75846,35.65156],[139.75866,35.65152],[139.75872,35.6515],[139.75878,35.65143],[139.75898,35.65136],[139.75845,35.65034],[139.75815,35.65046]],[[139.75874,35.65156],[139.7585,35.65169],[139.75872,35.65212],[139.759,35.65209],[139.75924,35.65204],[139.75897,35.65153],[139.75882,35.65157],[139.75874,35.65156]],[[139.75201,35.63509],[139.75197,35.63511],[139.75174,35.6349],[139.75157,35.63524],[139.75183,35.63572],[139.75217,35.63559],[139.75208,35.63536],[139.75201,35.63509]],[[139.75117,35.63538],[139.75102,35.63513],[139.74904,35.63579],[139.74863,35.63575],[139.74845,35.63561],[139.74832,35.63511],[139.74775,35.63568],[139.74788,35.636],[139.74779,35.63618],[139.7466,35.63657],[139.7467,35.63691],[139.74669,35.63691],[139.74674,35.63703],[139.74746,35.63679],[139.74858,35.63648],[139.74927,35.6369],[139.74926,35.63758],[139.74925,35.63808],[139.74923,35.6389],[139.74973,35.63878],[139.74979,35.63803],[139.74981,35.6369],[139.7508,35.63658],[139.75161,35.63812],[139.75187,35.63805],[139.75215,35.63795],[139.75123,35.63619],[139.75135,35.63592],[139.75117,35.63538]],[[139.75195,35.63821],[139.7517,35.63832],[139.7522,35.63927],[139.75227,35.63941],[139.75237,35.63961],[139.75246,35.63978],[139.75329,35.64136],[139.75314,35.64156],[139.75237,35.64157],[139.75236,35.64181],[139.75236,35.64202],[139.75304,35.64199],[139.75329,35.64194],[139.75329,35.64198],[139.75341,35.64202],[139.75358,35.64202],[139.75401,35.64283],[139.75432,35.64285],[139.75468,35.64285],[139.75354,35.64067],[139.7535,35.64066],[139.75293,35.63945],[139.75221,35.63817],[139.75195,35.63821]],[[139.75438,35.643],[139.75412,35.643],[139.75459,35.64392],[139.75521,35.64515],[139.75546,35.64507],[139.75573,35.64497],[139.7554,35.64433],[139.75523,35.64399],[139.75484,35.64323],[139.75438,35.643]],[[139.72428,35.67279],[139.72416,35.67275],[139.72408,35.67292],[139.72428,35.67279]],[[139.75228,35.64181],[139.75229,35.64158],[139.75139,35.64148],[139.75021,35.64],[139.74981,35.63941],[139.74973,35.63927],[139.75,35.63988],[139.75076,35.64091],[139.75092,35.64147],[139.75069,35.64091],[139.74966,35.63951],[139.74967,35.639],[139.74973,35.63894],[139.74925,35.63908],[139.74925,35.64031],[139.74929,35.64031],[139.74928,35.6407],[139.74927,35.64091],[139.74923,35.641],[139.74811,35.64137],[139.74815,35.64147],[139.7482,35.64159],[139.74924,35.64126],[139.75103,35.64204],[139.75109,35.64276],[139.75123,35.64277],[139.75143,35.64277],[139.75144,35.64204],[139.75228,35.64203],[139.75228,35.64181]],[[139.7465,35.637],[139.74624,35.6371],[139.74471,35.63762],[139.74475,35.63769],[139.74601,35.63727],[139.7465,35.637]],[[139.74762,35.63543],[139.74817,35.63485],[139.74781,35.63496],[139.74743,35.63507],[139.74762,35.63543]],[[139.74772,35.6348],[139.74809,35.63469],[139.74729,35.63309],[139.74704,35.6326],[139.74699,35.63249],[139.74684,35.63224],[139.7467,35.63182],[139.74633,35.63184],[139.74592,35.63188],[139.7467,35.63358],[139.74729,35.63476],[139.74772,35.6348]],[[139.74631,35.63158],[139.74667,35.63146],[139.74644,35.62911],[139.74605,35.62913],[139.74569,35.62913],[139.74572,35.6294],[139.7458,35.62949],[139.74572,35.62974],[139.74585,35.63094],[139.74596,35.63129],[139.74597,35.63133],[139.74588,35.6315],[139.74631,35.63158]],[[139.74603,35.62896],[139.74642,35.62893],[139.74623,35.627],[139.74651,35.62488],[139.74615,35.62476],[139.74573,35.62469],[139.74559,35.62594],[139.74557,35.62642],[139.74547,35.62709],[139.74563,35.62791],[139.74564,35.62803],[139.74566,35.62863],[139.74565,35.62896],[139.74603,35.62896]],[[139.75313,35.63112],[139.75405,35.63104],[139.75397,35.6309],[139.75393,35.63082],[139.75395,35.63068],[139.75374,35.62966],[139.7534,35.62989],[139.75309,35.63005],[139.75232,35.6305],[139.75238,35.63108],[139.75219,35.63114],[139.75219,35.63116],[139.75313,35.63112]]],[[[139.76731,35.63315],[139.76758,35.63403],[139.76581,35.63447],[139.76573,35.6339],[139.76549,35.63317],[139.76655,35.63288],[139.76731,35.63315]]],[[[139.7698,35.62524],[139.77114,35.62356],[139.7731,35.625],[139.77428,35.62578],[139.78161,35.62975],[139.782,35.62997],[139.78076,35.6315],[139.77711,35.63597],[139.77771,35.63628],[139.77711,35.63665],[139.77303,35.63442],[139.77252,35.63452],[139.77245,35.63427],[139.7717,35.63448],[139.77136,35.63434],[139.77085,35.63308],[139.77268,35.63256],[139.77323,35.63396],[139.77516,35.63496],[139.77589,35.63411],[139.77592,35.63404],[139.77621,35.63364],[139.77627,35.63361],[139.77774,35.63176],[139.77776,35.63144],[139.77665,35.63089],[139.77608,35.63069],[139.77555,35.63033],[139.77525,35.63021],[139.77475,35.62987],[139.77432,35.62967],[139.77414,35.62994],[139.77419,35.63004],[139.7739,35.6299],[139.774,35.62938],[139.77351,35.62928],[139.77335,35.62954],[139.77354,35.62913],[139.77285,35.62875],[139.7725,35.62907],[139.77273,35.62862],[139.77213,35.62831],[139.77199,35.62825],[139.77186,35.62828],[139.77135,35.6283],[139.77082,35.62773],[139.77081,35.62762],[139.76932,35.62687],[139.76899,35.6266],[139.76849,35.62675],[139.76853,35.62662],[139.76881,35.62648],[139.7698,35.62524]]]]}},{"type":"Feature","properties":{"nm":"新宿区","b":[139.6732,35.6732,139.7451,35.7299],"c":[139.70887,35.70115]},"geometry":{"type":"Polygon","coordinates":[[[139.73047,35.68635],[139.73072,35.68752],[139.73093,35.68802],[139.73071,35.68807],[139.73129,35.68932],[139.73429,35.6911],[139.73545,35.69177],[139.73561,35.69186],[139.73571,35.69196],[139.73574,35.69198],[139.73621,35.69221],[139.73758,35.69324],[139.73874,35.6946],[139.73921,35.69523],[139.74021,35.69671],[139.74151,35.69832],[139.74194,35.69876],[139.74215,35.69904],[139.74284,35.69989],[139.74314,35.70025],[139.7434,35.70015],[139.74428,35.70134],[139.74421,35.70139],[139.74387,35.7017],[139.74392,35.70175],[139.74377,35.70189],[139.7442,35.70225],[139.74436,35.70238],[139.74476,35.7023],[139.74497,35.70244],[139.74512,35.70255],[139.74484,35.70294],[139.74465,35.70357],[139.74446,35.70421],[139.7445,35.70422],[139.74446,35.70434],[139.74434,35.70465],[139.74428,35.70483],[139.74403,35.70553],[139.74367,35.70657],[139.74341,35.70759],[139.74324,35.708],[139.74315,35.70806],[139.74237,35.7083],[139.74223,35.70833],[139.74141,35.70841],[139.74087,35.70848],[139.74064,35.70851],[139.73971,35.70865],[139.73873,35.7088],[139.73724,35.709],[139.73555,35.70925],[139.73552,35.7091],[139.73533,35.70816],[139.73425,35.7083],[139.73406,35.70782],[139.73345,35.70776],[139.73336,35.70773],[139.73297,35.70751],[139.73255,35.7075],[139.73187,35.70802],[139.7314,35.70809],[139.73146,35.70838],[139.73161,35.70924],[139.73141,35.70935],[139.73063,35.70937],[139.72998,35.70928],[139.7297,35.70948],[139.72939,35.70942],[139.72926,35.70944],[139.72895,35.70932],[139.72843,35.70926],[139.72795,35.70942],[139.72792,35.7099],[139.72648,35.70999],[139.72644,35.70975],[139.72603,35.70977],[139.72618,35.70927],[139.72584,35.70928],[139.72523,35.70947],[139.72536,35.70979],[139.7241,35.71012],[139.72398,35.71008],[139.72389,35.71],[139.72359,35.71028],[139.72342,35.71032],[139.72341,35.71054],[139.72335,35.71059],[139.72341,35.71057],[139.72332,35.71102],[139.72294,35.71115],[139.72279,35.7113],[139.72254,35.71127],[139.72259,35.71141],[139.72204,35.71157],[139.72233,35.71233],[139.72226,35.71237],[139.72193,35.71246],[139.72164,35.7125],[139.72092,35.7125],[139.72082,35.71252],[139.72079,35.71263],[139.72052,35.71287],[139.72034,35.71258],[139.72036,35.71244],[139.72034,35.71244],[139.72028,35.71243],[139.72025,35.71243],[139.72001,35.71232],[139.7199,35.71241],[139.71985,35.71242],[139.71973,35.71253],[139.71991,35.71287],[139.71991,35.71289],[139.71959,35.71301],[139.71929,35.71252],[139.71803,35.71266],[139.71798,35.71281],[139.71759,35.71289],[139.717,35.71294],[139.7167,35.71305],[139.71641,35.71342],[139.71573,35.71363],[139.71551,35.71313],[139.71493,35.7132],[139.71486,35.71306],[139.71425,35.71328],[139.7137,35.71351],[139.71321,35.71403],[139.71201,35.71481],[139.71174,35.71488],[139.71154,35.71491],[139.71098,35.71441],[139.71056,35.71393],[139.71029,35.71354],[139.70906,35.71382],[139.7076,35.71383],[139.70636,35.71353],[139.70579,35.71363],[139.7059,35.71383],[139.70524,35.71391],[139.70527,35.71408],[139.70577,35.71403],[139.70557,35.71447],[139.70514,35.71469],[139.70504,35.71471],[139.70476,35.71487],[139.70468,35.71494],[139.70458,35.71514],[139.7044,35.71616],[139.70487,35.71631],[139.70548,35.71632],[139.70533,35.71677],[139.70563,35.71665],[139.70565,35.71747],[139.7055,35.71773],[139.70581,35.71862],[139.70515,35.71921],[139.70491,35.7198],[139.70453,35.72015],[139.70505,35.72077],[139.7058,35.72149],[139.70508,35.72182],[139.70485,35.72197],[139.70429,35.72223],[139.70469,35.7228],[139.704,35.72304],[139.70287,35.72328],[139.70132,35.72344],[139.69992,35.72351],[139.6995,35.72282],[139.6992,35.72275],[139.69851,35.72231],[139.69858,35.72206],[139.69849,35.7223],[139.69731,35.72207],[139.6973,35.72214],[139.69605,35.72224],[139.69584,35.72208],[139.69502,35.72229],[139.69485,35.72202],[139.6946,35.72212],[139.69423,35.72234],[139.69277,35.72252],[139.69257,35.72254],[139.69076,35.7227],[139.69027,35.72274],[139.69,35.72276],[139.68971,35.72284],[139.68662,35.72292],[139.68611,35.72291],[139.68603,35.72291],[139.68437,35.72274],[139.68437,35.72299],[139.68418,35.72376],[139.68296,35.72359],[139.68257,35.72403],[139.68222,35.72392],[139.68198,35.72449],[139.68227,35.72455],[139.68197,35.72484],[139.6819,35.72523],[139.68175,35.72598],[139.68148,35.72665],[139.68135,35.72734],[139.68064,35.72783],[139.68059,35.72761],[139.68007,35.72788],[139.67945,35.72819],[139.67934,35.72851],[139.67753,35.72956],[139.6768,35.72989],[139.67672,35.72766],[139.67659,35.72729],[139.6758,35.72589],[139.67563,35.72528],[139.67535,35.72399],[139.67541,35.72364],[139.67543,35.72358],[139.67549,35.72335],[139.67581,35.72228],[139.67567,35.72136],[139.67478,35.72146],[139.67455,35.7209],[139.67444,35.72067],[139.67433,35.72038],[139.6735,35.72057],[139.67325,35.71966],[139.67378,35.71928],[139.67339,35.71874],[139.67343,35.71847],[139.67533,35.71907],[139.6752,35.71947],[139.67532,35.72002],[139.67573,35.7196],[139.67634,35.71947],[139.67667,35.7196],[139.67703,35.71943],[139.67726,35.71927],[139.67773,35.71882],[139.67836,35.71815],[139.67892,35.71814],[139.6789,35.71797],[139.67908,35.71717],[139.67909,35.71715],[139.67921,35.7166],[139.67942,35.71661],[139.6795,35.71647],[139.67945,35.71606],[139.67911,35.71562],[139.67909,35.71552],[139.67906,35.71509],[139.67925,35.71469],[139.67997,35.71415],[139.68033,35.71457],[139.68084,35.71451],[139.6808,35.71402],[139.68184,35.71413],[139.68187,35.71391],[139.6811,35.71371],[139.68102,35.71326],[139.68201,35.7133],[139.68188,35.71292],[139.68156,35.71254],[139.68145,35.71242],[139.68137,35.71235],[139.68123,35.71216],[139.68116,35.71211],[139.6808,35.71186],[139.68062,35.71148],[139.68008,35.71138],[139.68004,35.71106],[139.68119,35.71099],[139.68178,35.71075],[139.68274,35.71001],[139.6832,35.71006],[139.68361,35.71014],[139.68413,35.71025],[139.68415,35.71025],[139.6845,35.71032],[139.68458,35.71033],[139.68544,35.71052],[139.68567,35.71057],[139.68825,35.71117],[139.68958,35.71128],[139.68962,35.71144],[139.68966,35.71128],[139.69011,35.71131],[139.69006,35.71079],[139.69112,35.71049],[139.69153,35.71105],[139.69184,35.71092],[139.69238,35.71068],[139.69265,35.71081],[139.69273,35.71119],[139.69326,35.71113],[139.69405,35.71104],[139.69429,35.71101],[139.6941,35.71071],[139.69344,35.70996],[139.69354,35.70983],[139.69341,35.70995],[139.69301,35.70965],[139.6919,35.70928],[139.69114,35.70873],[139.68883,35.7075],[139.68839,35.70706],[139.68817,35.70644],[139.68813,35.70631],[139.68805,35.70608],[139.68803,35.70602],[139.68752,35.70438],[139.68741,35.70307],[139.68738,35.70231],[139.6875,35.70161],[139.68824,35.7003],[139.68834,35.69991],[139.6883,35.69893],[139.68795,35.69828],[139.68706,35.69723],[139.68693,35.69705],[139.68684,35.69691],[139.68664,35.69642],[139.6866,35.69636],[139.68554,35.69422],[139.6851,35.69369],[139.68421,35.69292],[139.68365,35.69262],[139.68356,35.69254],[139.68366,35.69226],[139.68372,35.69211],[139.68444,35.69213],[139.68422,35.6918],[139.68488,35.69139],[139.684,35.69008],[139.68375,35.68988],[139.68371,35.6898],[139.68371,35.68962],[139.68348,35.68936],[139.68339,35.68908],[139.68317,35.6886],[139.68332,35.6885],[139.68366,35.6878],[139.68367,35.68777],[139.68396,35.68742],[139.68438,35.68752],[139.685,35.68764],[139.68572,35.68778],[139.68582,35.68737],[139.68581,35.68731],[139.68578,35.68729],[139.68553,35.6872],[139.68558,35.68689],[139.68561,35.68675],[139.68563,35.68643],[139.68472,35.68637],[139.68472,35.68614],[139.68499,35.68537],[139.68532,35.68481],[139.68559,35.68428],[139.68562,35.68411],[139.68565,35.68404],[139.68585,35.68358],[139.68629,35.68296],[139.68741,35.68181],[139.68837,35.68245],[139.69075,35.68405],[139.69133,35.68435],[139.69337,35.68585],[139.69386,35.6861],[139.69536,35.68695],[139.69576,35.68714],[139.69791,35.68812],[139.6994,35.68871],[139.69953,35.68835],[139.6999,35.68849],[139.69983,35.68867],[139.70016,35.68876],[139.70014,35.68882],[139.70169,35.68919],[139.70216,35.68933],[139.70225,35.68898],[139.70214,35.68833],[139.7025,35.68832],[139.7027,35.68783],[139.70391,35.68803],[139.70418,35.68797],[139.70517,35.68806],[139.70591,35.68735],[139.7061,35.68677],[139.7067,35.68616],[139.70713,35.68462],[139.70792,35.68435],[139.70908,35.68418],[139.70986,35.6838],[139.71012,35.68353],[139.71108,35.68341],[139.71322,35.68198],[139.7136,35.68169],[139.71366,35.68149],[139.71445,35.68086],[139.71461,35.68073],[139.71406,35.67974],[139.71407,35.67909],[139.71379,35.67898],[139.71332,35.67787],[139.71283,35.67698],[139.71263,35.67663],[139.71274,35.67577],[139.71269,35.67438],[139.71353,35.67449],[139.71411,35.67475],[139.71481,35.67489],[139.71536,35.67376],[139.71593,35.67387],[139.71625,35.67324],[139.71861,35.67399],[139.71959,35.67506],[139.71987,35.67527],[139.71945,35.67674],[139.71967,35.67678],[139.7193,35.67803],[139.719,35.67859],[139.71973,35.67852],[139.71976,35.67913],[139.72007,35.67895],[139.7207,35.67918],[139.72109,35.67912],[139.72115,35.67889],[139.7218,35.67884],[139.7218,35.67898],[139.7227,35.67899],[139.72389,35.6789],[139.72404,35.6787],[139.72514,35.6793],[139.72583,35.67945],[139.72651,35.67987],[139.72682,35.68053],[139.72746,35.68192],[139.72794,35.68259],[139.72999,35.68242],[139.73065,35.68119],[139.7315,35.68154],[139.73112,35.68198],[139.73036,35.68344],[139.72989,35.68454],[139.73025,35.68459],[139.73037,35.68485],[139.73009,35.68493],[139.73047,35.68635]],[[139.72816,35.68787],[139.72831,35.68813],[139.72835,35.68819],[139.72816,35.68787]],[[139.70688,35.69173],[139.70647,35.69214],[139.70662,35.6921],[139.70688,35.69173]],[[139.7067,35.6948],[139.7068,35.69523],[139.70678,35.69481],[139.7067,35.6948]],[[139.73602,35.6935],[139.73596,35.69355],[139.73603,35.69357],[139.73602,35.6935]],[[139.73404,35.69321],[139.73407,35.69318],[139.73404,35.6932],[139.73404,35.69321]],[[139.73399,35.69549],[139.73366,35.69526],[139.73444,35.69584],[139.73399,35.69549]],[[139.73327,35.69667],[139.73329,35.69668],[139.7336,35.69628],[139.73327,35.69667]],[[139.74261,35.7012],[139.74292,35.70142],[139.74314,35.70133],[139.74261,35.7012]],[[139.74174,35.70196],[139.74201,35.70239],[139.74174,35.70195],[139.74174,35.70196]],[[139.7322,35.69955],[139.73202,35.69995],[139.73218,35.69961],[139.7322,35.69955]],[[139.74372,35.70264],[139.74413,35.70255],[139.74416,35.70247],[139.74372,35.70264]],[[139.73999,35.7033],[139.73928,35.70331],[139.74001,35.70339],[139.73999,35.7033]],[[139.74288,35.70387],[139.74299,35.70403],[139.74243,35.70307],[139.74288,35.70387]],[[139.72156,35.69361],[139.72131,35.69392],[139.7213,35.69406],[139.72156,35.69361]],[[139.71863,35.70647],[139.71856,35.70662],[139.71858,35.70675],[139.71859,35.70657],[139.71863,35.70647]],[[139.7023,35.70129],[139.7024,35.70127],[139.70236,35.70094],[139.7023,35.70129]],[[139.71651,35.70922],[139.71632,35.70932],[139.71642,35.70947],[139.71651,35.70922]]]}},{"type":"Feature","properties":{"nm":"文京区","b":[139.7173,35.6995,139.7725,35.7359],"c":[139.74726,35.71747]},"geometry":{"type":"Polygon","coordinates":[[[139.74981,35.70276],[139.75085,35.70263],[139.75184,35.70255],[139.75343,35.70242],[139.75523,35.70212],[139.75549,35.70206],[139.7566,35.7018],[139.75763,35.70157],[139.75863,35.70158],[139.75958,35.70159],[139.76075,35.70159],[139.76158,35.7015],[139.76185,35.70144],[139.76229,35.70122],[139.76294,35.7005],[139.76383,35.70012],[139.765,35.69988],[139.7664,35.69952],[139.76652,35.69979],[139.76701,35.69964],[139.76715,35.69989],[139.76726,35.7001],[139.76761,35.69996],[139.76755,35.69985],[139.76831,35.6995],[139.76843,35.6998],[139.76845,35.70008],[139.76802,35.7005],[139.76815,35.7008],[139.76734,35.70113],[139.76716,35.70097],[139.76697,35.70129],[139.76614,35.7018],[139.76646,35.70256],[139.76663,35.70246],[139.76812,35.70262],[139.76814,35.70286],[139.76806,35.70289],[139.76799,35.70332],[139.76932,35.70328],[139.76942,35.70369],[139.76981,35.7037],[139.76994,35.70522],[139.77009,35.70736],[139.77079,35.7073],[139.77164,35.70724],[139.77234,35.70721],[139.77244,35.70805],[139.77246,35.70832],[139.77157,35.70831],[139.77146,35.70913],[139.76986,35.7088],[139.76981,35.7088],[139.76916,35.7087],[139.76881,35.70896],[139.76856,35.70872],[139.7669,35.70865],[139.76686,35.70942],[139.76691,35.71038],[139.76757,35.71033],[139.76808,35.71028],[139.76808,35.71105],[139.76733,35.71105],[139.76695,35.7111],[139.76695,35.71133],[139.76759,35.71148],[139.76778,35.7127],[139.76736,35.713],[139.76563,35.71353],[139.76574,35.71393],[139.76557,35.71425],[139.76585,35.71465],[139.76603,35.71498],[139.76593,35.71572],[139.76532,35.71676],[139.76467,35.71686],[139.76454,35.71704],[139.76443,35.71723],[139.7649,35.7175],[139.76594,35.7165],[139.76642,35.71666],[139.76678,35.71677],[139.76771,35.71562],[139.76774,35.71561],[139.76819,35.71565],[139.76847,35.71568],[139.76874,35.71572],[139.76836,35.71643],[139.76829,35.71658],[139.76807,35.71699],[139.76789,35.71731],[139.76735,35.71791],[139.76714,35.71811],[139.76688,35.71838],[139.76686,35.7184],[139.76613,35.71928],[139.76536,35.72001],[139.76357,35.72151],[139.76354,35.72178],[139.76354,35.72208],[139.76348,35.72236],[139.76359,35.72251],[139.7637,35.72263],[139.76374,35.72291],[139.76403,35.7241],[139.76427,35.72459],[139.76413,35.7251],[139.76459,35.72668],[139.76479,35.72724],[139.76482,35.72762],[139.76438,35.72879],[139.76423,35.72902],[139.764,35.72938],[139.76383,35.72967],[139.76256,35.73126],[139.76221,35.73162],[139.7616,35.73181],[139.76132,35.73237],[139.76123,35.73229],[139.76097,35.7322],[139.76047,35.73186],[139.76029,35.73179],[139.76024,35.73177],[139.75996,35.73184],[139.75868,35.73268],[139.75861,35.7327],[139.75803,35.73289],[139.75672,35.73359],[139.75632,35.73373],[139.75496,35.73426],[139.75446,35.73451],[139.75419,35.73465],[139.75353,35.73508],[139.75343,35.735],[139.75268,35.73526],[139.75169,35.73494],[139.7515,35.73471],[139.75128,35.73482],[139.75088,35.73451],[139.75018,35.73424],[139.75062,35.73393],[139.75001,35.73334],[139.74924,35.73286],[139.74914,35.73298],[139.74877,35.73324],[139.749,35.73338],[139.74889,35.73352],[139.74877,35.73347],[139.74845,35.73374],[139.74821,35.7335],[139.74754,35.73442],[139.74767,35.73471],[139.74777,35.73491],[139.74737,35.73548],[139.74705,35.73511],[139.74533,35.7359],[139.74528,35.73592],[139.74442,35.73552],[139.74411,35.73509],[139.74337,35.73465],[139.74306,35.7348],[139.74236,35.7338],[139.74188,35.73382],[139.74226,35.73346],[139.74271,35.73326],[139.74296,35.73337],[139.74327,35.73316],[139.74307,35.733],[139.74341,35.73272],[139.74122,35.73115],[139.74165,35.7307],[139.74099,35.73033],[139.74086,35.73046],[139.74079,35.73047],[139.74062,35.73037],[139.73999,35.73104],[139.73882,35.73198],[139.73809,35.73144],[139.73819,35.73135],[139.73762,35.73093],[139.73748,35.7307],[139.7372,35.73062],[139.73675,35.73019],[139.73552,35.72924],[139.73625,35.72862],[139.73668,35.72828],[139.73713,35.72754],[139.7368,35.72737],[139.73693,35.72712],[139.73726,35.72725],[139.73747,35.72686],[139.73536,35.72605],[139.73584,35.72564],[139.73606,35.72523],[139.73582,35.72509],[139.73576,35.72506],[139.73555,35.72494],[139.7353,35.72527],[139.7348,35.72523],[139.73468,35.72538],[139.73427,35.72517],[139.73393,35.72553],[139.7333,35.72505],[139.73303,35.72532],[139.73282,35.72497],[139.73202,35.72464],[139.73228,35.72426],[139.73201,35.72417],[139.73183,35.72443],[139.73119,35.72425],[139.7307,35.72521],[139.73034,35.72548],[139.73011,35.72591],[139.72985,35.72621],[139.72965,35.72611],[139.72967,35.72599],[139.72934,35.72556],[139.72875,35.72577],[139.72819,35.72624],[139.72723,35.72679],[139.72636,35.72708],[139.72619,35.7265],[139.72557,35.72679],[139.72538,35.72653],[139.7248,35.72666],[139.72467,35.72661],[139.72468,35.72641],[139.72489,35.72631],[139.72533,35.7261],[139.72474,35.72608],[139.72437,35.72604],[139.72435,35.72544],[139.72363,35.72527],[139.72311,35.72514],[139.72267,35.72504],[139.72301,35.72435],[139.72304,35.72344],[139.72316,35.72304],[139.72327,35.72245],[139.72374,35.72194],[139.72393,35.72117],[139.72436,35.72034],[139.7248,35.71998],[139.72462,35.7198],[139.72428,35.7201],[139.72312,35.71975],[139.72279,35.71893],[139.72212,35.71869],[139.72179,35.71894],[139.7214,35.71853],[139.72085,35.71855],[139.72067,35.71839],[139.71984,35.71824],[139.71956,35.71831],[139.71927,35.71749],[139.71827,35.71795],[139.71793,35.71755],[139.71787,35.7172],[139.71782,35.71703],[139.71797,35.71695],[139.7185,35.71667],[139.71792,35.71689],[139.71775,35.71666],[139.71751,35.71574],[139.71732,35.71496],[139.71727,35.71467],[139.71754,35.71439],[139.71903,35.7141],[139.71998,35.71378],[139.72079,35.71337],[139.72144,35.71298],[139.7222,35.71251],[139.72234,35.71236],[139.72233,35.71233],[139.72204,35.71157],[139.72259,35.71141],[139.72254,35.71127],[139.72279,35.7113],[139.72294,35.71115],[139.72332,35.71102],[139.72341,35.71057],[139.72341,35.71054],[139.72359,35.71028],[139.72389,35.71],[139.72398,35.71008],[139.7241,35.71012],[139.72536,35.70979],[139.72523,35.70947],[139.72584,35.70928],[139.72618,35.70927],[139.72603,35.70977],[139.72644,35.70975],[139.72648,35.70999],[139.72792,35.7099],[139.72795,35.70942],[139.72843,35.70926],[139.72895,35.70932],[139.72926,35.70944],[139.72939,35.70942],[139.7297,35.70948],[139.72998,35.70928],[139.73063,35.70937],[139.73141,35.70935],[139.73161,35.70924],[139.73146,35.70838],[139.7314,35.70809],[139.73187,35.70802],[139.73255,35.7075],[139.73297,35.70751],[139.73336,35.70773],[139.73345,35.70776],[139.73406,35.70782],[139.73425,35.7083],[139.73533,35.70816],[139.73552,35.7091],[139.73555,35.70925],[139.73724,35.709],[139.73873,35.7088],[139.73971,35.70865],[139.74064,35.70851],[139.74087,35.70848],[139.74141,35.70841],[139.74223,35.70833],[139.74237,35.7083],[139.74315,35.70806],[139.74324,35.708],[139.74335,35.7078],[139.74341,35.70759],[139.74367,35.70657],[139.74403,35.70553],[139.74428,35.70483],[139.74434,35.70465],[139.74446,35.70434],[139.7445,35.70422],[139.74446,35.70421],[139.7445,35.70408],[139.74465,35.70357],[139.74484,35.70294],[139.74512,35.70255],[139.74636,35.7029],[139.74738,35.70291],[139.74921,35.70284],[139.74981,35.70276]],[[139.7536,35.70848],[139.75366,35.70837],[139.75381,35.7079],[139.7536,35.70848]],[[139.75244,35.72302],[139.75272,35.72264],[139.75266,35.72262],[139.75244,35.72302]],[[139.73172,35.7215],[139.73175,35.7215],[139.73231,35.72096],[139.73172,35.7215]],[[139.73113,35.71072],[139.73111,35.71088],[139.7315,35.71076],[139.73113,35.71072]],[[139.75873,35.71532],[139.75872,35.71537],[139.75885,35.71538],[139.75873,35.71532]],[[139.75964,35.72933],[139.75959,35.7295],[139.75964,35.72952],[139.75964,35.72933]]]}},{"type":"Feature","properties":{"nm":"台東区","b":[139.7622,35.6948,139.8098,35.7316],"c":[139.78596,35.71543]},"geometry":{"type":"Polygon","coordinates":[[[139.78016,35.70022],[139.78054,35.70019],[139.78052,35.7001],[139.78038,35.69915],[139.78031,35.69867],[139.78017,35.69789],[139.78283,35.69764],[139.78273,35.69664],[139.78312,35.6966],[139.7854,35.69586],[139.78542,35.69585],[139.78744,35.69521],[139.78895,35.69478],[139.78935,35.69572],[139.78987,35.69643],[139.78997,35.69657],[139.79034,35.697],[139.79181,35.69862],[139.79253,35.69953],[139.79341,35.70095],[139.79404,35.70215],[139.79448,35.70313],[139.79514,35.70436],[139.79583,35.70562],[139.79674,35.70724],[139.79741,35.70823],[139.79897,35.71006],[139.8009,35.7119],[139.80201,35.71284],[139.80342,35.71416],[139.80346,35.71422],[139.80544,35.71617],[139.80455,35.71665],[139.80544,35.71618],[139.80598,35.71674],[139.80663,35.71744],[139.80722,35.71815],[139.80806,35.71961],[139.80839,35.72032],[139.80872,35.72133],[139.80895,35.72233],[139.80898,35.72235],[139.80906,35.72261],[139.80948,35.7242],[139.80963,35.72539],[139.80976,35.72795],[139.80538,35.72849],[139.80523,35.72796],[139.80535,35.72849],[139.80278,35.72885],[139.80166,35.72903],[139.80129,35.72906],[139.79963,35.72894],[139.79949,35.72892],[139.79519,35.72877],[139.79508,35.72979],[139.7943,35.72978],[139.79426,35.73033],[139.79313,35.73037],[139.79269,35.73008],[139.7924,35.73037],[139.7925,35.73086],[139.79217,35.73104],[139.79213,35.73106],[139.79148,35.73126],[139.79059,35.72993],[139.79002,35.72929],[139.78976,35.7288],[139.78958,35.72863],[139.78905,35.72832],[139.78796,35.72783],[139.78683,35.72777],[139.78585,35.72756],[139.78432,35.72772],[139.78373,35.72758],[139.78369,35.72755],[139.78406,35.72708],[139.78361,35.72747],[139.78302,35.72676],[139.78299,35.72665],[139.7823,35.72647],[139.78214,35.72553],[139.78128,35.72531],[139.78127,35.72479],[139.78107,35.72478],[139.78013,35.7248],[139.77902,35.7249],[139.77895,35.72491],[139.77817,35.72493],[139.77678,35.72526],[139.77598,35.72579],[139.7741,35.72662],[139.77357,35.72611],[139.77328,35.72619],[139.77298,35.72597],[139.77295,35.72595],[139.77264,35.72616],[139.7728,35.72633],[139.77225,35.72686],[139.7719,35.72703],[139.7713,35.72741],[139.77096,35.72731],[139.77002,35.72807],[139.76834,35.72766],[139.76718,35.72733],[139.76674,35.72746],[139.76669,35.72765],[139.76581,35.7277],[139.76578,35.72813],[139.76554,35.72854],[139.76565,35.72887],[139.76557,35.7295],[139.7651,35.73021],[139.76476,35.73056],[139.76406,35.73089],[139.76393,35.73092],[139.7635,35.73115],[139.76319,35.73133],[139.76257,35.73163],[139.76221,35.73162],[139.76256,35.73126],[139.76383,35.72967],[139.764,35.72938],[139.76423,35.72902],[139.76438,35.72879],[139.76482,35.72762],[139.76479,35.72724],[139.76459,35.72668],[139.76413,35.7251],[139.76427,35.72459],[139.76403,35.7241],[139.76374,35.72291],[139.7637,35.72263],[139.76359,35.72251],[139.76348,35.72236],[139.76354,35.72208],[139.76354,35.72178],[139.76357,35.72151],[139.76536,35.72001],[139.76613,35.71928],[139.76686,35.7184],[139.76713,35.71861],[139.76688,35.71838],[139.76714,35.71811],[139.76735,35.71791],[139.76789,35.71731],[139.76807,35.71699],[139.76829,35.71658],[139.76874,35.71572],[139.76847,35.71568],[139.76819,35.71565],[139.76774,35.71561],[139.76777,35.71551],[139.76771,35.71562],[139.76678,35.71677],[139.76642,35.71666],[139.76594,35.7165],[139.7649,35.7175],[139.76443,35.71723],[139.76454,35.71704],[139.76467,35.71686],[139.76532,35.71676],[139.76593,35.71572],[139.76603,35.71498],[139.76585,35.71465],[139.76557,35.71425],[139.76574,35.71393],[139.76563,35.71353],[139.76736,35.713],[139.76778,35.7127],[139.76759,35.71148],[139.76695,35.71133],[139.76695,35.7111],[139.76733,35.71105],[139.76808,35.71105],[139.76808,35.71028],[139.76757,35.71033],[139.76691,35.71038],[139.76686,35.70942],[139.7669,35.70865],[139.76856,35.70872],[139.76881,35.70896],[139.76916,35.7087],[139.76981,35.7088],[139.76978,35.70925],[139.76986,35.7088],[139.77146,35.70913],[139.77157,35.70831],[139.77246,35.70832],[139.77244,35.70805],[139.77234,35.70721],[139.77164,35.70724],[139.77079,35.7073],[139.77009,35.70736],[139.76994,35.70522],[139.77188,35.70509],[139.772,35.70508],[139.7727,35.70503],[139.77325,35.70499],[139.77302,35.70286],[139.77371,35.70278],[139.77338,35.70174],[139.77507,35.70164],[139.77559,35.70159],[139.77553,35.70098],[139.77549,35.70057],[139.77869,35.70033],[139.7795,35.70027],[139.78016,35.70022]],[[139.77934,35.71981],[139.77923,35.72001],[139.77933,35.72014],[139.77934,35.71981]],[[139.7894,35.71849],[139.78938,35.71816],[139.78937,35.71815],[139.7894,35.71849]],[[139.78937,35.71815],[139.78936,35.7181],[139.78871,35.7183],[139.78937,35.71815]],[[139.79105,35.72407],[139.79113,35.72336],[139.79109,35.72333],[139.79105,35.72407]],[[139.78784,35.69975],[139.78787,35.69981],[139.78822,35.7003],[139.78784,35.69975]]]}},{"type":"Feature","properties":{"nm":"墨田区","b":[139.7887,35.6867,139.8423,35.7436],"c":[139.81554,35.71224]},"geometry":{"type":"Polygon","coordinates":[[[139.78882,35.69202],[139.78889,35.69169],[139.78917,35.69084],[139.78948,35.69034],[139.79042,35.6892],[139.79264,35.69034],[139.79242,35.69066],[139.79343,35.69071],[139.79349,35.69018],[139.79493,35.6903],[139.79498,35.68981],[139.79613,35.6899],[139.79636,35.68991],[139.7967,35.68857],[139.79814,35.68928],[139.79931,35.68983],[139.79957,35.68993],[139.8006,35.6882],[139.80064,35.6882],[139.80337,35.6883],[139.80469,35.68835],[139.80483,35.68669],[139.80616,35.68675],[139.80817,35.68685],[139.80909,35.68689],[139.80955,35.68691],[139.80953,35.68717],[139.80938,35.68861],[139.81173,35.68877],[139.81157,35.69032],[139.81139,35.69186],[139.81136,35.69209],[139.81231,35.69214],[139.81332,35.6922],[139.81326,35.69297],[139.81527,35.69308],[139.81532,35.69308],[139.81974,35.69332],[139.81949,35.69632],[139.81946,35.69684],[139.81945,35.6969],[139.81941,35.6975],[139.81936,35.69815],[139.8192,35.70031],[139.81916,35.70096],[139.81913,35.70143],[139.81903,35.70302],[139.81881,35.70617],[139.81872,35.70785],[139.81905,35.70788],[139.82378,35.70604],[139.82447,35.70576],[139.82484,35.70561],[139.82589,35.70517],[139.82597,35.70514],[139.82798,35.70434],[139.82857,35.70413],[139.82938,35.70384],[139.82972,35.70363],[139.83073,35.70297],[139.83095,35.70292],[139.83305,35.70289],[139.83323,35.70288],[139.83375,35.70289],[139.83497,35.70294],[139.83563,35.70307],[139.83502,35.70361],[139.83462,35.70428],[139.8345,35.70478],[139.83477,35.70572],[139.83512,35.70609],[139.83675,35.70759],[139.83772,35.70833],[139.83918,35.70944],[139.83968,35.71012],[139.83964,35.71066],[139.83956,35.71077],[139.83931,35.71102],[139.8384,35.71149],[139.83617,35.71208],[139.83531,35.71254],[139.8346,35.71307],[139.83414,35.71346],[139.83368,35.71406],[139.83324,35.71503],[139.83326,35.71583],[139.83383,35.71671],[139.83461,35.71745],[139.83535,35.71786],[139.83642,35.71805],[139.83698,35.71799],[139.83705,35.71798],[139.83789,35.71773],[139.83901,35.71708],[139.83993,35.71765],[139.84233,35.71915],[139.84049,35.72096],[139.83678,35.72448],[139.83585,35.72539],[139.83416,35.72695],[139.83149,35.7295],[139.82902,35.73185],[139.829,35.73186],[139.82811,35.73269],[139.82658,35.73423],[139.82594,35.73494],[139.82512,35.73593],[139.82388,35.73777],[139.82251,35.74011],[139.82058,35.74357],[139.8183,35.74274],[139.81801,35.74263],[139.81732,35.74189],[139.81618,35.74044],[139.81458,35.73905],[139.81463,35.73851],[139.81464,35.73793],[139.81457,35.73715],[139.81424,35.73637],[139.814,35.736],[139.81335,35.73523],[139.81157,35.73337],[139.81104,35.73253],[139.8103,35.73034],[139.81018,35.72987],[139.80997,35.72907],[139.80977,35.72815],[139.81062,35.72796],[139.80977,35.72808],[139.80976,35.72795],[139.80963,35.72539],[139.80948,35.7242],[139.80906,35.72261],[139.80898,35.72235],[139.80978,35.72202],[139.80895,35.72233],[139.80872,35.72133],[139.80839,35.72032],[139.80806,35.71961],[139.80722,35.71815],[139.80663,35.71744],[139.80598,35.71674],[139.80544,35.71617],[139.80346,35.71422],[139.80342,35.71416],[139.80201,35.71284],[139.8009,35.7119],[139.79897,35.71006],[139.79741,35.70823],[139.79674,35.70724],[139.79583,35.70562],[139.79514,35.70436],[139.79448,35.70313],[139.79404,35.70215],[139.79341,35.70095],[139.79253,35.69953],[139.79181,35.69862],[139.79034,35.697],[139.78997,35.69657],[139.78987,35.69643],[139.78935,35.69572],[139.78895,35.69478],[139.78874,35.6938],[139.78872,35.69292],[139.78882,35.69202]],[[139.80763,35.70539],[139.80807,35.70542],[139.80805,35.70539],[139.80763,35.70539]],[[139.81091,35.70951],[139.81177,35.7096],[139.81246,35.70966],[139.81091,35.70951]],[[139.81246,35.70966],[139.81323,35.70972],[139.81343,35.70973],[139.81246,35.70966]],[[139.81236,35.71407],[139.81281,35.71373],[139.81236,35.71406],[139.81236,35.71407]],[[139.81988,35.72724],[139.82002,35.72732],[139.81989,35.72701],[139.81988,35.72724]],[[139.81966,35.73331],[139.8199,35.7331],[139.81989,35.73309],[139.81982,35.73303],[139.81966,35.73331]]]}},{"type":"Feature","properties":{"nm":"江東区","b":[139.7711,35.5898,139.849,35.7079],"c":[139.81577,35.65939]},"geometry":{"type":"MultiPolygon","coordinates":[[[[139.79069,35.68103],[139.78968,35.67974],[139.78906,35.67884],[139.78787,35.67714],[139.78778,35.67692],[139.78756,35.6763],[139.78752,35.67619],[139.78849,35.67598],[139.78841,35.67575],[139.78834,35.67544],[139.78831,35.67497],[139.78833,35.6746],[139.78855,35.6739],[139.78869,35.67358],[139.78884,35.67334],[139.78881,35.67314],[139.78838,35.67311],[139.78821,35.67258],[139.78852,35.67105],[139.78871,35.67027],[139.78888,35.6697],[139.78941,35.66803],[139.78904,35.66775],[139.7888,35.66796],[139.78887,35.66748],[139.78892,35.66697],[139.78907,35.66709],[139.78908,35.66749],[139.78946,35.66777],[139.79073,35.66671],[139.7908,35.66677],[139.79123,35.66652],[139.79093,35.66674],[139.79131,35.66704],[139.79198,35.66649],[139.79185,35.66639],[139.79168,35.66625],[139.79136,35.6664],[139.79126,35.66638],[139.79154,35.66604],[139.79338,35.6645],[139.79435,35.66367],[139.79432,35.66365],[139.79348,35.66298],[139.79289,35.66273],[139.79257,35.66252],[139.79136,35.66169],[139.79006,35.6608],[139.79029,35.65908],[139.79032,35.6589],[139.7904,35.65844],[139.79037,35.65842],[139.7907,35.65618],[139.79086,35.65555],[139.79096,35.6552],[139.79084,35.65512],[139.79096,35.65491],[139.79094,35.65494],[139.79091,35.65461],[139.7911,35.65432],[139.79255,35.65292],[139.79109,35.65193],[139.79111,35.65191],[139.79027,35.65136],[139.79003,35.65163],[139.78305,35.64693],[139.78264,35.64665],[139.78282,35.64642],[139.77653,35.64215],[139.77905,35.63968],[139.77996,35.63976],[139.79427,35.64735],[139.79464,35.6482],[139.79422,35.6487],[139.79361,35.6493],[139.79299,35.64992],[139.794,35.65121],[139.79552,35.64972],[139.79545,35.64967],[139.79674,35.64842],[139.79771,35.64906],[139.7979,35.64902],[139.79812,35.64907],[139.79811,35.6491],[139.79831,35.64922],[139.79823,35.64936],[139.79995,35.65048],[139.80021,35.65066],[139.80093,35.64992],[139.80042,35.64958],[139.80024,35.64947],[139.80008,35.64937],[139.79889,35.64867],[139.79843,35.64915],[139.79805,35.64889],[139.79843,35.64899],[139.79882,35.64862],[139.79783,35.64793],[139.79768,35.64776],[139.79801,35.64539],[139.79804,35.6451],[139.79809,35.64472],[139.79767,35.64424],[139.79596,35.64336],[139.79465,35.64496],[139.7891,35.642],[139.78377,35.63909],[139.78366,35.63819],[139.78271,35.63764],[139.78204,35.63853],[139.78131,35.63881],[139.7787,35.6374],[139.77869,35.63728],[139.77927,35.63655],[139.78189,35.63334],[139.78281,35.63221],[139.78352,35.63134],[139.78429,35.63039],[139.78204,35.62922],[139.78161,35.62975],[139.77428,35.62578],[139.7731,35.625],[139.77114,35.62356],[139.77108,35.62352],[139.77344,35.62054],[139.7736,35.62033],[139.77426,35.61949],[139.77443,35.61928],[139.77295,35.61856],[139.77695,35.61366],[139.77703,35.61356],[139.77913,35.61099],[139.78525,35.6035],[139.78567,35.60368],[139.78686,35.60225],[139.79003,35.60638],[139.7898,35.60677],[139.79008,35.60694],[139.79074,35.60733],[139.79254,35.60951],[139.7813,35.62311],[139.78152,35.62323],[139.78071,35.62402],[139.78454,35.62606],[139.78303,35.62799],[139.7827,35.62841],[139.78251,35.62864],[139.78474,35.62985],[139.78489,35.62968],[139.78492,35.62964],[139.78703,35.62741],[139.78714,35.62728],[139.78853,35.62801],[139.78885,35.62707],[139.7851,35.62508],[139.79391,35.61413],[139.79403,35.61398],[139.79427,35.61368],[139.79557,35.61575],[139.79587,35.61562],[139.79684,35.6174],[139.79733,35.61723],[139.79754,35.61768],[139.79612,35.61886],[139.79633,35.61909],[139.78966,35.62749],[139.78918,35.62724],[139.78882,35.62817],[139.79075,35.62919],[139.79191,35.62984],[139.79612,35.6246],[139.79851,35.62163],[139.80197,35.62627],[139.80144,35.62762],[139.80016,35.63087],[139.80016,35.63213],[139.80013,35.63621],[139.807,35.63685],[139.80682,35.63806],[139.80628,35.64176],[139.80649,35.64182],[139.80696,35.64197],[139.80781,35.64215],[139.80791,35.64106],[139.808,35.64024],[139.81353,35.64072],[139.81703,35.64102],[139.82012,35.64119],[139.82157,35.64271],[139.82113,35.64627],[139.82109,35.64649],[139.82168,35.64655],[139.82166,35.64669],[139.82149,35.64696],[139.82163,35.64704],[139.82164,35.64697],[139.82213,35.64698],[139.82219,35.64648],[139.82239,35.64509],[139.82259,35.64374],[139.82271,35.64291],[139.82433,35.64308],[139.82423,35.64265],[139.82412,35.64222],[139.82283,35.64211],[139.82291,35.64175],[139.82292,35.64136],[139.82056,35.63886],[139.82115,35.63413],[139.82281,35.63427],[139.82285,35.63393],[139.82289,35.63354],[139.82107,35.63339],[139.82131,35.63176],[139.83057,35.63289],[139.83189,35.63305],[139.83568,35.6334],[139.83553,35.63152],[139.83044,35.63103],[139.82567,35.63056],[139.82699,35.62223],[139.82736,35.6199],[139.82747,35.61991],[139.82752,35.61963],[139.82935,35.61977],[139.83106,35.62094],[139.8323,35.61955],[139.83069,35.61867],[139.83126,35.61783],[139.83556,35.6126],[139.83864,35.61433],[139.84011,35.63197],[139.8401,35.63197],[139.83973,35.6321],[139.83672,35.63173],[139.83641,35.63161],[139.83669,35.63349],[139.83915,35.63368],[139.84022,35.63376],[139.84144,35.64765],[139.84107,35.6479],[139.83746,35.65034],[139.83794,35.65088],[139.83821,35.65113],[139.84081,35.64946],[139.84147,35.64944],[139.84536,35.64933],[139.84548,35.65153],[139.8457,35.65896],[139.84628,35.66574],[139.84628,35.66575],[139.84662,35.66916],[139.84683,35.67129],[139.84684,35.6714],[139.84696,35.67258],[139.84712,35.67414],[139.84716,35.67462],[139.84746,35.67597],[139.8478,35.67697],[139.84811,35.6778],[139.84852,35.67887],[139.84867,35.67933],[139.84898,35.67998],[139.84613,35.68107],[139.84596,35.68173],[139.84671,35.68309],[139.84617,35.68353],[139.84662,35.68519],[139.84706,35.68656],[139.84726,35.68725],[139.84771,35.68867],[139.84787,35.6909],[139.84802,35.69245],[139.84801,35.69343],[139.84781,35.69471],[139.84754,35.6952],[139.8471,35.69601],[139.84548,35.69821],[139.84517,35.69856],[139.84481,35.69887],[139.84415,35.69934],[139.84289,35.69998],[139.84219,35.70029],[139.84203,35.70037],[139.8417,35.7005],[139.84037,35.70102],[139.83803,35.70187],[139.83789,35.70193],[139.83644,35.7025],[139.8357,35.70301],[139.83563,35.70307],[139.83497,35.70294],[139.83375,35.70289],[139.83323,35.70288],[139.83305,35.70289],[139.83095,35.70292],[139.83073,35.70297],[139.82972,35.70363],[139.82938,35.70384],[139.82857,35.70413],[139.82798,35.70434],[139.82597,35.70514],[139.82589,35.70517],[139.82484,35.70561],[139.82447,35.70576],[139.82378,35.70604],[139.81905,35.70788],[139.81872,35.70785],[139.81881,35.70617],[139.81903,35.70302],[139.81913,35.70143],[139.81916,35.70096],[139.8192,35.70031],[139.81936,35.69815],[139.81941,35.6975],[139.81945,35.6969],[139.81946,35.69684],[139.81949,35.69632],[139.81974,35.69332],[139.81532,35.69308],[139.81527,35.69308],[139.81326,35.69297],[139.81332,35.6922],[139.81231,35.69214],[139.81136,35.69209],[139.81139,35.69186],[139.81157,35.69032],[139.81173,35.68877],[139.80938,35.68861],[139.80953,35.68717],[139.80955,35.68691],[139.80909,35.68689],[139.80817,35.68685],[139.80616,35.68675],[139.80483,35.68669],[139.80469,35.68835],[139.80337,35.6883],[139.80064,35.6882],[139.8006,35.6882],[139.79957,35.68993],[139.79931,35.68983],[139.79814,35.68928],[139.7967,35.68857],[139.79636,35.68991],[139.79613,35.6899],[139.79498,35.68981],[139.79493,35.6903],[139.79349,35.69018],[139.79343,35.69071],[139.79242,35.69066],[139.79264,35.69034],[139.79042,35.6892],[139.79208,35.68746],[139.79308,35.68611],[139.79311,35.68607],[139.79318,35.68509],[139.79303,35.68441],[139.79268,35.68337],[139.79231,35.68284],[139.79067,35.68105],[139.79069,35.68103]],[[139.82163,35.64704],[139.82142,35.64707],[139.82123,35.64715],[139.82108,35.64712],[139.82087,35.64831],[139.81755,35.64799],[139.81706,35.65139],[139.81706,35.65142],[139.81691,35.65249],[139.81823,35.6526],[139.81691,35.65251],[139.81688,35.65273],[139.81683,35.65308],[139.81681,35.65321],[139.81675,35.65358],[139.81671,35.6539],[139.81668,35.65413],[139.81571,35.65404],[139.815,35.65397],[139.81194,35.65367],[139.81166,35.65367],[139.81153,35.65459],[139.81297,35.65473],[139.81305,35.65507],[139.81359,35.65513],[139.81374,35.65481],[139.81443,35.65498],[139.81469,35.65523],[139.8149,35.65523],[139.81506,35.65525],[139.81536,35.655],[139.81615,35.65505],[139.82039,35.65544],[139.82031,35.65718],[139.82111,35.65718],[139.82118,35.65567],[139.82144,35.65553],[139.82378,35.65576],[139.82396,35.65424],[139.82216,35.65411],[139.8213,35.65333],[139.82211,35.64712],[139.82163,35.64704]],[[139.82219,35.64648],[139.82548,35.64681],[139.82998,35.64726],[139.82219,35.64648]],[[139.79574,35.67898],[139.79541,35.67847],[139.79573,35.67898],[139.79574,35.67898]],[[139.80639,35.68418],[139.80642,35.68389],[139.80638,35.68418],[139.80639,35.68418]],[[139.79356,35.67446],[139.79357,35.67446],[139.79357,35.67441],[139.79356,35.67446]],[[139.79241,35.67144],[139.79242,35.67144],[139.792,35.67132],[139.79241,35.67144]],[[139.80243,35.665],[139.80244,35.66496],[139.80283,35.66496],[139.80525,35.66497],[139.80814,35.66491],[139.80848,35.66495],[139.80858,35.66515],[139.80877,35.66503],[139.81372,35.6655],[139.81549,35.66556],[139.81714,35.66566],[139.81752,35.66569],[139.81829,35.66573],[139.81972,35.66582],[139.82045,35.6658],[139.82065,35.66582],[139.82073,35.66266],[139.82078,35.66205],[139.8209,35.66185],[139.82096,35.66134],[139.82106,35.65834],[139.8211,35.65756],[139.82029,35.65752],[139.8202,35.65945],[139.8201,35.66133],[139.81723,35.66103],[139.8165,35.66083],[139.81641,35.66077],[139.81622,35.66064],[139.81385,35.65909],[139.81028,35.65674],[139.80991,35.65709],[139.80997,35.65713],[139.81158,35.6582],[139.81175,35.65832],[139.81312,35.65922],[139.81327,35.65932],[139.81353,35.65949],[139.81397,35.65978],[139.8139,35.66075],[139.81194,35.66056],[139.81111,35.66053],[139.81112,35.66048],[139.80723,35.66009],[139.80713,35.66031],[139.80727,35.66032],[139.80715,35.66058],[139.80908,35.66077],[139.80939,35.66099],[139.81001,35.66105],[139.81028,35.66104],[139.81114,35.66114],[139.81453,35.66146],[139.81567,35.66157],[139.81934,35.66194],[139.82013,35.66207],[139.82026,35.66229],[139.82024,35.66334],[139.82024,35.66402],[139.82022,35.66536],[139.81997,35.66552],[139.818,35.66539],[139.81778,35.66537],[139.81636,35.66527],[139.81601,35.66525],[139.81532,35.6652],[139.81395,35.6651],[139.81394,35.66511],[139.81072,35.66479],[139.8102,35.66474],[139.80837,35.66458],[139.80549,35.66465],[139.80521,35.66484],[139.80501,35.66484],[139.80501,35.66464],[139.80376,35.66466],[139.803,35.66468],[139.80276,35.66486],[139.80272,35.66463],[139.80254,35.66439],[139.80239,35.66437],[139.80239,35.66446],[139.80219,35.66459],[139.80125,35.66397],[139.8006,35.66353],[139.799,35.66247],[139.79879,35.6627],[139.79959,35.66323],[139.8002,35.66361],[139.80108,35.6642],[139.80102,35.66425],[139.80163,35.66463],[139.80178,35.66466],[139.802,35.6648],[139.80243,35.665]],[[139.79867,35.66262],[139.79888,35.66241],[139.79817,35.66193],[139.79719,35.66126],[139.79874,35.6597],[139.79884,35.6596],[139.79912,35.65931],[139.79962,35.65881],[139.79995,35.65832],[139.8002,35.65827],[139.80141,35.65906],[139.80161,35.65888],[139.80175,35.65873],[139.80055,35.65791],[139.80096,35.6575],[139.80024,35.65703],[139.79947,35.65779],[139.79884,35.65842],[139.79644,35.66079],[139.79523,35.6617],[139.79512,35.66179],[139.79482,35.66202],[139.7944,35.66228],[139.79388,35.66267],[139.79364,35.66285],[139.79359,35.66289],[139.79443,35.66356],[139.79502,35.66315],[139.79578,35.66251],[139.796,35.66237],[139.79593,35.66231],[139.79687,35.6615],[139.79699,35.66149],[139.79867,35.66262]],[[139.80257,35.66421],[139.80274,35.66423],[139.80309,35.66189],[139.80294,35.66187],[139.8028,35.66186],[139.8025,35.66382],[139.80257,35.66421]],[[139.80298,35.66168],[139.80312,35.6617],[139.80331,35.66049],[139.80315,35.66044],[139.80299,35.66038],[139.80282,35.66166],[139.80298,35.66168]],[[139.80317,35.66037],[139.80332,35.66042],[139.80342,35.6602],[139.80377,35.65997],[139.8039,35.65999],[139.80387,35.66026],[139.80671,35.66053],[139.80681,35.66028],[139.80691,35.66029],[139.80686,35.66005],[139.80596,35.65996],[139.805,35.65986],[139.80447,35.65981],[139.80431,35.65977],[139.80365,35.65972],[139.80358,35.65953],[139.80344,35.65943],[139.80308,35.65957],[139.80298,35.65955],[139.80186,35.6588],[139.80172,35.65895],[139.80158,35.65915],[139.80303,35.66014],[139.80317,35.66037]],[[139.80744,35.65545],[139.80978,35.65701],[139.81014,35.65665],[139.80792,35.65518],[139.80878,35.65433],[139.81118,35.65456],[139.81139,35.65362],[139.81109,35.65359],[139.80842,35.65336],[139.80718,35.65324],[139.80689,35.65305],[139.80661,35.65287],[139.80595,35.65244],[139.80627,35.65033],[139.80509,35.65028],[139.80485,35.65197],[139.80426,35.65216],[139.80182,35.65055],[139.80113,35.65005],[139.8011,35.65007],[139.80044,35.65081],[139.80243,35.65214],[139.80296,35.6525],[139.80306,35.65242],[139.80313,35.6526],[139.80405,35.65322],[139.80326,35.654],[139.80271,35.65455],[139.80235,35.65493],[139.80189,35.65539],[139.80166,35.65558],[139.80149,35.65576],[139.80103,35.65622],[139.80063,35.65662],[139.80036,35.65689],[139.80107,35.6574],[139.80258,35.65589],[139.80361,35.65484],[139.80442,35.65403],[139.80457,35.65389],[139.80464,35.65382],[139.80478,35.65369],[139.80744,35.65545]],[[139.80631,35.64998],[139.80656,35.64822],[139.8083,35.6471],[139.80846,35.64588],[139.80822,35.64587],[139.80773,35.64572],[139.80732,35.64577],[139.80701,35.64598],[139.80633,35.64591],[139.80572,35.64584],[139.80514,35.6499],[139.80631,35.64998]],[[139.80644,35.64522],[139.80657,35.64522],[139.80719,35.64529],[139.80741,35.64555],[139.80788,35.64568],[139.80824,35.64562],[139.80854,35.64541],[139.80862,35.64501],[139.80858,35.64487],[139.80865,35.64451],[139.80877,35.64369],[139.80773,35.64336],[139.80774,35.64315],[139.80771,35.6431],[139.80681,35.64282],[139.80615,35.64262],[139.80585,35.64471],[139.80612,35.64498],[139.80645,35.64501],[139.80644,35.64522]],[[139.82001,35.68493],[139.8206,35.68504],[139.8206,35.68497],[139.82001,35.68493]],[[139.81004,35.67331],[139.81005,35.67331],[139.80979,35.67258],[139.81004,35.67331]],[[139.82666,35.68539],[139.82668,35.68539],[139.82601,35.68535],[139.82666,35.68539]],[[139.8442,35.69081],[139.84455,35.68971],[139.84425,35.69064],[139.8442,35.69081]],[[139.82746,35.67943],[139.82764,35.67925],[139.82743,35.67924],[139.82746,35.67943]],[[139.83892,35.68074],[139.83895,35.68032],[139.83889,35.68031],[139.83892,35.68074]],[[139.83567,35.67283],[139.83598,35.67335],[139.83635,35.67426],[139.83615,35.67361],[139.83567,35.67283]],[[139.83803,35.66666],[139.83799,35.66665],[139.83802,35.66667],[139.83803,35.66666]],[[139.8287,35.66808],[139.82867,35.66573],[139.82998,35.6653],[139.83038,35.66204],[139.82869,35.6619],[139.82874,35.66076],[139.82891,35.65636],[139.8291,35.65625],[139.82942,35.65616],[139.82941,35.65625],[139.82983,35.65618],[139.82992,35.6562],[139.83058,35.65625],[139.83077,35.65626],[139.83078,35.65639],[139.83173,35.65648],[139.83169,35.65581],[139.8317,35.65572],[139.83269,35.65525],[139.83445,35.65528],[139.83488,35.65519],[139.83487,35.6553],[139.83806,35.65538],[139.83811,35.65615],[139.83973,35.65572],[139.83958,35.65365],[139.83849,35.65258],[139.8385,35.65219],[139.83817,35.65233],[139.83757,35.65162],[139.83793,35.65135],[139.83769,35.65107],[139.83718,35.65054],[139.83475,35.65216],[139.83402,35.65208],[139.83357,35.65237],[139.83065,35.65207],[139.83013,35.65201],[139.83004,35.6525],[139.82911,35.65239],[139.82913,35.65195],[139.82608,35.65163],[139.82558,35.65434],[139.82548,35.65435],[139.82463,35.65429],[139.82444,35.65582],[139.8266,35.65601],[139.82665,35.6559],[139.8275,35.65597],[139.82817,35.65623],[139.82827,35.65634],[139.82823,35.65766],[139.82824,35.6582],[139.82818,35.65868],[139.82812,35.65985],[139.82807,35.66164],[139.82786,35.66184],[139.82453,35.66163],[139.8245,35.66211],[139.82799,35.66236],[139.82826,35.66244],[139.82835,35.66331],[139.82837,35.66548],[139.82821,35.66556],[139.82675,35.66562],[139.82677,35.66622],[139.82829,35.66617],[139.8284,35.66685],[139.82843,35.66807],[139.8287,35.66808]],[[139.83315,35.63954],[139.83322,35.64045],[139.82492,35.63967],[139.8262,35.64239],[139.82471,35.64227],[139.82484,35.64269],[139.82497,35.64314],[139.82873,35.64352],[139.83453,35.6441],[139.83413,35.6396],[139.83315,35.63954]],[[139.83312,35.63896],[139.83408,35.63899],[139.83378,35.63464],[139.83378,35.63456],[139.82521,35.63373],[139.82426,35.63365],[139.82354,35.63359],[139.82344,35.63398],[139.82337,35.63431],[139.82369,35.63434],[139.82554,35.63449],[139.82553,35.63461],[139.82567,35.63463],[139.82524,35.6372],[139.82737,35.6374],[139.83309,35.63795],[139.83312,35.63896]]],[[[139.8043,35.59761],[139.80622,35.59861],[139.80633,35.59866],[139.80841,35.59615],[139.80962,35.59467],[139.81101,35.59297],[139.81259,35.59103],[139.81362,35.58979],[139.8183,35.59234],[139.82014,35.59333],[139.82106,35.59383],[139.82474,35.5958],[139.827,35.59704],[139.8258,35.59889],[139.82497,35.60017],[139.82414,35.60146],[139.82297,35.60328],[139.8222,35.60447],[139.82149,35.60558],[139.82082,35.60661],[139.82057,35.60701],[139.82031,35.6074],[139.81958,35.60701],[139.81793,35.60611],[139.81615,35.60514],[139.8128,35.60331],[139.81056,35.6021],[139.80927,35.6014],[139.80722,35.60029],[139.80558,35.5994],[139.80608,35.5988],[139.80615,35.5987],[139.80512,35.59814],[139.80458,35.59783],[139.80384,35.59871],[139.79297,35.59281],[139.79375,35.59234],[139.79333,35.59203],[139.79364,35.59172],[139.79388,35.59189],[139.79429,35.59218],[139.79978,35.59516],[139.8043,35.59761]]],[[[139.81168,35.61297],[139.81145,35.61318],[139.81021,35.61355],[139.80994,35.61284],[139.8094,35.61352],[139.80831,35.61292],[139.80883,35.61224],[139.79994,35.60741],[139.79866,35.60672],[139.79837,35.60684],[139.79672,35.60471],[139.79589,35.60364],[139.79413,35.60115],[139.79116,35.59713],[139.79141,35.597],[139.79027,35.59545],[139.79068,35.59495],[139.79149,35.59395],[139.79145,35.5939],[139.79095,35.59308],[139.79063,35.59242],[139.79103,35.59308],[139.79151,35.59387],[139.79248,35.59443],[139.79609,35.59639],[139.79794,35.5974],[139.79884,35.5979],[139.80018,35.59869],[139.80058,35.59819],[139.80071,35.59805],[139.80229,35.59887],[139.80474,35.60022],[139.80424,35.60089],[139.80525,35.60144],[139.80645,35.6021],[139.80866,35.60328],[139.80978,35.60389],[139.81196,35.60508],[139.81364,35.60599],[139.81538,35.60694],[139.81787,35.6083],[139.81868,35.60874],[139.81931,35.60878],[139.82465,35.60984],[139.8245,35.61022],[139.81954,35.60929],[139.8185,35.60911],[139.818,35.60937],[139.81611,35.61034],[139.81467,35.61108],[139.8144,35.61122],[139.81458,35.61147],[139.81346,35.61205],[139.81168,35.61297]]]]}},{"type":"Feature","properties":{"nm":"品川区","b":[139.6952,35.5848,139.7736,35.6416],"c":[139.72495,35.61155]},"geometry":{"type":"MultiPolygon","coordinates":[[[[139.73035,35.59209],[139.72989,35.5913],[139.72952,35.59061],[139.72936,35.59011],[139.72915,35.58962],[139.72987,35.58947],[139.72941,35.58858],[139.72941,35.58829],[139.72993,35.58725],[139.73051,35.58727],[139.73136,35.58729],[139.73215,35.58732],[139.73227,35.58733],[139.73339,35.58736],[139.73555,35.58724],[139.7358,35.58723],[139.73584,35.58793],[139.73692,35.588],[139.73704,35.58801],[139.73715,35.58801],[139.73923,35.58858],[139.73986,35.5887],[139.74398,35.5899],[139.74429,35.59004],[139.74636,35.59067],[139.74663,35.59114],[139.74674,35.5922],[139.74708,35.59217],[139.74713,35.59294],[139.74707,35.59364],[139.74716,35.59558],[139.74712,35.59579],[139.74717,35.59603],[139.74732,35.59777],[139.74754,35.60009],[139.74755,35.60031],[139.74755,35.60121],[139.74765,35.6015],[139.7478,35.60185],[139.74724,35.60201],[139.74577,35.60209],[139.74426,35.60226],[139.74368,35.60199],[139.7433,35.60128],[139.74302,35.60078],[139.74238,35.59847],[139.74238,35.59821],[139.74187,35.59643],[139.74198,35.59631],[139.74137,35.59645],[139.74103,35.59654],[139.74087,35.5968],[139.74146,35.59705],[139.7416,35.59752],[139.74164,35.59768],[139.74164,35.59778],[139.74134,35.59781],[139.74128,35.59827],[139.74128,35.59837],[139.74155,35.59954],[139.74206,35.6007],[139.74234,35.60103],[139.7428,35.60184],[139.74323,35.6026],[139.74346,35.60295],[139.74391,35.60294],[139.74789,35.60265],[139.74867,35.60342],[139.75021,35.60572],[139.7505,35.60633],[139.75065,35.60737],[139.75037,35.60737],[139.75079,35.61166],[139.75094,35.61306],[139.7513,35.61656],[139.75147,35.61832],[139.75081,35.61815],[139.75059,35.61806],[139.74935,35.61775],[139.74887,35.6175],[139.74837,35.6175],[139.74829,35.61785],[139.74656,35.62148],[139.74664,35.62151],[139.74616,35.62252],[139.74606,35.62273],[139.74532,35.62287],[139.74505,35.62299],[139.74348,35.62318],[139.74338,35.6232],[139.7425,35.62277],[139.74242,35.62268],[139.74224,35.62259],[139.74211,35.62255],[139.74192,35.62242],[139.74136,35.62201],[139.74128,35.62204],[139.7412,35.62205],[139.74116,35.62219],[139.74114,35.62235],[139.74108,35.6224],[139.74109,35.62249],[139.74254,35.62331],[139.74334,35.62375],[139.74404,35.62376],[139.74347,35.62516],[139.74288,35.62512],[139.73958,35.62467],[139.73978,35.62437],[139.73945,35.62433],[139.73925,35.62464],[139.73896,35.62461],[139.73881,35.62461],[139.73819,35.62486],[139.73799,35.62471],[139.73814,35.62402],[139.73806,35.62374],[139.73739,35.6236],[139.73743,35.62325],[139.73527,35.62314],[139.73472,35.62451],[139.73379,35.62597],[139.73221,35.62602],[139.7323,35.62575],[139.73191,35.62546],[139.73127,35.62559],[139.73113,35.62591],[139.73171,35.6261],[139.73115,35.6266],[139.73087,35.62667],[139.73089,35.62699],[139.73118,35.62708],[139.73116,35.62714],[139.73109,35.62719],[139.73104,35.62727],[139.73098,35.6274],[139.73098,35.6275],[139.73093,35.62764],[139.73122,35.62765],[139.73133,35.62765],[139.73145,35.62859],[139.73111,35.62928],[139.73101,35.63012],[139.73023,35.63079],[139.72976,35.63116],[139.72967,35.63123],[139.72936,35.63152],[139.72903,35.63131],[139.72825,35.63175],[139.72826,35.6323],[139.72872,35.63291],[139.72804,35.63317],[139.72748,35.63182],[139.72673,35.63228],[139.72666,35.6326],[139.72632,35.63292],[139.7268,35.63418],[139.72628,35.63484],[139.72567,35.63509],[139.72407,35.63538],[139.72207,35.63582],[139.72213,35.63537],[139.72165,35.63551],[139.72143,35.63504],[139.72131,35.63517],[139.72042,35.6348],[139.72049,35.63462],[139.71971,35.63447],[139.71957,35.63464],[139.71952,35.63469],[139.71927,35.63498],[139.71935,35.63534],[139.71794,35.63524],[139.71802,35.6349],[139.71777,35.63478],[139.71738,35.63509],[139.71731,35.63543],[139.7179,35.63597],[139.71727,35.63819],[139.71701,35.63815],[139.71662,35.63872],[139.71691,35.63884],[139.71697,35.6397],[139.71677,35.63994],[139.71795,35.64001],[139.71778,35.64073],[139.71943,35.64115],[139.71929,35.64156],[139.71907,35.64157],[139.71774,35.64159],[139.71775,35.64132],[139.71654,35.64105],[139.71594,35.64071],[139.71553,35.64063],[139.7152,35.64024],[139.71473,35.63915],[139.71427,35.63839],[139.71392,35.63809],[139.71366,35.63801],[139.71364,35.63801],[139.71354,35.63799],[139.71352,35.63799],[139.71358,35.6379],[139.71352,35.63778],[139.71361,35.63767],[139.71359,35.63764],[139.7133,35.6375],[139.7135,35.63708],[139.71366,35.63635],[139.71373,35.63599],[139.71361,35.63585],[139.7138,35.63567],[139.71387,35.6353],[139.71425,35.63457],[139.71471,35.63438],[139.71452,35.6339],[139.71444,35.63389],[139.71436,35.63369],[139.71441,35.63296],[139.714,35.6331],[139.71425,35.63251],[139.71444,35.63256],[139.71461,35.63214],[139.71442,35.63184],[139.71453,35.63147],[139.71527,35.6299],[139.71439,35.62943],[139.71453,35.62921],[139.71234,35.62827],[139.7123,35.62825],[139.71182,35.62805],[139.71191,35.62782],[139.71001,35.62686],[139.70899,35.62641],[139.70811,35.62613],[139.70772,35.62614],[139.70735,35.62559],[139.70654,35.62546],[139.70636,35.62557],[139.70475,35.62507],[139.70401,35.62479],[139.70371,35.62531],[139.70352,35.62516],[139.70249,35.62484],[139.7023,35.62555],[139.7017,35.62594],[139.70054,35.62611],[139.69961,35.62578],[139.69887,35.6257],[139.69816,35.62543],[139.69796,35.62521],[139.69708,35.62522],[139.69631,35.62493],[139.69702,35.62468],[139.69801,35.62457],[139.69835,35.62431],[139.69998,35.62382],[139.70096,35.62363],[139.70164,35.6233],[139.70244,35.62275],[139.70394,35.62203],[139.70404,35.62196],[139.70386,35.62167],[139.70308,35.62167],[139.7031,35.6216],[139.70298,35.62162],[139.70288,35.62138],[139.70234,35.62027],[139.70228,35.62021],[139.70075,35.61849],[139.6996,35.6172],[139.69998,35.61704],[139.69903,35.61604],[139.69854,35.61556],[139.69839,35.61535],[139.6975,35.61469],[139.69724,35.61492],[139.69639,35.61437],[139.69577,35.61362],[139.6956,35.61248],[139.69557,35.61198],[139.69575,35.61187],[139.69597,35.61077],[139.69588,35.60963],[139.69563,35.6096],[139.69568,35.60851],[139.6956,35.60814],[139.6952,35.6081],[139.69541,35.60752],[139.69628,35.60604],[139.69728,35.60472],[139.69802,35.60407],[139.69798,35.60404],[139.69831,35.60374],[139.69905,35.60307],[139.70023,35.60222],[139.70093,35.60161],[139.70134,35.60159],[139.70224,35.60154],[139.70262,35.60152],[139.7034,35.60148],[139.70579,35.60131],[139.70583,35.60126],[139.70689,35.60118],[139.70803,35.60111],[139.70908,35.6011],[139.70993,35.60098],[139.71261,35.60074],[139.71337,35.60052],[139.71486,35.59991],[139.71462,35.59918],[139.71412,35.59917],[139.71408,35.59884],[139.71448,35.59813],[139.7145,35.59742],[139.71496,35.59717],[139.71583,35.5969],[139.71673,35.59683],[139.71756,35.5965],[139.71727,35.59587],[139.71761,35.59547],[139.71773,35.59535],[139.7179,35.59517],[139.71786,35.59488],[139.71774,35.59472],[139.71817,35.59472],[139.71821,35.59426],[139.71846,35.59377],[139.71903,35.59294],[139.71911,35.59252],[139.71893,35.59223],[139.71918,35.59204],[139.7203,35.59266],[139.72027,35.59309],[139.72049,35.59338],[139.72059,35.59354],[139.72097,35.59444],[139.72203,35.5945],[139.72272,35.59441],[139.72457,35.59437],[139.7265,35.59435],[139.72654,35.59414],[139.72722,35.59427],[139.72764,35.59442],[139.72804,35.59456],[139.72819,35.59429],[139.72829,35.59424],[139.72881,35.59401],[139.72896,35.59371],[139.72916,35.59272],[139.72937,35.59265],[139.73035,35.59209]],[[139.7306,35.59907],[139.73059,35.59851],[139.7306,35.59909],[139.7306,35.59907]],[[139.72978,35.59681],[139.72976,35.5967],[139.72959,35.59669],[139.72978,35.59681]],[[139.72506,35.59755],[139.725,35.59778],[139.72509,35.59778],[139.72506,35.59755]],[[139.72012,35.59785],[139.71987,35.59772],[139.71997,35.59792],[139.72012,35.59785]]],[[[139.74963,35.62429],[139.74941,35.6242],[139.74935,35.62418],[139.7488,35.62388],[139.7484,35.62359],[139.7473,35.62316],[139.74689,35.62305],[139.74788,35.6209],[139.74865,35.61914],[139.74837,35.61906],[139.74881,35.61906],[139.74908,35.61848],[139.74926,35.61841],[139.75089,35.61884],[139.75144,35.61894],[139.75159,35.62129],[139.75213,35.62152],[139.75217,35.62215],[139.75164,35.62218],[139.75174,35.62379],[139.75166,35.62383],[139.7518,35.62475],[139.75016,35.62449],[139.74963,35.62429]]],[[[139.75345,35.62408],[139.75338,35.62341],[139.75325,35.62212],[139.75291,35.62214],[139.75288,35.62176],[139.75286,35.62142],[139.75319,35.62142],[139.753,35.61899],[139.75924,35.61895],[139.75928,35.61899],[139.75932,35.61927],[139.75973,35.61936],[139.7595,35.62597],[139.7594,35.62771],[139.75925,35.6278],[139.75746,35.62779],[139.75762,35.62417],[139.75345,35.62408]]],[[[139.75194,35.6055],[139.75178,35.60485],[139.75175,35.60472],[139.7508,35.6033],[139.74911,35.60078],[139.74909,35.60021],[139.74903,35.6002],[139.74889,35.59833],[139.74882,35.59757],[139.74876,35.59677],[139.74866,35.59575],[139.74897,35.59583],[139.74893,35.59564],[139.74877,35.59203],[139.75061,35.59187],[139.75031,35.58949],[139.74979,35.58942],[139.74951,35.58915],[139.75051,35.58946],[139.75054,35.5897],[139.75493,35.58971],[139.75527,35.58971],[139.75528,35.58576],[139.75535,35.58497],[139.75568,35.58484],[139.76283,35.58508],[139.76271,35.58705],[139.76236,35.59489],[139.76544,35.59473],[139.7671,35.5925],[139.76737,35.59263],[139.7728,35.59536],[139.77113,35.59758],[139.76756,35.60235],[139.7631,35.60833],[139.76363,35.60858],[139.76351,35.609],[139.76371,35.60906],[139.76269,35.61201],[139.76283,35.61201],[139.76194,35.61461],[139.76133,35.61456],[139.76029,35.61575],[139.75879,35.6169],[139.75806,35.61758],[139.75743,35.61766],[139.75743,35.61696],[139.75634,35.61698],[139.75621,35.61769],[139.75303,35.61763],[139.75294,35.6167],[139.75243,35.61157],[139.75194,35.6055]]],[[[139.76881,35.62648],[139.76759,35.62582],[139.76768,35.62205],[139.76819,35.62152],[139.76831,35.62159],[139.76862,35.62134],[139.76845,35.62119],[139.77065,35.61871],[139.7736,35.62033],[139.77344,35.62054],[139.77108,35.62352],[139.77114,35.62356],[139.7698,35.62524],[139.76881,35.62648]]]]}},{"type":"Feature","properties":{"nm":"目黒区","b":[139.6616,35.6006,139.7177,35.6642],"c":[139.68818,35.62993]},"geometry":{"type":"Polygon","coordinates":[[[139.69058,35.65706],[139.69004,35.65779],[139.68946,35.65845],[139.68902,35.65873],[139.68852,35.65972],[139.68821,35.66],[139.68836,35.66018],[139.688,35.66107],[139.68778,35.66124],[139.6868,35.66201],[139.68577,35.66227],[139.68583,35.66246],[139.68405,35.66308],[139.68267,35.66305],[139.68192,35.66325],[139.68169,35.66336],[139.68098,35.66365],[139.6806,35.66381],[139.67954,35.66403],[139.67769,35.66413],[139.67512,35.66403],[139.67487,35.66416],[139.67474,35.66397],[139.67563,35.66324],[139.67593,35.66276],[139.67617,35.66193],[139.67662,35.65993],[139.67765,35.65984],[139.67778,35.65968],[139.67786,35.65954],[139.67818,35.65897],[139.6787,35.65827],[139.67928,35.65747],[139.67953,35.65709],[139.68016,35.65672],[139.68055,35.6566],[139.68058,35.65568],[139.68176,35.65559],[139.68183,35.65452],[139.68287,35.65455],[139.68312,35.6544],[139.68294,35.65412],[139.68297,35.65304],[139.68314,35.65294],[139.68407,35.65296],[139.68407,35.65285],[139.68251,35.65275],[139.68237,35.65221],[139.68439,35.6516],[139.68458,35.65136],[139.68457,35.65066],[139.68453,35.65053],[139.68406,35.64928],[139.68407,35.64898],[139.68453,35.64681],[139.68448,35.64675],[139.68442,35.64603],[139.68494,35.64621],[139.68555,35.64498],[139.68424,35.64455],[139.68492,35.64286],[139.68429,35.64253],[139.68471,35.64253],[139.68515,35.64136],[139.68539,35.64136],[139.68583,35.64071],[139.68585,35.64012],[139.68602,35.63986],[139.68601,35.63961],[139.6866,35.63938],[139.6862,35.63796],[139.68531,35.63646],[139.68453,35.63517],[139.68414,35.63423],[139.68381,35.63375],[139.68368,35.63356],[139.68289,35.63249],[139.68206,35.63134],[139.68125,35.62995],[139.6809,35.62899],[139.68044,35.62797],[139.67958,35.62598],[139.67944,35.62526],[139.6794,35.62504],[139.6783,35.6253],[139.6772,35.62694],[139.67658,35.62748],[139.67491,35.62842],[139.67278,35.62949],[139.67251,35.62965],[139.67239,35.62972],[139.67003,35.63052],[139.66968,35.63063],[139.66874,35.63086],[139.66773,35.63126],[139.66715,35.63133],[139.6652,35.63182],[139.66462,35.63199],[139.66353,35.6321],[139.66161,35.63195],[139.66249,35.63029],[139.66216,35.62901],[139.66218,35.62886],[139.66201,35.62804],[139.66184,35.62796],[139.66268,35.62746],[139.66292,35.62729],[139.66313,35.62727],[139.66356,35.62669],[139.66367,35.62639],[139.66385,35.62527],[139.66392,35.62485],[139.66378,35.62449],[139.6639,35.62427],[139.66432,35.62354],[139.66463,35.62305],[139.66517,35.62259],[139.66548,35.62225],[139.66556,35.62206],[139.66592,35.62191],[139.66591,35.62166],[139.66577,35.62154],[139.66602,35.62137],[139.66636,35.62083],[139.66586,35.62085],[139.66572,35.6204],[139.66586,35.62006],[139.66628,35.6192],[139.66639,35.61858],[139.6648,35.61838],[139.66438,35.61743],[139.66474,35.61683],[139.66451,35.6167],[139.66452,35.61667],[139.66455,35.61657],[139.66401,35.61618],[139.66406,35.61586],[139.66362,35.61576],[139.66334,35.61565],[139.66321,35.61505],[139.66307,35.61506],[139.66284,35.61386],[139.66265,35.61253],[139.66333,35.61253],[139.66267,35.61207],[139.66284,35.6118],[139.66348,35.61177],[139.66318,35.61124],[139.66331,35.61056],[139.66401,35.60986],[139.66402,35.60965],[139.66351,35.60976],[139.66342,35.60951],[139.66326,35.60927],[139.66305,35.60919],[139.66345,35.60897],[139.66331,35.60852],[139.66359,35.60835],[139.6654,35.60726],[139.66699,35.60674],[139.66811,35.60654],[139.66886,35.60665],[139.67095,35.60737],[139.67133,35.60752],[139.67135,35.60781],[139.67161,35.60763],[139.67194,35.60771],[139.67279,35.60797],[139.67327,35.6082],[139.6742,35.60819],[139.67578,35.60843],[139.6769,35.60816],[139.67841,35.60676],[139.67882,35.6062],[139.67937,35.60569],[139.67947,35.60549],[139.67974,35.60355],[139.67997,35.60313],[139.68018,35.60314],[139.68028,35.60201],[139.68022,35.60174],[139.68027,35.60061],[139.68035,35.6006],[139.68115,35.60066],[139.68077,35.60111],[139.68069,35.60138],[139.68068,35.60161],[139.68081,35.60269],[139.68082,35.60321],[139.68068,35.60416],[139.68224,35.60424],[139.68221,35.60405],[139.68289,35.60402],[139.68263,35.60365],[139.68302,35.60263],[139.68343,35.60243],[139.6843,35.60225],[139.68474,35.6049],[139.6851,35.60693],[139.68509,35.60728],[139.68477,35.60782],[139.68484,35.60907],[139.68476,35.60976],[139.68458,35.61026],[139.68456,35.61075],[139.68423,35.61309],[139.6844,35.61303],[139.68451,35.61294],[139.68458,35.61287],[139.68509,35.61232],[139.68585,35.61179],[139.68696,35.61165],[139.68781,35.61135],[139.6886,35.61123],[139.68975,35.61127],[139.69021,35.61119],[139.6914,35.61109],[139.69345,35.60962],[139.69355,35.60969],[139.69423,35.6092],[139.69497,35.60846],[139.6952,35.6081],[139.6956,35.60814],[139.69568,35.60851],[139.69563,35.6096],[139.69588,35.60963],[139.69597,35.61077],[139.69575,35.61187],[139.69557,35.61198],[139.6956,35.61248],[139.69577,35.61362],[139.69639,35.61437],[139.69724,35.61492],[139.6975,35.61469],[139.69839,35.61535],[139.69854,35.61556],[139.69903,35.61604],[139.69998,35.61704],[139.6996,35.6172],[139.70075,35.61849],[139.70228,35.62021],[139.70234,35.62027],[139.70288,35.62138],[139.70298,35.62162],[139.7031,35.6216],[139.70308,35.62167],[139.70386,35.62167],[139.70404,35.62196],[139.70394,35.62203],[139.70244,35.62275],[139.70164,35.6233],[139.70096,35.62363],[139.69998,35.62382],[139.69835,35.62431],[139.69801,35.62457],[139.69702,35.62468],[139.69631,35.62493],[139.69708,35.62522],[139.69796,35.62521],[139.69816,35.62543],[139.69887,35.6257],[139.69961,35.62578],[139.70054,35.62611],[139.7017,35.62594],[139.7023,35.62555],[139.70249,35.62484],[139.70352,35.62516],[139.70371,35.62531],[139.70401,35.62479],[139.70475,35.62507],[139.70636,35.62557],[139.70654,35.62546],[139.70735,35.62559],[139.70772,35.62614],[139.70811,35.62613],[139.70899,35.62641],[139.71001,35.62686],[139.71191,35.62782],[139.71182,35.62805],[139.7123,35.62825],[139.71234,35.62827],[139.71453,35.62921],[139.71439,35.62943],[139.71527,35.6299],[139.71453,35.63147],[139.71442,35.63184],[139.71461,35.63214],[139.71444,35.63256],[139.71425,35.63251],[139.714,35.6331],[139.71441,35.63296],[139.71436,35.63369],[139.71444,35.63389],[139.71452,35.6339],[139.71471,35.63438],[139.71425,35.63457],[139.71387,35.6353],[139.7138,35.63567],[139.71361,35.63585],[139.71373,35.63599],[139.71366,35.63635],[139.7135,35.63708],[139.7133,35.6375],[139.71359,35.63764],[139.71361,35.63767],[139.71352,35.63778],[139.71358,35.6379],[139.71352,35.63799],[139.71354,35.63799],[139.71364,35.63801],[139.71366,35.63801],[139.71392,35.63809],[139.71427,35.63839],[139.71473,35.63915],[139.7152,35.64024],[139.71553,35.64063],[139.71594,35.64071],[139.71654,35.64105],[139.71775,35.64132],[139.71774,35.64159],[139.71676,35.64175],[139.7157,35.64254],[139.71512,35.64246],[139.71504,35.6422],[139.71464,35.6422],[139.71444,35.64243],[139.71358,35.64239],[139.71383,35.64219],[139.71362,35.64186],[139.7131,35.64219],[139.71311,35.64236],[139.71232,35.64233],[139.71161,35.64224],[139.71048,35.64201],[139.7102,35.64168],[139.70891,35.64207],[139.70839,35.64235],[139.7074,35.64306],[139.70691,35.64342],[139.70531,35.64434],[139.70525,35.64443],[139.70426,35.64501],[139.70291,35.64603],[139.70234,35.64633],[139.70215,35.6464],[139.70212,35.64644],[139.70202,35.64662],[139.70151,35.64702],[139.7002,35.64733],[139.7001,35.64758],[139.6996,35.64786],[139.6998,35.64812],[139.69892,35.64853],[139.69909,35.6488],[139.69822,35.64942],[139.69688,35.65061],[139.69616,35.65095],[139.69547,35.6516],[139.69569,35.65175],[139.69417,35.6531],[139.69392,35.65333],[139.69342,35.65379],[139.69337,35.65383],[139.69297,35.65422],[139.69204,35.65542],[139.69182,35.65552],[139.6909,35.65665],[139.69074,35.65678],[139.69075,35.65682],[139.69058,35.65706]],[[139.69008,35.65536],[139.69005,35.65532],[139.68962,35.65541],[139.69008,35.65536]],[[139.68945,35.65254],[139.68857,35.65227],[139.68945,35.65256],[139.68945,35.65254]],[[139.69758,35.63825],[139.69758,35.63824],[139.6975,35.63818],[139.69758,35.63825]],[[139.70344,35.63539],[139.70338,35.63535],[139.70265,35.63574],[139.70344,35.63539]],[[139.68832,35.61769],[139.68824,35.61765],[139.68828,35.61776],[139.68832,35.61769]],[[139.68222,35.61759],[139.6822,35.61763],[139.68285,35.61793],[139.68222,35.61759]],[[139.68015,35.60613],[139.68015,35.60622],[139.68017,35.60622],[139.68015,35.60613]],[[139.66714,35.6205],[139.66626,35.6202],[139.66787,35.62075],[139.66714,35.6205]]]}},{"type":"Feature","properties":{"nm":"大田区","b":[139.6528,35.5209,139.8259,35.6131],"c":[139.7299,35.56667]},"geometry":{"type":"MultiPolygon","coordinates":[[[[139.74282,35.57572],[139.74459,35.57588],[139.74513,35.57527],[139.74568,35.57516],[139.74635,35.57514],[139.74735,35.57541],[139.74779,35.57554],[139.74804,35.57516],[139.74822,35.57476],[139.74643,35.57425],[139.74575,35.57359],[139.74545,35.57102],[139.74698,35.56996],[139.7464,35.56953],[139.74713,35.56985],[139.74842,35.56892],[139.75047,35.56743],[139.75685,35.56892],[139.75656,35.56958],[139.75615,35.57042],[139.7549,35.57289],[139.75513,35.57278],[139.75524,35.57273],[139.75543,35.57265],[139.75579,35.57254],[139.7562,35.57245],[139.75651,35.57242],[139.75726,35.57241],[139.75711,35.5715],[139.75846,35.56844],[139.7656,35.56489],[139.76581,35.56515],[139.76616,35.56539],[139.77232,35.5728],[139.77411,35.57499],[139.76644,35.57501],[139.76433,35.57501],[139.76427,35.57458],[139.75911,35.57455],[139.75877,35.57588],[139.75846,35.57586],[139.75883,35.57453],[139.75808,35.57453],[139.75773,35.57586],[139.75745,35.57585],[139.75783,35.5745],[139.75759,35.57446],[139.75728,35.57253],[139.75636,35.57256],[139.75572,35.57269],[139.75538,35.57281],[139.75522,35.57289],[139.75515,35.57293],[139.75497,35.57304],[139.75489,35.5731],[139.75472,35.57329],[139.75403,35.57459],[139.75266,35.57568],[139.75187,35.57542],[139.75112,35.57521],[139.75069,35.57509],[139.75049,35.57539],[139.74869,35.57491],[139.74851,35.57529],[139.74835,35.57567],[139.75024,35.57622],[139.75016,35.57653],[139.75158,35.5772],[139.75181,35.57729],[139.75235,35.57884],[139.75051,35.58273],[139.75137,35.58301],[139.75111,35.58346],[139.75029,35.58323],[139.74949,35.58486],[139.74921,35.58545],[139.75008,35.58575],[139.74994,35.58602],[139.7491,35.58571],[139.74866,35.58669],[139.74782,35.58851],[139.74762,35.5888],[139.74606,35.5896],[139.74163,35.58829],[139.74016,35.5879],[139.73927,35.58766],[139.73885,35.58728],[139.73932,35.58492],[139.73956,35.58378],[139.73798,35.58362],[139.73775,35.58402],[139.73757,35.58529],[139.73771,35.58535],[139.7375,35.58586],[139.73742,35.58631],[139.73704,35.58801],[139.73692,35.588],[139.73584,35.58793],[139.7358,35.58723],[139.73555,35.58724],[139.73339,35.58736],[139.73227,35.58733],[139.73215,35.58732],[139.73136,35.58729],[139.73051,35.58727],[139.72993,35.58725],[139.72941,35.58829],[139.72941,35.58858],[139.72987,35.58947],[139.72915,35.58962],[139.72936,35.59011],[139.72952,35.59061],[139.72989,35.5913],[139.73035,35.59209],[139.72937,35.59265],[139.72916,35.59272],[139.72896,35.59371],[139.72881,35.59401],[139.72829,35.59424],[139.72819,35.59429],[139.72804,35.59456],[139.72764,35.59442],[139.72722,35.59427],[139.72654,35.59414],[139.7265,35.59435],[139.72457,35.59437],[139.72272,35.59441],[139.72203,35.5945],[139.72097,35.59444],[139.72059,35.59354],[139.72049,35.59338],[139.72027,35.59309],[139.7203,35.59266],[139.71918,35.59204],[139.71893,35.59223],[139.71911,35.59252],[139.71903,35.59294],[139.71846,35.59377],[139.71821,35.59426],[139.71817,35.59472],[139.71774,35.59472],[139.71786,35.59488],[139.7179,35.59517],[139.71773,35.59535],[139.71761,35.59547],[139.71727,35.59587],[139.71756,35.5965],[139.71673,35.59683],[139.71583,35.5969],[139.71496,35.59717],[139.7145,35.59742],[139.71448,35.59813],[139.71408,35.59884],[139.71412,35.59917],[139.71462,35.59918],[139.71486,35.59991],[139.71337,35.60052],[139.71261,35.60074],[139.70993,35.60098],[139.70908,35.6011],[139.70803,35.60111],[139.70689,35.60118],[139.70583,35.60126],[139.70579,35.60131],[139.7034,35.60148],[139.70262,35.60152],[139.70224,35.60154],[139.70134,35.60159],[139.70093,35.60161],[139.70023,35.60222],[139.69905,35.60307],[139.69831,35.60374],[139.69798,35.60404],[139.69802,35.60407],[139.69728,35.60472],[139.69628,35.60604],[139.69541,35.60752],[139.6952,35.6081],[139.69497,35.60846],[139.69423,35.6092],[139.69355,35.60969],[139.69345,35.60962],[139.6914,35.61109],[139.69021,35.61119],[139.68975,35.61127],[139.6886,35.61123],[139.68781,35.61135],[139.68696,35.61165],[139.68585,35.61179],[139.68509,35.61232],[139.68458,35.61287],[139.68451,35.61294],[139.6844,35.61303],[139.68423,35.61309],[139.68456,35.61075],[139.68458,35.61026],[139.68476,35.60976],[139.68484,35.60907],[139.68477,35.60782],[139.68509,35.60728],[139.6851,35.60693],[139.68474,35.6049],[139.6843,35.60225],[139.68343,35.60243],[139.68302,35.60263],[139.68263,35.60365],[139.68289,35.60402],[139.68221,35.60405],[139.68224,35.60424],[139.68068,35.60416],[139.68082,35.60321],[139.68081,35.60269],[139.68068,35.60161],[139.68069,35.60138],[139.68077,35.60111],[139.68115,35.60066],[139.68035,35.6006],[139.68035,35.59946],[139.68025,35.59899],[139.68062,35.59899],[139.68067,35.59873],[139.68105,35.59872],[139.68112,35.59821],[139.68023,35.5981],[139.68079,35.59784],[139.6805,35.59752],[139.68086,35.59664],[139.68078,35.59601],[139.68084,35.59505],[139.68059,35.59466],[139.67927,35.59374],[139.67862,35.59337],[139.67761,35.59268],[139.67598,35.59173],[139.67532,35.59267],[139.67472,35.59355],[139.67479,35.59358],[139.67374,35.59506],[139.67237,35.59637],[139.67022,35.59884],[139.66986,35.59922],[139.66909,35.59858],[139.66894,35.59821],[139.66832,35.59851],[139.66837,35.59873],[139.66745,35.59885],[139.66713,35.59888],[139.6672,35.59952],[139.66579,35.59926],[139.66503,35.59873],[139.66448,35.59918],[139.66431,35.59947],[139.66413,35.59977],[139.66379,35.59948],[139.66326,35.59885],[139.66267,35.5986],[139.66119,35.59951],[139.66091,35.5995],[139.66046,35.59976],[139.6593,35.6],[139.65927,35.59985],[139.65883,35.5995],[139.65823,35.59931],[139.65804,35.59909],[139.65747,35.59899],[139.65746,35.59852],[139.65624,35.59789],[139.6566,35.59749],[139.65611,35.59731],[139.6556,35.59646],[139.65362,35.59728],[139.65282,35.59599],[139.6539,35.59542],[139.6544,35.59508],[139.65429,35.5949],[139.65485,35.59467],[139.65496,35.59485],[139.65553,35.59461],[139.6554,35.5944],[139.65597,35.59416],[139.6561,35.59437],[139.6567,35.59412],[139.65753,35.59377],[139.6582,35.59345],[139.6581,35.59315],[139.65783,35.59315],[139.6572,35.59342],[139.65698,35.59322],[139.65657,35.59238],[139.65595,35.59117],[139.65528,35.59014],[139.65642,35.58962],[139.65875,35.59007],[139.65917,35.58994],[139.65934,35.58962],[139.66037,35.58953],[139.6605,35.58992],[139.66273,35.59005],[139.66381,35.58999],[139.66446,35.58972],[139.66519,35.5892],[139.66834,35.58599],[139.66888,35.58535],[139.66934,35.58428],[139.67003,35.58151],[139.67036,35.58037],[139.67112,35.57807],[139.67179,35.57635],[139.67275,35.5743],[139.67356,35.57289],[139.67407,35.57198],[139.67482,35.57051],[139.67584,35.56812],[139.67617,35.56644],[139.6765,35.56557],[139.6769,35.56475],[139.67747,35.56396],[139.67914,35.56247],[139.6799,35.56206],[139.68471,35.56011],[139.68668,35.55901],[139.69006,35.5568],[139.69123,35.55639],[139.69257,35.55613],[139.69427,35.55605],[139.69602,35.55608],[139.69725,35.55586],[139.69775,35.55571],[139.70153,35.55409],[139.70221,35.55371],[139.70288,35.55317],[139.70348,35.55244],[139.70383,35.55176],[139.70393,35.5506],[139.70372,35.54996],[139.70315,35.54925],[139.70216,35.54842],[139.69932,35.54571],[139.69872,35.54495],[139.69832,35.54429],[139.69794,35.54342],[139.69773,35.54262],[139.69772,35.54182],[139.6979,35.54117],[139.6983,35.54026],[139.69899,35.53917],[139.70001,35.53826],[139.70142,35.53722],[139.70265,35.53648],[139.70366,35.53607],[139.70458,35.5359],[139.70775,35.53574],[139.70881,35.53574],[139.71167,35.53613],[139.71324,35.53652],[139.71482,35.53704],[139.7162,35.53775],[139.7222,35.54096],[139.72587,35.54231],[139.72681,35.54249],[139.72784,35.54255],[139.73012,35.5424],[139.73196,35.54244],[139.73473,35.5428],[139.73576,35.54305],[139.73799,35.54387],[139.73993,35.54422],[139.74116,35.54418],[139.74445,35.54361],[139.74506,35.54357],[139.74773,35.54384],[139.74969,35.54412],[139.75287,35.54512],[139.75387,35.54518],[139.75533,35.54512],[139.75737,35.54474],[139.75903,35.54416],[139.76057,35.54379],[139.76307,35.54269],[139.76821,35.54019],[139.76897,35.54125],[139.77863,35.53691],[139.78129,35.53851],[139.78205,35.53862],[139.78441,35.53534],[139.78498,35.53514],[139.7864,35.5358],[139.78766,35.53436],[139.7949,35.53222],[139.79911,35.53417],[139.80084,35.53488],[139.80433,35.52993],[139.8043,35.52958],[139.80011,35.52581],[139.80177,35.52456],[139.7998,35.5228],[139.80244,35.52086],[139.82587,35.54179],[139.82328,35.54379],[139.82039,35.54265],[139.80712,35.53079],[139.80668,35.5308],[139.80305,35.53593],[139.80303,35.53615],[139.80883,35.5389],[139.80652,35.5422],[139.80377,35.54603],[139.80105,35.54839],[139.78536,35.57041],[139.77115,35.5688],[139.76392,35.56045],[139.76305,35.56098],[139.7626,35.56152],[139.76126,35.56317],[139.75864,35.56454],[139.75565,35.5629],[139.75563,35.56286],[139.75506,35.56158],[139.75483,35.56152],[139.75464,35.56181],[139.75427,35.5617],[139.75423,35.56162],[139.75381,35.56044],[139.75365,35.55974],[139.75293,35.55705],[139.75304,35.55619],[139.75304,35.55547],[139.7532,35.55445],[139.75309,35.55314],[139.75309,35.552],[139.75311,35.55079],[139.75299,35.55049],[139.75319,35.55042],[139.75315,35.54997],[139.75288,35.54995],[139.75275,35.5504],[139.75272,35.55072],[139.75283,35.55169],[139.75291,35.55353],[139.75243,35.55504],[139.75206,35.55637],[139.75197,35.55639],[139.75174,35.55655],[139.75134,35.55678],[139.75136,35.55728],[139.75134,35.55876],[139.75173,35.55895],[139.75171,35.55906],[139.75176,35.55956],[139.7518,35.55981],[139.75214,35.55979],[139.75213,35.56007],[139.75176,35.56009],[139.75184,35.56079],[139.75223,35.56086],[139.75243,35.56092],[139.7531,35.56199],[139.75329,35.56225],[139.75329,35.56245],[139.75271,35.56311],[139.75266,35.56323],[139.75089,35.5652],[139.75074,35.56531],[139.75001,35.56608],[139.74937,35.56679],[139.74921,35.56711],[139.74792,35.56807],[139.74714,35.56862],[139.74684,35.56894],[139.74639,35.56892],[139.74625,35.56913],[139.74631,35.56956],[139.7461,35.56942],[139.74571,35.56972],[139.74403,35.57108],[139.74372,35.57108],[139.74367,35.5713],[139.74397,35.57149],[139.7428,35.57289],[139.74268,35.57311],[139.74272,35.57394],[139.74328,35.57428],[139.74327,35.57477],[139.74198,35.57491],[139.74013,35.5747],[139.74023,35.5749],[139.74087,35.57498],[139.74198,35.57512],[139.74282,35.57572]],[[139.7324,35.5717],[139.73218,35.57184],[139.73244,35.57175],[139.7324,35.5717]],[[139.71918,35.59204],[139.71868,35.59175],[139.71869,35.59178],[139.71918,35.59204]],[[139.67356,35.57289],[139.67545,35.57341],[139.67544,35.57338],[139.67356,35.57289]],[[139.73997,35.5744],[139.73995,35.57423],[139.7399,35.57434],[139.73997,35.5744]],[[139.71056,35.57459],[139.71027,35.57478],[139.7105,35.5749],[139.71056,35.57459]],[[139.6843,35.59286],[139.68386,35.59272],[139.68323,35.59266],[139.6843,35.59286]],[[139.65968,35.59176],[139.65885,35.59185],[139.65916,35.59241],[139.65886,35.59186],[139.65968,35.59176]],[[139.72966,35.54986],[139.72965,35.54982],[139.72957,35.54983],[139.72966,35.54986]],[[139.69002,35.56432],[139.68997,35.5642],[139.68997,35.56437],[139.69002,35.56432]],[[139.68872,35.55945],[139.68848,35.55915],[139.6885,35.55918],[139.68872,35.55945]],[[139.68137,35.56406],[139.67995,35.56545],[139.68078,35.56464],[139.68137,35.56406]],[[139.67995,35.56545],[139.67922,35.5662],[139.67925,35.56622],[139.67995,35.56545]]],[[[139.75493,35.58971],[139.75054,35.5897],[139.75051,35.58946],[139.74951,35.58915],[139.74946,35.58887],[139.75063,35.58628],[139.7505,35.58623],[139.75,35.58604],[139.75013,35.58577],[139.75079,35.58599],[139.75187,35.58368],[139.75116,35.58346],[139.75141,35.58301],[139.75203,35.58319],[139.75249,35.58221],[139.75426,35.57819],[139.75574,35.57735],[139.75698,35.57725],[139.75743,35.57595],[139.7577,35.57595],[139.75734,35.57724],[139.75806,35.5772],[139.75843,35.57598],[139.75873,35.576],[139.75837,35.57725],[139.7586,35.57725],[139.76107,35.5773],[139.76267,35.57733],[139.76375,35.57839],[139.76534,35.57839],[139.76669,35.57839],[139.76668,35.57715],[139.76898,35.57714],[139.77439,35.57712],[139.77735,35.5771],[139.78157,35.57708],[139.78176,35.57708],[139.78302,35.57707],[139.78316,35.57722],[139.78608,35.58002],[139.7864,35.57977],[139.78727,35.58066],[139.7864,35.58128],[139.78309,35.58362],[139.78058,35.58539],[139.78046,35.58529],[139.7796,35.58591],[139.77866,35.58659],[139.77845,35.5864],[139.77816,35.58661],[139.77711,35.5857],[139.77543,35.58674],[139.77527,35.58652],[139.77576,35.58613],[139.77543,35.58581],[139.77561,35.58569],[139.77073,35.58135],[139.7678,35.57875],[139.76533,35.57866],[139.764,35.57865],[139.76825,35.58242],[139.76861,35.58274],[139.76875,35.58264],[139.769,35.58286],[139.7691,35.58311],[139.76941,35.58346],[139.77719,35.59059],[139.77572,35.59256],[139.77374,35.59522],[139.7728,35.59536],[139.76737,35.59263],[139.7671,35.5925],[139.76544,35.59473],[139.76236,35.59489],[139.76271,35.58705],[139.76283,35.58508],[139.75568,35.58484],[139.75535,35.58497],[139.75528,35.58576],[139.75527,35.58971],[139.75493,35.58971]]],[[[139.79388,35.59189],[139.79418,35.59164],[139.79454,35.59207],[139.7946,35.59211],[139.79638,35.59106],[139.79793,35.59014],[139.79886,35.58959],[139.80393,35.58658],[139.80574,35.58549],[139.80679,35.58606],[139.8092,35.58737],[139.81004,35.58782],[139.81051,35.58809],[139.8108,35.58824],[139.81157,35.58866],[139.81111,35.58922],[139.81019,35.59036],[139.80927,35.59149],[139.8083,35.59268],[139.80781,35.59327],[139.80488,35.59688],[139.8043,35.59761],[139.79978,35.59516],[139.79429,35.59218],[139.79388,35.59189]]]]}},{"type":"Feature","properties":{"nm":"世田谷区","b":[139.5824,35.59,139.6866,35.683],"c":[139.63504,35.63976]},"geometry":{"type":"Polygon","coordinates":[[[139.68448,35.64675],[139.68453,35.64681],[139.68407,35.64898],[139.68406,35.64928],[139.68453,35.65053],[139.68457,35.65066],[139.68458,35.65136],[139.68439,35.6516],[139.68237,35.65221],[139.68251,35.65275],[139.68407,35.65285],[139.68407,35.65296],[139.68314,35.65294],[139.68297,35.65304],[139.68294,35.65412],[139.68312,35.6544],[139.68287,35.65455],[139.68183,35.65452],[139.68176,35.65559],[139.68058,35.65568],[139.68055,35.6566],[139.68016,35.65672],[139.67953,35.65709],[139.67928,35.65747],[139.6787,35.65827],[139.67818,35.65897],[139.67786,35.65954],[139.67778,35.65968],[139.67765,35.65984],[139.67662,35.65993],[139.67617,35.66193],[139.67593,35.66276],[139.67563,35.66324],[139.67474,35.66397],[139.67487,35.66416],[139.67438,35.66463],[139.6737,35.66585],[139.67311,35.66726],[139.67284,35.66849],[139.67271,35.66938],[139.67252,35.66982],[139.67256,35.67134],[139.67278,35.67212],[139.67182,35.67198],[139.67162,35.67195],[139.67007,35.67169],[139.66912,35.67167],[139.66887,35.67153],[139.66857,35.67177],[139.66827,35.67167],[139.66606,35.67158],[139.6641,35.67142],[139.66326,35.67142],[139.66168,35.67156],[139.66145,35.67202],[139.66146,35.67269],[139.66143,35.67281],[139.6607,35.67261],[139.66072,35.67259],[139.65987,35.67239],[139.65709,35.67159],[139.65661,35.67126],[139.65566,35.6709],[139.65444,35.67063],[139.65434,35.67093],[139.65264,35.67074],[139.65017,35.67031],[139.65018,35.67009],[139.64986,35.66998],[139.64828,35.66911],[139.64691,35.6685],[139.6455,35.66809],[139.64481,35.66797],[139.64161,35.66756],[139.64159,35.66762],[139.64133,35.66759],[139.64137,35.66732],[139.64138,35.66726],[139.64147,35.66668],[139.64021,35.66628],[139.63931,35.66588],[139.63899,35.66591],[139.63809,35.66592],[139.63687,35.66612],[139.63695,35.66666],[139.63606,35.667],[139.63423,35.66775],[139.63333,35.66797],[139.63269,35.66822],[139.62978,35.66871],[139.62912,35.66882],[139.62618,35.66915],[139.62555,35.6692],[139.62487,35.66925],[139.6248,35.67036],[139.62313,35.67061],[139.62318,35.67149],[139.62214,35.67223],[139.62114,35.6728],[139.61956,35.67344],[139.61725,35.67423],[139.61493,35.6749],[139.61458,35.67505],[139.61396,35.67532],[139.61327,35.67555],[139.6125,35.67603],[139.61221,35.67549],[139.61193,35.6755],[139.61189,35.67622],[139.6106,35.67655],[139.61022,35.67652],[139.61147,35.67494],[139.61191,35.67457],[139.61282,35.67426],[139.61344,35.67372],[139.61336,35.67282],[139.61669,35.67255],[139.61664,35.67156],[139.61648,35.67151],[139.61639,35.67039],[139.61647,35.66991],[139.61622,35.6696],[139.61607,35.66941],[139.61595,35.66915],[139.61529,35.66912],[139.61555,35.66957],[139.61479,35.66916],[139.61421,35.66962],[139.61347,35.67049],[139.61247,35.67029],[139.61129,35.66998],[139.6114,35.67046],[139.6107,35.67052],[139.61063,35.67087],[139.60936,35.67067],[139.60923,35.67023],[139.60909,35.67066],[139.60899,35.67169],[139.60902,35.67273],[139.60894,35.67404],[139.60936,35.67405],[139.60928,35.67473],[139.60886,35.67472],[139.60915,35.67508],[139.60848,35.67643],[139.60768,35.67637],[139.60751,35.67605],[139.60731,35.67676],[139.6068,35.67758],[139.6064,35.67793],[139.60574,35.67846],[139.60507,35.67905],[139.60455,35.67941],[139.60356,35.6801],[139.60352,35.68013],[139.6035,35.68014],[139.60302,35.68062],[139.60209,35.68097],[139.60128,35.68121],[139.5988,35.68187],[139.59817,35.68198],[139.59711,35.68211],[139.59451,35.68234],[139.59403,35.6823],[139.59367,35.6822],[139.59339,35.68196],[139.59326,35.6819],[139.59238,35.68219],[139.59183,35.68235],[139.58925,35.68261],[139.58648,35.68296],[139.58582,35.68291],[139.58516,35.68269],[139.58647,35.68255],[139.58673,35.6824],[139.58735,35.68242],[139.5874,35.68225],[139.58936,35.68222],[139.59188,35.68211],[139.59209,35.68128],[139.59197,35.68174],[139.5882,35.68187],[139.58639,35.68209],[139.5853,35.68222],[139.58519,35.68257],[139.58509,35.68258],[139.58525,35.68197],[139.5855,35.68159],[139.58605,35.6813],[139.58616,35.68109],[139.58681,35.68106],[139.58727,35.68102],[139.58794,35.68054],[139.58819,35.68009],[139.5883,35.68013],[139.58845,35.6798],[139.58869,35.67918],[139.58856,35.67889],[139.58815,35.67861],[139.58761,35.67806],[139.58676,35.67769],[139.58661,35.67738],[139.58653,35.677],[139.58686,35.67587],[139.58679,35.6754],[139.58699,35.67477],[139.58791,35.67433],[139.58776,35.67417],[139.58763,35.67385],[139.58629,35.67431],[139.58583,35.67412],[139.58497,35.67396],[139.58269,35.67444],[139.5824,35.67332],[139.58264,35.67333],[139.58365,35.67298],[139.58463,35.6723],[139.5853,35.67205],[139.58831,35.67076],[139.58872,35.67058],[139.58925,35.66905],[139.58903,35.66883],[139.58939,35.66815],[139.59007,35.66677],[139.59017,35.66639],[139.59016,35.66631],[139.59007,35.666],[139.5899,35.6659],[139.58919,35.66602],[139.5892,35.66595],[139.5891,35.66591],[139.58831,35.66523],[139.5882,35.66492],[139.58823,35.66488],[139.5879,35.66457],[139.58719,35.66433],[139.58686,35.66422],[139.5872,35.66326],[139.58729,35.66312],[139.58762,35.66265],[139.58926,35.66225],[139.58935,35.66166],[139.59012,35.66122],[139.58978,35.66072],[139.58976,35.66006],[139.58969,35.65871],[139.58975,35.65774],[139.59001,35.6568],[139.59113,35.65522],[139.59244,35.65537],[139.59264,35.6546],[139.59306,35.65354],[139.59325,35.65214],[139.59327,35.65151],[139.59295,35.65149],[139.5929,35.65174],[139.59204,35.6516],[139.59217,35.65093],[139.59219,35.64998],[139.59219,35.64955],[139.59217,35.64901],[139.59217,35.64728],[139.59225,35.64599],[139.59116,35.64559],[139.59038,35.64528],[139.59021,35.64569],[139.58986,35.64557],[139.59005,35.6452],[139.5895,35.64505],[139.58915,35.64527],[139.58859,35.64566],[139.58839,35.64576],[139.58806,35.64577],[139.58743,35.64618],[139.58734,35.64607],[139.58782,35.64568],[139.58736,35.64586],[139.58706,35.64627],[139.58693,35.64616],[139.58724,35.64574],[139.58769,35.64555],[139.58709,35.64538],[139.58697,35.64482],[139.58728,35.64426],[139.5872,35.64396],[139.58681,35.64352],[139.58659,35.64356],[139.58642,35.64272],[139.58577,35.64275],[139.58588,35.64201],[139.58556,35.64205],[139.58448,35.64158],[139.58458,35.64132],[139.58424,35.6412],[139.58423,35.64117],[139.58464,35.6404],[139.58478,35.64005],[139.58566,35.63768],[139.58649,35.63644],[139.58661,35.63629],[139.58755,35.63514],[139.58778,35.63516],[139.58878,35.63473],[139.58934,35.63478],[139.5896,35.63464],[139.59096,35.63353],[139.59118,35.63293],[139.5915,35.6329],[139.59128,35.63208],[139.5916,35.63189],[139.59118,35.63099],[139.5924,35.63034],[139.59258,35.62974],[139.59281,35.6296],[139.59218,35.62875],[139.59242,35.62829],[139.59219,35.62751],[139.59254,35.62727],[139.59286,35.62767],[139.59348,35.62759],[139.59415,35.62707],[139.59376,35.62666],[139.59353,35.62666],[139.59375,35.62624],[139.59333,35.62594],[139.59311,35.62553],[139.5923,35.62416],[139.59241,35.62373],[139.59192,35.62381],[139.59185,35.62357],[139.59135,35.62367],[139.59103,35.624],[139.59061,35.62413],[139.58986,35.62469],[139.58969,35.62455],[139.58964,35.62381],[139.58942,35.62321],[139.58966,35.62321],[139.58985,35.62169],[139.58922,35.62141],[139.5894,35.6209],[139.58997,35.6193],[139.59001,35.61854],[139.59151,35.61768],[139.59251,35.61752],[139.59313,35.61751],[139.59442,35.61787],[139.59546,35.61835],[139.59616,35.61841],[139.59881,35.61856],[139.59914,35.6185],[139.60161,35.61765],[139.60243,35.61732],[139.60368,35.61666],[139.60569,35.61558],[139.60615,35.61561],[139.60724,35.61591],[139.60888,35.61649],[139.60924,35.61637],[139.60987,35.61622],[139.61209,35.61592],[139.61302,35.61481],[139.6137,35.61445],[139.61453,35.61406],[139.61567,35.61326],[139.61836,35.61369],[139.62034,35.61263],[139.62187,35.61167],[139.62288,35.61146],[139.62415,35.61098],[139.62475,35.60988],[139.62525,35.60944],[139.62623,35.60905],[139.62734,35.60894],[139.62772,35.60879],[139.62844,35.6079],[139.62862,35.60816],[139.63097,35.60741],[139.63217,35.60657],[139.63174,35.60597],[139.63184,35.60574],[139.63269,35.60502],[139.63302,35.60485],[139.63468,35.60368],[139.63536,35.60345],[139.63626,35.60346],[139.63668,35.60318],[139.63746,35.60263],[139.63805,35.60204],[139.63899,35.6009],[139.63957,35.60037],[139.64057,35.59972],[139.64286,35.59835],[139.64412,35.59763],[139.64692,35.59605],[139.64859,35.59501],[139.64917,35.59432],[139.64995,35.59315],[139.65079,35.59238],[139.65195,35.5917],[139.65521,35.59004],[139.65528,35.59014],[139.65595,35.59117],[139.65657,35.59238],[139.65698,35.59322],[139.6572,35.59342],[139.65783,35.59315],[139.6581,35.59315],[139.6582,35.59345],[139.65753,35.59377],[139.6567,35.59412],[139.6561,35.59437],[139.65597,35.59416],[139.6554,35.5944],[139.65553,35.59461],[139.65496,35.59485],[139.65485,35.59467],[139.65429,35.5949],[139.6544,35.59508],[139.6539,35.59542],[139.65282,35.59599],[139.65362,35.59728],[139.6556,35.59646],[139.65611,35.59731],[139.6566,35.59749],[139.65624,35.59789],[139.65746,35.59852],[139.65747,35.59899],[139.65804,35.59909],[139.65823,35.59931],[139.65883,35.5995],[139.65927,35.59985],[139.6593,35.6],[139.66046,35.59976],[139.66091,35.5995],[139.66119,35.59951],[139.66267,35.5986],[139.66326,35.59885],[139.66379,35.59948],[139.66413,35.59977],[139.66431,35.59947],[139.66448,35.59918],[139.66503,35.59873],[139.66579,35.59926],[139.6672,35.59952],[139.66713,35.59888],[139.66745,35.59885],[139.66837,35.59873],[139.66832,35.59851],[139.66894,35.59821],[139.66909,35.59858],[139.66986,35.59922],[139.67022,35.59884],[139.67237,35.59637],[139.67374,35.59506],[139.67479,35.59358],[139.67472,35.59355],[139.67532,35.59267],[139.67598,35.59173],[139.67761,35.59268],[139.67862,35.59337],[139.67927,35.59374],[139.68059,35.59466],[139.68084,35.59505],[139.68078,35.59601],[139.68086,35.59664],[139.6805,35.59752],[139.68079,35.59784],[139.68023,35.5981],[139.68112,35.59821],[139.68105,35.59872],[139.68067,35.59873],[139.68062,35.59899],[139.68025,35.59899],[139.68035,35.59946],[139.68035,35.6006],[139.68027,35.60061],[139.68022,35.60174],[139.68028,35.60201],[139.68018,35.60314],[139.67997,35.60313],[139.67974,35.60355],[139.67947,35.60549],[139.67937,35.60569],[139.67882,35.6062],[139.67841,35.60676],[139.6769,35.60816],[139.67578,35.60843],[139.6742,35.60819],[139.67327,35.6082],[139.67279,35.60797],[139.67194,35.60771],[139.67161,35.60763],[139.67133,35.60752],[139.67095,35.60737],[139.66886,35.60665],[139.66811,35.60654],[139.66699,35.60674],[139.6654,35.60726],[139.66359,35.60835],[139.66331,35.60852],[139.66345,35.60897],[139.66305,35.60919],[139.66326,35.60927],[139.66342,35.60951],[139.66321,35.60982],[139.66351,35.60976],[139.66402,35.60965],[139.66401,35.60986],[139.66331,35.61056],[139.66318,35.61124],[139.66348,35.61177],[139.66284,35.6118],[139.66267,35.61207],[139.66333,35.61253],[139.66265,35.61253],[139.66284,35.61386],[139.66307,35.61506],[139.66321,35.61505],[139.66334,35.61565],[139.66362,35.61576],[139.66406,35.61586],[139.66401,35.61618],[139.66455,35.61657],[139.66452,35.61667],[139.66451,35.6167],[139.66474,35.61683],[139.66438,35.61743],[139.6648,35.61838],[139.66639,35.61858],[139.66628,35.6192],[139.66586,35.62006],[139.66572,35.6204],[139.66586,35.62085],[139.66636,35.62083],[139.66602,35.62137],[139.66577,35.62154],[139.66591,35.62166],[139.66592,35.62191],[139.66556,35.62206],[139.66544,35.62204],[139.66548,35.62225],[139.66517,35.62259],[139.66463,35.62305],[139.66432,35.62354],[139.6639,35.62427],[139.66378,35.62449],[139.66392,35.62485],[139.66385,35.62527],[139.66367,35.62639],[139.66356,35.62669],[139.66313,35.62727],[139.66292,35.62729],[139.66268,35.62746],[139.66184,35.62796],[139.66201,35.62804],[139.66218,35.62886],[139.66216,35.62901],[139.66249,35.63029],[139.66161,35.63195],[139.66353,35.6321],[139.66462,35.63199],[139.6652,35.63182],[139.66715,35.63133],[139.66773,35.63126],[139.66874,35.63086],[139.66968,35.63063],[139.67003,35.63052],[139.67239,35.62972],[139.67251,35.62965],[139.67278,35.62949],[139.67491,35.62842],[139.67658,35.62748],[139.6772,35.62694],[139.6783,35.6253],[139.6794,35.62504],[139.67944,35.62526],[139.67958,35.62598],[139.68044,35.62797],[139.6809,35.62899],[139.68125,35.62995],[139.68206,35.63134],[139.68289,35.63249],[139.68368,35.63356],[139.68381,35.63375],[139.68414,35.63423],[139.68453,35.63517],[139.68531,35.63646],[139.6862,35.63796],[139.6866,35.63938],[139.68601,35.63961],[139.68602,35.63986],[139.68585,35.64012],[139.68583,35.64071],[139.68539,35.64136],[139.68515,35.64136],[139.68471,35.64253],[139.68429,35.64253],[139.68492,35.64286],[139.68424,35.64455],[139.68555,35.64498],[139.68494,35.64621],[139.68442,35.64603],[139.68448,35.64675]],[[139.67229,35.64908],[139.67225,35.64906],[139.67177,35.64956],[139.67229,35.64908]],[[139.66158,35.63977],[139.66152,35.63978],[139.66136,35.64054],[139.66158,35.63977]],[[139.62452,35.64734],[139.62444,35.64754],[139.62449,35.64742],[139.62452,35.64734]],[[139.67164,35.63494],[139.67145,35.63481],[139.67178,35.63504],[139.67164,35.63494]],[[139.6482,35.66028],[139.6482,35.66027],[139.64769,35.66027],[139.6482,35.66028]],[[139.66342,35.60093],[139.66446,35.60069],[139.6624,35.60115],[139.66342,35.60093]],[[139.66023,35.61387],[139.66021,35.6151],[139.66028,35.61388],[139.66023,35.61387]],[[139.62476,35.63239],[139.6244,35.63261],[139.62459,35.63263],[139.62476,35.63239]],[[139.62582,35.6272],[139.62664,35.62704],[139.62658,35.62704],[139.62582,35.6272]],[[139.60578,35.63305],[139.60613,35.63344],[139.60582,35.633],[139.60578,35.63305]],[[139.61515,35.62299],[139.61516,35.62298],[139.61513,35.62296],[139.61515,35.62299]],[[139.613,35.6243],[139.61297,35.62436],[139.613,35.62436],[139.613,35.6243]],[[139.59671,35.66647],[139.59668,35.66649],[139.59729,35.66668],[139.59671,35.66647]],[[139.58868,35.66364],[139.58976,35.66403],[139.59012,35.66415],[139.58958,35.66396],[139.58868,35.66364]]]}},{"type":"Feature","properties":{"nm":"渋谷区","b":[139.6614,35.6416,139.7239,35.6921],"c":[139.69626,35.66791]},"geometry":{"type":"Polygon","coordinates":[[[139.72309,35.64741],[139.72306,35.64771],[139.723,35.64813],[139.72276,35.64916],[139.72314,35.64921],[139.72265,35.64966],[139.7223,35.65075],[139.72213,35.65121],[139.72208,35.65239],[139.72175,35.65238],[139.72183,35.65277],[139.72168,35.65392],[139.7229,35.65591],[139.72293,35.65604],[139.72296,35.65636],[139.72204,35.65573],[139.71825,35.65707],[139.71791,35.65641],[139.71671,35.65681],[139.71532,35.65698],[139.71441,35.65737],[139.7129,35.65845],[139.71337,35.65866],[139.71338,35.65867],[139.71393,35.65978],[139.71352,35.66003],[139.71287,35.66042],[139.7122,35.66081],[139.71187,35.66126],[139.71048,35.66282],[139.71028,35.6631],[139.70874,35.66418],[139.71056,35.6661],[139.71091,35.66609],[139.71295,35.6683],[139.71296,35.66833],[139.71393,35.66945],[139.71441,35.66924],[139.71507,35.66965],[139.71419,35.67021],[139.71399,35.67036],[139.7144,35.67087],[139.7141,35.67115],[139.71457,35.67191],[139.71439,35.67199],[139.71485,35.67295],[139.71541,35.6727],[139.71533,35.67254],[139.71645,35.67211],[139.71667,35.67244],[139.71625,35.67324],[139.71593,35.67387],[139.71536,35.67376],[139.71481,35.67489],[139.71411,35.67475],[139.71353,35.67449],[139.71269,35.67438],[139.71274,35.67577],[139.71263,35.67663],[139.71283,35.67698],[139.71332,35.67787],[139.71379,35.67898],[139.71407,35.67909],[139.71406,35.67974],[139.71461,35.68073],[139.71445,35.68086],[139.71366,35.68149],[139.7136,35.68169],[139.71322,35.68198],[139.71108,35.68341],[139.71012,35.68353],[139.70986,35.6838],[139.70908,35.68418],[139.70792,35.68435],[139.70713,35.68462],[139.7067,35.68616],[139.7061,35.68677],[139.70591,35.68735],[139.70517,35.68806],[139.70418,35.68797],[139.70391,35.68803],[139.7027,35.68783],[139.7025,35.68832],[139.70214,35.68833],[139.70225,35.68898],[139.70216,35.68933],[139.70169,35.68919],[139.70014,35.68882],[139.70016,35.68876],[139.69983,35.68867],[139.6999,35.68849],[139.69953,35.68835],[139.6994,35.68871],[139.69791,35.68812],[139.69576,35.68714],[139.69536,35.68695],[139.69386,35.6861],[139.69337,35.68585],[139.69133,35.68435],[139.69075,35.68405],[139.68837,35.68245],[139.68741,35.68181],[139.68629,35.68296],[139.68585,35.68358],[139.68565,35.68404],[139.68562,35.68411],[139.68559,35.68428],[139.68532,35.68481],[139.68499,35.68537],[139.68472,35.68614],[139.68472,35.68637],[139.68563,35.68643],[139.68561,35.68675],[139.68558,35.68689],[139.68553,35.6872],[139.68578,35.68729],[139.68581,35.68731],[139.68582,35.68737],[139.68572,35.68778],[139.685,35.68764],[139.68438,35.68752],[139.68396,35.68742],[139.68367,35.68777],[139.68366,35.6878],[139.68332,35.6885],[139.68317,35.6886],[139.68339,35.68908],[139.68348,35.68936],[139.68371,35.68962],[139.68371,35.6898],[139.68375,35.68988],[139.684,35.69008],[139.68488,35.69139],[139.68422,35.6918],[139.68444,35.69213],[139.68372,35.69211],[139.68342,35.69206],[139.68279,35.69144],[139.6818,35.69071],[139.68136,35.69054],[139.6802,35.68954],[139.67988,35.68906],[139.6792,35.68843],[139.67905,35.68828],[139.67813,35.68759],[139.67728,35.68694],[139.67699,35.68672],[139.67628,35.68622],[139.67585,35.68578],[139.67521,35.68475],[139.67485,35.6845],[139.67423,35.6837],[139.67336,35.68328],[139.67236,35.68249],[139.67189,35.68214],[139.67147,35.68164],[139.67134,35.6815],[139.66967,35.6808],[139.6696,35.68079],[139.66912,35.68068],[139.66851,35.68034],[139.66791,35.68021],[139.66741,35.67991],[139.66755,35.67977],[139.66637,35.67871],[139.66601,35.67825],[139.66562,35.67747],[139.6651,35.67695],[139.66401,35.67656],[139.66382,35.67647],[139.66337,35.67626],[139.66189,35.67568],[139.66146,35.67441],[139.6618,35.67368],[139.66138,35.67294],[139.66143,35.67281],[139.66146,35.67269],[139.66145,35.67202],[139.66168,35.67156],[139.66326,35.67142],[139.6641,35.67142],[139.66606,35.67158],[139.66827,35.67167],[139.66857,35.67177],[139.66887,35.67153],[139.66912,35.67167],[139.67007,35.67169],[139.67162,35.67195],[139.67182,35.67198],[139.67278,35.67212],[139.67256,35.67134],[139.67252,35.66982],[139.67271,35.66938],[139.67284,35.66849],[139.67311,35.66726],[139.6737,35.66585],[139.67438,35.66463],[139.67487,35.66416],[139.67512,35.66403],[139.67769,35.66413],[139.67954,35.66403],[139.6806,35.66381],[139.68098,35.66365],[139.68169,35.66336],[139.68192,35.66325],[139.68267,35.66305],[139.68405,35.66308],[139.68583,35.66246],[139.68577,35.66227],[139.6868,35.66201],[139.68778,35.66124],[139.688,35.66107],[139.68836,35.66018],[139.68821,35.66],[139.68852,35.65972],[139.68902,35.65873],[139.68946,35.65845],[139.69004,35.65779],[139.69058,35.65706],[139.69075,35.65682],[139.6909,35.65665],[139.69182,35.65552],[139.69204,35.65542],[139.69297,35.65422],[139.69337,35.65383],[139.69342,35.65379],[139.69392,35.65333],[139.69417,35.6531],[139.69569,35.65175],[139.69579,35.6518],[139.69547,35.6516],[139.69616,35.65095],[139.69688,35.65061],[139.69822,35.64942],[139.69909,35.6488],[139.69892,35.64853],[139.6998,35.64812],[139.6996,35.64786],[139.7001,35.64758],[139.7002,35.64733],[139.70151,35.64702],[139.70202,35.64662],[139.70212,35.64644],[139.70215,35.6464],[139.70234,35.64633],[139.70291,35.64603],[139.70426,35.64501],[139.70525,35.64443],[139.70531,35.64434],[139.70691,35.64342],[139.7074,35.64306],[139.70839,35.64235],[139.70891,35.64207],[139.7102,35.64168],[139.71048,35.64201],[139.71161,35.64224],[139.71232,35.64233],[139.71311,35.64236],[139.7131,35.64219],[139.71362,35.64186],[139.71383,35.64219],[139.71358,35.64239],[139.71444,35.64243],[139.71464,35.6422],[139.71504,35.6422],[139.71512,35.64246],[139.7157,35.64254],[139.71676,35.64175],[139.71774,35.64159],[139.71907,35.64157],[139.71987,35.64202],[139.72091,35.64339],[139.72118,35.64373],[139.7209,35.64389],[139.72098,35.64416],[139.72154,35.64448],[139.72238,35.64443],[139.7227,35.64471],[139.72308,35.64549],[139.7231,35.64586],[139.72391,35.64675],[139.72309,35.64741]],[[139.71642,35.64564],[139.71633,35.64552],[139.71633,35.64565],[139.71642,35.64564]],[[139.71951,35.65092],[139.71952,35.65045],[139.71951,35.65045],[139.71951,35.65092]],[[139.70246,35.64683],[139.702,35.64751],[139.70263,35.64675],[139.70246,35.64683]],[[139.69072,35.66998],[139.69078,35.67038],[139.69086,35.67079],[139.69072,35.66998]],[[139.68807,35.66942],[139.68832,35.66943],[139.68806,35.66941],[139.68807,35.66942]],[[139.68289,35.67219],[139.68314,35.67165],[139.6828,35.67235],[139.68289,35.67219]],[[139.67067,35.67534],[139.67109,35.67546],[139.67117,35.67535],[139.67067,35.67534]],[[139.70124,35.68593],[139.70098,35.68647],[139.70143,35.68558],[139.70124,35.68593]],[[139.7074,35.67812],[139.70729,35.67817],[139.70757,35.67858],[139.7074,35.67812]]]}},{"type":"Feature","properties":{"nm":"中野区","b":[139.6242,35.6766,139.6943,35.7356],"c":[139.66241,35.71096]},"geometry":{"type":"Polygon","coordinates":[[[139.67813,35.68759],[139.67905,35.68828],[139.6792,35.68843],[139.67988,35.68906],[139.6802,35.68954],[139.68136,35.69054],[139.6818,35.69071],[139.68279,35.69144],[139.68342,35.69206],[139.68372,35.69211],[139.68366,35.69226],[139.68356,35.69254],[139.68365,35.69262],[139.68421,35.69292],[139.6851,35.69369],[139.68554,35.69422],[139.6866,35.69636],[139.68664,35.69642],[139.68684,35.69691],[139.68693,35.69705],[139.68706,35.69723],[139.68795,35.69828],[139.6883,35.69893],[139.68834,35.69991],[139.68824,35.7003],[139.6875,35.70161],[139.68738,35.70231],[139.68741,35.70307],[139.68752,35.70438],[139.68803,35.70602],[139.68805,35.70608],[139.68813,35.70631],[139.68817,35.70644],[139.68839,35.70706],[139.68883,35.7075],[139.69114,35.70873],[139.6919,35.70928],[139.69301,35.70965],[139.69341,35.70995],[139.69344,35.70996],[139.6941,35.71071],[139.69429,35.71101],[139.69405,35.71104],[139.69326,35.71113],[139.69273,35.71119],[139.69265,35.71081],[139.69238,35.71068],[139.69184,35.71092],[139.69153,35.71105],[139.69112,35.71049],[139.69006,35.71079],[139.69011,35.71131],[139.68966,35.71128],[139.68958,35.71128],[139.68825,35.71117],[139.68567,35.71057],[139.68544,35.71052],[139.68458,35.71033],[139.6845,35.71032],[139.68415,35.71025],[139.68413,35.71025],[139.68361,35.71014],[139.6832,35.71006],[139.68274,35.71001],[139.68178,35.71075],[139.68119,35.71099],[139.68004,35.71106],[139.68008,35.71138],[139.68062,35.71148],[139.6808,35.71186],[139.68116,35.71211],[139.68123,35.71216],[139.68137,35.71235],[139.68145,35.71242],[139.68156,35.71254],[139.68188,35.71292],[139.68201,35.7133],[139.68102,35.71326],[139.6811,35.71371],[139.68187,35.71391],[139.68184,35.71413],[139.6808,35.71402],[139.68084,35.71451],[139.68033,35.71457],[139.67997,35.71415],[139.67925,35.71469],[139.67906,35.71509],[139.67909,35.71552],[139.67911,35.71562],[139.67945,35.71606],[139.6795,35.71647],[139.67942,35.71661],[139.67921,35.7166],[139.67909,35.71715],[139.67908,35.71717],[139.6789,35.71797],[139.67892,35.71814],[139.67836,35.71815],[139.67773,35.71882],[139.67726,35.71927],[139.67703,35.71943],[139.67667,35.7196],[139.67634,35.71947],[139.67573,35.7196],[139.67532,35.72002],[139.6752,35.71947],[139.67533,35.71907],[139.67343,35.71847],[139.67339,35.71874],[139.67378,35.71928],[139.67325,35.71966],[139.6735,35.72057],[139.67433,35.72038],[139.67444,35.72067],[139.67455,35.7209],[139.67478,35.72146],[139.67567,35.72136],[139.67581,35.72228],[139.67549,35.72335],[139.67543,35.72358],[139.67541,35.72364],[139.67535,35.72399],[139.67563,35.72528],[139.6758,35.72589],[139.67659,35.72729],[139.67672,35.72766],[139.6768,35.72989],[139.67753,35.72956],[139.67806,35.73066],[139.67784,35.73065],[139.67482,35.73311],[139.6737,35.73358],[139.67235,35.7337],[139.67125,35.73373],[139.67103,35.73319],[139.67043,35.73261],[139.66968,35.73285],[139.66928,35.73232],[139.66934,35.73212],[139.66821,35.7322],[139.66798,35.73134],[139.66694,35.73145],[139.66693,35.7312],[139.66602,35.73147],[139.6654,35.7315],[139.66475,35.73123],[139.66453,35.73099],[139.66406,35.72988],[139.66386,35.72915],[139.66312,35.72786],[139.66227,35.72715],[139.66186,35.72696],[139.66092,35.72674],[139.66064,35.7267],[139.65966,35.72674],[139.65969,35.72572],[139.65807,35.72575],[139.65625,35.72622],[139.65401,35.72637],[139.65392,35.72631],[139.65387,35.72626],[139.65211,35.72625],[139.65203,35.72609],[139.65148,35.72619],[139.65027,35.72683],[139.65009,35.72661],[139.64973,35.72662],[139.64901,35.72667],[139.64749,35.72662],[139.64747,35.72536],[139.64493,35.72537],[139.64379,35.72536],[139.64375,35.72515],[139.64231,35.7256],[139.64164,35.7258],[139.64121,35.72593],[139.63993,35.72614],[139.6397,35.72615],[139.6397,35.72617],[139.63968,35.72688],[139.63973,35.72734],[139.63951,35.7276],[139.63922,35.72796],[139.63871,35.72807],[139.63789,35.7285],[139.6379,35.7289],[139.63744,35.72947],[139.63756,35.72951],[139.63718,35.73019],[139.63676,35.73092],[139.63646,35.73174],[139.63671,35.73182],[139.63625,35.73243],[139.63516,35.73221],[139.63476,35.7334],[139.63446,35.73434],[139.63387,35.73421],[139.63331,35.73536],[139.63341,35.73552],[139.63266,35.73547],[139.63201,35.73555],[139.63069,35.73543],[139.63054,35.73532],[139.62957,35.73531],[139.62776,35.7351],[139.62725,35.73503],[139.62735,35.73408],[139.62655,35.7338],[139.62644,35.7333],[139.62658,35.73307],[139.62604,35.73288],[139.62444,35.73008],[139.62425,35.72953],[139.62543,35.72733],[139.62686,35.72469],[139.62752,35.72361],[139.62753,35.72358],[139.62768,35.72331],[139.62806,35.72247],[139.62816,35.72191],[139.62883,35.72097],[139.62952,35.72039],[139.63044,35.72084],[139.63156,35.71998],[139.63154,35.7194],[139.63131,35.71911],[139.63115,35.71852],[139.63136,35.71811],[139.63172,35.71764],[139.63199,35.71739],[139.63225,35.7171],[139.63284,35.71705],[139.63599,35.7167],[139.63602,35.7167],[139.63736,35.71649],[139.63816,35.71598],[139.64073,35.71522],[139.64111,35.71508],[139.64122,35.71504],[139.64158,35.71487],[139.64153,35.71347],[139.64142,35.71277],[139.6422,35.71225],[139.6428,35.7117],[139.64353,35.71148],[139.64601,35.7108],[139.64736,35.71039],[139.64973,35.70974],[139.64995,35.70968],[139.65094,35.70942],[139.65101,35.70903],[139.65163,35.70901],[139.6529,35.70916],[139.65405,35.70928],[139.65425,35.70909],[139.65442,35.7091],[139.655,35.7091],[139.65517,35.70923],[139.65593,35.70908],[139.65605,35.70909],[139.65611,35.70924],[139.65628,35.70913],[139.6575,35.70919],[139.65801,35.7092],[139.65804,35.7076],[139.65819,35.7057],[139.6582,35.7056],[139.65817,35.70545],[139.658,35.70518],[139.65852,35.70509],[139.66099,35.7048],[139.66115,35.70251],[139.66071,35.70137],[139.66108,35.70141],[139.66145,35.70118],[139.66153,35.70081],[139.66155,35.70068],[139.66155,35.70022],[139.66178,35.70022],[139.66197,35.69999],[139.6618,35.69932],[139.66217,35.69931],[139.66234,35.69892],[139.66236,35.69886],[139.6624,35.69858],[139.66197,35.6975],[139.66197,35.69748],[139.66193,35.697],[139.66097,35.69719],[139.66098,35.69689],[139.66105,35.6966],[139.66038,35.69646],[139.66084,35.69546],[139.66096,35.69483],[139.66145,35.69506],[139.66445,35.69542],[139.66492,35.69538],[139.66542,35.69465],[139.66592,35.69473],[139.6667,35.69346],[139.66739,35.69375],[139.66727,35.69329],[139.66752,35.69186],[139.66769,35.69187],[139.66781,35.69137],[139.66696,35.69119],[139.667,35.69095],[139.66681,35.69084],[139.66659,35.69062],[139.66636,35.69041],[139.66416,35.68926],[139.66386,35.68904],[139.66343,35.68802],[139.66188,35.68718],[139.66087,35.68676],[139.65918,35.68669],[139.65916,35.68664],[139.6592,35.68603],[139.65954,35.68572],[139.65938,35.68514],[139.65979,35.68512],[139.65988,35.68478],[139.6602,35.6849],[139.66052,35.68423],[139.66016,35.68414],[139.65995,35.68365],[139.65958,35.68365],[139.65926,35.68319],[139.65942,35.68317],[139.65935,35.6822],[139.66001,35.68204],[139.66019,35.6817],[139.66011,35.68132],[139.66061,35.68111],[139.66007,35.6805],[139.65935,35.68003],[139.65985,35.6798],[139.66166,35.68038],[139.66199,35.67987],[139.66212,35.67983],[139.6622,35.67984],[139.6624,35.6797],[139.66253,35.67958],[139.66388,35.67963],[139.66384,35.67888],[139.66481,35.67891],[139.66473,35.67794],[139.66453,35.67774],[139.6634,35.67802],[139.66352,35.67722],[139.66368,35.67727],[139.66401,35.67656],[139.6651,35.67695],[139.66562,35.67747],[139.66601,35.67825],[139.66637,35.67871],[139.66755,35.67977],[139.66741,35.67991],[139.66791,35.68021],[139.66851,35.68034],[139.66912,35.68068],[139.6696,35.68079],[139.66967,35.6808],[139.67134,35.6815],[139.67147,35.68164],[139.67189,35.68214],[139.67236,35.68249],[139.67336,35.68328],[139.67423,35.6837],[139.67485,35.6845],[139.67521,35.68475],[139.67585,35.68578],[139.67628,35.68622],[139.67699,35.68672],[139.67728,35.68694],[139.67813,35.68759]],[[139.6625,35.68479],[139.66249,35.68479],[139.66258,35.68481],[139.6625,35.68479]],[[139.68651,35.70613],[139.68663,35.70622],[139.68668,35.70623],[139.68651,35.70613]],[[139.66547,35.70533],[139.66546,35.70545],[139.66605,35.70535],[139.66547,35.70533]],[[139.6778,35.712],[139.67783,35.71208],[139.67793,35.71202],[139.6778,35.712]],[[139.6662,35.71429],[139.66618,35.71429],[139.66631,35.71439],[139.6662,35.71429]],[[139.66,35.71289],[139.65994,35.71335],[139.65995,35.71334],[139.66,35.71289]],[[139.66924,35.71749],[139.66926,35.71748],[139.66908,35.71724],[139.66924,35.71749]],[[139.65376,35.71423],[139.65354,35.71422],[139.65376,35.71454],[139.65376,35.71423]],[[139.65377,35.71943],[139.65377,35.71945],[139.65405,35.71936],[139.65377,35.71943]],[[139.63808,35.72268],[139.63811,35.72308],[139.63808,35.72263],[139.63808,35.72268]]]}},{"type":"Feature","properties":{"nm":"杉並区","b":[139.585,35.6659,139.6678,35.7315],"c":[139.62535,35.69688]},"geometry":{"type":"Polygon","coordinates":[[[139.66143,35.67281],[139.66138,35.67294],[139.6618,35.67368],[139.66146,35.67441],[139.66189,35.67568],[139.66337,35.67626],[139.66382,35.67647],[139.66401,35.67656],[139.66368,35.67727],[139.66352,35.67722],[139.6634,35.67802],[139.66453,35.67774],[139.66473,35.67794],[139.66481,35.67891],[139.66384,35.67888],[139.66388,35.67963],[139.66253,35.67958],[139.6624,35.6797],[139.6622,35.67984],[139.66212,35.67983],[139.66199,35.67987],[139.66166,35.68038],[139.65985,35.6798],[139.65935,35.68003],[139.66007,35.6805],[139.66061,35.68111],[139.66011,35.68132],[139.66019,35.6817],[139.66001,35.68204],[139.65935,35.6822],[139.65942,35.68317],[139.65926,35.68319],[139.65958,35.68365],[139.65995,35.68365],[139.66016,35.68414],[139.66052,35.68423],[139.6602,35.6849],[139.65988,35.68478],[139.65979,35.68512],[139.65938,35.68514],[139.65954,35.68572],[139.6592,35.68603],[139.65916,35.68664],[139.65918,35.68669],[139.66087,35.68676],[139.66188,35.68718],[139.66343,35.68802],[139.66386,35.68904],[139.66416,35.68926],[139.66636,35.69041],[139.66659,35.69062],[139.66681,35.69084],[139.667,35.69095],[139.66696,35.69119],[139.66781,35.69137],[139.66769,35.69187],[139.66752,35.69186],[139.66727,35.69329],[139.66739,35.69375],[139.6667,35.69346],[139.66592,35.69473],[139.66542,35.69465],[139.66492,35.69538],[139.66445,35.69542],[139.66145,35.69506],[139.66096,35.69483],[139.66084,35.69546],[139.66038,35.69646],[139.66105,35.6966],[139.66098,35.69689],[139.66097,35.69719],[139.66193,35.697],[139.66197,35.6975],[139.6624,35.69858],[139.66236,35.69886],[139.66234,35.69892],[139.66217,35.69931],[139.6618,35.69932],[139.66197,35.69999],[139.66178,35.70022],[139.66155,35.70022],[139.66155,35.70068],[139.66153,35.70081],[139.66145,35.70118],[139.66108,35.70141],[139.66071,35.70137],[139.66115,35.70251],[139.66099,35.7048],[139.65852,35.70509],[139.658,35.70518],[139.65817,35.70545],[139.6582,35.7056],[139.65819,35.7057],[139.65804,35.7076],[139.65801,35.7092],[139.6575,35.70919],[139.65628,35.70913],[139.65611,35.70924],[139.65605,35.70909],[139.65593,35.70908],[139.65517,35.70923],[139.655,35.7091],[139.65442,35.7091],[139.65425,35.70909],[139.65405,35.70928],[139.6529,35.70916],[139.65163,35.70901],[139.65101,35.70903],[139.65094,35.70942],[139.64995,35.70968],[139.64973,35.70974],[139.64736,35.71039],[139.64601,35.7108],[139.64353,35.71148],[139.6428,35.7117],[139.6422,35.71225],[139.64142,35.71277],[139.64153,35.71347],[139.64158,35.71487],[139.64122,35.71504],[139.64111,35.71508],[139.64073,35.71522],[139.63816,35.71598],[139.63736,35.71649],[139.63602,35.7167],[139.63599,35.7167],[139.63284,35.71705],[139.63225,35.7171],[139.63199,35.71739],[139.63172,35.71764],[139.63136,35.71811],[139.63115,35.71852],[139.63131,35.71911],[139.63154,35.7194],[139.63156,35.71998],[139.63044,35.72084],[139.62952,35.72039],[139.62883,35.72097],[139.62816,35.72191],[139.62806,35.72247],[139.62768,35.72331],[139.62753,35.72358],[139.62752,35.72361],[139.62686,35.72469],[139.62543,35.72733],[139.62425,35.72953],[139.62444,35.73008],[139.62333,35.73023],[139.62308,35.73027],[139.62275,35.73035],[139.62187,35.73042],[139.62182,35.73043],[139.62102,35.73045],[139.62029,35.73036],[139.61987,35.73019],[139.62023,35.73145],[139.61783,35.73093],[139.61683,35.73055],[139.617,35.73003],[139.61596,35.7298],[139.61582,35.72985],[139.61574,35.73015],[139.61549,35.73008],[139.61541,35.7301],[139.61467,35.72995],[139.61351,35.72954],[139.6131,35.72943],[139.61184,35.72911],[139.60981,35.7286],[139.60871,35.72818],[139.6086,35.72813],[139.6083,35.72793],[139.60707,35.72756],[139.60603,35.72729],[139.60435,35.72684],[139.60222,35.72591],[139.6018,35.72577],[139.60193,35.72542],[139.60147,35.72536],[139.60023,35.72402],[139.60001,35.72389],[139.59977,35.72374],[139.59825,35.7232],[139.59756,35.72283],[139.59693,35.72229],[139.5966,35.72215],[139.59578,35.72203],[139.59582,35.72157],[139.5952,35.72048],[139.59504,35.72018],[139.59392,35.71803],[139.59386,35.71803],[139.59273,35.71849],[139.59088,35.71998],[139.59021,35.72027],[139.58852,35.72014],[139.58712,35.71973],[139.58608,35.71912],[139.58515,35.7179],[139.58504,35.7169],[139.58511,35.71634],[139.5854,35.71595],[139.58565,35.71547],[139.58638,35.71456],[139.58667,35.71397],[139.58695,35.71304],[139.58702,35.71263],[139.58672,35.71174],[139.58749,35.71143],[139.58894,35.71033],[139.5908,35.70914],[139.59228,35.70784],[139.59328,35.70701],[139.59377,35.70673],[139.59492,35.70608],[139.5955,35.70568],[139.59443,35.70374],[139.59284,35.70087],[139.59272,35.70094],[139.59182,35.69889],[139.59141,35.69789],[139.5914,35.69789],[139.5914,35.69787],[139.59007,35.69482],[139.58813,35.69558],[139.58676,35.69414],[139.58701,35.69382],[139.58754,35.69357],[139.58805,35.6931],[139.58907,35.69272],[139.58938,35.69261],[139.58985,35.69238],[139.59003,35.6922],[139.59033,35.69205],[139.59089,35.69173],[139.59115,35.69157],[139.59129,35.69148],[139.59134,35.69137],[139.59239,35.69052],[139.59286,35.68994],[139.59351,35.6894],[139.59341,35.68926],[139.5938,35.68882],[139.59351,35.68876],[139.59309,35.68903],[139.59282,35.68899],[139.59284,35.68883],[139.59295,35.68834],[139.59283,35.68795],[139.59188,35.68783],[139.59128,35.68751],[139.59054,35.68687],[139.59168,35.68606],[139.59151,35.6858],[139.59151,35.68578],[139.59149,35.68542],[139.59256,35.68511],[139.59241,35.6848],[139.59242,35.68447],[139.59204,35.68432],[139.59242,35.68402],[139.59311,35.68321],[139.59291,35.68288],[139.59403,35.6823],[139.59451,35.68234],[139.59711,35.68211],[139.59817,35.68198],[139.5988,35.68187],[139.60128,35.68121],[139.60209,35.68097],[139.60302,35.68062],[139.6035,35.68014],[139.60352,35.68013],[139.60356,35.6801],[139.60455,35.67941],[139.60507,35.67905],[139.60574,35.67846],[139.6064,35.67793],[139.6068,35.67758],[139.60731,35.67676],[139.60751,35.67605],[139.60768,35.67637],[139.60848,35.67643],[139.60915,35.67508],[139.60886,35.67472],[139.60928,35.67473],[139.60936,35.67405],[139.60894,35.67404],[139.60902,35.67273],[139.60899,35.67169],[139.60909,35.67066],[139.60923,35.67023],[139.60936,35.67067],[139.61063,35.67087],[139.6107,35.67052],[139.6114,35.67046],[139.61129,35.66998],[139.61247,35.67029],[139.61347,35.67049],[139.61421,35.66962],[139.61479,35.66916],[139.61555,35.66957],[139.61529,35.66912],[139.61595,35.66915],[139.61607,35.66941],[139.61622,35.6696],[139.61647,35.66991],[139.61639,35.67039],[139.61648,35.67151],[139.61664,35.67156],[139.61669,35.67255],[139.61336,35.67282],[139.61344,35.67372],[139.61282,35.67426],[139.61191,35.67457],[139.61147,35.67494],[139.61022,35.67652],[139.6106,35.67655],[139.61189,35.67622],[139.61193,35.6755],[139.61221,35.67549],[139.6125,35.67603],[139.61327,35.67555],[139.61396,35.67532],[139.61458,35.67505],[139.61493,35.6749],[139.61725,35.67423],[139.61956,35.67344],[139.62114,35.6728],[139.62214,35.67223],[139.62318,35.67149],[139.62313,35.67061],[139.6248,35.67036],[139.62487,35.66925],[139.62555,35.6692],[139.62618,35.66915],[139.62912,35.66882],[139.62978,35.66871],[139.63269,35.66822],[139.63333,35.66797],[139.63423,35.66775],[139.63606,35.667],[139.63695,35.66666],[139.63687,35.66612],[139.63809,35.66592],[139.63899,35.66591],[139.63931,35.66588],[139.64021,35.66628],[139.64147,35.66668],[139.64138,35.66726],[139.64137,35.66732],[139.64133,35.66759],[139.64159,35.66762],[139.64161,35.66756],[139.64481,35.66797],[139.6455,35.66809],[139.64691,35.6685],[139.64828,35.66911],[139.64986,35.66998],[139.65018,35.67009],[139.65017,35.67031],[139.65264,35.67074],[139.65434,35.67093],[139.65444,35.67063],[139.65566,35.6709],[139.65661,35.67126],[139.65709,35.67159],[139.65987,35.67239],[139.66072,35.67259],[139.6607,35.67261],[139.66143,35.67281]],[[139.64629,35.67412],[139.64624,35.67413],[139.6465,35.67409],[139.64629,35.67412]],[[139.63385,35.66908],[139.63425,35.66954],[139.63388,35.66907],[139.63385,35.66908]],[[139.62678,35.67536],[139.62658,35.67541],[139.62678,35.67537],[139.62709,35.67531],[139.62678,35.67536]],[[139.6544,35.6935],[139.65436,35.69416],[139.65437,35.69421],[139.6544,35.6935]],[[139.64611,35.6917],[139.64613,35.69171],[139.64663,35.6916],[139.64611,35.6917]],[[139.64935,35.70546],[139.64947,35.70562],[139.6494,35.70546],[139.64935,35.70546]],[[139.63074,35.69084],[139.63064,35.69093],[139.63081,35.69097],[139.63074,35.69084]],[[139.61742,35.69881],[139.61713,35.69881],[139.61742,35.69884],[139.61742,35.69881]],[[139.6085,35.70398],[139.6085,35.70417],[139.60868,35.70417],[139.6085,35.70398]],[[139.62154,35.72434],[139.62151,35.72435],[139.62156,35.72525],[139.62154,35.72434]]]}},{"type":"Feature","properties":{"nm":"豊島区","b":[139.6775,35.7123,139.7527,35.746],"c":[139.71166,35.7316]},"geometry":{"type":"Polygon","coordinates":[[[139.75268,35.73526],[139.75221,35.73548],[139.75155,35.73576],[139.75116,35.73579],[139.7499,35.73648],[139.7495,35.7368],[139.74924,35.73723],[139.74911,35.73752],[139.74841,35.7388],[139.74783,35.73919],[139.74675,35.73988],[139.74633,35.73877],[139.74599,35.73881],[139.74602,35.73911],[139.74542,35.73927],[139.74453,35.73919],[139.74439,35.73887],[139.74405,35.73887],[139.744,35.73942],[139.74424,35.74066],[139.74451,35.74087],[139.74415,35.74117],[139.74258,35.7416],[139.74186,35.74205],[139.74111,35.74235],[139.74025,35.74198],[139.73845,35.74136],[139.73685,35.74091],[139.73545,35.74054],[139.73508,35.74063],[139.73458,35.74103],[139.73433,35.74154],[139.73353,35.74223],[139.73293,35.74287],[139.73217,35.74317],[139.73195,35.74319],[139.73238,35.74376],[139.73238,35.74421],[139.7327,35.74422],[139.73292,35.74465],[139.73285,35.74494],[139.73148,35.74508],[139.72908,35.74494],[139.72787,35.7451],[139.72774,35.7447],[139.72772,35.7446],[139.72752,35.74383],[139.72637,35.74227],[139.7262,35.74205],[139.72456,35.7406],[139.72493,35.74015],[139.72542,35.74024],[139.72566,35.73982],[139.7256,35.73966],[139.72501,35.74004],[139.72465,35.73961],[139.72405,35.73967],[139.72392,35.7399],[139.72359,35.74036],[139.72288,35.74093],[139.72173,35.74148],[139.72027,35.74182],[139.71999,35.74216],[139.71997,35.74334],[139.71962,35.74426],[139.71951,35.74514],[139.71918,35.74521],[139.71911,35.74524],[139.71881,35.74531],[139.71797,35.74543],[139.71791,35.74582],[139.71766,35.74547],[139.71608,35.74565],[139.71478,35.74598],[139.71448,35.74543],[139.71317,35.7456],[139.71261,35.74568],[139.71179,35.7458],[139.71078,35.74593],[139.7104,35.74596],[139.71021,35.74591],[139.70999,35.74567],[139.70969,35.74522],[139.7095,35.74492],[139.70932,35.74469],[139.70917,35.7445],[139.70898,35.74424],[139.7089,35.7432],[139.7087,35.74277],[139.70852,35.74238],[139.70837,35.74203],[139.70737,35.74101],[139.7072,35.74083],[139.70565,35.73926],[139.70483,35.73843],[139.70458,35.73815],[139.70436,35.7379],[139.70403,35.73754],[139.70384,35.73689],[139.70373,35.73645],[139.70356,35.73577],[139.70262,35.73598],[139.70197,35.73612],[139.70188,35.73642],[139.70172,35.73711],[139.70159,35.73709],[139.70208,35.73724],[139.70077,35.74003],[139.69905,35.73987],[139.69895,35.74056],[139.69888,35.74102],[139.69868,35.74229],[139.69465,35.74213],[139.69465,35.7431],[139.69409,35.74291],[139.6935,35.74292],[139.69327,35.74305],[139.69274,35.74346],[139.69257,35.74348],[139.69209,35.74304],[139.68986,35.7414],[139.6894,35.74115],[139.68822,35.74071],[139.68582,35.74003],[139.68534,35.7399],[139.68324,35.73924],[139.68249,35.73903],[139.68239,35.73901],[139.68165,35.73887],[139.68104,35.73876],[139.68071,35.73828],[139.68112,35.73774],[139.68066,35.73758],[139.68033,35.73684],[139.68044,35.73675],[139.67953,35.73578],[139.67907,35.73557],[139.67901,35.7349],[139.67851,35.73444],[139.67886,35.73399],[139.67918,35.73332],[139.67912,35.73327],[139.67913,35.7326],[139.67764,35.73176],[139.67837,35.73102],[139.67806,35.73066],[139.67753,35.72956],[139.67934,35.72851],[139.67945,35.72819],[139.68007,35.72788],[139.68059,35.72761],[139.68064,35.72783],[139.68135,35.72734],[139.68148,35.72665],[139.68175,35.72598],[139.6819,35.72523],[139.68197,35.72484],[139.68227,35.72455],[139.68198,35.72449],[139.68222,35.72392],[139.68257,35.72403],[139.68296,35.72359],[139.68418,35.72376],[139.68437,35.72299],[139.68437,35.72274],[139.68603,35.72291],[139.68611,35.72291],[139.68662,35.72292],[139.68971,35.72284],[139.69,35.72276],[139.69027,35.72274],[139.69076,35.7227],[139.69257,35.72254],[139.69277,35.72252],[139.69423,35.72234],[139.6946,35.72212],[139.69485,35.72202],[139.69502,35.72229],[139.69584,35.72208],[139.69605,35.72224],[139.6973,35.72214],[139.69731,35.72207],[139.69849,35.7223],[139.69851,35.72231],[139.6992,35.72275],[139.6995,35.72282],[139.69992,35.72351],[139.70132,35.72344],[139.70287,35.72328],[139.704,35.72304],[139.70469,35.7228],[139.70429,35.72223],[139.70485,35.72197],[139.70508,35.72182],[139.7058,35.72149],[139.70505,35.72077],[139.70453,35.72015],[139.70491,35.7198],[139.70515,35.71921],[139.70581,35.71862],[139.7055,35.71773],[139.70565,35.71747],[139.70563,35.71665],[139.70533,35.71677],[139.70548,35.71632],[139.70487,35.71631],[139.7044,35.71616],[139.70458,35.71514],[139.70468,35.71494],[139.70476,35.71487],[139.70504,35.71471],[139.70514,35.71469],[139.70557,35.71447],[139.70577,35.71403],[139.70527,35.71408],[139.70524,35.71391],[139.7059,35.71383],[139.70579,35.71363],[139.70636,35.71353],[139.7076,35.71383],[139.70906,35.71382],[139.71029,35.71354],[139.71056,35.71393],[139.71098,35.71441],[139.71154,35.71491],[139.71174,35.71488],[139.71201,35.71481],[139.71321,35.71403],[139.7137,35.71351],[139.71425,35.71328],[139.71486,35.71306],[139.71493,35.7132],[139.71551,35.71313],[139.71573,35.71363],[139.71641,35.71342],[139.7167,35.71305],[139.717,35.71294],[139.71759,35.71289],[139.71798,35.71281],[139.71803,35.71266],[139.71929,35.71252],[139.71959,35.71301],[139.71991,35.71289],[139.71991,35.71287],[139.71973,35.71253],[139.71985,35.71242],[139.7199,35.71241],[139.72001,35.71232],[139.72025,35.71243],[139.72028,35.71243],[139.72034,35.71244],[139.72036,35.71244],[139.72034,35.71258],[139.72052,35.71287],[139.72079,35.71263],[139.72082,35.71252],[139.72092,35.7125],[139.72164,35.7125],[139.72193,35.71246],[139.72226,35.71237],[139.72233,35.71233],[139.7222,35.71251],[139.72144,35.71298],[139.72079,35.71337],[139.71998,35.71378],[139.71903,35.7141],[139.71754,35.71439],[139.71727,35.71467],[139.71732,35.71496],[139.71751,35.71574],[139.71775,35.71666],[139.71792,35.71689],[139.71797,35.71695],[139.71782,35.71703],[139.71787,35.7172],[139.71793,35.71755],[139.71827,35.71795],[139.71927,35.71749],[139.71956,35.71831],[139.71984,35.71824],[139.72067,35.71839],[139.72085,35.71855],[139.7214,35.71853],[139.72179,35.71894],[139.72212,35.71869],[139.72279,35.71893],[139.72312,35.71975],[139.72428,35.7201],[139.72462,35.7198],[139.7248,35.71998],[139.72436,35.72034],[139.72393,35.72117],[139.72374,35.72194],[139.72327,35.72245],[139.72316,35.72304],[139.72304,35.72344],[139.72301,35.72435],[139.72267,35.72504],[139.72311,35.72514],[139.72363,35.72527],[139.72435,35.72544],[139.72437,35.72604],[139.72474,35.72608],[139.72533,35.7261],[139.72489,35.72631],[139.72468,35.72641],[139.72467,35.72661],[139.7248,35.72666],[139.72538,35.72653],[139.72557,35.72679],[139.72619,35.7265],[139.72636,35.72708],[139.72723,35.72679],[139.72819,35.72624],[139.72875,35.72577],[139.72934,35.72556],[139.72967,35.72599],[139.72965,35.72611],[139.72985,35.72621],[139.73011,35.72591],[139.73034,35.72548],[139.7307,35.72521],[139.73119,35.72425],[139.73183,35.72443],[139.73201,35.72417],[139.73228,35.72426],[139.73202,35.72464],[139.73282,35.72497],[139.73303,35.72532],[139.7333,35.72505],[139.73393,35.72553],[139.73427,35.72517],[139.73468,35.72538],[139.7348,35.72523],[139.7353,35.72527],[139.73555,35.72494],[139.73576,35.72506],[139.73582,35.72509],[139.73606,35.72523],[139.73584,35.72564],[139.73536,35.72605],[139.73747,35.72686],[139.73726,35.72725],[139.73693,35.72712],[139.7368,35.72737],[139.73713,35.72754],[139.73668,35.72828],[139.73625,35.72862],[139.73552,35.72924],[139.73675,35.73019],[139.7372,35.73062],[139.73748,35.7307],[139.73762,35.73093],[139.73819,35.73135],[139.73809,35.73144],[139.73882,35.73198],[139.73999,35.73104],[139.74062,35.73037],[139.74079,35.73047],[139.74086,35.73046],[139.74099,35.73033],[139.74165,35.7307],[139.74122,35.73115],[139.74341,35.73272],[139.74307,35.733],[139.74327,35.73316],[139.74296,35.73337],[139.74271,35.73326],[139.74226,35.73346],[139.74188,35.73382],[139.74236,35.7338],[139.74306,35.7348],[139.74337,35.73465],[139.74411,35.73509],[139.74442,35.73552],[139.74528,35.73592],[139.74533,35.7359],[139.74705,35.73511],[139.74737,35.73548],[139.74777,35.73491],[139.74767,35.73471],[139.74754,35.73442],[139.74821,35.7335],[139.74845,35.73374],[139.74877,35.73347],[139.74889,35.73352],[139.749,35.73338],[139.74877,35.73324],[139.74914,35.73298],[139.74924,35.73286],[139.75001,35.73334],[139.75062,35.73393],[139.75018,35.73424],[139.75088,35.73451],[139.75128,35.73482],[139.7515,35.73471],[139.75169,35.73494],[139.75268,35.73526]],[[139.72122,35.73341],[139.72063,35.73357],[139.72083,35.73352],[139.72122,35.73341]],[[139.71243,35.7313],[139.71213,35.73137],[139.71216,35.73146],[139.71243,35.7313]],[[139.71223,35.74055],[139.7122,35.74076],[139.7122,35.74096],[139.71222,35.74072],[139.71223,35.74055]]]}},{"type":"Feature","properties":{"nm":"北区","b":[139.6892,35.7318,139.7709,35.7986],"c":[139.72886,35.7659]},"geometry":{"type":"Polygon","coordinates":[[[139.73817,35.76987],[139.73682,35.77024],[139.7362,35.77076],[139.73581,35.77191],[139.73579,35.77257],[139.73604,35.77371],[139.73659,35.77492],[139.73767,35.77666],[139.73809,35.77745],[139.73839,35.77837],[139.73846,35.77886],[139.73835,35.77954],[139.73804,35.78021],[139.73722,35.7814],[139.7369,35.78179],[139.7373,35.78238],[139.73808,35.78387],[139.73826,35.78444],[139.73833,35.78515],[139.73824,35.78578],[139.73769,35.78674],[139.73618,35.78797],[139.73528,35.78844],[139.73367,35.78894],[139.73204,35.78911],[139.73083,35.78877],[139.73032,35.78852],[139.72883,35.78797],[139.72688,35.7875],[139.72576,35.78733],[139.7254,35.78769],[139.72513,35.78841],[139.7248,35.78893],[139.72401,35.78972],[139.7227,35.79054],[139.7215,35.79117],[139.72017,35.79171],[139.71887,35.79208],[139.71774,35.79218],[139.71651,35.79221],[139.71422,35.79211],[139.71287,35.7921],[139.71203,35.79217],[139.71067,35.7922],[139.7092,35.7924],[139.70769,35.79268],[139.7064,35.79316],[139.70518,35.79377],[139.70169,35.7961],[139.7,35.79713],[139.6988,35.79795],[139.6978,35.79857],[139.69767,35.79723],[139.69755,35.79684],[139.69698,35.796],[139.69655,35.79569],[139.69624,35.79574],[139.69537,35.79534],[139.69458,35.79566],[139.69299,35.79328],[139.69199,35.79199],[139.69081,35.79077],[139.69032,35.79002],[139.68993,35.78922],[139.68918,35.78714],[139.68971,35.78644],[139.69015,35.78582],[139.69038,35.78553],[139.69093,35.7849],[139.69221,35.78398],[139.69288,35.78355],[139.69399,35.783],[139.69557,35.78251],[139.6966,35.78227],[139.69784,35.7821],[139.69837,35.78211],[139.6985,35.78213],[139.6999,35.78273],[139.7024,35.78432],[139.70295,35.78354],[139.70322,35.78217],[139.7028,35.78196],[139.70254,35.78152],[139.70295,35.77999],[139.70314,35.77957],[139.70345,35.77839],[139.70427,35.7763],[139.70461,35.77516],[139.70432,35.77511],[139.70463,35.77485],[139.70458,35.77454],[139.70471,35.77417],[139.70437,35.77381],[139.70482,35.77377],[139.70545,35.77232],[139.70602,35.77],[139.70617,35.76956],[139.7063,35.76907],[139.70646,35.76787],[139.70658,35.76704],[139.70789,35.76595],[139.70814,35.76536],[139.70917,35.76563],[139.70926,35.7654],[139.70933,35.76519],[139.7094,35.76504],[139.70958,35.76508],[139.7103,35.76341],[139.71135,35.7637],[139.71176,35.76351],[139.71184,35.7635],[139.71203,35.76348],[139.71229,35.76347],[139.71246,35.76346],[139.71263,35.7633],[139.71266,35.76322],[139.71306,35.76316],[139.71319,35.76315],[139.71337,35.7629],[139.71452,35.76191],[139.71495,35.76166],[139.71519,35.76148],[139.71605,35.7609],[139.71648,35.76041],[139.71725,35.75919],[139.71779,35.75865],[139.71774,35.75856],[139.7183,35.75817],[139.71885,35.75753],[139.71949,35.75653],[139.72045,35.75613],[139.72025,35.7558],[139.72114,35.75542],[139.72097,35.75518],[139.72055,35.75535],[139.72034,35.75496],[139.7212,35.75459],[139.72103,35.75427],[139.72202,35.75391],[139.72228,35.75338],[139.72251,35.75311],[139.72252,35.752],[139.72262,35.752],[139.72276,35.75201],[139.72261,35.75122],[139.72264,35.7508],[139.72221,35.75075],[139.72206,35.74986],[139.72204,35.74983],[139.72176,35.74903],[139.72218,35.74883],[139.72197,35.7485],[139.72183,35.74848],[139.72173,35.74799],[139.722,35.74798],[139.72224,35.74777],[139.72222,35.74748],[139.7213,35.74747],[139.72122,35.7463],[139.72035,35.74667],[139.72024,35.74673],[139.7202,35.74639],[139.7197,35.74569],[139.71951,35.74514],[139.71962,35.74426],[139.71997,35.74334],[139.71999,35.74216],[139.72027,35.74182],[139.72173,35.74148],[139.72288,35.74093],[139.72359,35.74036],[139.72392,35.7399],[139.72405,35.73967],[139.72465,35.73961],[139.72501,35.74004],[139.7256,35.73966],[139.72566,35.73982],[139.72542,35.74024],[139.72493,35.74015],[139.72456,35.7406],[139.7262,35.74205],[139.72637,35.74227],[139.72752,35.74383],[139.72772,35.7446],[139.72774,35.7447],[139.72787,35.7451],[139.72908,35.74494],[139.73148,35.74508],[139.73285,35.74494],[139.73292,35.74465],[139.7327,35.74422],[139.73238,35.74421],[139.73238,35.74376],[139.73195,35.74319],[139.73217,35.74317],[139.73293,35.74287],[139.73353,35.74223],[139.73433,35.74154],[139.73458,35.74103],[139.73508,35.74063],[139.73545,35.74054],[139.73685,35.74091],[139.73845,35.74136],[139.74025,35.74198],[139.74111,35.74235],[139.74186,35.74205],[139.74258,35.7416],[139.74415,35.74117],[139.74451,35.74087],[139.74424,35.74066],[139.744,35.73942],[139.74405,35.73887],[139.74439,35.73887],[139.74453,35.73919],[139.74542,35.73927],[139.74602,35.73911],[139.74599,35.73881],[139.74633,35.73877],[139.74675,35.73988],[139.74783,35.73919],[139.74841,35.7388],[139.74911,35.73752],[139.74924,35.73723],[139.7495,35.7368],[139.7499,35.73648],[139.75116,35.73579],[139.75155,35.73576],[139.75221,35.73548],[139.75268,35.73526],[139.75343,35.735],[139.75353,35.73508],[139.75419,35.73465],[139.75446,35.73451],[139.75496,35.73426],[139.75632,35.73373],[139.75672,35.73359],[139.75803,35.73289],[139.75861,35.7327],[139.75868,35.73268],[139.75996,35.73184],[139.76024,35.73177],[139.76029,35.73179],[139.76047,35.73186],[139.76097,35.7322],[139.76123,35.73229],[139.76132,35.73237],[139.76184,35.73289],[139.76148,35.73376],[139.76212,35.73397],[139.76254,35.73362],[139.7627,35.73371],[139.76331,35.73354],[139.76434,35.7346],[139.76351,35.73532],[139.76486,35.73581],[139.76587,35.73624],[139.76809,35.737],[139.76848,35.73714],[139.77087,35.73795],[139.77069,35.73818],[139.76984,35.73901],[139.76943,35.73922],[139.76918,35.73896],[139.76867,35.73924],[139.76878,35.73988],[139.76846,35.73984],[139.76817,35.74106],[139.7682,35.7414],[139.76689,35.74145],[139.76571,35.7416],[139.76534,35.74193],[139.76446,35.74245],[139.76411,35.74278],[139.76425,35.74361],[139.76409,35.74411],[139.76357,35.74391],[139.76328,35.7439],[139.76319,35.74369],[139.76268,35.7435],[139.76255,35.74368],[139.76234,35.74358],[139.76186,35.74359],[139.76094,35.74365],[139.76048,35.74389],[139.76009,35.74342],[139.75745,35.74503],[139.75721,35.74518],[139.7579,35.74607],[139.75796,35.74613],[139.75797,35.74741],[139.75797,35.74746],[139.75535,35.74749],[139.7552,35.74757],[139.75492,35.74773],[139.7552,35.7481],[139.75523,35.74889],[139.75458,35.74892],[139.75459,35.74918],[139.75346,35.74923],[139.75239,35.74928],[139.75228,35.74916],[139.7512,35.74975],[139.75103,35.74954],[139.74963,35.75029],[139.74985,35.75097],[139.74958,35.75105],[139.74944,35.75112],[139.74956,35.75147],[139.74996,35.75178],[139.75036,35.7523],[139.75066,35.75232],[139.75069,35.75238],[139.75092,35.75262],[139.75102,35.7536],[139.75179,35.75362],[139.75182,35.75375],[139.75371,35.75353],[139.75433,35.75348],[139.75659,35.75333],[139.75724,35.75319],[139.75775,35.75483],[139.75627,35.7551],[139.75253,35.75571],[139.75151,35.75594],[139.75071,35.75619],[139.74943,35.75679],[139.74852,35.75747],[139.74822,35.75813],[139.74825,35.75882],[139.74849,35.75939],[139.74885,35.75973],[139.74933,35.76004],[139.75044,35.76067],[139.75251,35.76176],[139.75444,35.76284],[139.75483,35.76308],[139.75646,35.76375],[139.7582,35.76453],[139.7588,35.76499],[139.75977,35.76604],[139.76017,35.7667],[139.76025,35.76736],[139.75997,35.76835],[139.75929,35.76918],[139.75796,35.77003],[139.75762,35.76995],[139.75722,35.76966],[139.75549,35.76864],[139.75478,35.76829],[139.754,35.76808],[139.75099,35.76741],[139.74987,35.76727],[139.74783,35.7671],[139.74704,35.76704],[139.74584,35.76712],[139.74573,35.76714],[139.74472,35.76744],[139.74282,35.76825],[139.74149,35.76888],[139.73974,35.76951],[139.73892,35.76971],[139.73817,35.76987]],[[139.76406,35.74028],[139.76365,35.74016],[139.76398,35.74033],[139.76406,35.74028]]]}},{"type":"Feature","properties":{"nm":"荒川区","b":[139.7494,35.7248,139.8146,35.7548],"c":[139.78135,35.73992]},"geometry":{"type":"Polygon","coordinates":[[[139.79519,35.72877],[139.79949,35.72892],[139.79963,35.72894],[139.80129,35.72906],[139.80166,35.72903],[139.80278,35.72885],[139.80535,35.72849],[139.80538,35.72849],[139.80976,35.72795],[139.80977,35.72808],[139.80977,35.72815],[139.80997,35.72907],[139.81018,35.72987],[139.8103,35.73034],[139.81104,35.73253],[139.81157,35.73337],[139.81335,35.73523],[139.814,35.736],[139.81424,35.73637],[139.81457,35.73715],[139.81464,35.73793],[139.81463,35.73851],[139.81458,35.73905],[139.81418,35.73988],[139.81386,35.74029],[139.81366,35.74048],[139.81315,35.74077],[139.81202,35.74107],[139.811,35.74124],[139.80998,35.74109],[139.80924,35.74085],[139.80872,35.74073],[139.80512,35.73942],[139.80342,35.7389],[139.80264,35.73871],[139.80134,35.73872],[139.80127,35.73872],[139.79844,35.73917],[139.79747,35.73937],[139.79559,35.73969],[139.7948,35.7399],[139.79292,35.74054],[139.79245,35.74074],[139.79143,35.74139],[139.79079,35.74201],[139.78912,35.7441],[139.78899,35.74435],[139.78842,35.74556],[139.78832,35.74607],[139.78834,35.74639],[139.78885,35.74734],[139.78921,35.74766],[139.79016,35.74827],[139.79129,35.74883],[139.79144,35.74934],[139.79135,35.75007],[139.79114,35.75052],[139.79057,35.75132],[139.78925,35.75244],[139.78897,35.75262],[139.78774,35.75298],[139.78758,35.75302],[139.78571,35.75362],[139.78381,35.7539],[139.78365,35.75393],[139.7835,35.75395],[139.78313,35.75397],[139.78258,35.75399],[139.78207,35.754],[139.78177,35.75401],[139.77962,35.75395],[139.77741,35.75384],[139.77652,35.75378],[139.77249,35.75368],[139.77174,35.75362],[139.77014,35.75361],[139.768,35.75373],[139.76604,35.75393],[139.76342,35.75415],[139.76254,35.75419],[139.76176,35.75426],[139.75935,35.75457],[139.75775,35.75483],[139.75724,35.75319],[139.75659,35.75333],[139.75433,35.75348],[139.75371,35.75353],[139.75182,35.75375],[139.75179,35.75362],[139.75102,35.7536],[139.75092,35.75262],[139.75069,35.75238],[139.75066,35.75232],[139.75036,35.7523],[139.74996,35.75178],[139.74956,35.75147],[139.74944,35.75112],[139.74958,35.75105],[139.74985,35.75097],[139.74963,35.75029],[139.75103,35.74954],[139.7512,35.74975],[139.75228,35.74916],[139.75239,35.74928],[139.75346,35.74923],[139.75459,35.74918],[139.75458,35.74892],[139.75523,35.74889],[139.7552,35.7481],[139.75492,35.74773],[139.7552,35.74757],[139.75535,35.74749],[139.75797,35.74746],[139.75797,35.74741],[139.75796,35.74613],[139.7579,35.74607],[139.75721,35.74518],[139.75745,35.74503],[139.76009,35.74342],[139.76048,35.74389],[139.76094,35.74365],[139.76186,35.74359],[139.76234,35.74358],[139.76255,35.74368],[139.76268,35.7435],[139.76319,35.74369],[139.76328,35.7439],[139.76357,35.74391],[139.76409,35.74411],[139.76425,35.74361],[139.76411,35.74278],[139.76446,35.74245],[139.76534,35.74193],[139.76571,35.7416],[139.76689,35.74145],[139.7682,35.7414],[139.76817,35.74106],[139.76846,35.73984],[139.76878,35.73988],[139.76867,35.73924],[139.76918,35.73896],[139.76943,35.73922],[139.76984,35.73901],[139.77069,35.73818],[139.77087,35.73795],[139.76848,35.73714],[139.76809,35.737],[139.76587,35.73624],[139.76486,35.73581],[139.76351,35.73532],[139.76434,35.7346],[139.76331,35.73354],[139.7627,35.73371],[139.76254,35.73362],[139.76212,35.73397],[139.76148,35.73376],[139.76184,35.73289],[139.76132,35.73237],[139.7616,35.73181],[139.76221,35.73162],[139.76257,35.73163],[139.76319,35.73133],[139.7635,35.73115],[139.76393,35.73092],[139.76406,35.73089],[139.76476,35.73056],[139.7651,35.73021],[139.76557,35.7295],[139.76565,35.72887],[139.76554,35.72854],[139.76578,35.72813],[139.76581,35.7277],[139.76669,35.72765],[139.76674,35.72746],[139.76718,35.72733],[139.76834,35.72766],[139.77002,35.72807],[139.77096,35.72731],[139.7713,35.72741],[139.7719,35.72703],[139.77225,35.72686],[139.7728,35.72633],[139.77264,35.72616],[139.77295,35.72595],[139.77298,35.72597],[139.77328,35.72619],[139.77357,35.72611],[139.7741,35.72662],[139.77598,35.72579],[139.77678,35.72526],[139.77817,35.72493],[139.77895,35.72491],[139.77902,35.7249],[139.78013,35.7248],[139.78107,35.72478],[139.78127,35.72479],[139.78128,35.72531],[139.78214,35.72553],[139.7823,35.72647],[139.78299,35.72665],[139.78302,35.72676],[139.78361,35.72747],[139.78369,35.72755],[139.78373,35.72758],[139.78426,35.72772],[139.78432,35.72772],[139.78585,35.72756],[139.78683,35.72777],[139.78796,35.72783],[139.78905,35.72832],[139.78958,35.72863],[139.78976,35.7288],[139.79002,35.72929],[139.79059,35.72993],[139.79148,35.73126],[139.79213,35.73106],[139.79217,35.73104],[139.7925,35.73086],[139.7924,35.73037],[139.79269,35.73008],[139.79313,35.73037],[139.79426,35.73033],[139.7943,35.72978],[139.79508,35.72979],[139.79519,35.72877]],[[139.78505,35.7497],[139.78523,35.74972],[139.7852,35.74968],[139.78519,35.74965],[139.78505,35.7497]]]}},{"type":"Feature","properties":{"nm":"板橋区","b":[139.6243,35.7358,139.7228,35.801],"c":[139.67643,35.77262]},"geometry":{"type":"Polygon","coordinates":[[[139.71951,35.74514],[139.7197,35.74569],[139.7202,35.74639],[139.72024,35.74673],[139.72035,35.74667],[139.72122,35.7463],[139.7213,35.74747],[139.72222,35.74748],[139.72224,35.74777],[139.722,35.74798],[139.72173,35.74799],[139.72183,35.74848],[139.72197,35.7485],[139.72218,35.74883],[139.72176,35.74903],[139.72204,35.74983],[139.72206,35.74986],[139.72221,35.75075],[139.72264,35.7508],[139.72261,35.75122],[139.72276,35.75201],[139.72262,35.752],[139.72252,35.752],[139.72251,35.75311],[139.72228,35.75338],[139.72202,35.75391],[139.72103,35.75427],[139.7212,35.75459],[139.72034,35.75496],[139.72055,35.75535],[139.72097,35.75518],[139.72114,35.75542],[139.72025,35.7558],[139.72045,35.75613],[139.71949,35.75653],[139.71885,35.75753],[139.7183,35.75817],[139.71774,35.75856],[139.71779,35.75865],[139.71725,35.75919],[139.71648,35.76041],[139.71605,35.7609],[139.71519,35.76148],[139.71495,35.76166],[139.71452,35.76191],[139.71337,35.7629],[139.71319,35.76315],[139.71306,35.76316],[139.71266,35.76322],[139.71256,35.76319],[139.71246,35.76346],[139.71229,35.76347],[139.71203,35.76348],[139.71184,35.7635],[139.71176,35.76351],[139.71135,35.7637],[139.7103,35.76341],[139.70958,35.76508],[139.7094,35.76504],[139.70933,35.76519],[139.70926,35.7654],[139.70917,35.76563],[139.70814,35.76536],[139.70789,35.76595],[139.70658,35.76704],[139.70646,35.76787],[139.7063,35.76907],[139.70617,35.76956],[139.70602,35.77],[139.70545,35.77232],[139.70482,35.77377],[139.70437,35.77381],[139.70471,35.77417],[139.70458,35.77454],[139.70463,35.77485],[139.70432,35.77511],[139.70461,35.77516],[139.70427,35.7763],[139.70345,35.77839],[139.70314,35.77957],[139.70295,35.77999],[139.70254,35.78152],[139.7028,35.78196],[139.70322,35.78217],[139.70295,35.78354],[139.7024,35.78432],[139.6999,35.78273],[139.6985,35.78213],[139.69837,35.78211],[139.69784,35.7821],[139.6966,35.78227],[139.69557,35.78251],[139.69399,35.783],[139.69288,35.78355],[139.69221,35.78398],[139.69093,35.7849],[139.69038,35.78553],[139.69015,35.78582],[139.68971,35.78644],[139.68918,35.78714],[139.68993,35.78922],[139.69032,35.79002],[139.69081,35.79077],[139.69199,35.79199],[139.69299,35.79328],[139.69458,35.79566],[139.69471,35.79585],[139.69519,35.79661],[139.69522,35.7978],[139.69483,35.79985],[139.69367,35.8004],[139.69092,35.80095],[139.68947,35.80103],[139.6877,35.801],[139.68567,35.80064],[139.68471,35.80051],[139.6834,35.80014],[139.68205,35.79964],[139.68096,35.79933],[139.67947,35.79905],[139.67839,35.79897],[139.67622,35.79899],[139.67395,35.79933],[139.67133,35.80028],[139.66904,35.80047],[139.66736,35.80055],[139.66583,35.80053],[139.6649,35.80061],[139.66284,35.80035],[139.6617,35.80028],[139.65943,35.80031],[139.65526,35.80053],[139.65433,35.80046],[139.6531,35.80026],[139.65166,35.79913],[139.65028,35.79834],[139.64799,35.79727],[139.64696,35.79775],[139.64505,35.79841],[139.64392,35.79889],[139.64291,35.7983],[139.64255,35.79787],[139.64242,35.79738],[139.64187,35.79748],[139.64189,35.79807],[139.64121,35.79835],[139.64072,35.79785],[139.64034,35.79816],[139.64022,35.79803],[139.64066,35.79724],[139.64026,35.79672],[139.64056,35.7964],[139.64075,35.79561],[139.63966,35.79543],[139.64026,35.79523],[139.64015,35.79513],[139.63985,35.79387],[139.63921,35.79372],[139.63891,35.79296],[139.63891,35.79257],[139.6386,35.79224],[139.63803,35.79201],[139.63768,35.79148],[139.63763,35.79081],[139.63661,35.79077],[139.63622,35.79049],[139.63566,35.79061],[139.63516,35.79079],[139.63412,35.7903],[139.63415,35.79003],[139.6337,35.78972],[139.6337,35.78934],[139.63344,35.78969],[139.63229,35.78907],[139.63241,35.78892],[139.63186,35.78845],[139.63227,35.78787],[139.63241,35.78739],[139.63218,35.78715],[139.63206,35.78741],[139.63169,35.78725],[139.63193,35.78648],[139.6315,35.78606],[139.63094,35.78595],[139.63078,35.78607],[139.6303,35.78562],[139.63053,35.78539],[139.6302,35.7851],[139.62955,35.78536],[139.62893,35.78524],[139.62801,35.78436],[139.62786,35.7837],[139.62798,35.78362],[139.62739,35.783],[139.62748,35.7827],[139.62682,35.78227],[139.62639,35.78238],[139.62618,35.78222],[139.62595,35.78201],[139.62583,35.78146],[139.62541,35.78112],[139.62489,35.78098],[139.62504,35.78061],[139.62434,35.78022],[139.62451,35.77996],[139.62568,35.77931],[139.62558,35.77878],[139.62528,35.77779],[139.6279,35.77751],[139.62864,35.77739],[139.62858,35.7771],[139.62958,35.777],[139.62946,35.77651],[139.62947,35.77542],[139.62908,35.77445],[139.62941,35.77412],[139.62935,35.77348],[139.62921,35.77189],[139.62968,35.77193],[139.63015,35.77245],[139.63236,35.77119],[139.63241,35.77124],[139.63262,35.77101],[139.63355,35.7706],[139.63352,35.77011],[139.63352,35.76995],[139.63446,35.7699],[139.63451,35.76887],[139.63536,35.76877],[139.63649,35.76872],[139.63812,35.76874],[139.63936,35.76876],[139.64099,35.76878],[139.64112,35.76878],[139.64151,35.76947],[139.64269,35.77072],[139.64555,35.76908],[139.64603,35.76888],[139.64688,35.76865],[139.6474,35.76856],[139.64746,35.76867],[139.64874,35.76878],[139.64924,35.76884],[139.65063,35.76903],[139.65215,35.76893],[139.65258,35.76872],[139.65303,35.76907],[139.6544,35.76927],[139.65471,35.76925],[139.65545,35.7692],[139.65638,35.76913],[139.65639,35.76913],[139.65742,35.76908],[139.658,35.76892],[139.66135,35.7687],[139.66322,35.76827],[139.66425,35.76817],[139.66436,35.76814],[139.66502,35.76806],[139.66711,35.7676],[139.66733,35.7676],[139.66779,35.76743],[139.66859,35.76735],[139.66889,35.76734],[139.66894,35.76724],[139.66899,35.76717],[139.66897,35.76717],[139.66905,35.76698],[139.66917,35.76672],[139.6694,35.76579],[139.6696,35.76549],[139.6701,35.76444],[139.67019,35.76397],[139.67068,35.76225],[139.67084,35.76207],[139.67182,35.76053],[139.67302,35.75959],[139.67364,35.75896],[139.67351,35.75884],[139.67385,35.75872],[139.67355,35.75719],[139.67345,35.75612],[139.67326,35.75523],[139.67329,35.7547],[139.67332,35.75465],[139.67371,35.75418],[139.67357,35.75329],[139.67444,35.75285],[139.67492,35.75228],[139.67496,35.75152],[139.6744,35.74986],[139.67402,35.74892],[139.67389,35.74867],[139.67348,35.748],[139.67296,35.74671],[139.67241,35.74581],[139.67222,35.74517],[139.67231,35.74451],[139.67357,35.74505],[139.6737,35.74475],[139.67477,35.7455],[139.67486,35.74545],[139.67534,35.74522],[139.67577,35.74556],[139.68095,35.74393],[139.68088,35.74329],[139.68073,35.74299],[139.6806,35.74241],[139.68021,35.74221],[139.68026,35.74216],[139.68032,35.74221],[139.6804,35.74224],[139.68041,35.74195],[139.68008,35.74213],[139.67992,35.74196],[139.67981,35.74184],[139.68025,35.74158],[139.68017,35.74157],[139.68013,35.74145],[139.68007,35.7414],[139.67964,35.74155],[139.67952,35.74134],[139.67924,35.74071],[139.67892,35.74043],[139.67926,35.73987],[139.67966,35.73938],[139.68022,35.7386],[139.68104,35.73876],[139.68165,35.73887],[139.68239,35.73901],[139.68249,35.73903],[139.68324,35.73924],[139.68534,35.7399],[139.68582,35.74003],[139.68822,35.74071],[139.6894,35.74115],[139.68986,35.7414],[139.69209,35.74304],[139.69257,35.74348],[139.69274,35.74346],[139.69327,35.74305],[139.6935,35.74292],[139.69409,35.74291],[139.69465,35.7431],[139.69465,35.74213],[139.69868,35.74229],[139.69888,35.74102],[139.69895,35.74056],[139.69905,35.73987],[139.70077,35.74003],[139.70208,35.73724],[139.70172,35.73711],[139.70188,35.73642],[139.70197,35.73612],[139.70262,35.73598],[139.70356,35.73577],[139.70373,35.73645],[139.70384,35.73689],[139.70403,35.73754],[139.70436,35.7379],[139.70458,35.73815],[139.70483,35.73843],[139.70565,35.73926],[139.7072,35.74083],[139.70737,35.74101],[139.70837,35.74203],[139.70852,35.74238],[139.7087,35.74277],[139.7089,35.7432],[139.70898,35.74424],[139.70917,35.7445],[139.70932,35.74469],[139.70969,35.74522],[139.70999,35.74567],[139.71021,35.74591],[139.7104,35.74596],[139.71078,35.74593],[139.71179,35.7458],[139.71261,35.74568],[139.71317,35.7456],[139.71448,35.74543],[139.71478,35.74598],[139.71608,35.74565],[139.71766,35.74547],[139.71791,35.74582],[139.71797,35.74543],[139.71881,35.74531],[139.71911,35.74524],[139.71918,35.74521],[139.71951,35.74514]],[[139.71478,35.74906],[139.7147,35.74932],[139.71492,35.7493],[139.71478,35.74906]],[[139.71181,35.75857],[139.71205,35.75897],[139.7122,35.7589],[139.71181,35.75857]],[[139.68601,35.74779],[139.68561,35.74761],[139.68569,35.74783],[139.68601,35.74779]],[[139.68816,35.74178],[139.68804,35.74179],[139.68817,35.74181],[139.68816,35.74178]],[[139.69155,35.77896],[139.69154,35.77931],[139.69161,35.77939],[139.69155,35.77896]],[[139.67593,35.77696],[139.67627,35.77656],[139.67608,35.77676],[139.67593,35.77696]],[[139.67058,35.77566],[139.67049,35.77605],[139.67051,35.77605],[139.67058,35.77566]],[[139.63495,35.77628],[139.63485,35.7764],[139.63513,35.77652],[139.63495,35.77628]],[[139.6536,35.78411],[139.6554,35.78362],[139.6542,35.78394],[139.6536,35.78411]],[[139.65812,35.77967],[139.6582,35.77968],[139.65859,35.77969],[139.65812,35.77967]],[[139.65783,35.78296],[139.65813,35.78358],[139.65792,35.78295],[139.65783,35.78296]]]}},{"type":"Feature","properties":{"nm":"練馬区","b":[139.5629,35.7117,139.6811,35.78],"c":[139.61766,35.74783]},"geometry":{"type":"MultiPolygon","coordinates":[[[[139.67806,35.73066],[139.67837,35.73102],[139.67764,35.73176],[139.67913,35.7326],[139.67912,35.73327],[139.67918,35.73332],[139.67886,35.73399],[139.67851,35.73444],[139.67901,35.7349],[139.67907,35.73557],[139.67953,35.73578],[139.68044,35.73675],[139.68033,35.73684],[139.68066,35.73758],[139.68112,35.73774],[139.68071,35.73828],[139.68104,35.73876],[139.68022,35.7386],[139.67966,35.73938],[139.67926,35.73987],[139.67892,35.74043],[139.67924,35.74071],[139.67952,35.74134],[139.67964,35.74155],[139.68007,35.7414],[139.68013,35.74145],[139.68017,35.74157],[139.68025,35.74158],[139.67981,35.74184],[139.67992,35.74196],[139.68008,35.74213],[139.68041,35.74195],[139.6804,35.74224],[139.68032,35.74221],[139.68026,35.74216],[139.68021,35.74221],[139.6806,35.74241],[139.68073,35.74299],[139.68088,35.74329],[139.68095,35.74393],[139.67577,35.74556],[139.67534,35.74522],[139.67486,35.74545],[139.67477,35.7455],[139.6737,35.74475],[139.67357,35.74505],[139.67231,35.74451],[139.67222,35.74517],[139.67241,35.74581],[139.67296,35.74671],[139.67348,35.748],[139.67389,35.74867],[139.67385,35.7487],[139.67402,35.74892],[139.6744,35.74986],[139.67496,35.75152],[139.67492,35.75228],[139.67444,35.75285],[139.67357,35.75329],[139.67371,35.75418],[139.67332,35.75465],[139.67329,35.7547],[139.67326,35.75523],[139.67345,35.75612],[139.67355,35.75719],[139.67385,35.75872],[139.67351,35.75884],[139.67364,35.75896],[139.67302,35.75959],[139.67182,35.76053],[139.67084,35.76207],[139.67068,35.76225],[139.67019,35.76397],[139.6701,35.76444],[139.6696,35.76549],[139.6694,35.76579],[139.66917,35.76672],[139.66905,35.76698],[139.66897,35.76717],[139.66894,35.76724],[139.66859,35.76735],[139.66779,35.76743],[139.66733,35.7676],[139.66711,35.7676],[139.66502,35.76806],[139.66436,35.76814],[139.66425,35.76817],[139.66322,35.76827],[139.66135,35.7687],[139.658,35.76892],[139.65742,35.76908],[139.65639,35.76913],[139.65639,35.769],[139.65638,35.76913],[139.65545,35.7692],[139.65471,35.76925],[139.6544,35.76927],[139.65303,35.76907],[139.65258,35.76872],[139.65215,35.76893],[139.65063,35.76903],[139.64924,35.76884],[139.64874,35.76878],[139.64746,35.76867],[139.6474,35.76856],[139.64688,35.76865],[139.64603,35.76888],[139.64555,35.76908],[139.64269,35.77072],[139.64151,35.76947],[139.64112,35.76878],[139.64099,35.76878],[139.63936,35.76876],[139.63812,35.76874],[139.63649,35.76872],[139.63536,35.76877],[139.63451,35.76887],[139.63446,35.7699],[139.63352,35.76995],[139.63352,35.77011],[139.63355,35.7706],[139.63262,35.77101],[139.63236,35.77119],[139.63015,35.77245],[139.62968,35.77193],[139.62921,35.77189],[139.62935,35.77348],[139.62941,35.77412],[139.62908,35.77445],[139.62947,35.77542],[139.62946,35.77651],[139.62958,35.777],[139.62858,35.7771],[139.62864,35.77739],[139.6279,35.77751],[139.62528,35.77779],[139.62558,35.77878],[139.62568,35.77931],[139.62451,35.77996],[139.62456,35.7788],[139.62433,35.77831],[139.62438,35.77684],[139.62424,35.77625],[139.62427,35.77518],[139.62401,35.77406],[139.62432,35.77397],[139.6242,35.77338],[139.6246,35.77331],[139.62532,35.77269],[139.62501,35.77233],[139.62476,35.77244],[139.62433,35.77182],[139.62399,35.7702],[139.62344,35.76857],[139.62332,35.76803],[139.62319,35.76668],[139.61969,35.7667],[139.61768,35.76661],[139.61769,35.76706],[139.61733,35.76818],[139.61696,35.76861],[139.61705,35.76927],[139.61686,35.77002],[139.61741,35.77018],[139.61631,35.7706],[139.61556,35.77073],[139.6132,35.77079],[139.61262,35.77072],[139.61211,35.77033],[139.61152,35.76954],[139.61119,35.76928],[139.61145,35.7701],[139.6119,35.77059],[139.61125,35.77077],[139.61105,35.77117],[139.61044,35.77094],[139.60979,35.77053],[139.60926,35.77001],[139.6087,35.76911],[139.60846,35.76928],[139.60806,35.7691],[139.6079,35.76929],[139.60707,35.76929],[139.60683,35.76966],[139.60655,35.771],[139.60635,35.77129],[139.60452,35.77049],[139.60404,35.77017],[139.60365,35.77051],[139.60316,35.77115],[139.60201,35.77063],[139.60072,35.76994],[139.60012,35.76949],[139.59962,35.76926],[139.5987,35.769],[139.59791,35.76991],[139.59886,35.77027],[139.59817,35.7706],[139.59738,35.7713],[139.59852,35.77244],[139.60021,35.77339],[139.60176,35.77473],[139.60269,35.77564],[139.59682,35.77663],[139.597,35.7774],[139.59705,35.77861],[139.59442,35.779],[139.59389,35.77729],[139.58875,35.77881],[139.58844,35.77813],[139.58742,35.77607],[139.58692,35.77523],[139.58586,35.77524],[139.58502,35.77527],[139.58445,35.77509],[139.58415,35.77474],[139.58405,35.77424],[139.58437,35.77385],[139.58441,35.7732],[139.58347,35.77284],[139.58273,35.77275],[139.58184,35.77253],[139.58205,35.77214],[139.58221,35.77116],[139.58172,35.77096],[139.58119,35.77123],[139.58109,35.77206],[139.5807,35.772],[139.58076,35.77132],[139.57806,35.77124],[139.57797,35.76974],[139.57747,35.76921],[139.57698,35.76793],[139.57605,35.76811],[139.57469,35.76822],[139.57407,35.76818],[139.57418,35.76742],[139.57447,35.76721],[139.57448,35.76625],[139.57396,35.7662],[139.57393,35.76638],[139.57231,35.76623],[139.57241,35.76564],[139.57068,35.76528],[139.57036,35.76555],[139.57078,35.76456],[139.57039,35.76457],[139.57051,35.7643],[139.57093,35.76448],[139.5715,35.76344],[139.57013,35.76309],[139.56974,35.76308],[139.56969,35.76329],[139.56921,35.76326],[139.56916,35.76353],[139.56846,35.76338],[139.56853,35.76305],[139.56802,35.76306],[139.56657,35.76249],[139.56682,35.76201],[139.56585,35.7618],[139.56529,35.76185],[139.56498,35.7629],[139.56393,35.76276],[139.5636,35.76282],[139.56328,35.76198],[139.56292,35.76156],[139.56371,35.76155],[139.56389,35.76029],[139.56401,35.75977],[139.56449,35.75926],[139.5648,35.75881],[139.56506,35.75847],[139.56533,35.75849],[139.56605,35.75735],[139.56616,35.75695],[139.56664,35.75684],[139.56675,35.75558],[139.56717,35.75543],[139.56717,35.75526],[139.56802,35.75505],[139.56794,35.75357],[139.56889,35.7524],[139.56923,35.75143],[139.56924,35.7514],[139.56919,35.75058],[139.56939,35.74996],[139.56793,35.75017],[139.56812,35.74933],[139.56873,35.74833],[139.56907,35.74781],[139.56651,35.74758],[139.56644,35.74723],[139.56685,35.74695],[139.56673,35.74645],[139.56724,35.74605],[139.56783,35.74465],[139.56822,35.74279],[139.56834,35.74164],[139.56834,35.74067],[139.56826,35.73931],[139.56843,35.73861],[139.56838,35.73797],[139.56794,35.73778],[139.56734,35.73616],[139.56762,35.7358],[139.56823,35.73529],[139.56911,35.73429],[139.56945,35.73403],[139.56876,35.7326],[139.56831,35.73154],[139.56755,35.73006],[139.56739,35.72952],[139.56687,35.72855],[139.56686,35.7285],[139.56618,35.72736],[139.56611,35.72626],[139.56539,35.72431],[139.56567,35.72312],[139.56651,35.72303],[139.56569,35.72305],[139.5656,35.72181],[139.56538,35.72148],[139.56638,35.72128],[139.56849,35.72081],[139.57104,35.72005],[139.57172,35.71983],[139.5731,35.71946],[139.57507,35.71879],[139.57579,35.71836],[139.57659,35.71776],[139.57791,35.71663],[139.57903,35.71572],[139.58014,35.71494],[139.58138,35.71418],[139.58255,35.71359],[139.58354,35.71321],[139.58672,35.71174],[139.58702,35.71263],[139.58695,35.71304],[139.58667,35.71397],[139.58638,35.71456],[139.58565,35.71547],[139.5854,35.71595],[139.58511,35.71634],[139.58504,35.7169],[139.58515,35.7179],[139.58608,35.71912],[139.58712,35.71973],[139.58852,35.72014],[139.59021,35.72027],[139.59088,35.71998],[139.59273,35.71849],[139.59386,35.71803],[139.59392,35.71803],[139.59504,35.72018],[139.5952,35.72048],[139.59582,35.72157],[139.59578,35.72203],[139.5966,35.72215],[139.59693,35.72229],[139.59756,35.72283],[139.59825,35.7232],[139.59977,35.72374],[139.60001,35.72389],[139.60023,35.72402],[139.60147,35.72536],[139.60193,35.72542],[139.6018,35.72577],[139.60222,35.72591],[139.60435,35.72684],[139.60603,35.72729],[139.60707,35.72756],[139.6083,35.72793],[139.6086,35.72813],[139.60871,35.72818],[139.60981,35.7286],[139.61184,35.72911],[139.6131,35.72943],[139.61351,35.72954],[139.61467,35.72995],[139.61541,35.7301],[139.61549,35.73008],[139.61574,35.73015],[139.61582,35.72985],[139.61596,35.7298],[139.617,35.73003],[139.61683,35.73055],[139.61783,35.73093],[139.62023,35.73145],[139.61987,35.73019],[139.62029,35.73036],[139.62102,35.73045],[139.62182,35.73043],[139.62187,35.73042],[139.62275,35.73035],[139.62308,35.73027],[139.62333,35.73023],[139.62444,35.73008],[139.62604,35.73288],[139.62658,35.73307],[139.62644,35.7333],[139.62655,35.7338],[139.62735,35.73408],[139.62725,35.73503],[139.62776,35.7351],[139.62957,35.73531],[139.63054,35.73532],[139.63069,35.73543],[139.63201,35.73555],[139.63266,35.73547],[139.63341,35.73552],[139.63331,35.73536],[139.63387,35.73421],[139.63446,35.73434],[139.63476,35.7334],[139.63516,35.73221],[139.63625,35.73243],[139.63671,35.73182],[139.63646,35.73174],[139.63676,35.73092],[139.63718,35.73019],[139.63756,35.72951],[139.63744,35.72947],[139.6379,35.7289],[139.63789,35.7285],[139.63871,35.72807],[139.63922,35.72796],[139.63951,35.7276],[139.63973,35.72734],[139.63968,35.72688],[139.6397,35.72617],[139.63993,35.72614],[139.64121,35.72593],[139.64164,35.7258],[139.64231,35.7256],[139.64375,35.72515],[139.64379,35.72536],[139.64493,35.72537],[139.64747,35.72536],[139.64749,35.72662],[139.64901,35.72667],[139.64973,35.72662],[139.65009,35.72661],[139.65027,35.72683],[139.65148,35.72619],[139.65203,35.72609],[139.65211,35.72625],[139.65387,35.72626],[139.65392,35.72631],[139.65401,35.72637],[139.65625,35.72622],[139.65807,35.72575],[139.65969,35.72572],[139.65966,35.72674],[139.66064,35.7267],[139.66092,35.72674],[139.66186,35.72696],[139.66227,35.72715],[139.66312,35.72786],[139.66386,35.72915],[139.66406,35.72988],[139.66453,35.73099],[139.66475,35.73123],[139.6654,35.7315],[139.66602,35.73147],[139.66693,35.7312],[139.66694,35.73145],[139.66798,35.73134],[139.66821,35.7322],[139.66934,35.73212],[139.66928,35.73232],[139.66968,35.73285],[139.67043,35.73261],[139.67103,35.73319],[139.67125,35.73373],[139.67235,35.7337],[139.6737,35.73358],[139.67482,35.73311],[139.67784,35.73065],[139.67806,35.73066]],[[139.64992,35.7345],[139.64978,35.73471],[139.64966,35.7349],[139.64992,35.7345]],[[139.65709,35.75591],[139.65705,35.75594],[139.65781,35.75643],[139.65709,35.75591]],[[139.62531,35.76169],[139.62534,35.76075],[139.62531,35.761],[139.62531,35.76169]],[[139.6317,35.75865],[139.63144,35.75882],[139.63168,35.75882],[139.6317,35.75865]],[[139.58962,35.7346],[139.58936,35.73486],[139.5895,35.73498],[139.58962,35.7346]],[[139.57821,35.72739],[139.57782,35.72753],[139.57817,35.7275],[139.57821,35.72739]],[[139.58317,35.74987],[139.58265,35.74981],[139.58256,35.7498],[139.58317,35.74987]]],[[[139.56702,35.76355],[139.56661,35.7634],[139.56675,35.76316],[139.56733,35.76339],[139.56702,35.76355]]]]}},{"type":"Feature","properties":{"nm":"足立区","b":[139.7358,35.7387,139.8587,35.8175],"c":[139.79504,35.77879]},"geometry":{"type":"Polygon","coordinates":[[[139.81332,35.75941],[139.81701,35.76051],[139.81709,35.76004],[139.81976,35.76045],[139.81993,35.75898],[139.82016,35.75699],[139.82031,35.75593],[139.82096,35.75589],[139.8222,35.75556],[139.82299,35.75558],[139.82337,35.75577],[139.82347,35.75587],[139.82375,35.75741],[139.82429,35.76139],[139.82421,35.76199],[139.82697,35.76229],[139.82699,35.76197],[139.82592,35.76173],[139.82599,35.76118],[139.82527,35.75932],[139.82558,35.75827],[139.8254,35.75804],[139.82589,35.75799],[139.82769,35.75739],[139.82849,35.75742],[139.82962,35.75765],[139.83008,35.75787],[139.83075,35.75856],[139.83094,35.75878],[139.83094,35.76134],[139.8307,35.762],[139.83085,35.76272],[139.83157,35.76374],[139.83187,35.76389],[139.83263,35.76386],[139.83405,35.76337],[139.83546,35.76324],[139.83574,35.76309],[139.83632,35.76315],[139.83759,35.76329],[139.83755,35.76352],[139.8377,35.76562],[139.8379,35.76594],[139.8389,35.76624],[139.84011,35.76629],[139.84167,35.76632],[139.8422,35.7666],[139.84277,35.76757],[139.84356,35.76823],[139.84508,35.7692],[139.84584,35.7694],[139.84697,35.76935],[139.84877,35.76957],[139.8499,35.76959],[139.851,35.76978],[139.85119,35.76974],[139.85144,35.76938],[139.85152,35.76876],[139.85174,35.76759],[139.85176,35.76748],[139.8517,35.76688],[139.85208,35.76626],[139.85218,35.76571],[139.85406,35.76533],[139.85637,35.7642],[139.85777,35.76557],[139.85827,35.76639],[139.85866,35.76797],[139.85867,35.76826],[139.85858,35.76894],[139.85821,35.77016],[139.8577,35.77083],[139.8566,35.77194],[139.85528,35.77327],[139.85479,35.77395],[139.85435,35.77451],[139.8537,35.77514],[139.85072,35.77821],[139.85063,35.7783],[139.84898,35.78033],[139.84848,35.781],[139.84753,35.78241],[139.84696,35.78349],[139.84638,35.78462],[139.84591,35.78618],[139.84553,35.78715],[139.84494,35.78873],[139.84442,35.79063],[139.84424,35.79193],[139.84417,35.79288],[139.84439,35.79415],[139.84483,35.7948],[139.84521,35.79516],[139.84669,35.79629],[139.84631,35.79701],[139.84432,35.79902],[139.8438,35.79947],[139.84292,35.79996],[139.84221,35.80013],[139.84154,35.80017],[139.84019,35.8005],[139.83938,35.80077],[139.83939,35.80087],[139.8382,35.80087],[139.83744,35.80074],[139.83673,35.80032],[139.8361,35.79953],[139.83599,35.7991],[139.83447,35.79774],[139.83287,35.79569],[139.83163,35.79495],[139.83044,35.79445],[139.82927,35.79424],[139.82839,35.79417],[139.82758,35.79378],[139.82664,35.7934],[139.82618,35.79336],[139.82525,35.79385],[139.8242,35.79503],[139.82323,35.79533],[139.82288,35.79547],[139.82192,35.79616],[139.82126,35.79677],[139.82036,35.79778],[139.82006,35.79824],[139.81967,35.79919],[139.81975,35.79997],[139.82013,35.80077],[139.82028,35.80132],[139.82013,35.80237],[139.82016,35.80283],[139.82043,35.80391],[139.82077,35.80585],[139.82185,35.80752],[139.82232,35.80821],[139.82287,35.80938],[139.82353,35.80974],[139.82511,35.81077],[139.825,35.81201],[139.82406,35.81344],[139.8235,35.81392],[139.82323,35.81395],[139.8232,35.81447],[139.82229,35.81457],[139.82123,35.81503],[139.82088,35.8141],[139.82015,35.81282],[139.81981,35.81267],[139.82077,35.81134],[139.82044,35.81123],[139.81949,35.81176],[139.81858,35.81109],[139.81757,35.81013],[139.81627,35.80939],[139.81526,35.80913],[139.8142,35.80854],[139.81283,35.80837],[139.81186,35.80818],[139.81011,35.80843],[139.80925,35.8085],[139.80834,35.80842],[139.80689,35.80873],[139.80485,35.8089],[139.80351,35.80874],[139.80262,35.80864],[139.80181,35.80834],[139.80132,35.80808],[139.80071,35.80741],[139.80021,35.80668],[139.80002,35.80657],[139.79797,35.80601],[139.79519,35.80536],[139.7949,35.80533],[139.79336,35.8052],[139.79245,35.80526],[139.79092,35.80574],[139.78957,35.80609],[139.78836,35.80632],[139.787,35.80668],[139.78369,35.80666],[139.78314,35.80693],[139.78287,35.80721],[139.78157,35.80698],[139.78066,35.80743],[139.77954,35.80836],[139.77839,35.80933],[139.77739,35.81056],[139.7752,35.81292],[139.77451,35.81374],[139.77309,35.81529],[139.77268,35.8159],[139.77226,35.81627],[139.77097,35.81717],[139.76973,35.81745],[139.76883,35.81753],[139.767,35.8175],[139.76611,35.81731],[139.76527,35.81647],[139.76589,35.81589],[139.76508,35.81542],[139.76508,35.81524],[139.76407,35.81458],[139.76263,35.81377],[139.76176,35.81305],[139.76124,35.81277],[139.76075,35.81246],[139.75981,35.81214],[139.7591,35.81208],[139.75726,35.81193],[139.75673,35.81202],[139.75543,35.8127],[139.75535,35.81262],[139.75506,35.81122],[139.75502,35.81046],[139.75479,35.81044],[139.75414,35.81097],[139.75434,35.81063],[139.75368,35.81034],[139.75302,35.8108],[139.75236,35.81061],[139.75207,35.81119],[139.75178,35.81079],[139.75099,35.81057],[139.75061,35.81],[139.75087,35.80973],[139.75035,35.80924],[139.75061,35.80876],[139.75035,35.80868],[139.75082,35.80773],[139.7506,35.80748],[139.7505,35.80699],[139.75082,35.80618],[139.75229,35.80527],[139.75301,35.80497],[139.7541,35.80409],[139.75505,35.80322],[139.75543,35.80272],[139.75578,35.802],[139.75719,35.80094],[139.75889,35.79924],[139.75982,35.79838],[139.76055,35.79751],[139.76024,35.7962],[139.75987,35.79498],[139.75927,35.79404],[139.75859,35.79333],[139.75803,35.7929],[139.75584,35.79063],[139.75526,35.79003],[139.75548,35.7894],[139.75567,35.78946],[139.75578,35.78875],[139.75613,35.78861],[139.7556,35.78817],[139.75573,35.78804],[139.75532,35.78757],[139.7555,35.78733],[139.75527,35.78716],[139.75448,35.78694],[139.75434,35.78711],[139.75372,35.78706],[139.7536,35.7863],[139.75275,35.78618],[139.75196,35.78636],[139.75139,35.78618],[139.75119,35.78651],[139.7498,35.78602],[139.74855,35.78614],[139.74776,35.78654],[139.74667,35.78673],[139.74668,35.78552],[139.7464,35.78454],[139.7461,35.78394],[139.74561,35.78351],[139.74533,35.78303],[139.7439,35.7822],[139.7415,35.78142],[139.73804,35.78021],[139.73835,35.77954],[139.73846,35.77886],[139.73839,35.77837],[139.73809,35.77745],[139.73767,35.77666],[139.73659,35.77492],[139.73604,35.77371],[139.73579,35.77257],[139.73581,35.77191],[139.7362,35.77076],[139.73682,35.77024],[139.73817,35.76987],[139.73892,35.76971],[139.73974,35.76951],[139.74149,35.76888],[139.74282,35.76825],[139.74472,35.76744],[139.74573,35.76714],[139.74584,35.76712],[139.74704,35.76704],[139.74783,35.7671],[139.74987,35.76727],[139.75099,35.76741],[139.754,35.76808],[139.75478,35.76829],[139.75549,35.76864],[139.75722,35.76966],[139.75762,35.76995],[139.75796,35.77003],[139.75929,35.76918],[139.75997,35.76835],[139.76025,35.76736],[139.76017,35.7667],[139.75977,35.76604],[139.7588,35.76499],[139.7582,35.76453],[139.75646,35.76375],[139.75483,35.76308],[139.75444,35.76284],[139.75251,35.76176],[139.75044,35.76067],[139.74933,35.76004],[139.74885,35.75973],[139.74849,35.75939],[139.74825,35.75882],[139.74822,35.75813],[139.74852,35.75747],[139.74943,35.75679],[139.75071,35.75619],[139.75151,35.75594],[139.75253,35.75571],[139.75627,35.7551],[139.75775,35.75483],[139.75935,35.75457],[139.76176,35.75426],[139.76254,35.75419],[139.76342,35.75415],[139.76604,35.75393],[139.768,35.75373],[139.77014,35.75361],[139.77174,35.75362],[139.77249,35.75368],[139.77652,35.75378],[139.77741,35.75384],[139.77962,35.75395],[139.78177,35.75401],[139.78207,35.754],[139.78258,35.75399],[139.78313,35.75397],[139.7835,35.75395],[139.78365,35.75393],[139.78381,35.7539],[139.78571,35.75362],[139.78758,35.75302],[139.78774,35.75298],[139.78897,35.75262],[139.78925,35.75244],[139.79057,35.75132],[139.79114,35.75052],[139.79135,35.75007],[139.79144,35.74934],[139.79129,35.74883],[139.79016,35.74827],[139.78921,35.74766],[139.78885,35.74734],[139.78834,35.74639],[139.78832,35.74607],[139.78842,35.74556],[139.78899,35.74435],[139.78912,35.7441],[139.79079,35.74201],[139.79143,35.74139],[139.79245,35.74074],[139.79292,35.74054],[139.7948,35.7399],[139.79559,35.73969],[139.79747,35.73937],[139.79844,35.73917],[139.80127,35.73872],[139.80134,35.73872],[139.80264,35.73871],[139.80342,35.7389],[139.80512,35.73942],[139.80872,35.74073],[139.80924,35.74085],[139.80998,35.74109],[139.811,35.74124],[139.81202,35.74107],[139.81315,35.74077],[139.81366,35.74048],[139.81386,35.74029],[139.81418,35.73988],[139.81458,35.73905],[139.81618,35.74044],[139.81732,35.74189],[139.81801,35.74263],[139.8183,35.74274],[139.82058,35.74357],[139.82041,35.74388],[139.81834,35.74777],[139.81583,35.75087],[139.81466,35.75247],[139.8154,35.75353],[139.81439,35.75385],[139.81397,35.75425],[139.81342,35.75536],[139.81374,35.75727],[139.81334,35.7575],[139.81351,35.75834],[139.81332,35.75941]],[[139.77121,35.80165],[139.77131,35.80164],[139.77128,35.80147],[139.77121,35.80165]],[[139.79039,35.76111],[139.78935,35.76096],[139.79035,35.76111],[139.79039,35.76111]],[[139.77835,35.75951],[139.77836,35.75948],[139.77617,35.75944],[139.77835,35.75951]],[[139.78013,35.75956],[139.78071,35.75963],[139.78137,35.7597],[139.78013,35.75956]]]}},{"type":"Feature","properties":{"nm":"葛飾区","b":[139.8133,35.7107,139.8947,35.7969],"c":[139.8557,35.7532]},"geometry":{"type":"Polygon","coordinates":[[[139.82902,35.73185],[139.83149,35.7295],[139.83416,35.72695],[139.83585,35.72539],[139.83678,35.72448],[139.84049,35.72096],[139.84233,35.71915],[139.8447,35.71685],[139.84587,35.71571],[139.84842,35.71322],[139.84856,35.71308],[139.84989,35.71181],[139.8499,35.7118],[139.85099,35.7107],[139.85103,35.71067],[139.85468,35.71271],[139.8547,35.71284],[139.8548,35.71306],[139.85494,35.71325],[139.85503,35.71336],[139.85509,35.71358],[139.8553,35.71371],[139.85541,35.71385],[139.85551,35.71396],[139.85562,35.71396],[139.85609,35.71381],[139.85627,35.71408],[139.85668,35.71428],[139.85813,35.71385],[139.85845,35.71415],[139.8587,35.71382],[139.85931,35.71426],[139.85988,35.71376],[139.8608,35.71445],[139.86112,35.71416],[139.8624,35.71303],[139.86265,35.7132],[139.86296,35.71294],[139.86354,35.71319],[139.86361,35.71333],[139.86474,35.71303],[139.86481,35.71327],[139.86666,35.7129],[139.86673,35.71236],[139.86716,35.71234],[139.86713,35.71201],[139.86751,35.71231],[139.86774,35.71207],[139.86831,35.71274],[139.86842,35.71328],[139.86853,35.71396],[139.86834,35.71477],[139.86804,35.71511],[139.86736,35.71662],[139.86682,35.71757],[139.86649,35.71786],[139.86624,35.71834],[139.86635,35.71899],[139.86638,35.71905],[139.86709,35.71968],[139.86739,35.7204],[139.8673,35.72105],[139.86811,35.72282],[139.86842,35.72322],[139.86905,35.72348],[139.86881,35.72401],[139.86892,35.72422],[139.86904,35.72429],[139.8692,35.72421],[139.86957,35.72446],[139.86981,35.72425],[139.87028,35.72448],[139.87089,35.72478],[139.87072,35.72546],[139.87062,35.72591],[139.87055,35.72619],[139.87011,35.72826],[139.87003,35.72859],[139.86995,35.72891],[139.87046,35.72914],[139.87052,35.72899],[139.87124,35.72911],[139.87168,35.72939],[139.87193,35.73181],[139.87207,35.73259],[139.87214,35.73282],[139.87219,35.73293],[139.87224,35.73321],[139.87246,35.73357],[139.8725,35.7337],[139.87258,35.73406],[139.87245,35.73437],[139.87279,35.73461],[139.87325,35.73543],[139.87359,35.73575],[139.87423,35.73606],[139.87384,35.73662],[139.87323,35.73652],[139.87315,35.73677],[139.8728,35.73664],[139.8728,35.73746],[139.87313,35.73761],[139.87376,35.73672],[139.87478,35.73661],[139.87506,35.73726],[139.87523,35.73724],[139.87665,35.73693],[139.87695,35.73829],[139.87717,35.73863],[139.87698,35.73888],[139.87745,35.7391],[139.87762,35.73957],[139.87728,35.73947],[139.87706,35.73975],[139.87741,35.73986],[139.87751,35.74024],[139.87676,35.74046],[139.87673,35.74106],[139.8773,35.74106],[139.87768,35.74109],[139.878,35.74111],[139.87897,35.74075],[139.88003,35.74026],[139.88027,35.7404],[139.87974,35.74154],[139.87994,35.74168],[139.88105,35.742],[139.88089,35.74269],[139.88168,35.7428],[139.88177,35.74328],[139.88193,35.74332],[139.88211,35.74334],[139.88227,35.74354],[139.88209,35.74415],[139.88203,35.74424],[139.88393,35.74522],[139.88464,35.7454],[139.88491,35.7456],[139.88485,35.74594],[139.88505,35.74642],[139.88434,35.74647],[139.88424,35.74681],[139.88383,35.74694],[139.88389,35.7474],[139.88283,35.7473],[139.88321,35.74781],[139.88312,35.74822],[139.88224,35.74849],[139.8817,35.74843],[139.8817,35.74849],[139.88171,35.74856],[139.8817,35.74863],[139.88163,35.74864],[139.88144,35.74867],[139.88122,35.74863],[139.88119,35.74856],[139.88102,35.74846],[139.88098,35.74848],[139.88031,35.7486],[139.88062,35.74968],[139.88215,35.74953],[139.88276,35.74938],[139.88304,35.74988],[139.88336,35.75008],[139.8841,35.75005],[139.88408,35.75022],[139.88465,35.75033],[139.88475,35.75053],[139.88583,35.75047],[139.88596,35.75067],[139.88969,35.75073],[139.89,35.75073],[139.88816,35.7529],[139.88751,35.75359],[139.88554,35.7554],[139.88514,35.7558],[139.88367,35.75766],[139.88337,35.75817],[139.88312,35.75926],[139.88294,35.76048],[139.88293,35.76116],[139.88262,35.76221],[139.88163,35.76384],[139.8806,35.76494],[139.87995,35.76599],[139.87977,35.76718],[139.87987,35.76927],[139.87998,35.76986],[139.88028,35.77065],[139.88067,35.77139],[139.88115,35.77197],[139.882,35.77263],[139.88287,35.77334],[139.88467,35.77428],[139.88581,35.77479],[139.88826,35.77562],[139.89012,35.77639],[139.89245,35.77758],[139.89349,35.77835],[139.8941,35.77896],[139.8944,35.7794],[139.89465,35.78036],[139.89462,35.78125],[139.89378,35.78277],[139.8911,35.78328],[139.88965,35.78361],[139.88836,35.78404],[139.8876,35.7842],[139.88677,35.78408],[139.88431,35.78316],[139.88169,35.78213],[139.88111,35.78206],[139.88086,35.78187],[139.88069,35.78216],[139.87901,35.78157],[139.8774,35.78117],[139.8763,35.78112],[139.8752,35.78131],[139.874,35.78187],[139.87323,35.78239],[139.87246,35.78315],[139.87189,35.78396],[139.87156,35.78465],[139.87132,35.78483],[139.87107,35.78642],[139.87109,35.78704],[139.87158,35.78811],[139.87223,35.78918],[139.87418,35.79077],[139.87508,35.7914],[139.87626,35.79204],[139.87656,35.79242],[139.87717,35.79346],[139.87755,35.79364],[139.87758,35.79399],[139.87703,35.79451],[139.87648,35.79465],[139.87601,35.79497],[139.87438,35.7963],[139.87345,35.79666],[139.87267,35.79686],[139.87149,35.79686],[139.86913,35.79647],[139.86764,35.79606],[139.86553,35.79512],[139.86483,35.79473],[139.86301,35.79459],[139.86206,35.79476],[139.86161,35.79508],[139.86017,35.79553],[139.85959,35.79563],[139.85921,35.79541],[139.85921,35.79501],[139.8583,35.7931],[139.85773,35.79213],[139.85677,35.79114],[139.85633,35.79086],[139.85571,35.79079],[139.85513,35.79087],[139.85373,35.79142],[139.85254,35.7922],[139.84951,35.79451],[139.84768,35.7957],[139.84669,35.79629],[139.84521,35.79516],[139.84483,35.7948],[139.84439,35.79415],[139.84417,35.79288],[139.84424,35.79193],[139.84442,35.79063],[139.84494,35.78873],[139.84553,35.78715],[139.84591,35.78618],[139.84638,35.78462],[139.84696,35.78349],[139.84753,35.78241],[139.84848,35.781],[139.84898,35.78033],[139.85063,35.7783],[139.85072,35.77821],[139.8537,35.77514],[139.85435,35.77451],[139.85479,35.77395],[139.85528,35.77327],[139.8566,35.77194],[139.8577,35.77083],[139.85821,35.77016],[139.85858,35.76894],[139.85867,35.76826],[139.85866,35.76797],[139.85827,35.76639],[139.85777,35.76557],[139.85637,35.7642],[139.85406,35.76533],[139.85218,35.76571],[139.85208,35.76626],[139.8517,35.76688],[139.85176,35.76748],[139.85174,35.76759],[139.85152,35.76876],[139.85144,35.76938],[139.85119,35.76974],[139.851,35.76978],[139.8499,35.76959],[139.84877,35.76957],[139.84697,35.76935],[139.84584,35.7694],[139.84508,35.7692],[139.84356,35.76823],[139.84277,35.76757],[139.8422,35.7666],[139.84167,35.76632],[139.84011,35.76629],[139.8389,35.76624],[139.8379,35.76594],[139.8377,35.76562],[139.83755,35.76352],[139.83759,35.76329],[139.83632,35.76315],[139.83574,35.76309],[139.83546,35.76324],[139.83405,35.76337],[139.83263,35.76386],[139.83187,35.76389],[139.83157,35.76374],[139.83085,35.76272],[139.8307,35.762],[139.83094,35.76134],[139.83094,35.75878],[139.83075,35.75856],[139.83008,35.75787],[139.82962,35.75765],[139.82849,35.75742],[139.82769,35.75739],[139.82589,35.75799],[139.8254,35.75804],[139.82558,35.75827],[139.82527,35.75932],[139.82599,35.76118],[139.82592,35.76173],[139.82699,35.76197],[139.82697,35.76229],[139.82421,35.76199],[139.82429,35.76139],[139.82375,35.75741],[139.82347,35.75587],[139.82337,35.75577],[139.82299,35.75558],[139.8222,35.75556],[139.82096,35.75589],[139.82031,35.75593],[139.82016,35.75699],[139.81993,35.75898],[139.81976,35.76045],[139.81709,35.76004],[139.81701,35.76051],[139.81332,35.75941],[139.81351,35.75834],[139.81334,35.7575],[139.81374,35.75727],[139.81342,35.75536],[139.81397,35.75425],[139.81439,35.75385],[139.8154,35.75353],[139.81466,35.75247],[139.81583,35.75087],[139.81834,35.74777],[139.82041,35.74388],[139.82058,35.74357],[139.82251,35.74011],[139.82388,35.73777],[139.82512,35.73593],[139.82594,35.73494],[139.82658,35.73423],[139.82811,35.73269],[139.829,35.73186],[139.82902,35.73185]],[[139.88166,35.74351],[139.88151,35.74389],[139.88175,35.74345],[139.88166,35.74351]],[[139.87543,35.7594],[139.87568,35.75908],[139.8756,35.75898],[139.87543,35.7594]]]}},{"type":"Feature","properties":{"nm":"江戸川区","b":[139.8332,35.6373,139.9211,35.7507],"c":[139.87565,35.69214]},"geometry":{"type":"Polygon","coordinates":[[[139.84706,35.68656],[139.84662,35.68519],[139.84617,35.68353],[139.84671,35.68309],[139.84596,35.68173],[139.84613,35.68107],[139.84898,35.67998],[139.84867,35.67933],[139.84852,35.67887],[139.84811,35.6778],[139.8478,35.67697],[139.84746,35.67597],[139.84716,35.67462],[139.84712,35.67414],[139.84696,35.67258],[139.84684,35.6714],[139.84683,35.67129],[139.84662,35.66916],[139.84628,35.66575],[139.84628,35.66574],[139.8457,35.65896],[139.84548,35.65153],[139.84536,35.64933],[139.8452,35.64653],[139.8493,35.6463],[139.84902,35.64209],[139.85124,35.64177],[139.85325,35.64063],[139.85547,35.63963],[139.85827,35.63869],[139.8597,35.63829],[139.8625,35.63807],[139.86404,35.63806],[139.8656,35.63819],[139.86748,35.63847],[139.86909,35.63881],[139.86978,35.63861],[139.86916,35.63761],[139.86994,35.63733],[139.87232,35.63852],[139.87405,35.6396],[139.8752,35.64027],[139.87631,35.64102],[139.8777,35.64211],[139.87906,35.64332],[139.88081,35.64408],[139.88261,35.64513],[139.88333,35.64587],[139.88415,35.64794],[139.8846,35.64895],[139.88509,35.64983],[139.88531,35.65037],[139.88611,35.65153],[139.88626,35.65193],[139.88692,35.6546],[139.88711,35.65647],[139.8871,35.6584],[139.88699,35.66374],[139.88707,35.66504],[139.88721,35.66592],[139.88728,35.66708],[139.88722,35.66846],[139.88707,35.66903],[139.88649,35.67021],[139.88582,35.67184],[139.88571,35.67207],[139.88505,35.67218],[139.88568,35.67208],[139.88565,35.6738],[139.88576,35.67566],[139.88638,35.67823],[139.88654,35.6789],[139.88678,35.6792],[139.88885,35.68049],[139.88966,35.68085],[139.89131,35.6815],[139.89288,35.68202],[139.89433,35.68233],[139.89588,35.68246],[139.89817,35.68261],[139.89932,35.68278],[139.90366,35.68319],[139.90554,35.68358],[139.90687,35.68419],[139.90756,35.68459],[139.9085,35.68536],[139.90953,35.6865],[139.91133,35.68848],[139.9131,35.69006],[139.91367,35.69063],[139.91502,35.69218],[139.91632,35.69421],[139.91647,35.69432],[139.91727,35.6956],[139.9181,35.69662],[139.9191,35.69805],[139.92022,35.70085],[139.92111,35.70317],[139.91875,35.70567],[139.91548,35.70893],[139.91467,35.70979],[139.91347,35.71104],[139.91266,35.71152],[139.91114,35.71224],[139.90979,35.71297],[139.90854,35.7139],[139.90766,35.7146],[139.90714,35.71524],[139.90591,35.71757],[139.9046,35.71907],[139.90397,35.71961],[139.90315,35.7204],[139.90078,35.72221],[139.89914,35.72292],[139.89833,35.72394],[139.89785,35.72469],[139.89756,35.72522],[139.89731,35.72609],[139.89704,35.7276],[139.89719,35.72913],[139.89728,35.72987],[139.89722,35.73033],[139.89736,35.73096],[139.89814,35.73252],[139.89853,35.73301],[139.89942,35.73433],[139.90021,35.73606],[139.90045,35.73695],[139.90074,35.73838],[139.90072,35.73986],[139.90019,35.74262],[139.89992,35.74359],[139.89949,35.74442],[139.89904,35.74505],[139.8985,35.74559],[139.89727,35.74642],[139.89519,35.74735],[139.89424,35.74762],[139.89331,35.74789],[139.89178,35.74876],[139.88969,35.75073],[139.88596,35.75067],[139.88583,35.75047],[139.88475,35.75053],[139.88465,35.75033],[139.88408,35.75022],[139.8841,35.75005],[139.88336,35.75008],[139.88304,35.74988],[139.88276,35.74938],[139.88215,35.74953],[139.88062,35.74968],[139.88031,35.7486],[139.88098,35.74848],[139.88102,35.74846],[139.88119,35.74856],[139.88122,35.74863],[139.88144,35.74867],[139.88163,35.74864],[139.8817,35.74863],[139.88171,35.74856],[139.8817,35.74849],[139.8817,35.74843],[139.88224,35.74849],[139.88312,35.74822],[139.88321,35.74781],[139.88283,35.7473],[139.88389,35.7474],[139.88383,35.74694],[139.88424,35.74681],[139.88434,35.74647],[139.88505,35.74642],[139.88485,35.74594],[139.88491,35.7456],[139.88464,35.7454],[139.88393,35.74522],[139.88203,35.74424],[139.88209,35.74415],[139.88227,35.74354],[139.88211,35.74334],[139.88193,35.74332],[139.88177,35.74328],[139.88168,35.7428],[139.88089,35.74269],[139.88105,35.742],[139.87994,35.74168],[139.87974,35.74154],[139.88027,35.7404],[139.88003,35.74026],[139.87897,35.74075],[139.878,35.74111],[139.87768,35.74109],[139.8773,35.74106],[139.87673,35.74106],[139.87676,35.74046],[139.87751,35.74024],[139.87741,35.73986],[139.87706,35.73975],[139.87728,35.73947],[139.87762,35.73957],[139.87745,35.7391],[139.87698,35.73888],[139.87717,35.73863],[139.87695,35.73829],[139.87665,35.73693],[139.87523,35.73724],[139.87506,35.73726],[139.87478,35.73661],[139.87376,35.73672],[139.87313,35.73761],[139.8728,35.73746],[139.8728,35.73664],[139.87315,35.73677],[139.87323,35.73652],[139.87384,35.73662],[139.87423,35.73606],[139.87359,35.73575],[139.87325,35.73543],[139.87279,35.73461],[139.87245,35.73437],[139.87258,35.73406],[139.8725,35.7337],[139.87246,35.73357],[139.87224,35.73321],[139.87219,35.73293],[139.87214,35.73282],[139.87207,35.73259],[139.87193,35.73181],[139.87168,35.72939],[139.87124,35.72911],[139.87052,35.72899],[139.87046,35.72914],[139.86995,35.72891],[139.87003,35.72859],[139.87011,35.72826],[139.87055,35.72619],[139.87062,35.72591],[139.87072,35.72546],[139.87089,35.72478],[139.87028,35.72448],[139.86981,35.72425],[139.86957,35.72446],[139.8692,35.72421],[139.86904,35.72429],[139.86892,35.72422],[139.86881,35.72401],[139.86905,35.72348],[139.86842,35.72322],[139.86811,35.72282],[139.8673,35.72105],[139.86739,35.7204],[139.86709,35.71968],[139.86638,35.71905],[139.86635,35.71899],[139.86624,35.71834],[139.86649,35.71786],[139.86682,35.71757],[139.86736,35.71662],[139.86804,35.71511],[139.86834,35.71477],[139.86853,35.71396],[139.86842,35.71328],[139.86831,35.71274],[139.86774,35.71207],[139.86751,35.71231],[139.86713,35.71201],[139.86716,35.71234],[139.86673,35.71236],[139.86666,35.7129],[139.86481,35.71327],[139.86474,35.71303],[139.86361,35.71333],[139.86354,35.71319],[139.86296,35.71294],[139.86265,35.7132],[139.8624,35.71303],[139.86112,35.71416],[139.8608,35.71445],[139.85988,35.71376],[139.85931,35.71426],[139.8587,35.71382],[139.85845,35.71415],[139.85813,35.71385],[139.85668,35.71428],[139.85627,35.71408],[139.85609,35.71381],[139.85562,35.71396],[139.85551,35.71396],[139.85541,35.71385],[139.8553,35.71371],[139.85509,35.71358],[139.85503,35.71336],[139.85494,35.71325],[139.8548,35.71306],[139.8547,35.71284],[139.85468,35.71271],[139.85103,35.71067],[139.85099,35.7107],[139.8499,35.7118],[139.84989,35.71181],[139.84856,35.71308],[139.84842,35.71322],[139.84587,35.71571],[139.8447,35.71685],[139.84233,35.71915],[139.83993,35.71765],[139.83901,35.71708],[139.83789,35.71773],[139.83705,35.71798],[139.83698,35.71799],[139.83642,35.71805],[139.83535,35.71786],[139.83461,35.71745],[139.83383,35.71671],[139.83326,35.71583],[139.83324,35.71503],[139.83368,35.71406],[139.83414,35.71346],[139.8346,35.71307],[139.83531,35.71254],[139.83617,35.71208],[139.8384,35.71149],[139.83931,35.71102],[139.83956,35.71077],[139.83964,35.71066],[139.83968,35.71012],[139.83918,35.70944],[139.83772,35.70833],[139.83675,35.70759],[139.83512,35.70609],[139.83477,35.70572],[139.8345,35.70478],[139.83462,35.70428],[139.83502,35.70361],[139.83563,35.70307],[139.8357,35.70301],[139.83644,35.7025],[139.83789,35.70193],[139.83803,35.70187],[139.84037,35.70102],[139.8417,35.7005],[139.84203,35.70037],[139.84219,35.70029],[139.84289,35.69998],[139.84415,35.69934],[139.84481,35.69887],[139.84517,35.69856],[139.84548,35.69821],[139.8471,35.69601],[139.84754,35.6952],[139.84781,35.69471],[139.84801,35.69343],[139.84802,35.69245],[139.84787,35.6909],[139.84771,35.68867],[139.84726,35.68725],[139.84706,35.68656]],[[139.87951,35.71116],[139.87933,35.71197],[139.87935,35.71196],[139.87951,35.71116]],[[139.87504,35.68351],[139.87508,35.6836],[139.87493,35.68319],[139.87504,35.68351]],[[139.88141,35.68332],[139.88184,35.68326],[139.88134,35.6833],[139.88141,35.68332]],[[139.90167,35.68893],[139.90129,35.68853],[139.90116,35.68844],[139.90167,35.68893]],[[139.89171,35.71757],[139.8917,35.71757],[139.89169,35.71758],[139.89171,35.71757]],[[139.91643,35.69556],[139.91571,35.69467],[139.91586,35.69494],[139.91643,35.69556]],[[139.8833,35.6661],[139.88264,35.6662],[139.88225,35.66626],[139.8833,35.6661]],[[139.86672,35.65302],[139.86672,35.65288],[139.86671,35.65383],[139.86672,35.65302]],[[139.86845,35.6547],[139.86884,35.65475],[139.86867,35.65471],[139.86845,35.6547]]]}},{"type":"Feature","properties":{"nm":"武蔵野市","b":[139.5246,35.6941,139.5955,35.7219],"c":[139.56155,35.70807]},"geometry":{"type":"Polygon","coordinates":[[[139.58672,35.71174],[139.58354,35.71321],[139.58255,35.71359],[139.58138,35.71418],[139.58014,35.71494],[139.57903,35.71572],[139.57791,35.71663],[139.57659,35.71776],[139.57579,35.71836],[139.57507,35.71879],[139.5731,35.71946],[139.57172,35.71983],[139.57104,35.72005],[139.56849,35.72081],[139.56638,35.72128],[139.56538,35.72148],[139.56335,35.72173],[139.56213,35.72181],[139.56037,35.72187],[139.55889,35.72175],[139.55735,35.72149],[139.55725,35.72147],[139.55483,35.72061],[139.55303,35.71933],[139.55242,35.71887],[139.55064,35.71739],[139.54924,35.71657],[139.54921,35.71655],[139.54767,35.71573],[139.54467,35.71437],[139.54404,35.71414],[139.54402,35.71413],[139.5417,35.71316],[139.54029,35.71249],[139.53778,35.71111],[139.53679,35.71114],[139.53682,35.71088],[139.53651,35.71098],[139.53354,35.71181],[139.53219,35.71216],[139.53142,35.71224],[139.52926,35.71235],[139.52983,35.71763],[139.52906,35.71785],[139.52752,35.71843],[139.52684,35.71868],[139.52644,35.71745],[139.52534,35.71433],[139.52464,35.71249],[139.52752,35.7124],[139.52738,35.71143],[139.52732,35.71092],[139.52721,35.71008],[139.52703,35.70995],[139.5277,35.70949],[139.52772,35.7097],[139.52803,35.70967],[139.52812,35.70962],[139.53231,35.70906],[139.5322,35.7075],[139.53219,35.7075],[139.53216,35.7067],[139.5321,35.70525],[139.5321,35.70205],[139.53242,35.70184],[139.53242,35.70172],[139.5325,35.70113],[139.5333,35.70117],[139.53348,35.7004],[139.53356,35.69994],[139.53374,35.69895],[139.53466,35.6989],[139.53587,35.69858],[139.53596,35.6965],[139.53606,35.6952],[139.53633,35.69521],[139.53791,35.69529],[139.53955,35.69525],[139.54007,35.69523],[139.54185,35.6952],[139.54184,35.69698],[139.54351,35.69656],[139.54557,35.69595],[139.54671,35.69574],[139.54701,35.69566],[139.54899,35.69517],[139.55051,35.69486],[139.55053,35.69617],[139.55041,35.69967],[139.55031,35.70236],[139.55031,35.70242],[139.55024,35.70337],[139.54993,35.70614],[139.54978,35.7067],[139.54971,35.70713],[139.55233,35.70612],[139.55521,35.70498],[139.55873,35.70363],[139.56065,35.7029],[139.5618,35.70247],[139.56575,35.70097],[139.56628,35.7008],[139.5686,35.69993],[139.57019,35.69928],[139.57103,35.69884],[139.57171,35.69832],[139.57253,35.69725],[139.57259,35.69884],[139.57323,35.69905],[139.57408,35.69937],[139.57407,35.69975],[139.57449,35.69999],[139.57499,35.70052],[139.57493,35.70103],[139.57519,35.70122],[139.57657,35.70169],[139.57685,35.70138],[139.57892,35.69999],[139.57928,35.6994],[139.57974,35.69902],[139.58026,35.69878],[139.58129,35.69849],[139.58216,35.69822],[139.58257,35.69798],[139.58298,35.698],[139.58393,35.69766],[139.58461,35.69732],[139.58495,35.69684],[139.58578,35.69571],[139.58638,35.69514],[139.5864,35.69474],[139.58648,35.69451],[139.58676,35.69414],[139.58813,35.69558],[139.59007,35.69482],[139.5914,35.69787],[139.5914,35.69789],[139.59141,35.69789],[139.59182,35.69889],[139.59272,35.70094],[139.59284,35.70087],[139.59443,35.70374],[139.5955,35.70568],[139.59492,35.70608],[139.59377,35.70673],[139.59328,35.70701],[139.59228,35.70784],[139.5908,35.70914],[139.58894,35.71033],[139.58749,35.71143],[139.58672,35.71174]],[[139.54497,35.71198],[139.54629,35.71148],[139.54737,35.71107],[139.54497,35.71198]]]}},{"type":"Feature","properties":{"nm":"三鷹市","b":[139.5245,35.6598,139.594,35.7071],"c":[139.56039,35.68477]},"geometry":{"type":"Polygon","coordinates":[[[139.5686,35.69993],[139.56628,35.7008],[139.56575,35.70097],[139.5618,35.70247],[139.56065,35.7029],[139.55873,35.70363],[139.55521,35.70498],[139.55233,35.70612],[139.54971,35.70713],[139.54978,35.7067],[139.54993,35.70614],[139.55024,35.70337],[139.55031,35.70242],[139.55031,35.70236],[139.55041,35.69967],[139.55053,35.69617],[139.55051,35.69486],[139.54899,35.69517],[139.54701,35.69566],[139.54671,35.69574],[139.54557,35.69595],[139.54351,35.69656],[139.54184,35.69698],[139.54185,35.6952],[139.54007,35.69523],[139.53955,35.69525],[139.53791,35.69529],[139.53633,35.69521],[139.53594,35.69518],[139.53606,35.6952],[139.53596,35.6965],[139.53587,35.69858],[139.53466,35.6989],[139.53374,35.69895],[139.53401,35.69503],[139.53314,35.69496],[139.53224,35.69488],[139.5314,35.69482],[139.53175,35.69243],[139.53192,35.69132],[139.53225,35.68927],[139.53232,35.68862],[139.53172,35.68866],[139.53173,35.6889],[139.5307,35.68946],[139.52996,35.68952],[139.52999,35.68986],[139.52891,35.69045],[139.52837,35.68955],[139.5275,35.69],[139.52703,35.68967],[139.52631,35.69011],[139.52585,35.68996],[139.52566,35.69006],[139.525,35.68941],[139.52517,35.6893],[139.52451,35.68848],[139.52621,35.68762],[139.52654,35.68715],[139.52683,35.68621],[139.52665,35.68562],[139.52672,35.68539],[139.52697,35.68481],[139.52733,35.68417],[139.52764,35.68389],[139.52788,35.68374],[139.52806,35.68362],[139.52819,35.68341],[139.52876,35.68341],[139.52889,35.68288],[139.52929,35.68249],[139.52913,35.68245],[139.52881,35.68245],[139.52865,35.68246],[139.52863,35.68174],[139.5289,35.68152],[139.52894,35.68112],[139.52626,35.68084],[139.52544,35.68062],[139.52537,35.67936],[139.52545,35.67909],[139.52562,35.67907],[139.52561,35.67897],[139.52578,35.67918],[139.52606,35.67881],[139.52609,35.67775],[139.52592,35.67732],[139.52717,35.67707],[139.52784,35.67686],[139.52757,35.67639],[139.52787,35.67622],[139.52772,35.67601],[139.52724,35.67611],[139.52704,35.67587],[139.52655,35.67593],[139.5264,35.67553],[139.52687,35.67539],[139.52669,35.67451],[139.528,35.67421],[139.52851,35.67527],[139.52881,35.67574],[139.52964,35.67569],[139.52935,35.67368],[139.52961,35.67342],[139.52974,35.67271],[139.52981,35.67226],[139.53076,35.67214],[139.5304,35.67111],[139.53078,35.67095],[139.53077,35.67043],[139.53276,35.66991],[139.53153,35.66798],[139.53389,35.66739],[139.53433,35.66744],[139.53459,35.6679],[139.53426,35.66805],[139.53486,35.66947],[139.53502,35.66941],[139.5348,35.66883],[139.53507,35.66875],[139.53573,35.66946],[139.53648,35.6686],[139.53692,35.66893],[139.53652,35.66857],[139.53696,35.66828],[139.53785,35.66788],[139.53841,35.6678],[139.5381,35.66727],[139.53858,35.66699],[139.53834,35.66663],[139.53746,35.66696],[139.53715,35.6666],[139.53733,35.66651],[139.53711,35.66611],[139.5375,35.66597],[139.53735,35.66553],[139.53821,35.66526],[139.53843,35.66568],[139.53915,35.66543],[139.53888,35.66482],[139.53834,35.66497],[139.53819,35.66466],[139.53889,35.66446],[139.53927,35.66463],[139.54035,35.6645],[139.54175,35.66425],[139.54246,35.66473],[139.54305,35.66492],[139.5434,35.66551],[139.54366,35.66594],[139.54422,35.66626],[139.54435,35.66655],[139.54312,35.66727],[139.54319,35.66734],[139.54234,35.66782],[139.54213,35.66828],[139.54198,35.66917],[139.54166,35.67],[139.5417,35.67067],[139.54201,35.67276],[139.54233,35.67544],[139.54245,35.67692],[139.54278,35.67881],[139.54285,35.67905],[139.54313,35.68029],[139.54374,35.68023],[139.54425,35.68023],[139.54465,35.68018],[139.54475,35.68134],[139.54552,35.6814],[139.54551,35.6817],[139.5455,35.68192],[139.54612,35.68195],[139.54613,35.68211],[139.54697,35.68208],[139.54694,35.68159],[139.5485,35.68138],[139.54856,35.68133],[139.55061,35.68078],[139.55224,35.68089],[139.55227,35.6812],[139.55308,35.68139],[139.55438,35.6819],[139.55439,35.68193],[139.55504,35.68211],[139.55582,35.6822],[139.55679,35.68229],[139.55692,35.6827],[139.5581,35.6825],[139.55832,35.68269],[139.55836,35.68313],[139.55865,35.68313],[139.55866,35.6828],[139.56101,35.68278],[139.56146,35.68126],[139.56239,35.67841],[139.56234,35.67816],[139.56285,35.67666],[139.56326,35.6758],[139.56373,35.67456],[139.56419,35.67341],[139.56454,35.67149],[139.56453,35.67103],[139.56453,35.67089],[139.56452,35.6703],[139.56451,35.66999],[139.56452,35.66898],[139.56582,35.66478],[139.56583,35.66478],[139.56668,35.6642],[139.56739,35.66388],[139.56805,35.66373],[139.56919,35.66373],[139.57029,35.66384],[139.57172,35.66409],[139.57248,35.66433],[139.57332,35.66364],[139.57363,35.66371],[139.57441,35.66281],[139.5749,35.66251],[139.57468,35.66226],[139.57512,35.66155],[139.57496,35.66127],[139.57444,35.66149],[139.57418,35.66209],[139.57366,35.66267],[139.57224,35.6634],[139.57209,35.66321],[139.57326,35.6627],[139.57366,35.66261],[139.57406,35.66221],[139.57413,35.66135],[139.57433,35.66114],[139.57466,35.66087],[139.57509,35.66046],[139.57529,35.66033],[139.57555,35.66023],[139.57591,35.65982],[139.577,35.66024],[139.57749,35.66073],[139.5773,35.66086],[139.57759,35.66154],[139.57777,35.66224],[139.57817,35.66259],[139.57862,35.6629],[139.57974,35.66359],[139.58,35.66377],[139.58093,35.66449],[139.58211,35.66519],[139.58102,35.66542],[139.57976,35.66576],[139.57918,35.66658],[139.57938,35.66666],[139.57865,35.66739],[139.57977,35.66777],[139.57917,35.66896],[139.57887,35.66915],[139.57813,35.6692],[139.57838,35.66844],[139.5781,35.66832],[139.57796,35.66886],[139.57775,35.66891],[139.57809,35.67033],[139.57848,35.67047],[139.57912,35.67033],[139.57916,35.67118],[139.57906,35.67143],[139.57858,35.67214],[139.57799,35.67248],[139.57755,35.67262],[139.57605,35.67287],[139.57527,35.67307],[139.57613,35.67357],[139.57689,35.6736],[139.57798,35.67349],[139.57848,35.67319],[139.57962,35.67226],[139.57991,35.67245],[139.58045,35.67217],[139.58057,35.67178],[139.58026,35.67165],[139.58058,35.67049],[139.58111,35.67043],[139.58138,35.67018],[139.58139,35.67017],[139.58158,35.67017],[139.58159,35.67023],[139.58161,35.67031],[139.58164,35.67069],[139.58246,35.67067],[139.58247,35.6706],[139.58418,35.6706],[139.58465,35.67131],[139.58523,35.67113],[139.58527,35.67133],[139.58626,35.67098],[139.58621,35.67086],[139.58745,35.67027],[139.58839,35.66974],[139.58903,35.66926],[139.58903,35.66883],[139.58925,35.66905],[139.58872,35.67058],[139.58831,35.67076],[139.5853,35.67205],[139.58463,35.6723],[139.58365,35.67298],[139.58264,35.67333],[139.5824,35.67332],[139.58269,35.67444],[139.58497,35.67396],[139.58583,35.67412],[139.58629,35.67431],[139.58763,35.67385],[139.58776,35.67417],[139.58791,35.67433],[139.58699,35.67477],[139.58679,35.6754],[139.58686,35.67587],[139.58653,35.677],[139.58661,35.67738],[139.58676,35.67769],[139.58761,35.67806],[139.58815,35.67861],[139.58856,35.67889],[139.58869,35.67918],[139.58845,35.6798],[139.5883,35.68013],[139.58819,35.68009],[139.58794,35.68054],[139.58727,35.68102],[139.58681,35.68106],[139.58616,35.68109],[139.58605,35.6813],[139.5855,35.68159],[139.58525,35.68197],[139.58509,35.68258],[139.58506,35.68271],[139.58519,35.68257],[139.5853,35.68222],[139.58639,35.68209],[139.5882,35.68187],[139.59197,35.68174],[139.59188,35.68211],[139.58936,35.68222],[139.5874,35.68225],[139.58735,35.68242],[139.58673,35.6824],[139.58647,35.68255],[139.58516,35.68269],[139.58582,35.68291],[139.58648,35.68296],[139.58925,35.68261],[139.59183,35.68235],[139.59238,35.68219],[139.59326,35.6819],[139.59339,35.68196],[139.59367,35.6822],[139.59403,35.6823],[139.59291,35.68288],[139.59311,35.68321],[139.59242,35.68402],[139.59204,35.68432],[139.59242,35.68447],[139.59241,35.6848],[139.59256,35.68511],[139.59149,35.68542],[139.59151,35.68578],[139.59126,35.68585],[139.59151,35.6858],[139.59168,35.68606],[139.59054,35.68687],[139.59128,35.68751],[139.59188,35.68783],[139.59283,35.68795],[139.59295,35.68834],[139.59284,35.68883],[139.59282,35.68899],[139.59309,35.68903],[139.59351,35.68876],[139.5938,35.68882],[139.59341,35.68926],[139.59351,35.6894],[139.59286,35.68994],[139.59239,35.69052],[139.59134,35.69137],[139.59115,35.69157],[139.59089,35.69173],[139.59033,35.69205],[139.59003,35.6922],[139.58985,35.69238],[139.58938,35.69261],[139.58907,35.69272],[139.58805,35.6931],[139.58754,35.69357],[139.58701,35.69382],[139.58676,35.69414],[139.58648,35.69451],[139.5864,35.69474],[139.58638,35.69514],[139.58578,35.69571],[139.58495,35.69684],[139.58461,35.69732],[139.58393,35.69766],[139.58298,35.698],[139.58257,35.69798],[139.58216,35.69822],[139.58129,35.69849],[139.58026,35.69878],[139.57974,35.69902],[139.57928,35.6994],[139.57892,35.69999],[139.57685,35.70138],[139.57657,35.70169],[139.57519,35.70122],[139.57493,35.70103],[139.57499,35.70052],[139.57449,35.69999],[139.57407,35.69975],[139.57408,35.69937],[139.57323,35.69905],[139.57259,35.69884],[139.57253,35.69725],[139.57171,35.69832],[139.57103,35.69884],[139.57019,35.69928],[139.5686,35.69993]],[[139.55985,35.69771],[139.55915,35.69774],[139.55915,35.69777],[139.55985,35.69771]],[[139.58029,35.69131],[139.58026,35.69138],[139.58047,35.69124],[139.58029,35.69131]],[[139.55571,35.68871],[139.55483,35.6888],[139.55505,35.68878],[139.55571,35.68871]],[[139.54281,35.69128],[139.54279,35.6911],[139.54279,35.69146],[139.54281,35.69128]]]}}]}