{"type":"FeatureCollection","features":[{"type":"Feature","properties":{"nm":"福岡市東区","b":[130.286,33.6058,130.495,33.7126],"c":[130.41883,33.65617]},"geometry":{"type":"MultiPolygon","coordinates":[[[[130.41196,33.61931],[130.41134,33.61783],[130.40829,33.61864],[130.40777,33.61851],[130.40523,33.61921],[130.40448,33.61942],[130.40131,33.61846],[130.39991,33.61517],[130.40317,33.61246],[130.4051,33.61128],[130.40566,33.61094],[130.40633,33.61164],[130.40658,33.61188],[130.40712,33.61152],[130.40786,33.61105],[130.40801,33.61074],[130.40833,33.61075],[130.40855,33.61097],[130.40874,33.61117],[130.41062,33.61054],[130.41024,33.60985],[130.4111,33.60954],[130.41129,33.60983],[130.41203,33.6095],[130.41159,33.60887],[130.41237,33.60837],[130.41341,33.60792],[130.41324,33.60747],[130.41392,33.60706],[130.41465,33.60706],[130.4152,33.60632],[130.41586,33.60579],[130.41632,33.60623],[130.41796,33.60827],[130.41835,33.60809],[130.4191,33.60894],[130.4201,33.60828],[130.42113,33.60706],[130.42248,33.60655],[130.4235,33.60944],[130.42437,33.60927],[130.42486,33.61116],[130.42491,33.6112],[130.42522,33.61116],[130.42458,33.60863],[130.42467,33.60841],[130.42496,33.6086],[130.42546,33.60792],[130.42755,33.60886],[130.42803,33.60815],[130.42891,33.60872],[130.42815,33.60974],[130.42761,33.6103],[130.42871,33.61123],[130.42954,33.6108],[130.43044,33.61011],[130.43174,33.60914],[130.43353,33.60798],[130.43515,33.60785],[130.43614,33.6075],[130.43715,33.60699],[130.43765,33.60667],[130.43825,33.60646],[130.43957,33.60641],[130.44094,33.60668],[130.44104,33.6067],[130.44177,33.6067],[130.44223,33.60652],[130.44238,33.60665],[130.44214,33.60693],[130.44192,33.6071],[130.44301,33.60776],[130.44355,33.60812],[130.44366,33.60821],[130.44378,33.60831],[130.44446,33.60865],[130.44477,33.60902],[130.44439,33.60925],[130.4433,33.61052],[130.44266,33.61113],[130.4411,33.61276],[130.44216,33.61341],[130.44395,33.61453],[130.44712,33.61645],[130.44781,33.617],[130.44823,33.61738],[130.44875,33.61764],[130.45031,33.61871],[130.44992,33.61946],[130.45035,33.61916],[130.45072,33.61925],[130.45162,33.61903],[130.45239,33.6215],[130.45266,33.62209],[130.45281,33.62242],[130.45297,33.62272],[130.45322,33.62328],[130.45335,33.62338],[130.4536,33.62411],[130.45404,33.62505],[130.45711,33.62422],[130.45737,33.62441],[130.45766,33.62516],[130.45803,33.62553],[130.45837,33.62545],[130.45854,33.62602],[130.45798,33.62618],[130.458,33.62631],[130.45835,33.62741],[130.45968,33.62864],[130.46012,33.62925],[130.46088,33.62926],[130.462,33.62924],[130.46205,33.62977],[130.46357,33.63005],[130.46453,33.63043],[130.46561,33.63062],[130.46678,33.63065],[130.46688,33.63178],[130.46775,33.63178],[130.46836,33.63248],[130.46868,33.6333],[130.46816,33.63336],[130.46772,33.63367],[130.46794,33.6343],[130.46821,33.63473],[130.46857,33.63458],[130.46968,33.63573],[130.47063,33.6354],[130.47172,33.63597],[130.47242,33.63671],[130.47384,33.63613],[130.47419,33.63566],[130.4747,33.63459],[130.4752,33.63403],[130.47584,33.63372],[130.47638,33.63395],[130.47731,33.63356],[130.47688,33.63282],[130.47725,33.63291],[130.47854,33.6338],[130.47851,33.63337],[130.47877,33.63279],[130.47921,33.63297],[130.47956,33.63294],[130.47965,33.63232],[130.48112,33.63183],[130.48086,33.63089],[130.48244,33.63047],[130.48229,33.62987],[130.48232,33.62957],[130.4823,33.629],[130.48253,33.62887],[130.48229,33.62815],[130.4834,33.62787],[130.4833,33.62764],[130.48536,33.62709],[130.48585,33.6285],[130.4861,33.62842],[130.48628,33.62887],[130.48649,33.62935],[130.48672,33.62933],[130.48755,33.62901],[130.48817,33.62854],[130.48865,33.62892],[130.48888,33.62903],[130.48961,33.62943],[130.49146,33.63045],[130.49219,33.63061],[130.49294,33.63059],[130.49396,33.6308],[130.4938,33.63138],[130.4944,33.63156],[130.49408,33.63327],[130.49443,33.63385],[130.49361,33.63413],[130.4936,33.63467],[130.494,33.63457],[130.4947,33.63505],[130.49418,33.63569],[130.49283,33.6362],[130.4928,33.63655],[130.4935,33.6381],[130.49369,33.63941],[130.49359,33.63974],[130.49394,33.64078],[130.49305,33.64147],[130.49313,33.64183],[130.49363,33.64223],[130.49362,33.6431],[130.49286,33.6437],[130.49314,33.64422],[130.49386,33.64464],[130.49451,33.64524],[130.49497,33.64588],[130.49445,33.6465],[130.4935,33.64696],[130.49261,33.64794],[130.49228,33.64799],[130.49182,33.64803],[130.49052,33.64915],[130.49046,33.64957],[130.48937,33.64903],[130.4892,33.64812],[130.48829,33.64782],[130.48738,33.64732],[130.487,33.64737],[130.4868,33.64782],[130.48636,33.64783],[130.48575,33.64832],[130.4855,33.64904],[130.4851,33.6493],[130.48511,33.64981],[130.48558,33.65058],[130.48556,33.65092],[130.48473,33.65145],[130.48424,33.65138],[130.48347,33.65091],[130.48317,33.64978],[130.48299,33.6495],[130.4823,33.64925],[130.48134,33.64867],[130.48137,33.64893],[130.48063,33.64832],[130.4805,33.64861],[130.47944,33.64876],[130.47956,33.65],[130.47917,33.65007],[130.4787,33.65108],[130.47896,33.65249],[130.47943,33.65349],[130.47958,33.65411],[130.47933,33.65482],[130.47885,33.65516],[130.47785,33.65524],[130.47754,33.6563],[130.47756,33.65681],[130.47729,33.65722],[130.47598,33.65834],[130.47542,33.65894],[130.47467,33.66009],[130.47465,33.66051],[130.47335,33.66228],[130.4721,33.66347],[130.47174,33.66395],[130.47101,33.66435],[130.46936,33.66637],[130.46909,33.66731],[130.46951,33.66779],[130.47019,33.66801],[130.47097,33.66898],[130.47021,33.67021],[130.46905,33.67154],[130.46821,33.67193],[130.46803,33.6725],[130.46745,33.67272],[130.46723,33.67299],[130.46712,33.67462],[130.46697,33.67602],[130.46742,33.67703],[130.46791,33.6777],[130.46811,33.67798],[130.4684,33.67813],[130.46856,33.6783],[130.46862,33.67865],[130.46856,33.67903],[130.46826,33.67955],[130.46757,33.67978],[130.46703,33.68005],[130.46675,33.68033],[130.46644,33.68073],[130.46596,33.68261],[130.46509,33.68289],[130.46459,33.68301],[130.464,33.68285],[130.46347,33.68239],[130.46282,33.68219],[130.46221,33.68223],[130.46181,33.68195],[130.46085,33.68139],[130.46055,33.68067],[130.46008,33.68043],[130.45878,33.68025],[130.45778,33.67995],[130.45746,33.67991],[130.45701,33.68013],[130.45587,33.67994],[130.45569,33.67982],[130.45546,33.6796],[130.45488,33.67937],[130.45393,33.68121],[130.45429,33.68173],[130.45412,33.68255],[130.45314,33.68342],[130.45282,33.68345],[130.45283,33.68497],[130.4525,33.68537],[130.45222,33.6861],[130.45183,33.68648],[130.45156,33.68737],[130.45145,33.68808],[130.45067,33.68903],[130.45014,33.68971],[130.45012,33.69024],[130.4488,33.6915],[130.44799,33.69202],[130.44791,33.69208],[130.44799,33.69215],[130.44805,33.69242],[130.44804,33.69352],[130.44784,33.69435],[130.44777,33.69511],[130.4478,33.69552],[130.44773,33.69589],[130.44712,33.69641],[130.44805,33.6978],[130.44703,33.69822],[130.446,33.6987],[130.44535,33.69916],[130.44503,33.69908],[130.44437,33.69948],[130.44436,33.69995],[130.44434,33.70003],[130.44397,33.70008],[130.44355,33.70011],[130.44321,33.70049],[130.44306,33.70051],[130.44231,33.70065],[130.44169,33.70091],[130.44151,33.70037],[130.44171,33.70011],[130.44218,33.6997],[130.44186,33.69941],[130.44153,33.69963],[130.44115,33.69921],[130.44116,33.69952],[130.44074,33.69921],[130.44065,33.69927],[130.44049,33.69921],[130.44023,33.69955],[130.44057,33.70019],[130.44041,33.70057],[130.44002,33.7006],[130.43928,33.70074],[130.43906,33.70081],[130.43883,33.70103],[130.43858,33.70121],[130.43854,33.70128],[130.43853,33.70133],[130.43853,33.70137],[130.43854,33.70142],[130.43877,33.70162],[130.43922,33.7015],[130.43944,33.70135],[130.43979,33.70128],[130.43983,33.70158],[130.43969,33.70174],[130.43917,33.70209],[130.4385,33.70216],[130.43736,33.70248],[130.43667,33.70235],[130.43644,33.7026],[130.43551,33.7029],[130.43509,33.70338],[130.43496,33.70349],[130.43424,33.70338],[130.43413,33.70371],[130.43365,33.70384],[130.43383,33.70427],[130.43344,33.70471],[130.4334,33.70488],[130.4332,33.70572],[130.43277,33.70579],[130.43225,33.70623],[130.43127,33.70625],[130.43102,33.70647],[130.43015,33.70686],[130.43015,33.70689],[130.43043,33.70729],[130.43052,33.7083],[130.42856,33.70831],[130.42857,33.70883],[130.42882,33.70945],[130.42851,33.70967],[130.42793,33.70994],[130.42763,33.70904],[130.42695,33.70872],[130.4267,33.70837],[130.42629,33.70859],[130.42634,33.70893],[130.42607,33.70955],[130.42607,33.70956],[130.42602,33.70966],[130.42586,33.70967],[130.4258,33.70969],[130.42524,33.70996],[130.42505,33.70975],[130.42505,33.7093],[130.42458,33.70896],[130.42382,33.70895],[130.42367,33.7087],[130.42341,33.70848],[130.42296,33.7088],[130.42329,33.70919],[130.42377,33.70965],[130.42409,33.71055],[130.42418,33.71093],[130.42352,33.71105],[130.42318,33.71115],[130.42275,33.71116],[130.42227,33.71141],[130.42158,33.71161],[130.41822,33.71261],[130.41792,33.71228],[130.41748,33.71136],[130.41748,33.71064],[130.41718,33.71039],[130.41729,33.70987],[130.41712,33.70939],[130.41677,33.70923],[130.41715,33.70901],[130.41666,33.70804],[130.41632,33.70804],[130.41655,33.70765],[130.41605,33.70717],[130.4159,33.70677],[130.41631,33.70623],[130.41609,33.70597],[130.41643,33.70581],[130.41608,33.70541],[130.41667,33.70506],[130.4168,33.70402],[130.41636,33.70299],[130.41587,33.70243],[130.41492,33.70146],[130.41394,33.70026],[130.41249,33.69902],[130.41101,33.69734],[130.41049,33.69689],[130.4081,33.69542],[130.40813,33.69532],[130.40818,33.69521],[130.40721,33.69443],[130.40744,33.69412],[130.40727,33.69383],[130.40663,33.69351],[130.4051,33.69207],[130.40441,33.69167],[130.40375,33.69097],[130.40332,33.69094],[130.40328,33.69064],[130.40264,33.69011],[130.40226,33.6901],[130.40249,33.68971],[130.4023,33.68939],[130.40133,33.68874],[130.39856,33.68659],[130.3961,33.68507],[130.39545,33.68485],[130.39431,33.68407],[130.39189,33.68219],[130.39134,33.6817],[130.38985,33.68076],[130.38771,33.67953],[130.38708,33.67896],[130.38594,33.67819],[130.38449,33.67738],[130.38251,33.67638],[130.38097,33.67542],[130.37881,33.67442],[130.37821,33.67404],[130.37545,33.67267],[130.37286,33.67146],[130.36867,33.66989],[130.36722,33.66925],[130.36317,33.66793],[130.35961,33.66692],[130.35707,33.6663],[130.35483,33.66584],[130.353,33.66576],[130.35169,33.66505],[130.35033,33.66452],[130.34834,33.66289],[130.34696,33.66223],[130.34562,33.66178],[130.34344,33.66139],[130.34134,33.66123],[130.3385,33.66072],[130.33567,33.66043],[130.33222,33.66014],[130.33039,33.65995],[130.32995,33.66],[130.32781,33.66001],[130.32719,33.66007],[130.32518,33.65998],[130.32282,33.66021],[130.32009,33.66068],[130.31865,33.66111],[130.31686,33.66192],[130.31626,33.6624],[130.31587,33.66302],[130.31554,33.66387],[130.31531,33.66387],[130.31492,33.66482],[130.31666,33.66522],[130.31555,33.66657],[130.31451,33.66745],[130.31339,33.66878],[130.31335,33.66955],[130.31357,33.67097],[130.31344,33.67145],[130.31298,33.67211],[130.31251,33.67242],[130.31198,33.67315],[130.31201,33.67406],[130.31181,33.67501],[130.31115,33.67666],[130.31106,33.67665],[130.31069,33.67771],[130.31042,33.67786],[130.30988,33.67859],[130.30906,33.67895],[130.30868,33.6793],[130.30777,33.68058],[130.30743,33.68158],[130.30677,33.68233],[130.30619,33.68488],[130.30585,33.68518],[130.30519,33.68624],[130.30437,33.6869],[130.30444,33.68723],[130.30349,33.68731],[130.30328,33.68765],[130.30152,33.68818],[130.30112,33.6881],[130.3005,33.68877],[130.29981,33.689],[130.29986,33.68926],[130.29941,33.68947],[130.29912,33.68911],[130.29847,33.68908],[130.29805,33.68931],[130.2979,33.68895],[130.29682,33.68915],[130.29652,33.68895],[130.2965,33.6884],[130.29595,33.68791],[130.29521,33.68774],[130.29383,33.68783],[130.29275,33.68745],[130.29102,33.6873],[130.29006,33.68777],[130.29015,33.68719],[130.29002,33.68634],[130.29012,33.68603],[130.2902,33.68562],[130.29003,33.68475],[130.2897,33.68403],[130.28918,33.6833],[130.28838,33.68237],[130.28808,33.68204],[130.28724,33.68127],[130.2869,33.68091],[130.2868,33.68082],[130.28636,33.6804],[130.28603,33.6798],[130.28595,33.67958],[130.28607,33.67914],[130.28636,33.67881],[130.28748,33.67812],[130.28788,33.67798],[130.28824,33.67792],[130.28873,33.67785],[130.28885,33.67778],[130.28904,33.67755],[130.28906,33.67747],[130.28927,33.67629],[130.28915,33.67594],[130.28871,33.67441],[130.28877,33.6742],[130.28944,33.67379],[130.2896,33.67357],[130.28982,33.67273],[130.28987,33.67242],[130.28964,33.67103],[130.28974,33.67088],[130.28992,33.67089],[130.29009,33.67051],[130.29097,33.66997],[130.2916,33.66919],[130.29145,33.66869],[130.29106,33.66814],[130.29219,33.66689],[130.29274,33.66718],[130.29309,33.66736],[130.29357,33.66718],[130.29395,33.66618],[130.29394,33.66569],[130.29382,33.66556],[130.29436,33.66487],[130.29436,33.66414],[130.29441,33.66391],[130.29475,33.66363],[130.29525,33.66383],[130.29595,33.66357],[130.29625,33.66323],[130.29667,33.6632],[130.29694,33.66315],[130.29747,33.66271],[130.2979,33.66159],[130.29833,33.66086],[130.29851,33.66039],[130.2987,33.66022],[130.29955,33.66004],[130.30002,33.66007],[130.3002,33.66005],[130.30131,33.65992],[130.30203,33.65974],[130.30219,33.6597],[130.30332,33.65999],[130.3037,33.65983],[130.30386,33.65975],[130.30438,33.65943],[130.30521,33.65967],[130.30615,33.65965],[130.30708,33.6595],[130.30776,33.6592],[130.30815,33.65939],[130.30834,33.65956],[130.30854,33.65961],[130.30944,33.65878],[130.31004,33.65895],[130.30933,33.65967],[130.3103,33.66049],[130.31197,33.66079],[130.31199,33.66102],[130.31229,33.6607],[130.31304,33.66014],[130.31294,33.66002],[130.31253,33.65966],[130.3123,33.65925],[130.31313,33.66014],[130.31295,33.66026],[130.31235,33.66072],[130.31219,33.66089],[130.31208,33.66152],[130.31217,33.66206],[130.31233,33.66233],[130.31267,33.66238],[130.3129,33.66222],[130.31393,33.6621],[130.31381,33.66181],[130.31376,33.66164],[130.3139,33.66179],[130.31388,33.66184],[130.31402,33.66207],[130.31418,33.66205],[130.31463,33.66208],[130.31506,33.66184],[130.3145,33.66101],[130.31404,33.66068],[130.31428,33.66078],[130.31464,33.66108],[130.31473,33.66123],[130.31511,33.66183],[130.31596,33.66174],[130.31687,33.66137],[130.31727,33.66121],[130.31818,33.66086],[130.31847,33.66077],[130.31947,33.66034],[130.32088,33.66014],[130.32139,33.66003],[130.32364,33.65975],[130.32396,33.65967],[130.32499,33.65949],[130.3257,33.65938],[130.32628,33.65898],[130.32713,33.65822],[130.32736,33.65799],[130.32772,33.65758],[130.32859,33.65656],[130.32898,33.65591],[130.32929,33.65553],[130.3296,33.65506],[130.32975,33.65489],[130.33013,33.65437],[130.33078,33.65332],[130.33109,33.65259],[130.33168,33.65221],[130.33213,33.6516],[130.33241,33.6512],[130.33351,33.64977],[130.33376,33.64945],[130.33394,33.64935],[130.33424,33.6498],[130.33457,33.65],[130.33478,33.65022],[130.33597,33.65073],[130.33633,33.65034],[130.33613,33.6507],[130.33611,33.65078],[130.33654,33.65088],[130.33809,33.65171],[130.33836,33.65179],[130.33894,33.65192],[130.33916,33.65195],[130.33918,33.65195],[130.33942,33.65194],[130.33993,33.65188],[130.34032,33.65175],[130.34063,33.65163],[130.34128,33.65142],[130.34135,33.65142],[130.34248,33.65109],[130.34302,33.65101],[130.34372,33.65056],[130.34392,33.65041],[130.34444,33.65004],[130.34476,33.64987],[130.34619,33.64909],[130.34717,33.64877],[130.34858,33.64861],[130.34965,33.64865],[130.34986,33.6486],[130.3501,33.6485],[130.35016,33.64846],[130.35062,33.64815],[130.35105,33.64782],[130.35123,33.64785],[130.35154,33.64751],[130.35246,33.64612],[130.35262,33.64583],[130.3532,33.64537],[130.35389,33.64494],[130.35327,33.64414],[130.35308,33.64419],[130.35336,33.64409],[130.35391,33.64492],[130.35434,33.64451],[130.35468,33.64414],[130.3545,33.64379],[130.35502,33.64406],[130.35544,33.64381],[130.35525,33.64327],[130.35515,33.64327],[130.35532,33.64325],[130.35549,33.64378],[130.35576,33.64364],[130.35608,33.64353],[130.35694,33.64329],[130.35673,33.64297],[130.35695,33.64296],[130.357,33.64327],[130.3582,33.64331],[130.35961,33.64363],[130.36031,33.64378],[130.36149,33.64431],[130.36173,33.64464],[130.36185,33.645],[130.36176,33.64524],[130.36094,33.64603],[130.36049,33.64592],[130.36015,33.64627],[130.36022,33.64638],[130.36002,33.64668],[130.35974,33.64695],[130.35973,33.64702],[130.35943,33.64734],[130.35934,33.64748],[130.35924,33.64774],[130.35911,33.64823],[130.35909,33.6483],[130.35899,33.64856],[130.35916,33.649],[130.35922,33.64935],[130.35947,33.6499],[130.35945,33.64993],[130.35924,33.6503],[130.35934,33.65099],[130.3591,33.65115],[130.35911,33.65173],[130.35966,33.6536],[130.36,33.65488],[130.35976,33.65492],[130.35996,33.65497],[130.36001,33.65568],[130.36001,33.65696],[130.36017,33.65782],[130.36073,33.65887],[130.36087,33.65886],[130.36093,33.65908],[130.3614,33.65966],[130.36203,33.66007],[130.36267,33.66022],[130.36287,33.66019],[130.36337,33.65997],[130.36364,33.65985],[130.36474,33.66097],[130.36567,33.66204],[130.36604,33.6625],[130.36726,33.66325],[130.36698,33.66342],[130.36686,33.6639],[130.36704,33.66433],[130.36813,33.66505],[130.3689,33.66523],[130.36954,33.66553],[130.3713,33.66609],[130.37262,33.6664],[130.3734,33.66664],[130.3753,33.66696],[130.3769,33.66713],[130.37775,33.66722],[130.37964,33.66758],[130.3825,33.66813],[130.38268,33.66809],[130.38551,33.66858],[130.38812,33.66897],[130.39363,33.66968],[130.39529,33.67007],[130.39612,33.67027],[130.3973,33.67061],[130.39871,33.67112],[130.39885,33.67136],[130.39911,33.67163],[130.39983,33.67196],[130.40076,33.6725],[130.40087,33.67256],[130.40106,33.67279],[130.40123,33.6729],[130.40149,33.67303],[130.40215,33.67353],[130.40339,33.6741],[130.40356,33.67417],[130.40396,33.67432],[130.4046,33.67451],[130.40476,33.67457],[130.40497,33.67476],[130.40559,33.67504],[130.40562,33.67522],[130.4059,33.67553],[130.40712,33.67616],[130.40728,33.67638],[130.40748,33.67698],[130.40729,33.67698],[130.40682,33.67662],[130.4066,33.67642],[130.40643,33.67638],[130.40616,33.67612],[130.40603,33.67609],[130.40575,33.676],[130.40499,33.67622],[130.40428,33.67683],[130.40388,33.67746],[130.40386,33.67756],[130.40345,33.67791],[130.40317,33.67844],[130.40313,33.67863],[130.40316,33.67883],[130.40316,33.67958],[130.40313,33.67993],[130.4033,33.68009],[130.40334,33.68069],[130.40433,33.68157],[130.40441,33.68165],[130.40492,33.68196],[130.40561,33.68237],[130.40598,33.68254],[130.40654,33.68272],[130.40822,33.68339],[130.40918,33.68361],[130.40965,33.68368],[130.41023,33.68376],[130.41125,33.68388],[130.41183,33.68396],[130.41192,33.68391],[130.41288,33.68372],[130.4137,33.68394],[130.41473,33.68402],[130.41537,33.68424],[130.41666,33.68475],[130.41748,33.68521],[130.4176,33.68553],[130.41774,33.68585],[130.41788,33.68613],[130.41811,33.6863],[130.41867,33.68645],[130.41928,33.68658],[130.42069,33.68673],[130.42215,33.68694],[130.42234,33.68686],[130.42257,33.68705],[130.42291,33.68703],[130.42346,33.68692],[130.42758,33.68657],[130.42791,33.68682],[130.42789,33.68769],[130.4281,33.68806],[130.42822,33.68797],[130.42874,33.6879],[130.42911,33.68771],[130.42957,33.68749],[130.4298,33.68724],[130.4306,33.68668],[130.43176,33.68523],[130.43206,33.68469],[130.43219,33.68425],[130.43251,33.68284],[130.43242,33.68242],[130.43231,33.68186],[130.43237,33.68153],[130.43234,33.68123],[130.43235,33.68065],[130.43219,33.68053],[130.43234,33.68041],[130.4325,33.67992],[130.43309,33.67894],[130.43258,33.67908],[130.43235,33.6792],[130.43202,33.6789],[130.43153,33.67863],[130.43134,33.67851],[130.43103,33.67828],[130.43096,33.67815],[130.43079,33.67798],[130.43077,33.67794],[130.43035,33.67738],[130.4302,33.67728],[130.43002,33.67721],[130.42986,33.67714],[130.42955,33.67693],[130.42939,33.6768],[130.42895,33.6765],[130.42873,33.6764],[130.42838,33.67627],[130.42827,33.67628],[130.4277,33.67641],[130.42738,33.67642],[130.42724,33.6764],[130.42715,33.67639],[130.42679,33.67645],[130.4267,33.67645],[130.42652,33.67637],[130.42616,33.67617],[130.42611,33.67612],[130.42572,33.67565],[130.42572,33.67555],[130.42569,33.67535],[130.42571,33.67496],[130.42585,33.67486],[130.42593,33.67479],[130.42595,33.67477],[130.4263,33.67439],[130.42675,33.67398],[130.42689,33.67384],[130.42703,33.67364],[130.42768,33.67276],[130.42796,33.67233],[130.42815,33.672],[130.42827,33.67173],[130.42872,33.67088],[130.42895,33.67027],[130.42931,33.66978],[130.42983,33.66901],[130.43004,33.66823],[130.43014,33.66768],[130.43026,33.66733],[130.43024,33.66726],[130.43051,33.66722],[130.4309,33.66699],[130.43113,33.66709],[130.43131,33.66719],[130.43162,33.66719],[130.43189,33.66707],[130.43222,33.66675],[130.43239,33.66665],[130.43261,33.66662],[130.43278,33.6665],[130.43313,33.66638],[130.43327,33.66631],[130.43375,33.66599],[130.43399,33.6657],[130.43438,33.66488],[130.43438,33.66487],[130.43448,33.66456],[130.43476,33.66375],[130.43495,33.66269],[130.43479,33.66242],[130.43398,33.66107],[130.43384,33.66083],[130.43325,33.65982],[130.43286,33.65909],[130.43302,33.65905],[130.43293,33.65888],[130.42753,33.66022],[130.42706,33.66052],[130.42569,33.66061],[130.42536,33.66053],[130.41852,33.65769],[130.40785,33.65336],[130.40504,33.65218],[130.40638,33.64993],[130.4094,33.64904],[130.41282,33.64809],[130.41338,33.64797],[130.41401,33.64807],[130.41533,33.64891],[130.41656,33.64919],[130.41724,33.64915],[130.41969,33.64849],[130.42078,33.64809],[130.421,33.64846],[130.42187,33.64759],[130.42203,33.64725],[130.42187,33.64649],[130.42158,33.64539],[130.42137,33.64515],[130.42152,33.64486],[130.42159,33.64482],[130.42164,33.64465],[130.42164,33.64393],[130.42159,33.64288],[130.4214,33.64223],[130.42136,33.64205],[130.42146,33.64201],[130.42297,33.64156],[130.42287,33.6414],[130.42279,33.64137],[130.4224,33.64062],[130.42225,33.64069],[130.4163,33.64236],[130.41128,33.64382],[130.41037,33.6416],[130.40733,33.64246],[130.40572,33.6385],[130.40404,33.63439],[130.40655,33.63368],[130.40663,33.63385],[130.40959,33.63301],[130.40801,33.6291],[130.40704,33.62937],[130.40538,33.62887],[130.40435,33.62626],[130.40317,33.62332],[130.40358,33.62291],[130.41239,33.62045],[130.41196,33.61931]],[[130.44492,33.62124],[130.44526,33.62201],[130.44499,33.62122],[130.44492,33.62124]],[[130.44503,33.6212],[130.44541,33.62129],[130.44515,33.62114],[130.44503,33.6212]],[[130.45517,33.63292],[130.45525,33.6334],[130.45522,33.63292],[130.45517,33.63292]],[[130.44589,33.63483],[130.44588,33.63497],[130.44596,33.63485],[130.44589,33.63483]],[[130.45789,33.64128],[130.45791,33.64127],[130.45814,33.64093],[130.45789,33.64128]],[[130.46341,33.6371],[130.46373,33.63679],[130.46327,33.63676],[130.46341,33.6371]],[[130.45883,33.64824],[130.45871,33.64836],[130.45877,33.64831],[130.45883,33.64824]],[[130.45914,33.64842],[130.45929,33.64846],[130.45922,33.64818],[130.45914,33.64842]],[[130.4594,33.64691],[130.45944,33.64661],[130.45939,33.6466],[130.4594,33.64691]],[[130.46968,33.64642],[130.47061,33.64644],[130.47042,33.64642],[130.46968,33.64642]],[[130.47255,33.63898],[130.47256,33.63899],[130.47484,33.6384],[130.47255,33.63898]],[[130.44967,33.64933],[130.44968,33.64944],[130.44972,33.64937],[130.44967,33.64933]],[[130.44478,33.65061],[130.4448,33.65062],[130.44505,33.65014],[130.44478,33.65061]],[[130.44698,33.65268],[130.44701,33.65266],[130.44691,33.65252],[130.44698,33.65268]],[[130.441,33.64028],[130.44078,33.64075],[130.441,33.64033],[130.441,33.64028]],[[130.4222,33.65192],[130.42298,33.65311],[130.42247,33.65227],[130.4222,33.65192]],[[130.43443,33.65253],[130.43493,33.65338],[130.43506,33.6536],[130.43443,33.65253]],[[130.44382,33.65716],[130.44388,33.65773],[130.44383,33.65721],[130.44382,33.65716]],[[130.45808,33.67112],[130.45804,33.67122],[130.45862,33.67101],[130.45808,33.67112]],[[130.45996,33.66749],[130.46017,33.66768],[130.45992,33.6671],[130.45996,33.66749]],[[130.45537,33.67809],[130.45531,33.67825],[130.4555,33.6783],[130.45537,33.67809]],[[130.4443,33.66349],[130.44447,33.66368],[130.44444,33.66348],[130.4443,33.66349]],[[130.44211,33.66735],[130.44221,33.66747],[130.44227,33.66739],[130.44211,33.66735]],[[130.44896,33.66168],[130.44877,33.66214],[130.44871,33.6623],[130.44896,33.66168]],[[130.44103,33.67349],[130.44122,33.67329],[130.44084,33.67348],[130.44103,33.67349]],[[130.43528,33.67649],[130.43521,33.6772],[130.43528,33.6767],[130.43528,33.67649]],[[130.43523,33.67563],[130.43521,33.67529],[130.43517,33.67503],[130.43523,33.67563]],[[130.43448,33.68034],[130.43434,33.68092],[130.43449,33.6803],[130.43448,33.68034]],[[130.43446,33.68008],[130.43471,33.67914],[130.43474,33.67902],[130.43446,33.68008]],[[130.42717,33.69048],[130.42709,33.69048],[130.42718,33.69051],[130.42755,33.69034],[130.42717,33.69048]],[[130.42411,33.69069],[130.42105,33.69006],[130.42326,33.69055],[130.42411,33.69069]],[[130.42313,33.6945],[130.42325,33.69498],[130.42329,33.69493],[130.42313,33.6945]],[[130.43978,33.68807],[130.43975,33.68799],[130.43961,33.68795],[130.43978,33.68807]],[[130.44249,33.69274],[130.44245,33.69259],[130.4424,33.69258],[130.44249,33.69274]],[[130.44236,33.68981],[130.44257,33.68958],[130.44207,33.68984],[130.44236,33.68981]],[[130.44394,33.6948],[130.44417,33.69486],[130.44363,33.69461],[130.44394,33.6948]],[[130.43212,33.69685],[130.4325,33.69702],[130.43222,33.69661],[130.43212,33.69685]],[[130.43028,33.70132],[130.43009,33.70131],[130.4311,33.70143],[130.43028,33.70132]],[[130.41193,33.69503],[130.41206,33.69495],[130.41164,33.69477],[130.41193,33.69503]],[[130.42179,33.70731],[130.42151,33.70732],[130.42185,33.70743],[130.42179,33.70731]]],[[[130.42739,33.66698],[130.42657,33.66876],[130.426,33.67],[130.42524,33.67157],[130.42372,33.67318],[130.42234,33.67463],[130.42161,33.67516],[130.42103,33.6754],[130.42046,33.67548],[130.41675,33.67539],[130.41581,33.67515],[130.41012,33.67198],[130.4093,33.67153],[130.40854,33.67113],[130.40916,33.67006],[130.40721,33.66927],[130.40674,33.67013],[130.4056,33.6695],[130.4031,33.66811],[130.40177,33.66736],[130.39505,33.66463],[130.39467,33.6644],[130.39436,33.66411],[130.39405,33.66359],[130.39401,33.66272],[130.39416,33.66235],[130.39665,33.65808],[130.39847,33.655],[130.40507,33.65788],[130.40814,33.65917],[130.40822,33.65902],[130.41409,33.66143],[130.41514,33.65965],[130.41643,33.66018],[130.41753,33.65833],[130.41806,33.65852],[130.42068,33.65961],[130.4208,33.65966],[130.42517,33.66147],[130.42626,33.66193],[130.42683,33.66238],[130.42818,33.66429],[130.42824,33.66507],[130.42807,33.66548],[130.42739,33.66698]]]]}},{"type":"Feature","properties":{"nm":"福岡市博多区","b":[130.3959,33.5358,130.4857,33.613],"c":[130.44345,33.5799]},"geometry":{"type":"Polygon","coordinates":[[[130.41377,33.57833],[130.41423,33.57768],[130.4156,33.57672],[130.41593,33.5765],[130.41962,33.57538],[130.4205,33.57494],[130.42168,33.57454],[130.42318,33.57416],[130.42386,33.57389],[130.42457,33.57341],[130.42601,33.57209],[130.42655,33.57157],[130.4274,33.57013],[130.42809,33.56936],[130.42896,33.56876],[130.42998,33.56829],[130.43115,33.56758],[130.43219,33.56645],[130.43298,33.56477],[130.43391,33.56498],[130.43472,33.56531],[130.43459,33.56626],[130.43476,33.56615],[130.43695,33.56468],[130.43847,33.56369],[130.43981,33.56274],[130.44087,33.56188],[130.4424,33.56038],[130.44523,33.55755],[130.44644,33.55633],[130.44753,33.55511],[130.44832,33.55391],[130.4493,33.55241],[130.45077,33.55014],[130.4513,33.5495],[130.45225,33.54863],[130.4523,33.54859],[130.45332,33.54767],[130.45293,33.54704],[130.45315,33.54652],[130.45362,33.54653],[130.45393,33.54715],[130.45421,33.5469],[130.45429,33.54584],[130.45467,33.54497],[130.45499,33.54467],[130.45583,33.54444],[130.4566,33.54384],[130.45696,33.54324],[130.45698,33.54325],[130.45784,33.54194],[130.45933,33.54026],[130.45979,33.5394],[130.46077,33.53913],[130.46092,33.53883],[130.46102,33.53857],[130.46108,33.5385],[130.4612,33.53833],[130.46183,33.53745],[130.4619,33.53738],[130.46279,33.53662],[130.46274,33.53621],[130.46325,33.53579],[130.46378,33.5362],[130.46405,33.53601],[130.46415,33.53645],[130.4644,33.53625],[130.46449,33.53674],[130.46513,33.53703],[130.46529,33.53698],[130.46596,33.53763],[130.46647,33.53734],[130.46685,33.537],[130.46729,33.53662],[130.46741,33.53737],[130.46831,33.53767],[130.46837,33.53779],[130.46856,33.53783],[130.46882,33.53785],[130.46933,33.5379],[130.4694,33.53795],[130.46823,33.53889],[130.46866,33.53928],[130.46909,33.53989],[130.46894,33.54013],[130.46886,33.54031],[130.46859,33.54088],[130.46858,33.54091],[130.46937,33.54161],[130.46882,33.54216],[130.46886,33.54221],[130.469,33.5423],[130.46978,33.54277],[130.46979,33.54277],[130.47057,33.54291],[130.47042,33.5436],[130.4707,33.54398],[130.47143,33.54398],[130.47005,33.54592],[130.46988,33.54616],[130.46934,33.54691],[130.469,33.54738],[130.4684,33.5482],[130.46921,33.54888],[130.46967,33.54867],[130.47002,33.54887],[130.47019,33.549],[130.47035,33.54909],[130.47088,33.54926],[130.4708,33.54998],[130.47032,33.55068],[130.46995,33.55146],[130.4698,33.5519],[130.46931,33.55316],[130.46864,33.55364],[130.46861,33.55367],[130.46855,33.5538],[130.46822,33.55416],[130.4679,33.55449],[130.46715,33.55532],[130.46523,33.55749],[130.4642,33.5586],[130.46266,33.56015],[130.46248,33.56009],[130.46215,33.55991],[130.46156,33.56052],[130.46112,33.56102],[130.46072,33.56075],[130.46032,33.5611],[130.46103,33.56166],[130.46219,33.56213],[130.46404,33.56247],[130.46443,33.56285],[130.46482,33.56355],[130.46556,33.5634],[130.4665,33.56293],[130.46732,33.5618],[130.46783,33.561],[130.46839,33.55953],[130.46896,33.5589],[130.4704,33.55819],[130.47087,33.55731],[130.47095,33.55677],[130.47092,33.55634],[130.47101,33.55609],[130.47153,33.55551],[130.47249,33.55477],[130.47283,33.55431],[130.47312,33.55356],[130.4734,33.55328],[130.47412,33.55311],[130.4754,33.55332],[130.47604,33.55295],[130.47621,33.55233],[130.47725,33.55278],[130.47763,33.55252],[130.47846,33.55312],[130.47852,33.55316],[130.47959,33.55386],[130.47932,33.55411],[130.47969,33.55427],[130.48024,33.55488],[130.48005,33.55512],[130.48064,33.55581],[130.48128,33.55608],[130.48156,33.55695],[130.48215,33.55724],[130.48312,33.55767],[130.48387,33.55775],[130.48451,33.55804],[130.48507,33.55855],[130.48494,33.55941],[130.48568,33.56026],[130.48484,33.56142],[130.48409,33.56216],[130.48317,33.56233],[130.48286,33.56272],[130.48226,33.56419],[130.48171,33.56467],[130.48153,33.56559],[130.48163,33.56622],[130.48233,33.56729],[130.48205,33.56746],[130.48089,33.56786],[130.47979,33.56724],[130.47906,33.56736],[130.47832,33.56708],[130.47811,33.56708],[130.47744,33.56729],[130.47725,33.56774],[130.47745,33.56843],[130.4776,33.56878],[130.47746,33.56921],[130.47767,33.57028],[130.47775,33.57058],[130.47838,33.57099],[130.47847,33.57106],[130.47859,33.57123],[130.47862,33.57201],[130.47922,33.57245],[130.47923,33.57415],[130.47863,33.57478],[130.47884,33.57514],[130.47838,33.57551],[130.47849,33.5759],[130.47813,33.57653],[130.47812,33.57722],[130.47749,33.57778],[130.47723,33.57771],[130.47645,33.57803],[130.47575,33.57893],[130.47543,33.57893],[130.47504,33.57977],[130.47519,33.58016],[130.47565,33.58055],[130.47543,33.58086],[130.47447,33.58116],[130.47404,33.58161],[130.47394,33.58237],[130.4735,33.58369],[130.47305,33.58341],[130.47151,33.58483],[130.47162,33.58527],[130.4711,33.5854],[130.47047,33.58606],[130.46969,33.58619],[130.46939,33.58667],[130.46908,33.58704],[130.46808,33.58687],[130.46707,33.58732],[130.46672,33.58838],[130.466,33.58989],[130.46526,33.59002],[130.46475,33.59044],[130.46466,33.59063],[130.46425,33.59079],[130.46365,33.59105],[130.46361,33.59124],[130.4636,33.5913],[130.46347,33.59161],[130.46337,33.59194],[130.46256,33.59258],[130.46279,33.59295],[130.46211,33.59376],[130.46176,33.5942],[130.46169,33.59424],[130.46114,33.59439],[130.46087,33.59447],[130.46071,33.59455],[130.46065,33.59458],[130.46043,33.59523],[130.46056,33.59556],[130.46052,33.59563],[130.46047,33.5958],[130.46038,33.59588],[130.46032,33.59593],[130.46018,33.59602],[130.45997,33.59645],[130.45984,33.59654],[130.45977,33.59662],[130.45971,33.59665],[130.45922,33.59672],[130.45857,33.59695],[130.45742,33.59694],[130.45684,33.59641],[130.45627,33.59627],[130.45536,33.59634],[130.45507,33.59738],[130.45409,33.59808],[130.45386,33.59861],[130.45379,33.59872],[130.45233,33.60061],[130.45179,33.60087],[130.45171,33.60113],[130.45041,33.60137],[130.45038,33.60141],[130.45041,33.60175],[130.45099,33.60222],[130.45042,33.60289],[130.44941,33.60276],[130.44866,33.60317],[130.44831,33.60368],[130.44808,33.60398],[130.44755,33.60447],[130.4462,33.60498],[130.44552,33.60485],[130.4447,33.60512],[130.44413,33.60547],[130.44386,33.60514],[130.44352,33.60523],[130.44296,33.60573],[130.44318,33.60591],[130.44223,33.60652],[130.44177,33.6067],[130.44104,33.6067],[130.44094,33.60668],[130.43957,33.60641],[130.43825,33.60646],[130.43765,33.60667],[130.43715,33.60699],[130.43614,33.6075],[130.43515,33.60785],[130.43353,33.60798],[130.43174,33.60914],[130.43044,33.61011],[130.42954,33.6108],[130.42871,33.61123],[130.42761,33.6103],[130.42815,33.60974],[130.42891,33.60872],[130.42803,33.60815],[130.42755,33.60886],[130.42546,33.60792],[130.42496,33.6086],[130.42467,33.60841],[130.42458,33.60863],[130.42522,33.61116],[130.42491,33.6112],[130.42486,33.61116],[130.42437,33.60927],[130.4235,33.60944],[130.42248,33.60655],[130.42113,33.60706],[130.4201,33.60828],[130.4191,33.60894],[130.41835,33.60809],[130.41796,33.60827],[130.41632,33.60623],[130.41586,33.60579],[130.4152,33.60632],[130.41465,33.60706],[130.41392,33.60706],[130.41324,33.60747],[130.41341,33.60792],[130.41237,33.60837],[130.41159,33.60887],[130.41203,33.6095],[130.41129,33.60983],[130.4111,33.60954],[130.41024,33.60985],[130.41062,33.61054],[130.40874,33.61117],[130.40855,33.61097],[130.40833,33.61075],[130.40801,33.61074],[130.40808,33.61066],[130.40663,33.60915],[130.40626,33.60872],[130.40624,33.60869],[130.40605,33.60838],[130.40584,33.60813],[130.40363,33.60951],[130.40375,33.60964],[130.40208,33.61069],[130.39952,33.61243],[130.39909,33.61272],[130.39869,33.61299],[130.39788,33.61217],[130.39735,33.61163],[130.39704,33.61131],[130.39648,33.61074],[130.39595,33.6102],[130.39694,33.60951],[130.3992,33.60794],[130.40006,33.60749],[130.40072,33.60713],[130.40097,33.60701],[130.39973,33.60575],[130.40001,33.60561],[130.401,33.60606],[130.40184,33.60517],[130.40169,33.60502],[130.4018,33.6049],[130.40001,33.60368],[130.39958,33.60339],[130.39932,33.60363],[130.39939,33.60382],[130.39938,33.60382],[130.39958,33.60444],[130.40002,33.605],[130.39957,33.60523],[130.39851,33.60564],[130.39737,33.60561],[130.39715,33.60572],[130.39665,33.60537],[130.39641,33.6052],[130.39703,33.60417],[130.39773,33.60345],[130.39801,33.60297],[130.39753,33.60293],[130.39751,33.60262],[130.39818,33.60273],[130.39866,33.60197],[130.39912,33.60124],[130.39951,33.6006],[130.39902,33.60015],[130.39937,33.59955],[130.40055,33.59692],[130.40056,33.59689],[130.40075,33.59658],[130.40076,33.59658],[130.40067,33.59632],[130.4008,33.59584],[130.40168,33.59435],[130.40221,33.5938],[130.40226,33.59374],[130.40255,33.59352],[130.40411,33.59271],[130.40549,33.59201],[130.40738,33.59069],[130.40828,33.58991],[130.40914,33.58884],[130.4097,33.58789],[130.40973,33.5885],[130.40973,33.58782],[130.40972,33.58756],[130.4095,33.58552],[130.40949,33.58526],[130.40954,33.58357],[130.40969,33.58308],[130.40972,33.58304],[130.41027,33.58222],[130.41174,33.58093],[130.41261,33.57998],[130.41289,33.5796],[130.41377,33.57833]],[[130.42086,33.59502],[130.42092,33.59559],[130.42094,33.59499],[130.42086,33.59502]],[[130.41859,33.58762],[130.41866,33.58763],[130.41885,33.58761],[130.41865,33.58762],[130.41859,33.58762]],[[130.42844,33.58939],[130.42909,33.5889],[130.42844,33.58938],[130.42844,33.58939]],[[130.42462,33.58601],[130.42407,33.58559],[130.42459,33.58604],[130.42462,33.58601]],[[130.43005,33.58816],[130.43029,33.58789],[130.43003,33.58814],[130.43005,33.58816]],[[130.42693,33.58501],[130.42647,33.58455],[130.42645,33.58454],[130.42693,33.58501]],[[130.43703,33.57847],[130.437,33.57838],[130.43679,33.5785],[130.43703,33.57847]],[[130.41171,33.59611],[130.41177,33.59616],[130.41172,33.5961],[130.41171,33.59611]],[[130.40476,33.6017],[130.40564,33.60099],[130.40565,33.60098],[130.40476,33.6017]],[[130.40856,33.60466],[130.40861,33.60453],[130.40853,33.60465],[130.40856,33.60466]],[[130.42173,33.60433],[130.42227,33.60596],[130.42172,33.60429],[130.42173,33.60433]],[[130.42865,33.6022],[130.42923,33.6015],[130.4292,33.60152],[130.42865,33.6022]],[[130.43721,33.60255],[130.43837,33.60122],[130.43727,33.60248],[130.43721,33.60255]],[[130.43622,33.59865],[130.43664,33.59872],[130.43619,33.5986],[130.43622,33.59865]],[[130.4378,33.59924],[130.43801,33.59902],[130.43798,33.59892],[130.4378,33.59924]],[[130.43924,33.58707],[130.43849,33.58683],[130.43771,33.58659],[130.43924,33.58707]],[[130.44111,33.60313],[130.44079,33.60349],[130.44058,33.60373],[130.44111,33.60313]],[[130.44845,33.59787],[130.44864,33.59765],[130.44851,33.59761],[130.44845,33.59787]],[[130.45081,33.59276],[130.45142,33.59182],[130.45154,33.5916],[130.45081,33.59276]],[[130.4526,33.58991],[130.45295,33.58943],[130.45273,33.58972],[130.4526,33.58991]],[[130.45636,33.58372],[130.45678,33.58309],[130.45731,33.5821],[130.45636,33.58372]],[[130.4675,33.58385],[130.46777,33.58395],[130.46758,33.58386],[130.4675,33.58385]],[[130.47391,33.56531],[130.47366,33.56526],[130.47372,33.5654],[130.47391,33.56531]],[[130.47305,33.57251],[130.47292,33.57266],[130.47314,33.57259],[130.47305,33.57251]],[[130.45473,33.56855],[130.45449,33.56848],[130.45371,33.56835],[130.45473,33.56855]],[[130.45792,33.56287],[130.45789,33.56287],[130.45761,33.56325],[130.45792,33.56287]],[[130.4412,33.58019],[130.44111,33.58027],[130.44135,33.58042],[130.4412,33.58019]],[[130.43492,33.56987],[130.43621,33.5701],[130.43498,33.5698],[130.43492,33.56987]],[[130.43835,33.57073],[130.43839,33.57048],[130.43813,33.57046],[130.43835,33.57073]],[[130.45235,33.55941],[130.45205,33.55924],[130.45202,33.55927],[130.45235,33.55941]],[[130.46007,33.55872],[130.46065,33.55766],[130.46006,33.55872],[130.46007,33.55872]],[[130.46348,33.54738],[130.46335,33.54702],[130.46333,33.54703],[130.46348,33.54738]],[[130.46572,33.54688],[130.46557,33.54673],[130.46521,33.54647],[130.46572,33.54688]],[[130.46497,33.54627],[130.46488,33.54621],[130.46432,33.54656],[130.46497,33.54627]],[[130.45818,33.54384],[130.46041,33.54214],[130.45815,33.54382],[130.45818,33.54384]],[[130.45942,33.5446],[130.46002,33.54421],[130.4594,33.54459],[130.45942,33.5446]],[[130.46262,33.54441],[130.46263,33.54386],[130.46261,33.54388],[130.46262,33.54441]],[[130.46183,33.53909],[130.4625,33.53853],[130.46155,33.53932],[130.46183,33.53909]],[[130.45595,33.59329],[130.45611,33.59337],[130.45589,33.59325],[130.45595,33.59329]],[[130.45624,33.59207],[130.4564,33.59192],[130.4563,33.5919],[130.45624,33.59207]],[[130.45836,33.59204],[130.45823,33.59163],[130.45806,33.59189],[130.45836,33.59204]]]}},{"type":"Feature","properties":{"nm":"福岡市中央区","b":[130.3569,33.5579,130.4156,33.6098],"c":[130.38632,33.58382]},"geometry":{"type":"Polygon","coordinates":[[[130.40226,33.59374],[130.40221,33.5938],[130.40168,33.59435],[130.4008,33.59584],[130.40067,33.59632],[130.40076,33.59658],[130.40075,33.59658],[130.40056,33.59689],[130.40055,33.59692],[130.39937,33.59955],[130.39902,33.60015],[130.39898,33.60023],[130.39881,33.60044],[130.39825,33.60019],[130.39671,33.59955],[130.39603,33.59926],[130.39495,33.5988],[130.39488,33.59893],[130.39469,33.59924],[130.39442,33.59967],[130.39423,33.59999],[130.39412,33.60016],[130.39406,33.60031],[130.39493,33.60067],[130.39531,33.60078],[130.39529,33.6008],[130.39553,33.60106],[130.39564,33.60111],[130.39598,33.60122],[130.396,33.60118],[130.39601,33.60123],[130.39691,33.60165],[130.39675,33.60192],[130.39643,33.60243],[130.39629,33.60267],[130.39618,33.60284],[130.39595,33.60325],[130.39598,33.60328],[130.39596,33.60344],[130.39592,33.60363],[130.3959,33.60353],[130.39588,33.60343],[130.39592,33.60324],[130.39594,33.60308],[130.39551,33.60276],[130.39455,33.60235],[130.39366,33.6038],[130.39355,33.60397],[130.39264,33.60545],[130.3918,33.60681],[130.39006,33.60967],[130.38999,33.60978],[130.38722,33.60858],[130.38538,33.60779],[130.38471,33.60751],[130.38537,33.60643],[130.38652,33.60455],[130.38664,33.60435],[130.3871,33.6036],[130.38751,33.60293],[130.38801,33.60211],[130.38825,33.60172],[130.38827,33.60168],[130.38697,33.60113],[130.38692,33.6011],[130.38593,33.60068],[130.38455,33.60008],[130.38609,33.59944],[130.38795,33.59869],[130.39142,33.60016],[130.3915,33.60033],[130.39173,33.59968],[130.39318,33.59729],[130.39226,33.59689],[130.39167,33.59664],[130.39119,33.59643],[130.39075,33.59625],[130.39056,33.59616],[130.38925,33.5956],[130.38877,33.59561],[130.38862,33.59586],[130.38835,33.59631],[130.38783,33.59715],[130.38764,33.59725],[130.38681,33.59689],[130.38736,33.59598],[130.38753,33.5957],[130.38789,33.5951],[130.38766,33.595],[130.38581,33.5942],[130.38535,33.59454],[130.3851,33.59481],[130.3848,33.59513],[130.38459,33.59536],[130.3844,33.59557],[130.38423,33.59576],[130.38393,33.59592],[130.38324,33.59548],[130.38367,33.59501],[130.38383,33.5949],[130.38377,33.59489],[130.38363,33.5944],[130.38284,33.59424],[130.38241,33.59415],[130.38088,33.59382],[130.38038,33.59504],[130.38016,33.59553],[130.38005,33.59576],[130.37931,33.59595],[130.3792,33.59616],[130.37927,33.59618],[130.37905,33.59666],[130.37885,33.59708],[130.38029,33.59737],[130.3804,33.59704],[130.3806,33.59651],[130.38105,33.59656],[130.3816,33.59663],[130.38262,33.59671],[130.38269,33.59672],[130.38319,33.59674],[130.38326,33.59671],[130.38305,33.59686],[130.38297,33.59712],[130.383,33.5973],[130.38288,33.5974],[130.38293,33.59751],[130.38275,33.59783],[130.38272,33.59783],[130.38268,33.59806],[130.38271,33.59809],[130.38266,33.59811],[130.38265,33.59814],[130.3825,33.59868],[130.38281,33.59875],[130.38242,33.59896],[130.38199,33.59887],[130.38171,33.59895],[130.38229,33.59936],[130.38224,33.59955],[130.3822,33.59967],[130.38228,33.59987],[130.38232,33.59992],[130.38213,33.59988],[130.38207,33.60009],[130.38202,33.60025],[130.382,33.60031],[130.38187,33.60074],[130.38187,33.60075],[130.38203,33.60078],[130.38202,33.60076],[130.38205,33.60078],[130.38202,33.60087],[130.382,33.60095],[130.38201,33.60099],[130.38196,33.60095],[130.38197,33.60095],[130.38198,33.60095],[130.382,33.60087],[130.38185,33.6008],[130.38154,33.60184],[130.38167,33.60201],[130.38141,33.60228],[130.3813,33.60262],[130.38111,33.60274],[130.38064,33.6028],[130.37974,33.6029],[130.37989,33.60343],[130.37979,33.60369],[130.37987,33.60402],[130.37979,33.60398],[130.37982,33.60395],[130.37965,33.6037],[130.37962,33.60369],[130.37967,33.60346],[130.37934,33.60294],[130.37732,33.60316],[130.37753,33.60353],[130.37755,33.60372],[130.37749,33.60373],[130.37747,33.60366],[130.3774,33.60368],[130.37754,33.6046],[130.37767,33.60458],[130.37768,33.60457],[130.3777,33.60456],[130.37769,33.6045],[130.37768,33.60449],[130.37771,33.60449],[130.37771,33.60451],[130.37774,33.60462],[130.37769,33.60462],[130.37768,33.60461],[130.37755,33.60462],[130.3777,33.6049],[130.37771,33.60498],[130.37773,33.60509],[130.37773,33.60511],[130.37775,33.60524],[130.3778,33.60521],[130.37779,33.60516],[130.37782,33.6052],[130.37784,33.60527],[130.37785,33.60532],[130.37784,33.60536],[130.37786,33.60543],[130.37787,33.60547],[130.37787,33.6055],[130.37786,33.60551],[130.37785,33.60562],[130.37785,33.60565],[130.37781,33.60564],[130.3778,33.60562],[130.37782,33.60548],[130.37782,33.60543],[130.37776,33.60542],[130.3777,33.60507],[130.37769,33.60497],[130.37755,33.60466],[130.37763,33.60514],[130.37776,33.60594],[130.37756,33.60505],[130.37725,33.60469],[130.37661,33.60477],[130.37499,33.60495],[130.37502,33.60513],[130.37503,33.60517],[130.37511,33.60506],[130.37511,33.60502],[130.37514,33.60505],[130.37513,33.60512],[130.37515,33.60512],[130.3751,33.60517],[130.37499,33.60519],[130.37492,33.6052],[130.37489,33.6052],[130.37483,33.6052],[130.37482,33.60516],[130.37482,33.60506],[130.37485,33.60513],[130.37486,33.60516],[130.37491,33.60512],[130.37488,33.60497],[130.37466,33.60498],[130.37365,33.60509],[130.37353,33.60462],[130.3735,33.60451],[130.37331,33.60454],[130.37324,33.60413],[130.37319,33.6038],[130.37323,33.60364],[130.37324,33.60366],[130.37336,33.60365],[130.37324,33.60289],[130.37314,33.6023],[130.37231,33.60231],[130.37271,33.60229],[130.37269,33.60212],[130.37263,33.60174],[130.37259,33.60171],[130.37228,33.60155],[130.37224,33.60143],[130.37223,33.60138],[130.3723,33.60128],[130.37232,33.60116],[130.3723,33.60099],[130.37225,33.60091],[130.37212,33.6008],[130.37211,33.60078],[130.37204,33.60065],[130.37158,33.60033],[130.37111,33.6001],[130.3709,33.60009],[130.37,33.60025],[130.36925,33.60052],[130.36825,33.60078],[130.36764,33.60078],[130.36726,33.60073],[130.36681,33.6006],[130.36636,33.60111],[130.36535,33.60061],[130.3646,33.60026],[130.36269,33.59905],[130.36266,33.59903],[130.363,33.59896],[130.3646,33.6],[130.36514,33.5994],[130.3645,33.59896],[130.36418,33.59874],[130.3638,33.59849],[130.36352,33.59819],[130.36347,33.59823],[130.36336,33.59833],[130.3633,33.59833],[130.36335,33.59829],[130.36346,33.5981],[130.36311,33.59783],[130.36273,33.59761],[130.36261,33.59755],[130.3623,33.59737],[130.36131,33.59818],[130.36073,33.59866],[130.36042,33.59891],[130.35964,33.5986],[130.36036,33.59883],[130.36091,33.59838],[130.3608,33.59807],[130.36072,33.5979],[130.36062,33.59775],[130.3605,33.59762],[130.36033,33.59747],[130.36021,33.59737],[130.35995,33.59721],[130.35937,33.5968],[130.35933,33.59678],[130.35922,33.59675],[130.35884,33.59661],[130.35865,33.59658],[130.35849,33.59657],[130.35824,33.59656],[130.35799,33.59656],[130.35783,33.59658],[130.35758,33.59662],[130.3574,33.59665],[130.35704,33.59741],[130.357,33.59748],[130.35768,33.59782],[130.35688,33.5975],[130.35694,33.59738],[130.35738,33.59646],[130.35771,33.59578],[130.35738,33.59569],[130.35733,33.59567],[130.35712,33.59557],[130.35829,33.5934],[130.36029,33.58972],[130.36159,33.58742],[130.36291,33.58566],[130.3642,33.5836],[130.36524,33.5818],[130.3654,33.58159],[130.36636,33.58114],[130.36979,33.58086],[130.37089,33.58058],[130.37253,33.57953],[130.37296,33.57904],[130.3735,33.57757],[130.37427,33.5762],[130.37462,33.57578],[130.37495,33.57535],[130.37546,33.57428],[130.37563,33.57346],[130.37577,33.57271],[130.37588,33.57216],[130.37606,33.57118],[130.37607,33.5709],[130.37608,33.57067],[130.37605,33.57013],[130.37578,33.56829],[130.37567,33.56764],[130.37603,33.56663],[130.37593,33.56569],[130.37568,33.56452],[130.37576,33.56427],[130.37579,33.56376],[130.37642,33.56367],[130.37671,33.56326],[130.37669,33.56251],[130.3774,33.56233],[130.37831,33.56251],[130.3796,33.56272],[130.38032,33.56295],[130.38044,33.56263],[130.38056,33.56221],[130.38142,33.56205],[130.38168,33.56092],[130.38227,33.561],[130.38278,33.56117],[130.38306,33.56091],[130.384,33.5607],[130.38514,33.56099],[130.38611,33.56066],[130.38714,33.56013],[130.38747,33.5598],[130.38795,33.55968],[130.38804,33.55972],[130.38951,33.55934],[130.38994,33.55874],[130.39053,33.55856],[130.39123,33.55794],[130.39199,33.558],[130.3938,33.55793],[130.39484,33.55824],[130.39553,33.55813],[130.39546,33.5588],[130.3953,33.55882],[130.39393,33.56052],[130.39455,33.56082],[130.3951,33.56107],[130.39564,33.56095],[130.39592,33.56112],[130.39609,33.56176],[130.39636,33.56157],[130.39694,33.56201],[130.39671,33.56291],[130.39623,33.5632],[130.39667,33.56398],[130.396,33.56496],[130.39869,33.56622],[130.39893,33.56637],[130.39841,33.56739],[130.39747,33.56826],[130.39754,33.56923],[130.39897,33.57037],[130.39987,33.57091],[130.40055,33.57133],[130.40216,33.57224],[130.40357,33.57271],[130.4048,33.57303],[130.40663,33.57344],[130.40817,33.5737],[130.41066,33.57438],[130.40959,33.57534],[130.41186,33.57581],[130.41512,33.57648],[130.4156,33.57672],[130.41423,33.57768],[130.41377,33.57833],[130.41289,33.5796],[130.41261,33.57998],[130.41174,33.58093],[130.41027,33.58222],[130.40972,33.58304],[130.40969,33.58308],[130.40954,33.58357],[130.40949,33.58526],[130.4095,33.58552],[130.40972,33.58756],[130.40973,33.58782],[130.4097,33.58789],[130.40914,33.58884],[130.40828,33.58991],[130.40738,33.59069],[130.40549,33.59201],[130.40411,33.59271],[130.40255,33.59352],[130.40226,33.59374]],[[130.36273,33.59761],[130.36332,33.59709],[130.36294,33.59741],[130.36273,33.59761]],[[130.40595,33.58712],[130.40558,33.58692],[130.40592,33.58714],[130.40595,33.58712]],[[130.4011,33.58173],[130.40108,33.58154],[130.40108,33.58156],[130.4011,33.58174],[130.4011,33.58173]],[[130.40142,33.58483],[130.40137,33.58481],[130.40145,33.58513],[130.40142,33.58483]],[[130.40727,33.57882],[130.40692,33.57839],[130.4068,33.57853],[130.40727,33.57882]],[[130.39345,33.57811],[130.39301,33.57831],[130.39283,33.57841],[130.39345,33.57811]],[[130.39283,33.57841],[130.39257,33.57857],[130.39274,33.57847],[130.39283,33.57841]],[[130.39588,33.5734],[130.39553,33.57362],[130.39581,33.57369],[130.39588,33.5734]],[[130.3943,33.56751],[130.39362,33.56749],[130.39416,33.56759],[130.3943,33.56751]],[[130.39039,33.57563],[130.38989,33.57555],[130.39036,33.57568],[130.39039,33.57563]],[[130.38683,33.57075],[130.38679,33.57082],[130.38681,33.57102],[130.38683,33.57075]],[[130.38545,33.57346],[130.38538,33.57354],[130.38559,33.57381],[130.38545,33.57346]],[[130.38359,33.58288],[130.38334,33.58244],[130.38345,33.58282],[130.38359,33.58288]],[[130.38294,33.58148],[130.38248,33.58105],[130.38303,33.5816],[130.38294,33.58148]],[[130.39482,33.59875],[130.39489,33.59878],[130.39485,33.59876],[130.39482,33.59875]],[[130.3703,33.58788],[130.37011,33.58873],[130.37019,33.58842],[130.3703,33.58788]],[[130.36944,33.58976],[130.36937,33.58987],[130.36996,33.59019],[130.36944,33.58976]],[[130.3784,33.57267],[130.37825,33.57327],[130.37825,33.57329],[130.3784,33.57267]],[[130.38395,33.56356],[130.38405,33.5635],[130.38394,33.56355],[130.38395,33.56356]]]}},{"type":"Feature","properties":{"nm":"福岡市南区","b":[130.3645,33.5052,130.4523,33.5767],"c":[130.41007,33.54163]},"geometry":{"type":"Polygon","coordinates":[[[130.42809,33.56936],[130.4274,33.57013],[130.42655,33.57157],[130.42601,33.57209],[130.42457,33.57341],[130.42386,33.57389],[130.42318,33.57416],[130.42168,33.57454],[130.4205,33.57494],[130.41962,33.57538],[130.41593,33.5765],[130.4156,33.57672],[130.41512,33.57648],[130.41186,33.57581],[130.40959,33.57534],[130.41066,33.57438],[130.40817,33.5737],[130.40663,33.57344],[130.4048,33.57303],[130.40357,33.57271],[130.40216,33.57224],[130.40055,33.57133],[130.39987,33.57091],[130.39897,33.57037],[130.39754,33.56923],[130.39747,33.56826],[130.39841,33.56739],[130.39893,33.56637],[130.39869,33.56622],[130.396,33.56496],[130.39667,33.56398],[130.39623,33.5632],[130.39671,33.56291],[130.39694,33.56201],[130.39636,33.56157],[130.39609,33.56176],[130.39592,33.56112],[130.39564,33.56095],[130.3951,33.56107],[130.39455,33.56082],[130.39393,33.56052],[130.3953,33.55882],[130.39546,33.5588],[130.39553,33.55813],[130.39484,33.55824],[130.3938,33.55793],[130.39199,33.558],[130.39123,33.55794],[130.39053,33.55856],[130.38994,33.55874],[130.38951,33.55934],[130.38804,33.55972],[130.38795,33.55968],[130.38785,33.55926],[130.38782,33.55872],[130.3879,33.55792],[130.38775,33.55751],[130.38769,33.55733],[130.38746,33.55665],[130.38741,33.55591],[130.38813,33.55322],[130.38811,33.55314],[130.38888,33.55013],[130.38901,33.54957],[130.38986,33.5482],[130.39015,33.5476],[130.39052,33.54635],[130.39006,33.5461],[130.38991,33.54567],[130.38938,33.5451],[130.38904,33.54441],[130.38893,33.54379],[130.38902,33.54322],[130.39041,33.54202],[130.39063,33.54139],[130.3909,33.5407],[130.39105,33.54035],[130.39117,33.53993],[130.39113,33.53897],[130.39023,33.53879],[130.39016,33.53919],[130.38979,33.53927],[130.38933,33.53925],[130.38878,33.53987],[130.38789,33.54058],[130.38762,33.54019],[130.38752,33.53929],[130.38692,33.53886],[130.38624,33.53849],[130.38576,33.53766],[130.38539,33.5365],[130.3848,33.53596],[130.38474,33.53582],[130.38502,33.53543],[130.38497,33.53506],[130.38475,33.53495],[130.38518,33.534],[130.38493,33.53349],[130.38522,33.53231],[130.38527,33.53142],[130.38507,33.53078],[130.38442,33.52983],[130.3841,33.52866],[130.38406,33.52794],[130.38381,33.52733],[130.38308,33.52636],[130.38208,33.52542],[130.3811,33.52468],[130.38079,33.52459],[130.37947,33.52333],[130.37927,33.52303],[130.3776,33.52237],[130.37713,33.52172],[130.3771,33.5214],[130.37673,33.52132],[130.37585,33.51998],[130.3757,33.51924],[130.37574,33.51704],[130.37507,33.51688],[130.37521,33.51593],[130.37427,33.51594],[130.37379,33.51622],[130.37259,33.51656],[130.37173,33.51647],[130.37121,33.51669],[130.37065,33.51647],[130.36826,33.51662],[130.36784,33.51675],[130.36779,33.51644],[130.3667,33.51568],[130.36612,33.51551],[130.36535,33.51582],[130.36534,33.51523],[130.36565,33.51355],[130.36495,33.5125],[130.36449,33.51217],[130.36466,33.51175],[130.36498,33.51148],[130.36568,33.51148],[130.36648,33.51067],[130.36691,33.51007],[130.36737,33.50904],[130.36751,33.50807],[130.3684,33.50712],[130.36903,33.50707],[130.36953,33.50678],[130.36979,33.50625],[130.37036,33.50604],[130.37083,33.50517],[130.37109,33.50522],[130.37245,33.5056],[130.37322,33.50605],[130.37408,33.50637],[130.37452,33.50678],[130.37558,33.50725],[130.37642,33.50785],[130.37708,33.50846],[130.37784,33.50839],[130.37903,33.50775],[130.37955,33.50764],[130.37997,33.50726],[130.38085,33.50726],[130.38112,33.50635],[130.38186,33.50576],[130.38304,33.50594],[130.38407,33.50673],[130.38604,33.50722],[130.38704,33.50725],[130.38824,33.50711],[130.38905,33.50709],[130.38943,33.5076],[130.39028,33.50816],[130.39104,33.50843],[130.3921,33.50819],[130.39242,33.50782],[130.39322,33.50734],[130.39349,33.50649],[130.394,33.5064],[130.39467,33.50678],[130.39544,33.50692],[130.39601,33.50738],[130.39607,33.50851],[130.39627,33.50905],[130.3973,33.51005],[130.39714,33.51152],[130.39798,33.51258],[130.3983,33.51314],[130.39935,33.51297],[130.40009,33.51215],[130.40049,33.51252],[130.401,33.51265],[130.4013,33.51351],[130.40223,33.5137],[130.40265,33.5135],[130.40398,33.51385],[130.40412,33.51404],[130.40386,33.51462],[130.40406,33.51603],[130.40401,33.51729],[130.4038,33.51806],[130.40386,33.51859],[130.4044,33.51902],[130.40583,33.51951],[130.4062,33.52111],[130.40737,33.52144],[130.40769,33.52164],[130.40885,33.52192],[130.40923,33.52242],[130.41025,33.52284],[130.41033,33.52217],[130.41113,33.52296],[130.41142,33.52307],[130.412,33.52382],[130.41203,33.52388],[130.41249,33.52445],[130.41328,33.52442],[130.41412,33.52459],[130.41468,33.52458],[130.41517,33.52413],[130.41655,33.52362],[130.41722,33.52426],[130.4178,33.52445],[130.41793,33.52494],[130.41857,33.52542],[130.41883,33.52528],[130.42009,33.52682],[130.41989,33.52728],[130.42108,33.5277],[130.42349,33.52815],[130.4234,33.52842],[130.42401,33.52837],[130.42428,33.52862],[130.42448,33.52945],[130.42485,33.52995],[130.4255,33.53008],[130.4268,33.53029],[130.42717,33.5287],[130.42749,33.52778],[130.42765,33.52729],[130.4277,33.52702],[130.42771,33.52695],[130.42785,33.52645],[130.42796,33.52594],[130.42795,33.52561],[130.42721,33.52465],[130.42706,33.52438],[130.42724,33.52408],[130.42742,33.52374],[130.4279,33.52349],[130.4284,33.52298],[130.42852,33.52281],[130.43014,33.52335],[130.43079,33.52344],[130.4309,33.5235],[130.43146,33.52378],[130.43252,33.52438],[130.43284,33.52396],[130.43322,33.5235],[130.43385,33.52284],[130.43393,33.52276],[130.43586,33.524],[130.43581,33.52413],[130.43726,33.52482],[130.43735,33.52486],[130.43744,33.52512],[130.4374,33.52547],[130.43644,33.52658],[130.43564,33.52755],[130.43648,33.52811],[130.43628,33.52842],[130.43611,33.52869],[130.43606,33.52903],[130.43657,33.52936],[130.43678,33.5295],[130.43689,33.52958],[130.43692,33.52958],[130.43742,33.52988],[130.43782,33.53017],[130.43809,33.53036],[130.43843,33.5306],[130.4389,33.53057],[130.43975,33.53091],[130.44024,33.53026],[130.44086,33.53086],[130.44118,33.53079],[130.44163,33.53164],[130.44191,33.53156],[130.44243,33.53184],[130.443,33.53259],[130.44318,33.53332],[130.44284,33.53363],[130.4424,33.53435],[130.44253,33.53467],[130.44217,33.53487],[130.44089,33.53663],[130.44061,33.53681],[130.44063,33.53763],[130.44018,33.53765],[130.44014,33.53802],[130.44053,33.53853],[130.44051,33.53884],[130.44004,33.53888],[130.44019,33.53906],[130.43968,33.53946],[130.43931,33.53983],[130.44028,33.54046],[130.43984,33.54093],[130.43959,33.54125],[130.44002,33.5417],[130.43959,33.5427],[130.4401,33.54285],[130.44124,33.54361],[130.44184,33.5439],[130.4419,33.54395],[130.44212,33.54416],[130.44238,33.54426],[130.44262,33.54433],[130.44254,33.54451],[130.44232,33.54469],[130.44197,33.54481],[130.44226,33.5454],[130.44219,33.54672],[130.44239,33.54686],[130.44304,33.54734],[130.44381,33.54655],[130.44425,33.54694],[130.44488,33.54739],[130.44538,33.54751],[130.44549,33.54712],[130.44609,33.54761],[130.44646,33.54758],[130.44721,33.54747],[130.44816,33.54749],[130.44865,33.54725],[130.44919,33.54841],[130.44955,33.54895],[130.4514,33.54872],[130.4523,33.54859],[130.45225,33.54863],[130.4513,33.5495],[130.45077,33.55014],[130.4493,33.55241],[130.44832,33.55391],[130.44753,33.55511],[130.44644,33.55633],[130.44523,33.55755],[130.4424,33.56038],[130.44087,33.56188],[130.43981,33.56274],[130.43847,33.56369],[130.43695,33.56468],[130.43476,33.56615],[130.43459,33.56626],[130.43472,33.56531],[130.43391,33.56498],[130.43298,33.56477],[130.43219,33.56645],[130.43115,33.56758],[130.42998,33.56829],[130.42896,33.56876],[130.42809,33.56936]],[[130.42782,33.56618],[130.4278,33.56616],[130.42729,33.56676],[130.42782,33.56618]],[[130.42203,33.5649],[130.42176,33.56513],[130.42219,33.565],[130.42203,33.5649]],[[130.43354,33.56136],[130.43407,33.56139],[130.43353,33.56123],[130.43354,33.56136]],[[130.41732,33.56959],[130.41701,33.56991],[130.41687,33.57008],[130.41702,33.56993],[130.41732,33.56959]],[[130.4071,33.56505],[130.4071,33.56502],[130.4067,33.56519],[130.4071,33.56505]],[[130.41249,33.56068],[130.41241,33.5604],[130.41211,33.56061],[130.41249,33.56068]],[[130.41175,33.5594],[130.41201,33.55927],[130.41153,33.55908],[130.41175,33.5594]],[[130.4016,33.56187],[130.40129,33.56188],[130.40134,33.56189],[130.4016,33.56187]],[[130.4072,33.55576],[130.40718,33.55575],[130.40705,33.55572],[130.4072,33.55576]],[[130.39349,33.55319],[130.39259,33.55326],[130.39258,33.55326],[130.39291,33.55327],[130.39349,33.55319]],[[130.40208,33.55082],[130.40211,33.55089],[130.40224,33.55112],[130.40208,33.55082]],[[130.40639,33.5482],[130.40635,33.5482],[130.40612,33.54834],[130.40639,33.5482]],[[130.40137,33.54778],[130.40136,33.54771],[130.40025,33.54797],[130.40137,33.54778]],[[130.39331,33.55175],[130.39243,33.5517],[130.39256,33.55177],[130.39331,33.55175]],[[130.40634,33.54573],[130.4065,33.54533],[130.40636,33.5453],[130.40634,33.54573]],[[130.40178,33.53981],[130.4018,33.53978],[130.4011,33.53997],[130.40178,33.53981]],[[130.39006,33.52994],[130.39018,33.53],[130.39002,33.52971],[130.39006,33.52994]],[[130.38864,33.52788],[130.38892,33.52692],[130.38859,33.52767],[130.3885,33.52748],[130.38864,33.52788]],[[130.38328,33.52329],[130.38328,33.52316],[130.38319,33.52328],[130.38328,33.52329]],[[130.38926,33.53146],[130.38965,33.53192],[130.38972,33.53178],[130.38926,33.53146]],[[130.39727,33.53482],[130.39724,33.5348],[130.39643,33.53532],[130.39727,33.53482]],[[130.3955,33.53229],[130.39561,33.53213],[130.39532,33.53221],[130.3955,33.53229]],[[130.39995,33.53309],[130.39996,33.53308],[130.39997,33.53296],[130.39995,33.53309]],[[130.38713,33.52275],[130.38731,33.52303],[130.38726,33.52279],[130.38713,33.52275]],[[130.40864,33.53596],[130.40902,33.53579],[130.40849,33.53599],[130.40864,33.53596]],[[130.41411,33.53402],[130.41426,33.5339],[130.41393,33.53366],[130.41411,33.53402]],[[130.41393,33.53366],[130.41401,33.53365],[130.4139,33.5336],[130.41393,33.53366]],[[130.40778,33.53097],[130.40788,33.53075],[130.4077,33.53068],[130.40778,33.53097]],[[130.41502,33.54306],[130.41475,33.54282],[130.41498,33.54309],[130.41502,33.54306]],[[130.41043,33.54637],[130.41042,33.54645],[130.41041,33.54688],[130.41043,33.54637]],[[130.41299,33.52868],[130.41313,33.52887],[130.41288,33.52844],[130.41299,33.52868]],[[130.4133,33.55278],[130.41351,33.55268],[130.41301,33.5529],[130.4133,33.55278]],[[130.41395,33.55852],[130.41385,33.55871],[130.41396,33.55868],[130.41395,33.55852]],[[130.42792,33.54434],[130.42795,33.54442],[130.42803,33.54451],[130.42792,33.54434]],[[130.42889,33.54596],[130.42893,33.54616],[130.42895,33.54617],[130.42889,33.54596]],[[130.43057,33.54198],[130.43059,33.54194],[130.4299,33.5418],[130.43057,33.54198]],[[130.42435,33.55327],[130.42441,33.55332],[130.42456,33.55339],[130.42435,33.55327]],[[130.42295,33.54486],[130.42254,33.54508],[130.42265,33.54514],[130.42295,33.54486]],[[130.42284,33.55627],[130.42255,33.556],[130.42236,33.5561],[130.42284,33.55627]],[[130.43533,33.54025],[130.43496,33.54032],[130.43467,33.54062],[130.43533,33.54025]],[[130.42268,33.54205],[130.42236,33.54188],[130.42314,33.5423],[130.42268,33.54205]],[[130.44397,33.55261],[130.444,33.55258],[130.44395,33.55256],[130.44397,33.55261]]]}},{"type":"Feature","properties":{"nm":"福岡市西区","b":[130.033,33.5047,130.3424,33.8741],"c":[130.26929,33.58018]},"geometry":{"type":"MultiPolygon","coordinates":[[[[130.32493,33.5934],[130.32453,33.59342],[130.32452,33.59373],[130.3237,33.59369],[130.32359,33.59526],[130.32334,33.5985],[130.32486,33.59856],[130.32485,33.59864],[130.3224,33.59852],[130.32169,33.59847],[130.31997,33.59839],[130.3151,33.59814],[130.31347,33.59806],[130.31291,33.59798],[130.31246,33.59775],[130.3123,33.59762],[130.31192,33.59705],[130.31179,33.59607],[130.3113,33.59573],[130.31047,33.59571],[130.31032,33.59546],[130.31056,33.59523],[130.31051,33.59463],[130.31095,33.59399],[130.31035,33.59356],[130.31103,33.59353],[130.31142,33.59381],[130.31151,33.59407],[130.31145,33.59418],[130.31182,33.59469],[130.31259,33.59463],[130.31304,33.59439],[130.31345,33.59404],[130.31352,33.59395],[130.3137,33.59366],[130.31391,33.5931],[130.31319,33.59281],[130.31332,33.59255],[130.31267,33.59232],[130.31238,33.59252],[130.3108,33.59279],[130.31134,33.59039],[130.31145,33.58985],[130.31166,33.58891],[130.31175,33.58854],[130.31121,33.5884],[130.3109,33.58841],[130.31121,33.58746],[130.3104,33.58736],[130.30998,33.58702],[130.30917,33.58643],[130.30804,33.58557],[130.30793,33.58569],[130.3074,33.58535],[130.30733,33.58531],[130.30724,33.58525],[130.30712,33.58519],[130.30695,33.58509],[130.30689,33.58506],[130.30674,33.58496],[130.30661,33.58486],[130.30649,33.5848],[130.3064,33.58475],[130.30624,33.58465],[130.30614,33.58459],[130.30605,33.58455],[130.30592,33.58448],[130.30581,33.58443],[130.30562,33.58434],[130.30558,33.58431],[130.30534,33.58417],[130.30524,33.58412],[130.30515,33.58407],[130.30512,33.58405],[130.30491,33.58395],[130.30451,33.58376],[130.30431,33.58366],[130.30421,33.58361],[130.30409,33.58355],[130.30398,33.5835],[130.3035,33.5833],[130.30326,33.5832],[130.303,33.58309],[130.30283,33.58302],[130.30256,33.58292],[130.30233,33.58283],[130.30181,33.58261],[130.30165,33.58255],[130.3013,33.58241],[130.3012,33.58237],[130.30097,33.58228],[130.3007,33.58218],[130.29955,33.58174],[130.29907,33.58157],[130.29894,33.58152],[130.2987,33.58144],[130.29864,33.58142],[130.29842,33.58135],[130.29828,33.58131],[130.2981,33.58126],[130.29786,33.5812],[130.2978,33.58117],[130.29772,33.58115],[130.29767,33.58114],[130.29735,33.58107],[130.29728,33.58105],[130.29707,33.581],[130.29695,33.58097],[130.29659,33.58087],[130.29641,33.58082],[130.29598,33.58071],[130.29567,33.58064],[130.29527,33.58055],[130.29514,33.58054],[130.29506,33.58055],[130.2949,33.58059],[130.29489,33.58058],[130.29488,33.58056],[130.29488,33.58055],[130.29487,33.58055],[130.29487,33.58054],[130.29486,33.58053],[130.29485,33.58054],[130.29483,33.58054],[130.29481,33.58054],[130.29478,33.58053],[130.29476,33.58052],[130.29474,33.58052],[130.29473,33.58051],[130.29463,33.58045],[130.29459,33.58045],[130.29458,33.58043],[130.29457,33.58043],[130.29454,33.58041],[130.29454,33.5804],[130.29452,33.58039],[130.29447,33.58038],[130.29429,33.58034],[130.2942,33.58032],[130.29394,33.58028],[130.2938,33.58026],[130.29362,33.58024],[130.29349,33.58023],[130.29345,33.58022],[130.29332,33.58021],[130.29304,33.58016],[130.29297,33.58015],[130.29286,33.58014],[130.2928,33.58014],[130.29261,33.58013],[130.29252,33.58017],[130.2925,33.58018],[130.29238,33.58025],[130.29232,33.5803],[130.2922,33.5804],[130.29211,33.58048],[130.29173,33.5808],[130.2915,33.581],[130.29153,33.58104],[130.29153,33.58107],[130.29151,33.58109],[130.2915,33.5811],[130.29147,33.5811],[130.29145,33.5811],[130.29142,33.58108],[130.291,33.58144],[130.29094,33.58153],[130.29103,33.58156],[130.29102,33.58157],[130.29103,33.58159],[130.29105,33.5816],[130.29104,33.58163],[130.29104,33.58166],[130.29105,33.58167],[130.29105,33.58169],[130.29104,33.58169],[130.29103,33.58172],[130.29102,33.58174],[130.29094,33.58179],[130.29092,33.5818],[130.29089,33.58179],[130.29088,33.58178],[130.29086,33.58178],[130.29084,33.58179],[130.29079,33.58179],[130.29078,33.58179],[130.29074,33.58176],[130.29074,33.5817],[130.29072,33.58169],[130.29071,33.58168],[130.29071,33.58167],[130.29069,33.58166],[130.29068,33.58165],[130.29063,33.58167],[130.29061,33.58168],[130.28966,33.582],[130.28917,33.58216],[130.2891,33.58223],[130.28908,33.58225],[130.28905,33.58227],[130.28904,33.58229],[130.28912,33.5823],[130.28922,33.58233],[130.28921,33.58237],[130.28903,33.58241],[130.28892,33.58249],[130.28889,33.58244],[130.2889,33.58242],[130.28894,33.5824],[130.28895,33.58239],[130.28898,33.58235],[130.28894,33.5823],[130.28892,33.58227],[130.28891,33.58225],[130.28883,33.58227],[130.28857,33.58237],[130.28792,33.58275],[130.2874,33.58306],[130.28716,33.58312],[130.28698,33.58313],[130.28685,33.58314],[130.28673,33.58312],[130.28669,33.58317],[130.28663,33.58319],[130.28661,33.58316],[130.28659,33.58312],[130.28659,33.5831],[130.28658,33.58312],[130.28657,33.58315],[130.28654,33.58316],[130.2865,33.58315],[130.28645,33.58312],[130.28641,33.58309],[130.28637,33.58306],[130.28631,33.58301],[130.28625,33.58295],[130.28616,33.58291],[130.28613,33.5829],[130.28611,33.58293],[130.28606,33.58294],[130.28599,33.58294],[130.28595,33.5829],[130.28594,33.58288],[130.2859,33.58287],[130.28591,33.58281],[130.28595,33.58279],[130.28595,33.58277],[130.28597,33.58275],[130.286,33.58273],[130.28593,33.58252],[130.28568,33.58241],[130.28561,33.5824],[130.28563,33.58232],[130.28564,33.58223],[130.28569,33.58215],[130.28566,33.58198],[130.28565,33.58194],[130.2856,33.58195],[130.28557,33.58199],[130.28554,33.58209],[130.28551,33.58219],[130.28549,33.58224],[130.28542,33.58232],[130.28538,33.58238],[130.28533,33.58231],[130.28539,33.5822],[130.28543,33.58199],[130.28555,33.58184],[130.28556,33.58179],[130.28563,33.58168],[130.28558,33.58151],[130.28539,33.58126],[130.28508,33.58102],[130.28483,33.58093],[130.28476,33.58091],[130.28456,33.5809],[130.28419,33.58089],[130.2839,33.58087],[130.28359,33.58081],[130.2835,33.58081],[130.28343,33.58081],[130.28296,33.58082],[130.28266,33.58085],[130.28211,33.58088],[130.28063,33.58088],[130.27994,33.58092],[130.27915,33.58103],[130.27861,33.58112],[130.27787,33.58124],[130.2778,33.58126],[130.27615,33.58161],[130.27448,33.58208],[130.27347,33.58244],[130.27243,33.58289],[130.27208,33.58304],[130.2717,33.58324],[130.27071,33.58383],[130.26867,33.58522],[130.26864,33.5852],[130.26814,33.5856],[130.26737,33.58625],[130.26682,33.58684],[130.26685,33.5869],[130.26651,33.58735],[130.26616,33.58767],[130.26626,33.58769],[130.26604,33.58816],[130.26547,33.58891],[130.26528,33.58893],[130.26491,33.58985],[130.26523,33.59007],[130.26548,33.5913],[130.26514,33.59131],[130.26475,33.59132],[130.26483,33.59218],[130.26482,33.59223],[130.26561,33.59219],[130.26564,33.59223],[130.26556,33.59269],[130.26548,33.59295],[130.26517,33.59356],[130.26507,33.59425],[130.26507,33.59441],[130.26511,33.59456],[130.26533,33.59531],[130.26547,33.59524],[130.26592,33.59613],[130.26573,33.59707],[130.26603,33.59733],[130.26762,33.5969],[130.26775,33.59677],[130.26788,33.59666],[130.26797,33.59661],[130.26801,33.59652],[130.26806,33.59638],[130.26808,33.59631],[130.26792,33.59611],[130.26751,33.59567],[130.26771,33.59552],[130.26749,33.59451],[130.26697,33.59361],[130.2671,33.59352],[130.26738,33.59366],[130.26769,33.59426],[130.26785,33.59482],[130.2682,33.59604],[130.26839,33.59634],[130.26866,33.59651],[130.27,33.59658],[130.27028,33.59654],[130.2707,33.59616],[130.27095,33.59729],[130.27116,33.59823],[130.27136,33.59854],[130.27193,33.59906],[130.27219,33.59987],[130.27226,33.59994],[130.27252,33.60031],[130.27279,33.6013],[130.27302,33.60175],[130.2738,33.6032],[130.27442,33.60367],[130.2751,33.60393],[130.27519,33.60399],[130.27547,33.60468],[130.27542,33.60477],[130.27524,33.60509],[130.27468,33.60573],[130.27425,33.60658],[130.27412,33.60714],[130.27414,33.60747],[130.27422,33.60792],[130.27444,33.60812],[130.27456,33.60833],[130.27492,33.60946],[130.27493,33.6098],[130.27455,33.61024],[130.27425,33.61053],[130.27389,33.61096],[130.27371,33.61137],[130.27281,33.61168],[130.27172,33.61209],[130.27172,33.61222],[130.27078,33.61216],[130.27048,33.61225],[130.26936,33.61261],[130.26821,33.61266],[130.26802,33.6127],[130.26729,33.6129],[130.26648,33.61282],[130.26594,33.6127],[130.26558,33.61243],[130.26438,33.61184],[130.26349,33.61139],[130.26219,33.61091],[130.26152,33.6109],[130.26027,33.61085],[130.25951,33.61081],[130.25908,33.61081],[130.2581,33.61083],[130.25695,33.61081],[130.25616,33.61086],[130.25596,33.61083],[130.2556,33.61084],[130.25541,33.61088],[130.25469,33.61092],[130.25321,33.61095],[130.25239,33.61098],[130.25102,33.61116],[130.2508,33.61117],[130.24959,33.61129],[130.24946,33.6113],[130.24891,33.61141],[130.2486,33.61143],[130.24556,33.61195],[130.24182,33.61265],[130.23755,33.61406],[130.23554,33.61473],[130.23504,33.61482],[130.23329,33.61586],[130.23168,33.61705],[130.23139,33.61765],[130.23144,33.61806],[130.23225,33.61828],[130.23279,33.61855],[130.23257,33.6191],[130.2322,33.61942],[130.23162,33.61967],[130.23073,33.62047],[130.23078,33.62072],[130.23059,33.62162],[130.22968,33.62272],[130.22929,33.62319],[130.22941,33.62398],[130.22984,33.62521],[130.22985,33.62571],[130.22991,33.62571],[130.23016,33.62604],[130.22978,33.6261],[130.22966,33.6261],[130.22896,33.62666],[130.2281,33.62761],[130.22809,33.62815],[130.22774,33.6285],[130.22609,33.63046],[130.2256,33.63124],[130.22502,33.6321],[130.22477,33.63298],[130.22444,33.63314],[130.22406,33.63373],[130.22402,33.63409],[130.22406,33.63436],[130.22473,33.63507],[130.22491,33.6353],[130.22499,33.63602],[130.22494,33.63654],[130.22526,33.63707],[130.22616,33.63771],[130.22769,33.63748],[130.22867,33.63795],[130.22919,33.63853],[130.22873,33.63931],[130.22853,33.64056],[130.2287,33.64118],[130.22862,33.6415],[130.22876,33.64161],[130.22912,33.6422],[130.22957,33.64215],[130.22961,33.64213],[130.22974,33.64228],[130.22995,33.64231],[130.23001,33.64244],[130.23046,33.64201],[130.23039,33.64227],[130.2309,33.64249],[130.23144,33.64213],[130.23155,33.64227],[130.23209,33.64303],[130.23262,33.64279],[130.23299,33.64333],[130.23247,33.64358],[130.23346,33.64429],[130.2337,33.64402],[130.23428,33.64395],[130.23454,33.64418],[130.23458,33.64371],[130.23452,33.64349],[130.23399,33.64281],[130.23406,33.64233],[130.23305,33.64166],[130.23309,33.6416],[130.23415,33.64233],[130.23422,33.64268],[130.23476,33.64361],[130.23473,33.64413],[130.23532,33.6452],[130.23664,33.64617],[130.23654,33.64625],[130.23651,33.64652],[130.23632,33.64661],[130.23628,33.64728],[130.23654,33.64782],[130.2367,33.648],[130.23704,33.64837],[130.23715,33.64888],[130.23696,33.64919],[130.2364,33.64972],[130.23593,33.6498],[130.23572,33.65001],[130.23562,33.65004],[130.23487,33.65023],[130.23414,33.65039],[130.23327,33.65084],[130.23253,33.65123],[130.23243,33.6515],[130.23239,33.65151],[130.23208,33.65231],[130.23211,33.65255],[130.23156,33.65383],[130.23145,33.65412],[130.23127,33.65469],[130.23121,33.65485],[130.23119,33.65509],[130.23105,33.65535],[130.23082,33.65538],[130.2309,33.65555],[130.23056,33.65562],[130.2305,33.65572],[130.23028,33.65574],[130.2302,33.65569],[130.22983,33.65579],[130.22941,33.65573],[130.22903,33.65611],[130.22867,33.65685],[130.22873,33.65694],[130.22858,33.65711],[130.22798,33.65725],[130.22758,33.65731],[130.22723,33.65735],[130.22713,33.65749],[130.22695,33.65744],[130.22649,33.65736],[130.22528,33.65785],[130.22525,33.65789],[130.22471,33.65811],[130.22455,33.65841],[130.2243,33.65862],[130.22408,33.65882],[130.22224,33.65923],[130.2217,33.65946],[130.22135,33.65984],[130.22145,33.65998],[130.22121,33.65986],[130.22104,33.65987],[130.22063,33.66013],[130.22042,33.66023],[130.22011,33.66057],[130.21998,33.66087],[130.21968,33.66107],[130.21933,33.66127],[130.21851,33.66159],[130.2186,33.66169],[130.21833,33.6617],[130.21787,33.66202],[130.21739,33.66269],[130.21726,33.66278],[130.21718,33.66286],[130.21691,33.6631],[130.21667,33.66301],[130.21655,33.66314],[130.21645,33.66347],[130.21527,33.6635],[130.21409,33.66394],[130.21337,33.66459],[130.21319,33.66474],[130.21281,33.66496],[130.21244,33.6654],[130.21239,33.66596],[130.21229,33.66616],[130.21192,33.66613],[130.2117,33.66626],[130.21156,33.66651],[130.21098,33.66707],[130.21074,33.66709],[130.21045,33.66721],[130.21027,33.66768],[130.20924,33.66719],[130.20943,33.66686],[130.20905,33.66654],[130.20837,33.66653],[130.20778,33.66699],[130.20718,33.66648],[130.20738,33.66611],[130.20693,33.66579],[130.20666,33.66533],[130.20627,33.66385],[130.20671,33.66195],[130.20711,33.65957],[130.20705,33.65804],[130.20721,33.65755],[130.20717,33.65678],[130.20737,33.65611],[130.20804,33.65537],[130.20803,33.65437],[130.20678,33.65283],[130.20753,33.65328],[130.20843,33.65453],[130.20895,33.65467],[130.20918,33.65343],[130.20895,33.65208],[130.20707,33.65232],[130.2067,33.64948],[130.20791,33.64939],[130.20785,33.64833],[130.20677,33.64728],[130.20584,33.64671],[130.20541,33.64634],[130.20427,33.64568],[130.20378,33.64555],[130.2029,33.64556],[130.20261,33.64572],[130.20091,33.64545],[130.20019,33.6451],[130.2001,33.64432],[130.20128,33.64363],[130.20152,33.64325],[130.20125,33.6421],[130.20029,33.64117],[130.19936,33.64005],[130.19902,33.63986],[130.19767,33.63968],[130.19786,33.63937],[130.19827,33.63934],[130.19852,33.63904],[130.19915,33.63907],[130.19965,33.6385],[130.20061,33.63835],[130.20078,33.638],[130.20127,33.6378],[130.20166,33.63793],[130.20191,33.63736],[130.20275,33.63678],[130.20349,33.6349],[130.20399,33.63441],[130.20396,33.63296],[130.20375,33.63236],[130.20394,33.63165],[130.20494,33.63167],[130.2055,33.63133],[130.20514,33.63094],[130.20524,33.63028],[130.2049,33.63008],[130.20527,33.62949],[130.20573,33.62944],[130.20599,33.62887],[130.20666,33.62847],[130.20634,33.62772],[130.20595,33.62739],[130.20592,33.62684],[130.20522,33.62608],[130.20557,33.62551],[130.20572,33.62469],[130.20566,33.62395],[130.205,33.62299],[130.20507,33.62201],[130.20562,33.62048],[130.20586,33.62013],[130.20595,33.61982],[130.20594,33.61965],[130.20597,33.61922],[130.20561,33.61862],[130.2059,33.61809],[130.20562,33.61745],[130.2056,33.61737],[130.20567,33.61718],[130.20598,33.61643],[130.20588,33.61581],[130.20569,33.61533],[130.20562,33.61522],[130.20532,33.61495],[130.20491,33.61469],[130.2051,33.61433],[130.20563,33.61391],[130.2065,33.61307],[130.20716,33.6126],[130.20737,33.61249],[130.20748,33.61242],[130.20744,33.61228],[130.20731,33.61186],[130.20724,33.61163],[130.20727,33.61147],[130.20715,33.61129],[130.20701,33.611],[130.20628,33.61013],[130.20596,33.60993],[130.20595,33.60965],[130.20598,33.60961],[130.20628,33.60922],[130.20716,33.60883],[130.2076,33.60867],[130.2082,33.60816],[130.20864,33.60775],[130.20899,33.6073],[130.209,33.60728],[130.20916,33.60708],[130.2092,33.60708],[130.20946,33.60705],[130.20981,33.60645],[130.21,33.60626],[130.2101,33.60609],[130.20998,33.60563],[130.21018,33.60506],[130.21045,33.60496],[130.21054,33.60488],[130.21065,33.60468],[130.21022,33.60414],[130.21024,33.60318],[130.21046,33.60263],[130.21049,33.60209],[130.20966,33.60045],[130.20955,33.60025],[130.20862,33.59976],[130.20789,33.59872],[130.20792,33.5983],[130.20729,33.59753],[130.20734,33.59687],[130.20775,33.59646],[130.20824,33.59663],[130.2094,33.59651],[130.20979,33.59661],[130.21044,33.59589],[130.21029,33.59549],[130.20981,33.59509],[130.20969,33.59421],[130.20976,33.59356],[130.21031,33.593],[130.21038,33.59228],[130.21137,33.59177],[130.21167,33.59137],[130.21176,33.59034],[130.21157,33.58873],[130.21142,33.58858],[130.21315,33.58769],[130.21332,33.58703],[130.21392,33.58659],[130.21447,33.58649],[130.21471,33.5862],[130.2145,33.58575],[130.21515,33.58594],[130.21547,33.58549],[130.21583,33.58557],[130.21619,33.58487],[130.21628,33.58457],[130.21629,33.58403],[130.21645,33.5837],[130.21662,33.58353],[130.21757,33.58312],[130.2182,33.5821],[130.21825,33.58197],[130.21854,33.58168],[130.21898,33.58129],[130.21912,33.58107],[130.21942,33.58066],[130.22131,33.5799],[130.2223,33.57959],[130.22291,33.57981],[130.22332,33.57998],[130.22357,33.58026],[130.22418,33.58076],[130.2263,33.58264],[130.22464,33.5811],[130.22478,33.58095],[130.22693,33.58147],[130.22905,33.58211],[130.23003,33.58035],[130.23043,33.58045],[130.23236,33.58101],[130.23376,33.58133],[130.23469,33.5815],[130.23493,33.5808],[130.23535,33.58071],[130.23694,33.58122],[130.23733,33.58033],[130.23744,33.58033],[130.23776,33.58042],[130.23816,33.57962],[130.23857,33.57866],[130.24059,33.57393],[130.24097,33.57307],[130.24012,33.57278],[130.24053,33.57184],[130.24049,33.57177],[130.24055,33.57174],[130.24076,33.57136],[130.241,33.57093],[130.24054,33.5708],[130.2401,33.57066],[130.23899,33.57034],[130.23955,33.56899],[130.23976,33.56844],[130.2394,33.56834],[130.23816,33.56798],[130.23839,33.56763],[130.23876,33.56706],[130.23681,33.5665],[130.23675,33.56641],[130.23784,33.5643],[130.23858,33.56285],[130.23904,33.5619],[130.23802,33.5615],[130.23869,33.56009],[130.23918,33.55886],[130.23884,33.55877],[130.23602,33.55783],[130.23649,33.55691],[130.23635,33.55684],[130.2368,33.55591],[130.23653,33.55582],[130.23647,33.55571],[130.23671,33.55536],[130.23676,33.5553],[130.23696,33.55509],[130.2371,33.55493],[130.23762,33.55445],[130.23818,33.55392],[130.23893,33.55253],[130.23963,33.55277],[130.24001,33.55235],[130.24056,33.55187],[130.24068,33.55188],[130.24074,33.5519],[130.24085,33.55192],[130.24091,33.55199],[130.24105,33.55213],[130.24118,33.55222],[130.24126,33.55227],[130.24168,33.5526],[130.24179,33.55288],[130.2418,33.55299],[130.24185,33.55311],[130.24191,33.55327],[130.24199,33.55335],[130.243,33.55362],[130.24282,33.55383],[130.24267,33.55416],[130.24255,33.55441],[130.24253,33.55456],[130.24255,33.55463],[130.24254,33.55466],[130.24222,33.55552],[130.2428,33.5557],[130.24324,33.55581],[130.24275,33.5567],[130.2429,33.55673],[130.24409,33.55711],[130.24457,33.55739],[130.24564,33.55779],[130.24572,33.55758],[130.24591,33.55771],[130.24591,33.55783],[130.24679,33.55786],[130.24761,33.55757],[130.24874,33.55752],[130.24917,33.557],[130.24964,33.55609],[130.25015,33.55608],[130.25071,33.55646],[130.25149,33.55666],[130.2522,33.55727],[130.25274,33.55727],[130.25366,33.55737],[130.2544,33.55769],[130.25503,33.55764],[130.25521,33.55709],[130.25619,33.55658],[130.25697,33.55577],[130.2571,33.55564],[130.25749,33.55537],[130.25801,33.55527],[130.25866,33.5555],[130.2599,33.55571],[130.26148,33.55664],[130.2629,33.55674],[130.2638,33.55636],[130.26473,33.55668],[130.26474,33.55668],[130.26507,33.55647],[130.26516,33.55645],[130.26555,33.55613],[130.2654,33.55569],[130.26538,33.55516],[130.26549,33.55501],[130.26562,33.55494],[130.26589,33.55465],[130.26606,33.55347],[130.26618,33.55315],[130.2667,33.5525],[130.26678,33.55218],[130.26661,33.55178],[130.26615,33.55163],[130.26609,33.55128],[130.26628,33.55103],[130.26618,33.5507],[130.26609,33.55024],[130.26607,33.55011],[130.26672,33.5497],[130.26706,33.54938],[130.26731,33.54919],[130.26758,33.54909],[130.26842,33.54867],[130.26856,33.54837],[130.26864,33.54816],[130.26878,33.54804],[130.26953,33.54725],[130.27092,33.54691],[130.27125,33.54638],[130.27194,33.54594],[130.27299,33.54596],[130.27354,33.54572],[130.27422,33.5452],[130.27521,33.54476],[130.2761,33.54453],[130.27818,33.54331],[130.27913,33.54319],[130.28,33.54288],[130.28043,33.54293],[130.28195,33.5435],[130.2822,33.54352],[130.28312,33.54231],[130.28375,33.54213],[130.28402,33.54184],[130.28456,33.54185],[130.28496,33.54134],[130.28553,33.5411],[130.2871,33.54078],[130.28712,33.53993],[130.28793,33.53927],[130.28917,33.53847],[130.28888,33.5377],[130.28815,33.53673],[130.28809,33.53627],[130.28831,33.53538],[130.28875,33.53478],[130.28915,33.53472],[130.28923,33.53406],[130.28886,33.53332],[130.28949,33.53216],[130.28896,33.53065],[130.28849,33.53012],[130.28834,33.52959],[130.28809,33.52855],[130.288,33.5281],[130.28785,33.52771],[130.2876,33.52733],[130.28713,33.52706],[130.28706,33.52682],[130.28695,33.52655],[130.28683,33.52585],[130.28667,33.52516],[130.28656,33.52433],[130.28653,33.52348],[130.28616,33.52282],[130.28627,33.52251],[130.28722,33.52239],[130.28802,33.52257],[130.28874,33.52131],[130.28941,33.52063],[130.29016,33.5203],[130.29062,33.52065],[130.29097,33.51964],[130.29161,33.51915],[130.29169,33.51879],[130.29141,33.51817],[130.29158,33.5177],[130.2915,33.51719],[130.29107,33.51647],[130.29109,33.51342],[130.2908,33.51268],[130.29051,33.51235],[130.29126,33.51263],[130.29201,33.51263],[130.29239,33.51227],[130.29278,33.51141],[130.29309,33.51112],[130.29287,33.51023],[130.29347,33.50947],[130.29368,33.50823],[130.29451,33.50769],[130.29459,33.50705],[130.29486,33.50676],[130.29559,33.50655],[130.2968,33.50592],[130.29792,33.50582],[130.29823,33.50538],[130.29791,33.50489],[130.2983,33.50469],[130.2986,33.50495],[130.29983,33.50523],[130.30026,33.50553],[130.30109,33.50525],[130.30208,33.50589],[130.30321,33.506],[130.30474,33.50585],[130.30568,33.50563],[130.30671,33.50564],[130.30759,33.50536],[130.30816,33.50552],[130.30984,33.50622],[130.3127,33.50683],[130.31334,33.50681],[130.31335,33.50758],[130.31284,33.5083],[130.31257,33.50936],[130.31265,33.51022],[130.31244,33.51131],[130.31239,33.51218],[130.31264,33.51276],[130.31353,33.51379],[130.31452,33.51398],[130.31584,33.51513],[130.31607,33.51477],[130.31677,33.51478],[130.31788,33.51561],[130.31888,33.51575],[130.31947,33.51674],[130.32065,33.51787],[130.32279,33.51829],[130.32291,33.51867],[130.32284,33.51911],[130.32229,33.51909],[130.32225,33.51958],[130.32166,33.51964],[130.32156,33.5199],[130.32162,33.51992],[130.32204,33.52011],[130.32239,33.52063],[130.32193,33.52106],[130.32175,33.52137],[130.32215,33.5209],[130.32279,33.52119],[130.32285,33.52134],[130.32197,33.5227],[130.32192,33.52378],[130.32222,33.52514],[130.32267,33.52692],[130.32241,33.52814],[130.32224,33.52888],[130.32199,33.53074],[130.32203,33.53158],[130.32226,33.53353],[130.32219,33.53418],[130.32212,33.53499],[130.32209,33.5356],[130.32223,33.53646],[130.32258,33.5373],[130.32349,33.53868],[130.3241,33.54019],[130.3242,33.54149],[130.32402,33.54225],[130.32396,33.54302],[130.32355,33.54682],[130.32331,33.5474],[130.32331,33.54855],[130.32378,33.54974],[130.32449,33.55152],[130.32467,33.55202],[130.32507,33.55366],[130.32508,33.55445],[130.32514,33.55621],[130.32521,33.55736],[130.32565,33.55893],[130.32587,33.55962],[130.32605,33.56052],[130.32624,33.56401],[130.32638,33.56547],[130.32673,33.5667],[130.32675,33.56818],[130.3266,33.56945],[130.32662,33.57035],[130.32662,33.57046],[130.32676,33.57148],[130.32694,33.57251],[130.327,33.57285],[130.32739,33.57436],[130.32797,33.57564],[130.32819,33.57593],[130.32853,33.57632],[130.32917,33.57696],[130.33059,33.57778],[130.33356,33.57887],[130.33361,33.57883],[130.33385,33.57892],[130.33435,33.57917],[130.33511,33.57954],[130.33551,33.57969],[130.33763,33.58073],[130.3384,33.58119],[130.33813,33.58154],[130.33853,33.58129],[130.33857,33.58132],[130.33915,33.5818],[130.33952,33.58217],[130.34056,33.58353],[130.3424,33.58632],[130.34227,33.58686],[130.34219,33.58726],[130.3421,33.58771],[130.34152,33.58769],[130.34146,33.5881],[130.34135,33.58924],[130.341,33.59227],[130.34101,33.59227],[130.34084,33.59378],[130.34079,33.59426],[130.34079,33.59427],[130.34062,33.59577],[130.34042,33.59714],[130.34059,33.59543],[130.33771,33.59606],[130.33733,33.59614],[130.33443,33.59684],[130.32919,33.59805],[130.32904,33.598],[130.32904,33.59799],[130.32568,33.59872],[130.32566,33.59866],[130.32752,33.59825],[130.32731,33.59801],[130.32707,33.59809],[130.32666,33.59807],[130.3273,33.59797],[130.32743,33.59794],[130.3273,33.59752],[130.32689,33.59755],[130.32695,33.59753],[130.3267,33.59755],[130.32725,33.59737],[130.32708,33.5968],[130.32701,33.59657],[130.32661,33.59666],[130.32653,33.59628],[130.32664,33.59662],[130.32817,33.59628],[130.32772,33.59492],[130.32702,33.59508],[130.32703,33.59514],[130.32691,33.59504],[130.32771,33.59486],[130.32741,33.59382],[130.32675,33.59393],[130.32664,33.59389],[130.32664,33.59386],[130.32655,33.59401],[130.32649,33.5941],[130.32647,33.59402],[130.32588,33.59415],[130.32638,33.59582],[130.32582,33.59416],[130.32555,33.59358],[130.32525,33.59354],[130.32523,33.59342],[130.32495,33.59346],[130.32493,33.5934]],[[130.33229,33.59048],[130.33247,33.59059],[130.33236,33.59035],[130.33229,33.59048]],[[130.3388,33.59264],[130.33878,33.59249],[130.33837,33.59272],[130.3388,33.59264]],[[130.31069,33.58389],[130.30982,33.58335],[130.31023,33.58363],[130.31069,33.58389]],[[130.30615,33.56548],[130.30584,33.5653],[130.30602,33.56559],[130.30615,33.56548]],[[130.31456,33.5552],[130.3145,33.55521],[130.31456,33.55521],[130.31456,33.5552]],[[130.32158,33.53803],[130.32202,33.53829],[130.32202,33.53821],[130.32158,33.53803]],[[130.28285,33.58028],[130.28285,33.58027],[130.28239,33.58013],[130.28285,33.58028]],[[130.27844,33.57288],[130.27889,33.57291],[130.27845,33.57287],[130.27844,33.57288]],[[130.26591,33.56232],[130.26617,33.56301],[130.26622,33.56302],[130.26623,33.56299],[130.26591,33.56232]],[[130.26696,33.57336],[130.26696,33.5734],[130.2675,33.5732],[130.26696,33.57336]],[[130.2514,33.5609],[130.2514,33.56093],[130.2516,33.56099],[130.2514,33.5609]],[[130.26125,33.57484],[130.2613,33.57484],[130.26158,33.57486],[130.26119,33.57466],[130.26125,33.57484]],[[130.24922,33.57593],[130.24926,33.57574],[130.2492,33.57574],[130.24922,33.57593]],[[130.24759,33.57133],[130.24723,33.57117],[130.24607,33.57069],[130.24759,33.57133]],[[130.23866,33.58369],[130.23879,33.58411],[130.23876,33.58396],[130.23866,33.58369]],[[130.2206,33.58616],[130.22001,33.58585],[130.22093,33.58652],[130.2206,33.58616]],[[130.21856,33.61043],[130.21833,33.61095],[130.21851,33.61071],[130.21856,33.61043]]],[[[130.30296,33.63823],[130.30192,33.63836],[130.30167,33.63834],[130.30119,33.63813],[130.30098,33.63806],[130.30062,33.63786],[130.29996,33.63746],[130.29958,33.637],[130.29903,33.63649],[130.29857,33.63609],[130.29826,33.63554],[130.29818,33.635],[130.29813,33.63452],[130.29804,33.63407],[130.29815,33.63319],[130.29816,33.63297],[130.29799,33.63254],[130.2982,33.63206],[130.29808,33.63173],[130.29801,33.63156],[130.29808,33.63103],[130.29808,33.63094],[130.29794,33.6306],[130.29837,33.62998],[130.29835,33.62967],[130.29851,33.62944],[130.29862,33.62896],[130.29894,33.62832],[130.29891,33.62806],[130.29889,33.62787],[130.29919,33.62737],[130.29924,33.62718],[130.29938,33.627],[130.29945,33.62677],[130.29959,33.62627],[130.29956,33.62584],[130.29926,33.62516],[130.299,33.62487],[130.29928,33.62461],[130.29916,33.62406],[130.2988,33.62356],[130.29868,33.62349],[130.29824,33.62248],[130.29815,33.62205],[130.29805,33.62149],[130.29796,33.62119],[130.2978,33.62086],[130.29764,33.6202],[130.29642,33.61897],[130.29573,33.61841],[130.29564,33.61834],[130.29555,33.61827],[130.29535,33.61812],[130.29495,33.6179],[130.29494,33.61792],[130.29489,33.61794],[130.29484,33.61793],[130.29482,33.61792],[130.29481,33.61792],[130.29481,33.61789],[130.29482,33.61788],[130.29485,33.61787],[130.29487,33.61786],[130.29489,33.61786],[130.29491,33.61786],[130.29494,33.61787],[130.29495,33.61789],[130.29497,33.61786],[130.29496,33.61786],[130.29494,33.61784],[130.29493,33.61783],[130.29492,33.61781],[130.29492,33.61779],[130.29491,33.61776],[130.2949,33.61774],[130.29488,33.61773],[130.29487,33.61772],[130.29486,33.61771],[130.29485,33.6177],[130.29484,33.61769],[130.29482,33.61769],[130.29481,33.61769],[130.29481,33.61768],[130.2948,33.61768],[130.29477,33.61766],[130.29477,33.61765],[130.29477,33.61763],[130.29478,33.61762],[130.29479,33.61762],[130.2948,33.61761],[130.29482,33.6176],[130.29483,33.61759],[130.29484,33.61755],[130.29483,33.61754],[130.29482,33.61754],[130.29481,33.61753],[130.29479,33.61752],[130.29478,33.61752],[130.29477,33.61751],[130.29475,33.61748],[130.29475,33.61746],[130.29476,33.61745],[130.29477,33.61743],[130.2948,33.61741],[130.29481,33.61738],[130.29483,33.61735],[130.29483,33.61732],[130.29483,33.61731],[130.29481,33.61729],[130.29481,33.61728],[130.29479,33.61726],[130.29476,33.61723],[130.29475,33.61721],[130.29473,33.61719],[130.29472,33.61716],[130.2947,33.61714],[130.29468,33.61713],[130.29466,33.61712],[130.29462,33.6171],[130.29459,33.61709],[130.29456,33.61707],[130.29454,33.61705],[130.29451,33.61703],[130.29449,33.617],[130.29446,33.61702],[130.29445,33.61705],[130.29441,33.61706],[130.29438,33.61705],[130.29436,33.61704],[130.29428,33.617],[130.29423,33.61698],[130.29421,33.61696],[130.29422,33.61693],[130.29426,33.61692],[130.29428,33.61692],[130.29432,33.61692],[130.29436,33.61692],[130.29446,33.61694],[130.29448,33.61696],[130.29448,33.61697],[130.29449,33.61698],[130.29449,33.61697],[130.2945,33.61694],[130.29451,33.61692],[130.29452,33.61691],[130.29454,33.6169],[130.29456,33.61689],[130.29459,33.61688],[130.29462,33.61687],[130.29465,33.61686],[130.29467,33.61685],[130.2947,33.61684],[130.29471,33.61682],[130.29472,33.6168],[130.29477,33.61669],[130.29479,33.61663],[130.29484,33.61643],[130.29485,33.61615],[130.29487,33.61588],[130.29491,33.61566],[130.295,33.61534],[130.29506,33.6151],[130.29512,33.61486],[130.29513,33.6148],[130.29518,33.61452],[130.29516,33.61435],[130.29512,33.61416],[130.29508,33.61394],[130.29504,33.61375],[130.295,33.61356],[130.29497,33.61343],[130.29494,33.61331],[130.2949,33.6132],[130.29483,33.61303],[130.29481,33.61299],[130.29477,33.61295],[130.29464,33.61292],[130.2946,33.61291],[130.2946,33.61284],[130.29465,33.61282],[130.29476,33.61284],[130.2948,33.61285],[130.29487,33.61289],[130.29491,33.6129],[130.29495,33.61289],[130.29497,33.61288],[130.295,33.61284],[130.29503,33.61281],[130.2951,33.61276],[130.29514,33.61272],[130.29517,33.61265],[130.29523,33.61258],[130.29528,33.61255],[130.29535,33.61255],[130.2954,33.61256],[130.29548,33.61256],[130.29552,33.61255],[130.29561,33.61253],[130.29582,33.61245],[130.29597,33.61241],[130.29605,33.61238],[130.29612,33.61235],[130.29625,33.61226],[130.29637,33.61216],[130.29649,33.61199],[130.29652,33.61187],[130.29654,33.61177],[130.29654,33.61173],[130.29655,33.6116],[130.29657,33.61155],[130.29666,33.61146],[130.29674,33.61143],[130.29683,33.61128],[130.29685,33.61122],[130.29689,33.61101],[130.29691,33.61081],[130.29692,33.61066],[130.29691,33.61061],[130.29688,33.61031],[130.29682,33.61023],[130.29676,33.6102],[130.29675,33.61013],[130.29687,33.61017],[130.29697,33.61013],[130.29711,33.60998],[130.29717,33.6099],[130.29725,33.60979],[130.29732,33.60969],[130.29735,33.60966],[130.29736,33.60956],[130.29741,33.60953],[130.29743,33.60952],[130.29744,33.60949],[130.29745,33.60946],[130.29746,33.60943],[130.2975,33.60936],[130.29753,33.60931],[130.2976,33.60919],[130.29767,33.60907],[130.29771,33.60901],[130.29772,33.60899],[130.29775,33.60893],[130.29779,33.60884],[130.29782,33.60874],[130.29793,33.6086],[130.29802,33.60854],[130.29822,33.60846],[130.29829,33.60846],[130.29833,33.60846],[130.29842,33.60844],[130.2985,33.6084],[130.29859,33.60836],[130.29866,33.60833],[130.29882,33.60825],[130.29886,33.60821],[130.2987,33.60807],[130.29889,33.60818],[130.29892,33.60813],[130.29896,33.60808],[130.29901,33.60798],[130.29908,33.60786],[130.29912,33.60779],[130.29921,33.60766],[130.2993,33.60755],[130.29932,33.60751],[130.29943,33.60744],[130.29947,33.60742],[130.29953,33.6074],[130.29956,33.60739],[130.29957,33.60721],[130.29971,33.60741],[130.29975,33.60742],[130.29983,33.60744],[130.29985,33.60745],[130.29989,33.60746],[130.29995,33.60748],[130.29996,33.60748],[130.3002,33.6075],[130.30028,33.6075],[130.30045,33.60746],[130.3005,33.60745],[130.30064,33.60741],[130.30065,33.6074],[130.30069,33.60738],[130.30076,33.60734],[130.30084,33.60728],[130.30096,33.6072],[130.30104,33.60714],[130.30109,33.6071],[130.30119,33.60716],[130.30129,33.60726],[130.30143,33.60728],[130.30146,33.60729],[130.30148,33.60729],[130.30153,33.60727],[130.30251,33.60686],[130.30261,33.60679],[130.30269,33.60674],[130.30274,33.60673],[130.30271,33.60686],[130.3027,33.6069],[130.3027,33.60697],[130.3027,33.60703],[130.30269,33.60719],[130.3027,33.60727],[130.30271,33.60729],[130.30274,33.60734],[130.30276,33.60737],[130.30283,33.60742],[130.30285,33.60744],[130.30294,33.60747],[130.30298,33.60748],[130.30297,33.60755],[130.30303,33.60763],[130.30312,33.60766],[130.30317,33.60766],[130.30323,33.60769],[130.30334,33.6078],[130.30357,33.60807],[130.30363,33.60815],[130.30399,33.60835],[130.30417,33.60846],[130.30463,33.60833],[130.3051,33.6082],[130.30521,33.60805],[130.30532,33.60817],[130.30542,33.6082],[130.30581,33.60836],[130.30585,33.60837],[130.30607,33.60842],[130.30671,33.60855],[130.30684,33.60798],[130.30677,33.60856],[130.30686,33.60857],[130.30715,33.6086],[130.30718,33.60857],[130.30722,33.60855],[130.30727,33.60852],[130.30728,33.60851],[130.30736,33.60848],[130.3074,33.60847],[130.3075,33.60819],[130.30761,33.6084],[130.30766,33.60839],[130.30785,33.60838],[130.3079,33.60839],[130.30794,33.6084],[130.30799,33.60841],[130.30802,33.60842],[130.30811,33.6085],[130.30813,33.60852],[130.30846,33.60852],[130.30849,33.60854],[130.30819,33.6088],[130.30829,33.60989],[130.30838,33.61001],[130.30841,33.61003],[130.30848,33.61006],[130.30914,33.61051],[130.31053,33.61102],[130.30922,33.61057],[130.30895,33.61137],[130.30884,33.61166],[130.30927,33.6119],[130.31033,33.61228],[130.31067,33.61223],[130.31081,33.61231],[130.31106,33.61214],[130.31107,33.612],[130.31089,33.61137],[130.31105,33.61106],[130.31111,33.61108],[130.31102,33.61147],[130.31119,33.6117],[130.31111,33.61214],[130.31098,33.61229],[130.3117,33.61268],[130.31159,33.61281],[130.31118,33.61335],[130.31128,33.61351],[130.31193,33.61435],[130.31205,33.61441],[130.3121,33.61449],[130.31226,33.61475],[130.31244,33.61498],[130.31285,33.61523],[130.31329,33.61524],[130.31369,33.61515],[130.31427,33.61501],[130.31406,33.61579],[130.31353,33.61691],[130.3136,33.61749],[130.31382,33.61745],[130.31384,33.61751],[130.31369,33.61757],[130.31377,33.6179],[130.31423,33.61796],[130.31369,33.61854],[130.31359,33.6187],[130.31357,33.61874],[130.31328,33.61928],[130.31321,33.61944],[130.31315,33.61962],[130.3131,33.61979],[130.31306,33.62044],[130.3133,33.62043],[130.31306,33.62047],[130.31335,33.62117],[130.31339,33.62132],[130.31337,33.62164],[130.31337,33.62178],[130.31335,33.62181],[130.31334,33.62209],[130.31333,33.62237],[130.31334,33.62248],[130.31335,33.62257],[130.31363,33.62288],[130.31358,33.62305],[130.31353,33.62316],[130.31341,33.62328],[130.31336,33.62335],[130.31319,33.62353],[130.31315,33.62357],[130.31305,33.62368],[130.31301,33.62373],[130.3129,33.62384],[130.31285,33.62389],[130.31277,33.62396],[130.31265,33.62409],[130.31257,33.62418],[130.31253,33.62423],[130.31245,33.62438],[130.31242,33.62443],[130.31226,33.62473],[130.31187,33.6251],[130.31049,33.62639],[130.30983,33.62707],[130.30845,33.62842],[130.30791,33.62921],[130.30772,33.62957],[130.30753,33.63015],[130.30743,33.63045],[130.3074,33.63057],[130.3074,33.63059],[130.30762,33.63065],[130.30779,33.63072],[130.30739,33.63071],[130.3074,33.63084],[130.30741,33.63091],[130.30745,33.63109],[130.3075,33.6312],[130.3076,33.63133],[130.30771,33.63161],[130.30773,33.63173],[130.30776,33.63186],[130.30776,33.63193],[130.3078,33.63217],[130.30781,33.63237],[130.30787,33.63254],[130.30789,33.63263],[130.30792,33.63281],[130.30792,33.63289],[130.30797,33.63312],[130.30808,33.63326],[130.30798,33.63384],[130.30792,33.63407],[130.30793,33.6345],[130.3078,33.63524],[130.30673,33.63579],[130.30648,33.63616],[130.30563,33.63654],[130.3053,33.63723],[130.30428,33.63795],[130.30332,33.63804],[130.30319,33.63812],[130.30296,33.63823]]],[[[130.22895,33.69466],[130.22754,33.69411],[130.22661,33.69411],[130.22583,33.69369],[130.22572,33.69379],[130.2249,33.69344],[130.22452,33.693],[130.22423,33.69217],[130.22419,33.69112],[130.22452,33.69092],[130.22446,33.69059],[130.22481,33.69006],[130.22475,33.68969],[130.22518,33.68913],[130.22597,33.68867],[130.22623,33.688],[130.22698,33.68725],[130.2273,33.68656],[130.22827,33.68641],[130.22898,33.68615],[130.23007,33.68459],[130.23072,33.68413],[130.23122,33.68419],[130.23153,33.6839],[130.23136,33.68322],[130.23186,33.68275],[130.23351,33.68143],[130.23362,33.68153],[130.23267,33.68231],[130.2328,33.6827],[130.23467,33.6827],[130.23468,33.68208],[130.2351,33.68208],[130.2351,33.68317],[130.23606,33.68356],[130.23637,33.68308],[130.23717,33.68345],[130.23703,33.68371],[130.23761,33.68396],[130.2381,33.68343],[130.23797,33.68274],[130.23636,33.68204],[130.2364,33.68198],[130.23801,33.68269],[130.23817,33.68348],[130.23744,33.68432],[130.23788,33.68637],[130.23752,33.68653],[130.23794,33.68759],[130.23783,33.68839],[130.23797,33.68889],[130.23768,33.69021],[130.23722,33.69117],[130.23636,33.69199],[130.2362,33.69255],[130.23469,33.69317],[130.23399,33.69361],[130.23373,33.69347],[130.23319,33.69379],[130.23229,33.69371],[130.23137,33.69392],[130.23082,33.69418],[130.22929,33.69422],[130.22895,33.69466]]],[[[130.03558,33.87401],[130.03499,33.87394],[130.03477,33.87361],[130.03464,33.87274],[130.03474,33.87167],[130.03449,33.8703],[130.0341,33.86901],[130.03391,33.86869],[130.03339,33.86849],[130.0336,33.86812],[130.03338,33.86744],[130.03299,33.86686],[130.03348,33.86489],[130.0339,33.86466],[130.03368,33.86437],[130.03518,33.86356],[130.0355,33.8629],[130.03603,33.86326],[130.0369,33.86244],[130.03818,33.86328],[130.03821,33.86264],[130.03687,33.86178],[130.03595,33.86231],[130.03579,33.86225],[130.03682,33.86163],[130.03827,33.86258],[130.03847,33.86297],[130.03821,33.86336],[130.03881,33.86506],[130.03865,33.866],[130.03834,33.86658],[130.03834,33.86746],[130.03861,33.86888],[130.03824,33.87002],[130.0372,33.87111],[130.03695,33.87167],[130.03694,33.87231],[130.0372,33.87255],[130.0371,33.87323],[130.03659,33.87407],[130.03589,33.8738],[130.03558,33.87401]]]]}},{"type":"Feature","properties":{"nm":"福岡市城南区","b":[130.3478,33.5155,130.3912,33.5816],"c":[130.37026,33.54867]},"geometry":{"type":"Polygon","coordinates":[[[130.3654,33.58159],[130.36425,33.57899],[130.36353,33.57749],[130.36341,33.57726],[130.36274,33.57594],[130.36227,33.57501],[130.36223,33.57497],[130.36009,33.57487],[130.35949,33.57484],[130.35821,33.57479],[130.3582,33.57475],[130.35772,33.57286],[130.35735,33.57193],[130.3571,33.57131],[130.35615,33.56901],[130.35613,33.56897],[130.35547,33.56695],[130.35481,33.56513],[130.35441,33.56411],[130.35501,33.56407],[130.35576,33.56428],[130.35624,33.5642],[130.35701,33.5641],[130.35701,33.56356],[130.35685,33.56265],[130.35666,33.56102],[130.35658,33.56057],[130.35558,33.55766],[130.35545,33.55737],[130.35522,33.55693],[130.3552,33.55694],[130.35493,33.557],[130.35413,33.55675],[130.35391,33.55609],[130.3536,33.5559],[130.35237,33.55569],[130.35196,33.55566],[130.35077,33.55549],[130.35071,33.55547],[130.35017,33.55422],[130.35034,33.55421],[130.34993,33.55365],[130.34953,33.55275],[130.34928,33.5522],[130.3492,33.55201],[130.34878,33.55105],[130.34846,33.55036],[130.3478,33.54887],[130.3486,33.54894],[130.34877,33.54834],[130.34927,33.54825],[130.34934,33.54795],[130.34983,33.54781],[130.34971,33.54721],[130.34976,33.54685],[130.34923,33.54654],[130.34861,33.54559],[130.34878,33.54461],[130.34918,33.54461],[130.34972,33.54406],[130.34977,33.54345],[130.35154,33.54316],[130.35204,33.54309],[130.35249,33.54298],[130.35333,33.54258],[130.35396,33.54244],[130.35418,33.54245],[130.35581,33.54294],[130.35612,33.54293],[130.3564,33.54292],[130.35612,33.54291],[130.35591,33.54199],[130.35608,33.54111],[130.35636,33.5404],[130.35698,33.53927],[130.35737,33.53884],[130.35804,33.53849],[130.35905,33.53743],[130.35922,33.53686],[130.3601,33.53619],[130.35963,33.53499],[130.35988,33.53452],[130.36034,33.53419],[130.36138,33.53416],[130.3621,33.53374],[130.36225,33.53318],[130.3626,33.53297],[130.36359,33.533],[130.36423,33.53248],[130.3641,33.53201],[130.36403,33.53188],[130.36396,33.53128],[130.36412,33.53067],[130.36398,33.5303],[130.36378,33.5297],[130.36353,33.52925],[130.36356,33.52875],[130.36376,33.52848],[130.36388,33.52752],[130.36396,33.52729],[130.36404,33.52667],[130.36388,33.52589],[130.36405,33.5252],[130.3657,33.52382],[130.3662,33.52316],[130.36667,33.52124],[130.36649,33.52074],[130.36649,33.5197],[130.36575,33.51937],[130.36572,33.51894],[130.36533,33.51799],[130.36514,33.5165],[130.36535,33.51582],[130.36612,33.51551],[130.3667,33.51568],[130.36779,33.51644],[130.36784,33.51675],[130.36826,33.51662],[130.37065,33.51647],[130.37121,33.51669],[130.37173,33.51647],[130.37259,33.51656],[130.37379,33.51622],[130.37427,33.51594],[130.37521,33.51593],[130.37507,33.51688],[130.37574,33.51704],[130.3757,33.51924],[130.37585,33.51998],[130.37673,33.52132],[130.3771,33.5214],[130.37713,33.52172],[130.3776,33.52237],[130.37927,33.52303],[130.37947,33.52333],[130.38079,33.52459],[130.3811,33.52468],[130.38208,33.52542],[130.38308,33.52636],[130.38381,33.52733],[130.38406,33.52794],[130.3841,33.52866],[130.38442,33.52983],[130.38507,33.53078],[130.38527,33.53142],[130.38522,33.53231],[130.38493,33.53349],[130.38518,33.534],[130.38475,33.53495],[130.38497,33.53506],[130.38502,33.53543],[130.38474,33.53582],[130.38453,33.53577],[130.3848,33.53596],[130.38539,33.5365],[130.38576,33.53766],[130.38624,33.53849],[130.38633,33.53857],[130.38692,33.53886],[130.38752,33.53929],[130.38762,33.54019],[130.38789,33.54058],[130.38878,33.53987],[130.38933,33.53925],[130.38979,33.53927],[130.39016,33.53919],[130.39023,33.53879],[130.39113,33.53897],[130.39117,33.53993],[130.39105,33.54035],[130.3909,33.5407],[130.39063,33.54139],[130.39041,33.54202],[130.38902,33.54322],[130.38893,33.54379],[130.38904,33.54441],[130.38938,33.5451],[130.38991,33.54567],[130.39006,33.5461],[130.39052,33.54635],[130.39015,33.5476],[130.38986,33.5482],[130.38901,33.54957],[130.38888,33.55013],[130.38811,33.55314],[130.38813,33.55322],[130.38741,33.55591],[130.38746,33.55665],[130.38769,33.55733],[130.38775,33.55751],[130.3879,33.55792],[130.38782,33.55872],[130.38785,33.55926],[130.38795,33.55968],[130.38747,33.5598],[130.38714,33.56013],[130.38611,33.56066],[130.38514,33.56099],[130.384,33.5607],[130.38306,33.56091],[130.38278,33.56117],[130.38227,33.561],[130.38168,33.56092],[130.38142,33.56205],[130.38056,33.56221],[130.38044,33.56263],[130.38032,33.56295],[130.3796,33.56272],[130.37831,33.56251],[130.3774,33.56233],[130.37669,33.56251],[130.37671,33.56326],[130.37642,33.56367],[130.37579,33.56376],[130.37576,33.56427],[130.37568,33.56452],[130.37593,33.56569],[130.37603,33.56663],[130.37567,33.56764],[130.37578,33.56829],[130.37605,33.57013],[130.37608,33.57067],[130.37607,33.5709],[130.37606,33.57118],[130.37588,33.57216],[130.37577,33.57271],[130.37563,33.57346],[130.37546,33.57428],[130.37495,33.57535],[130.37462,33.57578],[130.37427,33.5762],[130.3735,33.57757],[130.37296,33.57904],[130.37253,33.57953],[130.37089,33.58058],[130.36979,33.58086],[130.36636,33.58114],[130.3654,33.58159]],[[130.36808,33.57307],[130.36807,33.57344],[130.36814,33.57347],[130.36808,33.57307]],[[130.36604,33.56701],[130.36643,33.56671],[130.36595,33.56686],[130.36604,33.56701]],[[130.36439,33.56431],[130.36427,33.56414],[130.36397,33.56439],[130.36439,33.56431]],[[130.37571,33.56128],[130.37586,33.5612],[130.37494,33.56105],[130.37571,33.56128]],[[130.38623,33.55308],[130.38637,33.55279],[130.38618,33.55308],[130.38623,33.55308]],[[130.3731,33.55224],[130.37296,33.55222],[130.37203,33.55218],[130.3731,33.55224]],[[130.37597,33.54516],[130.37559,33.54461],[130.37594,33.54517],[130.37597,33.54516]],[[130.3737,33.54599],[130.37366,33.54601],[130.37368,33.54605],[130.3737,33.54599]],[[130.36773,33.54047],[130.3685,33.54008],[130.36847,33.54009],[130.36773,33.54047]],[[130.36856,33.54007],[130.36921,33.53999],[130.36869,33.54005],[130.36856,33.54007]],[[130.36735,33.54171],[130.36736,33.54172],[130.36722,33.54135],[130.36735,33.54171]],[[130.36239,33.54189],[130.36206,33.54187],[130.36223,33.54193],[130.36239,33.54189]],[[130.36245,33.55283],[130.36255,33.55284],[130.36226,33.55279],[130.36245,33.55283]]]}},{"type":"Feature","properties":{"nm":"福岡市早良区","b":[130.2717,33.4256,130.4044,33.5961],"c":[130.34075,33.49589]},"geometry":{"type":"MultiPolygon","coordinates":[[[[130.34293,33.58681],[130.34227,33.58686],[130.3424,33.58632],[130.34056,33.58353],[130.33952,33.58217],[130.33915,33.5818],[130.33857,33.58132],[130.33853,33.58129],[130.3384,33.58119],[130.33763,33.58073],[130.33551,33.57969],[130.33511,33.57954],[130.33435,33.57917],[130.33385,33.57892],[130.33361,33.57883],[130.33356,33.57887],[130.33059,33.57778],[130.32917,33.57696],[130.32853,33.57632],[130.32819,33.57593],[130.32797,33.57564],[130.32739,33.57436],[130.327,33.57285],[130.32694,33.57251],[130.32676,33.57148],[130.32662,33.57046],[130.32706,33.57039],[130.32662,33.57035],[130.3266,33.56945],[130.32675,33.56818],[130.32673,33.5667],[130.32638,33.56547],[130.32624,33.56401],[130.32605,33.56052],[130.32587,33.55962],[130.32565,33.55893],[130.32521,33.55736],[130.32514,33.55621],[130.32508,33.55445],[130.32507,33.55366],[130.32467,33.55202],[130.32449,33.55152],[130.32378,33.54974],[130.32331,33.54855],[130.32331,33.5474],[130.32355,33.54682],[130.32396,33.54302],[130.32402,33.54225],[130.3242,33.54149],[130.3241,33.54019],[130.32349,33.53868],[130.32258,33.5373],[130.32223,33.53646],[130.32209,33.5356],[130.32212,33.53499],[130.32219,33.53418],[130.32226,33.53353],[130.32203,33.53158],[130.32199,33.53074],[130.32224,33.52888],[130.32241,33.52814],[130.32267,33.52692],[130.32222,33.52514],[130.32192,33.52378],[130.32197,33.5227],[130.32285,33.52134],[130.32279,33.52119],[130.32215,33.5209],[130.32239,33.52063],[130.32204,33.52011],[130.32162,33.51992],[130.32156,33.5199],[130.32166,33.51964],[130.32225,33.51958],[130.32229,33.51909],[130.32284,33.51911],[130.32291,33.51867],[130.32279,33.51829],[130.32065,33.51787],[130.31947,33.51674],[130.31888,33.51575],[130.31788,33.51561],[130.31677,33.51478],[130.31607,33.51477],[130.31584,33.51513],[130.31452,33.51398],[130.31353,33.51379],[130.31264,33.51276],[130.31239,33.51218],[130.31244,33.51131],[130.31265,33.51022],[130.31257,33.50936],[130.31284,33.5083],[130.31335,33.50758],[130.31334,33.50681],[130.3127,33.50683],[130.30984,33.50622],[130.30816,33.50552],[130.30759,33.50536],[130.30671,33.50564],[130.30568,33.50563],[130.30474,33.50585],[130.30321,33.506],[130.30208,33.50589],[130.30109,33.50525],[130.30026,33.50553],[130.29983,33.50523],[130.2986,33.50495],[130.2983,33.50469],[130.29791,33.50489],[130.29823,33.50538],[130.29792,33.50582],[130.2968,33.50592],[130.29559,33.50655],[130.29486,33.50676],[130.29459,33.50705],[130.29451,33.50769],[130.29368,33.50823],[130.29347,33.50947],[130.29287,33.51023],[130.29309,33.51112],[130.29278,33.51141],[130.29239,33.51227],[130.29201,33.51263],[130.29126,33.51263],[130.29051,33.51235],[130.28977,33.51161],[130.28966,33.51079],[130.28874,33.50989],[130.28814,33.51033],[130.28694,33.51048],[130.28652,33.511],[130.28554,33.51154],[130.28487,33.51171],[130.28436,33.51255],[130.28327,33.51244],[130.28321,33.51138],[130.28294,33.51002],[130.28187,33.50899],[130.28183,33.5079],[130.28129,33.50695],[130.27935,33.50654],[130.27905,33.50632],[130.27869,33.50507],[130.27826,33.5022],[130.27751,33.50116],[130.27626,33.5002],[130.27588,33.49978],[130.27576,33.49931],[130.27502,33.4991],[130.2745,33.49741],[130.27385,33.49721],[130.27313,33.49625],[130.27252,33.49573],[130.27173,33.49524],[130.27207,33.49497],[130.27227,33.49439],[130.27223,33.49339],[130.27205,33.49285],[130.27276,33.49268],[130.27362,33.49221],[130.27393,33.49072],[130.27419,33.49006],[130.27487,33.48956],[130.27487,33.48912],[130.27431,33.489],[130.27343,33.48831],[130.27303,33.48828],[130.27271,33.4878],[130.27258,33.4867],[130.27289,33.48456],[130.27337,33.48331],[130.27292,33.48222],[130.27263,33.4819],[130.27271,33.48114],[130.27221,33.47998],[130.27208,33.47936],[130.27253,33.47932],[130.273,33.47959],[130.27454,33.47972],[130.27522,33.47962],[130.27576,33.47929],[130.27649,33.47913],[130.27717,33.47861],[130.27849,33.47678],[130.27834,33.47606],[130.27934,33.47579],[130.27981,33.47544],[130.28072,33.47501],[130.2817,33.47435],[130.2828,33.4739],[130.28319,33.4732],[130.28409,33.47288],[130.28466,33.47216],[130.286,33.47157],[130.28634,33.47105],[130.28708,33.47037],[130.28779,33.46999],[130.28806,33.46963],[130.28939,33.46938],[130.29039,33.46961],[130.29076,33.46951],[130.29134,33.46856],[130.29202,33.46784],[130.29245,33.46667],[130.29457,33.46551],[130.29494,33.46555],[130.29507,33.46502],[130.296,33.46346],[130.29826,33.46255],[130.29918,33.46237],[130.30109,33.46224],[130.30193,33.46185],[130.30278,33.46117],[130.30414,33.46218],[130.30506,33.46246],[130.30552,33.46289],[130.306,33.46304],[130.3069,33.46296],[130.30864,33.46228],[130.30989,33.46219],[130.3106,33.46195],[130.31139,33.46124],[130.31262,33.46117],[130.31312,33.46045],[130.31305,33.45946],[130.31365,33.45915],[130.31342,33.45771],[130.31356,33.45732],[130.31397,33.45735],[130.31495,33.45798],[130.31645,33.45856],[130.31758,33.45867],[130.31844,33.45859],[130.31984,33.45864],[130.32121,33.45812],[130.32192,33.45712],[130.32233,33.45629],[130.32423,33.45549],[130.3251,33.45522],[130.32583,33.45508],[130.32656,33.45447],[130.32736,33.45442],[130.32758,33.45421],[130.32809,33.45285],[130.32851,33.45245],[130.32986,33.45233],[130.33071,33.45196],[130.33135,33.45137],[130.33246,33.45095],[130.33328,33.45095],[130.33427,33.45064],[130.33484,33.45005],[130.33527,33.44882],[130.33595,33.44828],[130.33604,33.448],[130.33576,33.44676],[130.33637,33.44616],[130.33623,33.44562],[130.33652,33.44526],[130.33732,33.44492],[130.33805,33.44524],[130.33886,33.44446],[130.34005,33.44444],[130.34051,33.44463],[130.34094,33.44525],[130.34156,33.44511],[130.34272,33.44446],[130.34396,33.44431],[130.34471,33.44441],[130.34542,33.44498],[130.34552,33.4445],[130.34625,33.44358],[130.34709,33.44296],[130.34729,33.44232],[130.34835,33.4411],[130.34907,33.44039],[130.35003,33.43908],[130.35129,33.43875],[130.35186,33.43748],[130.35187,33.43701],[130.35213,33.43653],[130.35303,33.43613],[130.35381,33.43535],[130.354,33.43488],[130.3545,33.43457],[130.35425,33.43381],[130.35538,33.43311],[130.35628,33.43317],[130.35669,33.43453],[130.35694,33.43479],[130.35745,33.43418],[130.35782,33.4335],[130.35853,33.43343],[130.3588,33.43375],[130.35983,33.43364],[130.36031,33.43403],[130.36252,33.43444],[130.36311,33.43484],[130.36371,33.43474],[130.36496,33.43402],[130.36688,33.43419],[130.36826,33.43489],[130.36845,33.43517],[130.36866,33.43655],[130.36931,33.43547],[130.37012,33.43459],[130.37025,33.43399],[130.37065,33.43351],[130.3715,33.43298],[130.37228,33.432],[130.3724,33.43161],[130.37435,33.43032],[130.37522,33.42995],[130.37626,33.42881],[130.3766,33.42787],[130.37738,33.4272],[130.37763,33.42663],[130.37744,33.42641],[130.37752,33.42585],[130.37789,33.42564],[130.38295,33.42606],[130.38356,33.42651],[130.3837,33.42705],[130.38418,33.42774],[130.38529,33.42777],[130.38594,33.42798],[130.38629,33.42828],[130.3867,33.42783],[130.38718,33.42759],[130.38858,33.42625],[130.38941,33.426],[130.39067,33.42599],[130.39255,33.42613],[130.39368,33.42677],[130.39519,33.4268],[130.39564,33.42701],[130.39569,33.42732],[130.39549,33.42784],[130.39645,33.42821],[130.39679,33.42928],[130.39728,33.42998],[130.39758,33.43112],[130.39659,33.43115],[130.39575,33.43219],[130.39675,33.4325],[130.39752,33.43287],[130.39757,33.43314],[130.39721,33.43368],[130.396,33.43495],[130.39593,33.43566],[130.39584,33.43606],[130.39592,33.43635],[130.3959,33.43655],[130.39575,33.43697],[130.39583,33.43735],[130.3957,33.43841],[130.39536,33.43897],[130.39531,33.43912],[130.39555,33.4398],[130.39599,33.43998],[130.39712,33.44002],[130.39753,33.43973],[130.39814,33.43907],[130.3986,33.43883],[130.3995,33.43882],[130.40037,33.43831],[130.40102,33.43813],[130.40188,33.43802],[130.40214,33.43787],[130.4027,33.43738],[130.40313,33.43727],[130.40336,33.43724],[130.40352,33.43724],[130.40365,33.43738],[130.40368,33.4377],[130.40412,33.4384],[130.40402,33.43903],[130.40433,33.43962],[130.40445,33.44041],[130.4042,33.44095],[130.40389,33.44137],[130.40332,33.44164],[130.40267,33.44212],[130.4026,33.44277],[130.40237,33.44318],[130.40229,33.44331],[130.40122,33.44316],[130.40058,33.44304],[130.39979,33.44342],[130.39938,33.444],[130.39906,33.44503],[130.399,33.44594],[130.39909,33.4464],[130.39913,33.44657],[130.39913,33.44689],[130.39941,33.44763],[130.39948,33.44785],[130.39952,33.44796],[130.3995,33.44829],[130.39946,33.44892],[130.39935,33.4491],[130.39845,33.44974],[130.39751,33.45007],[130.39591,33.45084],[130.39396,33.45124],[130.39334,33.45146],[130.39219,33.45237],[130.3917,33.45266],[130.3905,33.45295],[130.38904,33.45449],[130.38773,33.45545],[130.3875,33.45612],[130.38767,33.45678],[130.38749,33.45727],[130.38667,33.45825],[130.38628,33.45905],[130.38684,33.46004],[130.38701,33.46058],[130.38653,33.46128],[130.38607,33.46161],[130.38602,33.46222],[130.38627,33.46317],[130.38688,33.46411],[130.38695,33.46506],[130.38768,33.46544],[130.38801,33.46581],[130.3878,33.46677],[130.38703,33.46762],[130.38585,33.46914],[130.386,33.47008],[130.38575,33.47071],[130.38478,33.47196],[130.38441,33.47263],[130.38401,33.47446],[130.38377,33.4748],[130.38309,33.47519],[130.38282,33.47553],[130.38295,33.4765],[130.38257,33.47743],[130.38269,33.47804],[130.38217,33.47926],[130.38138,33.47979],[130.38114,33.48064],[130.38163,33.48462],[130.3812,33.48536],[130.38095,33.48661],[130.38105,33.4889],[130.38034,33.48998],[130.37971,33.49209],[130.379,33.49292],[130.37791,33.49483],[130.37801,33.49558],[130.3778,33.49668],[130.37803,33.49756],[130.37791,33.49812],[130.37678,33.49907],[130.37588,33.50047],[130.37515,33.50069],[130.37458,33.50154],[130.37348,33.50216],[130.37318,33.5029],[130.37267,33.50345],[130.37127,33.50418],[130.37109,33.50522],[130.37083,33.50517],[130.37036,33.50604],[130.36979,33.50625],[130.36953,33.50678],[130.36903,33.50707],[130.3684,33.50712],[130.36751,33.50807],[130.36737,33.50904],[130.36691,33.51007],[130.36648,33.51067],[130.36568,33.51148],[130.36498,33.51148],[130.36466,33.51175],[130.36449,33.51217],[130.36495,33.5125],[130.36565,33.51355],[130.36534,33.51523],[130.36535,33.51582],[130.36514,33.5165],[130.36533,33.51799],[130.36572,33.51894],[130.36575,33.51937],[130.36649,33.5197],[130.36649,33.52074],[130.36667,33.52124],[130.3662,33.52316],[130.3657,33.52382],[130.36405,33.5252],[130.36388,33.52589],[130.36404,33.52667],[130.36396,33.52729],[130.36388,33.52752],[130.36376,33.52848],[130.36356,33.52875],[130.36353,33.52925],[130.36378,33.5297],[130.36398,33.5303],[130.36412,33.53067],[130.36396,33.53128],[130.36403,33.53188],[130.3639,33.53179],[130.3641,33.53201],[130.36423,33.53248],[130.36359,33.533],[130.3626,33.53297],[130.36225,33.53318],[130.3621,33.53374],[130.36138,33.53416],[130.36034,33.53419],[130.35988,33.53452],[130.35963,33.53499],[130.3601,33.53619],[130.35922,33.53686],[130.35905,33.53743],[130.35804,33.53849],[130.35737,33.53884],[130.35698,33.53927],[130.35636,33.5404],[130.35608,33.54111],[130.35591,33.54199],[130.35612,33.54291],[130.35612,33.54293],[130.35581,33.54294],[130.35418,33.54245],[130.35397,33.54242],[130.35396,33.54244],[130.35333,33.54258],[130.35249,33.54298],[130.35204,33.54309],[130.35154,33.54316],[130.34977,33.54345],[130.34972,33.54406],[130.34918,33.54461],[130.34878,33.54461],[130.34861,33.54559],[130.34923,33.54654],[130.34976,33.54685],[130.34971,33.54721],[130.34983,33.54781],[130.34934,33.54795],[130.34927,33.54825],[130.34877,33.54834],[130.3486,33.54894],[130.3478,33.54887],[130.34846,33.55036],[130.34878,33.55105],[130.3492,33.55201],[130.34928,33.5522],[130.34953,33.55275],[130.34993,33.55365],[130.35017,33.55422],[130.35071,33.55547],[130.35077,33.55549],[130.35196,33.55566],[130.35237,33.55569],[130.3536,33.5559],[130.35391,33.55609],[130.35413,33.55675],[130.35493,33.557],[130.3552,33.55694],[130.35522,33.55693],[130.35545,33.55737],[130.35558,33.55766],[130.35658,33.56057],[130.35666,33.56102],[130.35685,33.56265],[130.35701,33.56356],[130.35701,33.5641],[130.35624,33.5642],[130.35576,33.56428],[130.35501,33.56407],[130.35441,33.56411],[130.35481,33.56513],[130.35547,33.56695],[130.35613,33.56897],[130.35615,33.56901],[130.3571,33.57131],[130.35735,33.57193],[130.35772,33.57286],[130.3582,33.57475],[130.35821,33.57479],[130.35949,33.57484],[130.36009,33.57487],[130.36223,33.57497],[130.36227,33.57501],[130.36274,33.57594],[130.36341,33.57726],[130.36353,33.57749],[130.36425,33.57899],[130.3654,33.58159],[130.36524,33.5818],[130.3642,33.5836],[130.36291,33.58566],[130.36159,33.58742],[130.36029,33.58972],[130.35829,33.5934],[130.35712,33.59557],[130.3557,33.59569],[130.35544,33.5959],[130.35373,33.5954],[130.3532,33.59529],[130.35168,33.59522],[130.35155,33.59521],[130.35128,33.5954],[130.35142,33.59564],[130.35119,33.59594],[130.35104,33.59606],[130.35094,33.59595],[130.35087,33.59582],[130.35054,33.59552],[130.35108,33.59531],[130.35109,33.59518],[130.34983,33.59503],[130.34981,33.59505],[130.34977,33.59504],[130.3485,33.59486],[130.34826,33.59484],[130.34716,33.59498],[130.34637,33.59508],[130.34618,33.59509],[130.34583,33.59368],[130.34539,33.59183],[130.34516,33.59084],[130.34507,33.59048],[130.34483,33.58947],[130.34482,33.58941],[130.34457,33.58796],[130.34391,33.58803],[130.34352,33.58773],[130.34352,33.58676],[130.34293,33.58681]],[[130.34998,33.58757],[130.35148,33.58756],[130.35094,33.58755],[130.34998,33.58757]],[[130.34646,33.58123],[130.34611,33.58115],[130.34607,33.58119],[130.34646,33.58123]],[[130.34871,33.57715],[130.34897,33.57714],[130.34894,33.57698],[130.34871,33.57715]],[[130.33757,33.57817],[130.33732,33.57815],[130.33741,33.57824],[130.33757,33.57817]],[[130.353,33.57443],[130.35252,33.5744],[130.35298,33.57463],[130.353,33.57443]],[[130.35053,33.57442],[130.3506,33.57362],[130.35052,33.57442],[130.35053,33.57442]],[[130.3461,33.56748],[130.34616,33.56736],[130.34561,33.56729],[130.3461,33.56748]],[[130.32978,33.56824],[130.32952,33.56822],[130.32997,33.56827],[130.32978,33.56824]],[[130.33266,33.55586],[130.33222,33.5554],[130.33265,33.55597],[130.33266,33.55586]],[[130.34692,33.532],[130.3469,33.53202],[130.34705,33.53203],[130.34692,33.532]],[[130.34522,33.53502],[130.34454,33.53516],[130.34456,33.53525],[130.34522,33.53502]],[[130.33961,33.5358],[130.3396,33.53579],[130.3396,33.53593],[130.33961,33.5358]],[[130.33647,33.53488],[130.3364,33.53525],[130.33613,33.53633],[130.33638,33.53542],[130.33647,33.53488]],[[130.33735,33.53966],[130.33751,33.5397],[130.33759,33.53971],[130.33735,33.53966]],[[130.35482,33.53495],[130.355,33.53536],[130.35491,33.53515],[130.35482,33.53495]],[[130.33489,33.49485],[130.33482,33.49467],[130.33491,33.49503],[130.33489,33.49485]],[[130.30729,33.50171],[130.30879,33.50179],[130.30652,33.50166],[130.30729,33.50171]],[[130.34234,33.53084],[130.34226,33.5306],[130.34211,33.53061],[130.34234,33.53084]],[[130.3356,33.51572],[130.33558,33.51547],[130.33555,33.51573],[130.3356,33.51572]],[[130.331,33.51169],[130.33107,33.51193],[130.33122,33.5119],[130.331,33.51169]],[[130.33865,33.50012],[130.33874,33.49958],[130.33871,33.49973],[130.33865,33.50012]],[[130.34003,33.49784],[130.34015,33.49775],[130.34002,33.49783],[130.34003,33.49784]],[[130.34547,33.5007],[130.34601,33.50042],[130.34539,33.50065],[130.34547,33.5007]],[[130.34601,33.50042],[130.34637,33.50017],[130.34731,33.49941],[130.34601,33.50042]],[[130.3446,33.50103],[130.34423,33.50115],[130.34389,33.50127],[130.3446,33.50103]]],[[[130.36028,33.58418],[130.36017,33.58411],[130.36076,33.58446],[130.36028,33.58418]]]]}},{"type":"Feature","properties":{"nm":"筑紫野市","b":[130.4537,33.4282,130.6219,33.5548],"c":[130.544,33.48523]},"geometry":{"type":"Polygon","coordinates":[[[130.49394,33.48166],[130.49417,33.48135],[130.49428,33.48138],[130.49454,33.4813],[130.49445,33.48104],[130.49462,33.48044],[130.49468,33.48036],[130.49478,33.48016],[130.4949,33.48008],[130.49607,33.48006],[130.49655,33.48013],[130.4973,33.4801],[130.49766,33.47993],[130.49772,33.47978],[130.49743,33.47927],[130.49747,33.47919],[130.49765,33.47904],[130.49746,33.47867],[130.49653,33.47849],[130.49649,33.47776],[130.4964,33.4777],[130.49584,33.47749],[130.49557,33.47739],[130.4953,33.47712],[130.49403,33.47421],[130.4933,33.47381],[130.49284,33.47365],[130.4927,33.47359],[130.49245,33.47311],[130.49212,33.47263],[130.49141,33.47183],[130.49118,33.47148],[130.49119,33.47124],[130.49113,33.47084],[130.49093,33.47077],[130.49007,33.47048],[130.49004,33.47046],[130.48963,33.47027],[130.48635,33.46762],[130.48607,33.46751],[130.48478,33.46751],[130.48416,33.4673],[130.48367,33.46655],[130.48327,33.46624],[130.48309,33.46539],[130.48268,33.4652],[130.48209,33.46458],[130.48139,33.46457],[130.48086,33.46434],[130.47979,33.46499],[130.47928,33.46504],[130.47887,33.46572],[130.47781,33.46601],[130.47697,33.46605],[130.4755,33.46563],[130.47532,33.4653],[130.47551,33.46465],[130.4743,33.46468],[130.47365,33.46398],[130.47328,33.46394],[130.47253,33.46422],[130.47204,33.46417],[130.47121,33.46436],[130.47096,33.46464],[130.47028,33.46485],[130.46985,33.46521],[130.46826,33.46543],[130.46765,33.46592],[130.46716,33.46594],[130.46627,33.46636],[130.46564,33.4655],[130.46495,33.46543],[130.4646,33.46517],[130.46433,33.46465],[130.46448,33.46379],[130.46428,33.46283],[130.46458,33.46203],[130.46419,33.46214],[130.46316,33.46188],[130.46157,33.46131],[130.46075,33.46073],[130.46056,33.46025],[130.45994,33.45992],[130.46011,33.45899],[130.45886,33.45802],[130.45752,33.45748],[130.45826,33.4567],[130.45851,33.45578],[130.45919,33.45548],[130.45943,33.45481],[130.45834,33.45446],[130.45809,33.45327],[130.45813,33.452],[130.45866,33.45121],[130.45948,33.4507],[130.46049,33.45034],[130.46034,33.44958],[130.46073,33.44881],[130.46051,33.4482],[130.46003,33.44756],[130.46009,33.44733],[130.46022,33.44725],[130.46045,33.44706],[130.46081,33.44666],[130.46086,33.44663],[130.461,33.44657],[130.46121,33.44652],[130.46127,33.44648],[130.46134,33.44602],[130.46138,33.44532],[130.46132,33.4451],[130.4604,33.44452],[130.46008,33.44434],[130.45978,33.44419],[130.45977,33.44414],[130.4598,33.44373],[130.45942,33.44335],[130.45938,33.4433],[130.45895,33.44332],[130.45883,33.44311],[130.45859,33.44289],[130.45853,33.44277],[130.45806,33.44233],[130.45787,33.44204],[130.45757,33.44223],[130.45747,33.44227],[130.45745,33.44227],[130.45697,33.44194],[130.45679,33.44183],[130.45679,33.44166],[130.45666,33.4413],[130.4566,33.44115],[130.45631,33.44064],[130.45622,33.44033],[130.4561,33.4402],[130.45601,33.44001],[130.45599,33.43978],[130.45584,33.43958],[130.45563,33.43947],[130.45558,33.43942],[130.45543,33.43913],[130.45514,33.4389],[130.45503,33.43878],[130.45487,33.43866],[130.45449,33.4385],[130.45407,33.43808],[130.45378,33.43771],[130.45372,33.43612],[130.45412,33.43601],[130.45502,33.43613],[130.45518,33.43607],[130.4552,33.43608],[130.45527,33.43621],[130.45607,33.43617],[130.45623,33.43575],[130.45622,33.43537],[130.45637,33.43517],[130.45638,33.43515],[130.45642,33.43488],[130.45639,33.43424],[130.45681,33.43378],[130.45679,33.43342],[130.45682,33.43331],[130.45715,33.43267],[130.45748,33.4323],[130.45759,33.43209],[130.45769,33.43148],[130.4579,33.43116],[130.45799,33.43102],[130.458,33.43096],[130.45857,33.42956],[130.45919,33.42916],[130.45958,33.4291],[130.46094,33.42868],[130.46137,33.42842],[130.46223,33.42818],[130.46281,33.42816],[130.46344,33.42854],[130.46477,33.42907],[130.46562,33.42976],[130.46555,33.43011],[130.46591,33.4304],[130.46615,33.43137],[130.46881,33.43263],[130.4698,33.43297],[130.47107,33.43357],[130.47122,33.43409],[130.47154,33.43434],[130.47278,33.43462],[130.473,33.43486],[130.47338,33.43574],[130.47412,33.43599],[130.47545,33.43702],[130.4764,33.43812],[130.47703,33.43818],[130.47765,33.43743],[130.47885,33.43722],[130.47898,33.43664],[130.47993,33.43616],[130.4818,33.43736],[130.48229,33.43784],[130.48276,33.43792],[130.48403,33.43769],[130.48551,33.43796],[130.48693,33.43893],[130.48712,33.43917],[130.48688,33.43969],[130.48714,33.44024],[130.48811,33.44039],[130.48826,33.44019],[130.48914,33.43994],[130.49055,33.4398],[130.49104,33.43999],[130.49191,33.44095],[130.49264,33.44162],[130.49293,33.44213],[130.49428,33.4423],[130.49454,33.44384],[130.49502,33.44441],[130.49651,33.44494],[130.49742,33.44487],[130.49826,33.44515],[130.49989,33.44504],[130.50027,33.44536],[130.50151,33.44563],[130.50338,33.44687],[130.50369,33.44693],[130.5045,33.44642],[130.50555,33.44641],[130.506,33.44601],[130.50595,33.44534],[130.50683,33.44475],[130.50736,33.44424],[130.50937,33.44387],[130.50982,33.44524],[130.50986,33.44585],[130.5112,33.44657],[130.51164,33.44722],[130.511,33.44856],[130.51108,33.44918],[130.51228,33.44951],[130.5135,33.44872],[130.51559,33.44789],[130.51697,33.44653],[130.51751,33.44558],[130.51904,33.446],[130.51987,33.446],[130.52116,33.44614],[130.52186,33.44609],[130.52332,33.44571],[130.52411,33.44484],[130.52518,33.44417],[130.52624,33.44424],[130.52728,33.44381],[130.52831,33.44304],[130.52959,33.44292],[130.52989,33.44205],[130.53076,33.44145],[130.53308,33.44201],[130.53465,33.44088],[130.53461,33.44024],[130.53548,33.43992],[130.53645,33.4387],[130.53712,33.43926],[130.53809,33.43972],[130.53829,33.44003],[130.53892,33.44037],[130.53928,33.44085],[130.53968,33.44081],[130.54024,33.44175],[130.54151,33.44029],[130.54245,33.4397],[130.54379,33.43917],[130.54441,33.44],[130.54414,33.44026],[130.54452,33.44062],[130.54565,33.44165],[130.54684,33.44073],[130.5475,33.44135],[130.54875,33.44082],[130.54946,33.44076],[130.54943,33.44123],[130.55009,33.44111],[130.55036,33.44129],[130.55222,33.44387],[130.5528,33.44436],[130.55281,33.44497],[130.55254,33.44502],[130.55254,33.44603],[130.55216,33.44607],[130.55255,33.44604],[130.55271,33.44616],[130.55269,33.44648],[130.55271,33.44648],[130.55289,33.447],[130.55298,33.44831],[130.55287,33.44912],[130.55326,33.45007],[130.55439,33.44954],[130.55559,33.44924],[130.556,33.44935],[130.55812,33.44924],[130.55851,33.44911],[130.55962,33.44826],[130.56035,33.44829],[130.5609,33.44795],[130.56136,33.44802],[130.56158,33.44817],[130.56277,33.44827],[130.56313,33.4485],[130.56405,33.44853],[130.56452,33.44881],[130.56477,33.44889],[130.56518,33.44878],[130.56552,33.44815],[130.56581,33.44783],[130.5665,33.44782],[130.56593,33.44687],[130.56692,33.44637],[130.56669,33.44594],[130.56627,33.44616],[130.56565,33.44605],[130.56651,33.44558],[130.56646,33.44538],[130.5673,33.44499],[130.56738,33.44515],[130.56932,33.44462],[130.56892,33.44367],[130.57133,33.4429],[130.57196,33.4423],[130.57271,33.44189],[130.57233,33.44091],[130.57591,33.4398],[130.57555,33.43896],[130.57657,33.43866],[130.57669,33.43891],[130.57765,33.43866],[130.57804,33.43796],[130.57957,33.43711],[130.58008,33.43704],[130.58072,33.43738],[130.5821,33.43875],[130.58277,33.43951],[130.5838,33.44024],[130.58441,33.44053],[130.58512,33.4413],[130.58216,33.4425],[130.58184,33.44276],[130.58129,33.44276],[130.58,33.44346],[130.57732,33.4444],[130.57681,33.44467],[130.57614,33.44503],[130.57567,33.44507],[130.57494,33.44556],[130.57535,33.44605],[130.57445,33.4466],[130.5749,33.44714],[130.57399,33.4477],[130.57382,33.44751],[130.57314,33.44792],[130.57317,33.44727],[130.57278,33.44723],[130.57266,33.44832],[130.57209,33.44956],[130.57184,33.45079],[130.57135,33.45181],[130.57055,33.45289],[130.57102,33.45327],[130.57105,33.45423],[130.57082,33.45462],[130.57021,33.45471],[130.57024,33.45493],[130.56971,33.45493],[130.56973,33.45458],[130.56874,33.45462],[130.56838,33.4545],[130.56811,33.45475],[130.56635,33.45615],[130.56634,33.45616],[130.56586,33.45657],[130.56572,33.45669],[130.56495,33.45776],[130.56454,33.45825],[130.56392,33.45877],[130.56379,33.45894],[130.56321,33.45887],[130.56367,33.45909],[130.56308,33.46032],[130.56347,33.46053],[130.56318,33.46115],[130.56308,33.46191],[130.56223,33.46265],[130.562,33.46331],[130.56239,33.46363],[130.56218,33.46382],[130.56223,33.46445],[130.56189,33.46488],[130.56214,33.46544],[130.56258,33.46561],[130.5626,33.46622],[130.5622,33.46686],[130.56291,33.46739],[130.56248,33.46827],[130.56165,33.46873],[130.56166,33.46953],[130.5619,33.46973],[130.56157,33.47057],[130.56221,33.47114],[130.56225,33.47208],[130.56233,33.47327],[130.56233,33.47372],[130.56102,33.47448],[130.56152,33.47513],[130.56119,33.47564],[130.56162,33.47627],[130.56199,33.47629],[130.56312,33.47768],[130.56316,33.47814],[130.56355,33.4782],[130.56386,33.47914],[130.56427,33.47959],[130.56606,33.48056],[130.5663,33.4815],[130.56693,33.48171],[130.56706,33.48216],[130.5671,33.4822],[130.56756,33.48181],[130.56811,33.48173],[130.56846,33.48132],[130.56849,33.48081],[130.5682,33.47976],[130.56833,33.47925],[130.56777,33.47808],[130.56633,33.47693],[130.56642,33.47668],[130.56738,33.47675],[130.56866,33.47661],[130.56908,33.47647],[130.56968,33.47618],[130.57101,33.4749],[130.57185,33.47426],[130.57199,33.47414],[130.57325,33.47442],[130.57498,33.47504],[130.57441,33.47402],[130.57495,33.47395],[130.57531,33.47367],[130.576,33.47356],[130.5767,33.47345],[130.57842,33.47237],[130.57941,33.47353],[130.5802,33.47304],[130.58037,33.47294],[130.58109,33.47378],[130.58062,33.47387],[130.58065,33.47394],[130.58118,33.47438],[130.5813,33.47459],[130.58151,33.47471],[130.5826,33.47509],[130.58256,33.47558],[130.58282,33.47582],[130.58339,33.47658],[130.58344,33.47718],[130.58342,33.47753],[130.58393,33.47805],[130.58523,33.47914],[130.58547,33.48046],[130.58563,33.48082],[130.58611,33.48086],[130.58656,33.48124],[130.588,33.48134],[130.58863,33.48165],[130.58867,33.48216],[130.58901,33.48241],[130.58925,33.48347],[130.5889,33.48467],[130.58896,33.48537],[130.58918,33.48595],[130.58949,33.48608],[130.59013,33.48594],[130.59116,33.48657],[130.59178,33.48602],[130.59235,33.48614],[130.59258,33.48668],[130.59315,33.4872],[130.59373,33.48723],[130.59455,33.4875],[130.59549,33.48827],[130.59599,33.48832],[130.59632,33.48839],[130.59706,33.48806],[130.59853,33.48792],[130.59906,33.48811],[130.59933,33.48857],[130.6001,33.48911],[130.6011,33.4889],[130.60196,33.4892],[130.60293,33.49045],[130.60418,33.4913],[130.60445,33.49167],[130.60615,33.49148],[130.60696,33.49129],[130.60763,33.49227],[130.60829,33.49268],[130.60912,33.49285],[130.60972,33.49278],[130.61018,33.49289],[130.61038,33.49289],[130.61054,33.49354],[130.61053,33.49415],[130.61042,33.49451],[130.61015,33.49486],[130.61006,33.49505],[130.60996,33.49572],[130.60995,33.49606],[130.6102,33.49639],[130.61068,33.49686],[130.6109,33.49717],[130.61093,33.49734],[130.61096,33.49742],[130.61112,33.49781],[130.61183,33.4981],[130.61207,33.49856],[130.61284,33.49875],[130.61294,33.49899],[130.61317,33.49901],[130.61362,33.49926],[130.61418,33.49983],[130.61471,33.50006],[130.61537,33.49991],[130.61598,33.50004],[130.61645,33.50046],[130.61632,33.50091],[130.61624,33.50105],[130.61618,33.50126],[130.61616,33.50144],[130.61627,33.5018],[130.61643,33.50204],[130.61643,33.5023],[130.61643,33.50235],[130.6167,33.50253],[130.6168,33.50265],[130.61697,33.50274],[130.6171,33.50297],[130.61719,33.50308],[130.61813,33.50403],[130.61825,33.50419],[130.61864,33.50449],[130.61912,33.50491],[130.61975,33.505],[130.62,33.5052],[130.62023,33.50547],[130.62029,33.50547],[130.62098,33.50591],[130.62099,33.50598],[130.62114,33.50617],[130.6217,33.50707],[130.62186,33.5078],[130.6217,33.50801],[130.62027,33.50829],[130.62025,33.50969],[130.62027,33.51042],[130.62008,33.51061],[130.62032,33.51059],[130.62082,33.51165],[130.62099,33.51215],[130.62106,33.51255],[130.62114,33.51299],[130.62065,33.51333],[130.62019,33.51315],[130.61983,33.51301],[130.61954,33.51297],[130.6191,33.51313],[130.61896,33.51331],[130.61881,33.51363],[130.61897,33.51383],[130.61914,33.51413],[130.61842,33.51502],[130.61818,33.51524],[130.61816,33.51605],[130.618,33.51628],[130.61758,33.51648],[130.61699,33.51655],[130.61604,33.51686],[130.61561,33.51682],[130.61498,33.51699],[130.61285,33.5171],[130.61232,33.51721],[130.61183,33.51743],[130.61138,33.51778],[130.61105,33.51866],[130.61097,33.51889],[130.61068,33.51903],[130.61042,33.5191],[130.60986,33.51957],[130.61012,33.52063],[130.61074,33.5214],[130.61113,33.52169],[130.61156,33.52194],[130.61186,33.52274],[130.61183,33.52298],[130.6115,33.52337],[130.6114,33.52355],[130.6115,33.52386],[130.61176,33.52424],[130.61203,33.52485],[130.61213,33.52491],[130.6122,33.52526],[130.61189,33.52549],[130.61183,33.52565],[130.61189,33.52591],[130.61138,33.5266],[130.61129,33.5268],[130.61123,33.52709],[130.61085,33.52725],[130.60999,33.52722],[130.60951,33.52742],[130.60862,33.52844],[130.60783,33.52947],[130.60744,33.52955],[130.60671,33.52968],[130.60641,33.53],[130.60607,33.53015],[130.60554,33.53024],[130.60545,33.53028],[130.60477,33.53073],[130.60463,33.53088],[130.60441,33.53133],[130.60468,33.53222],[130.60454,33.53241],[130.60407,33.5326],[130.60405,33.5331],[130.60389,33.53342],[130.60325,33.53393],[130.60291,33.53417],[130.60264,33.53426],[130.60243,33.53438],[130.60226,33.53446],[130.60197,33.53456],[130.60195,33.53549],[130.60121,33.53604],[130.60006,33.53606],[130.59994,33.53619],[130.5995,33.5372],[130.59898,33.53744],[130.59843,33.53756],[130.59836,33.53792],[130.59796,33.53863],[130.59563,33.53957],[130.59527,33.54092],[130.59504,33.54165],[130.59462,33.54221],[130.59451,33.54243],[130.59467,33.54287],[130.59504,33.54319],[130.59516,33.54325],[130.5952,33.54379],[130.5951,33.54435],[130.59508,33.54481],[130.59522,33.5451],[130.59566,33.54558],[130.59576,33.54581],[130.5954,33.5465],[130.59524,33.5474],[130.59425,33.54763],[130.59326,33.54734],[130.59301,33.54769],[130.59176,33.54861],[130.59003,33.5495],[130.5894,33.54999],[130.58762,33.55113],[130.58636,33.55187],[130.58619,33.55258],[130.58508,33.55386],[130.58404,33.55476],[130.58202,33.55417],[130.58087,33.55392],[130.58051,33.55351],[130.57932,33.55291],[130.57883,33.55209],[130.57859,33.55101],[130.57784,33.5499],[130.57715,33.54926],[130.57681,33.54843],[130.57591,33.54697],[130.5754,33.54539],[130.57529,33.54483],[130.57488,33.54419],[130.57478,33.54374],[130.57409,33.54308],[130.57334,33.54286],[130.57216,33.5423],[130.57107,33.54174],[130.57038,33.54088],[130.56971,33.54062],[130.56883,33.53952],[130.56881,33.53897],[130.56818,33.53816],[130.56797,33.53744],[130.56736,33.53713],[130.5673,33.53628],[130.56593,33.53167],[130.56536,33.53086],[130.56436,33.52992],[130.56344,33.52972],[130.56242,33.52894],[130.5616,33.52856],[130.56056,33.52857],[130.56048,33.52777],[130.55997,33.52642],[130.55944,33.52569],[130.55934,33.5252],[130.55858,33.5244],[130.55824,33.52361],[130.5574,33.52358],[130.55677,33.52321],[130.55577,33.52317],[130.55581,33.52239],[130.55504,33.52201],[130.55361,33.52181],[130.5532,33.5218],[130.55247,33.52219],[130.55181,33.52174],[130.55117,33.52154],[130.5507,33.52174],[130.55024,33.52223],[130.54956,33.52251],[130.54907,33.52321],[130.5484,33.52313],[130.54781,33.52339],[130.54729,33.52314],[130.54698,33.52323],[130.54724,33.52423],[130.54686,33.52439],[130.54683,33.52402],[130.54606,33.52397],[130.54585,33.52375],[130.54588,33.52275],[130.5451,33.52167],[130.54459,33.52112],[130.54429,33.5212],[130.54374,33.52176],[130.54305,33.52207],[130.54273,33.52179],[130.54224,33.52178],[130.54191,33.5215],[130.54181,33.52091],[130.54146,33.52046],[130.5414,33.51995],[130.54113,33.51964],[130.54111,33.51955],[130.54115,33.5191],[130.54031,33.51673],[130.53968,33.51585],[130.53949,33.51528],[130.53985,33.51448],[130.53986,33.51446],[130.53996,33.51419],[130.54027,33.51411],[130.54102,33.51362],[130.54113,33.51342],[130.54104,33.51278],[130.54096,33.51241],[130.54159,33.51232],[130.54243,33.51215],[130.54325,33.51193],[130.54435,33.5117],[130.5448,33.51173],[130.54568,33.51137],[130.54623,33.51123],[130.54631,33.51076],[130.54669,33.51052],[130.54727,33.50963],[130.5472,33.5094],[130.54769,33.50856],[130.5476,33.50847],[130.5484,33.50776],[130.54843,33.50773],[130.54863,33.50718],[130.54873,33.50684],[130.5489,33.50669],[130.54911,33.50616],[130.54874,33.50555],[130.54857,33.50545],[130.54822,33.50529],[130.54783,33.50482],[130.54775,33.50467],[130.54747,33.50417],[130.54746,33.50395],[130.54738,33.50382],[130.54726,33.50363],[130.54735,33.50295],[130.54727,33.50278],[130.54778,33.50231],[130.54768,33.50165],[130.54695,33.50126],[130.54695,33.50032],[130.54675,33.49994],[130.54633,33.49908],[130.54625,33.49899],[130.54653,33.49846],[130.5465,33.49762],[130.54582,33.49631],[130.54585,33.49627],[130.54525,33.49556],[130.54493,33.49474],[130.54472,33.49455],[130.54417,33.49497],[130.54332,33.49484],[130.54289,33.49454],[130.54291,33.49411],[130.54267,33.493],[130.54165,33.49256],[130.5415,33.49226],[130.54269,33.4922],[130.54299,33.49193],[130.54294,33.49165],[130.54221,33.4917],[130.54125,33.49134],[130.54088,33.49073],[130.5402,33.49098],[130.53972,33.49113],[130.53881,33.49177],[130.53796,33.49205],[130.53779,33.49227],[130.53688,33.49272],[130.53651,33.49273],[130.53659,33.49299],[130.53432,33.49447],[130.53393,33.49473],[130.53436,33.49528],[130.53428,33.49596],[130.53378,33.49654],[130.53189,33.49697],[130.53201,33.49744],[130.53125,33.49783],[130.53069,33.49856],[130.53101,33.49909],[130.53114,33.50005],[130.53071,33.50003],[130.53079,33.50058],[130.53065,33.50058],[130.53105,33.50101],[130.5312,33.50164],[130.53121,33.50175],[130.53128,33.50185],[130.53128,33.50248],[130.53094,33.50294],[130.53099,33.50329],[130.53099,33.50334],[130.53084,33.50382],[130.53078,33.50398],[130.53063,33.50424],[130.53069,33.50455],[130.53067,33.50469],[130.5306,33.50479],[130.53041,33.50489],[130.52962,33.50542],[130.52798,33.50591],[130.52759,33.50613],[130.52636,33.50615],[130.52579,33.50662],[130.52445,33.50678],[130.52345,33.50713],[130.52322,33.50731],[130.52254,33.50695],[130.52205,33.507],[130.52199,33.50671],[130.52134,33.50714],[130.52068,33.50722],[130.52135,33.50552],[130.52128,33.50524],[130.52126,33.50521],[130.5212,33.50464],[130.52015,33.50438],[130.51943,33.50369],[130.51927,33.50331],[130.51876,33.50317],[130.51867,33.50313],[130.51864,33.50309],[130.51829,33.50295],[130.51814,33.50286],[130.51819,33.5029],[130.51718,33.50281],[130.51706,33.50318],[130.51666,33.50332],[130.51615,33.50313],[130.51572,33.5033],[130.51551,33.50298],[130.51505,33.50332],[130.51454,33.50365],[130.51431,33.50375],[130.5139,33.50394],[130.51382,33.50398],[130.51373,33.50401],[130.51394,33.50369],[130.514,33.50257],[130.51409,33.50234],[130.51407,33.5012],[130.5141,33.50105],[130.51428,33.49986],[130.51393,33.49968],[130.5132,33.49983],[130.51329,33.50029],[130.51292,33.5007],[130.51265,33.50011],[130.51278,33.49979],[130.51222,33.49967],[130.51218,33.49981],[130.51217,33.50002],[130.51182,33.50023],[130.51144,33.50034],[130.51128,33.5003],[130.51129,33.5],[130.51028,33.49994],[130.50988,33.50026],[130.50831,33.5],[130.50825,33.50151],[130.50842,33.50217],[130.50776,33.50255],[130.50668,33.50247],[130.50639,33.50328],[130.50578,33.50377],[130.5059,33.50397],[130.5053,33.50422],[130.50521,33.50539],[130.50489,33.50538],[130.5045,33.50591],[130.50444,33.50704],[130.50402,33.50718],[130.50448,33.50748],[130.50444,33.50815],[130.50443,33.50823],[130.50431,33.51115],[130.50441,33.5113],[130.504,33.51212],[130.50364,33.51195],[130.50216,33.51161],[130.50217,33.51017],[130.50202,33.50908],[130.50239,33.50893],[130.50244,33.50801],[130.50294,33.50799],[130.50299,33.50727],[130.50322,33.5061],[130.50265,33.50566],[130.50262,33.50494],[130.50151,33.50505],[130.50158,33.50466],[130.50159,33.50376],[130.50102,33.50325],[130.49983,33.50286],[130.49981,33.50272],[130.49984,33.50243],[130.49959,33.50172],[130.4999,33.50068],[130.49947,33.50051],[130.49907,33.50048],[130.49845,33.50013],[130.49827,33.49976],[130.49822,33.49973],[130.49818,33.49917],[130.49773,33.49851],[130.49693,33.49796],[130.49645,33.49733],[130.49648,33.49697],[130.49601,33.49646],[130.49628,33.49552],[130.49618,33.49524],[130.4968,33.49485],[130.49672,33.49461],[130.49654,33.49445],[130.49638,33.4943],[130.49636,33.49426],[130.49642,33.49405],[130.4962,33.4939],[130.49606,33.49378],[130.4959,33.49348],[130.49596,33.4932],[130.49599,33.49303],[130.49614,33.49272],[130.49597,33.49218],[130.4962,33.49181],[130.49634,33.49166],[130.49657,33.49142],[130.49648,33.49125],[130.49652,33.49097],[130.49652,33.49067],[130.49616,33.49038],[130.49611,33.49028],[130.49588,33.49029],[130.49555,33.49024],[130.49542,33.49012],[130.49537,33.49004],[130.49534,33.48976],[130.49511,33.48964],[130.49501,33.48961],[130.49469,33.48965],[130.49424,33.4893],[130.4941,33.48904],[130.4941,33.48888],[130.49393,33.48861],[130.49367,33.48848],[130.49347,33.48826],[130.49348,33.48798],[130.49376,33.48771],[130.49371,33.48756],[130.49366,33.48747],[130.49371,33.48736],[130.49437,33.48716],[130.49468,33.48706],[130.49507,33.48677],[130.49485,33.4865],[130.49475,33.48644],[130.49452,33.48631],[130.49415,33.48599],[130.49407,33.4856],[130.49392,33.48476],[130.49373,33.48463],[130.49346,33.48443],[130.49324,33.48446],[130.49309,33.48442],[130.49284,33.48437],[130.49268,33.48383],[130.49282,33.48372],[130.49297,33.48354],[130.49319,33.48331],[130.49325,33.48318],[130.49328,33.48311],[130.49338,33.48297],[130.49349,33.4828],[130.4936,33.4825],[130.49367,33.48232],[130.49351,33.48205],[130.49366,33.4819],[130.49369,33.48172],[130.49394,33.48166]],[[130.56321,33.45887],[130.56305,33.45874],[130.56299,33.45927],[130.56321,33.45887]],[[130.50421,33.48718],[130.50316,33.48679],[130.50404,33.48732],[130.50421,33.48718]],[[130.50865,33.48969],[130.50876,33.48969],[130.50877,33.48952],[130.50865,33.48969]],[[130.52086,33.47987],[130.52103,33.47959],[130.52104,33.47939],[130.52086,33.47987]],[[130.52725,33.48521],[130.52654,33.486],[130.52779,33.48464],[130.52725,33.48521]],[[130.52184,33.47897],[130.52212,33.47894],[130.52216,33.47885],[130.52184,33.47897]],[[130.53117,33.48643],[130.53099,33.48675],[130.53099,33.48693],[130.53117,33.48643]],[[130.56126,33.48697],[130.56093,33.48714],[130.56136,33.48701],[130.56126,33.48697]],[[130.49826,33.48678],[130.49836,33.48711],[130.49831,33.48689],[130.49826,33.48678]],[[130.49841,33.48718],[130.49847,33.48721],[130.49862,33.48724],[130.49841,33.48718]],[[130.49847,33.48721],[130.49787,33.48729],[130.49836,33.48739],[130.49847,33.48721]],[[130.50002,33.48776],[130.50021,33.48798],[130.50076,33.48805],[130.50002,33.48776]],[[130.50223,33.48898],[130.50224,33.48854],[130.50223,33.48852],[130.50223,33.48898]],[[130.52398,33.46786],[130.52406,33.46786],[130.52461,33.46701],[130.52398,33.46786]],[[130.5278,33.46632],[130.52783,33.46606],[130.52773,33.46637],[130.5278,33.46632]],[[130.52658,33.46809],[130.5258,33.46823],[130.52636,33.46822],[130.52658,33.46809]],[[130.55587,33.50271],[130.55622,33.50277],[130.55644,33.50278],[130.55587,33.50271]],[[130.55644,33.50278],[130.55667,33.50278],[130.55696,33.50277],[130.55644,33.50278]],[[130.58873,33.50852],[130.58876,33.50752],[130.58865,33.50755],[130.58873,33.50852]],[[130.54545,33.4487],[130.54515,33.44856],[130.54432,33.4482],[130.54545,33.4487]],[[130.54866,33.46552],[130.55183,33.46732],[130.54949,33.46598],[130.54866,33.46552]],[[130.55183,33.46732],[130.55195,33.46739],[130.55198,33.46708],[130.55183,33.46732]],[[130.56106,33.4617],[130.55891,33.46193],[130.55863,33.46197],[130.56106,33.4617]],[[130.55723,33.46244],[130.55697,33.46265],[130.55558,33.46389],[130.55671,33.46289],[130.55723,33.46244]],[[130.54086,33.47032],[130.54089,33.4703],[130.54073,33.47027],[130.54086,33.47032]],[[130.53983,33.47108],[130.53954,33.47147],[130.53991,33.47114],[130.53983,33.47108]],[[130.53595,33.48016],[130.53595,33.48026],[130.53645,33.48029],[130.53595,33.48016]],[[130.52302,33.49899],[130.52258,33.49897],[130.52232,33.49909],[130.52302,33.49899]],[[130.51883,33.50054],[130.51823,33.50148],[130.51828,33.50151],[130.51883,33.50054]],[[130.52565,33.49955],[130.52567,33.49948],[130.5255,33.49947],[130.52565,33.49955]],[[130.52456,33.48822],[130.52557,33.48708],[130.52417,33.48864],[130.52456,33.48822]],[[130.5208,33.48572],[130.52093,33.48525],[130.5208,33.48525],[130.5208,33.48572]],[[130.51297,33.48926],[130.5127,33.48916],[130.5129,33.48946],[130.51297,33.48926]],[[130.51484,33.49635],[130.51462,33.49649],[130.51478,33.49647],[130.51484,33.49635]],[[130.52875,33.50483],[130.52937,33.50506],[130.52934,33.50475],[130.52983,33.50473],[130.53009,33.50483],[130.53022,33.50477],[130.53013,33.50458],[130.53016,33.50456],[130.53021,33.50455],[130.53026,33.5045],[130.53022,33.50435],[130.53015,33.50426],[130.52973,33.50423],[130.52916,33.5042],[130.5285,33.50442],[130.52875,33.50483]]]}},{"type":"Feature","properties":{"nm":"春日市","b":[130.4339,33.4987,130.4795,33.5489],"c":[130.45643,33.52403]},"geometry":{"type":"Polygon","coordinates":[[[130.44851,33.50895],[130.44787,33.50883],[130.44807,33.50819],[130.44798,33.50781],[130.44827,33.50704],[130.44823,33.5059],[130.44756,33.50555],[130.44731,33.50523],[130.44731,33.50473],[130.44656,33.50459],[130.44647,33.50402],[130.44619,33.50368],[130.44563,33.5034],[130.44544,33.503],[130.44616,33.50212],[130.44652,33.50198],[130.44726,33.50203],[130.44766,33.50101],[130.44766,33.50071],[130.44765,33.5004],[130.44772,33.50003],[130.44777,33.49973],[130.44776,33.49949],[130.44771,33.49929],[130.44773,33.49903],[130.44792,33.49889],[130.44826,33.49879],[130.44884,33.49867],[130.44912,33.49868],[130.44953,33.49876],[130.45003,33.49876],[130.45034,33.49898],[130.4507,33.49952],[130.45088,33.49967],[130.45124,33.49982],[130.45155,33.49995],[130.45169,33.5001],[130.45163,33.50037],[130.45196,33.50073],[130.45203,33.50109],[130.45214,33.50115],[130.45261,33.50142],[130.4527,33.50147],[130.45277,33.5017],[130.45321,33.50176],[130.45363,33.50103],[130.45568,33.50079],[130.45602,33.5014],[130.45601,33.50177],[130.45674,33.50246],[130.45731,33.50269],[130.45855,33.50283],[130.45906,33.50256],[130.46033,33.50312],[130.46037,33.50414],[130.46008,33.50415],[130.46082,33.50507],[130.46147,33.5048],[130.46191,33.50489],[130.46201,33.50493],[130.46224,33.50507],[130.46218,33.50567],[130.46238,33.50615],[130.46291,33.50632],[130.46455,33.50711],[130.46501,33.50721],[130.46605,33.50778],[130.46714,33.50807],[130.46792,33.50852],[130.46797,33.50813],[130.46837,33.50805],[130.46848,33.50943],[130.46888,33.50952],[130.46888,33.50953],[130.46904,33.51005],[130.46981,33.51022],[130.47031,33.51013],[130.47055,33.50996],[130.47133,33.50982],[130.47187,33.50968],[130.47238,33.50983],[130.47352,33.50937],[130.47444,33.50962],[130.47473,33.50899],[130.47461,33.50844],[130.4751,33.50835],[130.47552,33.50895],[130.47604,33.5094],[130.47636,33.50918],[130.47686,33.50922],[130.47708,33.51036],[130.47691,33.50916],[130.47703,33.50912],[130.4772,33.51],[130.47724,33.51031],[130.47721,33.51063],[130.47714,33.51083],[130.47644,33.51178],[130.47618,33.51166],[130.47559,33.51138],[130.47544,33.51121],[130.4755,33.51134],[130.47475,33.51231],[130.47468,33.51256],[130.47489,33.51311],[130.47568,33.51393],[130.47536,33.51403],[130.47516,33.51519],[130.47495,33.51543],[130.47524,33.51588],[130.47563,33.51645],[130.47628,33.5169],[130.47679,33.51736],[130.4771,33.51804],[130.47724,33.51892],[130.47772,33.51911],[130.4779,33.52017],[130.47733,33.521],[130.47816,33.52149],[130.47754,33.52221],[130.47806,33.52285],[130.47826,33.52338],[130.47786,33.52428],[130.47816,33.52453],[130.47885,33.5246],[130.47886,33.52464],[130.47886,33.52468],[130.47895,33.52481],[130.47905,33.52489],[130.47913,33.52492],[130.47928,33.525],[130.47948,33.52513],[130.47922,33.52536],[130.47869,33.5263],[130.47874,33.52633],[130.47947,33.52676],[130.47942,33.52758],[130.47926,33.52782],[130.47832,33.5286],[130.47788,33.52903],[130.47746,33.52927],[130.47741,33.52929],[130.4774,33.5293],[130.47728,33.5296],[130.47718,33.52985],[130.47705,33.53003],[130.47693,33.53011],[130.47686,33.53017],[130.47679,33.53022],[130.47677,33.53024],[130.47636,33.53046],[130.47618,33.53029],[130.47578,33.53004],[130.47537,33.53037],[130.47532,33.53042],[130.47595,33.53092],[130.47527,33.53151],[130.47571,33.532],[130.47639,33.53191],[130.4762,33.53288],[130.47586,33.53339],[130.47585,33.5338],[130.47585,33.53395],[130.47585,33.53397],[130.47633,33.53461],[130.4764,33.53469],[130.47659,33.5349],[130.47713,33.53546],[130.47462,33.53747],[130.47489,33.53793],[130.47424,33.53824],[130.47333,33.53923],[130.47327,33.53927],[130.47258,33.5387],[130.47254,33.53866],[130.47203,33.53824],[130.47137,33.53887],[130.47079,33.53846],[130.4698,33.53825],[130.46981,33.53772],[130.4694,33.53795],[130.46933,33.5379],[130.46882,33.53785],[130.46856,33.53783],[130.46837,33.53779],[130.46831,33.53767],[130.46741,33.53737],[130.46729,33.53662],[130.46685,33.537],[130.46647,33.53734],[130.46596,33.53763],[130.46529,33.53698],[130.46513,33.53703],[130.46449,33.53674],[130.4644,33.53625],[130.46415,33.53645],[130.46405,33.53601],[130.46378,33.5362],[130.46325,33.53579],[130.46274,33.53621],[130.46279,33.53662],[130.4619,33.53738],[130.46183,33.53745],[130.4612,33.53833],[130.46108,33.5385],[130.46102,33.53857],[130.46092,33.53883],[130.46077,33.53913],[130.45979,33.5394],[130.45933,33.54026],[130.45784,33.54194],[130.45698,33.54325],[130.45696,33.54324],[130.4566,33.54384],[130.45583,33.54444],[130.45499,33.54467],[130.45467,33.54497],[130.45429,33.54584],[130.45421,33.5469],[130.45393,33.54715],[130.45362,33.54653],[130.45315,33.54652],[130.45293,33.54704],[130.45332,33.54767],[130.4523,33.54859],[130.4514,33.54872],[130.44955,33.54895],[130.44919,33.54841],[130.44865,33.54725],[130.44816,33.54749],[130.44721,33.54747],[130.44646,33.54758],[130.44609,33.54761],[130.44549,33.54712],[130.44538,33.54751],[130.44488,33.54739],[130.44425,33.54694],[130.44381,33.54655],[130.44304,33.54734],[130.44239,33.54686],[130.44219,33.54672],[130.44226,33.5454],[130.44197,33.54481],[130.44232,33.54469],[130.44254,33.54451],[130.44262,33.54433],[130.44238,33.54426],[130.44212,33.54416],[130.4419,33.54395],[130.44184,33.5439],[130.44124,33.54361],[130.4401,33.54285],[130.43959,33.5427],[130.44002,33.5417],[130.43959,33.54125],[130.43984,33.54093],[130.44028,33.54046],[130.43931,33.53983],[130.43968,33.53946],[130.44019,33.53906],[130.44004,33.53888],[130.44051,33.53884],[130.44053,33.53853],[130.44014,33.53802],[130.44018,33.53765],[130.44063,33.53763],[130.44061,33.53681],[130.44089,33.53663],[130.44217,33.53487],[130.44253,33.53467],[130.4424,33.53435],[130.44284,33.53363],[130.44318,33.53332],[130.443,33.53259],[130.44243,33.53184],[130.44191,33.53156],[130.44163,33.53164],[130.44118,33.53079],[130.44086,33.53086],[130.44024,33.53026],[130.43975,33.53091],[130.4389,33.53057],[130.43843,33.5306],[130.43809,33.53036],[130.43782,33.53017],[130.43742,33.52988],[130.43692,33.52958],[130.43689,33.52958],[130.43678,33.5295],[130.43657,33.52936],[130.43606,33.52903],[130.43611,33.52869],[130.43628,33.52842],[130.43648,33.52811],[130.43564,33.52755],[130.43644,33.52658],[130.4374,33.52547],[130.43744,33.52512],[130.43735,33.52486],[130.43726,33.52482],[130.43581,33.52413],[130.43586,33.524],[130.43393,33.52276],[130.43409,33.52262],[130.43441,33.52238],[130.43444,33.52235],[130.43457,33.52223],[130.43466,33.52219],[130.43466,33.52198],[130.43465,33.52192],[130.43461,33.52184],[130.43461,33.52171],[130.43457,33.52154],[130.43455,33.52149],[130.43456,33.52139],[130.43455,33.52137],[130.4345,33.52129],[130.43476,33.52068],[130.43538,33.51979],[130.43541,33.51977],[130.43611,33.51876],[130.43626,33.51787],[130.43651,33.51771],[130.43643,33.51697],[130.4367,33.51666],[130.43691,33.5167],[130.43701,33.51653],[130.43722,33.51642],[130.43725,33.5164],[130.43747,33.51599],[130.43794,33.51574],[130.43819,33.51556],[130.43845,33.51462],[130.43845,33.51451],[130.43869,33.51426],[130.4397,33.5142],[130.43978,33.51409],[130.43978,33.51404],[130.43969,33.51392],[130.43967,33.51383],[130.43979,33.51334],[130.43982,33.51328],[130.43991,33.51319],[130.44007,33.51312],[130.44023,33.51304],[130.44063,33.51291],[130.44113,33.51202],[130.44153,33.5121],[130.44155,33.51209],[130.4417,33.51209],[130.44177,33.5121],[130.44204,33.51203],[130.44215,33.51163],[130.44268,33.51145],[130.44322,33.51096],[130.44414,33.51027],[130.44423,33.5102],[130.4452,33.50992],[130.44757,33.50903],[130.44786,33.50884],[130.44851,33.50895]],[[130.45035,33.50976],[130.45061,33.50997],[130.45032,33.50971],[130.45035,33.50976]],[[130.44374,33.51723],[130.44376,33.51723],[130.44376,33.51722],[130.44374,33.51723]],[[130.4455,33.51711],[130.44562,33.5171],[130.44557,33.51688],[130.4455,33.51711]],[[130.45396,33.5029],[130.45388,33.50269],[130.45391,33.50278],[130.45396,33.5029]],[[130.45354,33.51451],[130.45398,33.51462],[130.45398,33.51459],[130.45354,33.51451]],[[130.45248,33.50831],[130.45237,33.50818],[130.4523,33.50834],[130.45248,33.50831]],[[130.4475,33.51181],[130.44777,33.51186],[130.44769,33.51182],[130.4475,33.51181]],[[130.44832,33.51954],[130.44855,33.51958],[130.44832,33.51944],[130.44832,33.51954]],[[130.45338,33.51745],[130.45368,33.51786],[130.4538,33.51766],[130.45338,33.51745]],[[130.44549,33.52049],[130.44559,33.52045],[130.445,33.52044],[130.44549,33.52049]],[[130.43867,33.52159],[130.43975,33.52221],[130.43931,33.52191],[130.43867,33.52159]],[[130.44203,33.52616],[130.44255,33.52555],[130.44201,33.52615],[130.44203,33.52616]],[[130.44632,33.52756],[130.44639,33.5276],[130.44695,33.52617],[130.44632,33.52756]],[[130.46192,33.5091],[130.46242,33.50893],[130.46191,33.50892],[130.46192,33.5091]],[[130.45795,33.51588],[130.45818,33.51576],[130.45802,33.51558],[130.45795,33.51588]],[[130.45494,33.53213],[130.45492,33.53249],[130.45492,33.53261],[130.45494,33.53213]],[[130.45118,33.53321],[130.45124,33.5336],[130.45141,33.53349],[130.45118,33.53321]],[[130.45289,33.53441],[130.45302,33.53461],[130.45306,33.53456],[130.45289,33.53441]],[[130.459,33.53081],[130.45892,33.53073],[130.45888,33.53071],[130.459,33.53081]],[[130.45888,33.53071],[130.45884,33.53068],[130.45859,33.53057],[130.45888,33.53071]],[[130.45669,33.52657],[130.45658,33.52655],[130.45668,33.52661],[130.45669,33.52657]],[[130.45603,33.52914],[130.45574,33.52911],[130.45597,33.52922],[130.45603,33.52914]],[[130.44752,33.53567],[130.44814,33.53573],[130.44754,33.53564],[130.44752,33.53567]],[[130.4671,33.5344],[130.46547,33.53307],[130.46617,33.53366],[130.4671,33.5344]],[[130.45281,33.54374],[130.45289,33.54357],[130.45239,33.54345],[130.45281,33.54374]],[[130.4511,33.54258],[130.45135,33.5429],[130.45144,33.5428],[130.4511,33.54258]],[[130.44911,33.54454],[130.44899,33.54453],[130.44902,33.54457],[130.44911,33.54454]],[[130.47496,33.53005],[130.47503,33.53006],[130.4739,33.5287],[130.47496,33.53005]],[[130.4735,33.53739],[130.4739,33.53706],[130.47382,33.53697],[130.4735,33.53739]],[[130.45898,33.52403],[130.45941,33.52433],[130.45951,33.52439],[130.45898,33.52403]],[[130.45,33.52437],[130.45011,33.52416],[130.45005,33.52427],[130.45,33.52437]],[[130.46075,33.52867],[130.46069,33.52817],[130.46068,33.52842],[130.46075,33.52867]],[[130.46085,33.52765],[130.46093,33.52742],[130.46098,33.52723],[130.46085,33.52765]],[[130.46104,33.52575],[130.46101,33.5257],[130.46013,33.52568],[130.46104,33.52575]],[[130.47729,33.52677],[130.47645,33.52629],[130.47688,33.52654],[130.47729,33.52677]],[[130.45913,33.52067],[130.4592,33.52053],[130.45912,33.52067],[130.45913,33.52067]],[[130.45939,33.51887],[130.45943,33.51884],[130.45941,33.51885],[130.45939,33.51887]],[[130.45939,33.5162],[130.45934,33.51613],[130.4589,33.51575],[130.45939,33.5162]],[[130.46063,33.5163],[130.46064,33.51604],[130.46047,33.51619],[130.46063,33.5163]],[[130.45389,33.52925],[130.45347,33.52921],[130.45385,33.52947],[130.45389,33.52925]],[[130.45064,33.52636],[130.45071,33.52624],[130.4505,33.52653],[130.45064,33.52636]],[[130.45243,33.52482],[130.45239,33.52473],[130.45234,33.52476],[130.45243,33.52482]],[[130.45204,33.52469],[130.45192,33.52468],[130.45192,33.52471],[130.45204,33.52469]],[[130.45018,33.53716],[130.45005,33.53717],[130.44992,33.53751],[130.45018,33.53716]],[[130.45138,33.53526],[130.45126,33.53511],[130.45088,33.53538],[130.45138,33.53526]]]}},{"type":"Feature","properties":{"nm":"大野城市","b":[130.4503,33.4639,130.5147,33.5635],"c":[130.47932,33.51311]},"geometry":{"type":"Polygon","coordinates":[[[130.47238,33.50983],[130.47187,33.50968],[130.47133,33.50982],[130.47055,33.50996],[130.47031,33.51013],[130.46981,33.51022],[130.46904,33.51005],[130.46888,33.50953],[130.46888,33.50952],[130.46848,33.50943],[130.46837,33.50805],[130.46797,33.50813],[130.46792,33.50852],[130.46714,33.50807],[130.46605,33.50778],[130.46501,33.50721],[130.46455,33.50711],[130.46291,33.50632],[130.46238,33.50615],[130.46218,33.50567],[130.46224,33.50507],[130.46201,33.50493],[130.46191,33.50489],[130.46147,33.5048],[130.46082,33.50507],[130.46008,33.50415],[130.46037,33.50414],[130.46033,33.50312],[130.45906,33.50256],[130.45855,33.50283],[130.45731,33.50269],[130.45674,33.50246],[130.45601,33.50177],[130.45602,33.5014],[130.45568,33.50079],[130.45363,33.50103],[130.45321,33.50176],[130.45277,33.5017],[130.4527,33.50147],[130.45261,33.50142],[130.45214,33.50115],[130.45203,33.50109],[130.45196,33.50073],[130.45163,33.50037],[130.45169,33.5001],[130.45155,33.49995],[130.45124,33.49982],[130.45088,33.49967],[130.4507,33.49952],[130.45034,33.49898],[130.45027,33.49876],[130.45078,33.49839],[130.45096,33.4976],[130.45157,33.49677],[130.45167,33.49626],[130.45081,33.49555],[130.45074,33.49508],[130.45146,33.4946],[130.45109,33.4936],[130.45105,33.49246],[130.45162,33.49208],[130.45143,33.49104],[130.45248,33.49101],[130.45287,33.49081],[130.45289,33.49028],[130.45331,33.48982],[130.45368,33.48905],[130.4532,33.48771],[130.45279,33.4874],[130.45249,33.48678],[130.45258,33.48616],[130.45209,33.48585],[130.4523,33.48551],[130.45294,33.48537],[130.45291,33.48498],[130.45347,33.48316],[130.45314,33.48286],[130.45279,33.48206],[130.45344,33.48115],[130.45367,33.4801],[130.45431,33.47919],[130.45514,33.47861],[130.45569,33.47801],[130.45559,33.47756],[130.45618,33.47732],[130.45615,33.47593],[130.45528,33.47508],[130.45473,33.47506],[130.4541,33.47476],[130.45473,33.47405],[130.45467,33.4732],[130.45501,33.47315],[130.45568,33.47248],[130.45518,33.47165],[130.45563,33.47077],[130.45607,33.47056],[130.45708,33.47047],[130.45764,33.47068],[130.45817,33.47053],[130.45835,33.471],[130.45924,33.47131],[130.46064,33.47087],[130.46111,33.47092],[130.46166,33.47033],[130.46277,33.47013],[130.46378,33.46961],[130.46434,33.46944],[130.46549,33.46982],[130.46596,33.46906],[130.46582,33.46838],[130.4652,33.46785],[130.46571,33.46659],[130.46627,33.46636],[130.46716,33.46594],[130.46765,33.46592],[130.46826,33.46543],[130.46985,33.46521],[130.47028,33.46485],[130.47096,33.46464],[130.47121,33.46436],[130.47204,33.46417],[130.47253,33.46422],[130.47328,33.46394],[130.47365,33.46398],[130.4743,33.46468],[130.47551,33.46465],[130.47532,33.4653],[130.4755,33.46563],[130.47697,33.46605],[130.47781,33.46601],[130.47887,33.46572],[130.47928,33.46504],[130.47979,33.46499],[130.48086,33.46434],[130.48139,33.46457],[130.48209,33.46458],[130.48268,33.4652],[130.48309,33.46539],[130.48327,33.46624],[130.48367,33.46655],[130.48416,33.4673],[130.48478,33.46751],[130.48607,33.46751],[130.48635,33.46762],[130.48963,33.47027],[130.49004,33.47046],[130.48978,33.47071],[130.48923,33.47143],[130.48804,33.47205],[130.48829,33.47246],[130.48862,33.47332],[130.48843,33.47391],[130.48817,33.47453],[130.48821,33.47482],[130.48788,33.47548],[130.48757,33.47569],[130.48749,33.47583],[130.48743,33.47606],[130.48733,33.47614],[130.48712,33.47636],[130.48697,33.47658],[130.48683,33.4767],[130.48682,33.47688],[130.48679,33.47723],[130.48665,33.47767],[130.48734,33.47853],[130.48695,33.4791],[130.487,33.47983],[130.48725,33.48022],[130.48652,33.4806],[130.48662,33.48096],[130.48618,33.48113],[130.48582,33.48168],[130.48626,33.48245],[130.48624,33.483],[130.48672,33.48355],[130.48658,33.48461],[130.48626,33.48476],[130.48599,33.48624],[130.48487,33.48686],[130.48494,33.48763],[130.4844,33.48769],[130.48441,33.48844],[130.48413,33.48889],[130.48406,33.48958],[130.48348,33.49027],[130.48312,33.49038],[130.48306,33.491],[130.48351,33.49152],[130.4836,33.49307],[130.48386,33.49391],[130.48373,33.49491],[130.48395,33.49515],[130.4839,33.49584],[130.48438,33.49633],[130.48437,33.49691],[130.48397,33.49734],[130.48383,33.49783],[130.48414,33.49797],[130.48397,33.49843],[130.4844,33.49869],[130.48448,33.49907],[130.48425,33.49979],[130.48471,33.4999],[130.48521,33.50042],[130.48624,33.50105],[130.48685,33.50067],[130.48711,33.50086],[130.48729,33.50121],[130.48709,33.50182],[130.48729,33.50188],[130.48711,33.50276],[130.48678,33.50318],[130.48725,33.50354],[130.48825,33.50375],[130.48879,33.50363],[130.48886,33.50407],[130.48941,33.50448],[130.48927,33.50498],[130.48892,33.5053],[130.48893,33.50579],[130.48775,33.50615],[130.48751,33.50651],[130.48767,33.50725],[130.48728,33.50746],[130.48736,33.50787],[130.48702,33.50887],[130.48701,33.50889],[130.4869,33.50959],[130.48598,33.51034],[130.48632,33.51114],[130.4856,33.5123],[130.48593,33.51233],[130.48643,33.51278],[130.48622,33.5132],[130.48621,33.5136],[130.48653,33.51353],[130.48725,33.51396],[130.48769,33.51444],[130.48762,33.5148],[130.48755,33.51523],[130.48878,33.51565],[130.48948,33.51602],[130.49141,33.51722],[130.49143,33.51724],[130.49363,33.51863],[130.49458,33.51953],[130.49488,33.51955],[130.49476,33.51981],[130.49386,33.52164],[130.49345,33.52194],[130.4931,33.52255],[130.49263,33.52404],[130.49132,33.52677],[130.49187,33.52736],[130.49206,33.52832],[130.49125,33.52887],[130.49072,33.52833],[130.49041,33.52872],[130.48936,33.53051],[130.49127,33.53162],[130.4924,33.53216],[130.49323,33.53274],[130.49455,33.53276],[130.49539,33.53247],[130.49526,33.53208],[130.49742,33.53138],[130.49758,33.53135],[130.49934,33.53102],[130.50039,33.53145],[130.50223,33.53195],[130.50236,33.53198],[130.50255,33.53203],[130.50359,33.53298],[130.50425,33.53295],[130.50481,33.53241],[130.5052,33.53234],[130.50543,33.53295],[130.50587,33.53355],[130.50629,33.5337],[130.50629,33.53411],[130.50716,33.53401],[130.51416,33.5356],[130.51442,33.53632],[130.51469,33.53713],[130.51463,33.53764],[130.51423,33.53806],[130.51349,33.53824],[130.51298,33.53871],[130.51249,33.53917],[130.51218,33.53983],[130.51179,33.5399],[130.5114,33.54022],[130.51062,33.54068],[130.51051,33.54078],[130.51027,33.54093],[130.51005,33.54089],[130.50997,33.54089],[130.50895,33.54105],[130.50857,33.54157],[130.50826,33.54178],[130.50829,33.54211],[130.50826,33.54268],[130.50829,33.54297],[130.50851,33.54339],[130.50862,33.54375],[130.50872,33.54404],[130.50882,33.5442],[130.50911,33.5447],[130.50904,33.54525],[130.50913,33.54595],[130.50917,33.54621],[130.50936,33.54682],[130.50903,33.54787],[130.50865,33.54806],[130.50727,33.54794],[130.50685,33.54806],[130.5061,33.54875],[130.50527,33.5487],[130.50426,33.54947],[130.50388,33.54993],[130.50318,33.55011],[130.5029,33.55047],[130.503,33.55149],[130.50412,33.55269],[130.50445,33.55359],[130.50393,33.55484],[130.50324,33.55633],[130.50344,33.55712],[130.50331,33.55742],[130.50322,33.55755],[130.50273,33.55843],[130.50192,33.55905],[130.50181,33.55992],[130.50065,33.56007],[130.49955,33.56062],[130.49779,33.56038],[130.49708,33.56041],[130.49647,33.5602],[130.4958,33.55972],[130.49541,33.55944],[130.4943,33.55916],[130.4935,33.55915],[130.49328,33.55888],[130.49254,33.55939],[130.4918,33.55966],[130.49154,33.56006],[130.49054,33.55961],[130.4898,33.55937],[130.48892,33.55946],[130.48843,33.55926],[130.48825,33.56008],[130.48789,33.5607],[130.48743,33.56083],[130.4871,33.56041],[130.48632,33.56014],[130.48568,33.56026],[130.48494,33.55941],[130.48507,33.55855],[130.48451,33.55804],[130.48387,33.55775],[130.48312,33.55767],[130.48215,33.55724],[130.48156,33.55695],[130.48128,33.55608],[130.48064,33.55581],[130.48005,33.55512],[130.48024,33.55488],[130.47969,33.55427],[130.47932,33.55411],[130.47959,33.55386],[130.47852,33.55316],[130.47846,33.55312],[130.47763,33.55252],[130.47725,33.55278],[130.47621,33.55233],[130.47604,33.55295],[130.4754,33.55332],[130.47412,33.55311],[130.4734,33.55328],[130.47312,33.55356],[130.47283,33.55431],[130.47249,33.55477],[130.47153,33.55551],[130.47101,33.55609],[130.47092,33.55634],[130.47095,33.55677],[130.47087,33.55731],[130.4704,33.55819],[130.46896,33.5589],[130.46839,33.55953],[130.46783,33.561],[130.46732,33.5618],[130.4665,33.56293],[130.46556,33.5634],[130.46482,33.56355],[130.46443,33.56285],[130.46404,33.56247],[130.46219,33.56213],[130.46103,33.56166],[130.46032,33.5611],[130.46072,33.56075],[130.46112,33.56102],[130.46156,33.56052],[130.46215,33.55991],[130.46248,33.56009],[130.46266,33.56015],[130.4642,33.5586],[130.46523,33.55749],[130.46715,33.55532],[130.4679,33.55449],[130.46822,33.55416],[130.46855,33.5538],[130.46861,33.55367],[130.46864,33.55364],[130.46931,33.55316],[130.4698,33.5519],[130.46995,33.55146],[130.47032,33.55068],[130.4708,33.54998],[130.47088,33.54926],[130.47035,33.54909],[130.47019,33.549],[130.47002,33.54887],[130.46967,33.54867],[130.46921,33.54888],[130.4684,33.5482],[130.469,33.54738],[130.46934,33.54691],[130.46988,33.54616],[130.47005,33.54592],[130.47143,33.54398],[130.4707,33.54398],[130.47042,33.5436],[130.47057,33.54291],[130.46979,33.54277],[130.469,33.5423],[130.46886,33.54221],[130.46882,33.54216],[130.46937,33.54161],[130.46858,33.54091],[130.46859,33.54088],[130.46886,33.54031],[130.46894,33.54013],[130.46909,33.53989],[130.46866,33.53928],[130.46823,33.53889],[130.4694,33.53795],[130.46981,33.53772],[130.4698,33.53825],[130.47079,33.53846],[130.47137,33.53887],[130.47203,33.53824],[130.47254,33.53866],[130.47258,33.5387],[130.47327,33.53927],[130.47333,33.53923],[130.47424,33.53824],[130.47489,33.53793],[130.47462,33.53747],[130.47713,33.53546],[130.47659,33.5349],[130.4764,33.53469],[130.47633,33.53461],[130.47585,33.53397],[130.47585,33.53395],[130.47585,33.5338],[130.47586,33.53339],[130.4762,33.53288],[130.47639,33.53191],[130.47571,33.532],[130.47527,33.53151],[130.47595,33.53092],[130.47532,33.53042],[130.47537,33.53037],[130.47578,33.53004],[130.47618,33.53029],[130.47636,33.53046],[130.47677,33.53024],[130.47679,33.53022],[130.47686,33.53017],[130.47693,33.53011],[130.47705,33.53003],[130.47718,33.52985],[130.47728,33.5296],[130.4774,33.5293],[130.47741,33.52929],[130.47746,33.52927],[130.47788,33.52903],[130.47832,33.5286],[130.47926,33.52782],[130.47942,33.52758],[130.47947,33.52676],[130.47874,33.52633],[130.47869,33.5263],[130.47922,33.52536],[130.47948,33.52513],[130.47928,33.525],[130.47913,33.52492],[130.47905,33.52489],[130.47895,33.52481],[130.47886,33.52468],[130.47886,33.52464],[130.47924,33.52431],[130.47885,33.5246],[130.47816,33.52453],[130.47786,33.52428],[130.47826,33.52338],[130.47806,33.52285],[130.47754,33.52221],[130.47816,33.52149],[130.47733,33.521],[130.4779,33.52017],[130.47772,33.51911],[130.47724,33.51892],[130.4771,33.51804],[130.47679,33.51736],[130.47628,33.5169],[130.47563,33.51645],[130.47524,33.51588],[130.47495,33.51543],[130.47516,33.51519],[130.47536,33.51403],[130.47568,33.51393],[130.47489,33.51311],[130.47468,33.51256],[130.47475,33.51231],[130.4755,33.51134],[130.47559,33.51138],[130.47618,33.51166],[130.47644,33.51178],[130.47714,33.51083],[130.47721,33.51063],[130.47724,33.51031],[130.4772,33.51],[130.47703,33.50912],[130.47691,33.50916],[130.47686,33.50922],[130.47636,33.50918],[130.47604,33.5094],[130.47552,33.50895],[130.4751,33.50835],[130.47461,33.50844],[130.47473,33.50899],[130.47444,33.50962],[130.47352,33.50937],[130.47238,33.50983]],[[130.45965,33.49693],[130.45996,33.49701],[130.45995,33.49692],[130.45965,33.49693]],[[130.46878,33.49178],[130.46883,33.4918],[130.4689,33.49181],[130.46878,33.49178]],[[130.49151,33.55546],[130.49116,33.55552],[130.49111,33.5557],[130.49151,33.55546]],[[130.48739,33.55183],[130.48717,33.55162],[130.48711,33.55162],[130.48739,33.55183]],[[130.49873,33.54194],[130.49889,33.54118],[130.49891,33.54107],[130.49873,33.54194]],[[130.49891,33.53506],[130.49961,33.53434],[130.4989,33.53501],[130.49891,33.53506]],[[130.50017,33.53414],[130.50019,33.53428],[130.50029,33.53422],[130.50017,33.53414]],[[130.46848,33.50767],[130.46855,33.50752],[130.46804,33.50754],[130.46848,33.50767]]]}},{"type":"Feature","properties":{"nm":"太宰府市","b":[130.4831,33.4705,130.5722,33.5564],"c":[130.52518,33.52013]},"geometry":{"type":"MultiPolygon","coordinates":[[[[130.57216,33.5423],[130.57153,33.54297],[130.5707,33.54352],[130.57058,33.54396],[130.56953,33.54433],[130.56885,33.54438],[130.56853,33.54423],[130.56759,33.54469],[130.5669,33.54465],[130.56622,33.54502],[130.56556,33.5451],[130.56489,33.54656],[130.56452,33.5465],[130.56301,33.54701],[130.56285,33.54693],[130.5621,33.54759],[130.56163,33.54817],[130.56142,33.548],[130.56082,33.54812],[130.56061,33.54874],[130.56008,33.54936],[130.5588,33.55056],[130.55856,33.55112],[130.55774,33.55195],[130.55676,33.55231],[130.55625,33.55274],[130.55555,33.55297],[130.55445,33.55374],[130.55415,33.55459],[130.55325,33.55561],[130.55176,33.55623],[130.55094,33.55628],[130.55062,33.5563],[130.55006,33.55639],[130.54957,33.55638],[130.54932,33.55635],[130.5487,33.55623],[130.54796,33.55598],[130.54739,33.55575],[130.54673,33.55553],[130.54505,33.55526],[130.54419,33.55503],[130.54411,33.55499],[130.54339,33.55461],[130.54326,33.55462],[130.54266,33.55465],[130.54228,33.55466],[130.54221,33.55466],[130.54202,33.55468],[130.54187,33.55469],[130.54142,33.55472],[130.5405,33.55493],[130.54018,33.55445],[130.54039,33.55423],[130.54021,33.5537],[130.53973,33.55316],[130.53982,33.55262],[130.54146,33.55224],[130.54181,33.55189],[130.54161,33.55138],[130.54178,33.54938],[130.54131,33.54895],[130.54108,33.54801],[130.54078,33.5478],[130.5405,33.54765],[130.53952,33.54799],[130.53898,33.54776],[130.53873,33.54706],[130.53817,33.54712],[130.53807,33.54704],[130.53792,33.54685],[130.53749,33.54661],[130.53728,33.54645],[130.5372,33.54638],[130.53689,33.54632],[130.53669,33.54624],[130.53658,33.54606],[130.53624,33.54594],[130.53599,33.54549],[130.53584,33.5454],[130.53549,33.54528],[130.53538,33.54524],[130.5352,33.54509],[130.53502,33.54481],[130.5348,33.54471],[130.53471,33.54465],[130.53459,33.54449],[130.53445,33.54416],[130.5344,33.54397],[130.53415,33.54383],[130.53393,33.54362],[130.53385,33.54357],[130.53353,33.54344],[130.53327,33.54336],[130.53307,33.54355],[130.533,33.54364],[130.53253,33.54377],[130.53236,33.54375],[130.53196,33.54346],[130.53178,33.54339],[130.5316,33.54335],[130.53149,33.54332],[130.53107,33.54342],[130.53102,33.54349],[130.53062,33.54372],[130.53022,33.54352],[130.52973,33.54319],[130.52933,33.54294],[130.52899,33.54278],[130.52877,33.54272],[130.5287,33.54273],[130.52843,33.5426],[130.52838,33.54239],[130.52838,33.54204],[130.52824,33.54191],[130.52811,33.54184],[130.52794,33.54174],[130.52793,33.5415],[130.52795,33.54137],[130.52791,33.54099],[130.52779,33.54072],[130.52769,33.54053],[130.52767,33.54035],[130.52788,33.53988],[130.52798,33.53977],[130.52868,33.53929],[130.52913,33.53917],[130.5289,33.53878],[130.52866,33.53786],[130.52854,33.53767],[130.52862,33.53734],[130.52965,33.53661],[130.52972,33.53642],[130.52959,33.53601],[130.5294,33.53582],[130.52878,33.53551],[130.52844,33.53536],[130.5283,33.53528],[130.52802,33.53524],[130.52771,33.53503],[130.52703,33.53439],[130.52679,33.53403],[130.52675,33.53388],[130.5257,33.53317],[130.52552,33.53311],[130.52509,33.53297],[130.52451,33.53223],[130.52428,33.53186],[130.52418,33.53174],[130.52384,33.53171],[130.52366,33.53173],[130.52359,33.53163],[130.5235,33.53148],[130.52328,33.53152],[130.52303,33.53157],[130.52248,33.53127],[130.52242,33.53113],[130.52222,33.53058],[130.52215,33.53053],[130.52105,33.53049],[130.5208,33.53044],[130.52003,33.53038],[130.51953,33.53034],[130.51857,33.5306],[130.51846,33.53068],[130.51844,33.53094],[130.51834,33.53123],[130.51783,33.53109],[130.51705,33.53072],[130.51639,33.53084],[130.51628,33.53115],[130.51611,33.53131],[130.51598,33.53151],[130.51608,33.53191],[130.51609,33.53224],[130.51588,33.53249],[130.51511,33.53302],[130.51477,33.53325],[130.51442,33.53348],[130.51416,33.53415],[130.51414,33.5344],[130.51411,33.53493],[130.51413,33.53533],[130.51416,33.5356],[130.50716,33.53401],[130.50629,33.53411],[130.50629,33.5337],[130.50587,33.53355],[130.50543,33.53295],[130.5052,33.53234],[130.50481,33.53241],[130.50425,33.53295],[130.50359,33.53298],[130.50255,33.53203],[130.50236,33.53198],[130.50214,33.53165],[130.50223,33.53195],[130.50039,33.53145],[130.49934,33.53102],[130.49758,33.53135],[130.49742,33.53138],[130.49526,33.53208],[130.49539,33.53247],[130.49455,33.53276],[130.49323,33.53274],[130.4924,33.53216],[130.49127,33.53162],[130.48936,33.53051],[130.49041,33.52872],[130.49072,33.52833],[130.49125,33.52887],[130.49206,33.52832],[130.49187,33.52736],[130.49132,33.52677],[130.49263,33.52404],[130.4931,33.52255],[130.49345,33.52194],[130.49386,33.52164],[130.49476,33.51981],[130.49488,33.51955],[130.49458,33.51953],[130.49363,33.51863],[130.49143,33.51724],[130.49141,33.51722],[130.48948,33.51602],[130.48878,33.51565],[130.48755,33.51523],[130.48762,33.5148],[130.48769,33.51444],[130.48725,33.51396],[130.48653,33.51353],[130.48621,33.5136],[130.48622,33.5132],[130.48643,33.51278],[130.48593,33.51233],[130.4856,33.5123],[130.48632,33.51114],[130.48598,33.51034],[130.4869,33.50959],[130.48701,33.50889],[130.48702,33.50887],[130.48736,33.50787],[130.48728,33.50746],[130.48767,33.50725],[130.48751,33.50651],[130.48775,33.50615],[130.48893,33.50579],[130.48892,33.5053],[130.48927,33.50498],[130.48941,33.50448],[130.48886,33.50407],[130.48879,33.50363],[130.48825,33.50375],[130.48725,33.50354],[130.48678,33.50318],[130.48711,33.50276],[130.48729,33.50188],[130.48709,33.50182],[130.48729,33.50121],[130.48711,33.50086],[130.48685,33.50067],[130.48624,33.50105],[130.48521,33.50042],[130.48471,33.4999],[130.48425,33.49979],[130.48448,33.49907],[130.4844,33.49869],[130.48397,33.49843],[130.48414,33.49797],[130.48383,33.49783],[130.48397,33.49734],[130.48437,33.49691],[130.48438,33.49633],[130.4839,33.49584],[130.48395,33.49515],[130.48373,33.49491],[130.48386,33.49391],[130.4836,33.49307],[130.48351,33.49152],[130.48306,33.491],[130.48312,33.49038],[130.48348,33.49027],[130.48406,33.48958],[130.48413,33.48889],[130.48441,33.48844],[130.4844,33.48769],[130.48494,33.48763],[130.48487,33.48686],[130.48599,33.48624],[130.48626,33.48476],[130.48658,33.48461],[130.48672,33.48355],[130.48624,33.483],[130.48626,33.48245],[130.48582,33.48168],[130.48618,33.48113],[130.48662,33.48096],[130.48652,33.4806],[130.48725,33.48022],[130.487,33.47983],[130.48695,33.4791],[130.48734,33.47853],[130.48665,33.47767],[130.48679,33.47723],[130.48682,33.47688],[130.48683,33.4767],[130.48697,33.47658],[130.48712,33.47636],[130.48733,33.47614],[130.48743,33.47606],[130.48749,33.47583],[130.48757,33.47569],[130.48788,33.47548],[130.48821,33.47482],[130.48817,33.47453],[130.48843,33.47391],[130.48862,33.47332],[130.48829,33.47246],[130.48804,33.47205],[130.48923,33.47143],[130.48978,33.47071],[130.49004,33.47046],[130.49007,33.47048],[130.49093,33.47077],[130.49113,33.47084],[130.49119,33.47124],[130.49118,33.47148],[130.49141,33.47183],[130.49212,33.47263],[130.49245,33.47311],[130.4927,33.47359],[130.49284,33.47365],[130.4933,33.47381],[130.49403,33.47421],[130.4953,33.47712],[130.49557,33.47739],[130.49584,33.47749],[130.4964,33.4777],[130.49649,33.47776],[130.49653,33.47849],[130.49746,33.47867],[130.49765,33.47904],[130.49747,33.47919],[130.49743,33.47927],[130.49772,33.47978],[130.49766,33.47993],[130.4973,33.4801],[130.49655,33.48013],[130.49607,33.48006],[130.4949,33.48008],[130.49478,33.48016],[130.49468,33.48036],[130.49462,33.48044],[130.49445,33.48104],[130.49454,33.4813],[130.49428,33.48138],[130.49417,33.48135],[130.49394,33.48166],[130.49369,33.48172],[130.49366,33.4819],[130.49351,33.48205],[130.49367,33.48232],[130.4936,33.4825],[130.49349,33.4828],[130.49338,33.48297],[130.49328,33.48311],[130.49325,33.48318],[130.49319,33.48331],[130.49297,33.48354],[130.49282,33.48372],[130.49268,33.48383],[130.49284,33.48437],[130.49309,33.48442],[130.49324,33.48446],[130.49346,33.48443],[130.49373,33.48463],[130.49392,33.48476],[130.49407,33.4856],[130.49415,33.48599],[130.49452,33.48631],[130.49475,33.48644],[130.49485,33.4865],[130.49507,33.48677],[130.49468,33.48706],[130.49437,33.48716],[130.49371,33.48736],[130.49366,33.48747],[130.49371,33.48756],[130.49376,33.48771],[130.49348,33.48798],[130.49347,33.48826],[130.49367,33.48848],[130.49393,33.48861],[130.4941,33.48888],[130.4941,33.48904],[130.49424,33.4893],[130.49469,33.48965],[130.49501,33.48961],[130.49511,33.48964],[130.49534,33.48976],[130.49537,33.49004],[130.49542,33.49012],[130.49555,33.49024],[130.49588,33.49029],[130.49611,33.49028],[130.49616,33.49038],[130.49652,33.49067],[130.49652,33.49097],[130.49648,33.49125],[130.49657,33.49142],[130.49634,33.49166],[130.4962,33.49181],[130.49597,33.49218],[130.49614,33.49272],[130.49599,33.49303],[130.49596,33.4932],[130.4959,33.49348],[130.49606,33.49378],[130.4962,33.4939],[130.49642,33.49405],[130.49636,33.49426],[130.49638,33.4943],[130.49654,33.49445],[130.49672,33.49461],[130.4968,33.49485],[130.49618,33.49524],[130.49628,33.49552],[130.49601,33.49646],[130.49648,33.49697],[130.49645,33.49733],[130.49693,33.49796],[130.49773,33.49851],[130.49818,33.49917],[130.49822,33.49973],[130.49827,33.49976],[130.49845,33.50013],[130.49907,33.50048],[130.49947,33.50051],[130.4999,33.50068],[130.49959,33.50172],[130.49984,33.50243],[130.49981,33.50272],[130.49983,33.50286],[130.50102,33.50325],[130.50159,33.50376],[130.50158,33.50466],[130.50151,33.50505],[130.50262,33.50494],[130.50265,33.50566],[130.50322,33.5061],[130.50299,33.50727],[130.50294,33.50799],[130.50244,33.50801],[130.50239,33.50893],[130.50202,33.50908],[130.50217,33.51017],[130.50216,33.51161],[130.50364,33.51195],[130.504,33.51212],[130.50441,33.5113],[130.50431,33.51115],[130.50443,33.50823],[130.50444,33.50815],[130.50448,33.50748],[130.50402,33.50718],[130.50444,33.50704],[130.5045,33.50591],[130.50489,33.50538],[130.50521,33.50539],[130.5053,33.50422],[130.5059,33.50397],[130.50578,33.50377],[130.50639,33.50328],[130.50668,33.50247],[130.50776,33.50255],[130.50842,33.50217],[130.50825,33.50151],[130.50831,33.5],[130.50988,33.50026],[130.51028,33.49994],[130.51129,33.5],[130.51128,33.5003],[130.51144,33.50034],[130.51182,33.50023],[130.51217,33.50002],[130.51218,33.49981],[130.51222,33.49967],[130.51278,33.49979],[130.51265,33.50011],[130.51292,33.5007],[130.51329,33.50029],[130.5132,33.49983],[130.51393,33.49968],[130.51428,33.49986],[130.5141,33.50105],[130.51407,33.5012],[130.51409,33.50234],[130.514,33.50257],[130.51394,33.50369],[130.51373,33.50401],[130.51382,33.50398],[130.51399,33.50432],[130.5139,33.50394],[130.51431,33.50375],[130.51454,33.50365],[130.51505,33.50332],[130.51551,33.50298],[130.51572,33.5033],[130.51615,33.50313],[130.51666,33.50332],[130.51706,33.50318],[130.51718,33.50281],[130.51819,33.5029],[130.51829,33.50295],[130.51864,33.50309],[130.51867,33.50313],[130.51876,33.50317],[130.51927,33.50331],[130.51943,33.50369],[130.52015,33.50438],[130.5212,33.50464],[130.52126,33.50521],[130.52128,33.50524],[130.52135,33.50552],[130.52068,33.50722],[130.52134,33.50714],[130.52199,33.50671],[130.52205,33.507],[130.52254,33.50695],[130.52322,33.50731],[130.52345,33.50713],[130.52445,33.50678],[130.52579,33.50662],[130.52636,33.50615],[130.52759,33.50613],[130.52798,33.50591],[130.52962,33.50542],[130.53041,33.50489],[130.5306,33.50479],[130.53067,33.50469],[130.53069,33.50455],[130.53063,33.50424],[130.53078,33.50398],[130.53084,33.50382],[130.53099,33.50334],[130.53099,33.50329],[130.53094,33.50294],[130.53128,33.50248],[130.53128,33.50185],[130.53121,33.50175],[130.5312,33.50164],[130.53105,33.50101],[130.53079,33.50058],[130.53071,33.50003],[130.53114,33.50005],[130.53101,33.49909],[130.53069,33.49856],[130.53125,33.49783],[130.53201,33.49744],[130.53189,33.49697],[130.53378,33.49654],[130.53428,33.49596],[130.53436,33.49528],[130.53393,33.49473],[130.53432,33.49447],[130.53659,33.49299],[130.53651,33.49273],[130.53688,33.49272],[130.53779,33.49227],[130.53796,33.49205],[130.53881,33.49177],[130.53972,33.49113],[130.5402,33.49098],[130.54088,33.49073],[130.54125,33.49134],[130.54221,33.4917],[130.54294,33.49165],[130.54299,33.49193],[130.54269,33.4922],[130.5415,33.49226],[130.54165,33.49256],[130.54267,33.493],[130.54291,33.49411],[130.54289,33.49454],[130.54332,33.49484],[130.54417,33.49497],[130.54472,33.49455],[130.54493,33.49474],[130.54525,33.49556],[130.54585,33.49627],[130.54582,33.49631],[130.5465,33.49762],[130.54653,33.49846],[130.54625,33.49899],[130.54633,33.49908],[130.54675,33.49994],[130.54695,33.50032],[130.54695,33.50126],[130.54768,33.50165],[130.54778,33.50231],[130.54727,33.50278],[130.54735,33.50295],[130.54726,33.50363],[130.54738,33.50382],[130.54746,33.50395],[130.54747,33.50417],[130.54775,33.50467],[130.54783,33.50482],[130.54822,33.50529],[130.54857,33.50545],[130.54874,33.50555],[130.54911,33.50616],[130.5489,33.50669],[130.54873,33.50684],[130.54863,33.50718],[130.54843,33.50773],[130.54786,33.5082],[130.5476,33.50847],[130.54769,33.50856],[130.5472,33.5094],[130.54727,33.50963],[130.54669,33.51052],[130.54631,33.51076],[130.54623,33.51123],[130.54568,33.51137],[130.5448,33.51173],[130.54435,33.5117],[130.54325,33.51193],[130.54243,33.51215],[130.54159,33.51232],[130.54096,33.51241],[130.54104,33.51278],[130.54113,33.51342],[130.54102,33.51362],[130.54027,33.51411],[130.53996,33.51419],[130.53986,33.51446],[130.53985,33.51448],[130.53949,33.51528],[130.53968,33.51585],[130.54031,33.51673],[130.54115,33.5191],[130.54111,33.51955],[130.54113,33.51964],[130.5414,33.51995],[130.54146,33.52046],[130.54181,33.52091],[130.54191,33.5215],[130.54224,33.52178],[130.54273,33.52179],[130.54305,33.52207],[130.54374,33.52176],[130.54429,33.5212],[130.54459,33.52112],[130.5451,33.52167],[130.54588,33.52275],[130.54585,33.52375],[130.54606,33.52397],[130.54683,33.52402],[130.54686,33.52439],[130.54724,33.52423],[130.54698,33.52323],[130.54729,33.52314],[130.54781,33.52339],[130.5484,33.52313],[130.54907,33.52321],[130.54956,33.52251],[130.55024,33.52223],[130.5507,33.52174],[130.55117,33.52154],[130.55181,33.52174],[130.55247,33.52219],[130.5532,33.5218],[130.55361,33.52181],[130.55504,33.52201],[130.55581,33.52239],[130.55577,33.52317],[130.55677,33.52321],[130.5574,33.52358],[130.55824,33.52361],[130.55858,33.5244],[130.55934,33.5252],[130.55944,33.52569],[130.55997,33.52642],[130.56048,33.52777],[130.56056,33.52857],[130.5616,33.52856],[130.56242,33.52894],[130.56344,33.52972],[130.56436,33.52992],[130.56536,33.53086],[130.56593,33.53167],[130.5673,33.53628],[130.56736,33.53713],[130.56797,33.53744],[130.56818,33.53816],[130.56881,33.53897],[130.56883,33.53952],[130.56971,33.54062],[130.57038,33.54088],[130.57107,33.54174],[130.57216,33.5423]],[[130.53983,33.53448],[130.53981,33.53466],[130.54002,33.53482],[130.53983,33.53448]],[[130.53682,33.53863],[130.53708,33.53823],[130.53686,33.53812],[130.53682,33.53863]],[[130.5268,33.52391],[130.52674,33.52383],[130.52646,33.52386],[130.5268,33.52391]],[[130.52395,33.5215],[130.52401,33.52142],[130.52401,33.52141],[130.52395,33.5215]],[[130.52126,33.51865],[130.52123,33.51853],[130.52107,33.51851],[130.52126,33.51865]],[[130.51486,33.51819],[130.51485,33.51816],[130.51479,33.51805],[130.51486,33.51819]],[[130.51408,33.51947],[130.51402,33.51955],[130.51423,33.51948],[130.51408,33.51947]],[[130.51203,33.52051],[130.5117,33.52087],[130.5117,33.52088],[130.51203,33.52051]],[[130.49882,33.52226],[130.49869,33.52226],[130.49943,33.5226],[130.49882,33.52226]],[[130.5035,33.52789],[130.50302,33.52798],[130.50312,33.52803],[130.5035,33.52789]],[[130.53461,33.52404],[130.53557,33.52398],[130.53583,33.52398],[130.53556,33.52397],[130.53461,33.52404]],[[130.53125,33.50335],[130.53159,33.50323],[130.53125,33.50332],[130.53125,33.50335]],[[130.53815,33.50939],[130.53816,33.50959],[130.5383,33.50961],[130.53815,33.50939]],[[130.5396,33.5093],[130.54082,33.50861],[130.5401,33.50896],[130.5396,33.5093]],[[130.54082,33.50861],[130.54163,33.50891],[130.541,33.50862],[130.54082,33.50861]],[[130.54197,33.50178],[130.54231,33.50167],[130.54195,33.50177],[130.54197,33.50178]],[[130.54458,33.50096],[130.54456,33.50076],[130.54444,33.50089],[130.54458,33.50096]],[[130.50003,33.51296],[130.49989,33.51292],[130.49996,33.51324],[130.50003,33.51296]],[[130.49931,33.51414],[130.49927,33.51419],[130.49972,33.5141],[130.49931,33.51414]]],[[[130.52875,33.50483],[130.5285,33.50442],[130.52916,33.5042],[130.52973,33.50423],[130.53015,33.50426],[130.53022,33.50435],[130.53026,33.5045],[130.53021,33.50455],[130.53016,33.50456],[130.53013,33.50458],[130.53022,33.50477],[130.53009,33.50483],[130.52983,33.50473],[130.52934,33.50475],[130.52937,33.50506],[130.52875,33.50483]]]]}},{"type":"Feature","properties":{"nm":"古賀市","b":[130.4472,33.687,130.5592,33.7538],"c":[130.49941,33.72146]},"geometry":{"type":"Polygon","coordinates":[[[130.54466,33.71013],[130.54499,33.71066],[130.54507,33.71137],[130.5456,33.71244],[130.5458,33.71332],[130.54638,33.71355],[130.54788,33.71461],[130.54786,33.71511],[130.5472,33.7163],[130.54726,33.71668],[130.54783,33.71731],[130.54891,33.71751],[130.54919,33.71775],[130.55057,33.71821],[130.55143,33.71786],[130.55206,33.71826],[130.55229,33.71899],[130.554,33.71902],[130.5548,33.71878],[130.55556,33.71881],[130.55629,33.71922],[130.5581,33.71993],[130.55904,33.72001],[130.55918,33.72035],[130.55894,33.72103],[130.55884,33.72143],[130.55871,33.72161],[130.55839,33.72173],[130.55799,33.72176],[130.55766,33.72176],[130.55755,33.72178],[130.55755,33.72202],[130.55782,33.72239],[130.55834,33.72285],[130.55843,33.72326],[130.55796,33.7238],[130.55762,33.72382],[130.55729,33.72385],[130.55688,33.72425],[130.55674,33.72451],[130.55625,33.72487],[130.55585,33.72531],[130.55543,33.72559],[130.55511,33.72575],[130.5547,33.72612],[130.55411,33.72726],[130.55382,33.72753],[130.5537,33.7278],[130.55293,33.72812],[130.55278,33.72823],[130.55251,33.72836],[130.55228,33.72841],[130.55144,33.72866],[130.55106,33.7288],[130.55073,33.72903],[130.55015,33.72942],[130.54951,33.72946],[130.54931,33.72952],[130.54762,33.73066],[130.5474,33.7307],[130.54709,33.73088],[130.54698,33.7312],[130.54691,33.73156],[130.54667,33.73184],[130.54556,33.73281],[130.54473,33.73347],[130.54419,33.73378],[130.54394,33.73399],[130.54366,33.73417],[130.54313,33.73436],[130.54296,33.73435],[130.54285,33.73433],[130.54257,33.73428],[130.54241,33.73437],[130.54223,33.73485],[130.54223,33.73495],[130.54239,33.73539],[130.54231,33.73558],[130.54228,33.73597],[130.54176,33.73684],[130.5413,33.73719],[130.54103,33.73736],[130.54089,33.73786],[130.54083,33.738],[130.54081,33.73804],[130.54061,33.73816],[130.54021,33.73818],[130.54,33.73816],[130.53958,33.73823],[130.53918,33.73838],[130.5384,33.73829],[130.53767,33.73844],[130.5364,33.73892],[130.53487,33.73929],[130.53429,33.73935],[130.53382,33.73924],[130.53348,33.73908],[130.53309,33.7391],[130.53279,33.73913],[130.53251,33.73921],[130.53176,33.7392],[130.53136,33.73941],[130.53091,33.73978],[130.53079,33.73981],[130.53034,33.7399],[130.52922,33.73969],[130.52879,33.73962],[130.5285,33.73962],[130.52778,33.7397],[130.52719,33.73975],[130.52703,33.73977],[130.5267,33.73986],[130.52639,33.73985],[130.52613,33.73989],[130.52556,33.73995],[130.52498,33.73993],[130.52483,33.73994],[130.52445,33.73993],[130.52423,33.73993],[130.5238,33.73986],[130.52297,33.73997],[130.52265,33.74003],[130.52242,33.74016],[130.5217,33.74025],[130.52108,33.7402],[130.5208,33.74018],[130.52048,33.74022],[130.52033,33.74025],[130.51964,33.74036],[130.51961,33.74037],[130.51871,33.74045],[130.5187,33.74045],[130.51748,33.7407],[130.51663,33.74047],[130.51576,33.74055],[130.51537,33.74078],[130.51355,33.74103],[130.5125,33.74092],[130.51125,33.74048],[130.50911,33.74066],[130.50799,33.74105],[130.50622,33.74221],[130.50473,33.74254],[130.50275,33.74368],[130.50043,33.74466],[130.49962,33.74489],[130.49877,33.74537],[130.4979,33.74553],[130.49704,33.74535],[130.49621,33.74584],[130.49454,33.7466],[130.4944,33.74661],[130.49394,33.74649],[130.49236,33.74765],[130.49142,33.74833],[130.49112,33.74846],[130.49115,33.74837],[130.49086,33.74817],[130.49084,33.74816],[130.48985,33.74757],[130.48949,33.74736],[130.48672,33.74872],[130.48729,33.74938],[130.48685,33.74958],[130.48638,33.7498],[130.48582,33.74916],[130.48439,33.74983],[130.48279,33.75056],[130.48321,33.75124],[130.48192,33.75182],[130.48173,33.7515],[130.48076,33.75193],[130.48045,33.75173],[130.47994,33.75162],[130.47756,33.75147],[130.47649,33.75177],[130.47575,33.75221],[130.47417,33.75224],[130.47416,33.75224],[130.47276,33.75222],[130.47136,33.75256],[130.4697,33.75316],[130.46967,33.75316],[130.46737,33.7538],[130.46664,33.75201],[130.46635,33.7515],[130.46595,33.7502],[130.4641,33.74611],[130.46303,33.74384],[130.46245,33.74293],[130.46128,33.74059],[130.46168,33.74017],[130.46104,33.74079],[130.461,33.7404],[130.45984,33.73864],[130.45945,33.73817],[130.45805,33.73672],[130.45757,33.73578],[130.45731,33.73567],[130.45722,33.73609],[130.45697,33.73552],[130.45622,33.7345],[130.4546,33.73257],[130.45198,33.72963],[130.45132,33.72913],[130.44988,33.72757],[130.44717,33.72536],[130.44834,33.72458],[130.45041,33.72389],[130.4511,33.72353],[130.45217,33.72265],[130.45227,33.7226],[130.4532,33.72204],[130.45326,33.722],[130.45333,33.72198],[130.45341,33.72198],[130.45346,33.72199],[130.45352,33.72197],[130.45367,33.72188],[130.4537,33.72186],[130.45453,33.72148],[130.45468,33.72138],[130.4547,33.72126],[130.45518,33.72115],[130.45522,33.72113],[130.45654,33.72054],[130.45774,33.71994],[130.45788,33.71988],[130.45907,33.71938],[130.45932,33.71913],[130.45948,33.71891],[130.45975,33.71851],[130.46031,33.71869],[130.46015,33.71862],[130.45998,33.71857],[130.4598,33.71852],[130.45972,33.7185],[130.46016,33.7179],[130.46075,33.71757],[130.46076,33.71756],[130.4608,33.71751],[130.4608,33.71742],[130.46075,33.71723],[130.46061,33.71695],[130.46054,33.7168],[130.46064,33.7165],[130.46068,33.71643],[130.46099,33.71627],[130.46146,33.71596],[130.46208,33.71555],[130.46243,33.71475],[130.46256,33.71397],[130.46293,33.71383],[130.46351,33.71328],[130.46402,33.71301],[130.46493,33.71275],[130.46512,33.71231],[130.46476,33.71206],[130.46523,33.71139],[130.46595,33.71083],[130.4666,33.71054],[130.46685,33.71004],[130.4677,33.70938],[130.46791,33.7085],[130.46895,33.70808],[130.46874,33.70782],[130.46873,33.7069],[130.468,33.70615],[130.46817,33.7056],[130.46796,33.70417],[130.46763,33.70254],[130.4677,33.70212],[130.46663,33.70129],[130.4657,33.7009],[130.46522,33.70052],[130.46582,33.70044],[130.46621,33.70016],[130.46634,33.69951],[130.46684,33.69923],[130.467,33.6987],[130.46735,33.69845],[130.46718,33.69804],[130.46783,33.69768],[130.46746,33.69736],[130.46739,33.69619],[130.46691,33.69526],[130.46822,33.69422],[130.4684,33.69437],[130.47013,33.69397],[130.47203,33.69422],[130.47298,33.6939],[130.47387,33.69388],[130.47551,33.69441],[130.47633,33.6944],[130.47713,33.69456],[130.47815,33.69499],[130.47936,33.69472],[130.4797,33.69459],[130.47981,33.69456],[130.48056,33.6945],[130.48128,33.69427],[130.48151,33.69415],[130.48163,33.69408],[130.48188,33.69401],[130.48229,33.69404],[130.48276,33.69413],[130.48383,33.69426],[130.484,33.6942],[130.48434,33.6942],[130.48478,33.69414],[130.48507,33.69408],[130.48525,33.69373],[130.48516,33.69341],[130.48539,33.69333],[130.48551,33.69335],[130.48569,33.69339],[130.48586,33.69342],[130.48615,33.69367],[130.48654,33.69386],[130.48731,33.69387],[130.4878,33.69373],[130.48851,33.69331],[130.48896,33.69346],[130.4895,33.6933],[130.48985,33.6932],[130.48998,33.6932],[130.49013,33.69316],[130.49035,33.69309],[130.49073,33.69307],[130.49081,33.69306],[130.49112,33.69301],[130.49158,33.69307],[130.49181,33.69316],[130.49193,33.69316],[130.49213,33.69311],[130.49226,33.69297],[130.49234,33.69284],[130.49254,33.69294],[130.49297,33.69308],[130.49373,33.69319],[130.49396,33.6932],[130.49459,33.694],[130.49527,33.69472],[130.49583,33.69538],[130.49723,33.69622],[130.49784,33.6967],[130.49765,33.69707],[130.49763,33.69738],[130.49709,33.69791],[130.49776,33.69753],[130.49786,33.69767],[130.49816,33.69787],[130.49873,33.69855],[130.49927,33.69872],[130.49961,33.69847],[130.49964,33.69826],[130.49999,33.69744],[130.50049,33.69722],[130.5008,33.69712],[130.50087,33.69711],[130.50133,33.69706],[130.50203,33.6973],[130.50234,33.69725],[130.50269,33.69712],[130.5029,33.69637],[130.50318,33.69518],[130.50305,33.69469],[130.50299,33.69456],[130.50305,33.69435],[130.50318,33.69423],[130.50353,33.69393],[130.50412,33.69377],[130.50432,33.69381],[130.50456,33.69386],[130.50471,33.69334],[130.50471,33.69263],[130.50465,33.69256],[130.50443,33.69246],[130.50424,33.6924],[130.50426,33.69225],[130.50425,33.69199],[130.50415,33.69177],[130.50414,33.69128],[130.50449,33.69093],[130.50502,33.69077],[130.50544,33.69033],[130.50534,33.69003],[130.50502,33.68932],[130.50545,33.68884],[130.5063,33.68867],[130.50692,33.68877],[130.50702,33.68824],[130.50704,33.68797],[130.50732,33.68742],[130.5075,33.68739],[130.50771,33.68744],[130.50825,33.68716],[130.50839,33.68704],[130.50888,33.68748],[130.50935,33.6876],[130.50996,33.68729],[130.51056,33.68738],[130.51107,33.68766],[130.51171,33.68825],[130.51177,33.68901],[130.51209,33.68914],[130.51227,33.68864],[130.51278,33.68838],[130.51326,33.6887],[130.51358,33.68932],[130.5141,33.68951],[130.5142,33.69007],[130.51507,33.69026],[130.51672,33.69121],[130.51782,33.69199],[130.51875,33.69212],[130.51902,33.69268],[130.51947,33.69291],[130.51852,33.69373],[130.51928,33.69419],[130.5193,33.69454],[130.51868,33.69525],[130.51959,33.69598],[130.52023,33.69603],[130.52062,33.69628],[130.52026,33.69701],[130.52063,33.69769],[130.52065,33.69856],[130.52114,33.6993],[130.52113,33.69984],[130.5209,33.70026],[130.5201,33.70111],[130.52141,33.70174],[130.52252,33.70164],[130.52376,33.70187],[130.52449,33.70216],[130.52522,33.70223],[130.52628,33.70285],[130.52618,33.70325],[130.52649,33.70405],[130.52636,33.70475],[130.52715,33.70544],[130.52785,33.70561],[130.52767,33.70633],[130.52776,33.70686],[130.52822,33.70719],[130.52928,33.70685],[130.52998,33.7072],[130.53027,33.70771],[130.53099,33.70808],[130.53109,33.70846],[130.53204,33.70876],[130.53276,33.70983],[130.5339,33.70993],[130.53493,33.7107],[130.53528,33.71073],[130.53645,33.71025],[130.53742,33.70987],[130.53813,33.71017],[130.53911,33.71036],[130.54044,33.711],[130.54091,33.71109],[130.54281,33.71057],[130.5436,33.71023],[130.54466,33.71013]],[[130.51393,33.70925],[130.51367,33.70922],[130.51387,33.70926],[130.51393,33.70925]],[[130.45745,33.72653],[130.4574,33.72646],[130.45715,33.72649],[130.45745,33.72653]],[[130.47086,33.72593],[130.4709,33.72581],[130.47093,33.72571],[130.47086,33.72593]],[[130.46867,33.72732],[130.46883,33.72758],[130.46906,33.72736],[130.46867,33.72732]],[[130.47156,33.73762],[130.47149,33.73743],[130.47143,33.73728],[130.47156,33.73762]]]}},{"type":"Feature","properties":{"nm":"糸島市","b":[130.0396,33.4653,130.2917,33.6397],"c":[130.18087,33.53314]},"geometry":{"type":"MultiPolygon","coordinates":[[[[130.23918,33.55886],[130.23869,33.56009],[130.23802,33.5615],[130.23904,33.5619],[130.23858,33.56285],[130.23784,33.5643],[130.23675,33.56641],[130.23681,33.5665],[130.23876,33.56706],[130.23839,33.56763],[130.23816,33.56798],[130.2394,33.56834],[130.23976,33.56844],[130.23955,33.56899],[130.23899,33.57034],[130.2401,33.57066],[130.24054,33.5708],[130.241,33.57093],[130.24076,33.57136],[130.24055,33.57174],[130.24049,33.57177],[130.24053,33.57184],[130.24012,33.57278],[130.24097,33.57307],[130.24059,33.57393],[130.23857,33.57866],[130.23816,33.57962],[130.23776,33.58042],[130.23744,33.58033],[130.23733,33.58033],[130.23694,33.58122],[130.23535,33.58071],[130.23493,33.5808],[130.23469,33.5815],[130.23376,33.58133],[130.23236,33.58101],[130.23043,33.58045],[130.23003,33.58035],[130.22905,33.58211],[130.22693,33.58147],[130.22478,33.58095],[130.22464,33.5811],[130.22418,33.58076],[130.22357,33.58026],[130.22332,33.57998],[130.22291,33.57981],[130.2223,33.57959],[130.22131,33.5799],[130.21942,33.58066],[130.21912,33.58107],[130.21898,33.58129],[130.21854,33.58168],[130.21825,33.58197],[130.2182,33.5821],[130.21757,33.58312],[130.21662,33.58353],[130.21645,33.5837],[130.21629,33.58403],[130.21628,33.58457],[130.21619,33.58487],[130.21583,33.58557],[130.21547,33.58549],[130.21515,33.58594],[130.2145,33.58575],[130.21471,33.5862],[130.21447,33.58649],[130.21392,33.58659],[130.21332,33.58703],[130.21315,33.58769],[130.21142,33.58858],[130.21157,33.58873],[130.21176,33.59034],[130.21167,33.59137],[130.21137,33.59177],[130.21038,33.59228],[130.21031,33.593],[130.20976,33.59356],[130.20969,33.59421],[130.20981,33.59509],[130.21029,33.59549],[130.21044,33.59589],[130.20979,33.59661],[130.2094,33.59651],[130.20824,33.59663],[130.20775,33.59646],[130.20734,33.59687],[130.20729,33.59753],[130.20792,33.5983],[130.20789,33.59872],[130.20862,33.59976],[130.20955,33.60025],[130.20966,33.60045],[130.21049,33.60209],[130.21046,33.60263],[130.21024,33.60318],[130.21022,33.60414],[130.21065,33.60468],[130.21054,33.60488],[130.21045,33.60496],[130.21018,33.60506],[130.20998,33.60563],[130.2101,33.60609],[130.21,33.60626],[130.20981,33.60645],[130.20946,33.60705],[130.2092,33.60708],[130.20916,33.60708],[130.209,33.60728],[130.20899,33.6073],[130.20864,33.60775],[130.2082,33.60816],[130.2076,33.60867],[130.20716,33.60883],[130.20628,33.60922],[130.20598,33.60961],[130.20595,33.60965],[130.20596,33.60993],[130.20628,33.61013],[130.20701,33.611],[130.20715,33.61129],[130.20727,33.61147],[130.20724,33.61163],[130.20731,33.61186],[130.20744,33.61228],[130.20748,33.61242],[130.20737,33.61249],[130.20716,33.6126],[130.2065,33.61307],[130.20563,33.61391],[130.2051,33.61433],[130.20491,33.61469],[130.20532,33.61495],[130.20562,33.61522],[130.20569,33.61533],[130.20588,33.61581],[130.20598,33.61643],[130.20567,33.61718],[130.2056,33.61737],[130.20562,33.61745],[130.2059,33.61809],[130.20561,33.61862],[130.20597,33.61922],[130.20594,33.61965],[130.20595,33.61982],[130.20586,33.62013],[130.20562,33.62048],[130.20507,33.62201],[130.205,33.62299],[130.20566,33.62395],[130.20572,33.62469],[130.20557,33.62551],[130.20522,33.62608],[130.20592,33.62684],[130.20595,33.62739],[130.20634,33.62772],[130.20666,33.62847],[130.20599,33.62887],[130.20573,33.62944],[130.20527,33.62949],[130.2049,33.63008],[130.20524,33.63028],[130.20514,33.63094],[130.2055,33.63133],[130.20494,33.63167],[130.20394,33.63165],[130.20375,33.63236],[130.20396,33.63296],[130.20399,33.63441],[130.20349,33.6349],[130.20275,33.63678],[130.20191,33.63736],[130.20166,33.63793],[130.20127,33.6378],[130.20078,33.638],[130.20061,33.63835],[130.19965,33.6385],[130.19915,33.63907],[130.19852,33.63904],[130.19827,33.63934],[130.19786,33.63937],[130.19767,33.63968],[130.19697,33.63936],[130.19627,33.63869],[130.1958,33.63855],[130.19533,33.63801],[130.19453,33.63775],[130.19354,33.63779],[130.19201,33.63706],[130.19131,33.6363],[130.19048,33.63579],[130.18945,33.63539],[130.18855,33.63524],[130.18802,33.63471],[130.18798,33.63423],[130.18705,33.63358],[130.18525,33.6329],[130.18343,33.63233],[130.18247,33.63258],[130.18168,33.63265],[130.18144,33.63195],[130.18161,33.63158],[130.18139,33.63195],[130.18139,33.63228],[130.18039,33.63292],[130.17928,33.63238],[130.17815,33.63226],[130.17803,33.63198],[130.1773,33.6319],[130.17654,33.63151],[130.17686,33.63106],[130.17675,33.63079],[130.17594,33.63001],[130.17546,33.62985],[130.17292,33.62956],[130.17101,33.6295],[130.16976,33.62988],[130.16937,33.6302],[130.16846,33.63032],[130.1678,33.63087],[130.16759,33.63125],[130.16785,33.632],[130.16745,33.63256],[130.16676,33.63262],[130.16614,33.6322],[130.16569,33.63163],[130.16476,33.63165],[130.16345,33.63091],[130.16277,33.63031],[130.16208,33.63014],[130.16049,33.63015],[130.16014,33.63049],[130.15993,33.62998],[130.15958,33.63007],[130.15947,33.62951],[130.15907,33.62932],[130.15871,33.62969],[130.15858,33.62899],[130.15738,33.62853],[130.15678,33.62795],[130.15659,33.62721],[130.1563,33.62692],[130.15619,33.62633],[130.1563,33.62557],[130.15616,33.62494],[130.15637,33.62435],[130.15638,33.62373],[130.15587,33.62217],[130.15555,33.6219],[130.15479,33.62198],[130.15425,33.6213],[130.15447,33.62046],[130.15496,33.61994],[130.15484,33.61948],[130.15534,33.61948],[130.15581,33.61894],[130.15567,33.61853],[130.15606,33.61836],[130.15593,33.61803],[130.15629,33.61795],[130.15655,33.61734],[130.15639,33.61701],[130.15519,33.61609],[130.15511,33.61516],[130.15621,33.61411],[130.15629,33.61417],[130.15523,33.61519],[130.15529,33.61604],[130.15632,33.61681],[130.1569,33.61625],[130.15664,33.61605],[130.15702,33.61569],[130.15727,33.61586],[130.15805,33.61511],[130.15915,33.61517],[130.15934,33.61488],[130.15929,33.61567],[130.15982,33.61574],[130.16085,33.61531],[130.16101,33.61453],[130.15992,33.6145],[130.1608,33.61436],[130.16192,33.6146],[130.16239,33.61425],[130.16301,33.61315],[130.16273,33.61309],[130.16217,33.61409],[130.16162,33.6142],[130.16192,33.61369],[130.16217,33.61216],[130.16208,33.61141],[130.16178,33.61045],[130.16105,33.60883],[130.16009,33.60755],[130.15949,33.60708],[130.15915,33.60621],[130.15827,33.6051],[130.15767,33.60487],[130.15691,33.60417],[130.15701,33.6039],[130.15638,33.60342],[130.15654,33.60304],[130.15616,33.60257],[130.15528,33.60183],[130.15402,33.60119],[130.15408,33.60085],[130.15368,33.60037],[130.15206,33.59928],[130.15173,33.59898],[130.149,33.59682],[130.14855,33.59662],[130.14718,33.59558],[130.14588,33.59478],[130.1432,33.59345],[130.14067,33.59243],[130.13771,33.59161],[130.13688,33.59138],[130.13139,33.59024],[130.12743,33.58975],[130.12636,33.58972],[130.12544,33.58984],[130.12283,33.59003],[130.12207,33.59017],[130.12156,33.59055],[130.11965,33.59095],[130.11902,33.59119],[130.11764,33.59155],[130.11678,33.59188],[130.11488,33.59313],[130.11343,33.59397],[130.11236,33.59473],[130.11086,33.59511],[130.10941,33.59529],[130.1086,33.59579],[130.10852,33.59641],[130.10803,33.5964],[130.10804,33.59689],[130.10759,33.59704],[130.10706,33.59646],[130.1071,33.59593],[130.10749,33.5956],[130.10729,33.59478],[130.10631,33.59298],[130.10619,33.59201],[130.10644,33.59084],[130.10758,33.58919],[130.10858,33.58817],[130.10907,33.58693],[130.1089,33.58627],[130.10858,33.58588],[130.10729,33.58489],[130.10683,33.58469],[130.10599,33.58468],[130.10552,33.58534],[130.10541,33.58614],[130.10474,33.58599],[130.10464,33.58546],[130.10408,33.58543],[130.10338,33.58607],[130.10283,33.58681],[130.10282,33.5871],[130.10225,33.58806],[130.10185,33.58805],[130.1022,33.58769],[130.10079,33.58667],[130.09964,33.5861],[130.09793,33.5857],[130.0965,33.58606],[130.0942,33.58557],[130.09346,33.58531],[130.09265,33.58518],[130.09227,33.58531],[130.09109,33.58447],[130.08878,33.58333],[130.08824,33.58266],[130.08741,33.58051],[130.08729,33.57951],[130.0875,33.57896],[130.08812,33.57802],[130.08889,33.57757],[130.08926,33.57707],[130.0903,33.57685],[130.09124,33.5761],[130.09257,33.5753],[130.09307,33.57521],[130.0934,33.5746],[130.09369,33.57458],[130.09323,33.57519],[130.09402,33.5755],[130.09382,33.57587],[130.0947,33.57588],[130.09601,33.57531],[130.09693,33.57456],[130.0976,33.57349],[130.0977,33.5727],[130.09794,33.57229],[130.09809,33.57092],[130.09797,33.57032],[130.09839,33.57008],[130.09859,33.56963],[130.09866,33.56815],[130.09844,33.5667],[130.09766,33.56431],[130.09825,33.564],[130.09861,33.56445],[130.09911,33.56448],[130.10087,33.56363],[130.10134,33.56383],[130.10166,33.56455],[130.10212,33.56482],[130.10315,33.56465],[130.104,33.56488],[130.10473,33.5659],[130.105,33.56647],[130.10557,33.56668],[130.10643,33.5667],[130.10673,33.56706],[130.10681,33.56773],[130.10708,33.56835],[130.10801,33.56951],[130.10812,33.56988],[130.1086,33.57028],[130.1104,33.57082],[130.11169,33.57154],[130.11326,33.57169],[130.11456,33.57169],[130.11527,33.57179],[130.11559,33.57202],[130.1168,33.57245],[130.11744,33.57245],[130.11902,33.57223],[130.11839,33.57316],[130.1189,33.57397],[130.11919,33.57384],[130.11996,33.57509],[130.12033,33.57503],[130.12016,33.57444],[130.12142,33.57415],[130.12125,33.57362],[130.12179,33.5735],[130.12196,33.57402],[130.12314,33.57375],[130.12357,33.57348],[130.12489,33.57264],[130.12532,33.57312],[130.12584,33.57268],[130.12652,33.5721],[130.12818,33.57028],[130.12933,33.56856],[130.1297,33.56763],[130.13021,33.56713],[130.13034,33.56592],[130.13033,33.56695],[130.13096,33.56723],[130.13096,33.56804],[130.13148,33.5684],[130.13214,33.56854],[130.13306,33.56835],[130.13391,33.56799],[130.13499,33.56728],[130.1354,33.56717],[130.13565,33.56671],[130.13516,33.56673],[130.1348,33.56715],[130.13504,33.5664],[130.1351,33.56509],[130.13513,33.56303],[130.13481,33.5616],[130.13418,33.56029],[130.13375,33.55974],[130.13225,33.55859],[130.1312,33.55812],[130.1295,33.55788],[130.12733,33.55901],[130.12697,33.55989],[130.12673,33.55983],[130.12665,33.56085],[130.12686,33.56111],[130.12647,33.56159],[130.1257,33.56171],[130.12465,33.56136],[130.12343,33.56079],[130.12248,33.55971],[130.1223,33.55935],[130.12032,33.55849],[130.11952,33.55732],[130.11936,33.55659],[130.11898,33.55611],[130.11756,33.5551],[130.11693,33.55389],[130.11757,33.55293],[130.11737,33.55247],[130.11758,33.55163],[130.11746,33.55114],[130.11695,33.55059],[130.116,33.55077],[130.11464,33.5502],[130.11509,33.54979],[130.11578,33.54951],[130.11663,33.54936],[130.11676,33.54889],[130.11617,33.54841],[130.11619,33.5477],[130.11576,33.54671],[130.11649,33.5468],[130.11699,33.54712],[130.11817,33.54742],[130.11863,33.54783],[130.11967,33.54763],[130.12023,33.54781],[130.12048,33.54833],[130.12085,33.54859],[130.12063,33.54888],[130.12088,33.54943],[130.12085,33.55015],[130.1217,33.55107],[130.12223,33.55149],[130.12231,33.55179],[130.12334,33.55356],[130.12374,33.55399],[130.12901,33.55251],[130.12902,33.55255],[130.12515,33.55362],[130.12572,33.55515],[130.1251,33.55552],[130.12525,33.55629],[130.12616,33.55679],[130.12685,33.5569],[130.12749,33.55674],[130.12691,33.55587],[130.12794,33.55557],[130.12816,33.55614],[130.12849,33.55605],[130.13072,33.55541],[130.13027,33.55407],[130.13116,33.55635],[130.13265,33.55583],[130.13344,33.55606],[130.13437,33.55576],[130.13493,33.55583],[130.1359,33.55556],[130.1372,33.55461],[130.13799,33.55395],[130.13974,33.55206],[130.14078,33.5506],[130.14155,33.5492],[130.14197,33.54792],[130.14249,33.54849],[130.14265,33.54927],[130.14343,33.5496],[130.14321,33.5502],[130.14359,33.55091],[130.14434,33.55131],[130.14558,33.5515],[130.14694,33.55132],[130.14793,33.55174],[130.14849,33.5525],[130.14842,33.55312],[130.15039,33.55488],[130.15049,33.55589],[130.1556,33.56001],[130.15734,33.56041],[130.15884,33.56073],[130.16114,33.56103],[130.16204,33.56077],[130.16264,33.56083],[130.16397,33.56121],[130.16457,33.56066],[130.16527,33.55718],[130.16526,33.5559],[130.1652,33.55501],[130.16469,33.5536],[130.16467,33.5531],[130.16393,33.55059],[130.16302,33.55044],[130.16334,33.54924],[130.16333,33.54892],[130.16291,33.55041],[130.16227,33.5503],[130.16262,33.54894],[130.16183,33.54879],[130.16162,33.54957],[130.16115,33.54948],[130.16134,33.54871],[130.1591,33.54832],[130.15869,33.54836],[130.15843,33.54898],[130.15882,33.54722],[130.15876,33.54707],[130.15914,33.54549],[130.159,33.54466],[130.15862,33.54441],[130.15801,33.54445],[130.15757,33.54426],[130.15603,33.54355],[130.15508,33.54279],[130.15446,33.5429],[130.15399,33.54324],[130.15372,33.54298],[130.15424,33.54274],[130.15472,33.5428],[130.15487,33.54178],[130.15477,33.54041],[130.15447,33.53853],[130.15446,33.53802],[130.15394,33.53707],[130.15359,33.53713],[130.15291,33.5369],[130.15252,33.53702],[130.15137,33.53674],[130.15072,33.53681],[130.14937,33.53641],[130.14835,33.53639],[130.14728,33.53512],[130.14665,33.53519],[130.14592,33.53476],[130.14438,33.535],[130.14324,33.53489],[130.14243,33.53435],[130.14273,33.53385],[130.14233,33.53276],[130.142,33.53243],[130.14043,33.53214],[130.13987,33.53183],[130.13916,33.53096],[130.13906,33.53065],[130.13835,33.52993],[130.13776,33.52978],[130.13714,33.52935],[130.13531,33.52896],[130.13493,33.52873],[130.13429,33.5287],[130.13309,33.52907],[130.13206,33.52894],[130.13124,33.52905],[130.13066,33.52896],[130.12967,33.52843],[130.12877,33.52829],[130.12917,33.52742],[130.12868,33.5266],[130.12837,33.52641],[130.12624,33.52625],[130.12539,33.52598],[130.12472,33.52553],[130.12512,33.52451],[130.12596,33.52392],[130.12671,33.52379],[130.12711,33.52415],[130.12805,33.52413],[130.12831,33.52382],[130.13016,33.52338],[130.13029,33.52204],[130.13028,33.52307],[130.13138,33.52309],[130.13212,33.52278],[130.13218,33.52203],[130.13144,33.52186],[130.13275,33.52199],[130.13313,33.52169],[130.13423,33.52162],[130.13416,33.52128],[130.13362,33.52126],[130.1337,33.51886],[130.1332,33.51769],[130.13251,33.51635],[130.13171,33.51519],[130.1311,33.51428],[130.12898,33.51188],[130.12684,33.51007],[130.12574,33.51018],[130.12507,33.51038],[130.12444,33.5094],[130.12386,33.50919],[130.12302,33.50874],[130.12147,33.50864],[130.1202,33.50804],[130.11907,33.50776],[130.11804,33.50793],[130.11672,33.50775],[130.11606,33.50786],[130.11501,33.50762],[130.11352,33.50784],[130.11242,33.50896],[130.11228,33.5097],[130.11124,33.51061],[130.11031,33.51074],[130.10976,33.51044],[130.10941,33.50952],[130.10889,33.50929],[130.10816,33.50925],[130.10647,33.5095],[130.10528,33.5103],[130.10429,33.51133],[130.10363,33.51253],[130.10376,33.51186],[130.10312,33.51188],[130.10275,33.51219],[130.10262,33.51293],[130.1031,33.51332],[130.10346,33.51333],[130.10373,33.51275],[130.10374,33.51366],[130.10552,33.51413],[130.1047,33.51472],[130.10392,33.51473],[130.10346,33.51458],[130.10267,33.51474],[130.10186,33.51577],[130.10137,33.516],[130.10053,33.51564],[130.09977,33.51569],[130.09919,33.51538],[130.09888,33.51425],[130.09856,33.51365],[130.09893,33.51275],[130.09914,33.51305],[130.09957,33.51309],[130.10015,33.51237],[130.1,33.5113],[130.0996,33.51045],[130.09866,33.50956],[130.09694,33.5084],[130.09481,33.50715],[130.09226,33.50595],[130.09058,33.50536],[130.08943,33.50527],[130.08798,33.50542],[130.08667,33.50537],[130.08669,33.50591],[130.08603,33.50592],[130.08602,33.505],[130.08514,33.50501],[130.08513,33.50527],[130.08434,33.50592],[130.08393,33.50628],[130.08427,33.50721],[130.08571,33.50698],[130.08362,33.50749],[130.08302,33.50606],[130.08232,33.50588],[130.08017,33.50513],[130.08033,33.50403],[130.07883,33.50356],[130.07513,33.50303],[130.0734,33.50306],[130.07157,33.50276],[130.07106,33.50283],[130.06924,33.50176],[130.06825,33.50139],[130.06773,33.50098],[130.0665,33.50044],[130.06596,33.50041],[130.06562,33.50016],[130.06552,33.49973],[130.06513,33.49927],[130.06426,33.49908],[130.06281,33.49792],[130.06067,33.49729],[130.05939,33.49722],[130.05848,33.49657],[130.05435,33.49582],[130.05311,33.49563],[130.0497,33.49524],[130.04844,33.49521],[130.04761,33.49547],[130.04751,33.49595],[130.04704,33.49632],[130.04622,33.49667],[130.04548,33.49639],[130.04506,33.49593],[130.04481,33.49523],[130.04448,33.49507],[130.04434,33.49428],[130.04547,33.49401],[130.04578,33.49368],[130.04682,33.49388],[130.04732,33.49371],[130.04787,33.49322],[130.04809,33.4926],[130.04816,33.49124],[130.04877,33.49095],[130.04921,33.49104],[130.04984,33.49075],[130.05,33.48983],[130.04989,33.48922],[130.04945,33.48825],[130.04847,33.48696],[130.0478,33.48638],[130.04641,33.48541],[130.04499,33.48463],[130.04503,33.48404],[130.04541,33.48351],[130.04537,33.48319],[130.04415,33.48209],[130.04404,33.48158],[130.04349,33.48032],[130.04299,33.47985],[130.04229,33.47872],[130.04219,33.47738],[130.04241,33.47634],[130.04232,33.4757],[130.04171,33.47536],[130.0417,33.47499],[130.04131,33.4744],[130.04169,33.47366],[130.04164,33.47322],[130.04088,33.47222],[130.04065,33.4707],[130.03957,33.46998],[130.04029,33.46967],[130.04054,33.46935],[130.04145,33.46893],[130.04247,33.46823],[130.04313,33.46805],[130.04423,33.46842],[130.04439,33.46873],[130.04481,33.46867],[130.04529,33.46808],[130.04605,33.46805],[130.04643,33.46821],[130.04682,33.46821],[130.04737,33.4687],[130.04837,33.46847],[130.04911,33.46856],[130.05018,33.4692],[130.05112,33.46945],[130.0514,33.46899],[130.05182,33.46874],[130.05285,33.46928],[130.05389,33.46922],[130.05432,33.46955],[130.055,33.46936],[130.05555,33.46999],[130.05646,33.47063],[130.05668,33.47104],[130.05799,33.47133],[130.05871,33.47111],[130.05902,33.47067],[130.05979,33.47035],[130.0605,33.47035],[130.06198,33.47083],[130.06257,33.47115],[130.06313,33.47089],[130.06468,33.47131],[130.06549,33.47186],[130.06665,33.47224],[130.06743,33.47223],[130.06801,33.47252],[130.0683,33.47246],[130.06898,33.47171],[130.06939,33.47144],[130.07022,33.47127],[130.07033,33.47094],[130.07116,33.47031],[130.07212,33.47005],[130.07354,33.46932],[130.07446,33.46942],[130.07495,33.46992],[130.07576,33.47001],[130.07658,33.47027],[130.07724,33.47025],[130.07772,33.46999],[130.0782,33.46949],[130.0787,33.46924],[130.07872,33.46896],[130.07944,33.46857],[130.08084,33.46913],[130.08129,33.46896],[130.08185,33.46941],[130.08261,33.46934],[130.08307,33.46966],[130.08369,33.46926],[130.08478,33.46924],[130.08521,33.46965],[130.08578,33.46979],[130.08627,33.46919],[130.08726,33.46931],[130.08789,33.46914],[130.08904,33.46845],[130.08983,33.46834],[130.09178,33.46905],[130.09298,33.46881],[130.09435,33.46912],[130.09511,33.46915],[130.09726,33.46968],[130.09755,33.46959],[130.09889,33.46973],[130.10009,33.47043],[130.10109,33.47084],[130.10171,33.4713],[130.10231,33.47217],[130.10265,33.47366],[130.10279,33.47498],[130.10317,33.4755],[130.10317,33.4759],[130.10419,33.47604],[130.10503,33.47586],[130.10569,33.47609],[130.10592,33.47673],[130.10661,33.47772],[130.10766,33.47777],[130.10891,33.47616],[130.1113,33.47552],[130.11216,33.47552],[130.11347,33.4751],[130.11468,33.47512],[130.11581,33.475],[130.11673,33.47513],[130.11808,33.47508],[130.11855,33.47555],[130.11928,33.47579],[130.12041,33.47576],[130.12174,33.47519],[130.12232,33.47546],[130.12288,33.47542],[130.12454,33.47581],[130.12531,33.47575],[130.12602,33.47593],[130.12694,33.47539],[130.12867,33.47538],[130.12952,33.47555],[130.13021,33.47469],[130.13171,33.47441],[130.13211,33.47404],[130.13233,33.47347],[130.13339,33.47304],[130.13441,33.47242],[130.13474,33.47234],[130.1357,33.47249],[130.13662,33.47183],[130.13741,33.47183],[130.13792,33.47161],[130.13822,33.471],[130.13875,33.47055],[130.13943,33.47052],[130.13975,33.47131],[130.14025,33.47126],[130.14042,33.4718],[130.141,33.47195],[130.14143,33.4724],[130.14239,33.4737],[130.14234,33.47396],[130.14282,33.47449],[130.14408,33.47411],[130.14575,33.47432],[130.14719,33.47532],[130.14779,33.4755],[130.14857,33.47653],[130.14871,33.47732],[130.1494,33.47716],[130.15063,33.47744],[130.15138,33.47683],[130.15251,33.4768],[130.15362,33.47632],[130.15451,33.47646],[130.15571,33.47643],[130.15635,33.47664],[130.15691,33.47639],[130.15732,33.47556],[130.15776,33.47519],[130.15858,33.47558],[130.15934,33.47544],[130.16058,33.47434],[130.16145,33.47387],[130.1617,33.47324],[130.16212,33.47271],[130.163,33.47221],[130.16376,33.47229],[130.16412,33.47119],[130.1639,33.47042],[130.16388,33.46971],[130.16459,33.46903],[130.16605,33.46875],[130.16792,33.46788],[130.16865,33.46714],[130.17003,33.46745],[130.17121,33.46735],[130.17207,33.46693],[130.17312,33.4672],[130.17484,33.46708],[130.17513,33.46675],[130.17523,33.46564],[130.17558,33.46533],[130.17757,33.46641],[130.17831,33.46653],[130.17874,33.46628],[130.17967,33.46606],[130.18082,33.4662],[130.18342,33.46666],[130.18367,33.46709],[130.18443,33.46729],[130.18479,33.46763],[130.18627,33.4682],[130.18662,33.46875],[130.1865,33.47055],[130.18669,33.47083],[130.18767,33.47096],[130.18858,33.47079],[130.18897,33.47115],[130.18853,33.47247],[130.18891,33.47357],[130.18873,33.4739],[130.18904,33.47489],[130.18979,33.47499],[130.19063,33.47574],[130.19163,33.47642],[130.19258,33.476],[130.19313,33.47598],[130.19388,33.47619],[130.19437,33.47599],[130.19493,33.47626],[130.19526,33.47668],[130.19608,33.47817],[130.19771,33.47735],[130.19854,33.47758],[130.199,33.47844],[130.19816,33.47934],[130.19824,33.48016],[130.19815,33.48075],[130.19876,33.48121],[130.1993,33.48089],[130.20058,33.48046],[130.20187,33.4798],[130.20272,33.48037],[130.20289,33.48074],[130.20357,33.48132],[130.20383,33.48191],[130.20458,33.48146],[130.20549,33.48168],[130.20696,33.48148],[130.20753,33.48145],[130.20928,33.4811],[130.21008,33.48121],[130.21017,33.48096],[130.21138,33.48109],[130.21295,33.48073],[130.21406,33.48031],[130.21468,33.47987],[130.2162,33.47996],[130.21659,33.47958],[130.21793,33.47914],[130.21821,33.47839],[130.21879,33.47817],[130.22037,33.47788],[130.22119,33.47782],[130.22232,33.47796],[130.22344,33.47836],[130.22427,33.47778],[130.22582,33.47729],[130.22687,33.47687],[130.22737,33.47697],[130.22798,33.4774],[130.23012,33.47843],[130.2313,33.47829],[130.23232,33.47864],[130.23327,33.47913],[130.23386,33.47803],[130.23411,33.47786],[130.23524,33.47798],[130.23615,33.47771],[130.23766,33.47597],[130.23717,33.47493],[130.23717,33.47445],[130.23759,33.47392],[130.23831,33.47379],[130.23873,33.47402],[130.24025,33.47418],[130.24083,33.47443],[130.24233,33.47463],[130.24305,33.47416],[130.24373,33.47405],[130.24497,33.47339],[130.24528,33.47307],[130.24577,33.47186],[130.24636,33.47137],[130.24758,33.47096],[130.24859,33.47083],[130.24967,33.47013],[130.25041,33.47012],[130.25072,33.47048],[130.25206,33.47068],[130.25251,33.47091],[130.25292,33.47138],[130.25339,33.47158],[130.25521,33.4737],[130.25608,33.47407],[130.25648,33.47478],[130.25715,33.47531],[130.25773,33.47597],[130.25831,33.47596],[130.25965,33.4764],[130.26071,33.47646],[130.26153,33.47698],[130.26212,33.47713],[130.2627,33.47775],[130.26445,33.47713],[130.26497,33.47773],[130.26622,33.4777],[130.26702,33.47845],[130.26772,33.47834],[130.26925,33.47922],[130.27035,33.47942],[130.27104,33.47996],[130.27147,33.47947],[130.27208,33.47936],[130.27221,33.47998],[130.27271,33.48114],[130.27263,33.4819],[130.27292,33.48222],[130.27337,33.48331],[130.27289,33.48456],[130.27258,33.4867],[130.27271,33.4878],[130.27303,33.48828],[130.27343,33.48831],[130.27431,33.489],[130.27487,33.48912],[130.27487,33.48956],[130.27419,33.49006],[130.27393,33.49072],[130.27362,33.49221],[130.27276,33.49268],[130.27205,33.49285],[130.27223,33.49339],[130.27227,33.49439],[130.27207,33.49497],[130.27173,33.49524],[130.27252,33.49573],[130.27313,33.49625],[130.27385,33.49721],[130.2745,33.49741],[130.27502,33.4991],[130.27576,33.49931],[130.27588,33.49978],[130.27626,33.5002],[130.27751,33.50116],[130.27826,33.5022],[130.27869,33.50507],[130.27905,33.50632],[130.27935,33.50654],[130.28129,33.50695],[130.28183,33.5079],[130.28187,33.50899],[130.28294,33.51002],[130.28321,33.51138],[130.28327,33.51244],[130.28436,33.51255],[130.28487,33.51171],[130.28554,33.51154],[130.28652,33.511],[130.28694,33.51048],[130.28814,33.51033],[130.28874,33.50989],[130.28966,33.51079],[130.28977,33.51161],[130.29051,33.51235],[130.2908,33.51268],[130.29109,33.51342],[130.29107,33.51647],[130.2915,33.51719],[130.29158,33.5177],[130.29141,33.51817],[130.29169,33.51879],[130.29161,33.51915],[130.29097,33.51964],[130.29062,33.52065],[130.29016,33.5203],[130.28941,33.52063],[130.28874,33.52131],[130.28802,33.52257],[130.28722,33.52239],[130.28627,33.52251],[130.28616,33.52282],[130.28653,33.52348],[130.28656,33.52433],[130.28667,33.52516],[130.28683,33.52585],[130.28695,33.52655],[130.28706,33.52682],[130.28713,33.52706],[130.2876,33.52733],[130.28785,33.52771],[130.288,33.5281],[130.28809,33.52855],[130.28834,33.52959],[130.28849,33.53012],[130.28896,33.53065],[130.28949,33.53216],[130.28886,33.53332],[130.28923,33.53406],[130.28915,33.53472],[130.28875,33.53478],[130.28831,33.53538],[130.28809,33.53627],[130.28815,33.53673],[130.28888,33.5377],[130.28917,33.53847],[130.28793,33.53927],[130.28712,33.53993],[130.2871,33.54078],[130.28553,33.5411],[130.28496,33.54134],[130.28456,33.54185],[130.28402,33.54184],[130.28375,33.54213],[130.28312,33.54231],[130.2822,33.54352],[130.28195,33.5435],[130.28043,33.54293],[130.28,33.54288],[130.27913,33.54319],[130.27818,33.54331],[130.2761,33.54453],[130.27521,33.54476],[130.27422,33.5452],[130.27354,33.54572],[130.27299,33.54596],[130.27194,33.54594],[130.27125,33.54638],[130.27092,33.54691],[130.26953,33.54725],[130.26878,33.54804],[130.26864,33.54816],[130.26856,33.54837],[130.26842,33.54867],[130.26758,33.54909],[130.26731,33.54919],[130.26706,33.54938],[130.26672,33.5497],[130.26607,33.55011],[130.26609,33.55024],[130.26618,33.5507],[130.26628,33.55103],[130.26609,33.55128],[130.26615,33.55163],[130.26661,33.55178],[130.26678,33.55218],[130.2667,33.5525],[130.26618,33.55315],[130.26606,33.55347],[130.26589,33.55465],[130.26562,33.55494],[130.26549,33.55501],[130.26538,33.55516],[130.2654,33.55569],[130.26555,33.55613],[130.26516,33.55645],[130.26507,33.55647],[130.26474,33.55668],[130.26473,33.55668],[130.2638,33.55636],[130.2629,33.55674],[130.26148,33.55664],[130.2599,33.55571],[130.25866,33.5555],[130.25801,33.55527],[130.25749,33.55537],[130.2571,33.55564],[130.25676,33.55547],[130.25697,33.55577],[130.25619,33.55658],[130.25521,33.55709],[130.25503,33.55764],[130.2544,33.55769],[130.25366,33.55737],[130.25274,33.55727],[130.2522,33.55727],[130.25149,33.55666],[130.25071,33.55646],[130.25015,33.55608],[130.24964,33.55609],[130.24917,33.557],[130.24874,33.55752],[130.24761,33.55757],[130.24679,33.55786],[130.24591,33.55783],[130.24591,33.55771],[130.24572,33.55758],[130.24564,33.55779],[130.24457,33.55739],[130.24409,33.55711],[130.2429,33.55673],[130.24275,33.5567],[130.24324,33.55581],[130.2428,33.5557],[130.24222,33.55552],[130.24254,33.55466],[130.24255,33.55463],[130.24253,33.55456],[130.24255,33.55441],[130.24267,33.55416],[130.24282,33.55383],[130.243,33.55362],[130.24199,33.55335],[130.24191,33.55327],[130.24185,33.55311],[130.2418,33.55299],[130.24179,33.55288],[130.24168,33.5526],[130.24126,33.55227],[130.24118,33.55222],[130.24105,33.55213],[130.24091,33.55199],[130.24085,33.55192],[130.24074,33.5519],[130.24068,33.55188],[130.24056,33.55187],[130.24001,33.55235],[130.23963,33.55277],[130.23893,33.55252],[130.23893,33.55253],[130.23818,33.55392],[130.23762,33.55445],[130.2371,33.55493],[130.23696,33.55509],[130.23676,33.5553],[130.23671,33.55536],[130.23644,33.55565],[130.23647,33.55571],[130.23653,33.55582],[130.2368,33.55591],[130.23635,33.55684],[130.23649,33.55691],[130.23602,33.55783],[130.23884,33.55877],[130.23918,33.55886]],[[130.21887,33.56677],[130.21884,33.56682],[130.21899,33.5669],[130.21887,33.56677]],[[130.21685,33.55932],[130.21635,33.55908],[130.21633,33.55912],[130.21685,33.55932]],[[130.21256,33.56643],[130.21095,33.56588],[130.21248,33.56657],[130.21256,33.56643]],[[130.20658,33.5651],[130.20652,33.56509],[130.20658,33.56511],[130.20658,33.5651]],[[130.19426,33.55865],[130.19452,33.55846],[130.19437,33.55834],[130.19426,33.55865]],[[130.19053,33.55718],[130.19023,33.55617],[130.18999,33.55567],[130.19053,33.55718]],[[130.17872,33.55177],[130.17868,33.55171],[130.1784,33.55134],[130.17872,33.55177]],[[130.27968,33.52587],[130.27665,33.52652],[130.27667,33.52655],[130.27968,33.52587]],[[130.26789,33.52115],[130.26822,33.52108],[130.2681,33.52109],[130.26789,33.52115]],[[130.13514,33.51436],[130.13535,33.5143],[130.1353,33.51431],[130.13514,33.51436]],[[130.1532,33.51711],[130.15354,33.51711],[130.15374,33.51707],[130.1532,33.51711]],[[130.17016,33.58552],[130.17008,33.58593],[130.17002,33.586],[130.17013,33.58588],[130.17016,33.58552]],[[130.19829,33.60006],[130.19836,33.59995],[130.19831,33.59982],[130.19829,33.60006]],[[130.19746,33.5972],[130.19731,33.59679],[130.1972,33.59701],[130.19746,33.5972]],[[130.18525,33.58539],[130.18523,33.58538],[130.18509,33.58557],[130.18525,33.58539]]],[[[130.0702,33.51004],[130.06967,33.50911],[130.06973,33.50874],[130.06928,33.5077],[130.06924,33.50683],[130.06948,33.50672],[130.06961,33.50772],[130.06995,33.50846],[130.07031,33.50888],[130.07051,33.50985],[130.0702,33.51004]]],[[[130.15792,33.6081],[130.15779,33.60782],[130.15824,33.60773],[130.15842,33.60805],[130.15792,33.6081]]],[[[130.04881,33.58512],[130.048,33.58516],[130.04758,33.58475],[130.04769,33.58434],[130.04813,33.58419],[130.04899,33.58435],[130.0498,33.58432],[130.04995,33.58477],[130.04881,33.58512]]],[[[130.04767,33.57572],[130.04753,33.57601],[130.04619,33.57555],[130.04606,33.57505],[130.04555,33.57438],[130.0451,33.57408],[130.04459,33.57306],[130.04413,33.57246],[130.04396,33.57155],[130.0441,33.56994],[130.04457,33.56893],[130.04565,33.56804],[130.0473,33.56701],[130.04882,33.56649],[130.04987,33.56584],[130.04942,33.5653],[130.05078,33.56431],[130.05114,33.56395],[130.0513,33.56459],[130.05095,33.56506],[130.05022,33.56565],[130.05092,33.56634],[130.0515,33.56614],[130.05084,33.56662],[130.05133,33.56725],[130.05176,33.56755],[130.05232,33.56705],[130.05195,33.56798],[130.05343,33.56998],[130.05423,33.57168],[130.05445,33.57275],[130.05381,33.57398],[130.05295,33.57468],[130.05204,33.57505],[130.0513,33.57515],[130.0508,33.57549],[130.0498,33.57558],[130.04952,33.57576],[130.04813,33.57584],[130.04767,33.57572]]]]}},{"type":"Feature","properties":{"nm":"那珂川市","b":[130.3711,33.395,130.4663,33.5303],"c":[130.42206,33.46475]},"geometry":{"type":"Polygon","coordinates":[[[130.39569,33.42732],[130.39637,33.42744],[130.39772,33.42656],[130.39805,33.42536],[130.39881,33.42502],[130.39882,33.42464],[130.39786,33.42345],[130.39779,33.42296],[130.39841,33.42189],[130.3989,33.42151],[130.40026,33.4217],[130.40108,33.42141],[130.40104,33.42085],[130.40212,33.42038],[130.40265,33.41986],[130.40298,33.41916],[130.40346,33.41865],[130.40327,33.41799],[130.40355,33.4175],[130.40448,33.41627],[130.40512,33.41591],[130.40696,33.41555],[130.40719,33.41522],[130.4072,33.41436],[130.40791,33.41385],[130.40855,33.41362],[130.40911,33.41322],[130.41012,33.41325],[130.4109,33.41254],[130.41201,33.4119],[130.41322,33.41144],[130.41376,33.41098],[130.41479,33.41083],[130.41538,33.41092],[130.41712,33.41025],[130.41678,33.41015],[130.41572,33.41035],[130.41538,33.40999],[130.41582,33.40963],[130.41523,33.40927],[130.41485,33.40873],[130.41462,33.408],[130.41392,33.40733],[130.41329,33.40723],[130.41281,33.40664],[130.41272,33.40619],[130.41222,33.40559],[130.41187,33.40493],[130.41136,33.40469],[130.41123,33.40405],[130.41094,33.40364],[130.41034,33.40355],[130.40998,33.40318],[130.40934,33.40306],[130.40822,33.40256],[130.40785,33.40227],[130.40798,33.40161],[130.40772,33.40079],[130.40782,33.40021],[130.40766,33.39861],[130.40871,33.39765],[130.40951,33.39653],[130.41009,33.39632],[130.41095,33.39557],[130.41129,33.39501],[130.41201,33.39547],[130.41282,33.39563],[130.41356,33.39614],[130.4143,33.39714],[130.41437,33.39747],[130.41396,33.39786],[130.4143,33.39918],[130.41494,33.39893],[130.41606,33.39907],[130.41671,33.39991],[130.41718,33.40028],[130.41806,33.40056],[130.4189,33.40108],[130.4197,33.40056],[130.42012,33.40009],[130.42045,33.39922],[130.42107,33.39904],[130.42183,33.39836],[130.42251,33.39828],[130.42299,33.39801],[130.42357,33.39823],[130.42435,33.3982],[130.42475,33.39793],[130.42604,33.3977],[130.42672,33.39739],[130.42744,33.39731],[130.42812,33.39682],[130.42867,33.39683],[130.42917,33.39705],[130.43046,33.39722],[130.4315,33.39801],[130.43308,33.39871],[130.43385,33.39858],[130.43545,33.39857],[130.43631,33.39896],[130.43663,33.39937],[130.43741,33.39943],[130.43826,33.39995],[130.4385,33.40051],[130.43811,33.40147],[130.43809,33.40285],[130.43751,33.4035],[130.4372,33.40479],[130.43865,33.40546],[130.43958,33.40652],[130.43954,33.40727],[130.43985,33.4082],[130.44049,33.40916],[130.44123,33.40999],[130.4406,33.41035],[130.43968,33.41119],[130.44045,33.41185],[130.441,33.41212],[130.44172,33.41303],[130.44166,33.41357],[130.44097,33.4139],[130.44188,33.41618],[130.44285,33.41599],[130.44428,33.41646],[130.44538,33.41719],[130.44607,33.41783],[130.44638,33.41847],[130.44753,33.41857],[130.44794,33.41887],[130.44869,33.41907],[130.44985,33.41879],[130.45111,33.41906],[130.45132,33.41956],[130.45332,33.42008],[130.45453,33.41952],[130.45536,33.41957],[130.4571,33.41946],[130.45805,33.41988],[130.45846,33.42108],[130.4583,33.42196],[130.45862,33.42264],[130.45879,33.42339],[130.45846,33.42394],[130.45825,33.42488],[130.45848,33.42533],[130.45932,33.42514],[130.45957,33.42558],[130.45925,33.42634],[130.45934,33.42681],[130.45975,33.42715],[130.46092,33.42782],[130.46134,33.42843],[130.46094,33.42868],[130.45958,33.4291],[130.45919,33.42916],[130.45857,33.42956],[130.458,33.43096],[130.45799,33.43102],[130.4579,33.43116],[130.45769,33.43148],[130.45759,33.43209],[130.45748,33.4323],[130.45715,33.43267],[130.45682,33.43331],[130.45679,33.43342],[130.45681,33.43378],[130.45639,33.43424],[130.45642,33.43488],[130.45638,33.43515],[130.45637,33.43517],[130.45622,33.43537],[130.45623,33.43575],[130.45607,33.43617],[130.45527,33.43621],[130.4552,33.43608],[130.45518,33.43607],[130.45502,33.43613],[130.45412,33.43601],[130.45372,33.43612],[130.45378,33.43771],[130.45407,33.43808],[130.45449,33.4385],[130.45487,33.43866],[130.45503,33.43878],[130.45514,33.4389],[130.45543,33.43913],[130.45558,33.43942],[130.45563,33.43947],[130.45584,33.43958],[130.45599,33.43978],[130.45601,33.44001],[130.4561,33.4402],[130.45622,33.44033],[130.45631,33.44064],[130.4566,33.44115],[130.45666,33.4413],[130.45679,33.44166],[130.45679,33.44183],[130.45697,33.44194],[130.45745,33.44227],[130.45747,33.44227],[130.45757,33.44223],[130.45787,33.44204],[130.45806,33.44233],[130.45853,33.44277],[130.45859,33.44289],[130.45883,33.44311],[130.45895,33.44332],[130.45938,33.4433],[130.45942,33.44335],[130.4598,33.44373],[130.45977,33.44414],[130.45978,33.44419],[130.46008,33.44434],[130.4604,33.44452],[130.46132,33.4451],[130.46138,33.44532],[130.46134,33.44602],[130.46127,33.44648],[130.46121,33.44652],[130.461,33.44657],[130.46086,33.44663],[130.46081,33.44666],[130.46045,33.44706],[130.46022,33.44725],[130.46009,33.44733],[130.46003,33.44756],[130.46051,33.4482],[130.46073,33.44881],[130.46034,33.44958],[130.46049,33.45034],[130.45948,33.4507],[130.45866,33.45121],[130.45813,33.452],[130.45809,33.45327],[130.45834,33.45446],[130.45943,33.45481],[130.45919,33.45548],[130.45851,33.45578],[130.45826,33.4567],[130.45752,33.45748],[130.45886,33.45802],[130.46011,33.45899],[130.45994,33.45992],[130.46056,33.46025],[130.46075,33.46073],[130.46157,33.46131],[130.46316,33.46188],[130.46419,33.46214],[130.46458,33.46203],[130.46428,33.46283],[130.46448,33.46379],[130.46433,33.46465],[130.4646,33.46517],[130.46495,33.46543],[130.46564,33.4655],[130.46627,33.46636],[130.46571,33.46659],[130.4652,33.46785],[130.46582,33.46838],[130.46596,33.46906],[130.46549,33.46982],[130.46434,33.46944],[130.46378,33.46961],[130.46277,33.47013],[130.46166,33.47033],[130.46111,33.47092],[130.46064,33.47087],[130.45924,33.47131],[130.45835,33.471],[130.45817,33.47053],[130.45764,33.47068],[130.45708,33.47047],[130.45607,33.47056],[130.45563,33.47077],[130.45518,33.47165],[130.45568,33.47248],[130.45501,33.47315],[130.45467,33.4732],[130.45473,33.47405],[130.4541,33.47476],[130.45473,33.47506],[130.45528,33.47508],[130.45615,33.47593],[130.45618,33.47732],[130.45559,33.47756],[130.45569,33.47801],[130.45514,33.47861],[130.45431,33.47919],[130.45367,33.4801],[130.45344,33.48115],[130.45279,33.48206],[130.45314,33.48286],[130.45347,33.48316],[130.45291,33.48498],[130.45294,33.48537],[130.4523,33.48551],[130.45209,33.48585],[130.45258,33.48616],[130.45249,33.48678],[130.45279,33.4874],[130.4532,33.48771],[130.45368,33.48905],[130.45331,33.48982],[130.45289,33.49028],[130.45287,33.49081],[130.45248,33.49101],[130.45143,33.49104],[130.45162,33.49208],[130.45105,33.49246],[130.45109,33.4936],[130.45146,33.4946],[130.45074,33.49508],[130.45081,33.49555],[130.45167,33.49626],[130.45157,33.49677],[130.45096,33.4976],[130.45078,33.49839],[130.45027,33.49876],[130.45003,33.49876],[130.44953,33.49876],[130.44912,33.49868],[130.44884,33.49867],[130.44826,33.49879],[130.44792,33.49889],[130.44773,33.49903],[130.44771,33.49929],[130.44776,33.49949],[130.44777,33.49973],[130.44772,33.50003],[130.44765,33.5004],[130.44766,33.50071],[130.44766,33.50101],[130.44726,33.50203],[130.44652,33.50198],[130.44616,33.50212],[130.44544,33.503],[130.44563,33.5034],[130.44619,33.50368],[130.44647,33.50402],[130.44656,33.50459],[130.44731,33.50473],[130.44731,33.50523],[130.44756,33.50555],[130.44823,33.5059],[130.44827,33.50704],[130.44798,33.50781],[130.44807,33.50819],[130.44787,33.50883],[130.44786,33.50884],[130.44757,33.50903],[130.4452,33.50992],[130.44423,33.5102],[130.44414,33.51027],[130.44322,33.51096],[130.44268,33.51145],[130.44215,33.51163],[130.44204,33.51203],[130.44177,33.5121],[130.4417,33.51209],[130.44155,33.51209],[130.44153,33.5121],[130.44113,33.51202],[130.44063,33.51291],[130.44023,33.51304],[130.44007,33.51312],[130.43991,33.51319],[130.43982,33.51328],[130.43979,33.51334],[130.43967,33.51383],[130.43969,33.51392],[130.43978,33.51404],[130.43978,33.51409],[130.4397,33.5142],[130.43869,33.51426],[130.43845,33.51451],[130.43845,33.51462],[130.43819,33.51556],[130.43794,33.51574],[130.43747,33.51599],[130.43725,33.5164],[130.43722,33.51642],[130.43701,33.51653],[130.43691,33.5167],[130.4367,33.51666],[130.43643,33.51697],[130.43651,33.51771],[130.43626,33.51787],[130.43611,33.51876],[130.43541,33.51977],[130.43538,33.51979],[130.43476,33.52068],[130.4345,33.52129],[130.43447,33.52129],[130.43455,33.52137],[130.43456,33.52139],[130.43455,33.52149],[130.43457,33.52154],[130.43461,33.52171],[130.43461,33.52184],[130.43465,33.52192],[130.43466,33.52198],[130.43466,33.52219],[130.43457,33.52223],[130.43444,33.52235],[130.43441,33.52238],[130.43409,33.52262],[130.43393,33.52276],[130.43385,33.52284],[130.43322,33.5235],[130.43284,33.52396],[130.43252,33.52438],[130.43146,33.52378],[130.4309,33.5235],[130.43079,33.52344],[130.43014,33.52335],[130.42852,33.52281],[130.4284,33.52298],[130.4279,33.52349],[130.42742,33.52374],[130.42724,33.52408],[130.42706,33.52438],[130.42709,33.52446],[130.42721,33.52465],[130.42795,33.52561],[130.42796,33.52594],[130.42785,33.52645],[130.42771,33.52695],[130.4277,33.52702],[130.42749,33.52778],[130.42717,33.5287],[130.4268,33.53029],[130.4255,33.53008],[130.42485,33.52995],[130.42448,33.52945],[130.42428,33.52862],[130.42401,33.52837],[130.4234,33.52842],[130.42349,33.52815],[130.42108,33.5277],[130.41989,33.52728],[130.42009,33.52682],[130.41883,33.52528],[130.41857,33.52542],[130.41793,33.52494],[130.4178,33.52445],[130.41722,33.52426],[130.41655,33.52362],[130.41517,33.52413],[130.41468,33.52458],[130.41412,33.52459],[130.41328,33.52442],[130.41249,33.52445],[130.41203,33.52388],[130.412,33.52382],[130.41142,33.52307],[130.41113,33.52296],[130.41033,33.52217],[130.41025,33.52284],[130.40923,33.52242],[130.40885,33.52192],[130.40769,33.52164],[130.40737,33.52144],[130.4062,33.52111],[130.40583,33.51951],[130.4044,33.51902],[130.40386,33.51859],[130.4038,33.51806],[130.40401,33.51729],[130.40406,33.51603],[130.40386,33.51462],[130.40412,33.51404],[130.40398,33.51385],[130.40265,33.5135],[130.40223,33.5137],[130.4013,33.51351],[130.401,33.51265],[130.40049,33.51252],[130.40009,33.51215],[130.39935,33.51297],[130.3983,33.51314],[130.39798,33.51258],[130.39714,33.51152],[130.3973,33.51005],[130.39627,33.50905],[130.39607,33.50851],[130.39601,33.50738],[130.39544,33.50692],[130.39467,33.50678],[130.394,33.5064],[130.39349,33.50649],[130.39322,33.50734],[130.39242,33.50782],[130.3921,33.50819],[130.39104,33.50843],[130.39028,33.50816],[130.38943,33.5076],[130.38905,33.50709],[130.38824,33.50711],[130.38704,33.50725],[130.38604,33.50722],[130.38407,33.50673],[130.38304,33.50594],[130.38186,33.50576],[130.38112,33.50635],[130.38085,33.50726],[130.37997,33.50726],[130.37955,33.50764],[130.37903,33.50775],[130.37784,33.50839],[130.37708,33.50846],[130.37642,33.50785],[130.37558,33.50725],[130.37452,33.50678],[130.37408,33.50637],[130.37322,33.50605],[130.37245,33.5056],[130.37109,33.50522],[130.37127,33.50418],[130.37267,33.50345],[130.37318,33.5029],[130.37348,33.50216],[130.37458,33.50154],[130.37515,33.50069],[130.37588,33.50047],[130.37678,33.49907],[130.37791,33.49812],[130.37803,33.49756],[130.3778,33.49668],[130.37801,33.49558],[130.37791,33.49483],[130.379,33.49292],[130.37971,33.49209],[130.38034,33.48998],[130.38105,33.4889],[130.38095,33.48661],[130.3812,33.48536],[130.38163,33.48462],[130.38114,33.48064],[130.38138,33.47979],[130.38217,33.47926],[130.38269,33.47804],[130.38257,33.47743],[130.38295,33.4765],[130.38282,33.47553],[130.38309,33.47519],[130.38377,33.4748],[130.38401,33.47446],[130.38441,33.47263],[130.38478,33.47196],[130.38575,33.47071],[130.386,33.47008],[130.38585,33.46914],[130.38703,33.46762],[130.3878,33.46677],[130.38801,33.46581],[130.38768,33.46544],[130.38695,33.46506],[130.38688,33.46411],[130.38627,33.46317],[130.38602,33.46222],[130.38607,33.46161],[130.38653,33.46128],[130.38701,33.46058],[130.38684,33.46004],[130.38628,33.45905],[130.38667,33.45825],[130.38749,33.45727],[130.38767,33.45678],[130.3875,33.45612],[130.38773,33.45545],[130.38904,33.45449],[130.3905,33.45295],[130.3917,33.45266],[130.39219,33.45237],[130.39334,33.45146],[130.39396,33.45124],[130.39591,33.45084],[130.39751,33.45007],[130.39845,33.44974],[130.39935,33.4491],[130.39946,33.44892],[130.3995,33.44829],[130.39952,33.44796],[130.39948,33.44785],[130.39941,33.44763],[130.39913,33.44689],[130.39913,33.44657],[130.39909,33.4464],[130.399,33.44594],[130.39906,33.44503],[130.39938,33.444],[130.39979,33.44342],[130.40058,33.44304],[130.40122,33.44316],[130.40229,33.44331],[130.40237,33.44318],[130.4026,33.44277],[130.40267,33.44212],[130.40332,33.44164],[130.40389,33.44137],[130.4042,33.44095],[130.40445,33.44041],[130.40433,33.43962],[130.40402,33.43903],[130.40412,33.4384],[130.40368,33.4377],[130.40365,33.43738],[130.40352,33.43724],[130.40336,33.43724],[130.40313,33.43727],[130.4027,33.43738],[130.40214,33.43787],[130.40188,33.43802],[130.40102,33.43813],[130.40037,33.43831],[130.3995,33.43882],[130.3986,33.43883],[130.39814,33.43907],[130.39753,33.43973],[130.39712,33.44002],[130.39599,33.43998],[130.39555,33.4398],[130.39531,33.43912],[130.39536,33.43897],[130.3957,33.43841],[130.39583,33.43735],[130.39575,33.43697],[130.3959,33.43655],[130.39592,33.43635],[130.39584,33.43606],[130.39593,33.43566],[130.396,33.43495],[130.39721,33.43368],[130.39757,33.43314],[130.39752,33.43287],[130.39675,33.4325],[130.39575,33.43219],[130.39659,33.43115],[130.39758,33.43112],[130.39728,33.42998],[130.39679,33.42928],[130.39645,33.42821],[130.39549,33.42784],[130.39569,33.42732]],[[130.42949,33.48854],[130.42963,33.48922],[130.42951,33.48783],[130.42949,33.48854]],[[130.41959,33.49533],[130.41905,33.49464],[130.41931,33.49499],[130.41959,33.49533]],[[130.41768,33.50919],[130.41815,33.50943],[130.41824,33.50934],[130.41768,33.50919]],[[130.41242,33.51691],[130.41247,33.5167],[130.41221,33.51667],[130.41242,33.51691]],[[130.43566,33.4956],[130.43582,33.49569],[130.43564,33.49557],[130.43566,33.4956]],[[130.43933,33.50124],[130.43949,33.50111],[130.43945,33.50111],[130.43933,33.50124]],[[130.43052,33.50114],[130.43074,33.50126],[130.4306,33.50114],[130.43052,33.50114]],[[130.42519,33.50838],[130.42527,33.50826],[130.42467,33.50808],[130.42519,33.50838]],[[130.42726,33.50669],[130.42615,33.50656],[130.42633,33.50677],[130.42726,33.50669]],[[130.43254,33.50402],[130.43305,33.50436],[130.43291,33.50424],[130.43254,33.50402]],[[130.43294,33.50903],[130.43315,33.50882],[130.43331,33.50861],[130.43358,33.50835],[130.43374,33.50811],[130.43298,33.50898],[130.43294,33.50903]],[[130.43319,33.50491],[130.43314,33.50475],[130.4332,33.50504],[130.43319,33.50491]],[[130.43417,33.50747],[130.43429,33.50716],[130.43426,33.50715],[130.43417,33.50747]],[[130.43659,33.50893],[130.43699,33.50907],[130.43655,33.50875],[130.43659,33.50893]],[[130.43681,33.50701],[130.43699,33.50675],[130.43677,33.50694],[130.43681,33.50701]],[[130.43689,33.50499],[130.4376,33.50472],[130.43752,33.50474],[130.43689,33.50499]],[[130.43994,33.50568],[130.43928,33.50785],[130.43995,33.50566],[130.43994,33.50568]],[[130.441,33.50574],[130.44117,33.50582],[130.44119,33.50577],[130.441,33.50574]],[[130.44119,33.50577],[130.4414,33.50538],[130.44141,33.50528],[130.44119,33.50577]],[[130.43812,33.51188],[130.43888,33.50926],[130.43814,33.51181],[130.43812,33.51188]],[[130.44148,33.50922],[130.44106,33.50998],[130.44093,33.51032],[130.44121,33.50974],[130.44148,33.50922]]]}},{"type":"Feature","properties":{"nm":"宇美町","b":[130.4861,33.5303,130.5843,33.5937],"c":[130.53695,33.56292]},"geometry":{"type":"Polygon","coordinates":[[[130.51599,33.57661],[130.51612,33.57547],[130.5153,33.57586],[130.51484,33.57628],[130.51383,33.57663],[130.51243,33.57748],[130.51189,33.57655],[130.51074,33.57739],[130.51042,33.57761],[130.50992,33.57753],[130.50856,33.57831],[130.50728,33.57953],[130.50667,33.57986],[130.5057,33.57994],[130.5051,33.58025],[130.50478,33.58077],[130.50487,33.58107],[130.50442,33.5809],[130.50439,33.5813],[130.50367,33.58147],[130.50339,33.58126],[130.50238,33.58112],[130.50197,33.5813],[130.50143,33.58114],[130.50035,33.58126],[130.49999,33.58112],[130.49891,33.58028],[130.49933,33.58005],[130.49995,33.57981],[130.5006,33.57961],[130.50087,33.57897],[130.50094,33.57821],[130.49978,33.5781],[130.49931,33.57792],[130.49868,33.57822],[130.49776,33.57758],[130.49779,33.57755],[130.49685,33.57686],[130.497,33.57676],[130.49874,33.57473],[130.4993,33.57409],[130.49965,33.5737],[130.49998,33.57374],[130.49998,33.57348],[130.49992,33.57348],[130.49929,33.57347],[130.49859,33.57327],[130.49685,33.57263],[130.49577,33.57262],[130.49466,33.5732],[130.49337,33.57455],[130.49329,33.57464],[130.49307,33.57449],[130.49296,33.57379],[130.49255,33.57369],[130.49034,33.57173],[130.49004,33.57161],[130.48887,33.57043],[130.48847,33.57046],[130.488,33.57014],[130.48774,33.56911],[130.48743,33.5688],[130.48731,33.56853],[130.48712,33.56683],[130.48747,33.56713],[130.48873,33.56647],[130.48792,33.56557],[130.48824,33.565],[130.48829,33.56467],[130.48834,33.56423],[130.48787,33.56358],[130.48797,33.56278],[130.48734,33.56147],[130.48682,33.56097],[130.48614,33.56071],[130.48632,33.56014],[130.4871,33.56041],[130.48743,33.56083],[130.48789,33.5607],[130.48825,33.56008],[130.48843,33.55926],[130.48892,33.55946],[130.4898,33.55937],[130.49054,33.55961],[130.49154,33.56006],[130.4918,33.55966],[130.49254,33.55939],[130.49328,33.55888],[130.4935,33.55915],[130.4943,33.55916],[130.49541,33.55944],[130.4958,33.55972],[130.49647,33.5602],[130.49708,33.56041],[130.49779,33.56038],[130.49955,33.56062],[130.50065,33.56007],[130.50181,33.55992],[130.50192,33.55905],[130.50273,33.55843],[130.50322,33.55755],[130.50331,33.55742],[130.50344,33.55712],[130.50324,33.55633],[130.50393,33.55484],[130.50445,33.55359],[130.50412,33.55269],[130.503,33.55149],[130.5029,33.55047],[130.50318,33.55011],[130.50388,33.54993],[130.50426,33.54947],[130.50527,33.5487],[130.5061,33.54875],[130.50685,33.54806],[130.50727,33.54794],[130.50865,33.54806],[130.50903,33.54787],[130.50936,33.54682],[130.50917,33.54621],[130.50913,33.54595],[130.50904,33.54525],[130.50911,33.5447],[130.50882,33.5442],[130.50872,33.54404],[130.50862,33.54375],[130.50851,33.54339],[130.50829,33.54297],[130.50826,33.54268],[130.50829,33.54211],[130.50826,33.54178],[130.50857,33.54157],[130.50895,33.54105],[130.50997,33.54089],[130.51005,33.54089],[130.51027,33.54093],[130.51051,33.54078],[130.51062,33.54068],[130.5114,33.54022],[130.51179,33.5399],[130.51218,33.53983],[130.51249,33.53917],[130.51298,33.53871],[130.51349,33.53824],[130.51423,33.53806],[130.51463,33.53764],[130.51469,33.53713],[130.51442,33.53632],[130.51413,33.53533],[130.51411,33.53493],[130.51414,33.5344],[130.51416,33.53415],[130.51442,33.53348],[130.51477,33.53325],[130.51511,33.53302],[130.51588,33.53249],[130.51609,33.53224],[130.51608,33.53191],[130.51598,33.53151],[130.51611,33.53131],[130.51628,33.53115],[130.51639,33.53084],[130.51705,33.53072],[130.51783,33.53109],[130.51834,33.53123],[130.51844,33.53094],[130.51846,33.53068],[130.51857,33.5306],[130.51953,33.53034],[130.52003,33.53038],[130.5208,33.53044],[130.52105,33.53049],[130.52215,33.53053],[130.52222,33.53058],[130.52242,33.53113],[130.52248,33.53127],[130.52303,33.53157],[130.52328,33.53152],[130.5235,33.53148],[130.52359,33.53163],[130.52366,33.53173],[130.52384,33.53171],[130.52418,33.53174],[130.52428,33.53186],[130.52451,33.53223],[130.52509,33.53297],[130.52552,33.53311],[130.5257,33.53317],[130.52675,33.53388],[130.52679,33.53403],[130.52703,33.53439],[130.52771,33.53503],[130.52802,33.53524],[130.5283,33.53528],[130.52844,33.53536],[130.52878,33.53551],[130.5294,33.53582],[130.52959,33.53601],[130.52972,33.53642],[130.52965,33.53661],[130.52862,33.53734],[130.52854,33.53767],[130.52866,33.53786],[130.5289,33.53878],[130.52913,33.53917],[130.52868,33.53929],[130.52798,33.53977],[130.52788,33.53988],[130.52767,33.54035],[130.52769,33.54053],[130.52779,33.54072],[130.52791,33.54099],[130.52795,33.54137],[130.52793,33.5415],[130.52794,33.54174],[130.52811,33.54184],[130.52824,33.54191],[130.52838,33.54204],[130.52838,33.54239],[130.52843,33.5426],[130.5287,33.54273],[130.52877,33.54272],[130.52899,33.54278],[130.52933,33.54294],[130.52973,33.54319],[130.53022,33.54352],[130.53062,33.54372],[130.53102,33.54349],[130.53107,33.54342],[130.53149,33.54332],[130.5316,33.54335],[130.53178,33.54339],[130.53196,33.54346],[130.53236,33.54375],[130.53253,33.54377],[130.533,33.54364],[130.53307,33.54355],[130.53327,33.54336],[130.53353,33.54344],[130.53385,33.54357],[130.53393,33.54362],[130.53415,33.54383],[130.5344,33.54397],[130.53445,33.54416],[130.53459,33.54449],[130.53471,33.54465],[130.5348,33.54471],[130.53502,33.54481],[130.5352,33.54509],[130.53538,33.54524],[130.53549,33.54528],[130.53584,33.5454],[130.53599,33.54549],[130.53624,33.54594],[130.53658,33.54606],[130.53669,33.54624],[130.53689,33.54632],[130.5372,33.54638],[130.53728,33.54645],[130.53749,33.54661],[130.53792,33.54685],[130.53807,33.54704],[130.53817,33.54712],[130.53873,33.54706],[130.53898,33.54776],[130.53952,33.54799],[130.5405,33.54765],[130.54078,33.5478],[130.54108,33.54801],[130.54131,33.54895],[130.54178,33.54938],[130.54161,33.55138],[130.54181,33.55189],[130.54146,33.55224],[130.53982,33.55262],[130.53973,33.55316],[130.54021,33.5537],[130.54039,33.55423],[130.54018,33.55445],[130.5405,33.55493],[130.54142,33.55472],[130.54123,33.55495],[130.54187,33.55469],[130.54202,33.55468],[130.54221,33.55466],[130.54228,33.55466],[130.54266,33.55465],[130.54326,33.55462],[130.54339,33.55461],[130.54411,33.55499],[130.54419,33.55503],[130.54505,33.55526],[130.54673,33.55553],[130.54739,33.55575],[130.54796,33.55598],[130.5487,33.55623],[130.54932,33.55635],[130.54957,33.55638],[130.55006,33.55639],[130.55062,33.5563],[130.55094,33.55628],[130.55176,33.55623],[130.55325,33.55561],[130.55415,33.55459],[130.55445,33.55374],[130.55555,33.55297],[130.55625,33.55274],[130.55676,33.55231],[130.55774,33.55195],[130.55856,33.55112],[130.5588,33.55056],[130.56008,33.54936],[130.56061,33.54874],[130.56082,33.54812],[130.56142,33.548],[130.56163,33.54817],[130.5621,33.54759],[130.56285,33.54693],[130.56301,33.54701],[130.56452,33.5465],[130.56489,33.54656],[130.56556,33.5451],[130.56622,33.54502],[130.5669,33.54465],[130.56759,33.54469],[130.56853,33.54423],[130.56885,33.54438],[130.56953,33.54433],[130.57058,33.54396],[130.5707,33.54352],[130.57153,33.54297],[130.57216,33.5423],[130.57334,33.54286],[130.57409,33.54308],[130.57478,33.54374],[130.57488,33.54419],[130.57529,33.54483],[130.5754,33.54539],[130.57591,33.54697],[130.57681,33.54843],[130.57715,33.54926],[130.57784,33.5499],[130.57859,33.55101],[130.57883,33.55209],[130.57932,33.55291],[130.58051,33.55351],[130.58087,33.55392],[130.58202,33.55417],[130.58404,33.55476],[130.58427,33.55507],[130.58312,33.55598],[130.5831,33.556],[130.58296,33.55616],[130.58237,33.55687],[130.58215,33.55717],[130.58207,33.55726],[130.58192,33.55732],[130.58161,33.55753],[130.58138,33.55777],[130.58072,33.55848],[130.58055,33.55853],[130.58048,33.55866],[130.58051,33.55996],[130.58069,33.56016],[130.58092,33.56078],[130.58098,33.56117],[130.581,33.56161],[130.5799,33.56396],[130.57973,33.56429],[130.57961,33.56464],[130.57944,33.56558],[130.57796,33.5668],[130.57762,33.56718],[130.57679,33.56725],[130.57623,33.56765],[130.57503,33.56819],[130.57487,33.56851],[130.57516,33.56886],[130.5748,33.56994],[130.57478,33.57084],[130.57454,33.57164],[130.57428,33.57197],[130.57444,33.57239],[130.57398,33.57319],[130.57416,33.57363],[130.5737,33.57505],[130.57406,33.57583],[130.57384,33.57624],[130.57287,33.57698],[130.57213,33.57715],[130.56973,33.57815],[130.56891,33.57878],[130.5683,33.57902],[130.56808,33.57967],[130.56844,33.58061],[130.56814,33.58133],[130.56816,33.58212],[130.56798,33.58253],[130.56705,33.58368],[130.56705,33.58452],[130.56664,33.58624],[130.56629,33.58707],[130.56695,33.58829],[130.56703,33.58945],[130.56653,33.59028],[130.56635,33.59098],[130.566,33.59104],[130.56556,33.59153],[130.56493,33.59182],[130.56454,33.59231],[130.5645,33.59267],[130.5628,33.59367],[130.56159,33.59367],[130.56045,33.59356],[130.56015,33.59334],[130.55918,33.59308],[130.55872,33.59279],[130.55787,33.5926],[130.557,33.59208],[130.55636,33.59196],[130.55453,33.59107],[130.55355,33.59003],[130.55302,33.5896],[130.55133,33.58864],[130.55066,33.58836],[130.55026,33.58793],[130.5484,33.58721],[130.54805,33.58588],[130.54752,33.58534],[130.54685,33.58503],[130.54681,33.58434],[130.54654,33.58364],[130.5467,33.58317],[130.548,33.58249],[130.54779,33.58215],[130.54716,33.58169],[130.54667,33.58106],[130.54614,33.57999],[130.5451,33.57911],[130.54463,33.57847],[130.54362,33.57805],[130.54291,33.57823],[130.54123,33.57768],[130.54046,33.57787],[130.539,33.57764],[130.53877,33.57731],[130.53738,33.57728],[130.53663,33.57746],[130.53602,33.57743],[130.53522,33.57708],[130.53509,33.57719],[130.53227,33.576],[130.53,33.57586],[130.52926,33.57557],[130.52894,33.57575],[130.52815,33.57554],[130.52754,33.57614],[130.52712,33.57636],[130.52675,33.576],[130.52565,33.57575],[130.52427,33.57565],[130.52383,33.57583],[130.52276,33.57618],[130.52206,33.57612],[130.52115,33.57571],[130.51986,33.5758],[130.51964,33.57619],[130.51925,33.5763],[130.51906,33.57675],[130.51782,33.57698],[130.51648,33.57702],[130.51614,33.57675],[130.51599,33.57661]],[[130.53686,33.56711],[130.53673,33.56792],[130.53695,33.56687],[130.53686,33.56711]],[[130.50917,33.57332],[130.50925,33.57343],[130.50932,33.57349],[130.50917,33.57332]],[[130.52553,33.56779],[130.52559,33.56766],[130.52556,33.56771],[130.52553,33.56779]],[[130.5288,33.57042],[130.52893,33.56987],[130.52903,33.56936],[130.5288,33.57042]],[[130.51441,33.56171],[130.5147,33.56151],[130.51457,33.56155],[130.51441,33.56171]],[[130.51167,33.5638],[130.51126,33.56456],[130.51131,33.56465],[130.51167,33.5638]],[[130.5139,33.55827],[130.51393,33.55811],[130.51357,33.55817],[130.5139,33.55827]],[[130.50962,33.55849],[130.50876,33.55902],[130.50875,33.55914],[130.50962,33.55849]],[[130.50738,33.55436],[130.50739,33.55444],[130.5076,33.55469],[130.50738,33.55436]],[[130.52378,33.5569],[130.5237,33.55688],[130.52354,33.55686],[130.52378,33.5569]],[[130.53197,33.55178],[130.53011,33.5521],[130.53197,33.55179],[130.53197,33.55178]],[[130.50001,33.56861],[130.50062,33.56901],[130.50012,33.56854],[130.50001,33.56861]],[[130.51918,33.56095],[130.51822,33.56134],[130.5186,33.56144],[130.51846,33.56126],[130.51918,33.56095]],[[130.53231,33.56286],[130.53166,33.56285],[130.5306,33.56299],[130.53231,33.56286]],[[130.54436,33.55721],[130.54448,33.55727],[130.54443,33.55695],[130.54436,33.55721]],[[130.54712,33.55953],[130.54703,33.55908],[130.54776,33.55755],[130.54698,33.55901],[130.54712,33.55953]],[[130.55268,33.57565],[130.5526,33.57579],[130.55272,33.57571],[130.55268,33.57565]],[[130.53525,33.57672],[130.5352,33.57659],[130.53522,33.57673],[130.53525,33.57672]]]}},{"type":"Feature","properties":{"nm":"篠栗町","b":[130.4961,33.5954,130.6003,33.6656],"c":[130.54714,33.62471]},"geometry":{"type":"Polygon","coordinates":[[[130.55839,33.59976],[130.55926,33.59982],[130.55973,33.60025],[130.56077,33.60037],[130.56123,33.60062],[130.56233,33.6018],[130.56289,33.60279],[130.56337,33.60313],[130.56409,33.60316],[130.56522,33.60406],[130.56648,33.60488],[130.56689,33.60577],[130.56699,33.60634],[130.56742,33.60683],[130.56959,33.60683],[130.57169,33.60651],[130.5727,33.6066],[130.5734,33.60682],[130.57401,33.60667],[130.57449,33.60618],[130.57412,33.60567],[130.57392,33.60497],[130.5763,33.60417],[130.57678,33.60387],[130.57669,33.60326],[130.57751,33.60312],[130.57782,33.60359],[130.57772,33.60412],[130.57893,33.60387],[130.58069,33.60405],[130.58054,33.60476],[130.58083,33.60553],[130.58192,33.60642],[130.58248,33.60631],[130.58287,33.60726],[130.58463,33.60641],[130.5852,33.60602],[130.58599,33.60589],[130.58663,33.60524],[130.58666,33.60468],[130.58732,33.60381],[130.58809,33.60374],[130.58818,33.60432],[130.58909,33.6053],[130.58916,33.60565],[130.58981,33.60574],[130.58983,33.60637],[130.59114,33.6066],[130.5914,33.60681],[130.59163,33.60813],[130.59205,33.60826],[130.59319,33.60812],[130.5939,33.60897],[130.59433,33.60896],[130.59555,33.60935],[130.59753,33.60989],[130.59784,33.61067],[130.59881,33.61109],[130.60013,33.61117],[130.60034,33.6123],[130.6003,33.61241],[130.60024,33.61259],[130.60018,33.61264],[130.60013,33.61272],[130.60006,33.61282],[130.5999,33.61289],[130.59972,33.61292],[130.59954,33.61297],[130.59934,33.61298],[130.59898,33.61309],[130.59872,33.61352],[130.59805,33.61408],[130.59777,33.61481],[130.59752,33.61521],[130.59681,33.6157],[130.59643,33.61617],[130.59575,33.61622],[130.59432,33.61666],[130.59399,33.61685],[130.59353,33.6176],[130.59323,33.61769],[130.59281,33.61789],[130.59265,33.61812],[130.59167,33.61892],[130.59133,33.61897],[130.58989,33.61857],[130.58939,33.61855],[130.58841,33.61857],[130.58816,33.61874],[130.58787,33.61902],[130.58745,33.61897],[130.58681,33.61881],[130.58602,33.61837],[130.58542,33.61841],[130.58474,33.61849],[130.58423,33.61886],[130.58292,33.62013],[130.58399,33.62068],[130.58444,33.62111],[130.58578,33.62318],[130.58594,33.62375],[130.5866,33.62498],[130.58735,33.62597],[130.58733,33.62651],[130.58662,33.62734],[130.58681,33.62813],[130.58648,33.62907],[130.58667,33.62933],[130.58622,33.62952],[130.5862,33.63014],[130.58589,33.63095],[130.58567,33.63113],[130.58575,33.63166],[130.58559,33.63232],[130.5849,33.63285],[130.5842,33.63281],[130.58382,33.63308],[130.58268,33.63321],[130.58218,33.63412],[130.58072,33.63487],[130.58029,33.63567],[130.57874,33.63651],[130.57745,33.63787],[130.57615,33.63772],[130.57553,33.63816],[130.57509,33.63813],[130.57471,33.63826],[130.57369,33.63961],[130.57311,33.64135],[130.57203,33.64176],[130.57162,33.64268],[130.57112,33.64312],[130.57071,33.64323],[130.57002,33.64373],[130.56937,33.64377],[130.5691,33.64439],[130.56849,33.64481],[130.56808,33.64551],[130.56674,33.6464],[130.56613,33.64699],[130.56592,33.64777],[130.56648,33.64824],[130.56733,33.64865],[130.56754,33.64895],[130.56751,33.64926],[130.56749,33.64935],[130.56747,33.64954],[130.56766,33.64982],[130.56794,33.65019],[130.56819,33.65039],[130.56867,33.65087],[130.56874,33.65099],[130.56886,33.65116],[130.56953,33.65146],[130.56979,33.65152],[130.5702,33.65164],[130.57068,33.65196],[130.57089,33.65216],[130.57109,33.65252],[130.57116,33.65281],[130.5713,33.65309],[130.57175,33.65323],[130.5729,33.65356],[130.57363,33.65391],[130.57411,33.65444],[130.57424,33.6547],[130.57429,33.65494],[130.57445,33.65517],[130.57463,33.65532],[130.57508,33.65589],[130.57521,33.65651],[130.57525,33.6572],[130.57527,33.6574],[130.57521,33.65796],[130.57446,33.65855],[130.57429,33.65866],[130.57431,33.65923],[130.57415,33.65952],[130.57324,33.66008],[130.57321,33.66018],[130.57313,33.66046],[130.57301,33.66064],[130.57262,33.66102],[130.57245,33.6611],[130.5717,33.66176],[130.57164,33.66183],[130.57106,33.66242],[130.57099,33.66268],[130.57097,33.663],[130.57087,33.66313],[130.57061,33.66329],[130.57046,33.66336],[130.57001,33.66351],[130.56983,33.66361],[130.56933,33.66386],[130.56859,33.66395],[130.56823,33.66411],[130.5676,33.66454],[130.56752,33.66459],[130.56696,33.66486],[130.56657,33.66489],[130.56646,33.66491],[130.56598,33.6653],[130.56576,33.66543],[130.56568,33.66543],[130.56519,33.66546],[130.56494,33.66558],[130.5645,33.66565],[130.56376,33.66552],[130.56349,33.66547],[130.56261,33.66543],[130.5624,33.66556],[130.56232,33.66549],[130.56195,33.66506],[130.56157,33.6644],[130.56104,33.66386],[130.56082,33.66381],[130.56028,33.6637],[130.55983,33.66344],[130.55968,33.66336],[130.55939,33.66306],[130.5589,33.66282],[130.55831,33.66253],[130.55816,33.66237],[130.55804,33.66221],[130.5578,33.66174],[130.55762,33.66163],[130.55741,33.6616],[130.55718,33.66142],[130.55672,33.66105],[130.55662,33.66082],[130.55636,33.66042],[130.5561,33.66027],[130.55559,33.66017],[130.55554,33.6599],[130.55533,33.65953],[130.55513,33.65936],[130.55449,33.65898],[130.55409,33.65865],[130.55393,33.65856],[130.55366,33.65847],[130.55363,33.65846],[130.55362,33.65846],[130.55307,33.65828],[130.55249,33.65807],[130.55138,33.65759],[130.55116,33.65743],[130.55071,33.65719],[130.55004,33.65704],[130.54971,33.65686],[130.54918,33.65646],[130.54899,33.65612],[130.54896,33.65595],[130.54889,33.6555],[130.54887,33.65517],[130.54896,33.65466],[130.54869,33.65442],[130.54843,33.65426],[130.54748,33.65366],[130.54733,33.65337],[130.54713,33.65287],[130.54737,33.65233],[130.54757,33.65186],[130.54793,33.65102],[130.54801,33.65059],[130.54784,33.65002],[130.54784,33.6499],[130.54795,33.64918],[130.54795,33.649],[130.54786,33.64857],[130.54767,33.64826],[130.54779,33.64794],[130.54772,33.64769],[130.54769,33.64736],[130.54764,33.64723],[130.54736,33.64705],[130.54717,33.64697],[130.54679,33.64665],[130.54634,33.64658],[130.54584,33.64625],[130.54556,33.64616],[130.54538,33.64624],[130.54513,33.64611],[130.54486,33.6458],[130.5447,33.64568],[130.54455,33.64555],[130.54434,33.64534],[130.54339,33.64467],[130.5433,33.64461],[130.54317,33.64454],[130.54305,33.64453],[130.5427,33.64456],[130.54249,33.64458],[130.54234,33.64454],[130.54223,33.64448],[130.54198,33.64441],[130.54159,33.64438],[130.54137,33.6444],[130.5413,33.64446],[130.54104,33.64473],[130.54076,33.64485],[130.54032,33.64462],[130.54017,33.6444],[130.54007,33.6442],[130.53992,33.64408],[130.53917,33.64367],[130.5387,33.64352],[130.53839,33.64347],[130.53824,33.64349],[130.53813,33.64357],[130.53789,33.64378],[130.53759,33.64404],[130.53747,33.64411],[130.53737,33.64406],[130.53714,33.64393],[130.53692,33.64375],[130.53652,33.64338],[130.5364,33.64317],[130.53628,33.64284],[130.53613,33.64257],[130.53619,33.64091],[130.53616,33.63984],[130.53604,33.63916],[130.5359,33.63893],[130.53578,33.6388],[130.53559,33.6386],[130.53533,33.63847],[130.53523,33.63845],[130.53475,33.63829],[130.53467,33.6382],[130.53458,33.63802],[130.53436,33.63761],[130.53411,33.63744],[130.53306,33.63715],[130.53268,33.63697],[130.53233,33.63687],[130.53204,33.63669],[130.53188,33.63665],[130.53063,33.63715],[130.52905,33.63607],[130.52846,33.63689],[130.52806,33.637],[130.52783,33.63743],[130.52775,33.63831],[130.5275,33.63857],[130.52697,33.63846],[130.52607,33.63764],[130.52558,33.6379],[130.52554,33.63808],[130.52552,33.6382],[130.52543,33.63834],[130.52493,33.63876],[130.52472,33.63892],[130.52433,33.63897],[130.52411,33.6388],[130.52347,33.63861],[130.52309,33.63848],[130.52289,33.6384],[130.52254,33.63835],[130.52193,33.63789],[130.52115,33.63809],[130.52018,33.63771],[130.51973,33.638],[130.51972,33.638],[130.51961,33.63795],[130.51953,33.63801],[130.51926,33.63836],[130.51907,33.63841],[130.51876,33.63841],[130.51863,33.63839],[130.51831,33.63845],[130.51798,33.63837],[130.51781,33.63868],[130.51729,33.63896],[130.51692,33.63918],[130.51653,33.63955],[130.51608,33.6398],[130.51531,33.63974],[130.51468,33.63971],[130.51435,33.63972],[130.51365,33.6395],[130.51336,33.6382],[130.51252,33.63805],[130.51193,33.6372],[130.51153,33.63696],[130.5111,33.63727],[130.51082,33.63753],[130.51032,33.63801],[130.51017,33.63812],[130.50997,33.6382],[130.50949,33.63831],[130.50747,33.63834],[130.50693,33.63829],[130.50647,33.63793],[130.50602,33.63768],[130.5056,33.6375],[130.50477,33.63671],[130.50373,33.6367],[130.50314,33.63639],[130.50246,33.63629],[130.50136,33.63593],[130.50123,33.6359],[130.50121,33.63587],[130.50089,33.63553],[130.50067,33.63576],[130.50051,33.6356],[130.50057,33.6355],[130.50029,33.63509],[130.50017,33.63501],[130.49981,33.63477],[130.49968,33.6348],[130.4998,33.63495],[130.50018,33.63515],[130.50022,33.63525],[130.50007,33.63548],[130.49958,33.63511],[130.49954,33.63502],[130.49937,33.63484],[130.49917,33.63472],[130.4991,33.63469],[130.4989,33.63471],[130.49879,33.63484],[130.49872,33.63493],[130.4987,33.63494],[130.49852,33.6349],[130.49845,33.63489],[130.49823,33.63487],[130.49806,33.63496],[130.49803,33.63493],[130.498,33.63483],[130.49802,33.63459],[130.49807,33.63443],[130.49827,33.63433],[130.4985,33.63434],[130.49828,33.63399],[130.49816,33.6337],[130.49811,33.63362],[130.49783,33.63332],[130.49779,33.63284],[130.49768,33.63262],[130.49751,33.63243],[130.49745,33.63234],[130.49743,33.63214],[130.49736,33.632],[130.49707,33.63159],[130.49692,33.63133],[130.49689,33.63111],[130.49674,33.63092],[130.49642,33.6308],[130.49638,33.63073],[130.49647,33.63012],[130.4961,33.6298],[130.49609,33.62851],[130.49636,33.62819],[130.49661,33.62737],[130.49857,33.62687],[130.49932,33.62751],[130.49958,33.62722],[130.49942,33.6267],[130.49961,33.62638],[130.50006,33.62644],[130.50022,33.62574],[130.49998,33.62553],[130.50036,33.62503],[130.49955,33.62483],[130.49938,33.62407],[130.49985,33.62283],[130.49863,33.62252],[130.49773,33.62253],[130.49766,33.62181],[130.49823,33.62105],[130.49893,33.6209],[130.49925,33.62036],[130.49928,33.62033],[130.49958,33.61859],[130.49963,33.61845],[130.49966,33.61838],[130.49969,33.61824],[130.4997,33.61812],[130.49973,33.6178],[130.49972,33.61765],[130.49968,33.61692],[130.49951,33.61657],[130.4995,33.61639],[130.49955,33.61609],[130.49939,33.61597],[130.4993,33.61586],[130.49953,33.61559],[130.49972,33.61554],[130.49969,33.61528],[130.49979,33.6149],[130.50005,33.61484],[130.50012,33.6148],[130.50013,33.61466],[130.50019,33.61447],[130.50022,33.614],[130.50026,33.6138],[130.50025,33.61366],[130.50013,33.61351],[130.50014,33.61346],[130.5002,33.61337],[130.50045,33.61308],[130.50054,33.61296],[130.50059,33.61271],[130.50072,33.61274],[130.501,33.61269],[130.50138,33.61248],[130.50175,33.61221],[130.50199,33.61214],[130.50222,33.61217],[130.50312,33.61251],[130.50333,33.61251],[130.50378,33.61248],[130.5042,33.61242],[130.50469,33.61213],[130.50515,33.61197],[130.50557,33.6118],[130.5057,33.61172],[130.50586,33.61159],[130.50623,33.61127],[130.50664,33.61116],[130.5068,33.61107],[130.50698,33.61059],[130.50753,33.61013],[130.50789,33.60961],[130.50885,33.60897],[130.50957,33.60897],[130.50998,33.60868],[130.51105,33.6083],[130.51176,33.60833],[130.51202,33.60761],[130.5126,33.60684],[130.51351,33.60664],[130.51424,33.60608],[130.51511,33.60505],[130.51587,33.60482],[130.51636,33.60433],[130.51571,33.6034],[130.51666,33.60301],[130.51763,33.60269],[130.5189,33.60214],[130.52012,33.60208],[130.52135,33.60241],[130.52312,33.60201],[130.52344,33.60182],[130.5238,33.60114],[130.52466,33.60036],[130.52537,33.60051],[130.52544,33.60103],[130.52592,33.60111],[130.52656,33.6009],[130.52683,33.60084],[130.52707,33.60085],[130.52742,33.60064],[130.52746,33.60037],[130.52824,33.60025],[130.52865,33.60019],[130.52909,33.60021],[130.52962,33.60071],[130.5298,33.60075],[130.53154,33.60027],[130.53174,33.59992],[130.53246,33.59894],[130.53267,33.59887],[130.53308,33.59883],[130.5337,33.59858],[130.53395,33.59846],[130.53417,33.59814],[130.53455,33.59787],[130.5353,33.59651],[130.53558,33.59592],[130.53564,33.59576],[130.53591,33.59569],[130.53686,33.59544],[130.53709,33.59542],[130.53813,33.59543],[130.53898,33.5956],[130.53943,33.59564],[130.53992,33.59581],[130.54018,33.59593],[130.54049,33.59596],[130.54082,33.59598],[130.54126,33.59607],[130.54152,33.59619],[130.54189,33.59633],[130.54234,33.59653],[130.54274,33.59683],[130.54318,33.59706],[130.5436,33.59729],[130.54371,33.59738],[130.54393,33.59747],[130.54432,33.5976],[130.54542,33.59794],[130.54583,33.59792],[130.54716,33.59775],[130.54762,33.59781],[130.54809,33.59807],[130.54829,33.59824],[130.54851,33.59846],[130.54881,33.59862],[130.54932,33.59876],[130.54995,33.59879],[130.55133,33.59893],[130.5517,33.59886],[130.55254,33.59883],[130.55312,33.59882],[130.55355,33.5987],[130.55372,33.59866],[130.5543,33.59904],[130.55552,33.59924],[130.55567,33.59922],[130.55596,33.59923],[130.55624,33.59922],[130.55723,33.59956],[130.55751,33.59959],[130.55817,33.59974],[130.55839,33.59976]]]}},{"type":"Feature","properties":{"nm":"志免町","b":[130.4422,33.5601,130.5009,33.61],"c":[130.47629,33.58756]},"geometry":{"type":"Polygon","coordinates":[[[130.47863,33.57478],[130.47923,33.57415],[130.47922,33.57245],[130.47862,33.57201],[130.47859,33.57123],[130.47847,33.57106],[130.47838,33.57099],[130.47775,33.57058],[130.47771,33.57028],[130.47767,33.57028],[130.47746,33.56921],[130.4776,33.56878],[130.47745,33.56843],[130.47725,33.56774],[130.47744,33.56729],[130.47811,33.56708],[130.47832,33.56708],[130.47906,33.56736],[130.47979,33.56724],[130.48089,33.56786],[130.48205,33.56746],[130.48233,33.56729],[130.48163,33.56622],[130.48153,33.56559],[130.48171,33.56467],[130.48226,33.56419],[130.48286,33.56272],[130.48317,33.56233],[130.48409,33.56216],[130.48484,33.56142],[130.48568,33.56026],[130.48632,33.56014],[130.48614,33.56071],[130.48682,33.56097],[130.48734,33.56147],[130.48797,33.56278],[130.48787,33.56358],[130.48834,33.56423],[130.48829,33.56467],[130.48824,33.565],[130.48792,33.56557],[130.48873,33.56647],[130.48747,33.56713],[130.48712,33.56683],[130.48731,33.56853],[130.48743,33.5688],[130.48774,33.56911],[130.488,33.57014],[130.48847,33.57046],[130.48887,33.57043],[130.49004,33.57161],[130.49034,33.57173],[130.49255,33.57369],[130.49296,33.57379],[130.49307,33.57449],[130.49329,33.57464],[130.49337,33.57455],[130.49466,33.5732],[130.49577,33.57262],[130.49685,33.57263],[130.49859,33.57327],[130.49929,33.57347],[130.49992,33.57348],[130.49998,33.57374],[130.49965,33.5737],[130.4993,33.57409],[130.49874,33.57473],[130.49731,33.57637],[130.497,33.57676],[130.49685,33.57686],[130.49779,33.57755],[130.49776,33.57758],[130.49868,33.57822],[130.49931,33.57792],[130.49978,33.5781],[130.50094,33.57821],[130.50087,33.57897],[130.5006,33.57961],[130.49995,33.57981],[130.49933,33.58005],[130.49891,33.58028],[130.49814,33.58104],[130.49753,33.58153],[130.49737,33.58164],[130.49698,33.58186],[130.49594,33.58199],[130.49567,33.58258],[130.49534,33.583],[130.49415,33.58346],[130.49348,33.58432],[130.49238,33.58515],[130.49193,33.58514],[130.49158,33.58562],[130.49175,33.58618],[130.49208,33.58676],[130.49245,33.58701],[130.49374,33.58808],[130.49323,33.58854],[130.49192,33.58908],[130.4913,33.58966],[130.49063,33.58993],[130.49004,33.59038],[130.4908,33.59117],[130.49068,33.59132],[130.48974,33.59097],[130.48941,33.59134],[130.48952,33.59158],[130.48952,33.59163],[130.4895,33.59169],[130.48954,33.59246],[130.4887,33.59359],[130.48834,33.59381],[130.48555,33.59515],[130.48464,33.59462],[130.48414,33.59489],[130.48278,33.59472],[130.48225,33.59484],[130.48072,33.59388],[130.48069,33.59377],[130.4801,33.59337],[130.47931,33.59276],[130.4764,33.59585],[130.47723,33.5964],[130.47693,33.59684],[130.47685,33.5971],[130.47593,33.598],[130.47551,33.59839],[130.47543,33.59875],[130.47526,33.59885],[130.47432,33.59819],[130.47354,33.59899],[130.47291,33.59977],[130.47379,33.60033],[130.47297,33.60114],[130.47191,33.60149],[130.47138,33.60132],[130.4704,33.6007],[130.46903,33.60218],[130.46829,33.60169],[130.46744,33.60194],[130.46693,33.60227],[130.46627,33.60296],[130.46603,33.60338],[130.46527,33.60382],[130.46449,33.6036],[130.4641,33.60396],[130.46388,33.60422],[130.46221,33.6053],[130.46171,33.60616],[130.46097,33.60661],[130.46013,33.60762],[130.4601,33.60765],[130.45944,33.60839],[130.4596,33.6085],[130.45807,33.60985],[130.45727,33.60958],[130.45638,33.60997],[130.45486,33.60999],[130.45448,33.60987],[130.4543,33.60994],[130.45429,33.60992],[130.45394,33.60988],[130.45385,33.60982],[130.45358,33.60964],[130.45334,33.60944],[130.45311,33.6093],[130.4507,33.60775],[130.45057,33.60763],[130.4502,33.60736],[130.44977,33.60712],[130.44934,33.60686],[130.44894,33.60661],[130.44866,33.60645],[130.44865,33.60645],[130.4486,33.60644],[130.44881,33.60621],[130.44801,33.60575],[130.44747,33.60638],[130.44677,33.60647],[130.44621,33.60613],[130.44604,33.60602],[130.44532,33.60674],[130.44524,33.60674],[130.44474,33.60725],[130.44467,33.60738],[130.44451,33.60747],[130.44309,33.60657],[130.44286,33.60681],[130.44243,33.6067],[130.44238,33.60665],[130.44223,33.60652],[130.44318,33.60591],[130.44296,33.60573],[130.44352,33.60523],[130.44386,33.60514],[130.44413,33.60547],[130.4447,33.60512],[130.44552,33.60485],[130.4462,33.60498],[130.44755,33.60447],[130.44808,33.60398],[130.44831,33.60368],[130.44866,33.60317],[130.44941,33.60276],[130.45042,33.60289],[130.45099,33.60222],[130.45041,33.60175],[130.45038,33.60141],[130.45041,33.60137],[130.45171,33.60113],[130.45179,33.60087],[130.45233,33.60061],[130.45379,33.59872],[130.45386,33.59861],[130.45409,33.59808],[130.45507,33.59738],[130.45536,33.59634],[130.45627,33.59627],[130.45684,33.59641],[130.45742,33.59694],[130.45857,33.59695],[130.45922,33.59672],[130.45971,33.59665],[130.45977,33.59662],[130.45984,33.59654],[130.45997,33.59645],[130.46018,33.59602],[130.46032,33.59593],[130.46038,33.59588],[130.46047,33.5958],[130.46052,33.59563],[130.46056,33.59556],[130.46043,33.59523],[130.46065,33.59458],[130.46071,33.59455],[130.46087,33.59447],[130.46114,33.59439],[130.46169,33.59424],[130.46176,33.5942],[130.46211,33.59376],[130.46279,33.59295],[130.46256,33.59258],[130.46337,33.59194],[130.46347,33.59161],[130.4636,33.5913],[130.46361,33.59124],[130.46365,33.59105],[130.46425,33.59079],[130.46466,33.59063],[130.46475,33.59044],[130.46526,33.59002],[130.466,33.58989],[130.46672,33.58838],[130.46707,33.58732],[130.46808,33.58687],[130.46908,33.58704],[130.46939,33.58667],[130.46969,33.58619],[130.47047,33.58606],[130.4711,33.5854],[130.47162,33.58527],[130.47151,33.58483],[130.47305,33.58341],[130.4735,33.58369],[130.47394,33.58237],[130.47404,33.58161],[130.47447,33.58116],[130.47543,33.58086],[130.47565,33.58055],[130.47519,33.58016],[130.47504,33.57977],[130.47543,33.57893],[130.47575,33.57893],[130.47645,33.57803],[130.47723,33.57771],[130.47749,33.57778],[130.47812,33.57722],[130.47813,33.57653],[130.47849,33.5759],[130.47838,33.57551],[130.47884,33.57514],[130.47863,33.57478]],[[130.48438,33.57169],[130.4845,33.57082],[130.48441,33.57114],[130.48438,33.57169]],[[130.48576,33.56789],[130.48574,33.56747],[130.48555,33.56755],[130.48576,33.56789]],[[130.4919,33.57676],[130.49176,33.57697],[130.49144,33.57757],[130.4919,33.57676]],[[130.49081,33.57908],[130.49046,33.57983],[130.49056,33.57968],[130.49081,33.57908]],[[130.48627,33.58353],[130.48665,33.58386],[130.48667,33.58384],[130.48627,33.58353]],[[130.4744,33.58658],[130.47393,33.58633],[130.47404,33.58658],[130.4744,33.58658]],[[130.47755,33.57802],[130.47768,33.57802],[130.47762,33.57793],[130.47755,33.57802]],[[130.477,33.5927],[130.47695,33.59286],[130.47716,33.59266],[130.477,33.5927]],[[130.46822,33.59503],[130.46797,33.59501],[130.46746,33.59502],[130.46822,33.59503]]]}},{"type":"Feature","properties":{"nm":"須恵町","b":[130.4884,33.5755,130.5628,33.6153],"c":[130.51867,33.59237]},"geometry":{"type":"Polygon","coordinates":[[[130.51666,33.60301],[130.51571,33.6034],[130.51636,33.60433],[130.51587,33.60482],[130.51511,33.60505],[130.51424,33.60608],[130.51351,33.60664],[130.5126,33.60684],[130.51202,33.60761],[130.51176,33.60833],[130.51105,33.6083],[130.50998,33.60868],[130.50957,33.60897],[130.50885,33.60897],[130.50789,33.60961],[130.50753,33.61013],[130.50698,33.61059],[130.5068,33.61107],[130.50664,33.61116],[130.50623,33.61127],[130.50586,33.61159],[130.5057,33.61172],[130.50557,33.6118],[130.50515,33.61197],[130.50469,33.61213],[130.5042,33.61242],[130.50378,33.61248],[130.50333,33.61251],[130.50312,33.61251],[130.50222,33.61217],[130.50199,33.61214],[130.50175,33.61221],[130.50138,33.61248],[130.501,33.61269],[130.50072,33.61274],[130.50059,33.61271],[130.50054,33.61296],[130.50045,33.61308],[130.5002,33.61337],[130.50014,33.61346],[130.50013,33.61351],[130.50025,33.61366],[130.50026,33.6138],[130.50022,33.614],[130.50019,33.61447],[130.50013,33.61466],[130.50012,33.6148],[130.50005,33.61484],[130.49979,33.6149],[130.49969,33.61528],[130.49904,33.61481],[130.49837,33.61477],[130.4977,33.61495],[130.49591,33.61456],[130.4954,33.61408],[130.49584,33.61323],[130.49556,33.61229],[130.49505,33.61185],[130.49349,33.61124],[130.49256,33.61051],[130.49148,33.61009],[130.4899,33.60969],[130.48931,33.60932],[130.489,33.60759],[130.48904,33.6072],[130.48973,33.6062],[130.48954,33.60582],[130.48936,33.60557],[130.48941,33.60534],[130.48919,33.60512],[130.48845,33.60494],[130.48879,33.60353],[130.48917,33.60347],[130.48922,33.60279],[130.48876,33.60284],[130.48844,33.60243],[130.4889,33.60219],[130.48883,33.60154],[130.48921,33.60038],[130.49025,33.59936],[130.49021,33.59887],[130.4913,33.59882],[130.49126,33.59834],[130.49183,33.5983],[130.49151,33.59693],[130.49155,33.59662],[130.49077,33.5963],[130.49103,33.59567],[130.49011,33.59508],[130.49037,33.59451],[130.48974,33.59415],[130.49038,33.59344],[130.49108,33.59302],[130.49105,33.59284],[130.48963,33.5936],[130.48916,33.59333],[130.4887,33.59359],[130.48954,33.59246],[130.4895,33.59169],[130.48952,33.59163],[130.48952,33.59158],[130.48941,33.59134],[130.48974,33.59097],[130.49068,33.59132],[130.4908,33.59117],[130.49004,33.59038],[130.49063,33.58993],[130.4913,33.58966],[130.49192,33.58908],[130.49323,33.58854],[130.49374,33.58808],[130.49245,33.58701],[130.49208,33.58676],[130.49175,33.58618],[130.49158,33.58562],[130.49193,33.58514],[130.49238,33.58515],[130.49348,33.58432],[130.49415,33.58346],[130.49534,33.583],[130.49567,33.58258],[130.49594,33.58199],[130.49698,33.58186],[130.49737,33.58164],[130.49753,33.58153],[130.49814,33.58104],[130.49891,33.58028],[130.49999,33.58112],[130.50035,33.58126],[130.50143,33.58114],[130.50197,33.5813],[130.50238,33.58112],[130.50339,33.58126],[130.50367,33.58147],[130.50439,33.5813],[130.50442,33.5809],[130.50487,33.58107],[130.50478,33.58077],[130.5051,33.58025],[130.5057,33.57994],[130.50667,33.57986],[130.50728,33.57953],[130.50856,33.57831],[130.50992,33.57753],[130.51042,33.57761],[130.51074,33.57739],[130.51189,33.57655],[130.51243,33.57748],[130.51383,33.57663],[130.51484,33.57628],[130.5153,33.57586],[130.51612,33.57547],[130.51599,33.57661],[130.51614,33.57675],[130.51648,33.57702],[130.51782,33.57698],[130.51906,33.57675],[130.51925,33.5763],[130.51964,33.57619],[130.51986,33.5758],[130.52115,33.57571],[130.52206,33.57612],[130.52276,33.57618],[130.52383,33.57583],[130.52427,33.57565],[130.52565,33.57575],[130.52675,33.576],[130.52712,33.57636],[130.52754,33.57614],[130.52815,33.57554],[130.52894,33.57575],[130.52926,33.57557],[130.53,33.57586],[130.53227,33.576],[130.53509,33.57719],[130.53522,33.57708],[130.53602,33.57743],[130.53663,33.57746],[130.53738,33.57728],[130.53877,33.57731],[130.539,33.57764],[130.54046,33.57787],[130.54123,33.57768],[130.54291,33.57823],[130.54362,33.57805],[130.54463,33.57847],[130.5451,33.57911],[130.54614,33.57999],[130.54667,33.58106],[130.54716,33.58169],[130.54779,33.58215],[130.548,33.58249],[130.5467,33.58317],[130.54654,33.58364],[130.54681,33.58434],[130.54685,33.58503],[130.54752,33.58534],[130.54805,33.58588],[130.5484,33.58721],[130.55026,33.58793],[130.55066,33.58836],[130.55133,33.58864],[130.55302,33.5896],[130.55355,33.59003],[130.55453,33.59107],[130.55636,33.59196],[130.557,33.59208],[130.55787,33.5926],[130.55872,33.59279],[130.55918,33.59308],[130.56015,33.59334],[130.56045,33.59356],[130.56159,33.59367],[130.5628,33.59367],[130.56244,33.59411],[130.5611,33.5952],[130.56048,33.5962],[130.5598,33.59651],[130.55818,33.59851],[130.55839,33.59976],[130.55817,33.59974],[130.55751,33.59959],[130.55723,33.59956],[130.55624,33.59922],[130.55596,33.59923],[130.55567,33.59922],[130.55552,33.59924],[130.5543,33.59904],[130.55372,33.59866],[130.55355,33.5987],[130.55312,33.59882],[130.55254,33.59883],[130.5517,33.59886],[130.55133,33.59893],[130.54995,33.59879],[130.54932,33.59876],[130.54881,33.59862],[130.54851,33.59846],[130.54829,33.59824],[130.54809,33.59807],[130.54762,33.59781],[130.54716,33.59775],[130.54583,33.59792],[130.54542,33.59794],[130.54432,33.5976],[130.54393,33.59747],[130.54371,33.59738],[130.5436,33.59729],[130.54318,33.59706],[130.54274,33.59683],[130.54234,33.59653],[130.54189,33.59633],[130.54152,33.59619],[130.54126,33.59607],[130.54082,33.59598],[130.54049,33.59596],[130.54018,33.59593],[130.53992,33.59581],[130.53943,33.59564],[130.53898,33.5956],[130.53813,33.59543],[130.53709,33.59542],[130.53686,33.59544],[130.53591,33.59569],[130.53564,33.59576],[130.53558,33.59592],[130.5353,33.59651],[130.53455,33.59787],[130.53417,33.59814],[130.53395,33.59846],[130.5337,33.59858],[130.53308,33.59883],[130.53267,33.59887],[130.53246,33.59894],[130.53174,33.59992],[130.53154,33.60027],[130.5298,33.60075],[130.52962,33.60071],[130.52909,33.60021],[130.52865,33.60019],[130.52824,33.60025],[130.52746,33.60037],[130.52742,33.60064],[130.52707,33.60085],[130.52683,33.60084],[130.52656,33.6009],[130.52592,33.60111],[130.52544,33.60103],[130.52537,33.60051],[130.52466,33.60036],[130.5238,33.60114],[130.52344,33.60182],[130.52312,33.60201],[130.52135,33.60241],[130.52012,33.60208],[130.5189,33.60214],[130.51763,33.60269],[130.51666,33.60301]]]}},{"type":"Feature","properties":{"nm":"新宮町","b":[130.3594,33.6737,130.5094,33.7672],"c":[130.46335,33.69792]},"geometry":{"type":"MultiPolygon","coordinates":[[[[130.50203,33.6973],[130.50133,33.69706],[130.50087,33.69711],[130.5008,33.69712],[130.50049,33.69722],[130.49999,33.69744],[130.49964,33.69826],[130.49961,33.69847],[130.49927,33.69872],[130.49873,33.69855],[130.49816,33.69787],[130.49786,33.69767],[130.49776,33.69753],[130.49763,33.69738],[130.49765,33.69707],[130.49784,33.6967],[130.49723,33.69622],[130.49583,33.69538],[130.49527,33.69472],[130.49459,33.694],[130.49396,33.6932],[130.49373,33.69319],[130.49297,33.69308],[130.49254,33.69294],[130.49234,33.69284],[130.49226,33.69297],[130.49213,33.69311],[130.49193,33.69316],[130.49181,33.69316],[130.49158,33.69307],[130.49112,33.69301],[130.49081,33.69306],[130.49073,33.69307],[130.49035,33.69309],[130.49013,33.69316],[130.48998,33.6932],[130.48985,33.6932],[130.4895,33.6933],[130.48896,33.69346],[130.48851,33.69331],[130.4878,33.69373],[130.48731,33.69387],[130.48654,33.69386],[130.48615,33.69367],[130.48586,33.69342],[130.48569,33.69339],[130.48545,33.6931],[130.48551,33.69335],[130.48539,33.69333],[130.48516,33.69341],[130.48525,33.69373],[130.48507,33.69408],[130.48478,33.69414],[130.48434,33.6942],[130.484,33.6942],[130.48383,33.69426],[130.48276,33.69413],[130.48229,33.69404],[130.48188,33.69401],[130.48163,33.69408],[130.48151,33.69415],[130.48128,33.69427],[130.48056,33.6945],[130.47981,33.69456],[130.4797,33.69459],[130.47936,33.69472],[130.47815,33.69499],[130.47713,33.69456],[130.47633,33.6944],[130.47551,33.69441],[130.47387,33.69388],[130.47298,33.6939],[130.47203,33.69422],[130.47013,33.69397],[130.4684,33.69437],[130.46822,33.69422],[130.46691,33.69526],[130.46739,33.69619],[130.46746,33.69736],[130.46783,33.69768],[130.46718,33.69804],[130.46735,33.69845],[130.467,33.6987],[130.46684,33.69923],[130.46634,33.69951],[130.46621,33.70016],[130.46582,33.70044],[130.46522,33.70052],[130.4657,33.7009],[130.46663,33.70129],[130.4677,33.70212],[130.46763,33.70254],[130.46796,33.70417],[130.46817,33.7056],[130.468,33.70615],[130.46873,33.7069],[130.46874,33.70782],[130.46895,33.70808],[130.46791,33.7085],[130.4677,33.70938],[130.46685,33.71004],[130.4666,33.71054],[130.46595,33.71083],[130.46523,33.71139],[130.46476,33.71206],[130.46512,33.71231],[130.46493,33.71275],[130.46402,33.71301],[130.46351,33.71328],[130.46293,33.71383],[130.46256,33.71397],[130.46243,33.71475],[130.46208,33.71555],[130.46146,33.71596],[130.46099,33.71627],[130.46068,33.71643],[130.46064,33.7165],[130.46054,33.7168],[130.46061,33.71695],[130.46075,33.71723],[130.46076,33.71756],[130.46075,33.71757],[130.46016,33.7179],[130.45972,33.7185],[130.45975,33.71851],[130.45948,33.71891],[130.45932,33.71913],[130.45907,33.71938],[130.45788,33.71988],[130.45774,33.71994],[130.45654,33.72054],[130.45522,33.72113],[130.45493,33.72083],[130.45518,33.72115],[130.4547,33.72126],[130.45468,33.72138],[130.45453,33.72148],[130.4537,33.72186],[130.45367,33.72188],[130.45352,33.72197],[130.45346,33.72199],[130.45341,33.72198],[130.45333,33.72198],[130.45326,33.722],[130.4532,33.72204],[130.45227,33.7226],[130.45156,33.72217],[130.45217,33.72265],[130.4511,33.72353],[130.45041,33.72389],[130.44834,33.72458],[130.44717,33.72536],[130.44675,33.72482],[130.44598,33.72416],[130.44396,33.72271],[130.44316,33.72221],[130.44258,33.72206],[130.44044,33.72084],[130.43928,33.72043],[130.43839,33.71978],[130.43701,33.71891],[130.43629,33.71826],[130.43481,33.71776],[130.43359,33.7169],[130.43316,33.71685],[130.43219,33.71628],[130.43024,33.71578],[130.42859,33.71521],[130.42803,33.71513],[130.42717,33.71523],[130.42657,33.71562],[130.42648,33.71499],[130.42612,33.71526],[130.42531,33.71662],[130.42439,33.71713],[130.42411,33.71753],[130.42481,33.71796],[130.42396,33.71785],[130.42277,33.71846],[130.42258,33.71875],[130.42263,33.71935],[130.42229,33.71873],[130.42209,33.71896],[130.4217,33.71866],[130.42173,33.71922],[130.42129,33.71898],[130.42139,33.71873],[130.42096,33.71807],[130.42112,33.71619],[130.4204,33.71543],[130.42027,33.71578],[130.42009,33.71519],[130.41987,33.71521],[130.41922,33.71471],[130.41884,33.71489],[130.41787,33.71375],[130.41817,33.71343],[130.41822,33.71261],[130.42158,33.71161],[130.42227,33.71141],[130.42275,33.71116],[130.42318,33.71115],[130.42352,33.71105],[130.42418,33.71093],[130.42409,33.71055],[130.42377,33.70965],[130.42329,33.70919],[130.42296,33.7088],[130.42341,33.70848],[130.42367,33.7087],[130.42382,33.70895],[130.42458,33.70896],[130.42505,33.7093],[130.42505,33.70975],[130.42524,33.70996],[130.4258,33.70969],[130.42586,33.70967],[130.42602,33.70966],[130.42607,33.70956],[130.42607,33.70955],[130.42634,33.70893],[130.42629,33.70859],[130.4267,33.70837],[130.42695,33.70872],[130.42763,33.70904],[130.42793,33.70994],[130.42851,33.70967],[130.42882,33.70945],[130.42857,33.70883],[130.42856,33.70831],[130.43052,33.7083],[130.43043,33.70729],[130.43015,33.70689],[130.43015,33.70686],[130.43102,33.70647],[130.43127,33.70625],[130.43225,33.70623],[130.43277,33.70579],[130.4332,33.70572],[130.4334,33.70488],[130.43344,33.70471],[130.43383,33.70427],[130.43365,33.70384],[130.43413,33.70371],[130.43424,33.70338],[130.43496,33.70349],[130.43509,33.70338],[130.43551,33.7029],[130.43644,33.7026],[130.43667,33.70235],[130.43736,33.70248],[130.4385,33.70216],[130.43917,33.70209],[130.43969,33.70174],[130.43983,33.70158],[130.43979,33.70128],[130.43944,33.70135],[130.43922,33.7015],[130.43877,33.70162],[130.43854,33.70142],[130.43853,33.70137],[130.43853,33.70133],[130.43854,33.70128],[130.43858,33.70121],[130.43883,33.70103],[130.43906,33.70081],[130.43928,33.70074],[130.44002,33.7006],[130.44041,33.70057],[130.44057,33.70019],[130.44023,33.69955],[130.44049,33.69921],[130.44065,33.69927],[130.44074,33.69921],[130.44116,33.69952],[130.44139,33.69973],[130.44153,33.69963],[130.44186,33.69941],[130.44218,33.6997],[130.44171,33.70011],[130.44151,33.70037],[130.44169,33.70091],[130.44231,33.70065],[130.44306,33.70051],[130.44321,33.70049],[130.44355,33.70011],[130.44397,33.70008],[130.44434,33.70003],[130.44436,33.69995],[130.44437,33.69948],[130.44503,33.69908],[130.44535,33.69916],[130.446,33.6987],[130.44703,33.69822],[130.44805,33.6978],[130.44712,33.69641],[130.44773,33.69589],[130.4478,33.69552],[130.44777,33.69511],[130.44784,33.69435],[130.44804,33.69352],[130.44805,33.69242],[130.44799,33.69215],[130.44799,33.69202],[130.4488,33.6915],[130.45012,33.69024],[130.45014,33.68971],[130.45067,33.68903],[130.45145,33.68808],[130.45156,33.68737],[130.45183,33.68648],[130.45222,33.6861],[130.4525,33.68537],[130.45283,33.68497],[130.45282,33.68345],[130.45314,33.68342],[130.45412,33.68255],[130.45429,33.68173],[130.45393,33.68121],[130.45488,33.67937],[130.45546,33.6796],[130.45569,33.67982],[130.45587,33.67994],[130.45701,33.68013],[130.45746,33.67991],[130.45778,33.67995],[130.45878,33.68025],[130.46008,33.68043],[130.46055,33.68067],[130.46085,33.68139],[130.46181,33.68195],[130.46221,33.68223],[130.46282,33.68219],[130.46347,33.68239],[130.464,33.68285],[130.46459,33.68301],[130.46509,33.68289],[130.46543,33.68279],[130.46596,33.68261],[130.46644,33.68073],[130.46675,33.68033],[130.46703,33.68005],[130.46757,33.67978],[130.46791,33.67973],[130.469,33.67972],[130.46939,33.67956],[130.47045,33.67806],[130.47235,33.67714],[130.47281,33.67722],[130.47352,33.67666],[130.47396,33.67591],[130.47432,33.67571],[130.47478,33.6758],[130.4756,33.67544],[130.47603,33.67494],[130.47642,33.67479],[130.47737,33.67572],[130.47773,33.67588],[130.47995,33.67573],[130.48088,33.67583],[130.48122,33.67592],[130.48171,33.67585],[130.48244,33.67567],[130.48342,33.67547],[130.4848,33.67475],[130.48568,33.67442],[130.48585,33.67371],[130.48641,33.67409],[130.48723,33.67424],[130.48809,33.67393],[130.48802,33.6742],[130.48846,33.67458],[130.48928,33.67457],[130.48971,33.67475],[130.48999,33.67552],[130.4913,33.67644],[130.49183,33.67725],[130.49206,33.67817],[130.49277,33.67854],[130.49296,33.67899],[130.49389,33.67992],[130.49432,33.67988],[130.49563,33.6805],[130.49567,33.68088],[130.49616,33.68118],[130.49626,33.68179],[130.49652,33.68203],[130.49735,33.68175],[130.4986,33.68161],[130.49922,33.68211],[130.49908,33.68238],[130.49936,33.68212],[130.49984,33.6821],[130.49992,33.68214],[130.50033,33.68255],[130.50054,33.68271],[130.50092,33.68284],[130.50157,33.68294],[130.50207,33.68276],[130.5027,33.68279],[130.50308,33.68291],[130.50339,33.68345],[130.50326,33.68422],[130.50458,33.6844],[130.50471,33.68442],[130.50508,33.68443],[130.50521,33.68436],[130.50597,33.68402],[130.5065,33.68387],[130.50714,33.68366],[130.50743,33.68379],[130.50782,33.68402],[130.50906,33.6845],[130.5094,33.68475],[130.509,33.68583],[130.50881,33.68587],[130.50834,33.68624],[130.5082,33.68652],[130.50839,33.68704],[130.50825,33.68716],[130.50771,33.68744],[130.5075,33.68739],[130.50732,33.68742],[130.50704,33.68797],[130.50702,33.68824],[130.50692,33.68877],[130.5063,33.68867],[130.50545,33.68884],[130.50502,33.68932],[130.50534,33.69003],[130.50544,33.69033],[130.50502,33.69077],[130.50449,33.69093],[130.50414,33.69128],[130.50415,33.69177],[130.50425,33.69199],[130.50426,33.69225],[130.50424,33.6924],[130.50443,33.69246],[130.50465,33.69256],[130.50471,33.69263],[130.50471,33.69334],[130.50456,33.69386],[130.50432,33.69381],[130.50412,33.69377],[130.50353,33.69393],[130.50318,33.69423],[130.50305,33.69435],[130.50299,33.69456],[130.50305,33.69469],[130.50318,33.69518],[130.5029,33.69637],[130.50269,33.69712],[130.50234,33.69725],[130.50203,33.6973]],[[130.45581,33.70949],[130.45612,33.70995],[130.4574,33.71175],[130.45581,33.70949]],[[130.44095,33.70419],[130.44149,33.70609],[130.44151,33.70615],[130.44095,33.70419]],[[130.43518,33.70392],[130.43549,33.70419],[130.43565,33.70403],[130.43518,33.70392]],[[130.43844,33.70263],[130.43867,33.70251],[130.43884,33.70242],[130.43844,33.70263]],[[130.43379,33.71098],[130.43432,33.71174],[130.43443,33.71168],[130.43379,33.71098]]],[[[130.36376,33.76702],[130.36353,33.76717],[130.36267,33.76704],[130.36186,33.76622],[130.36187,33.76589],[130.36063,33.76448],[130.36079,33.76401],[130.36065,33.76338],[130.36011,33.76299],[130.35947,33.7621],[130.35936,33.76058],[130.35961,33.7589],[130.36014,33.75795],[130.36158,33.75672],[130.36241,33.75526],[130.36316,33.75499],[130.36399,33.755],[130.36462,33.7548],[130.3651,33.75497],[130.36524,33.75567],[130.36495,33.75678],[130.36415,33.75756],[130.36425,33.75799],[130.36483,33.75881],[130.36549,33.75846],[130.36514,33.75801],[130.36511,33.75746],[130.36678,33.75956],[130.36624,33.75939],[130.36569,33.7587],[130.36507,33.75906],[130.36574,33.75988],[130.36631,33.76031],[130.36722,33.76066],[130.36715,33.76096],[130.36863,33.76022],[130.36959,33.76009],[130.3703,33.76045],[130.37098,33.76034],[130.37227,33.75989],[130.37317,33.7597],[130.37427,33.75966],[130.37484,33.75987],[130.37569,33.75992],[130.37667,33.75958],[130.37845,33.758],[130.38004,33.758],[130.38092,33.75861],[130.38074,33.75908],[130.38122,33.75931],[130.38081,33.75981],[130.37978,33.75961],[130.37914,33.75975],[130.37885,33.7593],[130.37816,33.75949],[130.37783,33.75982],[130.37718,33.76164],[130.37661,33.76234],[130.37257,33.76478],[130.37198,33.76488],[130.37076,33.7655],[130.36919,33.76592],[130.36772,33.76646],[130.36639,33.76636],[130.36376,33.76702]]]]}},{"type":"Feature","properties":{"nm":"久山町","b":[130.467,33.6339,130.5624,33.7111],"c":[130.5167,33.66691]},"geometry":{"type":"Polygon","coordinates":[[[130.53645,33.71025],[130.53528,33.71073],[130.53493,33.7107],[130.5339,33.70993],[130.53276,33.70983],[130.53204,33.70876],[130.53109,33.70846],[130.53099,33.70808],[130.53027,33.70771],[130.52998,33.7072],[130.52928,33.70685],[130.52822,33.70719],[130.52776,33.70686],[130.52767,33.70633],[130.52785,33.70561],[130.52715,33.70544],[130.52636,33.70475],[130.52649,33.70405],[130.52618,33.70325],[130.52628,33.70285],[130.52522,33.70223],[130.52449,33.70216],[130.52376,33.70187],[130.52252,33.70164],[130.52141,33.70174],[130.5201,33.70111],[130.5209,33.70026],[130.52113,33.69984],[130.52114,33.6993],[130.52065,33.69856],[130.52063,33.69769],[130.52026,33.69701],[130.52062,33.69628],[130.52023,33.69603],[130.51959,33.69598],[130.51868,33.69525],[130.5193,33.69454],[130.51928,33.69419],[130.51852,33.69373],[130.51947,33.69291],[130.51902,33.69268],[130.51875,33.69212],[130.51782,33.69199],[130.51672,33.69121],[130.51507,33.69026],[130.5142,33.69007],[130.5141,33.68951],[130.51358,33.68932],[130.51326,33.6887],[130.51278,33.68838],[130.51227,33.68864],[130.51209,33.68914],[130.51177,33.68901],[130.51171,33.68825],[130.51107,33.68766],[130.51056,33.68738],[130.50996,33.68729],[130.50935,33.6876],[130.50888,33.68748],[130.50839,33.68704],[130.5082,33.68652],[130.50834,33.68624],[130.50881,33.68587],[130.509,33.68583],[130.5094,33.68475],[130.50906,33.6845],[130.50782,33.68402],[130.50743,33.68379],[130.50714,33.68366],[130.5065,33.68387],[130.50597,33.68402],[130.50521,33.68436],[130.50508,33.68443],[130.50471,33.68442],[130.50458,33.6844],[130.50326,33.68422],[130.50339,33.68345],[130.50308,33.68291],[130.5027,33.68279],[130.50207,33.68276],[130.50157,33.68294],[130.50092,33.68284],[130.50054,33.68271],[130.50033,33.68255],[130.49992,33.68214],[130.49984,33.6821],[130.49936,33.68212],[130.49922,33.68211],[130.4986,33.68161],[130.49735,33.68175],[130.49652,33.68203],[130.49626,33.68179],[130.49616,33.68118],[130.49567,33.68088],[130.49563,33.6805],[130.49432,33.67988],[130.49389,33.67992],[130.49296,33.67899],[130.49277,33.67854],[130.49206,33.67817],[130.49183,33.67725],[130.4913,33.67644],[130.48999,33.67552],[130.48971,33.67475],[130.48928,33.67457],[130.48846,33.67458],[130.48802,33.6742],[130.48809,33.67393],[130.48723,33.67424],[130.48641,33.67409],[130.48585,33.67371],[130.48568,33.67442],[130.4848,33.67475],[130.48342,33.67547],[130.48244,33.67567],[130.48171,33.67585],[130.48122,33.67592],[130.48088,33.67583],[130.47995,33.67573],[130.47773,33.67588],[130.47737,33.67572],[130.47642,33.67479],[130.47603,33.67494],[130.4756,33.67544],[130.47478,33.6758],[130.47432,33.67571],[130.47396,33.67591],[130.47352,33.67666],[130.47281,33.67722],[130.47235,33.67714],[130.47045,33.67806],[130.46939,33.67956],[130.469,33.67972],[130.46791,33.67973],[130.46826,33.67955],[130.46856,33.67903],[130.46862,33.67865],[130.46856,33.6783],[130.4684,33.67813],[130.46811,33.67798],[130.46791,33.6777],[130.46742,33.67703],[130.46697,33.67602],[130.46712,33.67462],[130.46723,33.67299],[130.46745,33.67272],[130.46803,33.6725],[130.46821,33.67193],[130.46905,33.67154],[130.47021,33.67021],[130.47097,33.66898],[130.47019,33.66801],[130.46951,33.66779],[130.46909,33.66731],[130.46936,33.66637],[130.47101,33.66435],[130.47174,33.66395],[130.4721,33.66347],[130.47335,33.66228],[130.47465,33.66051],[130.47467,33.66009],[130.47542,33.65894],[130.47598,33.65834],[130.47729,33.65722],[130.47756,33.65681],[130.47754,33.6563],[130.47785,33.65524],[130.47885,33.65516],[130.47933,33.65482],[130.47958,33.65411],[130.47943,33.65349],[130.47896,33.65249],[130.4787,33.65108],[130.47917,33.65007],[130.47956,33.65],[130.47944,33.64876],[130.4805,33.64861],[130.48063,33.64832],[130.48137,33.64893],[130.48134,33.64867],[130.4823,33.64925],[130.48299,33.6495],[130.48317,33.64978],[130.48347,33.65091],[130.48424,33.65138],[130.48473,33.65145],[130.48556,33.65092],[130.48558,33.65058],[130.48511,33.64981],[130.4851,33.6493],[130.4855,33.64904],[130.48575,33.64832],[130.48636,33.64783],[130.4868,33.64782],[130.487,33.64737],[130.48738,33.64732],[130.48829,33.64782],[130.4892,33.64812],[130.48937,33.64903],[130.49046,33.64957],[130.49052,33.64915],[130.49182,33.64803],[130.49228,33.64799],[130.49261,33.64794],[130.4935,33.64696],[130.49445,33.6465],[130.49497,33.64588],[130.49451,33.64524],[130.49386,33.64464],[130.49314,33.64422],[130.49286,33.6437],[130.49362,33.6431],[130.49363,33.64223],[130.49313,33.64183],[130.49305,33.64147],[130.49394,33.64078],[130.49359,33.63974],[130.49369,33.63941],[130.4935,33.6381],[130.4928,33.63655],[130.49283,33.6362],[130.49418,33.63569],[130.4947,33.63505],[130.494,33.63457],[130.4936,33.63467],[130.49361,33.63413],[130.49443,33.63385],[130.49437,33.63406],[130.49712,33.63489],[130.49802,33.63505],[130.49852,33.6349],[130.4987,33.63494],[130.49872,33.63493],[130.49879,33.63484],[130.4989,33.63471],[130.4991,33.63469],[130.49917,33.63472],[130.49937,33.63484],[130.49954,33.63502],[130.49958,33.63511],[130.50007,33.63548],[130.50022,33.63525],[130.50018,33.63515],[130.4998,33.63495],[130.49968,33.6348],[130.49981,33.63477],[130.50017,33.63501],[130.50029,33.63509],[130.50057,33.6355],[130.50051,33.6356],[130.50067,33.63576],[130.50089,33.63553],[130.50121,33.63587],[130.50123,33.6359],[130.5012,33.63612],[130.50136,33.63593],[130.50246,33.63629],[130.50314,33.63639],[130.50373,33.6367],[130.50477,33.63671],[130.5056,33.6375],[130.50602,33.63768],[130.50647,33.63793],[130.50693,33.63829],[130.50747,33.63834],[130.50949,33.63831],[130.50997,33.6382],[130.51017,33.63812],[130.51032,33.63801],[130.51082,33.63753],[130.5111,33.63727],[130.51153,33.63696],[130.51193,33.6372],[130.51252,33.63805],[130.51336,33.6382],[130.51365,33.6395],[130.51435,33.63972],[130.51468,33.63971],[130.51531,33.63974],[130.51608,33.6398],[130.51653,33.63955],[130.51692,33.63918],[130.51729,33.63896],[130.51781,33.63868],[130.51798,33.63837],[130.51831,33.63845],[130.51863,33.63839],[130.51876,33.63841],[130.51907,33.63841],[130.51926,33.63836],[130.51953,33.63801],[130.51961,33.63795],[130.51972,33.638],[130.51973,33.63803],[130.51973,33.638],[130.52018,33.63771],[130.52115,33.63809],[130.52193,33.63789],[130.52254,33.63835],[130.52289,33.6384],[130.52309,33.63848],[130.52347,33.63861],[130.52411,33.6388],[130.52433,33.63897],[130.52472,33.63892],[130.52493,33.63876],[130.52543,33.63834],[130.52552,33.6382],[130.52554,33.63808],[130.52558,33.6379],[130.52607,33.63764],[130.52697,33.63846],[130.5275,33.63857],[130.52775,33.63831],[130.52783,33.63743],[130.52806,33.637],[130.52846,33.63689],[130.52905,33.63607],[130.53063,33.63715],[130.53188,33.63665],[130.53204,33.63669],[130.53233,33.63687],[130.53268,33.63697],[130.53306,33.63715],[130.53411,33.63744],[130.53436,33.63761],[130.53458,33.63802],[130.53467,33.6382],[130.53475,33.63829],[130.53523,33.63845],[130.53533,33.63847],[130.53559,33.6386],[130.53578,33.6388],[130.5359,33.63893],[130.53604,33.63916],[130.53616,33.63984],[130.53619,33.64091],[130.53613,33.64257],[130.53628,33.64284],[130.5364,33.64317],[130.53652,33.64338],[130.53692,33.64375],[130.53714,33.64393],[130.53737,33.64406],[130.53747,33.64411],[130.53759,33.64404],[130.53789,33.64378],[130.53813,33.64357],[130.53824,33.64349],[130.53839,33.64347],[130.5387,33.64352],[130.53917,33.64367],[130.53992,33.64408],[130.54007,33.6442],[130.54017,33.6444],[130.54032,33.64462],[130.54076,33.64485],[130.54104,33.64473],[130.5413,33.64446],[130.54137,33.6444],[130.54159,33.64438],[130.54198,33.64441],[130.54223,33.64448],[130.54234,33.64454],[130.54249,33.64458],[130.5427,33.64456],[130.54305,33.64453],[130.54317,33.64454],[130.5433,33.64461],[130.54339,33.64467],[130.54434,33.64534],[130.54455,33.64555],[130.5447,33.64568],[130.54486,33.6458],[130.54513,33.64611],[130.54538,33.64624],[130.54556,33.64616],[130.54584,33.64625],[130.54634,33.64658],[130.54679,33.64665],[130.54717,33.64697],[130.54736,33.64705],[130.54764,33.64723],[130.54769,33.64736],[130.54772,33.64769],[130.54779,33.64794],[130.54767,33.64826],[130.54786,33.64857],[130.54795,33.649],[130.54795,33.64918],[130.54784,33.6499],[130.54784,33.65002],[130.54801,33.65059],[130.54793,33.65102],[130.54757,33.65186],[130.54737,33.65233],[130.54713,33.65287],[130.54733,33.65337],[130.54748,33.65366],[130.54843,33.65426],[130.54869,33.65442],[130.54896,33.65466],[130.54887,33.65517],[130.54889,33.6555],[130.54896,33.65595],[130.54899,33.65612],[130.54918,33.65646],[130.54971,33.65686],[130.55004,33.65704],[130.55071,33.65719],[130.55116,33.65743],[130.55138,33.65759],[130.55249,33.65807],[130.55307,33.65828],[130.55362,33.65846],[130.55363,33.65846],[130.55366,33.65847],[130.55409,33.65865],[130.55449,33.65898],[130.55513,33.65936],[130.55533,33.65953],[130.55554,33.6599],[130.55559,33.66017],[130.5561,33.66027],[130.55636,33.66042],[130.55662,33.66082],[130.55672,33.66105],[130.55718,33.66142],[130.55741,33.6616],[130.55762,33.66163],[130.5578,33.66174],[130.55804,33.66221],[130.55816,33.66237],[130.55831,33.66253],[130.5589,33.66282],[130.55939,33.66306],[130.55968,33.66336],[130.55983,33.66344],[130.56028,33.6637],[130.56082,33.66381],[130.56104,33.66386],[130.56157,33.6644],[130.56195,33.66506],[130.56232,33.66549],[130.5624,33.66556],[130.56176,33.66633],[130.56093,33.66634],[130.56048,33.66652],[130.55982,33.66641],[130.5592,33.66696],[130.55749,33.66728],[130.5567,33.66683],[130.55573,33.66672],[130.55484,33.66744],[130.55365,33.66803],[130.5528,33.66781],[130.55201,33.66781],[130.55187,33.6682],[130.5511,33.66814],[130.55031,33.66995],[130.5508,33.67044],[130.55034,33.67123],[130.55005,33.67244],[130.54961,33.67334],[130.54851,33.67411],[130.54812,33.6748],[130.54699,33.67513],[130.54635,33.67564],[130.54603,33.67563],[130.54402,33.6749],[130.54215,33.67537],[130.54154,33.67623],[130.54145,33.67659],[130.54157,33.67763],[130.54202,33.67874],[130.54214,33.67937],[130.54176,33.67976],[130.54102,33.67959],[130.54112,33.68073],[130.54035,33.68087],[130.53983,33.68128],[130.53978,33.68177],[130.54008,33.68236],[130.54105,33.68371],[130.54126,33.68443],[130.54178,33.6849],[130.54178,33.68527],[130.54094,33.68601],[130.54101,33.6864],[130.54167,33.68702],[130.54192,33.68823],[130.54221,33.68847],[130.54411,33.68912],[130.54434,33.68931],[130.54431,33.68994],[130.54385,33.69035],[130.5439,33.69115],[130.54508,33.69237],[130.54538,33.69303],[130.54491,33.69384],[130.54436,33.69385],[130.54382,33.69413],[130.54288,33.69401],[130.54217,33.69439],[130.54189,33.69481],[130.54207,33.69608],[130.54173,33.69725],[130.54101,33.69815],[130.54092,33.69842],[130.54133,33.69943],[130.54133,33.70047],[130.54245,33.70138],[130.54225,33.70193],[130.54222,33.7028],[130.54272,33.70346],[130.54249,33.7044],[130.54249,33.70516],[130.54211,33.70577],[130.54152,33.70605],[130.54193,33.70729],[130.54321,33.70753],[130.54481,33.70867],[130.54487,33.70934],[130.54466,33.71013],[130.5436,33.71023],[130.54281,33.71057],[130.54091,33.71109],[130.54044,33.711],[130.53911,33.71036],[130.53813,33.71017],[130.53742,33.70987],[130.53645,33.71025]],[[130.50465,33.64719],[130.50463,33.64717],[130.50476,33.64732],[130.50499,33.64751],[130.50465,33.64719]]]}},{"type":"Feature","properties":{"nm":"粕屋町","b":[130.4411,33.5928,130.5004,33.6367],"c":[130.47456,33.61585]},"geometry":{"type":"Polygon","coordinates":[[[130.49823,33.62105],[130.49766,33.62181],[130.49773,33.62253],[130.49863,33.62252],[130.49985,33.62283],[130.49938,33.62407],[130.49955,33.62483],[130.50036,33.62503],[130.49998,33.62553],[130.50022,33.62574],[130.50006,33.62644],[130.49961,33.62638],[130.49942,33.6267],[130.49958,33.62722],[130.49932,33.62751],[130.49857,33.62687],[130.49661,33.62737],[130.49636,33.62819],[130.49609,33.62851],[130.4961,33.6298],[130.49647,33.63012],[130.49638,33.63073],[130.49642,33.6308],[130.49674,33.63092],[130.49689,33.63111],[130.49692,33.63133],[130.49707,33.63159],[130.49736,33.632],[130.49743,33.63214],[130.49745,33.63234],[130.49751,33.63243],[130.49768,33.63262],[130.49779,33.63284],[130.49783,33.63332],[130.49811,33.63362],[130.49816,33.6337],[130.49828,33.63399],[130.4985,33.63434],[130.49827,33.63433],[130.49807,33.63443],[130.49802,33.63459],[130.498,33.63483],[130.49803,33.63493],[130.49806,33.63496],[130.49823,33.63487],[130.49845,33.63489],[130.49852,33.6349],[130.49802,33.63505],[130.49712,33.63489],[130.49437,33.63406],[130.49443,33.63385],[130.49408,33.63327],[130.4944,33.63156],[130.4938,33.63138],[130.49396,33.6308],[130.49294,33.63059],[130.49219,33.63061],[130.49146,33.63045],[130.48961,33.62943],[130.48888,33.62903],[130.48865,33.62892],[130.48817,33.62854],[130.48755,33.62901],[130.48672,33.62933],[130.48649,33.62935],[130.48628,33.62887],[130.4861,33.62842],[130.48585,33.6285],[130.48536,33.62709],[130.4833,33.62764],[130.4834,33.62787],[130.48229,33.62815],[130.48253,33.62887],[130.4823,33.629],[130.48232,33.62957],[130.48229,33.62987],[130.48244,33.63047],[130.48086,33.63089],[130.48112,33.63183],[130.47965,33.63232],[130.47956,33.63294],[130.47921,33.63297],[130.47877,33.63279],[130.47851,33.63337],[130.47854,33.6338],[130.47725,33.63291],[130.47688,33.63282],[130.47731,33.63356],[130.47638,33.63395],[130.47584,33.63372],[130.4752,33.63403],[130.4747,33.63459],[130.47419,33.63566],[130.47384,33.63613],[130.47242,33.63671],[130.47172,33.63597],[130.47063,33.6354],[130.46968,33.63573],[130.46857,33.63458],[130.46821,33.63473],[130.46794,33.6343],[130.46772,33.63367],[130.46816,33.63336],[130.46868,33.6333],[130.46836,33.63248],[130.46775,33.63178],[130.46688,33.63178],[130.46678,33.63065],[130.46561,33.63062],[130.46453,33.63043],[130.46357,33.63005],[130.46205,33.62977],[130.462,33.62924],[130.46088,33.62926],[130.46012,33.62925],[130.45968,33.62864],[130.45835,33.62741],[130.458,33.62631],[130.45798,33.62618],[130.45854,33.62602],[130.45837,33.62545],[130.45803,33.62553],[130.45766,33.62516],[130.45737,33.62441],[130.45711,33.62422],[130.45404,33.62505],[130.4536,33.62411],[130.45335,33.62338],[130.45397,33.62318],[130.45322,33.62328],[130.45297,33.62272],[130.45315,33.62236],[130.45281,33.62242],[130.45266,33.62209],[130.45239,33.6215],[130.45162,33.61903],[130.45072,33.61925],[130.45035,33.61916],[130.44992,33.61946],[130.45031,33.61871],[130.44875,33.61764],[130.44823,33.61738],[130.44781,33.617],[130.44712,33.61645],[130.44395,33.61453],[130.44216,33.61341],[130.4411,33.61276],[130.44266,33.61113],[130.4433,33.61052],[130.44439,33.60925],[130.44477,33.60902],[130.44446,33.60865],[130.44378,33.60831],[130.44366,33.60821],[130.44355,33.60812],[130.44301,33.60776],[130.44192,33.6071],[130.44214,33.60693],[130.44243,33.6067],[130.44286,33.60681],[130.44309,33.60657],[130.44451,33.60747],[130.44467,33.60738],[130.44474,33.60725],[130.44524,33.60674],[130.44532,33.60674],[130.44604,33.60602],[130.44621,33.60613],[130.44677,33.60647],[130.44747,33.60638],[130.44801,33.60575],[130.44881,33.60621],[130.4486,33.60644],[130.44865,33.60645],[130.44866,33.60645],[130.44894,33.60661],[130.44934,33.60686],[130.44977,33.60712],[130.4502,33.60736],[130.45057,33.60763],[130.4507,33.60775],[130.45311,33.6093],[130.45358,33.60964],[130.45385,33.60982],[130.45394,33.60988],[130.45429,33.60992],[130.4543,33.60994],[130.45448,33.60987],[130.45486,33.60999],[130.45638,33.60997],[130.45727,33.60958],[130.45807,33.60985],[130.4596,33.6085],[130.45944,33.60839],[130.4601,33.60765],[130.46013,33.60762],[130.46097,33.60661],[130.46171,33.60616],[130.46221,33.6053],[130.46388,33.60422],[130.4641,33.60396],[130.46449,33.6036],[130.46527,33.60382],[130.46603,33.60338],[130.46627,33.60296],[130.46693,33.60227],[130.46744,33.60194],[130.46829,33.60169],[130.46903,33.60218],[130.4704,33.6007],[130.47138,33.60132],[130.47191,33.60149],[130.47297,33.60114],[130.47379,33.60033],[130.47291,33.59977],[130.47354,33.59899],[130.47432,33.59819],[130.47526,33.59885],[130.47543,33.59875],[130.47551,33.59839],[130.47593,33.598],[130.47685,33.5971],[130.47693,33.59684],[130.47723,33.5964],[130.4764,33.59585],[130.47931,33.59276],[130.4801,33.59337],[130.48069,33.59377],[130.48072,33.59388],[130.48225,33.59484],[130.48278,33.59472],[130.48414,33.59489],[130.48464,33.59462],[130.48555,33.59515],[130.48834,33.59381],[130.4887,33.59359],[130.48916,33.59333],[130.48963,33.5936],[130.49105,33.59284],[130.49108,33.59302],[130.49038,33.59344],[130.48974,33.59415],[130.49037,33.59451],[130.49011,33.59508],[130.49103,33.59567],[130.49077,33.5963],[130.49155,33.59662],[130.49151,33.59693],[130.49183,33.5983],[130.49126,33.59834],[130.4913,33.59882],[130.49021,33.59887],[130.49025,33.59936],[130.48921,33.60038],[130.48883,33.60154],[130.4889,33.60219],[130.48844,33.60243],[130.48876,33.60284],[130.48922,33.60279],[130.48917,33.60347],[130.48879,33.60353],[130.48845,33.60494],[130.48919,33.60512],[130.48941,33.60534],[130.48936,33.60557],[130.48954,33.60582],[130.48973,33.6062],[130.48904,33.6072],[130.489,33.60759],[130.48931,33.60932],[130.4899,33.60969],[130.49148,33.61009],[130.49256,33.61051],[130.49349,33.61124],[130.49505,33.61185],[130.49556,33.61229],[130.49584,33.61323],[130.4954,33.61408],[130.49591,33.61456],[130.4977,33.61495],[130.49837,33.61477],[130.49904,33.61481],[130.49969,33.61528],[130.49972,33.61554],[130.49953,33.61559],[130.4993,33.61586],[130.49939,33.61597],[130.49955,33.61609],[130.4995,33.61639],[130.49951,33.61657],[130.49968,33.61692],[130.49972,33.61765],[130.49973,33.6178],[130.4997,33.61812],[130.49969,33.61824],[130.49966,33.61838],[130.49963,33.61845],[130.49958,33.61859],[130.49928,33.62033],[130.49925,33.62036],[130.49893,33.6209],[130.49823,33.62105]],[[130.48467,33.61723],[130.48467,33.61722],[130.48459,33.61721],[130.48467,33.61723]],[[130.47574,33.62505],[130.4756,33.62516],[130.47552,33.62522],[130.47562,33.62515],[130.47574,33.62505]],[[130.47023,33.62704],[130.46932,33.62665],[130.46966,33.6268],[130.47023,33.62704]],[[130.46215,33.62143],[130.46255,33.62134],[130.46229,33.62132],[130.46215,33.62143]],[[130.47974,33.60867],[130.47979,33.60856],[130.47957,33.60841],[130.47974,33.60867]],[[130.47768,33.61274],[130.47783,33.61285],[130.47774,33.61263],[130.47768,33.61274]],[[130.46338,33.60991],[130.46325,33.60997],[130.46359,33.60983],[130.46338,33.60991]],[[130.45105,33.61614],[130.45079,33.61625],[130.45073,33.61638],[130.45105,33.61614]],[[130.46423,33.61629],[130.46457,33.61629],[130.46458,33.61624],[130.46423,33.61629]],[[130.46865,33.61809],[130.46822,33.61829],[130.4687,33.61814],[130.46865,33.61809]],[[130.47861,33.61822],[130.47864,33.61814],[130.47862,33.61814],[130.47861,33.61822]]]}}]}